{
"type": "FeatureCollection",
"name": "Denmark",
"crs": { "type": "name", "properties": { "name": "urn:ogc:def:crs:OGC:1.3:CRS84" } },
"features": [
{ "type": "Feature", "properties": { "OBJECTID": 32.0, "YEAR": 1700.0, "OWNER_ID": 892.0, "SHORT_NAME": "Denmark", "LONG_NAME": "Kingdom of Denmark", "VARIANTS": null, "SHAPE_LENG": 19177920.000000004, "Shape__Are": 411747120597.01416, "Shape__Len": 19198135.969465703 }, "geometry": { "type": "MultiPolygon", "coordinates": [ [ [ [ 11.806118900064291, 58.7987591956499 ], [ 11.663659856396457, 58.804507178972919 ], [ 11.628083537534609, 58.878066546914404 ], [ 11.570489015188956, 58.940819268523306 ], [ 11.499999999796566, 58.989308313591529 ], [ 11.489291408771715, 58.996668713182238 ], [ 11.487826994060162, 58.997675134604748 ], [ 11.489382039800729, 58.998701118203719 ], [ 11.488563436523345, 58.999957359026524 ], [ 11.488535649834976, 59.000000000010452 ], [ 11.475516284675543, 59.020266681096018 ], [ 11.41926219246424, 59.089706621901598 ], [ 11.413746654299048, 59.113802777433676 ], [ 11.416757127106747, 59.121554784421384 ], [ 11.410538412889974, 59.126095429128341 ], [ 11.360832648332755, 59.12310730936867 ], [ 11.325278304059388, 59.114736847315122 ], [ 11.238458022802908, 59.109961146112724 ], [ 11.222988146973185, 59.110825259061627 ], [ 11.208485138663542, 59.107894192879769 ], [ 11.209671748475163, 59.127332620933224 ], [ 11.204353978911348, 59.131429039565617 ], [ 11.192399984237845, 59.120994457452547 ], [ 11.182995003200478, 59.119885449766109 ], [ 11.175589679172084, 59.123504184256554 ], [ 11.1769520829966, 59.130507096496714 ], [ 11.191257322704868, 59.131382359508365 ], [ 11.197454063231476, 59.135828348717382 ], [ 11.182907105744871, 59.146445034567144 ], [ 11.178951740005573, 59.183251161577779 ], [ 11.144693876689596, 59.185197037000933 ], [ 11.152296969319364, 59.141907097491199 ], [ 11.139837566297341, 59.140588765859498 ], [ 11.120961681355483, 59.141673768230895 ], [ 11.11740185192062, 59.156825191575422 ], [ 11.095141931556793, 59.170652714758269 ], [ 11.074442183618858, 59.17749444769391 ], [ 11.070684585582619, 59.17370660495078 ], [ 11.084308623827784, 59.157641474033234 ], [ 11.093318068560716, 59.135805011936355 ], [ 11.096240644811123, 59.117690675969101 ], [ 11.062685957546728, 59.113277352013419 ], [ 11.051303293190555, 59.125511832401408 ], [ 11.041129213234484, 59.125430127980245 ], [ 11.030713416398392, 59.117060235906628 ], [ 11.022890581477082, 59.11661658585372 ], [ 11.030032214036975, 59.142012095022281 ], [ 11.007574525970089, 59.1575248636479 ], [ 11.026955818362151, 59.176305693186976 ], [ 11.017770579616325, 59.179708683524403 ], [ 10.999999999766354, 59.175300373028847 ], [ 10.961582410272149, 59.165768252538413 ], [ 10.952902578976529, 59.180536071580512 ], [ 10.975558036543106, 59.214988832209777 ], [ 10.999999999766354, 59.242752536197877 ], [ 11.016627918981664, 59.261627285330107 ], [ 11.02521985282168, 59.268009061089913 ], [ 11.064048361371245, 59.267730101468317 ], [ 11.128608722263897, 59.277713104977785 ], [ 11.155483236139961, 59.297879339697388 ], [ 11.168338174568104, 59.306390630165154 ], [ 11.199124105904822, 59.307505184237343 ], [ 11.213473294790049, 59.311951424526235 ], [ 11.215516900077668, 59.320389550221847 ], [ 11.197454063231476, 59.321584878088203 ], [ 11.172249592028759, 59.31777825030349 ], [ 11.156274308748833, 59.331273600526721 ], [ 11.189125819961644, 59.400661172694399 ], [ 11.19701457775008, 59.427406909280464 ], [ 11.180358092108735, 59.432300091260437 ], [ 11.069322181758102, 59.386788098727145 ], [ 11.058181235180264, 59.393528484015185 ], [ 11.003333494173809, 59.373338054054926 ], [ 10.999999999766354, 59.372370008578557 ], [ 10.914074070426961, 59.347407581850177 ], [ 10.908778275451624, 59.34201497896678 ], [ 10.904932780858095, 59.309176945933032 ], [ 10.922797850001228, 59.276829977535002 ], [ 10.912733641190925, 59.267311657737316 ], [ 10.91220625915224, 59.211205159309351 ], [ 10.877355090930454, 59.177459484809646 ], [ 10.865730709694258, 59.184323154542966 ], [ 10.866675602625859, 59.171841666519732 ], [ 10.849074224951229, 59.155729009561028 ], [ 10.835560057851833, 59.172645933621467 ], [ 10.836724693074975, 59.185033914229663 ], [ 10.81664022463133, 59.187830200432579 ], [ 10.805477302566697, 59.203263899991342 ], [ 10.818859623931843, 59.221321175928196 ], [ 10.78860107463381, 59.23259774391294 ], [ 10.775570342192772, 59.24325409488543 ], [ 10.766934459175797, 59.271937499167237 ], [ 10.792666312417197, 59.290794644121711 ], [ 10.784667683482994, 59.296021201942239 ], [ 10.750497716724306, 59.265754071618602 ], [ 10.743092392695912, 59.289400759496623 ], [ 10.755156258515186, 59.298529663692861 ], [ 10.756145100623748, 59.319530744791621 ], [ 10.756804328396683, 59.331633248312905 ], [ 10.799016871469904, 59.362293663406817 ], [ 10.783788713418515, 59.372816626446479 ], [ 10.7438834662031, 59.36748601925283 ], [ 10.735137712938666, 59.393540064160071 ], [ 10.691980276035531, 59.35442247864502 ], [ 10.6738515154239, 59.375863965836459 ], [ 10.669258896500144, 59.3805792686044 ], [ 10.673126364783837, 59.400128589196207 ], [ 10.655283270229187, 59.44440853184139 ], [ 10.662161212218896, 59.461020199944528 ], [ 10.648844813720874, 59.464521823871294 ], [ 10.635858028660165, 59.444813227498187 ], [ 10.621508840673252, 59.442627811489189 ], [ 10.61153252842024, 59.434624971551237 ], [ 10.601753984768605, 59.435261104915959 ], [ 10.603292182606015, 59.445310418903574 ], [ 10.615619739893789, 59.460569469391032 ], [ 10.617157937731202, 59.468462159703989 ], [ 10.625969613862758, 59.480823271247118 ], [ 10.623728239973765, 59.489473349337857 ], [ 10.628870215524687, 59.5011456965671 ], [ 10.642538202048497, 59.494911712219412 ], [ 10.652272797421489, 59.472737076247576 ], [ 10.659722069728527, 59.473961682088863 ], [ 10.6696324582161, 59.506743753234069 ], [ 10.651240007034282, 59.511960072001045 ], [ 10.638648759176322, 59.509282770319807 ], [ 10.622255965003479, 59.51085224907753 ], [ 10.622673475896393, 59.526727558103907 ], [ 10.609247206252602, 59.546480456908178 ], [ 10.609994330582829, 59.579099747960377 ], [ 10.603050465725996, 59.593331218237445 ], [ 10.6031383631816, 59.62890646426893 ], [ 10.599226945720947, 59.64143853522399 ], [ 10.581405824856459, 59.661457108818468 ], [ 10.57747243370564, 59.677961687313633 ], [ 10.57057251712745, 59.709558337382141 ], [ 10.571847024394678, 59.728148841584925 ], [ 10.585932521811404, 59.738397282532603 ], [ 10.605159994779052, 59.770990199646668 ], [ 10.611422657274471, 59.79257902895683 ], [ 10.625552102969841, 59.79896370625012 ], [ 10.658337691315532, 59.836491778368739 ], [ 10.674862331222627, 59.849380118795075 ], [ 10.693298731581404, 59.849494354957159 ], [ 10.69567195030633, 59.822157904613377 ], [ 10.711163800724535, 59.782232791488774 ], [ 10.731138398022408, 59.775146508915036 ], [ 10.743597801044434, 59.74282125059834 ], [ 10.746256685826342, 59.69163466828148 ], [ 10.755903383743727, 59.686377375046305 ], [ 10.765462184205509, 59.686193699203002 ], [ 10.764099780380992, 59.745090311826424 ], [ 10.777899612639054, 59.79257902895683 ], [ 10.778954376716424, 59.817001226206997 ], [ 10.798863052045489, 59.847586562679666 ], [ 10.792029058334426, 59.881818733998479 ], [ 10.776141672510104, 59.886839827104261 ], [ 10.767527764081606, 59.9082964197816 ], [ 10.758210680499847, 59.905000697060757 ], [ 10.729050844456145, 59.917372215630863 ], [ 10.718942686468884, 59.915650742331131 ], [ 10.72485376093851, 59.907110453684432 ], [ 10.722568438770871, 59.899640170071969 ], [ 10.713493071170817, 59.894860585306013 ], [ 10.703275042936101, 59.900575473581 ], [ 10.701231437648481, 59.909573566957171 ], [ 10.703253068347617, 59.916756599522714 ], [ 10.664226792094993, 59.911238345152292 ], [ 10.648427302827958, 59.90544546779519 ], [ 10.649811680342642, 59.895510831711228 ], [ 10.6407363136409, 59.8850026516197 ], [ 10.629111932404706, 59.89397075335981 ], [ 10.624453390613825, 59.90305047827389 ], [ 10.579845652430567, 59.885447691090008 ], [ 10.564309854632034, 59.895237045260195 ], [ 10.526338341558462, 59.884797247048247 ], [ 10.509725805094078, 59.865255142825603 ], [ 10.49999999973614, 59.856974985065797 ], [ 10.49375052181415, 59.851653340500732 ], [ 10.494673440157269, 59.839714332759051 ], [ 10.49999999973614, 59.839538333353936 ], [ 10.509198423055391, 59.839234397491516 ], [ 10.510165290575474, 59.829554224785497 ], [ 10.502364430242643, 59.823792781723462 ], [ 10.502650095401311, 59.77317719275748 ], [ 10.507879967509522, 59.756937343040491 ], [ 10.501595331323939, 59.743818281401907 ], [ 10.517175077401117, 59.742064862353971 ], [ 10.518537481225634, 59.727254532675857 ], [ 10.522734563844955, 59.707309800747396 ], [ 10.517482717148262, 59.693654718147364 ], [ 10.521416109197398, 59.66099757459223 ], [ 10.538863667447613, 59.662088958175381 ], [ 10.547675343579169, 59.645128277694496 ], [ 10.564595519790698, 59.643323687984832 ], [ 10.574220243119605, 59.63828871296711 ], [ 10.584592091677052, 59.621292951308448 ], [ 10.5825704600796, 59.580769610462518 ], [ 10.582328743199581, 59.565576557915392 ], [ 10.558091140415261, 59.540739130761729 ], [ 10.534908301708315, 59.527604173869719 ], [ 10.513021943060444, 59.521778866059385 ], [ 10.49999999973614, 59.517848787337613 ], [ 10.495552411120062, 59.516506380239704 ], [ 10.476083221272395, 59.516298694085329 ], [ 10.468414205775499, 59.523301618057495 ], [ 10.454900038676103, 59.520486779489985 ], [ 10.44846158216779, 59.52185961944965 ], [ 10.451450081285325, 59.537683607204997 ], [ 10.445231367068551, 59.550134564719158 ], [ 10.450944672936805, 59.556865381584814 ], [ 10.459514633086654, 59.562603950156628 ], [ 10.465909140418008, 59.611227115887608 ], [ 10.452900381667131, 59.623156236854307 ], [ 10.44147376903231, 59.660641431106889 ], [ 10.423850416769202, 59.676974168685838 ], [ 10.40222774958983, 59.682875879964925 ], [ 10.370145337295721, 59.68927013673926 ], [ 10.363750829964369, 59.7021926681332 ], [ 10.335008503915271, 59.706529660941349 ], [ 10.298003858361779, 59.708755305919567 ], [ 10.259373118413588, 59.733032720133281 ], [ 10.241486074681978, 59.732092686363814 ], [ 10.232454656258883, 59.72331011533349 ], [ 10.242628736214956, 59.713710847778813 ], [ 10.264910630268947, 59.710900503457133 ], [ 10.282182395404581, 59.698669880725504 ], [ 10.341227218132042, 59.681624436695536 ], [ 10.361707223778437, 59.676342600797753 ], [ 10.39862397187632, 59.66218086252465 ], [ 10.416708784209309, 59.648507310747576 ], [ 10.425388614606613, 59.612538721555957 ], [ 10.416642861342183, 59.568721704519774 ], [ 10.423894365047847, 59.556911478409603 ], [ 10.414775049169144, 59.54337934044451 ], [ 10.417455908539532, 59.526819834476768 ], [ 10.4098308422196, 59.514994858791596 ], [ 10.392427232248028, 59.513310182173697 ], [ 10.330833395884429, 59.522159560414053 ], [ 10.274864967933476, 59.552797087079327 ], [ 10.252451228145237, 59.557222630434374 ], [ 10.256296722738766, 59.545097094771371 ], [ 10.290378792041848, 59.510979189086839 ], [ 10.337865157298552, 59.467884426973555 ], [ 10.375529030624978, 59.461228227572505 ], [ 10.379616241200212, 59.442963148977022 ], [ 10.429168186333017, 59.436070711925197 ], [ 10.455954803651791, 59.443818823143125 ], [ 10.47344631018065, 59.42930411398023 ], [ 10.496409406596058, 59.42071956960676 ], [ 10.490652151550846, 59.401598963095331 ], [ 10.477599444521326, 59.392625211318652 ], [ 10.479379359238756, 59.355952808023936 ], [ 10.49999999973614, 59.348068285217202 ], [ 10.505396876740509, 59.346004428315347 ], [ 10.502650095401311, 59.331250397549468 ], [ 10.49999999973614, 59.328094380554063 ], [ 10.494739363024397, 59.321828580396527 ], [ 10.496519277741827, 59.310152102172118 ], [ 10.48164270771623, 59.307481964514579 ], [ 10.483774210459453, 59.292641453582455 ], [ 10.464810428061991, 59.298227728873719 ], [ 10.452966304534254, 59.291247644404734 ], [ 10.457910512382117, 59.261987672638334 ], [ 10.44789025185046, 59.259929926239849 ], [ 10.436309819791225, 59.29053910312561 ], [ 10.421257454854418, 59.289389143665609 ], [ 10.422026553773124, 59.281257003983733 ], [ 10.428223293401416, 59.268845926199539 ], [ 10.449538320833643, 59.22930476749741 ], [ 10.433826729022213, 59.205231921619983 ], [ 10.412467752413027, 59.215710592394828 ], [ 10.397305517228764, 59.210820947645175 ], [ 10.388801479946039, 59.204160586410069 ], [ 10.378078043362802, 59.214895700718024 ], [ 10.375089545143583, 59.230293857707387 ], [ 10.388801479946039, 59.241683772837696 ], [ 10.39385555893967, 59.278631068465508 ], [ 10.400447834872399, 59.289981551949126 ], [ 10.390361652371933, 59.288204296054531 ], [ 10.381286284771875, 59.282802260630696 ], [ 10.374166626800461, 59.254779201001966 ], [ 10.377418816488181, 59.246289845185387 ], [ 10.348808336173331, 59.238345143003592 ], [ 10.334942581048145, 59.193072618891314 ], [ 10.323845582748952, 59.183157943203604 ], [ 10.34004060832042, 59.165313577179482 ], [ 10.315385494643188, 59.173753227103632 ], [ 10.308287810361938, 59.163949514707653 ], [ 10.310573132529576, 59.153198327309845 ], [ 10.327581206196712, 59.132362627302697 ], [ 10.332877001172047, 59.092756080828693 ], [ 10.329998374098599, 59.07932941352901 ], [ 10.318395967450884, 59.08706587453436 ], [ 10.320637341339877, 59.101412257840849 ], [ 10.314110987375958, 59.137648586927789 ], [ 10.299629953654797, 59.148812921786593 ], [ 10.287807804715543, 59.144391955455824 ], [ 10.290378792041848, 59.124834848196812 ], [ 10.296861197727118, 59.072234171395685 ], [ 10.281676987056061, 59.070691024608877 ], [ 10.274491406217521, 59.126025397844728 ], [ 10.26756951594917, 59.138757017586691 ], [ 10.271107370795555, 59.15084240829453 ], [ 10.253308224519547, 59.153559864911614 ], [ 10.245968823358279, 59.147588173012828 ], [ 10.227334654398126, 59.086095991289248 ], [ 10.204063919133889, 59.071006674048704 ], [ 10.215204865711728, 59.062448037811734 ], [ 10.212436109784047, 59.031598150576265 ], [ 10.158599185474635, 59.012222341994715 ], [ 10.131087418414117, 59.011847596103777 ], [ 10.124539089861718, 59.021753564644307 ], [ 10.160818584775146, 59.032955802383974 ], [ 10.160466996749356, 59.05209764751843 ], [ 10.144206048310762, 59.054308332776237 ], [ 10.099026979810173, 59.03613905128698 ], [ 10.074569633835999, 59.017737659879479 ], [ 10.056331002976911, 59.017093666341601 ], [ 10.022314855642641, 59.03762524625558 ], [ 10.015349017095643, 59.035413483687961 ], [ 10.008339229371684, 59.027056647491257 ], [ 10.029933825096741, 59.000000000010452 ], [ 10.036751941085159, 58.991576598502576 ], [ 9.999999999705929, 58.983051397048129 ], [ 9.988075648538485, 58.980280569097054 ], [ 9.977039865036014, 58.990548790756961 ], [ 9.96786897508022, 58.988573927005 ], [ 9.964424405784516, 58.973198442098152 ], [ 9.946565304149818, 58.971130139207951 ], [ 9.926029531090586, 58.979575887649347 ], [ 9.908565347719406, 58.965467667867792 ], [ 9.895160051940868, 58.978316666934624 ], [ 9.877783628583057, 58.969211937146973 ], [ 9.855009982369493, 58.980476952856364 ], [ 9.839849491713514, 58.978986717074278 ], [ 9.83067860175772, 58.971904323178151 ], [ 9.816812567256479, 58.98119316730466 ], [ 9.83891156701357, 59.000000000010452 ], [ 9.839827552159329, 59.000790748237655 ], [ 9.836361043309438, 59.023275504735977 ], [ 9.783398055803964, 59.050144172089219 ], [ 9.760712170502083, 59.053524667042119 ], [ 9.758320717773518, 59.070153244746884 ], [ 9.740922354861523, 59.095069281958089 ], [ 9.727451238623802, 59.086540037351554 ], [ 9.72751705818467, 59.062062147396254 ], [ 9.718039009080409, 59.053863868142578 ], [ 9.680082932656681, 59.07577613199323 ], [ 9.662728449751368, 59.077809963282412 ], [ 9.66305754845402, 59.102533545282895 ], [ 9.653601438903941, 59.109821017666015 ], [ 9.643552952407743, 59.103047456395906 ], [ 9.632626867574507, 59.05515046090499 ], [ 9.613626889359301, 59.063465364832929 ], [ 9.609129204394772, 59.092452315315107 ], [ 9.599190416567806, 59.103993500168841 ], [ 9.576219311671641, 59.106948257584925 ], [ 9.592081879739611, 59.132922767685919 ], [ 9.57703108865118, 59.154049684008911 ], [ 9.556232036450163, 59.164077762305112 ], [ 9.55087869449941, 59.157594829834665 ], [ 9.575166195104503, 59.141335438084049 ], [ 9.561014941008978, 59.116534860142337 ], [ 9.544121195928053, 59.109155399346953 ], [ 9.529553084014823, 59.115916074399074 ], [ 9.505112002937183, 59.114374898614372 ], [ 9.499999999675717, 59.110315890928312 ], [ 9.496950349541846, 59.107894192879769 ], [ 9.499999999675717, 59.107771296860321 ], [ 9.524770179456009, 59.106773081370662 ], [ 9.531308277993951, 59.094368328521902 ], [ 9.583042628905552, 59.083782182841482 ], [ 9.591686961476091, 59.056776178015191 ], [ 9.603666161978152, 59.04838945828822 ], [ 9.654259637207565, 59.036185861557172 ], [ 9.701191423930357, 59.000000000010452 ], [ 9.707683362537425, 58.995063987598449 ], [ 9.695572522015315, 58.989347717712072 ], [ 9.680135780544845, 59.000000000010452 ], [ 9.670539063991551, 59.006717849320836 ], [ 9.672143794652166, 59.000000000010452 ], [ 9.67440049110496, 58.990687373403354 ], [ 9.664198425034527, 58.98647190063334 ], [ 9.663101428460704, 58.968668812515055 ], [ 9.642763114982388, 58.961168188207409 ], [ 9.570997608842625, 58.943941759947215 ], [ 9.56768467956697, 58.935082396668363 ], [ 9.578040325211639, 58.931542639763549 ], [ 9.589844007483595, 58.934550299614983 ], [ 9.597413282136179, 58.93839046802487 ], [ 9.60151604883719, 58.934700675471476 ], [ 9.590611904456452, 58.930050279908755 ], [ 9.574266658111595, 58.927921530422054 ], [ 9.550110796628243, 58.932016941821153 ], [ 9.518407600046485, 58.931866554230545 ], [ 9.499999999675717, 58.934832699547499 ], [ 9.498881063547708, 58.935012993171718 ], [ 9.486528884336314, 58.940680484544849 ], [ 9.478608569630262, 58.933092774223887 ], [ 9.483435354195759, 58.926590995619819 ], [ 9.498157045683222, 58.924462032063374 ], [ 9.498815243986842, 58.919000176474022 ], [ 9.483479234202443, 58.913734218843807 ], [ 9.478959608785415, 58.906719406918334 ], [ 9.433631716391703, 58.914231915414589 ], [ 9.417747207871237, 58.898661027599424 ], [ 9.430669826271203, 58.89822100434786 ], [ 9.442429627638163, 58.904519749243207 ], [ 9.461166326711583, 58.904971269618187 ], [ 9.469130520526003, 58.902215746355267 ], [ 9.461056627144032, 58.894364770392066 ], [ 9.46298734025158, 58.890311206053148 ], [ 9.46228526283959, 58.886152911906159 ], [ 9.444733320353359, 58.878750138477479 ], [ 9.425031264726165, 58.879653848580134 ], [ 9.399054388804499, 58.890519686686581 ], [ 9.394973562555988, 58.89822100434786 ], [ 9.365968976952949, 58.906175294385946 ], [ 9.344489786894128, 58.905665904430172 ], [ 9.358202241821136, 58.8839403557824 ], [ 9.347517497473815, 58.866246383035595 ], [ 9.353397397708138, 58.855500424706115 ], [ 9.420621338876687, 58.857911891456695 ], [ 9.464040456818717, 58.858027823088925 ], [ 9.485300247742439, 58.845655719536033 ], [ 9.473781785064764, 58.833824443817079 ], [ 9.440674433659034, 58.829137209890149 ], [ 9.425996621279937, 58.819923315932286 ], [ 9.436308387816238, 58.811566022944028 ], [ 9.462680182001426, 58.814816321805232 ], [ 9.438151341808732, 58.792731491615669 ], [ 9.428234493535955, 58.773084811264326 ], [ 9.415355756040986, 58.770249005158213 ], [ 9.358970139692305, 58.73554969562089 ], [ 9.317042936587619, 58.723494486113012 ], [ 9.262609973798984, 58.703715331765039 ], [ 9.225399854793928, 58.702446007394677 ], [ 9.171559270748045, 58.715335059667794 ], [ 9.104291449572811, 58.713146470690688 ], [ 9.051306522513153, 58.72391346329173 ], [ 9.027874678894285, 58.722353911013123 ], [ 9.038361964559002, 58.707930552689 ], [ 9.050472805081116, 58.703179659350816 ], [ 9.047554794967295, 58.687443504647597 ], [ 9.131365322068302, 58.67776065366629 ], [ 9.159887228496137, 58.677667424179241 ], [ 9.158921871942365, 58.685905614894757 ], [ 9.139856074166291, 58.6908918588014 ], [ 9.100824941621239, 58.693873942603226 ], [ 9.099727945047416, 58.698824102362408 ], [ 9.123576647382302, 58.700955365654423 ], [ 9.164648193500769, 58.696937301274644 ], [ 9.189879111105448, 58.686208537959331 ], [ 9.189418372382745, 58.668972674549579 ], [ 9.157627415787623, 58.665242356123954 ], [ 9.109600912415194, 58.666093370392687 ], [ 9.061793808177871, 58.654993577723573 ], [ 9.006812347551483, 58.649185762097289 ], [ 8.999999999645505, 58.643614835813267 ], [ 8.994174948745799, 58.638850582634802 ], [ 8.999999999645505, 58.638854263509444 ], [ 9.031099849054888, 58.638873916066885 ], [ 9.078775313272162, 58.649570647123618 ], [ 9.124827222632046, 58.658491794168107 ], [ 9.158636653246395, 58.656217993585571 ], [ 9.180993439845624, 58.650445370745501 ], [ 9.176276355745994, 58.63585210617525 ], [ 9.136981943160839, 58.629784359556012 ], [ 9.104971587430615, 58.619408396112 ], [ 9.062759165629959, 58.584242528685564 ], [ 9.045580201853065, 58.579404592466723 ], [ 9.022631036511083, 58.587584286340388 ], [ 9.007075626693268, 58.57324518497871 ], [ 9.010059457266269, 58.56348374514647 ], [ 9.004464775727918, 58.533527728897361 ], [ 8.999999999645505, 58.533833356931147 ], [ 8.996259242325896, 58.534089421667183 ], [ 8.9758770488409, 58.570451470966596 ], [ 8.981888589095272, 58.583272658302349 ], [ 8.972871278713713, 58.590142968030122 ], [ 8.960628798171568, 58.581426324014807 ], [ 8.972147260849216, 58.561764981746116 ], [ 8.977676122826711, 58.549731264652038 ], [ 8.969382829411305, 58.536242491826101 ], [ 8.931624212568495, 58.523509365791213 ], [ 8.914971807075199, 58.508956557865304 ], [ 8.91887711419529, 58.501344069057666 ], [ 8.916802764067057, 58.500000000061064 ], [ 8.898034181987571, 58.488009263493282 ], [ 8.85957348773278, 58.472700886084155 ], [ 8.809155532530106, 58.460645884268466 ], [ 8.768851883384487, 58.450251905954133 ], [ 8.756324184146383, 58.431005083977666 ], [ 8.756346124598855, 58.413704005722984 ], [ 8.735963931113876, 58.392421822778417 ], [ 8.769378441668056, 58.392711384277909 ], [ 8.756280304139691, 58.380188575094657 ], [ 8.731663704831938, 58.374139885037721 ], [ 8.677647600759306, 58.337883883740361 ], [ 8.653513679728475, 58.32831219071938 ], [ 8.639472125200484, 58.315603924865805 ], [ 8.617246977723008, 58.300092468896942 ], [ 8.604104960187922, 58.298176284426638 ], [ 8.607417889463578, 58.323856115491608 ], [ 8.598685798676312, 58.321221659685605 ], [ 8.586245858553243, 58.298141443710627 ], [ 8.570514930505322, 58.277811840456685 ], [ 8.53334869150695, 58.264969111904605 ], [ 8.505792140734572, 58.28192517413455 ], [ 8.499999999615302, 58.281095716198351 ], [ 8.471390333174082, 58.276998412420859 ], [ 8.464150157224152, 58.271536339627559 ], [ 8.470227517039392, 58.265515458815266 ], [ 8.499999999615302, 58.271474095496231 ], [ 8.500833717047341, 58.271640940531583 ], [ 8.514633931987687, 58.263260270119396 ], [ 8.5023036923305, 58.254063653231697 ], [ 8.518648939573662, 58.240793517256762 ], [ 8.499999999615302, 58.237701689121913 ], [ 8.496336032082811, 58.237094203650358 ], [ 8.48345729368951, 58.239618620038542 ], [ 8.468823361317126, 58.250982076518198 ], [ 8.45658088167327, 58.251086738331367 ], [ 8.462504661914277, 58.228239871738808 ], [ 8.442758726280381, 58.230555476207023 ], [ 8.433916935027232, 58.239176569505005 ], [ 8.405395028599422, 58.222397823681369 ], [ 8.417944667391739, 58.209604790237911 ], [ 8.381590206271202, 58.193441006888968 ], [ 8.370620241431292, 58.203293874617984 ], [ 8.350808486236538, 58.192159699615296 ], [ 8.285646899093917, 58.172363437011434 ], [ 8.296660743042178, 58.158642880550275 ], [ 8.255589196923713, 58.145546861875772 ], [ 8.223556901639324, 58.147797901976311 ], [ 8.194091577313584, 58.135759590999264 ], [ 8.194113516867757, 58.12826858006359 ], [ 8.212038438961631, 58.123262023558034 ], [ 8.177834090083762, 58.104933637242226 ], [ 8.157846815760625, 58.115429839015697 ], [ 8.144463458637929, 58.113468604194992 ], [ 8.166096228271012, 58.091303796159345 ], [ 8.157100857443618, 58.085813008638837 ], [ 8.148917264494107, 58.087915963384745 ], [ 8.144353759070386, 58.103392220979778 ], [ 8.133866473405696, 58.109557485220847 ], [ 8.126209438739746, 58.100951508086915 ], [ 8.116753329189651, 58.082833609466469 ], [ 8.102558195985758, 58.079222944066572 ], [ 8.075945062212972, 58.078498429723588 ], [ 8.065282257419835, 58.085731224478295 ], [ 8.057603282301375, 58.101675564899942 ], [ 8.065742995244213, 58.108856941258473 ], [ 8.07759055662455, 58.106323190366602 ], [ 8.088099782741775, 58.111378835903764 ], [ 8.068726825817224, 58.122188264500309 ], [ 8.079257991488634, 58.132586022377041 ], [ 8.130619364589197, 58.169263079048015 ], [ 8.135643607837288, 58.182443552463837 ], [ 8.124081265152947, 58.182525114018006 ], [ 8.071359617235075, 58.148835898167938 ], [ 8.065018978278051, 58.14994383817254 ], [ 8.043605607780103, 58.179600434707872 ], [ 8.033930099094915, 58.176605592448958 ], [ 8.039437021518227, 58.142724111807304 ], [ 8.031341187683749, 58.115149669040782 ], [ 8.017409333621641, 58.100869758756296 ], [ 8.001524825101182, 58.09254202678467 ], [ 7.999999999585081, 58.092135767427195 ], [ 7.974911692226701, 58.08545082021363 ], [ 7.982283508196681, 58.069195289985039 ], [ 7.969053730648256, 58.064273927376838 ], [ 7.909837864199123, 58.064484355569 ], [ 7.889916408538522, 58.055844073437981 ], [ 7.876620812327524, 58.05958572489056 ], [ 7.825149739659384, 58.056709365122046 ], [ 7.819533118566847, 58.042675007880547 ], [ 7.764463897927075, 58.052300833836924 ], [ 7.688793084667227, 58.044254149566527 ], [ 7.654917835390335, 58.032941272501994 ], [ 7.636927093735567, 58.050920863418717 ], [ 7.617203097655892, 58.059129732240038 ], [ 7.603227363587092, 58.056557355776732 ], [ 7.625562210632155, 58.046090544459794 ], [ 7.63054257477186, 58.030577631968235 ], [ 7.600857851311027, 58.025580708621803 ], [ 7.578654643387726, 58.025943506343879 ], [ 7.575736633273906, 58.012728257829885 ], [ 7.566916781574942, 58.016462735358857 ], [ 7.562309397042862, 58.021379005660101 ], [ 7.533765550162536, 58.021566278407732 ], [ 7.527688189448972, 58.014320433812088 ], [ 7.561344039590764, 58.01124138184413 ], [ 7.560334803030306, 58.005281548818054 ], [ 7.53126439786642, 58.006721835701143 ], [ 7.507920314260937, 58.005094190503733 ], [ 7.499999999554868, 58.024434359642449 ], [ 7.499583141737173, 58.025451972889215 ], [ 7.472882248849317, 58.021917413050772 ], [ 7.453575111485651, 58.0135009405668 ], [ 7.443789903232912, 58.036544936722606 ], [ 7.406601724680364, 58.029969144774888 ], [ 7.395127142009365, 58.039586706713557 ], [ 7.37154171881628, 58.043330067665401 ], [ 7.361295771840831, 58.038732697673552 ], [ 7.394359244138185, 58.013723376092464 ], [ 7.34124267795679, 58.029582984224213 ], [ 7.302057964939216, 58.052686748594432 ], [ 7.251201211466335, 58.04011314102673 ], [ 7.256488733856219, 58.059293422752667 ], [ 7.240560345329051, 58.066822366241134 ], [ 7.216931043027572, 58.064694782992717 ], [ 7.176451874753569, 58.051306792661123 ], [ 7.147293709576272, 58.070960269001525 ], [ 7.129259088813183, 58.071603119789756 ], [ 7.104269509897761, 58.053633975217444 ], [ 7.088143662688034, 58.056931531458794 ], [ 7.095756818245597, 58.032356227215026 ], [ 7.085176453642716, 57.999999999985022 ], [ 7.085050132547472, 57.999618895012624 ], [ 7.041718773720492, 57.984891263396129 ], [ 7.030880448900613, 57.997043442092881 ], [ 7.030377513614078, 57.999999999985022 ], [ 7.027216481368121, 58.018839017280051 ], [ 7.057669101801846, 58.056054551485303 ], [ 7.081627503704266, 58.073449791460575 ], [ 7.10690230131562, 58.07413934685961 ], [ 7.13509510993911, 58.08639717526691 ], [ 7.147688628738116, 58.107525868806498 ], [ 7.158395313537945, 58.147517987433723 ], [ 7.139022356613412, 58.150352018219593 ], [ 7.130926522778934, 58.114215754109843 ], [ 7.100671361926146, 58.086993015347758 ], [ 7.078095175293511, 58.08876879320357 ], [ 7.05738388310585, 58.087518748245813 ], [ 7.020700322384354, 58.054651339245233 ], [ 7.000000000422981, 58.048216431451834 ], [ 6.995118365624532, 58.046698756280193 ], [ 6.975723469145798, 58.045727951416524 ], [ 6.98302946555492, 58.060439234306315 ], [ 7.000000000422981, 58.076677062572109 ], [ 7.02173149939732, 58.097459479094731 ], [ 7.053434695979066, 58.123752207071057 ], [ 7.032065205487813, 58.126879885986163 ], [ 7.000000000422981, 58.096472975920896 ], [ 6.955560674795919, 58.054288833388959 ], [ 6.92591983134177, 58.050955948111522 ], [ 6.919776651965671, 58.05702507476466 ], [ 6.929320520630764, 58.083207508376333 ], [ 6.949220035838894, 58.099725249328294 ], [ 6.92550297262575, 58.101990875082983 ], [ 6.896147348765858, 58.088885617677896 ], [ 6.810844906827509, 58.082786871766771 ], [ 6.798119748008477, 58.086782719821095 ], [ 6.794302200901751, 58.100297508650769 ], [ 6.840288290700767, 58.105739351213295 ], [ 6.900228175014361, 58.121557999409234 ], [ 6.96051909848315, 58.123063613828847 ], [ 7.000000000422981, 58.133645438670889 ], [ 7.019340046668782, 58.138827881856344 ], [ 7.009532898861859, 58.14747133527009 ], [ 7.000000000422981, 58.14546222512525 ], [ 6.955187696086583, 58.13601626448164 ], [ 6.86924899629711, 58.135386244912645 ], [ 6.821441892059776, 58.138874545864574 ], [ 6.803473090857553, 58.147529650583778 ], [ 6.800971938561429, 58.163912575454482 ], [ 6.775719081402547, 58.167887645788156 ], [ 6.783771035230342, 58.189049424589555 ], [ 6.757706400193642, 58.185635962140637 ], [ 6.73605169010805, 58.192194645000157 ], [ 6.719201825033826, 58.18180270561998 ], [ 6.72611290317941, 58.160333465319056 ], [ 6.76259900431997, 58.155343092794801 ], [ 6.777671734962595, 58.139096198590245 ], [ 6.752835735621442, 58.137334602135631 ], [ 6.742216809936665, 58.126004630288982 ], [ 6.716415454041742, 58.136867939511134 ], [ 6.695045964448785, 58.157488572885157 ], [ 6.659591039422849, 58.184179606427435 ], [ 6.647655718927471, 58.185006823885104 ], [ 6.666502117568461, 58.163772682059914 ], [ 6.636992913236036, 58.146911498820508 ], [ 6.647370499333177, 58.137766260037907 ], [ 6.671877399971712, 58.149442353871976 ], [ 6.687718028485479, 58.141919237361172 ], [ 6.683659140892855, 58.122818517926419 ], [ 6.69917067070397, 58.120717628389727 ], [ 6.711808069509661, 58.127405028854469 ], [ 6.745573619219003, 58.114402538775799 ], [ 6.763410781299537, 58.093172806941361 ], [ 6.752111717756955, 58.080753723790856 ], [ 6.737565545397902, 58.082226015053969 ], [ 6.731532065589345, 58.087518748245813 ], [ 6.722799973903747, 58.088418317952616 ], [ 6.716876192764452, 58.080555076998706 ], [ 6.695726102306589, 58.082518128801226 ], [ 6.679117575921642, 58.090404299476837 ], [ 6.650222689886129, 58.082202645812458 ], [ 6.635128019689366, 58.0818404206046 ], [ 6.619002172479594, 58.083476246131056 ], [ 6.60397332094533, 58.082319491866507 ], [ 6.595197349253083, 58.079258000860818 ], [ 6.583415608331941, 58.077633667381619 ], [ 6.579554180320199, 58.091268751241699 ], [ 6.569681212952418, 58.09807849256746 ], [ 6.555288620167598, 58.102796655799075 ], [ 6.548794400738042, 58.109557485220847 ], [ 6.531747076082873, 58.116538822522685 ], [ 6.531110818231753, 58.123612155193634 ], [ 6.537999955924846, 58.127124953371535 ], [ 6.549057679879827, 58.130684078694841 ], [ 6.556648894984918, 58.139154528149717 ], [ 6.56527128710293, 58.153465691858969 ], [ 6.566499922798525, 58.167922615127964 ], [ 6.567728559392371, 58.181686187154391 ], [ 6.576350951510419, 58.184028142370806 ], [ 6.585477961459537, 58.184832061143112 ], [ 6.610533359935781, 58.183585396180781 ], [ 6.612178854347359, 58.188478595418964 ], [ 6.602964084384872, 58.194326246825547 ], [ 6.60526777710008, 58.199334422697781 ], [ 6.634404001824871, 58.214471111635156 ], [ 6.733331139575157, 58.253249678286551 ], [ 6.789080497174401, 58.26871200040231 ], [ 6.784736391784115, 58.271478227880245 ], [ 6.73513021356097, 58.261528094357551 ], [ 6.616588780196845, 58.215425670578298 ], [ 6.607110731092575, 58.217590793340335 ], [ 6.596886724569633, 58.222898275888603 ], [ 6.601691568682632, 58.228123505607535 ], [ 6.590348625133394, 58.229159150237123 ], [ 6.581397134312694, 58.240118828509544 ], [ 6.579005682482453, 58.253075252440468 ], [ 6.565863664947403, 58.254610168902566 ], [ 6.56854033637191, 58.242084695970753 ], [ 6.561387919537049, 58.221420175703834 ], [ 6.505923780633774, 58.228379510590756 ], [ 6.500000000392768, 58.229322372587966 ], [ 6.396553237225407, 58.245783487186138 ], [ 6.335735755473082, 58.267456665876011 ], [ 6.321694200945091, 58.294030000805208 ], [ 6.257761249498029, 58.318981637279933 ], [ 6.201156234014238, 58.313154590488224 ], [ 6.069099804405728, 58.35096678799578 ], [ 6.039415081843184, 58.36937667830707 ], [ 6.019888545344391, 58.365887886446167 ], [ 6.000932447135887, 58.388356130621418 ], [ 6.012516729374437, 58.401339214598025 ], [ 6.015456679940729, 58.422187807316519 ], [ 6.000000000362556, 58.424334269608529 ], [ 5.996873560441561, 58.424768420846867 ], [ 5.99623730259044, 58.459247096626918 ], [ 5.967868974838532, 58.467211346947259 ], [ 5.944568770341408, 58.464344887911508 ], [ 5.894918713009877, 58.452448888282028 ], [ 5.880372539752526, 58.455073522794912 ], [ 5.878024967928959, 58.462391400198371 ], [ 5.820630115019813, 58.491659178672613 ], [ 5.805930363086525, 58.491185635323461 ], [ 5.800335680649876, 58.495147032893549 ], [ 5.804208444502152, 58.500000000061064 ], [ 5.806961539201193, 58.503499157432209 ], [ 5.779712148475582, 58.521940810685777 ], [ 5.763783759948448, 58.525756725044204 ], [ 5.699258430656912, 58.526365359972367 ], [ 5.684997476993855, 58.531830895464225 ], [ 5.57229206475566, 58.633086745151225 ], [ 5.553292086540471, 58.642992021956175 ], [ 5.542387942159725, 58.672049885461426 ], [ 5.521193970796881, 58.688701727427315 ], [ 5.515050790522449, 58.712995126753526 ], [ 5.500000000332335, 58.725566018102725 ], [ 5.496752890617538, 58.728277508147656 ], [ 5.500000000332335, 58.739105462157696 ], [ 5.501930713439872, 58.745542101526283 ], [ 5.523607363079639, 58.756729245922855 ], [ 5.549364838967871, 58.778686007325518 ], [ 5.546929507130938, 58.823660229226405 ], [ 5.555332499215559, 58.838859031322343 ], [ 5.545415651841095, 58.857610466923994 ], [ 5.546490708860744, 58.863082063455451 ], [ 5.583108449123038, 58.902829390496933 ], [ 5.593946773942918, 58.922818937871476 ], [ 5.574793216153459, 58.931415386584803 ], [ 5.594122293071327, 58.94395332443532 ], [ 5.579751639840691, 58.957226525995168 ], [ 5.596184646198925, 58.965976172831965 ], [ 5.600243532893258, 58.975116421971791 ], [ 5.615206564866629, 58.98271796166253 ], [ 5.611827815131809, 58.989994454574983 ], [ 5.598619978934154, 58.994936969497196 ], [ 5.583086509568854, 58.988042657771636 ], [ 5.572489523438253, 58.992096265207934 ], [ 5.572854196324489, 59.000000000010452 ], [ 5.573937559167237, 59.023814020882689 ], [ 5.588922529796493, 59.029222129875997 ], [ 5.582823230427069, 59.043007775425359 ], [ 5.596952544070104, 59.04725469574754 ], [ 5.726326641969501, 59.000000000010452 ], [ 5.752111717696522, 58.990710470456662 ], [ 5.763761820394263, 58.98155126915745 ], [ 5.749456986724497, 58.973186887912611 ], [ 5.747306873583523, 58.969188825625587 ], [ 5.764792996508905, 58.960370644769817 ], [ 5.764990456089822, 58.949191532641251 ], [ 5.746165997901341, 58.937361067249043 ], [ 5.76003203240259, 58.916349938186791 ], [ 5.774227165606482, 58.871403717858968 ], [ 5.783266416440522, 58.865898669834209 ], [ 5.797746769238709, 58.863302300442214 ], [ 5.815891090467683, 58.891573653032857 ], [ 5.814135895590256, 58.933370402869926 ], [ 5.819357599317572, 58.941582570391866 ], [ 5.848449944035678, 58.940402914907452 ], [ 5.867866780966894, 58.944878452310014 ], [ 5.884475306453535, 58.95355031597353 ], [ 5.875106956916816, 58.976260225935185 ], [ 5.896147348705425, 58.980592472326414 ], [ 5.950733890169978, 58.969963053357574 ], [ 5.976820465659233, 58.946647690270005 ], [ 5.974231554248066, 58.911569735021473 ], [ 5.991520217592483, 58.90190313133526 ], [ 6.000000000362556, 58.902429782883125 ], [ 6.023771912910308, 58.903906135224055 ], [ 6.054641392060043, 58.902829390496933 ], [ 6.073246451113395, 58.888017835819959 ], [ 6.136674784729431, 58.856219244790822 ], [ 6.161971521894952, 58.838905429631858 ], [ 6.208571929990911, 58.815036866458684 ], [ 6.258221988220741, 58.810753400577013 ], [ 6.299052194751596, 58.816812782103021 ], [ 6.272219662742003, 58.822882705902444 ], [ 6.226804010334955, 58.826909390065346 ], [ 6.203657386310362, 58.840366944461984 ], [ 6.14029487225523, 58.878773310827334 ], [ 6.127723293908732, 58.906140563259584 ], [ 6.159338730477101, 58.935915227703518 ], [ 6.190976107497979, 58.943317284348389 ], [ 6.297209240759101, 58.994024736669516 ], [ 6.337403190337168, 58.996172487227973 ], [ 6.350074662241568, 59.000000000010452 ], [ 6.381743785724604, 59.009704438775053 ], [ 6.43459707366251, 59.016110089403199 ], [ 6.500000000392768, 59.033501753810768 ], [ 6.562660436137588, 59.0501558697622 ], [ 6.634776980534206, 59.060436681821024 ], [ 6.628524100692224, 59.073555143613262 ], [ 6.593244695693029, 59.075729375834143 ], [ 6.501360275210052, 59.05324394663549 ], [ 6.500000000392768, 59.052970763503708 ], [ 6.438458500775919, 59.040609144151638 ], [ 6.385627153290486, 59.025850941312875 ], [ 6.270179249168627, 59.006975525872377 ], [ 6.255839418033696, 59.000000000010452 ], [ 6.125287961173465, 58.937349500543597 ], [ 6.100100923575486, 58.911095150574511 ], [ 6.085006252480356, 58.90837484629985 ], [ 6.077283398253546, 58.925908353092623 ], [ 6.061618288868188, 58.941802305899564 ], [ 6.017080233899826, 58.967501642559256 ], [ 6.02019570449286, 58.988839558769563 ], [ 6.032789223291867, 58.992188649534867 ], [ 6.057427763052099, 58.99348200399681 ], [ 6.092970447193107, 58.977484862937558 ], [ 6.09459400205051, 58.989116737307327 ], [ 6.081426857738611, 59.000000000010452 ], [ 6.059248776592122, 59.018592395984733 ], [ 6.027194541753514, 59.025382694512572 ], [ 6.000000000362556, 59.024625064206745 ], [ 5.993999429436099, 59.024457888170247 ], [ 5.954748897755955, 59.033494166883465 ], [ 5.941563000214213, 59.050167567894036 ], [ 5.9387985696746, 59.070994983500562 ], [ 5.946148445192082, 59.088830290263381 ], [ 5.978268500489884, 59.101996266077691 ], [ 6.000000000362556, 59.102977942982193 ], [ 6.067212971304839, 59.106013974215777 ], [ 6.129961166164738, 59.120796006227977 ], [ 6.177570810821145, 59.123329092949419 ], [ 6.182836393656854, 59.127484348772846 ], [ 6.166622786433715, 59.135781674677752 ], [ 6.11813554523691, 59.134848180476958 ], [ 6.075550143828592, 59.129258348663498 ], [ 6.060894271901989, 59.13415971202604 ], [ 6.072500493694723, 59.154691102490531 ], [ 6.068419666547924, 59.165220309713092 ], [ 6.080223348819866, 59.182295660915791 ], [ 6.112957721516243, 59.19387638525648 ], [ 6.121470414066748, 59.203694778172583 ], [ 6.147776388691058, 59.21254404581444 ], [ 6.180554641394155, 59.209924436733935 ], [ 6.180488821833289, 59.222415248364378 ], [ 6.259494503922983, 59.232434847784205 ], [ 6.339136444762112, 59.259185851769821 ], [ 6.409015116902688, 59.27290210531342 ], [ 6.500000000392768, 59.277572641493983 ], [ 6.503642028371076, 59.277759584732785 ], [ 6.540084249504952, 59.272785889401874 ], [ 6.561014940827713, 59.275784138764877 ], [ 6.562726255698456, 59.285474342499832 ], [ 6.500000000392768, 59.289445329322859 ], [ 6.494098158807613, 59.289818930899557 ], [ 6.472662848755492, 59.285230378674918 ], [ 6.451424998284255, 59.292385926042954 ], [ 6.373933170586088, 59.287356291288596 ], [ 6.256971412072674, 59.259895047998342 ], [ 6.142598564970427, 59.230328765890384 ], [ 6.10455472943163, 59.252441932480899 ], [ 6.106485442539195, 59.264824135064309 ], [ 6.177329472131868, 59.279700058260723 ], [ 6.209054608267798, 59.281210529019702 ], [ 6.242491059274489, 59.267695231239465 ], [ 6.25934092434874, 59.275435518984906 ], [ 6.244355953719491, 59.285172291878808 ], [ 6.225838653781182, 59.29794901763529 ], [ 6.231279755745301, 59.325275041542717 ], [ 6.225004936349143, 59.361320007546645 ], [ 6.209010728261105, 59.382177919738659 ], [ 6.204842141999229, 59.358143841268742 ], [ 6.21295991538789, 59.319600378686467 ], [ 6.193652778922522, 59.293384794808247 ], [ 6.174323702004682, 59.292223316522595 ], [ 6.166030408589286, 59.303882750520714 ], [ 6.14536299640831, 59.283940825729232 ], [ 6.115568573379917, 59.284254505369063 ], [ 6.080091708799807, 59.302582294967955 ], [ 6.069582483580903, 59.292176856582117 ], [ 6.016312336926987, 59.30540375534099 ], [ 6.021226880607528, 59.322478444952537 ], [ 6.049441628785201, 59.370232545860624 ], [ 6.077173698685995, 59.381865146050181 ], [ 6.102689834986654, 59.377242709589034 ], [ 6.115897672082571, 59.389892085968285 ], [ 6.136477325148504, 59.390725944263274 ], [ 6.147205950400805, 59.406090732519431 ], [ 6.16765396344668, 59.403138734606109 ], [ 6.180971500110176, 59.420418723663687 ], [ 6.202494570175672, 59.403057696088396 ], [ 6.207891792133108, 59.42144853090354 ], [ 6.218949516088087, 59.427487889805008 ], [ 6.245123850692339, 59.478270553720122 ], [ 6.245014151124788, 59.493341489804955 ], [ 6.263553390617308, 59.507482396161969 ], [ 6.446093595887686, 59.528227017988428 ], [ 6.500000000392768, 59.53645311370947 ], [ 6.547741284170902, 59.543736732856111 ], [ 6.598817437677207, 59.54381743393018 ], [ 6.606145373640514, 59.55506755602763 ], [ 6.548794400738042, 59.555597693861586 ], [ 6.500000000392768, 59.550957995528378 ], [ 6.435584369770487, 59.544831943738004 ], [ 6.358728800821738, 59.530706747283162 ], [ 6.294357050206149, 59.520186824051223 ], [ 6.317525614683214, 59.542134202080717 ], [ 6.356183768518957, 59.578212959419233 ], [ 6.354626034120719, 59.589566683992622 ], [ 6.364301542805916, 59.627296499986926 ], [ 6.388106365134102, 59.644450131214207 ], [ 6.370708001323799, 59.653770566635728 ], [ 6.358443581227444, 59.648530296423452 ], [ 6.342142214889298, 59.63512709731183 ], [ 6.329022137806722, 59.616944881477863 ], [ 6.328846617779979, 59.598994490937102 ], [ 6.335033678061103, 59.586008983380971 ], [ 6.318644550811258, 59.579756186341079 ], [ 6.298854736069002, 59.566406075671296 ], [ 6.302365124027251, 59.546918509929569 ], [ 6.291746199240807, 59.532575073353698 ], [ 6.211950678827433, 59.507251571990075 ], [ 6.190339849646867, 59.497336176631315 ], [ 6.203657386310362, 59.484600014063304 ], [ 6.205675859431267, 59.4735804418344 ], [ 6.191239386639764, 59.460361438152077 ], [ 6.168663200007137, 59.431490394175867 ], [ 6.160633186631851, 59.420465007794306 ], [ 6.140316812707738, 59.416877799220416 ], [ 6.121316834492514, 59.415303935389069 ], [ 6.103216393270223, 59.394223292552674 ], [ 6.08415059549414, 59.396828697614104 ], [ 6.062342306732685, 59.391745076448601 ], [ 6.041850413680118, 59.382374849648293 ], [ 6.024386230308957, 59.398264479654564 ], [ 6.01365760505662, 59.42150638417661 ], [ 6.009664538821485, 59.425220364372507 ], [ 6.003367778972819, 59.415998296383762 ], [ 6.007338905653779, 59.387239816142653 ], [ 6.019800785331052, 59.371750572340453 ], [ 6.012253450232652, 59.352219610034339 ], [ 6.000000000362556, 59.34214863679788 ], [ 5.989721143606672, 59.333698248326748 ], [ 5.967232716987412, 59.331436022758325 ], [ 5.944919809496533, 59.346619039852996 ], [ 5.927916364848075, 59.367115163166616 ], [ 5.914225849475235, 59.392868402779861 ], [ 5.919140393155784, 59.410570330069248 ], [ 5.925086113849297, 59.430877324363408 ], [ 5.93070273584016, 59.451426428777339 ], [ 5.962449812428588, 59.447888758999042 ], [ 5.99623730259044, 59.44958827416756 ], [ 6.000000000362556, 59.450606548368 ], [ 6.03904210313385, 59.461170442427012 ], [ 6.077261457801038, 59.469282523590316 ], [ 6.177000372530892, 59.482786768348276 ], [ 6.16912393872984, 59.491447888367851 ], [ 6.144397638956239, 59.491701914429683 ], [ 6.041060576254763, 59.480800170830634 ], [ 6.000000000362556, 59.483543204513694 ], [ 5.999221132265117, 59.483595233995956 ], [ 5.970194607107914, 59.476953692020828 ], [ 5.947442901346832, 59.476757313117176 ], [ 5.925744312152927, 59.483525937949501 ], [ 5.916529542190442, 59.499217902758993 ], [ 5.920654248445635, 59.525770175666501 ], [ 5.918021457027776, 59.537602891387948 ], [ 5.899657737562007, 59.54337934044451 ], [ 5.875830974781312, 59.536288350976044 ], [ 5.863917593840109, 59.522782505924553 ], [ 5.884650826480278, 59.488711215376277 ], [ 5.878266306618245, 59.476410760149548 ], [ 5.848186664893893, 59.464880055353483 ], [ 5.765648654393416, 59.445391356440986 ], [ 5.748403870157347, 59.477323342674822 ], [ 5.726003203551427, 59.48984286250974 ], [ 5.718763026703198, 59.487845133247411 ], [ 5.714309221745361, 59.468739468003768 ], [ 5.72161521725615, 59.440476945490161 ], [ 5.675190329186942, 59.418278013359604 ], [ 5.639121086762401, 59.410315691684822 ], [ 5.649630311981295, 59.405523505662202 ], [ 5.690767677660626, 59.414169782682066 ], [ 5.750575922852494, 59.420615431123714 ], [ 5.785921148310881, 59.433063502579245 ], [ 5.832214397258364, 59.438059948880579 ], [ 5.852377191608243, 59.432103452386059 ], [ 5.847901446197932, 59.41566269023145 ], [ 5.849546940609502, 59.402965080008855 ], [ 5.872605805519024, 59.395728662246064 ], [ 5.886932578742976, 59.382467522203704 ], [ 5.862315978536891, 59.343777816701056 ], [ 5.835110467817999, 59.353923947191767 ], [ 5.819138199284172, 59.350248500254928 ], [ 5.8098795502133, 59.33855862202347 ], [ 5.792130147247847, 59.349216520987149 ], [ 5.776947717037674, 59.345157869116647 ], [ 5.771704074654481, 59.328547114783923 ], [ 5.753669452993057, 59.334765502215689 ], [ 5.715932775704431, 59.311997857372106 ], [ 5.705006691769509, 59.300840535652483 ], [ 5.687103710128145, 59.303708585206522 ], [ 5.667248074926698, 59.302779689029499 ], [ 5.658340464112682, 59.293872603402548 ], [ 5.654062177384966, 59.267195422222215 ], [ 5.637541411911681, 59.268229902612767 ], [ 5.648357796279061, 59.308654529376746 ], [ 5.649849711116396, 59.324137864518242 ], [ 5.667072554899955, 59.331888480056215 ], [ 5.64895017412349, 59.357911992650038 ], [ 5.620537967263196, 59.38319730981074 ], [ 5.618190394541307, 59.404771047735281 ], [ 5.613868228705186, 59.425197225805817 ], [ 5.600901731196879, 59.431756439837628 ], [ 5.575846332720599, 59.425347627578965 ], [ 5.571677746458722, 59.418764024169839 ], [ 5.592849777369095, 59.415535390946708 ], [ 5.604609578736055, 59.405673995601447 ], [ 5.5976107414754, 59.392845241567372 ], [ 5.606430593174338, 59.32636576775139 ], [ 5.565183527927463, 59.285276848132057 ], [ 5.544823273996657, 59.271147199094727 ], [ 5.523322144383643, 59.26566107915545 ], [ 5.500000000332335, 59.269318248228693 ], [ 5.488854516363979, 59.271065843515849 ], [ 5.48582680578432, 59.306588002049224 ], [ 5.473913424843126, 59.341063936039944 ], [ 5.487933038918601, 59.368366786154979 ], [ 5.484027731798508, 59.394130652240129 ], [ 5.473101647863587, 59.397280280774496 ], [ 5.472355690444916, 59.368679684777035 ], [ 5.460332609037837, 59.344160526263835 ], [ 5.464742534887324, 59.283592289291953 ], [ 5.449582044231325, 59.279258523040191 ], [ 5.437493144161714, 59.29009770897035 ], [ 5.429353430320588, 59.327305620815409 ], [ 5.413973540529495, 59.368181363450717 ], [ 5.423341890066206, 59.382085246388925 ], [ 5.410177932976945, 59.400753795093834 ], [ 5.397913512880627, 59.398426579962653 ], [ 5.407962000275115, 59.383950248983517 ], [ 5.399624826853064, 59.371066889398925 ], [ 5.405285328850581, 59.349680335839899 ], [ 5.419019724230095, 59.306437070630793 ], [ 5.41917330380433, 59.29792579182503 ], [ 5.430604006468645, 59.274738267760604 ], [ 5.429945808165017, 59.261348273262968 ], [ 5.413425041793409, 59.26051122330442 ], [ 5.397562473725466, 59.288657330938108 ], [ 5.402213739162528, 59.299574801352819 ], [ 5.384749555791357, 59.308306246892208 ], [ 5.362480528307162, 59.35521083878934 ], [ 5.329833914725826, 59.386521698398731 ], [ 5.297362820272901, 59.402177832616751 ], [ 5.271583404830495, 59.418023433125875 ], [ 5.285975997615278, 59.434277984949027 ], [ 5.290056824762113, 59.455194910695631 ], [ 5.28591017805441, 59.474550863372727 ], [ 5.2767831681053, 59.489069189545333 ], [ 5.268270475554831, 59.500510806541307 ], [ 5.28408916361609, 59.505728092256561 ], [ 5.286502555898847, 59.515260245433403 ], [ 5.27195638353983, 59.52024450792711 ], [ 5.282092630049396, 59.534212656449974 ], [ 5.309846639504357, 59.556519653608781 ], [ 5.339092564694996, 59.599546954508043 ], [ 5.343524430098658, 59.615610440123184 ], [ 5.361383531733375, 59.622546655039919 ], [ 5.354845433195424, 59.637955320445357 ], [ 5.363489764867619, 59.646921276411426 ], [ 5.373889291417304, 59.647449963034269 ], [ 5.38455209621044, 59.624927412140181 ], [ 5.394095964875569, 59.626065975294964 ], [ 5.387579806790135, 59.653759075828404 ], [ 5.392077491754663, 59.66981952864316 ], [ 5.413732200941887, 59.67967255112233 ], [ 5.425667522335588, 59.680533691188167 ], [ 5.429397310327272, 59.665684527673115 ], [ 5.438853418979034, 59.64863373063254 ], [ 5.449998902947353, 59.641484515823933 ], [ 5.441661730423591, 59.616657290968625 ], [ 5.450525461230924, 59.608580736386919 ], [ 5.455988503647551, 59.614344972233809 ], [ 5.460968866888958, 59.640875267403509 ], [ 5.480122424678416, 59.64624316674751 ], [ 5.48354505352163, 59.657068298285651 ], [ 5.46921828029767, 59.669831013929389 ], [ 5.451030079960309, 59.677111963704 ], [ 5.444272581388968, 59.690268770024865 ], [ 5.45745847893071, 59.703959659139358 ], [ 5.47424252354577, 59.717587587363248 ], [ 5.48025406469844, 59.734419794705396 ], [ 5.490039272052881, 59.74803527698419 ], [ 5.500000000332335, 59.749454017681607 ], [ 5.502347572155892, 59.749788381747919 ], [ 5.514897211846549, 59.743096296528215 ], [ 5.522466486499122, 59.733731996064506 ], [ 5.525735535768094, 59.718998241562154 ], [ 5.516016147974547, 59.6901539858954 ], [ 5.506603918431145, 59.658010447636926 ], [ 5.501908773885697, 59.631493744198593 ], [ 5.52211544824226, 59.601756715864866 ], [ 5.529004585037065, 59.553407938800227 ], [ 5.512001141286905, 59.533970483390128 ], [ 5.500000000332335, 59.53557705186082 ], [ 5.49563395448954, 59.536161506543365 ], [ 5.478520810273495, 59.547621687873452 ], [ 5.47051273645242, 59.539874388134471 ], [ 5.473606265694648, 59.521225120951335 ], [ 5.468428442872315, 59.495084894141797 ], [ 5.470863774709247, 59.490304748268052 ], [ 5.484422650960316, 59.517510177572468 ], [ 5.500000000332335, 59.522033821021324 ], [ 5.505836020559965, 59.523728437560962 ], [ 5.544647754868248, 59.523347760980215 ], [ 5.570778209465816, 59.564827669758913 ], [ 5.541203185572526, 59.609995999884283 ], [ 5.532361394319377, 59.635609981337574 ], [ 5.536398341459527, 59.663639810327147 ], [ 5.563384453043354, 59.709592752234087 ], [ 5.573081902181015, 59.711875547925693 ], [ 5.614701946137234, 59.706919732898086 ], [ 5.759724873254113, 59.672208407244575 ], [ 5.802398033777473, 59.66373171041112 ], [ 5.812139362023528, 59.657493417528286 ], [ 5.823723644262042, 59.633919855842208 ], [ 5.816615107433873, 59.624248856035067 ], [ 5.849415300589452, 59.630527849433449 ], [ 5.846014612198745, 59.647116661828939 ], [ 5.847023848759202, 59.657941510569373 ], [ 5.849283661467716, 59.665856829692778 ], [ 5.864882950393883, 59.669153368472578 ], [ 5.939215428390629, 59.668085187846934 ], [ 5.943954452942759, 59.670680922782495 ], [ 5.936626516979453, 59.680705916627375 ], [ 5.961308935848072, 59.684276522155038 ], [ 5.975438250389404, 59.691359197525394 ], [ 5.970523705810558, 59.702479523535246 ], [ 5.958149586146652, 59.703099123258738 ], [ 5.8300642841174, 59.67388511413241 ], [ 5.811283705037305, 59.672311768194987 ], [ 5.806742140066092, 59.680039973551459 ], [ 5.818348361858818, 59.696420610553723 ], [ 5.844478817354718, 59.710487534997888 ], [ 5.898714320562417, 59.725878626307754 ], [ 5.910759340625346, 59.739978975879872 ], [ 5.954002940337284, 59.745033014321926 ], [ 5.952291625466514, 59.758701433881804 ], [ 5.959158822707108, 59.75997289588129 ], [ 5.970743104945659, 59.752652733090187 ], [ 5.999374711839352, 59.745090311826424 ], [ 6.000000000362556, 59.745115084524485 ], [ 6.027721100037083, 59.746213325463472 ], [ 6.050801904500818, 59.749960249876509 ], [ 6.074760306403237, 59.749295688408033 ], [ 6.095581298158457, 59.753248487621214 ], [ 6.121996972350319, 59.782015303207046 ], [ 6.14042651227528, 59.782679211158403 ], [ 6.161181684469596, 59.790107212151533 ], [ 6.229897540475481, 59.820785917740743 ], [ 6.252737006249939, 59.829622807134157 ], [ 6.276519888125653, 59.830114311552961 ], [ 6.379462032563581, 59.851870373228223 ], [ 6.390168718261699, 59.864204656814564 ], [ 6.329417056070241, 59.857626943290221 ], [ 6.199137760893324, 59.828125388579174 ], [ 6.164187454596783, 59.815548979410593 ], [ 6.147096250833255, 59.814942904588698 ], [ 6.12193115278945, 59.793826311525493 ], [ 6.100517782291505, 59.788447787247755 ], [ 6.081561684082974, 59.790061436033 ], [ 6.071030518411564, 59.768791611079259 ], [ 6.040490137964509, 59.764966637433659 ], [ 6.013569845941578, 59.765688148211936 ], [ 6.000000000362556, 59.767697004036478 ], [ 5.980769652785972, 59.770543623080009 ], [ 5.982371267190903, 59.778695562831707 ], [ 5.99568880385436, 59.795451141341943 ], [ 5.991915136754328, 59.824593042041961 ], [ 5.987965949627553, 59.832183122319819 ], [ 5.978224621381497, 59.834354663282269 ], [ 5.970414006243007, 59.801114539591723 ], [ 5.9525549046083, 59.782461725796047 ], [ 5.929693499279702, 59.780321132172446 ], [ 5.906788213944386, 59.768322102198908 ], [ 5.878924504921874, 59.771070353873583 ], [ 5.851499594169547, 59.799215406478702 ], [ 5.833772131656565, 59.807840716517958 ], [ 5.811854143327558, 59.810414148533944 ], [ 5.783880734737459, 59.808927300987442 ], [ 5.754656749999338, 59.809316175400582 ], [ 5.777956953598165, 59.81438256185055 ], [ 5.795640536104428, 59.819928397045018 ], [ 5.81270980031378, 59.828216835916791 ], [ 5.804833366512738, 59.835177525808341 ], [ 5.793271023828362, 59.833611783869145 ], [ 5.775653261781256, 59.825747669378657 ], [ 5.754371530405036, 59.817012660855156 ], [ 5.735634832229931, 59.815114436337851 ], [ 5.713365804745771, 59.815148742671866 ], [ 5.715910836150246, 59.830285764944215 ], [ 5.733067860372938, 59.840102846743925 ], [ 5.755512406985551, 59.8437363730622 ], [ 5.774073586930546, 59.846272749983342 ], [ 5.794126680814576, 59.847186712523502 ], [ 5.795135918273366, 59.86716191835454 ], [ 5.802858772500175, 59.893537237160544 ], [ 5.81795344359527, 59.905741978447729 ], [ 5.85665547743767, 59.91392917899195 ], [ 5.874492639518204, 59.91657419261648 ], [ 5.920676188898144, 59.919560979315769 ], [ 5.945665766915196, 59.930035401388686 ], [ 5.959992540139146, 59.939253338505004 ], [ 5.970084907540363, 59.946737460184274 ], [ 5.996215362137931, 59.942260860654542 ], [ 6.000000000362556, 59.942340717315375 ], [ 6.011331972787238, 59.94257982417475 ], [ 6.023640272890249, 59.95049596884909 ], [ 6.019559446641748, 59.962702476087074 ], [ 6.001415125412774, 59.974437874647435 ], [ 6.000000000362556, 59.97814300507514 ], [ 5.996829680434877, 59.986442135844086 ], [ 6.000000000362556, 59.989917863066999 ], [ 6.008523662240978, 59.999260821467146 ], [ 6.043188748943218, 60.066230377594877 ], [ 6.078424273935729, 60.103127464000742 ], [ 6.125134382497563, 60.146414183800886 ], [ 6.171186291857437, 60.170134752944115 ], [ 6.318754251277097, 60.197172891109524 ], [ 6.328232300381367, 60.24285282244157 ], [ 6.500000000392768, 60.24285282244157 ], [ 6.630937492974972, 60.24285282244157 ], [ 6.591972179990796, 60.196359019570664 ], [ 6.575868272335208, 60.159419618712391 ], [ 6.574793216213884, 60.122449846543589 ], [ 6.543046139625455, 60.073549570780671 ], [ 6.561322099976191, 60.006435744807803 ], [ 6.587233155438656, 60.059794950783676 ], [ 6.604302419648009, 60.11098244995965 ], [ 6.643158033064644, 60.159555418460421 ], [ 6.723545931322418, 60.24285282244157 ], [ 7.000000000422981, 60.242844350954051 ], [ 7.499999999554868, 60.242829029565023 ], [ 7.999999999585081, 60.242813708168867 ], [ 8.499999999615302, 60.24279838676545 ], [ 8.786015115438826, 60.815978415687781 ], [ 9.226428153072728, 60.827722763358018 ], [ 9.666841190706633, 60.815978415687781 ], [ 10.019171620813758, 60.845339284863378 ], [ 10.415543354684271, 60.915218153501264 ], [ 10.709152046440209, 60.935770761924168 ], [ 12.227108982818397, 61.017981195615846 ], [ 12.318127677262737, 60.885857284325667 ], [ 12.415018545542196, 60.730244677695019 ], [ 12.514845500739215, 60.601056853322412 ], [ 12.599992021348436, 60.52178250654832 ], [ 12.614672455936233, 60.419019464433738 ], [ 12.497228979233858, 60.330936856906959 ], [ 12.144898819988018, 60.067139526843732 ], [ 12.062075072671233, 59.956292345111741 ], [ 11.999999999826779, 59.803072842511689 ], [ 11.990922434947539, 59.780607315579957 ], [ 11.927043276416303, 59.757109174271015 ], [ 11.757555847345705, 59.835017526585595 ], [ 11.6788440661692, 59.799135320063925 ], [ 11.6788440661692, 59.809659295676695 ], [ 11.658627751991306, 59.813867953058725 ], [ 11.646497963304908, 59.797030125213944 ], [ 11.657559698237622, 59.789829761297995 ], [ 11.662671014287895, 59.78650214929835 ], [ 11.68693059255901, 59.778077368037145 ], [ 11.68693059255901, 59.759113805220153 ], [ 11.663000149821475, 59.750796495529407 ], [ 11.650541225601497, 59.74646542553706 ], [ 11.6667142774828, 59.733812240031305 ], [ 11.654584488796401, 59.721154248384764 ], [ 11.630324911423603, 59.708491448465971 ], [ 11.6667142774828, 59.710602249198622 ], [ 11.695017118050506, 59.721154248384764 ], [ 11.684889575317726, 59.71717134291039 ], [ 11.811019209939163, 59.517810157358078 ], [ 11.81879056420817, 59.492842733932541 ], [ 11.823207935294722, 59.478642559973103 ], [ 11.820182474096509, 59.474666387654658 ], [ 11.820182474096509, 59.43155979733563 ], [ 11.80446912428207, 59.391833322857089 ], [ 11.790385384868355, 59.372689165568936 ], [ 11.738240477820765, 59.411947657816974 ], [ 11.723341932308374, 59.443321609735847 ], [ 11.68609557077318, 59.435480857364261 ], [ 11.730791204615413, 59.36483199043586 ], [ 11.745689750127806, 59.313715827938367 ], [ 11.772175978900405, 59.27171668222681 ], [ 11.790385384868355, 59.242812085450311 ], [ 11.816457837942989, 59.211251730139281 ], [ 11.84253029191594, 59.179662069521235 ], [ 11.846782529297075, 59.171696080409383 ], [ 11.848607931107233, 59.164685765721032 ], [ 11.849151793638121, 59.158878805273687 ], [ 11.845841152371495, 59.145113930044225 ], [ 11.84253029191594, 59.140133754624728 ], [ 11.835081018710586, 59.088678390630541 ], [ 11.864878108837058, 59.029210425051296 ], [ 11.869446007022507, 59.000000000010452 ], [ 11.872327381144096, 58.981828506556525 ], [ 11.849979564222981, 58.946566746508566 ], [ 11.864878108837058, 58.911268779472351 ], [ 11.866099239108417, 58.911243362667612 ], [ 11.864922057115702, 58.89552284389454 ], [ 11.806118900064291, 58.7987591956499 ] ], [ [ 11.075556366240086, 59.940481728974042 ], [ 11.103426253777819, 59.894031916411159 ], [ 11.110672424537627, 59.867462623625194 ], [ 11.122749375803977, 59.846095709846267 ], [ 11.165483203361827, 59.827515784821117 ], [ 11.185921120889494, 59.809864856047227 ], [ 11.194282087150814, 59.777349987253203 ], [ 11.206359038417164, 59.742048129705417 ], [ 11.214720004678478, 59.673302407112352 ], [ 11.249092865975014, 59.646361515825852 ], [ 11.267672791000166, 59.649148504579649 ], [ 11.254666843482557, 59.67701839211739 ], [ 11.248163869723754, 59.706746272157616 ], [ 11.258382828487587, 59.74019013720288 ], [ 11.254666843482557, 59.769918017243143 ], [ 11.241660895964952, 59.794071919775838 ], [ 11.234228925954891, 59.80614887104219 ], [ 11.226796955944829, 59.836805747333692 ], [ 11.211933015924707, 59.854456676107588 ], [ 11.189637105894525, 59.878610578640291 ], [ 11.180347143381949, 59.893474518660405 ], [ 11.173844169623147, 59.902764481172987 ], [ 11.160838222105538, 59.876752586137762 ], [ 11.141654449517064, 59.901463886421226 ], [ 11.131203241690416, 59.923992045514233 ], [ 11.124932516994429, 59.938159238345904 ], [ 11.075556366240086, 59.940481728974042 ] ] ], [ [ [ 9.701268205632637, 54.36281623068642 ], [ 9.730588647872723, 54.349112954115519 ], [ 9.746846135102528, 54.323555876701498 ], [ 9.754700629349395, 54.28552042622119 ], [ 9.786469646390334, 54.271178685431224 ], [ 9.824403782361562, 54.266119582526088 ], [ 9.867449922492574, 54.237179569187369 ], [ 9.912119616582661, 54.214224496188628 ], [ 9.923462559233602, 54.14179772818693 ], [ 9.917472959431727, 54.116416259257655 ], [ 9.862623137927075, 54.084942768794903 ], [ 9.848800982534202, 54.053086762244554 ], [ 9.752528576654246, 54.038477885646337 ], [ 9.637848570403523, 54.033748817293748 ], [ 9.602042607120758, 54.011172024508056 ], [ 9.499999999675717, 54.014224329683188 ], [ 9.491399548010179, 54.014481576842535 ], [ 9.464040456818717, 54.050577058569523 ], [ 9.435891529100221, 54.052595456233384 ], [ 9.421762215457195, 54.021339084750657 ], [ 9.38224840373694, 54.018136397634237 ], [ 9.377837328043897, 53.99999999987628 ], [ 9.371366198910387, 53.973698619508049 ], [ 9.419063603580161, 53.951597085912752 ], [ 9.417242590040166, 53.913585443963285 ], [ 9.405636367349123, 53.894573160965749 ], [ 9.414412339041398, 53.885893613573785 ], [ 9.45061322058768, 53.878015917059514 ], [ 9.48751618044427, 53.866921380742667 ], [ 9.499999999675717, 53.864984941952329 ], [ 9.515467649480167, 53.862585539068924 ], [ 9.561804778434333, 53.861491623024719 ], [ 9.611476776218337, 53.865656257656887 ], [ 9.643048333678358, 53.86904301099036 ], [ 9.690657978334764, 53.860120892512917 ], [ 9.740790714841472, 53.862875487741654 ], [ 9.753625573228073, 53.898260432809572 ], [ 9.798580486912444, 53.918850466712058 ], [ 9.829252506481243, 53.950413447735649 ], [ 9.857949932935812, 53.958159091065937 ], [ 9.867603501168491, 53.990217772499257 ], [ 9.892066521800317, 53.995302296503901 ], [ 9.924844775401711, 53.973238564464722 ], [ 9.950580310837459, 53.959881609736811 ], [ 9.995579104528515, 53.958001299436333 ], [ 9.999999999705929, 53.959018626198883 ], [ 10.031741811268489, 53.96631083861412 ], [ 10.03785065433949, 53.992175453555717 ], [ 10.060199608527755, 53.99999999987628 ], [ 10.141415317794605, 54.028766769755826 ], [ 10.191780310124759, 54.027305255575222 ], [ 10.271612778245759, 54.062991300867438 ], [ 10.336766444044223, 54.076490046834309 ], [ 10.390427575239055, 54.072734201612221 ], [ 10.400601655195128, 54.053803792388933 ], [ 10.390493498106181, 54.012062572376315 ], [ 10.378380617510061, 53.99999999987628 ], [ 10.372298814627424, 53.99401480175618 ], [ 10.38686774580419, 53.97100394077539 ], [ 10.424004236193618, 53.973698619508049 ], [ 10.460942958879979, 53.976945145672701 ], [ 10.49999999973614, 53.969815557095885 ], [ 10.506451640817881, 53.968637737066402 ], [ 10.55235585995853, 53.964969854910997 ], [ 10.595139734247395, 53.986762042057805 ], [ 10.602273744602103, 53.99999999987628 ], [ 10.612741112820339, 54.019651392671754 ], [ 10.639242064082135, 54.043325948445393 ], [ 10.676532374794288, 54.046354039049113 ], [ 10.741136683965586, 54.040722675633226 ], [ 10.799412408672653, 54.033815240606351 ], [ 10.800884683642941, 54.048346082942345 ], [ 10.842086411815751, 54.039035773764084 ], [ 10.877812911026798, 54.036143590932937 ], [ 10.868367620786001, 54.02168458806068 ], [ 10.889194612388986, 53.99999999987628 ], [ 10.900296212757381, 53.988575350958079 ], [ 10.906538751193802, 53.986495047153483 ], [ 10.90392196505937, 53.977168581979548 ], [ 10.902911149260643, 53.965311678340122 ], [ 10.899153552122721, 53.958211688142491 ], [ 10.857424441911224, 53.955279300841866 ], [ 10.837164178556369, 53.951071028844197 ], [ 10.815717305389892, 53.950479206209323 ], [ 10.773988195178397, 53.944139600471736 ], [ 10.752607245777364, 53.923535776261943 ], [ 10.719865605710318, 53.911189637423441 ], [ 10.688134781442002, 53.911018503176813 ], [ 10.665237607893721, 53.883140541138204 ], [ 10.6610405252744, 53.864285664755762 ], [ 10.668841385607228, 53.855428435820812 ], [ 10.66998404624189, 53.84507943604337 ], [ 10.653327561498861, 53.841268774583959 ], [ 10.645229314789537, 53.832629855009785 ], [ 10.627507811700168, 53.823714136906624 ], [ 10.587294925635922, 53.817803775410262 ], [ 10.554838950727543, 53.799434093934657 ], [ 10.529700403290267, 53.798787312489473 ], [ 10.49999999973614, 53.802902751838637 ], [ 10.488169060781834, 53.804541993760303 ], [ 10.443363554895514, 53.819980680405294 ], [ 10.384318732168053, 53.82968961054209 ], [ 10.35252198503261, 53.839158916060931 ], [ 10.312348432601393, 53.841628098968556 ], [ 10.294588399871172, 53.842919532249759 ], [ 10.282138446227622, 53.844011430774671 ], [ 10.255730665532155, 53.849697912186734 ], [ 10.23909088136857, 53.85581070583752 ], [ 10.219204180627987, 53.865972542164734 ], [ 10.189736704837141, 53.879649541665437 ], [ 10.157456523941658, 53.883970433787681 ], [ 10.117990762207636, 53.881810043807462 ], [ 10.089292385335495, 53.864522885904556 ], [ 10.078525000473613, 53.834266270164221 ], [ 10.070570319818055, 53.809108217147681 ], [ 10.060396239861982, 53.793163853238028 ], [ 10.057100101895617, 53.783248350698294 ], [ 10.072811693707047, 53.753183790119415 ], [ 10.090742685717302, 53.731163240773022 ], [ 10.088303543226937, 53.677001057849857 ], [ 10.082647590297999, 53.669148744043078 ], [ 10.080867016217148, 53.664360109976357 ], [ 10.080349962109283, 53.660592668499909 ], [ 10.081078408668121, 53.655471271555349 ], [ 10.081806635139714, 53.650401441203577 ], [ 10.081052039521271, 53.645892983529833 ], [ 10.071499830897046, 53.632579654938169 ], [ 10.061253235337977, 53.624279893078615 ], [ 10.062748062513471, 53.618566684212773 ], [ 10.061077441325082, 53.618407586433094 ], [ 10.0048013745253, 53.61885831170521 ], [ 9.999999999705929, 53.599608758051048 ], [ 9.9853112179989, 53.540571808272304 ], [ 9.981874306840993, 53.530143585142675 ], [ 9.778483512123413, 53.533293057475923 ], [ 9.685216876370646, 53.554275824357788 ], [ 9.643026394124174, 53.572832875777593 ], [ 9.6108843983739, 53.602244563460076 ], [ 9.581353254487293, 53.64231586412469 ], [ 9.550571535350944, 53.691864924932766 ], [ 9.499999999675717, 53.734777118143704 ], [ 9.456734461307921, 53.771454948075331 ], [ 9.365179139527596, 53.840912743137238 ], [ 9.319478268424552, 53.872903837529321 ], [ 9.261139998515825, 53.896166629288508 ], [ 9.105936944882705, 53.913559116895357 ], [ 8.999999999645505, 53.915708231351395 ], [ 8.996281181880081, 53.915783671710564 ], [ 8.948715417230364, 53.911966314969405 ], [ 8.916836701520175, 53.932865338100335 ], [ 8.86240857076948, 53.99999999987628 ], [ 8.851916453066831, 54.01308601489135 ], [ 8.87030211298511, 54.021564990660089 ], [ 8.909903683820415, 54.030028945332916 ], [ 8.937196954552673, 54.02604299694196 ], [ 8.986781193221635, 54.008486972492982 ], [ 8.999999999645505, 54.011561239474958 ], [ 9.007185326260817, 54.013232218673643 ], [ 9.014447442663249, 54.031397365558959 ], [ 9.02089778208614, 54.066402904382926 ], [ 9.006110270139494, 54.0936856006563 ], [ 8.999999999645505, 54.110269727747166 ], [ 8.99452920746293, 54.125112571659201 ], [ 8.9941968891983, 54.126014013933926 ], [ 8.923769718321628, 54.11935945479604 ], [ 8.875501876259923, 54.14750806220097 ], [ 8.849810219932552, 54.18303743341589 ], [ 8.864312512284911, 54.209806553878565 ], [ 8.865212049277819, 54.250806381450126 ], [ 8.906546874538069, 54.263741720456409 ], [ 8.938469470254915, 54.286061775156981 ], [ 8.984762720100722, 54.320798768000977 ], [ 8.999999999645505, 54.354304584395869 ], [ 9.000888567310476, 54.356257640710574 ], [ 8.999999999645505, 54.359231714626532 ], [ 8.996281181880081, 54.371676418150187 ], [ 8.999999999645505, 54.381003143399234 ], [ 9.003982097451031, 54.390987808243089 ], [ 8.999999999645505, 54.387240375345165 ], [ 8.98469689964154, 54.372835885643468 ], [ 8.985091818803374, 54.35756253170873 ], [ 8.961001776880895, 54.32443969550102 ], [ 8.897836723304977, 54.302483689212828 ], [ 8.85062199691208, 54.292412185770559 ], [ 8.821156672586351, 54.314043726845625 ], [ 8.786557405444961, 54.311035264005 ], [ 8.754656750180594, 54.296227240215195 ], [ 8.715340398041249, 54.303473546057688 ], [ 8.650661489175514, 54.293230670476419 ], [ 8.636356655505747, 54.281651555683261 ], [ 8.593990653232568, 54.299038800815822 ], [ 8.584753943715899, 54.332683352386127 ], [ 8.609699642624609, 54.362715785134284 ], [ 8.658845082125044, 54.36137152060099 ], [ 8.694782685427858, 54.369278323374964 ], [ 8.692435112705969, 54.381530846152081 ], [ 8.656870489010814, 54.385456146079854 ], [ 8.621283924863151, 54.391580441419364 ], [ 8.631858970541217, 54.410408544072425 ], [ 8.701013624817334, 54.425227919632569 ], [ 8.796518133724414, 54.430872607277124 ], [ 8.901061892567267, 54.424083097548881 ], [ 8.972695758686962, 54.465736556659529 ], [ 8.999999999645505, 54.469459132677478 ], [ 9.022060598220829, 54.472466558284232 ], [ 9.026339761704291, 54.485550205058864 ], [ 9.031925228324459, 54.493447033487605 ], [ 9.032200794622701, 54.494637593443855 ], [ 9.027937382199431, 54.499999999751346 ], [ 9.021468220376393, 54.508235985026381 ], [ 9.009322494678537, 54.519067665343812 ], [ 8.999999999645505, 54.524898781817512 ], [ 8.998981548166864, 54.525535760931263 ], [ 8.992728229947032, 54.526207629100469 ], [ 8.986320454498934, 54.523933517852541 ], [ 8.982620944223928, 54.516048956781241 ], [ 8.980685622758948, 54.509406531220002 ], [ 8.977451238578492, 54.504102312545861 ], [ 8.97365070376661, 54.499999999751346 ], [ 8.972348669424148, 54.498611653170641 ], [ 8.961286996475152, 54.494883109887624 ], [ 8.950669606909546, 54.487908496682287 ], [ 8.938919678027551, 54.482842909069873 ], [ 8.927694991397242, 54.479539353906631 ], [ 8.903850896521448, 54.476701814684617 ], [ 8.886703306405842, 54.47836990471415 ], [ 8.871883762332814, 54.484473431282822 ], [ 8.869542991654246, 54.492327116511476 ], [ 8.87030211298511, 54.496222981769328 ], [ 8.869711051172562, 54.497761283637786 ], [ 8.870118468594919, 54.499999999751346 ], [ 8.870287852229955, 54.500942213762499 ], [ 8.874478597234937, 54.508594264835963 ], [ 8.882283727260347, 54.516552710797974 ], [ 8.901061892567267, 54.52849144555114 ], [ 8.919278834502123, 54.530317928585795 ], [ 8.934167270374328, 54.53006879483501 ], [ 8.935043331693914, 54.530047535678314 ], [ 8.949198095507253, 54.529819660079468 ], [ 8.967627635432187, 54.53138805549704 ], [ 8.974790144839291, 54.537401847515277 ], [ 8.974916079658982, 54.538621768626939 ], [ 8.97339423924457, 54.543011586687335 ], [ 8.971664582572338, 54.545270313282181 ], [ 8.964879878522598, 54.549155167289065 ], [ 8.937153074545989, 54.564737333070774 ], [ 8.929336316727586, 54.569182763749481 ], [ 8.897166678019399, 54.587262935522503 ], [ 8.860481801265996, 54.610280481547335 ], [ 8.843290111954813, 54.621884644194942 ], [ 8.826889356911902, 54.632951768323466 ], [ 8.806237521517961, 54.659813394662116 ], [ 8.793412974892526, 54.680627122791506 ], [ 8.776755523562231, 54.708827350054626 ], [ 8.772444000067292, 54.714638505597229 ], [ 8.767662592101741, 54.721082002471384 ], [ 8.76280487135449, 54.727627286241685 ], [ 8.757606619045964, 54.734630225872301 ], [ 8.755560894632611, 54.737385834991819 ], [ 8.72949165213679, 54.76727031364279 ], [ 8.697590995974128, 54.794895096750892 ], [ 8.696291274793488, 54.795897129184674 ], [ 8.648994054311437, 54.831707458416389 ], [ 8.648869873901507, 54.832580782081756 ], [ 8.649873407058225, 54.836365184501126 ], [ 8.657758178123437, 54.841693628713898 ], [ 8.66649904545101, 54.847112594315952 ], [ 8.670680138058282, 54.849389286341356 ], [ 8.681101164885959, 54.855520815108918 ], [ 8.691478093416366, 54.861493001269153 ], [ 8.692490401316761, 54.865107459926918 ], [ 8.692478992712651, 54.865336877592171 ], [ 8.721922376585884, 54.911180923365094 ], [ 8.73872836165345, 54.941140196823895 ], [ 8.7409750104498, 54.946998383605887 ], [ 8.74515939358594, 54.974531049920152 ], [ 8.743211439113145, 54.999999999764796 ], [ 8.742831128354469, 55.00442924098391 ], [ 8.727908027393775, 55.012984535424387 ], [ 8.715908861834524, 55.021178680712694 ], [ 8.714298779909754, 55.022495144488772 ], [ 8.706191447639666, 55.029123344516144 ], [ 8.695913688625078, 55.039603834521614 ], [ 8.686467452458279, 55.053580121126622 ], [ 8.682462537444529, 55.069769103845715 ], [ 8.683629302573227, 55.079349647799923 ], [ 8.689253823450374, 55.094884062092135 ], [ 8.695456679707418, 55.10757151303465 ], [ 8.707463963341908, 55.139329006235435 ], [ 8.708565128996966, 55.151588302158423 ], [ 8.70578161015589, 55.177037991042944 ], [ 8.693122270897726, 55.201856478697522 ], [ 8.680480923098056, 55.226494088239853 ], [ 8.673455552298838, 55.238877253156716 ], [ 8.672623357511215, 55.240343853559402 ], [ 8.677274622049978, 55.294431581876658 ], [ 8.679841593906961, 55.350950981172701 ], [ 8.638726167781812, 55.388261146308444 ], [ 8.610445600043272, 55.432632506401248 ], [ 8.530474560501489, 55.451797119345436 ], [ 8.499999999615302, 55.452376460546922 ], [ 8.45805085695644, 55.453173926882343 ], [ 8.394951622043047, 55.47851475548245 ], [ 8.362759956644092, 55.500000000025729 ], [ 8.335253077317027, 55.518584667457851 ], [ 8.316538317797798, 55.563165947304505 ], [ 8.266098422142615, 55.565573036826258 ], [ 8.23487790473609, 55.52795410524169 ], [ 8.232957891461872, 55.500000000025729 ], [ 8.232552271568373, 55.494166771120355 ], [ 8.242907918111365, 55.443766710546967 ], [ 8.172809846835662, 55.480699939108682 ], [ 8.142641288067846, 55.500000000025729 ], [ 8.1228526294574, 55.512816845211198 ], [ 8.093540884705895, 55.540875807310854 ], [ 8.087090546181328, 55.577185747215985 ], [ 8.100737181547437, 55.613368634620691 ], [ 8.13597270653994, 55.678772266246966 ], [ 8.151703635486193, 55.768356161743135 ], [ 8.142401105510332, 55.875728335986928 ], [ 8.121821452444435, 55.945898805121111 ], [ 8.114032778656759, 55.992523553225702 ], [ 8.126363018313944, 55.993205391204796 ], [ 8.134941530425307, 55.945690532604615 ], [ 8.155916101754753, 55.879947492370718 ], [ 8.165218631730616, 55.816367988113079 ], [ 8.16710546483146, 55.774934727212596 ], [ 8.198830601865714, 55.785520854705688 ], [ 8.212389477218494, 55.808449491837557 ], [ 8.21631672479106, 55.82064005304256 ], [ 8.231323635872823, 55.821510660496592 ], [ 8.250213914520497, 55.792944526883723 ], [ 8.271824743701027, 55.795604620757928 ], [ 8.322615678511372, 55.816588567887493 ], [ 8.383762258966339, 55.885997237407459 ], [ 8.380580969710744, 55.937902639546657 ], [ 8.311360494975464, 55.992465769884895 ], [ 8.309009316416024, 56.000000000175547 ], [ 8.287884771349932, 56.068510003692182 ], [ 8.24979705580447, 56.118651309308696 ], [ 8.168136641844425, 56.135381617365738 ], [ 8.158022334889035, 56.116574094512124 ], [ 8.132484258135868, 56.071863364809069 ], [ 8.125617060895273, 56.037837111974056 ], [ 8.129390727995341, 56.003218889539163 ], [ 8.111926545522477, 56.000035116656683 ], [ 8.112299524231814, 56.040035527052332 ], [ 8.117806445756791, 56.071699793443806 ], [ 8.128886110164245, 56.13624476823432 ], [ 8.123664406436928, 56.288332814911776 ], [ 8.13083876372429, 56.351527049419317 ], [ 8.138408038376909, 56.465576515149749 ], [ 8.159581813815537, 56.499999999986564 ], [ 8.175903376976223, 56.526866786235217 ], [ 8.212872156393679, 56.611913694853079 ], [ 8.261512977164754, 56.664693728649922 ], [ 8.267919436580936, 56.65426024471693 ], [ 8.239660808396579, 56.613804558611172 ], [ 8.270420588877059, 56.592777946333761 ], [ 8.292141117625174, 56.558030868526203 ], [ 8.29082472191625, 56.528644942485109 ], [ 8.324524452064727, 56.545451397387772 ], [ 8.333892801601445, 56.560812749509473 ], [ 8.377838477827046, 56.562928244053012 ], [ 8.493088922368015, 56.548000365050697 ], [ 8.499999999615302, 56.547527259411943 ], [ 8.547061146433956, 56.544305475000904 ], [ 8.563384453224611, 56.565908435824461 ], [ 8.564920248068637, 56.590126895046261 ], [ 8.499999999615302, 56.631915972140902 ], [ 8.499802540932672, 56.632043005821075 ], [ 8.432446960642407, 56.662164312380895 ], [ 8.382884661527646, 56.686111167661025 ], [ 8.3385879461469, 56.739694354932176 ], [ 8.293676912469204, 56.737728393038601 ], [ 8.287094933924568, 56.701729562074249 ], [ 8.268840914026351, 56.685983025475416 ], [ 8.255633076930405, 56.686262607501895 ], [ 8.281171153683571, 56.808472816618369 ], [ 8.358333881780762, 56.92592085663339 ], [ 8.426942421449551, 56.999999999884416 ], [ 8.435825709478927, 57.009710926856144 ], [ 8.499999999615302, 57.046201611541356 ], [ 8.509280590036942, 57.051475749682929 ], [ 8.540018429166627, 57.059717853854252 ], [ 8.602240066641244, 57.112598931662347 ], [ 8.634316241932325, 57.111128116276092 ], [ 8.687476689018736, 57.10050382229165 ], [ 8.774314925801114, 57.095143814882633 ], [ 8.834167050999675, 57.103271103436995 ], [ 8.966771978445966, 57.134082489116437 ], [ 8.999999999645505, 57.137659022830036 ], [ 9.004596414849653, 57.138153735819436 ], [ 9.074891945706254, 57.122262829345395 ], [ 9.153678228660848, 57.110345992475473 ], [ 9.277331666184761, 57.116147323564839 ], [ 9.499999999675717, 57.168779925424516 ], [ 9.506581978220343, 57.170334578795739 ], [ 9.598005660878933, 57.209310338749951 ], [ 9.738289563443672, 57.306545998905271 ], [ 9.801366857904529, 57.370538992115534 ], [ 9.826817174644312, 57.454779252034285 ], [ 9.833201693608018, 57.483621157231461 ], [ 9.857572123086879, 57.50000000018067 ], [ 9.942045678732789, 57.557500525168642 ], [ 9.999999999705929, 57.555975400320094 ], [ 10.043410140783326, 57.554834762662857 ], [ 10.140250682571462, 57.560855834108359 ], [ 10.240695002073107, 57.578036698230271 ], [ 10.33990876258617, 57.604913670628676 ], [ 10.440001494062026, 57.652579666438854 ], [ 10.49999999973614, 57.676080869958746 ], [ 10.548180751029376, 57.694942036649735 ], [ 10.635418544077083, 57.703152370678794 ], [ 10.564068137752013, 57.66656998697097 ], [ 10.519328554732819, 57.641500154298164 ], [ 10.49999999973614, 57.629429700691347 ], [ 10.470831373677386, 57.61120661167439 ], [ 10.443846988655556, 57.56887458398964 ], [ 10.457646820913617, 57.534870393842127 ], [ 10.467497496587622, 57.50000000018067 ], [ 10.473534207636256, 57.478906288366133 ], [ 10.49999999973614, 57.468191901075244 ], [ 10.549565129442371, 57.448117512923268 ], [ 10.512472587331592, 57.378095670453654 ], [ 10.546796373514692, 57.219228236291798 ], [ 10.522734563844955, 57.202266075962179 ], [ 10.49999999973614, 57.194867918412299 ], [ 10.486696785811546, 57.190538169155538 ], [ 10.429607671814411, 57.109610547213208 ], [ 10.422356167210435, 57.028189191082646 ], [ 10.394914311536903, 56.999999999884416 ], [ 10.391877875620862, 56.996921374885211 ], [ 10.342919235393868, 56.993155054354673 ], [ 10.298747220547597, 56.999999999884416 ], [ 10.27761175017099, 57.003319210470508 ], [ 10.225752508282069, 57.017704872834386 ], [ 10.156291888718517, 57.038354739646543 ], [ 10.0627035366181, 57.068145113340293 ], [ 9.999999999705929, 57.051771472740697 ], [ 9.995293884934233, 57.050540359188531 ], [ 9.969602229505165, 57.04464685604551 ], [ 9.942067619185288, 57.048575962300042 ], [ 9.919579192566012, 57.051452365123218 ], [ 9.895247811055921, 57.060220504562388 ], [ 9.846760569859104, 57.072667690727947 ], [ 9.8021128153232, 57.067537386461694 ], [ 9.743160227117537, 57.043360451242776 ], [ 9.691360055746753, 57.036319513820146 ], [ 9.66819149126967, 57.054071333637133 ], [ 9.623368217605346, 57.047418322749451 ], [ 9.608756225685434, 57.02985049579916 ], [ 9.514414532913028, 57.027791402779243 ], [ 9.499999999675717, 57.026254198434899 ], [ 9.316384738283999, 57.006667389996977 ], [ 9.301807484216123, 56.999999999884416 ], [ 9.269235832350292, 56.98529769353928 ], [ 9.236435639194713, 56.997291054678094 ], [ 9.227687115525949, 56.999999999884416 ], [ 9.183384892574189, 57.013901233883708 ], [ 9.130575484642947, 57.033886453255199 ], [ 9.087814564106221, 57.065363511945058 ], [ 9.047510914960611, 57.088112734678369 ], [ 9.06760788974964, 57.057929298087885 ], [ 9.103018933870571, 57.027194712309971 ], [ 9.080376927677058, 57.007592183307004 ], [ 9.012560608664069, 57.004372866110806 ], [ 8.999999999645505, 57.00271922413355 ], [ 8.979346736828587, 56.999999999884416 ], [ 8.923901358341688, 56.992796887470448 ], [ 8.892607268015039, 56.999999999884416 ], [ 8.879582702508426, 57.003038230997895 ], [ 8.881030738237412, 57.022970805609241 ], [ 8.830152043413735, 57.008259424860299 ], [ 8.810151481210861, 56.999999999884416 ], [ 8.780370346062179, 56.987863073762369 ], [ 8.726793040259748, 56.99501515626423 ], [ 8.743577085773142, 56.96950860982323 ], [ 8.709416616901954, 56.962756320892858 ], [ 8.671416661369831, 56.955123830428384 ], [ 8.638199609498242, 56.94999992985138 ], [ 8.604982557626645, 56.94989582520261 ], [ 8.58128743486601, 56.919670011727739 ], [ 8.573959498902703, 56.881181022558224 ], [ 8.552348669722138, 56.850203415833924 ], [ 8.499999999615302, 56.842244879246387 ], [ 8.475822198577744, 56.838568568849212 ], [ 8.479266767873458, 56.816112217008389 ], [ 8.482733276723357, 56.78607967247823 ], [ 8.499999999615302, 56.770511415647526 ], [ 8.525625836381808, 56.747394346165891 ], [ 8.532076175804708, 56.711311678540696 ], [ 8.499999999615302, 56.709853134441786 ], [ 8.498793304372215, 56.709798263255728 ], [ 8.448090129575283, 56.697944940699166 ], [ 8.43077952577832, 56.68415404229863 ], [ 8.499166283081552, 56.695639045685432 ], [ 8.499999999615302, 56.695270621263262 ], [ 8.537802496464787, 56.678561692361384 ], [ 8.59464885153616, 56.682651179911851 ], [ 8.618716953006169, 56.641829540352816 ], [ 8.599870554365177, 56.620398492656925 ], [ 8.576285131172094, 56.616699029250192 ], [ 8.596294345947738, 56.585782037659882 ], [ 8.597259702501503, 56.552302819134823 ], [ 8.602986024059915, 56.513715187736679 ], [ 8.617613658343886, 56.499999999986564 ], [ 8.621261984410642, 56.496623476440305 ], [ 8.639559885213851, 56.472178729574793 ], [ 8.705445490220994, 56.470305714112456 ], [ 8.742260690064215, 56.489852189150049 ], [ 8.742910719986931, 56.499999999986564 ], [ 8.745332280650556, 56.538282962593797 ], [ 8.810164769090562, 56.551846876204479 ], [ 8.737192566809425, 56.558954288819606 ], [ 8.719969723025836, 56.587802691954131 ], [ 8.741492793091359, 56.620690232822362 ], [ 8.862118519137265, 56.696291232207336 ], [ 8.893887536178202, 56.682103610761978 ], [ 8.944371310941746, 56.691620859065154 ], [ 8.949856293810873, 56.720926260934085 ], [ 8.884058447918779, 56.716759468826318 ], [ 8.957074530206592, 56.774785091055122 ], [ 8.999999999645505, 56.770110213880336 ], [ 9.004991334011486, 56.769566585327183 ], [ 9.043386208705417, 56.779479961261231 ], [ 9.0768665397188, 56.783895390021534 ], [ 9.115107834838497, 56.760569054909617 ], [ 9.175486518320637, 56.683023988765378 ], [ 9.121623993822256, 56.661021939517518 ], [ 9.085269531803421, 56.622568985987513 ], [ 9.048937010237088, 56.579018479061851 ], [ 9.053303056079884, 56.560216649302305 ], [ 9.068200267594079, 56.540890886705363 ], [ 9.093014326482738, 56.547976981132742 ], [ 9.100539722026953, 56.575969223790182 ], [ 9.12511244222633, 56.59991266680364 ], [ 9.154446126532019, 56.608645311765464 ], [ 9.179018846731394, 56.617375929782874 ], [ 9.216667764006653, 56.614703268833694 ], [ 9.249577656729782, 56.594307763067192 ], [ 9.263443691231023, 56.571353980958769 ], [ 9.272548761625947, 56.533171843435213 ], [ 9.326586805252747, 56.522198727468059 ], [ 9.385385813884175, 56.526457330746368 ], [ 9.407698720476722, 56.536891216264983 ], [ 9.40620680563938, 56.552408036065415 ], [ 9.346157221758206, 56.551835184944125 ], [ 9.35754404441583, 56.581705357705516 ], [ 9.370751881511765, 56.634189495947822 ], [ 9.356293468267774, 56.655694292326572 ], [ 9.308508304482945, 56.667083113256382 ], [ 9.250894052438708, 56.653479073954429 ], [ 9.240889445050877, 56.665171617938078 ], [ 9.264628446919899, 56.690386199809545 ], [ 9.288389390139733, 56.720635299004144 ], [ 9.260723139799806, 56.73409865382127 ], [ 9.218795936695118, 56.757650785896736 ], [ 9.210743982867333, 56.79009934738211 ], [ 9.244948331745203, 56.831989735895128 ], [ 9.239178130180116, 56.865927306933827 ], [ 9.199313280203025, 56.890566601294509 ], [ 9.301926325938322, 56.986788409340342 ], [ 9.361363004572498, 56.999999999884416 ], [ 9.362480528548877, 57.000251732103521 ], [ 9.499999999675717, 57.000533603350583 ], [ 9.505287522963917, 57.0005444413231 ], [ 9.518817279426754, 56.999999999884416 ], [ 9.560861361434744, 56.998330758377769 ], [ 9.575758572948939, 56.979981476024967 ], [ 9.54484521379254, 56.944019224071205 ], [ 9.577096909110365, 56.962224410377033 ], [ 9.605947914240852, 56.966329174977709 ], [ 9.616939818634956, 56.983622011866629 ], [ 9.640860848824943, 56.999999999884416 ], [ 9.658757322172093, 57.012414782466081 ], [ 9.72874569388023, 57.013901233883708 ], [ 9.78273985839866, 57.025264177716693 ], [ 9.840046951294429, 57.02806049510405 ], [ 9.886910638532168, 57.019413457679477 ], [ 9.923506439240285, 57.04238977034732 ], [ 9.965982141081042, 57.036658725978803 ], [ 9.999999999705929, 57.043124469661173 ], [ 10.00001098700017, 57.043126554165397 ], [ 10.070482422362449, 57.049347702037828 ], [ 10.129944756881141, 57.030061078224335 ], [ 10.194307349172416, 57.002768956330101 ], [ 10.204558280001045, 56.999999999884416 ], [ 10.266822390720629, 56.983402433761583 ], [ 10.35674104224041, 56.972352528204482 ], [ 10.388691608800269, 56.970306316382036 ], [ 10.31995613897846, 56.88158662093646 ], [ 10.296158021675538, 56.814103833045706 ], [ 10.291323684973447, 56.735250436274022 ], [ 10.214897225964581, 56.711532865311199 ], [ 10.128955915670893, 56.713069492466651 ], [ 10.045827308685213, 56.682604578730071 ], [ 9.999999999705929, 56.674988906436091 ], [ 9.952511024843322, 56.667083113256382 ], [ 9.830722481764402, 56.661674728126378 ], [ 9.940422123875395, 56.657361449228461 ], [ 9.999999999705929, 56.665317283632824 ], [ 10.059758986677528, 56.673283147415326 ], [ 10.129021837639703, 56.699796541496013 ], [ 10.212062547169777, 56.704943279028925 ], [ 10.298421369254696, 56.718726531944057 ], [ 10.336744470354056, 56.684887975968664 ], [ 10.378978988015756, 56.630701386982878 ], [ 10.398843715066176, 56.586658057037376 ], [ 10.403348436534328, 56.567976900776209 ], [ 10.371002333670033, 56.564903378048534 ], [ 10.338678204495904, 56.561841292234504 ], [ 10.32243923064579, 56.5422590979746 ], [ 10.306200255897361, 56.52267842907272 ], [ 10.221686833917456, 56.499999999986564 ], [ 10.157126910504347, 56.482894756268315 ], [ 10.094873845469499, 56.466385955238842 ], [ 10.032620781332964, 56.449881512264774 ], [ 10.106695995307067, 56.458973147406027 ], [ 10.180771208382856, 56.477566022367768 ], [ 10.245331569275509, 56.490349099554187 ], [ 10.275470869914518, 56.499999999986564 ], [ 10.310968668834011, 56.511515006627604 ], [ 10.358081471476446, 56.538434998867722 ], [ 10.387021565228606, 56.550677765460726 ], [ 10.415983633569246, 56.553308213520729 ], [ 10.44393488611116, 56.532434943423667 ], [ 10.489948975499265, 56.508343243497784 ], [ 10.49999999973614, 56.507669439080949 ], [ 10.550707790975348, 56.504269887149626 ], [ 10.75289291093603, 56.528656640937172 ], [ 10.830198340009371, 56.529370219298301 ], [ 10.873773286907108, 56.514908849043415 ], [ 10.887742047354349, 56.499999999986564 ], [ 10.90906394061029, 56.4775313428107 ], [ 10.937476652323765, 56.458059455996981 ], [ 10.905328317162532, 56.437050030858771 ], [ 10.892099816120115, 56.300088111027456 ], [ 10.848480920045418, 56.21441908034199 ], [ 10.792138930378512, 56.190805363469799 ], [ 10.734983892615938, 56.161092835357387 ], [ 10.754255314760545, 56.120168305252406 ], [ 10.731797625795343, 56.085635947521446 ], [ 10.676180786768498, 56.111964142802414 ], [ 10.68633289213609, 56.160276871902092 ], [ 10.641351592236877, 56.169216553266949 ], [ 10.606895960319527, 56.160183617483803 ], [ 10.589096814043518, 56.13960387305422 ], [ 10.587404796781691, 56.111567310552495 ], [ 10.543104698345578, 56.101785272344806 ], [ 10.512230870451573, 56.114204998379449 ], [ 10.542401522293998, 56.150367352390447 ], [ 10.504583829543156, 56.168062787300642 ], [ 10.532601004952195, 56.206118683367215 ], [ 10.49999999973614, 56.224049595739416 ], [ 10.48500476854972, 56.232294310836586 ], [ 10.425015051992343, 56.198957704789066 ], [ 10.401458650671124, 56.15655818805466 ], [ 10.34001863373194, 56.12411221310456 ], [ 10.28613776114388, 56.110096662389509 ], [ 10.308002144304957, 56.076022528203254 ], [ 10.33848043589453, 56.008427068403016 ], [ 10.328557533875051, 56.000000000175547 ], [ 10.315561288656081, 55.989102623580941 ], [ 10.327163695303796, 55.957398340873702 ], [ 10.340524042080462, 55.925922648148145 ], [ 10.298641112444551, 55.88145422245853 ], [ 10.299454159641902, 55.845380899590594 ], [ 10.267525566772209, 55.847260186216879 ], [ 10.258845736374905, 55.866210361750582 ], [ 10.112804837479754, 55.872725963730751 ], [ 10.076019935116122, 55.856840810899612 ], [ 10.015546785697019, 55.856469692760264 ], [ 9.999999999705929, 55.862643644459837 ], [ 9.973858574882094, 55.873038963447627 ], [ 9.918416375533003, 55.863462349866829 ], [ 9.999999999705929, 55.838464003405399 ], [ 10.017963953598906, 55.832966033966741 ], [ 10.114255138759875, 55.815706240244147 ], [ 10.088611182974081, 55.798194842231489 ], [ 10.044970313209218, 55.782883308031352 ], [ 10.108959342886227, 55.775597171178198 ], [ 10.085776504179277, 55.75776535164028 ], [ 10.122517458264266, 55.728628634433583 ], [ 10.076569291743287, 55.711694880023387 ], [ 9.999999999705929, 55.688718445131933 ], [ 9.903650804038856, 55.659742020691027 ], [ 9.804789486747733, 55.652001405989708 ], [ 9.694519405448172, 55.678888772880057 ], [ 9.546732047791719, 55.674298139163739 ], [ 9.504124706829225, 55.666338982296288 ], [ 9.649630312222984, 55.646276559679379 ], [ 9.699828868290558, 55.619436698078893 ], [ 9.728614054758493, 55.600657653261933 ], [ 9.773854187138836, 55.602186925024476 ], [ 9.813719037115927, 55.573202298726606 ], [ 9.899679677357897, 55.577022212072428 ], [ 9.856567717666019, 55.556107413236475 ], [ 9.809243291705581, 55.539028440369172 ], [ 9.798251387311478, 55.514291055023534 ], [ 9.752506637100064, 55.513460356553281 ], [ 9.664856622439832, 55.507879008859206 ], [ 9.586048399931055, 55.521754852926094 ], [ 9.57630707168501, 55.503525708701666 ], [ 9.499999999675717, 55.504252546036739 ], [ 9.496445731710775, 55.504286400983304 ], [ 9.493021991651565, 55.500000000025729 ], [ 9.488415717437176, 55.494305461427288 ], [ 9.499999999675717, 55.493210317435668 ], [ 9.571304767991094, 55.486468702051148 ], [ 9.610796638360533, 55.477878832601839 ], [ 9.665251541601664, 55.46512351202211 ], [ 9.690899317922366, 55.451403736972139 ], [ 9.695484762900263, 55.43032888334389 ], [ 9.657046008199647, 55.420974092024515 ], [ 9.604763158551977, 55.418820322486404 ], [ 9.60719488275473, 55.416438347748475 ], [ 9.624399394618305, 55.399581697970319 ], [ 9.630849733142879, 55.377227139226434 ], [ 9.610292020529464, 55.350568189555574 ], [ 9.648072576926458, 55.339454003297064 ], [ 9.669551766985281, 55.283266719270756 ], [ 9.616917879080772, 55.276154881506898 ], [ 9.563889072014428, 55.266251957046819 ], [ 9.546139669947282, 55.259997424352797 ], [ 9.622973299341828, 55.269948409236569 ], [ 9.669968625701298, 55.274202388613084 ], [ 9.697569055582044, 55.25736976088767 ], [ 9.716788432932351, 55.242495755855394 ], [ 9.703690296302282, 55.223252434547589 ], [ 9.687696088214262, 55.220540864612623 ], [ 9.684558678067026, 55.206060500051308 ], [ 9.569395993539416, 55.180450833494376 ], [ 9.501908774127394, 55.129275191907858 ], [ 9.50519976295055, 55.112497622261749 ], [ 9.499999999675717, 55.112038403767301 ], [ 9.4819434384601, 55.110443691813799 ], [ 9.481866628011733, 55.109844443911605 ], [ 9.481043901467196, 55.103149048946371 ], [ 9.499999999675717, 55.09986316500612 ], [ 9.513098137204102, 55.097592551703357 ], [ 9.53758309739011, 55.082938823411403 ], [ 9.538416814822149, 55.064038645954327 ], [ 9.522444547186627, 55.045445114634873 ], [ 9.499999999675717, 55.041219068941729 ], [ 9.466629369128199, 55.034934941371851 ], [ 9.471521973254566, 55.01430403635883 ], [ 9.499999999675717, 55.009220693888906 ], [ 9.5025889119852, 55.008758539798926 ], [ 9.536464161262103, 55.016245947783673 ], [ 9.573498760240426, 55.026667486138159 ], [ 9.611476776218337, 55.027965601910608 ], [ 9.637343952572452, 55.021626655284685 ], [ 9.638616845567114, 55.020424348193792 ], [ 9.651473266215479, 55.008278829673685 ], [ 9.660456608601198, 54.999999999764796 ], [ 9.666875095560744, 54.993360677643601 ], [ 9.705116391578759, 54.985045192403476 ], [ 9.737411966004949, 54.97249643871335 ], [ 9.762050505765192, 54.939167284860353 ], [ 9.771528554869453, 54.930261664649784 ], [ 9.765341494588348, 54.921590923287582 ], [ 9.734055156722613, 54.918551114216349 ], [ 9.706674125976967, 54.926275198643516 ], [ 9.700311546567445, 54.922051480125162 ], [ 9.725081726347737, 54.902769352823455 ], [ 9.705291910707176, 54.888469581821738 ], [ 9.644628008529068, 54.90345392831258 ], [ 9.64622962293396, 54.915261017922312 ], [ 9.624596854199222, 54.927130414322335 ], [ 9.632912086270476, 54.934668681371861 ], [ 9.655883192064957, 54.927630378225906 ], [ 9.655949011625825, 54.937338966012433 ], [ 9.639954803537805, 54.950043397478403 ], [ 9.612003334501908, 54.947203005054746 ], [ 9.610752759252167, 54.929314421598725 ], [ 9.575451413800472, 54.91916962210081 ], [ 9.539382171375921, 54.920248698518343 ], [ 9.499999999675717, 54.89784694884618 ], [ 9.48709782064341, 54.890505081908977 ], [ 9.485673226451775, 54.889694347509732 ], [ 9.4432414046177, 54.874770729934333 ], [ 9.442649026773264, 54.859182597896272 ], [ 9.472926128078543, 54.874138361938677 ], [ 9.499999999675717, 54.881011498247204 ], [ 9.605662695544883, 54.90782440514522 ], [ 9.598992956986891, 54.88744233038058 ], [ 9.615250444216695, 54.86711577634545 ], [ 9.718719146938213, 54.841070101169471 ], [ 9.76235766491366, 54.829399429878769 ], [ 9.850621996972514, 54.793759843590131 ], [ 9.895247811055921, 54.798828634114081 ], [ 9.902071129188148, 54.819704261720318 ], [ 9.940817043037232, 54.80859481463041 ], [ 9.972366660044752, 54.77964570738235 ], [ 9.978663419893408, 54.740049566247592 ], [ 9.997443998075196, 54.712942705383234 ], [ 9.944985629299106, 54.70385452697186 ], [ 9.943964386754876, 54.701025594072441 ], [ 9.930614976068481, 54.663985261185893 ], [ 9.872869084004192, 54.618786999183847 ], [ 9.837721319025047, 54.596547002791873 ], [ 9.800928058736011, 54.546718046054487 ], [ 9.753450054099652, 54.531613929217592 ], [ 9.684975536783046, 54.527601162080259 ], [ 9.661850852312647, 54.524784015393529 ], [ 9.626615327320135, 54.520451607690681 ], [ 9.621788542754638, 54.531866374585441 ], [ 9.561673139312598, 54.517899789733924 ], [ 9.549211259635333, 54.509259632803818 ], [ 9.561328514128574, 54.499999999751346 ], [ 9.562155817589485, 54.499375447027894 ], [ 9.559106167455614, 54.489969869543557 ], [ 9.558930648327198, 54.48332160010586 ], [ 9.573345180666191, 54.484885223352045 ], [ 9.568650036120744, 54.495736954598833 ], [ 9.571035546493706, 54.499999999751346 ], [ 9.575934092077357, 54.508860812064739 ], [ 9.61101603839395, 54.512556401712779 ], [ 9.624280356165059, 54.499999999751346 ], [ 9.632012549277569, 54.4927681243596 ], [ 9.667555233418549, 54.488314472870265 ], [ 9.67176643485919, 54.499999999751346 ], [ 9.675958226401487, 54.511772114000799 ], [ 9.694256126306389, 54.515906070589402 ], [ 9.758737576489537, 54.520863605330739 ], [ 9.817712104249384, 54.543676419684182 ], [ 9.85077557654675, 54.587565322589626 ], [ 9.89643256764311, 54.622658189886529 ], [ 9.953103402687759, 54.658965724754118 ], [ 9.956877070686115, 54.682005428464059 ], [ 9.963482744092993, 54.681432772669233 ], [ 9.978093859257186, 54.683839830608534 ], [ 9.978116018000298, 54.68384565472001 ], [ 9.992758506825792, 54.686258392707266 ], [ 9.997268478946777, 54.68598970034131 ], [ 9.999999999705929, 54.683600958559701 ], [ 10.036664044527869, 54.651574349412797 ], [ 10.041146792305852, 54.602622107141457 ], [ 10.015722579709912, 54.520518059576162 ], [ 9.999999999705929, 54.512461522908275 ], [ 9.97572506742998, 54.499999999751346 ], [ 9.963305469656509, 54.493700833383514 ], [ 9.918328616417952, 54.487657551274502 ], [ 9.891408324395012, 54.495881450009684 ], [ 9.87800302771816, 54.479234871892061 ], [ 9.915125386709846, 54.468970250783194 ], [ 9.999999999705929, 54.480470366851748 ], [ 10.001746953438955, 54.480706667220176 ], [ 10.131636774142967, 54.487552442563306 ], [ 10.176859790922201, 54.467892381265841 ], [ 10.159390258083507, 54.449156555831692 ], [ 10.173387858942942, 54.425477934016669 ], [ 10.126899385422968, 54.380075648524254 ], [ 10.058407703097911, 54.382589434977433 ], [ 10.007057947908899, 54.382589434977433 ], [ 9.999999999705929, 54.381476030962119 ], [ 9.977528095799672, 54.377925298084847 ], [ 9.915383198704815, 54.389118332285264 ], [ 9.870328148019089, 54.399375919624788 ], [ 9.843916566551654, 54.401240658825479 ], [ 9.789539780807626, 54.391916111741978 ], [ 9.73360937315276, 54.376059494262911 ], [ 9.701268205632637, 54.36281623068642 ] ] ], [ [ [ 11.034602859270567, 55.68090428673095 ], [ 11.170491651899807, 55.709878864574655 ], [ 11.190070712893247, 55.69462564562415 ], [ 11.283703013272309, 55.689128364239025 ], [ 11.354460114691568, 55.694695521088896 ], [ 11.406561073460511, 55.706956763913468 ], [ 11.44363164098281, 55.730595032315712 ], [ 11.437654643646056, 55.767647097780412 ], [ 11.431413955739121, 55.806382521580701 ], [ 11.499999999796566, 55.810756149813535 ], [ 11.538120937736183, 55.813186851242186 ], [ 11.571433908120556, 55.851320062742836 ], [ 11.561941029627585, 55.884907889644879 ], [ 11.531704454918033, 55.916104384738851 ], [ 11.499999999796566, 55.923616011727404 ], [ 11.314137356583235, 55.967622411208929 ], [ 11.298909197633531, 55.977207903965137 ], [ 11.499999999796566, 55.940749324698018 ], [ 11.543636475901373, 55.932833299904843 ], [ 11.772344520814011, 55.944776433136497 ], [ 11.758984174037346, 55.909503440917163 ], [ 11.718397725358827, 55.918651815281969 ], [ 11.663989469833767, 55.916393873936897 ], [ 11.659374876321531, 55.889183982608948 ], [ 11.718002189054392, 55.845253290222637 ], [ 11.757270182187039, 55.817505703610379 ], [ 11.735713437874793, 55.799774443970954 ], [ 11.689523554473794, 55.80843788007514 ], [ 11.655045947967963, 55.795523310402288 ], [ 11.635928346146084, 55.774632556229854 ], [ 11.67332852800401, 55.757928129975262 ], [ 11.721737811603836, 55.770146200094132 ], [ 11.745997389874951, 55.752777020955627 ], [ 11.748084943441214, 55.733422282188101 ], [ 11.689369734151063, 55.724113687381866 ], [ 11.688798403833733, 55.707818282398499 ], [ 11.755688036070982, 55.7054083112927 ], [ 11.806075002091303, 55.663297059288887 ], [ 11.781903322174108, 55.639909449387417 ], [ 11.822357925118377, 55.638708211447394 ], [ 11.858923086088787, 55.661618655452486 ], [ 11.861274331123546, 55.718748597517525 ], [ 11.864416649665499, 55.749555777453111 ], [ 11.882787126258833, 55.77429551643317 ], [ 11.894960864122194, 55.789773084728488 ], [ 11.967981313120612, 55.795186452049215 ], [ 11.991603637308954, 55.835994699727941 ], [ 11.978287238810932, 55.868772677897326 ], [ 11.915924303528628, 55.906329953911211 ], [ 11.952928948183802, 55.918605500349493 ], [ 11.999999999826779, 55.908126207857521 ], [ 12.019510940673905, 55.903781709784624 ], [ 12.054999362978466, 55.856156559440358 ], [ 12.051439533543601, 55.776352575954057 ], [ 12.017774975133435, 55.747671749097904 ], [ 11.999999999826779, 55.752733069171903 ], [ 11.985714536529491, 55.756800293519149 ], [ 11.935393493376298, 55.668436721308908 ], [ 11.98815367901986, 55.691585931103695 ], [ 11.999999999826779, 55.691075646229685 ], [ 12.028981844578396, 55.689827213948298 ], [ 12.047000734044259, 55.675451674100351 ], [ 12.087741003045508, 55.672806649435408 ], [ 12.071963487468638, 55.699516641474446 ], [ 12.100200405169218, 55.744484974985482 ], [ 12.076270441233728, 55.855669457285686 ], [ 12.099848817143428, 55.871311637948523 ], [ 12.05119781666358, 55.904048125174015 ], [ 12.034848970769382, 55.949647521600745 ], [ 12.015885189270232, 55.965459853644276 ], [ 11.999999999826779, 55.964688991064179 ], [ 11.992768272532096, 55.964338051047839 ], [ 11.954818734047006, 55.959630751000212 ], [ 11.921681557675527, 55.955628515072412 ], [ 11.899619405913073, 55.962383492631375 ], [ 11.892807386790489, 55.980236840034493 ], [ 11.969781449813404, 56.000000000175547 ], [ 11.999999999826779, 56.00785728588702 ], [ 12.018126563159225, 56.012569700209312 ], [ 12.21099459863983, 56.067026018231381 ], [ 12.231606450020475, 56.073767756961047 ], [ 12.317569734902643, 56.083965745157201 ], [ 12.339434118962034, 56.080099472748444 ], [ 12.409334224006983, 56.063952700984331 ], [ 12.499999999856989, 56.06216051076612 ], [ 12.502153477188696, 56.062117941985996 ], [ 12.564604309926603, 56.038106073427919 ], [ 12.591808437239976, 56.026141300054363 ], [ 12.577657016956122, 56.003218889539163 ], [ 12.56625313618957, 56.000000000175547 ], [ 12.537971512930563, 55.992119067011544 ], [ 12.502680859227377, 55.9318031475499 ], [ 12.509822491787274, 55.900955279189517 ], [ 12.551815293467268, 55.850566117861113 ], [ 12.568757443368963, 55.801597874734135 ], [ 12.596862516233605, 55.745217723862851 ], [ 12.561549887941943, 55.706793771989503 ], [ 12.594467322021885, 55.672072535996243 ], [ 12.560033664693012, 55.640014410582801 ], [ 12.51707399639125, 55.610217537319116 ], [ 12.499999999856989, 55.594288582963856 ], [ 12.497429012530688, 55.591889451458599 ], [ 12.408015768461112, 55.602327008029022 ], [ 12.283114103883607, 55.545189887516628 ], [ 12.218627516235349, 55.500000000025729 ], [ 12.209016916219339, 55.493346178086057 ], [ 12.221168678595904, 55.458645969524135 ], [ 12.284586378853895, 55.43108133797196 ], [ 12.408213537062487, 55.419364565741454 ], [ 12.441526507446861, 55.39812191164296 ], [ 12.450777669059812, 55.345081096692518 ], [ 12.413685126949034, 55.289482718631263 ], [ 12.355629144533504, 55.278188625913515 ], [ 12.342752231516878, 55.267344654952453 ], [ 12.289948096696355, 55.263403825850965 ], [ 12.238726108890203, 55.251230114163036 ], [ 12.182669784381963, 55.232444788261994 ], [ 12.155553553625881, 55.211927780603439 ], [ 12.139688141491719, 55.192739481611461 ], [ 12.143006254046563, 55.167645624757633 ], [ 12.125185133182077, 55.167097903115874 ], [ 12.124635776554912, 55.189315349752427 ], [ 12.071655847721495, 55.185949163853074 ], [ 12.027333775595215, 55.167307669798667 ], [ 12.002876429621043, 55.152854488110059 ], [ 12.041990604227589, 55.129520152636481 ], [ 12.093959716363967, 55.12766541220283 ], [ 12.135996466322606, 55.132436235713811 ], [ 12.16851836409811, 55.120233917785775 ], [ 12.17728609195102, 55.101351444017155 ], [ 12.167881110913655, 55.081607460832217 ], [ 12.120636462536968, 55.078886203541373 ], [ 12.149246941953502, 55.051125768295826 ], [ 12.206423953406238, 55.008044822542416 ], [ 12.122137718056635, 54.999999999764796 ], [ 12.120482642214236, 54.999822702924554 ], [ 12.088246410495714, 54.975308753004278 ], [ 12.017511283664934, 54.967449546334343 ], [ 11.999999999826779, 54.976943087284859 ], [ 11.971694961979889, 54.992283571971676 ], [ 11.966478716416225, 54.999999999764796 ], [ 11.945831263902553, 55.02720544924307 ], [ 11.758566663144428, 55.068069411415976 ], [ 11.930295466104019, 55.04698808853027 ], [ 11.815348138292732, 55.131818044042483 ], [ 11.852528577859117, 55.137369761733758 ], [ 11.86270265781519, 55.151443855704464 ], [ 11.860065746723446, 55.162051516707059 ], [ 11.827390029523528, 55.168333179732656 ], [ 11.793923239714736, 55.170465689059824 ], [ 11.79697766080108, 55.187207149051744 ], [ 11.783902979183081, 55.199004644153888 ], [ 11.740657645722655, 55.197467558131109 ], [ 11.734373008638755, 55.183561211753265 ], [ 11.67115307698214, 55.183351530967798 ], [ 11.585123869232849, 55.195220045089727 ], [ 11.502918181488605, 55.202823811157337 ], [ 11.499999999796566, 55.202337084489457 ], [ 11.439742198110634, 55.192285277039559 ], [ 11.380345786459069, 55.214767977194647 ], [ 11.345011184477242, 55.244042726829889 ], [ 11.383290337297957, 55.255660523240337 ], [ 11.360107497692693, 55.264752354601825 ], [ 11.331826631713469, 55.258927777106535 ], [ 11.311830059827116, 55.314708475313545 ], [ 11.254982662710004, 55.338688192602412 ], [ 11.228042225966817, 55.36847423133301 ], [ 11.291767565073638, 55.377911059077796 ], [ 11.295239497052897, 55.416689595308767 ], [ 11.290493058704726, 55.467968666093178 ], [ 11.269886928694126, 55.500000000025729 ], [ 11.260410303419588, 55.514911142561409 ], [ 11.20505715496293, 55.516186386226522 ], [ 11.214484110588774, 55.533099909516011 ], [ 11.254609100095735, 55.525416039317818 ], [ 11.241886006503522, 55.56635589361828 ], [ 11.199014234759051, 55.587673943044599 ], [ 11.151220230653514, 55.59766898016521 ], [ 11.05917007639051, 55.621793652823499 ], [ 11.069915486663913, 55.633797912105315 ], [ 11.125883914614866, 55.636305624586221 ], [ 11.034602859270567, 55.68090428673095 ] ] ], [ [ [ 9.769378441728492, 55.494571282847097 ], [ 9.798483071806405, 55.500000000025729 ], [ 9.819006560404127, 55.503876799085049 ], [ 9.844325237123858, 55.530398446420641 ], [ 9.879187783407032, 55.537917640030749 ], [ 9.907007613321195, 55.532971272496184 ], [ 9.921487966119374, 55.511143667492767 ], [ 9.999999999705929, 55.509407892753089 ], [ 10.024732023544528, 55.508861945560064 ], [ 10.168949059443602, 55.553197149943273 ], [ 10.245155775262612, 55.56586514973641 ], [ 10.301585662385126, 55.562721905013099 ], [ 10.360718382568191, 55.548077366512139 ], [ 10.381506027961729, 55.566157259955844 ], [ 10.495574384810228, 55.518479380242482 ], [ 10.460091907556221, 55.500000000025729 ], [ 10.452570768229821, 55.496131501750824 ], [ 10.431607328823384, 55.465505190695602 ], [ 10.45569111218329, 55.443488972603497 ], [ 10.49999999973614, 55.441640845977943 ], [ 10.503968550048866, 55.441475312905837 ], [ 10.546928219248944, 55.478248825238389 ], [ 10.628606524954501, 55.490040516644548 ], [ 10.626285298921587, 55.500000000025729 ], [ 10.616916220851182, 55.540688736118433 ], [ 10.610389866887264, 55.571695257557678 ], [ 10.676752117085828, 55.535041105098543 ], [ 10.699729333220873, 55.500000000025729 ], [ 10.706593155490944, 55.489659076026321 ], [ 10.648119663080813, 55.46176920368589 ], [ 10.736038656693307, 55.431926385189982 ], [ 10.844503579717637, 55.371964034237074 ], [ 10.827649326373233, 55.368265528942217 ], [ 10.78754631055644, 55.382756119367961 ], [ 10.770384417464891, 55.366584275628128 ], [ 10.80820211021573, 55.340417047442671 ], [ 10.837911302886596, 55.290993000960967 ], [ 10.850656371067284, 55.193589645379213 ], [ 10.830132417142247, 55.089244674659724 ], [ 10.721667494117916, 55.04614647371347 ], [ 10.656316059718078, 55.046333500648871 ], [ 10.650229191235557, 55.022328433245029 ], [ 10.608873643638331, 55.023427860555337 ], [ 10.607247548345315, 55.008044822542416 ], [ 10.628567959381039, 54.999999999764796 ], [ 10.647438460719396, 54.992007723096386 ], [ 10.589712093537809, 54.965885406228509 ], [ 10.534468816226918, 54.981051043042051 ], [ 10.528988739057567, 54.999999999764796 ], [ 10.523064178180579, 55.018246252310675 ], [ 10.568353117826939, 55.045702281355013 ], [ 10.502672069091474, 55.050669943202067 ], [ 10.49999999973614, 55.05085278692043 ], [ 10.339381380547485, 55.061841999182718 ], [ 10.237794400411179, 55.112229216861984 ], [ 10.205997653275736, 55.083113999560695 ], [ 10.143480897670701, 55.107304241915571 ], [ 10.198130870075781, 55.125997238331571 ], [ 10.161455837959602, 55.146267221003271 ], [ 10.092896163049007, 55.165279879622354 ], [ 10.037081555420786, 55.198166240889336 ], [ 10.024512281252989, 55.165174990804665 ], [ 9.999999999705929, 55.165174990804665 ], [ 9.999659930777026, 55.165174990804665 ], [ 9.96247175222447, 55.231420935789124 ], [ 9.937438294200708, 55.266147335680188 ], [ 9.938535290774531, 55.331156927691097 ], [ 9.922541082686511, 55.368775688333571 ], [ 9.86023168519851, 55.386186711033226 ], [ 9.869600034735221, 55.395862612712769 ], [ 9.916770881121426, 55.4004158367649 ], [ 9.886362140694413, 55.442378000686361 ], [ 9.841341407449171, 55.462648291465527 ], [ 9.772910770139246, 55.478387571322628 ], [ 9.769378441728492, 55.494571282847097 ] ] ], [ [ [ 8.089152881342608, 53.017613113195949 ], [ 8.079916189792254, 53.035347766660706 ], [ 8.059424295841364, 53.036118096230446 ], [ 7.999999999585081, 53.071913961769724 ], [ 7.986320454438508, 53.080149983331424 ], [ 7.936165778377618, 53.099662465589624 ], [ 7.90123741163525, 53.101320152884682 ], [ 7.853912986573136, 53.123341404055665 ], [ 7.78526295012811, 53.129358485621346 ], [ 7.758408477666019, 53.124507776850294 ], [ 7.735630511454255, 53.126788030409998 ], [ 7.74864520896749, 53.155815643687617 ], [ 7.796276794076408, 53.184916811988153 ], [ 7.842943021733224, 53.226680295032921 ], [ 7.862206279090207, 53.280633060136097 ], [ 7.936516816634437, 53.299407319170335 ], [ 7.958237346280886, 53.330732091810852 ], [ 7.985684196587386, 53.351237694980178 ], [ 7.987636850147434, 53.349220541411768 ], [ 7.999999999585081, 53.348345713721528 ], [ 8.024715329132432, 53.346596779921889 ], [ 8.160023156114615, 53.404767748206716 ], [ 8.163836196373568, 53.412681514819397 ], [ 8.201836371992901, 53.402978490934821 ], [ 8.231916013717251, 53.382721858384357 ], [ 8.277178086550103, 53.385488289665403 ], [ 8.321694201065958, 53.415025142767988 ], [ 8.337271550437976, 53.456194843711245 ], [ 8.323635581667494, 53.499999999893774 ], [ 8.318490971357845, 53.516711939476139 ], [ 8.275795871280311, 53.509282864964135 ], [ 8.23656727915435, 53.51950248783087 ], [ 8.236589218708525, 53.549416189443107 ], [ 8.261074178894514, 53.577145753626034 ], [ 8.282487549392496, 53.58533237068059 ], [ 8.319456328809943, 53.58523950047519 ], [ 8.345740362981745, 53.575314493173742 ], [ 8.378079817414648, 53.558258713333686 ], [ 8.460771407489332, 53.534847203026956 ], [ 8.499999999615302, 53.530500358749677 ], [ 8.512439939738362, 53.529121819516035 ], [ 8.537539217323001, 53.512764991368371 ], [ 8.530277100920571, 53.501201098754301 ], [ 8.523736142146765, 53.499999999893774 ], [ 8.503707848052764, 53.496365374805144 ], [ 8.499999999615302, 53.493270307946915 ], [ 8.486550823830072, 53.482041918689795 ], [ 8.487187081681194, 53.418118538465549 ], [ 8.499999999615302, 53.377320703471625 ], [ 8.50713047689597, 53.354599404650266 ], [ 8.499999999615302, 53.314020931127288 ], [ 8.493264442394766, 53.275654247132415 ], [ 8.49515127549561, 53.23356859515529 ], [ 8.499999999615302, 53.227097472544855 ], [ 8.536639680330104, 53.178166260433457 ], [ 8.541746701534997, 53.180138255224932 ], [ 8.55531055984264, 53.164158770464617 ], [ 8.575977972023617, 53.1483584230375 ], [ 8.61116961790777, 53.125674117840383 ], [ 8.655356852909891, 53.116689555822596 ], [ 8.669902806080025, 53.115083105726718 ], [ 8.680368152190532, 53.07149850687496 ], [ 8.701342723519986, 53.070237793110067 ], [ 8.723392351869043, 53.066880132778493 ], [ 8.736314969370701, 53.045414089178095 ], [ 8.731641765277754, 53.031336515803531 ], [ 8.764288378859099, 53.027789832849834 ], [ 8.780326466055486, 53.03478993288703 ], [ 8.801630136985882, 53.029769104221543 ], [ 8.800225837533153, 53.02153263967957 ], [ 8.797000812001292, 53.022196902115368 ], [ 8.77760591462426, 53.021585753406008 ], [ 8.760799929556692, 53.015633246084825 ], [ 8.751431580020007, 53.00816487126427 ], [ 8.725981263280209, 53.008417381929043 ], [ 8.685677615032924, 53.01213842079612 ], [ 8.687915487288929, 53.025199373479374 ], [ 8.663544834129565, 53.023457965405314 ], [ 8.641118058888237, 53.022312221752287 ], [ 8.606035674193784, 53.02068230140145 ], [ 8.608543846823864, 53.017313185622214 ], [ 8.607531977301283, 53.013681494777053 ], [ 8.598828846402137, 53.008387346486138 ], [ 8.588569077947753, 53.002923476178005 ], [ 8.582111662495379, 52.999999999855014 ], [ 8.579650716096443, 52.9988986909541 ], [ 8.557855591247124, 52.988979069460839 ], [ 8.543879857178323, 52.995654776857471 ], [ 8.53584984290474, 52.963133784035556 ], [ 8.522444547126204, 52.945574848203847 ], [ 8.499999999615302, 52.935950316266634 ], [ 8.490565830517715, 52.931904172039829 ], [ 8.481043901406762, 52.913911213381553 ], [ 8.480868382278343, 52.892328183840952 ], [ 8.489688233977319, 52.873554413558274 ], [ 8.469393799607342, 52.869732786296737 ], [ 8.457590118233728, 52.878601078417752 ], [ 8.437888062606525, 52.888047165881176 ], [ 8.38994931834913, 52.904220597648319 ], [ 8.328407819630643, 52.932272640045362 ], [ 8.265879023007512, 52.96146369146944 ], [ 8.248765878791511, 52.97448080398555 ], [ 8.236618269326488, 52.999999999855014 ], [ 8.232925250277709, 53.007845908416854 ], [ 8.177921850097137, 53.031429496084677 ], [ 8.171449571120089, 53.019048066834614 ], [ 8.158921871881939, 53.011885932006855 ], [ 8.133822593399003, 53.018915199250479 ], [ 8.089152881342608, 53.017613113195949 ] ] ], [ [ [ 10.976458980297746, 54.79138362807663 ], [ 10.97977709285259, 54.804200326925077 ], [ 10.999334180155865, 54.786868432464217 ], [ 10.999999999766354, 54.786863790771577 ], [ 11.040997367500234, 54.786577964056136 ], [ 11.046974364836986, 54.802431838742521 ], [ 11.065740378633071, 54.806905698967086 ], [ 11.07995772178405, 54.802141482639165 ], [ 11.10494244979691, 54.803025742828716 ], [ 11.123247003523122, 54.816524792816068 ], [ 11.116259190387643, 54.836164875906597 ], [ 11.05086380770916, 54.872491524681585 ], [ 11.048314794073022, 54.897502995260595 ], [ 11.086528024026613, 54.921077725101078 ], [ 11.137090784059827, 54.937680959969889 ], [ 11.213143680454424, 54.945019973971213 ], [ 11.266826785339424, 54.938785843876708 ], [ 11.330178562730287, 54.925525225329821 ], [ 11.422580305019084, 54.848176341256377 ], [ 11.499999999796566, 54.833595477933358 ], [ 11.591584299431325, 54.816340085812826 ], [ 11.66565951340543, 54.837734085609981 ], [ 11.653068265547471, 54.867748255003832 ], [ 11.684535398347288, 54.886019938237851 ], [ 11.760851986210383, 54.858246853763305 ], [ 11.828137154752067, 54.784861516288871 ], [ 11.856901454491332, 54.700057258354896 ], [ 11.806470539294052, 54.69205139363941 ], [ 11.787704525497963, 54.677001367889154 ], [ 11.825939729141721, 54.662647661822618 ], [ 11.801218692597361, 54.632626128558172 ], [ 11.714793947645319, 54.643784126892157 ], [ 11.594726617973276, 54.644393620210948 ], [ 11.499999999796566, 54.616488331214768 ], [ 11.483009506159542, 54.611481107628357 ], [ 11.4272168731198, 54.667031114633161 ], [ 11.258850130993698, 54.71738683414884 ], [ 11.094416780916733, 54.73707531278653 ], [ 11.019506546055112, 54.756318155279402 ], [ 10.999999999766354, 54.772211483826609 ], [ 10.976458980297746, 54.79138362807663 ] ] ], [ [ [ 11.781661605294087, 54.937352119560856 ], [ 11.857670553410038, 54.912918304695033 ], [ 11.868613732284818, 54.93583941919966 ], [ 11.907310395100131, 54.913944904063783 ], [ 11.936338386307899, 54.934287197524974 ], [ 11.999999999826779, 54.915492495148136 ], [ 12.004304756312683, 54.914221291648026 ], [ 12.000261494016094, 54.878380304110252 ], [ 12.159486944776701, 54.866430580403524 ], [ 12.218487819225514, 54.827803515164618 ], [ 12.202776227414088, 54.786195070467272 ], [ 12.067041254209258, 54.712440064808334 ], [ 11.999999999826779, 54.667646803301949 ], [ 11.970178738730958, 54.647705922986994 ], [ 11.954005686849653, 54.610168294383485 ], [ 11.972134447461286, 54.569755283487815 ], [ 11.93818422299414, 54.560263135185522 ], [ 11.918534844575206, 54.580836382611636 ], [ 11.911134355279671, 54.591788419542638 ], [ 11.90328163520549, 54.606178804199772 ], [ 11.89953150845747, 54.621968826988692 ], [ 11.899119711748076, 54.627870720421939 ], [ 11.901524134352712, 54.644819994843019 ], [ 11.905823836916829, 54.659304662464123 ], [ 11.912527742896653, 54.68692468975064 ], [ 11.908782670070419, 54.697662281592777 ], [ 11.904831479700558, 54.702711282684092 ], [ 11.891731966851475, 54.746903525910064 ], [ 11.871074848465348, 54.793165802733839 ], [ 11.860039817751087, 54.811203171971556 ], [ 11.85077041764292, 54.823310873813661 ], [ 11.827961360739172, 54.850285557807432 ], [ 11.797043583668207, 54.879170678467908 ], [ 11.805921182666888, 54.904691400648865 ], [ 11.781661605294087, 54.937352119560856 ] ] ], [ [ [ 14.724563701463174, 55.084994173800375 ], [ 14.745131603666856, 55.14371363239615 ], [ 14.741879413979138, 55.210088528437588 ], [ 14.769676846198323, 55.229861835963661 ], [ 14.784773159413772, 55.261427451140086 ], [ 14.831138837725986, 55.249741571470331 ], [ 14.866956873467855, 55.230292340140338 ], [ 14.918530449299794, 55.196128381808599 ], [ 14.974740594130767, 55.186659697352212 ], [ 15.000000000008052, 55.169791614719614 ], [ 15.043192774837836, 55.140903329434067 ], [ 15.135637387426934, 55.107000787458091 ], [ 15.150894808997018, 55.07997239264261 ], [ 15.113530589394863, 55.013450033204641 ], [ 15.119301410797496, 54.999999999764796 ], [ 15.12000676167038, 54.998154759872456 ], [ 15.095507073605287, 54.982575173399461 ], [ 15.061852932059157, 54.991666193377029 ], [ 15.006560498935919, 54.999999999764796 ], [ 15.000000000008052, 55.000881019667865 ], [ 14.958897155686772, 55.006395034591485 ], [ 14.842455579215033, 55.042896739769972 ], [ 14.781433073168767, 55.051382898378542 ], [ 14.745285423989589, 55.064903250126903 ], [ 14.724563701463174, 55.084994173800375 ] ] ], [ [ [ 8.560312863536565, 56.747650209808768 ], [ 8.582274731872282, 56.796011898958113 ], [ 8.650464029594598, 56.802515785676157 ], [ 8.648226156440259, 56.82530528809081 ], [ 8.603424823228444, 56.840633642433055 ], [ 8.623346277990748, 56.889384844089108 ], [ 8.712049408319803, 56.904663695154369 ], [ 8.801871475675158, 56.910407568691582 ], [ 8.819445358613905, 56.938731802147444 ], [ 8.866133526723234, 56.956534802914071 ], [ 8.87008271384998, 56.931742456910733 ], [ 8.86764738111475, 56.910974960105392 ], [ 8.829559665569295, 56.898073360519 ], [ 8.838533095944172, 56.860791101640096 ], [ 8.893777836610651, 56.831653220937532 ], [ 8.888095395058931, 56.789646284628986 ], [ 8.86075824431998, 56.758301893776093 ], [ 8.819138199465437, 56.724417629276239 ], [ 8.751321880452457, 56.699435544812935 ], [ 8.669244608674683, 56.699715026547352 ], [ 8.649608372608384, 56.729979870061378 ], [ 8.687103710309399, 56.740031698659116 ], [ 8.647502139474094, 56.748882983465371 ], [ 8.560312863536565, 56.747650209808768 ] ] ], [ [ [ 5.898231641387234, 60.24285282244157 ], [ 5.8880295753168, 60.221523135670665 ], [ 5.887985695310116, 60.194380776127133 ], [ 5.923901358160432, 60.141398524438955 ], [ 5.915586125190853, 60.113101727118959 ], [ 5.930527216711741, 60.098173209218103 ], [ 5.921597665445224, 60.091369811127493 ], [ 5.918196977054528, 60.081990150859681 ], [ 5.928004124861441, 60.050587944219991 ], [ 5.913940630779274, 60.046488805716784 ], [ 5.902268588527348, 60.04606864370254 ], [ 5.910583821496928, 60.039742851267881 ], [ 5.893097698571592, 60.01750775877278 ], [ 5.862776717259594, 60.004696168212021 ], [ 5.838993834485591, 59.993631222509329 ], [ 5.826466136145776, 59.982790116842395 ], [ 5.812314882050233, 59.985361362358688 ], [ 5.805491563918034, 59.997532238650358 ], [ 5.816593167879661, 60.01216546481119 ], [ 5.806127821769155, 60.015655103991008 ], [ 5.774578204761644, 59.983404503632869 ], [ 5.766986989656552, 60.002649489916116 ], [ 5.756675223120242, 60.005560282927014 ], [ 5.732321902954276, 59.998373796874247 ], [ 5.740593255917163, 60.016234780259744 ], [ 5.730873867225319, 60.023474190729296 ], [ 5.726200662234056, 60.059079825570031 ], [ 5.727626757510531, 60.079063421108735 ], [ 5.745354220023478, 60.075319549251098 ], [ 5.760053971956765, 60.059579279659324 ], [ 5.7666359505014, 60.071075979446576 ], [ 5.781906140724905, 60.070327057134214 ], [ 5.795530836536877, 60.058035487965668 ], [ 5.810428048051082, 60.070792298508103 ], [ 5.820279075864661, 60.079369719080681 ], [ 5.831556198954734, 60.098672069998948 ], [ 5.820454594993106, 60.108273655451001 ], [ 5.803802189499772, 60.095349970115976 ], [ 5.798251387968103, 60.09070073463419 ], [ 5.784977731311291, 60.09862671937281 ], [ 5.760777989821262, 60.090201752763043 ], [ 5.747657912738684, 60.088398552054016 ], [ 5.733440839082276, 60.110007763015517 ], [ 5.701913161628947, 60.155458544835788 ], [ 5.712992826036436, 60.181208276453589 ], [ 5.757377300532232, 60.202496465542339 ], [ 5.719465104115186, 60.241780460420706 ], [ 5.671943219472145, 60.24285282244157 ], [ 5.898231641387234, 60.24285282244157 ] ] ], [ [ [ 9.650222690067421, 55.039284314541625 ], [ 9.772910770139246, 55.063793281865586 ], [ 9.827036573779411, 55.050880324701879 ], [ 9.887766295518388, 55.010911313339726 ], [ 9.926358629793237, 55.009285043988449 ], [ 9.971756005975857, 54.999999999764796 ], [ 9.983226924418805, 54.997366731144922 ], [ 9.999999999705929, 54.985334227643058 ], [ 10.016799317477451, 54.973298099730151 ], [ 10.032796575345859, 54.950884956459497 ], [ 10.051848254300612, 54.902374400067963 ], [ 10.006273649495588, 54.886533585980175 ], [ 9.999999999705929, 54.884887691952194 ], [ 9.974034094908829, 54.878064150318281 ], [ 9.924405976233192, 54.886177984357765 ], [ 9.868393338593847, 54.903822541319897 ], [ 9.888687772963793, 54.9098383498118 ], [ 9.966618398932164, 54.888443242608901 ], [ 9.991893196543526, 54.893355252169528 ], [ 9.964161126642733, 54.909719885340849 ], [ 9.883531889695645, 54.931143106383594 ], [ 9.862381798339474, 54.926867273299912 ], [ 9.823197086220187, 54.920985611711082 ], [ 9.777825314718109, 54.930537939674032 ], [ 9.770541257863181, 54.941455853921525 ], [ 9.761414247914072, 54.970341072953772 ], [ 9.80281489273519, 54.949438515915503 ], [ 9.810515807407821, 54.960062060757529 ], [ 9.813389938413273, 54.972089030595562 ], [ 9.770848417011647, 54.989643225966205 ], [ 9.770933721031028, 54.999999999764796 ], [ 9.7709581165792, 55.002638880615784 ], [ 9.745573619400286, 55.005341943054951 ], [ 9.706191447700082, 55.005798286268188 ], [ 9.669266548289311, 55.024574039999806 ], [ 9.650222690067421, 55.039284314541625 ] ] ], [ [ [ 5.39403014531471, 59.993380996072695 ], [ 5.404627130546988, 59.997304786855345 ], [ 5.418449285939842, 59.993164889588066 ], [ 5.426172141064983, 59.998544380449324 ], [ 5.439906535546173, 59.997816551525155 ], [ 5.449801443366427, 59.991879595779956 ], [ 5.457304899356475, 59.996667913482092 ], [ 5.486397244074582, 59.991959217297413 ], [ 5.494558897469892, 59.999044753514838 ], [ 5.485344127507442, 60.008641350244517 ], [ 5.479464227273083, 60.030393897933443 ], [ 5.486177844939444, 60.050383567379981 ], [ 5.498859123751819, 60.060260341194706 ], [ 5.500000000332335, 60.060464423603506 ], [ 5.51592838796118, 60.063313594067196 ], [ 5.533151231744731, 60.059953865136748 ], [ 5.548004563252262, 60.053097137260615 ], [ 5.555025340965416, 60.066979393229218 ], [ 5.594868250489998, 60.069589465338709 ], [ 5.595943307509647, 60.052143439502025 ], [ 5.620537967263196, 60.052256976623823 ], [ 5.662223830780274, 60.076817149349687 ], [ 5.698007854508855, 60.075614536621266 ], [ 5.705445490039703, 60.060510060448678 ], [ 5.717885429264475, 60.037789218828706 ], [ 5.714550560434637, 60.024735526471403 ], [ 5.698753811927527, 60.008607243958551 ], [ 5.698336953211498, 59.996031027807476 ], [ 5.611476776874946, 59.976964252994627 ], [ 5.59772044104295, 59.961860007993664 ], [ 5.595043770516741, 59.93487827242059 ], [ 5.611652296003355, 59.926456918944659 ], [ 5.626286228375784, 59.922387918503873 ], [ 5.640305842451268, 59.908946402737719 ], [ 5.623960596106403, 59.904955079223129 ], [ 5.614219267860347, 59.913324900730096 ], [ 5.599585335487953, 59.913131073365854 ], [ 5.592191579065465, 59.920609711039248 ], [ 5.581199675569676, 59.922023165792744 ], [ 5.566938721906582, 59.915342919690318 ], [ 5.554323262655103, 59.898476706927745 ], [ 5.54265122130151, 59.900552661394613 ], [ 5.525538077085474, 59.909527955422938 ], [ 5.51279097871226, 59.93159659268138 ], [ 5.516433006690566, 59.939686256444162 ], [ 5.503488448736408, 59.941588748759841 ], [ 5.504212466600904, 59.960015610194141 ], [ 5.503137409581246, 59.96757470990493 ], [ 5.500000000332335, 59.968134060074355 ], [ 5.491070449065819, 59.969726004351017 ], [ 5.484861449230556, 59.963453848839599 ], [ 5.497060049766016, 59.948947059328546 ], [ 5.489271375080008, 59.941759626045226 ], [ 5.481175541245556, 59.945883194075748 ], [ 5.456822221079589, 59.967882045944975 ], [ 5.4107264308147, 59.983996124326609 ], [ 5.39403014531471, 59.993380996072695 ] ] ], [ [ [ 10.719074532203134, 54.813397850028309 ], [ 10.720942344376173, 54.873334713879025 ], [ 10.755947332022373, 54.931866663810624 ], [ 10.843448815640269, 54.973192964690185 ], [ 10.862660209662645, 54.999999999764796 ], [ 10.890825308852889, 55.034993403364261 ], [ 10.914447633041231, 55.109580076055138 ], [ 10.946925581639777, 55.101258059730718 ], [ 10.937366781177994, 55.029345534163113 ], [ 10.925623220453057, 54.999999999764796 ], [ 10.912030465139344, 54.961849904741158 ], [ 10.881552173549773, 54.91598486229892 ], [ 10.836307182182059, 54.842045800635148 ], [ 10.799302537526884, 54.748653837862491 ], [ 10.739664408995298, 54.754534349394127 ], [ 10.719074532203134, 54.813397850028309 ] ] ], [ [ [ 5.132637837528846, 59.806285123374224 ], [ 5.138912656925005, 59.830240044156632 ], [ 5.15962395001096, 59.845495862409024 ], [ 5.1808618004822, 59.851584803221819 ], [ 5.176451874632712, 59.860310716854478 ], [ 5.187136619878357, 59.864398770754619 ], [ 5.20152921266314, 59.860607631358249 ], [ 5.218532657311634, 59.869685087595919 ], [ 5.224105399295803, 59.878235033577134 ], [ 5.199598499555603, 59.892601734782986 ], [ 5.193762478429639, 59.907384141941009 ], [ 5.214232431928031, 59.911397976769273 ], [ 5.231543034826661, 59.907452563425863 ], [ 5.259231224720764, 59.879319314961279 ], [ 5.278253142490163, 59.878908433602781 ], [ 5.305041795391361, 59.848134921687233 ], [ 5.321694200884694, 59.842593797685979 ], [ 5.344599486219981, 59.812792966286395 ], [ 5.369830404722978, 59.756593678371956 ], [ 5.378299216368458, 59.75260690541193 ], [ 5.39718949501613, 59.747943608854413 ], [ 5.392889268734194, 59.742912932827338 ], [ 5.352585620486909, 59.728446939373349 ], [ 5.34953597035303, 59.731657052298523 ], [ 5.35962833775421, 59.749169649321658 ], [ 5.338280786817132, 59.777825507285897 ], [ 5.320421685182451, 59.773234441838852 ], [ 5.303878979256669, 59.770818440068375 ], [ 5.282706948346298, 59.778626875289866 ], [ 5.268665393818351, 59.775341144139986 ], [ 5.286656135473082, 59.747851940472344 ], [ 5.270574168270002, 59.741984638715032 ], [ 5.276476008956823, 59.732195861959184 ], [ 5.27423813580252, 59.719755153523487 ], [ 5.270135369101511, 59.707550722474991 ], [ 5.245518769793749, 59.695663168901767 ], [ 5.227374448564785, 59.681234068980906 ], [ 5.229173522550596, 59.676595229113573 ], [ 5.247800522056448, 59.678306163379837 ], [ 5.253790122756645, 59.687536805824948 ], [ 5.27171504395222, 59.687054671098622 ], [ 5.265813203265399, 59.673000833781664 ], [ 5.247954101630682, 59.665776422133632 ], [ 5.269301651669463, 59.661686873561926 ], [ 5.275049913680347, 59.655850358616036 ], [ 5.232508392278723, 59.646128231258068 ], [ 5.230226639117737, 59.636138846796939 ], [ 5.219936813033926, 59.638035794947747 ], [ 5.201989951385842, 59.651139042268035 ], [ 5.207496873809162, 59.681234068980906 ], [ 5.194508435848347, 59.693585854612387 ], [ 5.19747032596885, 59.735680720949588 ], [ 5.210985322213236, 59.751953854256428 ], [ 5.222328264864175, 59.755654309330865 ], [ 5.239309769958459, 59.754611807918941 ], [ 5.231630794840028, 59.773291691274828 ], [ 5.245738168928851, 59.78295392790691 ], [ 5.214034972347106, 59.79264768813772 ], [ 5.188650475168209, 59.788024334725804 ], [ 5.179260185178982, 59.792750676190437 ], [ 5.16359507669192, 59.794215362688249 ], [ 5.165701309826201, 59.790484862611024 ], [ 5.137969239925415, 59.797110216701562 ], [ 5.132637837528846, 59.806285123374224 ] ] ], [ [ [ 5.323449395762119, 59.916825002078724 ], [ 5.32724500331466, 59.926662065107223 ], [ 5.336152614128678, 59.932382857907669 ], [ 5.373472432701284, 59.945438966916178 ], [ 5.367811930703731, 59.952785032701286 ], [ 5.35017222820416, 59.962110473567982 ], [ 5.347056758509424, 59.970841435448854 ], [ 5.363116786158283, 59.975678327829741 ], [ 5.379089053793813, 59.971296702523816 ], [ 5.38637311064876, 59.976930113932426 ], [ 5.407018583275526, 59.961814468553293 ], [ 5.460771408206365, 59.948571210262166 ], [ 5.485168608378989, 59.934319953813315 ], [ 5.500000000332335, 59.915654699524353 ], [ 5.518034621095461, 59.892943994508315 ], [ 5.515050790522449, 59.842788038163043 ], [ 5.520009215107979, 59.825027461097861 ], [ 5.541773623862788, 59.810036724475573 ], [ 5.529575023327328, 59.805061186284419 ], [ 5.52854384721266, 59.798563269666367 ], [ 5.509587749004155, 59.798425976051597 ], [ 5.500000000332335, 59.794011456585245 ], [ 5.48036376426599, 59.784968448510227 ], [ 5.460837227767232, 59.787486427543101 ], [ 5.42062133863499, 59.788218894601137 ], [ 5.411187169537403, 59.805392911861766 ], [ 5.399427368170443, 59.815000082238477 ], [ 5.36794357072379, 59.819265232384033 ], [ 5.353660677506522, 59.827428094459421 ], [ 5.353682617060741, 59.83536038182902 ], [ 5.367482832001087, 59.83906299077627 ], [ 5.359123719024851, 59.849243035152384 ], [ 5.340935518687491, 59.851653340500732 ], [ 5.335472476270864, 59.884546194784853 ], [ 5.329395116455633, 59.897758076936327 ], [ 5.330448233022773, 59.906528858510704 ], [ 5.344994405381827, 59.908421856130659 ], [ 5.366978213271728, 59.891791705358266 ], [ 5.36689045415665, 59.91164882547708 ], [ 5.359452818625801, 59.924428180356436 ], [ 5.34293205225423, 59.923607531279487 ], [ 5.323449395762119, 59.916825002078724 ] ] ], [ [ [ 5.248853638623587, 59.240578687857699 ], [ 5.259889423024393, 59.247604089454441 ], [ 5.280118036935139, 59.253988500953149 ], [ 5.269762390392175, 59.261569158120153 ], [ 5.258397507288725, 59.265254234019224 ], [ 5.250345553460931, 59.280989772415957 ], [ 5.258002589025205, 59.287960351864356 ], [ 5.278845521232897, 59.298448373760728 ], [ 5.282246209623595, 59.315143534612687 ], [ 5.253724303195777, 59.33031065396866 ], [ 5.256247395046086, 59.365596928536604 ], [ 5.279876697347565, 59.353634099668831 ], [ 5.281917110920943, 59.360033348368816 ], [ 5.264299347975547, 59.382768706482743 ], [ 5.282377849643654, 59.399445480265236 ], [ 5.319917067351362, 59.379907349044714 ], [ 5.332466706143678, 59.366709534549898 ], [ 5.328693038145311, 59.356381751448851 ], [ 5.349799249494824, 59.323987011261558 ], [ 5.369874283831328, 59.315236391492213 ], [ 5.372836174850164, 59.307307817694515 ], [ 5.349645669920581, 59.303209306560568 ], [ 5.358180302025263, 59.288053283235101 ], [ 5.377662958517337, 59.27250696903846 ], [ 5.389093661181653, 59.259209104113822 ], [ 5.385144474054878, 59.24324246325299 ], [ 5.389356940323439, 59.215943415528869 ], [ 5.389247240755886, 59.174615725655343 ], [ 5.37384541141062, 59.152102028685206 ], [ 5.328429759003527, 59.145535162712548 ], [ 5.275159613247897, 59.152895099134767 ], [ 5.269477171696205, 59.16872932262774 ], [ 5.286919414614867, 59.173485149199095 ], [ 5.280227736502691, 59.180361272870613 ], [ 5.260240461281221, 59.182505407439848 ], [ 5.253439083601484, 59.196450638896415 ], [ 5.248853638623587, 59.240578687857699 ] ] ], [ [ [ 12.232089883780516, 54.891840889848801 ], [ 12.241692632520941, 54.937431041277804 ], [ 12.236572631558502, 54.95262061599459 ], [ 12.272896074750575, 54.976530865447288 ], [ 12.286102602102824, 54.958918324777372 ], [ 12.358485797916785, 54.969683926078673 ], [ 12.357540904985187, 54.954264163907567 ], [ 12.428583671563109, 54.981708002579452 ], [ 12.394215936203048, 54.995948240362551 ], [ 12.392160698630818, 54.999999999764796 ], [ 12.385821770964409, 55.011133603878157 ], [ 12.338401328574825, 55.021556476964776 ], [ 12.406257828332159, 55.024480475617516 ], [ 12.453985910468887, 55.020468694645494 ], [ 12.491561886339706, 55.017041402397737 ], [ 12.499999999856989, 55.015618111854188 ], [ 12.553771002197596, 55.006547145563921 ], [ 12.565478871059666, 54.999999999764796 ], [ 12.592357793867141, 54.983126999485989 ], [ 12.586644487100575, 54.963335332188933 ], [ 12.547662159126594, 54.946821640642142 ], [ 12.499999999856989, 54.950610258147748 ], [ 12.480662655743574, 54.952147262004736 ], [ 12.430231740546292, 54.945177787533453 ], [ 12.394677396272925, 54.928814478718529 ], [ 12.337060899338789, 54.890958582687631 ], [ 12.300495739266697, 54.880211314585971 ], [ 12.255668258791898, 54.878169534847046 ], [ 12.232089883780516, 54.891840889848801 ] ] ], [ [ [ 10.905196471428281, 57.260047340274525 ], [ 10.940618970865714, 57.286080842432504 ], [ 10.999999999766354, 57.299718530918433 ], [ 11.001311862576356, 57.300019761276168 ], [ 11.079847850638279, 57.319246764570849 ], [ 11.198816467055991, 57.31916551217617 ], [ 11.228283942846836, 57.308682450428932 ], [ 11.215978360147542, 57.290181758185732 ], [ 11.156713794230226, 57.292075227100355 ], [ 11.107952922604609, 57.278691065885724 ], [ 11.103140560490997, 57.239591112202092 ], [ 11.041129213234484, 57.209962301563678 ], [ 11.040843548075818, 57.197619616679226 ], [ 11.013287831838339, 57.185529085782619 ], [ 10.999999999766354, 57.192608385491177 ], [ 10.956330562677142, 57.215864366732369 ], [ 10.905196471428281, 57.260047340274525 ] ] ], [ [ [ 11.01667186726031, 54.48552905128431 ], [ 11.01672776942044, 54.499999999751346 ], [ 11.016759763817598, 54.508382222224604 ], [ 11.045480115278218, 54.515640233809386 ], [ 11.093449914294967, 54.513819206312952 ], [ 11.133289238643259, 54.51136002475112 ], [ 11.177765130193952, 54.502691886217178 ], [ 11.180338437868633, 54.499999999751346 ], [ 11.189675176588811, 54.490350864111981 ], [ 11.221362052578485, 54.475344871910238 ], [ 11.291064389022056, 54.421240641829371 ], [ 11.278868677468532, 54.415449841460706 ], [ 11.153681346834048, 54.42921480776856 ], [ 11.14862726873873, 54.414857554127622 ], [ 11.114567173125815, 54.406261840078024 ], [ 11.08134209929873, 54.414133635597352 ], [ 11.077013170945161, 54.432267211605748 ], [ 11.063301236142705, 54.449971907523604 ], [ 11.028428093332437, 54.454784782643756 ], [ 11.020495387265358, 54.467419161056633 ], [ 11.01667186726031, 54.48552905128431 ] ] ], [ [ [ 10.200877651414979, 54.938154485082634 ], [ 10.200877651414979, 54.965188752435218 ], [ 10.291235788416158, 54.928011925494992 ], [ 10.347709623817314, 54.897568829420614 ], [ 10.4098308422196, 54.870488879137625 ], [ 10.443715142921304, 54.853554625425389 ], [ 10.483246828420766, 54.870488879137625 ], [ 10.49999999973614, 54.864461367347126 ], [ 10.51148374522303, 54.860329184300674 ], [ 10.517131129122472, 54.840002079009196 ], [ 10.49999999973614, 54.835596328726041 ], [ 10.477599444521326, 54.829834668396472 ], [ 10.438067759920179, 54.823054965106806 ], [ 10.426772993019609, 54.806100704983137 ], [ 10.387241308418464, 54.819664685182509 ], [ 10.336414856018431, 54.843390644422115 ], [ 10.285588404516716, 54.867102599730273 ], [ 10.268646253716705, 54.894184835216116 ], [ 10.234761953015001, 54.907719098003803 ], [ 10.200877651414979, 54.938154485082634 ] ] ], [ [ [ 10.980568166359776, 59.353286280005335 ], [ 10.985885935923593, 59.358920522676328 ], [ 10.999999999766354, 59.364762132679687 ], [ 11.016496073247414, 59.371588343997537 ], [ 11.053764409371089, 59.380023198387462 ], [ 11.047106210571235, 59.372990436542999 ], [ 11.047106210571235, 59.362432754747239 ], [ 11.055082864916958, 59.34835844651856 ], [ 11.075057463113147, 59.332874583622228 ], [ 11.075057463113147, 59.320900180829987 ], [ 11.089692316258727, 59.319495927790562 ], [ 11.103008714756749, 59.34835844651856 ], [ 11.101668285520709, 59.359627634794997 ], [ 11.093691631174984, 59.370174604687108 ], [ 11.079056777131093, 59.373697254939493 ], [ 11.079056777131093, 59.377207951922507 ], [ 11.133618852080568, 59.392683114468134 ], [ 11.157570789706222, 59.410952283585935 ], [ 11.166887874186298, 59.414459110917676 ], [ 11.180204272684319, 59.415870997907106 ], [ 11.169546758968206, 59.391976693111538 ], [ 11.158889245252093, 59.375806034314877 ], [ 11.158889245252093, 59.370174604687108 ], [ 11.142935936560644, 59.342026576768802 ], [ 11.142935936560644, 59.331470827486449 ], [ 11.145594821342552, 59.324427964269638 ], [ 11.154911904924314, 59.321608087688752 ], [ 11.154911904924314, 59.316675641040831 ], [ 11.132278422844532, 59.297647078104461 ], [ 11.113644254782695, 59.284254505369063 ], [ 11.095010085822542, 59.278607829422697 ], [ 11.079056777131093, 59.274378016263888 ], [ 11.051105524589181, 59.272960213579793 ], [ 11.032471356527344, 59.274378016263888 ], [ 11.027153586963529, 59.296938670074141 ], [ 11.024472727593137, 59.306100375927876 ], [ 11.013837188465507, 59.317383636186463 ], [ 11.004520103985429, 59.327943777661453 ], [ 10.999999999766354, 59.330630535715898 ], [ 10.993862590269318, 59.334278282017436 ], [ 10.980568166359776, 59.353286280005335 ] ] ], [ [ [ 10.903372608432203, 59.150702447601176 ], [ 10.903372608432203, 59.165570061626617 ], [ 10.918007462476098, 59.205884021910094 ], [ 10.927324546956173, 59.216478901399562 ], [ 10.922006776494042, 59.258151095761562 ], [ 10.924665661275949, 59.267323281128988 ], [ 10.932642316519988, 59.27931661996287 ], [ 10.919347891712134, 59.300468948798198 ], [ 10.916689006930225, 59.311034362668352 ], [ 10.919347891712134, 59.322304375656266 ], [ 10.920666347258004, 59.33569352218683 ], [ 10.926006091410301, 59.341319096689382 ], [ 10.936641630537935, 59.3497730980475 ], [ 10.955275798599772, 59.351883369793008 ], [ 10.972569537425573, 59.346955332413771 ], [ 10.980568166359776, 59.323012253168493 ], [ 10.992544135621761, 59.315967630639882 ], [ 10.999999999766354, 59.311713905110338 ], [ 11.009837873549246, 59.306100375927876 ], [ 11.020495387265358, 59.295533424257492 ], [ 11.020495387265358, 59.281431284646693 ], [ 11.019154958029322, 59.272960213579793 ], [ 11.011178303683598, 59.263789551339862 ], [ 10.999999999766354, 59.257864690907965 ], [ 10.999202334421613, 59.257441863108355 ], [ 10.989885250839853, 59.248267007940861 ], [ 10.94595871501801, 59.190323362213917 ], [ 10.940640945454193, 59.178298581361389 ], [ 10.935323174992062, 59.163448179356571 ], [ 10.943299830236102, 59.143622018697378 ], [ 10.940640945454193, 59.133704615046213 ], [ 10.936641630537935, 59.129456751159474 ], [ 10.912689692912279, 59.124496350597866 ], [ 10.90869037799602, 59.13512823141869 ], [ 10.903372608432203, 59.150702447601176 ] ] ], [ [ [ 5.937877092229222, 60.186771901904514 ], [ 5.9387985696746, 60.21402225560859 ], [ 5.998672634427372, 60.24285282244157 ], [ 6.000000000362556, 60.24285282244157 ], [ 6.108416156545029, 60.24285282244157 ], [ 6.119912678770213, 60.222833354029206 ], [ 6.104532788979149, 60.197093765530241 ], [ 6.066269554305249, 60.173415349778359 ], [ 6.021139121492458, 60.169082630195113 ], [ 6.000000000362556, 60.162360413436069 ], [ 5.990006362302632, 60.15918196791074 ], [ 5.985223457743845, 60.146312292851448 ], [ 5.981647250224704, 60.136495344308614 ], [ 5.96530200298154, 60.132044478526176 ], [ 5.956109173471563, 60.144047975264925 ], [ 5.966925557838942, 60.155073729077536 ], [ 5.961199236280531, 60.166480460055503 ], [ 5.937877092229222, 60.186771901904514 ] ] ], [ [ [ 8.354494394221527, 54.806734144214325 ], [ 8.359395335612062, 54.837937551233949 ], [ 8.361135171993075, 54.855229919220136 ], [ 8.367620614882323, 54.893502603306047 ], [ 8.374059325613862, 54.931277163092766 ], [ 8.399800347061062, 54.966450606710374 ], [ 8.428157170987449, 54.999999999764796 ], [ 8.447585510845887, 55.020468694645494 ], [ 8.483654753270436, 55.018328134139985 ], [ 8.456361805033328, 54.999999999764796 ], [ 8.435079752060256, 54.98395472433026 ], [ 8.409453915293749, 54.933892555362611 ], [ 8.449933083567778, 54.884452614746479 ], [ 8.499999999615302, 54.879778851502437 ], [ 8.510465345725807, 54.878801839314853 ], [ 8.551010333560704, 54.887139417522917 ], [ 8.686072533296436, 54.871121304125374 ], [ 8.67791087990109, 54.864374921878849 ], [ 8.559989469135985, 54.878765482083132 ], [ 8.551054213567387, 54.879855657432415 ], [ 8.507766734747092, 54.866760003108944 ], [ 8.499999999615302, 54.86372180375826 ], [ 8.464918054197033, 54.849995547144857 ], [ 8.420467759242038, 54.856467561973396 ], [ 8.379154873535972, 54.853132825000664 ], [ 8.380383510129818, 54.797614294437047 ], [ 8.402433138478921, 54.73681092393543 ], [ 8.376412382550571, 54.726524857986391 ], [ 8.354494394221527, 54.806734144214325 ] ] ], [ [ [ 5.186390662459686, 60.067921312742541 ], [ 5.202911428831258, 60.098683407533514 ], [ 5.210590403051391, 60.101903141247782 ], [ 5.228998003422178, 60.083396703317376 ], [ 5.236545338520576, 60.059431714580022 ], [ 5.238037254256217, 60.045773391206552 ], [ 5.255194278478946, 60.039776924878623 ], [ 5.275795871099018, 60.060407903005377 ], [ 5.259560323423408, 60.075433006383385 ], [ 5.233649267960941, 60.130787254457793 ], [ 5.214890629333327, 60.177159352799528 ], [ 5.231740494407579, 60.177781426714105 ], [ 5.255435617168223, 60.15064802500892 ], [ 5.248765878610212, 60.133245026008701 ], [ 5.272088022661556, 60.129031590702283 ], [ 5.298986375130304, 60.113929001230865 ], [ 5.333826981859295, 60.054164337912631 ], [ 5.325467868883033, 60.030303008094059 ], [ 5.322571798323389, 60.018917070919194 ], [ 5.291285460457662, 59.992607556205201 ], [ 5.27362381840388, 59.991333615253481 ], [ 5.270245068669062, 60.003456805910993 ], [ 5.254514140621132, 60.00989188579203 ], [ 5.226496852024351, 60.018542017711162 ], [ 5.21851071775745, 60.031723133507342 ], [ 5.196768248556825, 60.048918827595379 ], [ 5.224105399295803, 60.059000366153285 ], [ 5.211797099192766, 60.068012098728978 ], [ 5.186390662459686, 60.067921312742541 ] ] ], [ [ [ 12.52019434034472, 55.586365992203774 ], [ 12.543003617335714, 55.616659509229088 ], [ 12.573415986058158, 55.626752128018666 ], [ 12.596225262150837, 55.646929537482549 ], [ 12.619034539141829, 55.661047515396142 ], [ 12.638042269817936, 55.652980725560468 ], [ 12.664653092225498, 55.620696869704574 ], [ 12.683660822901604, 55.596466441690232 ], [ 12.67985927658672, 55.584345589103762 ], [ 12.664653092225498, 55.566157259955844 ], [ 12.592423716734267, 55.537847483392426 ], [ 12.562011347113506, 55.558070842010288 ], [ 12.553709913165013, 55.562821464622203 ], [ 12.54416122054681, 55.568932081925965 ], [ 12.52019434034472, 55.586365992203774 ] ] ], [ [ [ 10.53972066292361, 55.851528844664685 ], [ 10.53972066292361, 55.884305258403593 ], [ 10.579252347524754, 55.893239459966473 ], [ 10.61878403302422, 55.914077899065468 ], [ 10.61878403302422, 55.931930470940522 ], [ 10.562310197623059, 55.949774786602994 ], [ 10.551015430722494, 55.967610847173972 ], [ 10.562310197623059, 55.994349465342516 ], [ 10.590547115323639, 55.973554366545343 ], [ 10.61878403302422, 55.949774786602994 ], [ 10.630078799924789, 55.928955616071413 ], [ 10.652668333725924, 55.911101667365735 ], [ 10.692200018327071, 55.931930470940522 ], [ 10.692200018327071, 55.902171596198706 ], [ 10.641373566825356, 55.878347976659647 ], [ 10.635726182925914, 55.851528844664685 ], [ 10.636177973530071, 55.850145642307609 ], [ 10.636629764134229, 55.846186683855471 ], [ 10.635909229038097, 55.841134651227293 ], [ 10.633245729610577, 55.832633910571531 ], [ 10.624431416025345, 55.821707995425896 ], [ 10.562310197623059, 55.827674002491129 ], [ 10.53972066292361, 55.851528844664685 ] ] ], [ [ [ 8.552859574861891, 53.493862622352964 ], [ 8.587189275552831, 53.47483893169445 ], [ 8.621108404836408, 53.45373552412012 ], [ 8.606781631612458, 53.433858444930834 ], [ 8.623412097551615, 53.417526203759763 ], [ 8.62905065909665, 53.36938776266043 ], [ 8.551712410972719, 53.380930168929119 ], [ 8.519292037197348, 53.386208108615264 ], [ 8.518297182664588, 53.387032988413075 ], [ 8.518070583532486, 53.387999907341602 ], [ 8.510531165286704, 53.420158739592587 ], [ 8.510618925300042, 53.475877394661531 ], [ 8.545481471583246, 53.489085987122536 ], [ 8.552859574861891, 53.493862622352964 ] ] ], [ [ [ 8.291373219753995, 55.407852795406917 ], [ 8.348351213947096, 55.414049186768828 ], [ 8.426479299496382, 55.371477103575295 ], [ 8.461407666238751, 55.347482518710756 ], [ 8.45500120682256, 55.281570220494743 ], [ 8.411187169718694, 55.310644640139593 ], [ 8.291373219753995, 55.407852795406917 ] ] ], [ [ [ 5.92993483796898, 59.221158226222478 ], [ 5.950975229757589, 59.231608720736602 ], [ 6.000000000362556, 59.248126625497306 ], [ 6.001590644541182, 59.248662426867519 ], [ 6.069187564419069, 59.245789721020593 ], [ 6.096480835151355, 59.227489421812109 ], [ 6.097117093002484, 59.215920133102962 ], [ 6.000000000362556, 59.196377601259456 ], [ 5.998453235292271, 59.196066260151078 ], [ 5.95659185174845, 59.17849669824907 ], [ 5.93868887010705, 59.184509584657718 ], [ 5.92993483796898, 59.221158226222478 ] ] ], [ [ [ 8.478542750008961, 55.100557670339491 ], [ 8.499999999615302, 55.155989079713052 ], [ 8.505265582451003, 55.169580070717686 ], [ 8.577733166901078, 55.16015167111145 ], [ 8.559632725678751, 55.109860169665083 ], [ 8.564876368061954, 55.060100953791171 ], [ 8.50030715876377, 55.062110744483064 ], [ 8.499999999615302, 55.062653600491601 ], [ 8.478542750008961, 55.100557670339491 ] ] ], [ [ [ 5.598619978934154, 59.116546535585883 ], [ 5.607681169322404, 59.125990382610837 ], [ 5.654171876952507, 59.119535229595812 ], [ 5.693181069943376, 59.118262731553671 ], [ 5.699653348920424, 59.10586215094542 ], [ 5.720978959405029, 59.095022552176275 ], [ 5.747065534894247, 59.10875835811995 ], [ 5.77872485146931, 59.10899191247767 ], [ 5.815671691332581, 59.097172056472047 ], [ 5.821200553310066, 59.080766984966658 ], [ 5.816637047886345, 59.053267340321995 ], [ 5.767754887527696, 59.055466253727644 ], [ 5.755095548269533, 59.061044778657795 ], [ 5.740461615897104, 59.072865438885117 ], [ 5.690438578957975, 59.091517635974576 ], [ 5.609589942875759, 59.107286928713052 ], [ 5.598619978934154, 59.116546535585883 ] ] ], [ [ [ 5.362699927442264, 60.02982583254613 ], [ 5.365464358880174, 60.036835077344712 ], [ 5.380559029076973, 60.044660493226267 ], [ 5.38707518806074, 60.057059229125151 ], [ 5.371958577411433, 60.099590406591076 ], [ 5.385144474054878, 60.101563043267767 ], [ 5.41665021195403, 60.093853214984058 ], [ 5.458423835484474, 60.058126301247597 ], [ 5.462109743469473, 60.036505665046661 ], [ 5.466607428433994, 60.020246769307313 ], [ 5.446005835813922, 60.008868723832641 ], [ 5.43325873744068, 60.015996090975619 ], [ 5.419941200777177, 60.013029383710666 ], [ 5.409366155099082, 60.008948304330339 ], [ 5.408576317673726, 59.998874172528623 ], [ 5.390015138627066, 60.001410051113091 ], [ 5.390300357323027, 60.013825078673406 ], [ 5.362699927442264, 60.02982583254613 ] ] ], [ [ [ 8.55784356639874, 54.710889659610956 ], [ 8.508907611327606, 54.704529265522822 ], [ 8.499999999615302, 54.706901922596934 ], [ 8.46485223463613, 54.716262621741791 ], [ 8.46254854192096, 54.729235451472917 ], [ 8.485322188134523, 54.749816793708206 ], [ 8.499999999615302, 54.753353030039818 ], [ 8.504300225897229, 54.75438899856541 ], [ 8.520140854411006, 54.755551788959885 ], [ 8.533173171480207, 54.756516350771314 ], [ 8.564349809778383, 54.765526622894839 ], [ 8.575314289505178, 54.762406548711027 ], [ 8.581658658267282, 54.759302748412111 ], [ 8.58326400337555, 54.756675699587028 ], [ 8.585389543101916, 54.75180523783272 ], [ 8.587540314707956, 54.743737336057933 ], [ 8.593396081702188, 54.739727961035058 ], [ 8.595556067328117, 54.736715611601142 ], [ 8.59618201341809, 54.733868557137349 ], [ 8.596178064424119, 54.733632307158693 ], [ 8.593890607859358, 54.726686969689055 ], [ 8.591599201402282, 54.717796833081195 ], [ 8.590232783006789, 54.713174711873776 ], [ 8.582204962419084, 54.71104652730201 ], [ 8.574518966966705, 54.710073866636755 ], [ 8.571683889319937, 54.710027964541737 ], [ 8.561749708952037, 54.710480103884457 ], [ 8.55784356639874, 54.710889659610956 ] ] ], [ [ [ 5.115919612474645, 60.223127016130341 ], [ 5.116577809879941, 60.23491650921541 ], [ 5.148917264312844, 60.24285282244157 ], [ 5.207804032957632, 60.24285282244157 ], [ 5.176298295058478, 60.190989223049286 ], [ 5.194705895429228, 60.177091489711437 ], [ 5.190778647856664, 60.159317768643895 ], [ 5.179128546057247, 60.151870530168388 ], [ 5.163046578854175, 60.150602746180752 ], [ 5.133208275819099, 60.161807349432081 ], [ 5.136257925952978, 60.169716170590789 ], [ 5.152405712716917, 60.188185273615304 ], [ 5.137815660351181, 60.208293767953769 ], [ 5.115919612474645, 60.223127016130341 ] ] ], [ [ [ 5.668498651074765, 59.805953406251902 ], [ 5.689604861525936, 59.807726337376245 ], [ 5.711566729861627, 59.790564969869983 ], [ 5.726946620551016, 59.789042900754481 ], [ 5.732321902954276, 59.781580321471012 ], [ 5.761589766800791, 59.77828343409427 ], [ 5.762445424685339, 59.787864107771682 ], [ 5.754810329573573, 59.798803532014517 ], [ 5.769685600635269, 59.796011803430403 ], [ 5.777079357057732, 59.787223193139532 ], [ 5.83469360910198, 59.772856595446598 ], [ 5.853825226438929, 59.775799105149623 ], [ 5.863566554684948, 59.769272564869354 ], [ 5.865826367393472, 59.761587926428966 ], [ 5.862469558111124, 59.753076636464037 ], [ 5.850073498893072, 59.755390822960969 ], [ 5.842460343335481, 59.75325994421263 ], [ 5.837085060932229, 59.739795595018819 ], [ 5.810120888902613, 59.733067111214929 ], [ 5.795772176124487, 59.739474676082942 ], [ 5.795859935239521, 59.750407102678182 ], [ 5.799962701940539, 59.766627233675052 ], [ 5.771550495080247, 59.771837533590869 ], [ 5.751848438554736, 59.768654194498531 ], [ 5.733572478204037, 59.768379359634643 ], [ 5.7322341429409, 59.771516922917634 ], [ 5.700925864622666, 59.782335812257948 ], [ 5.693159130389165, 59.791297369110112 ], [ 5.670604884209046, 59.796652548652474 ], [ 5.668498651074765, 59.805953406251902 ] ] ], [ [ [ 8.599190416507373, 54.538934215508618 ], [ 8.618168455168414, 54.543530309415182 ], [ 8.663715746697198, 54.541232327462787 ], [ 8.709263038226018, 54.555018268758026 ], [ 8.728241075988732, 54.552720936758782 ], [ 8.7168542533311, 54.534337601579551 ], [ 8.697876214670087, 54.518245357742821 ], [ 8.694080607117545, 54.502146741984866 ], [ 8.637146492931102, 54.502146741984866 ], [ 8.610577239164998, 54.518245357742821 ], [ 8.599190416507373, 54.538934215508618 ] ] ], [ [ [ 6.165986528582594, 60.196856388091327 ], [ 6.187026920371204, 60.24285282244157 ], [ 6.273514117998457, 60.24285282244157 ], [ 6.259428684362115, 60.216564162361699 ], [ 6.224412558504715, 60.201795747158052 ], [ 6.165986528582594, 60.196856388091327 ] ] ], [ [ [ 5.416759911521581, 59.200492173817864 ], [ 5.420248359925654, 59.211647579849959 ], [ 5.435255271007409, 59.214488247328347 ], [ 5.429901928158333, 59.226814460645656 ], [ 5.478125891111687, 59.216257723264661 ], [ 5.496379911908202, 59.181445010043333 ], [ 5.476677856281036, 59.175046966973774 ], [ 5.476721736287683, 59.16246880416778 ], [ 5.46722174673094, 59.158049608163736 ], [ 5.440981592565787, 59.161442762365382 ], [ 5.427620175895634, 59.16723716210133 ], [ 5.431766822603336, 59.189705914092308 ], [ 5.416759911521581, 59.200492173817864 ] ] ], [ [ [ 5.115173654157676, 59.986794801710452 ], [ 5.11910090173025, 59.99890828888644 ], [ 5.155784462451736, 60.01027840506687 ], [ 5.193806358436332, 60.017053129235791 ], [ 5.212543057509762, 60.012267772066522 ], [ 5.229151582996412, 60.002342477166465 ], [ 5.233078830568985, 59.992277700994805 ], [ 5.219870993473068, 59.98599845455513 ], [ 5.180817920475508, 59.981447528378304 ], [ 5.13950503476944, 59.972890088286029 ], [ 5.115173654157676, 59.986794801710452 ] ] ], [ [ [ 11.514520587238003, 56.726116644041156 ], [ 11.544625317111619, 56.719739121879996 ], [ 11.616876667191331, 56.729304997883958 ], [ 11.653002342680344, 56.729304997883958 ], [ 11.616876667191331, 56.7101708017533 ], [ 11.562688154856126, 56.681451176951398 ], [ 11.520541533751715, 56.691026830146647 ], [ 11.517531060944016, 56.707379581506466 ], [ 11.517293518535123, 56.708704025305387 ], [ 11.514520587238003, 56.726116644041156 ] ] ], [ [ [ 8.549847517426013, 54.651388885514621 ], [ 8.587803593849742, 54.667428382861168 ], [ 8.644737708036185, 54.667428382861168 ], [ 8.697876214670087, 54.667428382861168 ], [ 8.735832291093816, 54.685751449406993 ], [ 8.754810329754829, 54.701777319839131 ], [ 8.762401544859911, 54.685751449406993 ], [ 8.720649860883642, 54.658263734362883 ], [ 8.652328923141276, 54.649097009420068 ], [ 8.602986024059915, 54.649097009420068 ], [ 8.568825555188729, 54.644512867750841 ], [ 8.549847517426013, 54.651388885514621 ] ] ], [ [ [ 10.385856930005467, 59.185709704205266 ], [ 10.393042511742321, 59.195903189446078 ], [ 10.4098308422196, 59.19972350372376 ], [ 10.426597199006714, 59.194621890397805 ], [ 10.426597199006714, 59.185709704205266 ], [ 10.417016423956454, 59.178065501059166 ], [ 10.414578380105677, 59.175238226032221 ], [ 10.414059347907559, 59.173029410998133 ], [ 10.41913078594574, 59.16332587535608 ], [ 10.424202004794992, 59.150025962587961 ], [ 10.424202004794992, 59.138547001702221 ], [ 10.438573167370382, 59.137275212280421 ], [ 10.448175917009126, 59.114304843286028 ], [ 10.44847520601739, 59.112769666445764 ], [ 10.448774715112897, 59.108721806502452 ], [ 10.445780723695716, 59.096436100155749 ], [ 10.433782779845252, 59.101540740213615 ], [ 10.424202004794992, 59.095162741330036 ], [ 10.41462122974473, 59.101540740213615 ], [ 10.41462122974473, 59.132175911798463 ], [ 10.412226035533006, 59.142373751224092 ], [ 10.388252124217189, 59.160230127688507 ], [ 10.385856930005467, 59.185709704205266 ] ] ], [ [ [ 5.895533030408515, 58.425960299269072 ], [ 5.895533030408515, 58.440479449570731 ], [ 5.919140393155784, 58.445961612416795 ], [ 5.966969437845627, 58.454194812576922 ], [ 5.978356260503259, 58.437738046207457 ], [ 5.985574496898969, 58.414722633115517 ], [ 5.988777726607083, 58.394135990681342 ], [ 5.953761600749682, 58.408818812812072 ], [ 5.948737357501583, 58.439762309875249 ], [ 5.921334386303441, 58.433515634859909 ], [ 5.910539941490244, 58.407012740019042 ], [ 5.895533030408515, 58.425960299269072 ] ] ], [ [ [ 12.755656857404526, 55.653186687175449 ], [ 12.76861329288336, 55.651814866139489 ], [ 12.781006772139946, 55.646159955005004 ], [ 12.781006772139946, 55.632036585738426 ], [ 12.782775699563139, 55.625210634842695 ], [ 12.78354941312746, 55.62168467612009 ], [ 12.784544627884644, 55.614138864104227 ], [ 12.784544627884644, 55.612024781124923 ], [ 12.784544627884644, 55.601895083945287 ], [ 12.772151147729746, 55.59435315330024 ], [ 12.749144103035693, 55.590581641701895 ], [ 12.740288477727177, 55.600949504095126 ], [ 12.736750622880795, 55.616029363332075 ], [ 12.73762959294527, 55.62227051045339 ], [ 12.737967777208707, 55.625040650245722 ], [ 12.738508563009747, 55.632036585738426 ], [ 12.737870211185697, 55.641236249793764 ], [ 12.73762959294527, 55.643689259405207 ], [ 12.736750622880795, 55.651814866139489 ], [ 12.750902043164645, 55.653691882560842 ], [ 12.755656857404526, 55.653186687175449 ] ] ], [ [ [ 5.589449088080054, 59.076208623319438 ], [ 5.59403453305796, 59.08980009593801 ], [ 5.616632660143105, 59.094321597781651 ], [ 5.678591017577639, 59.077915158035275 ], [ 5.73036924939423, 59.059068424084266 ], [ 5.727824217091449, 59.053173766405479 ], [ 5.707354263593065, 59.054811273016178 ], [ 5.700969744629357, 59.062448037811734 ], [ 5.691579455538454, 59.062880698125078 ], [ 5.65191206514229, 59.060705649177933 ], [ 5.638309308884529, 59.063418591845405 ], [ 5.622073762107214, 59.071988675542578 ], [ 5.615579543575955, 59.080299488728627 ], [ 5.59596524706383, 59.071322320575945 ], [ 5.589449088080054, 59.076208623319438 ] ] ], [ [ [ 8.391024375368779, 54.652726856714963 ], [ 8.42843195305643, 54.686347074108859 ], [ 8.423780688517665, 54.653495177024112 ], [ 8.453267952397615, 54.614835882204005 ], [ 8.422003554086064, 54.59762148703097 ], [ 8.402191798891311, 54.61935709493418 ], [ 8.391024375368779, 54.652726856714963 ] ] ], [ [ [ 10.994829457789397, 59.024247169568135 ], [ 10.999999999766354, 59.039418999043157 ], [ 11.003289545895163, 59.0490679584303 ], [ 11.00118001774042, 59.060343127502485 ], [ 11.013859163053986, 59.065979319420428 ], [ 11.030779339265514, 59.05244855964856 ], [ 11.045568012733824, 59.058086051710063 ], [ 11.056137628994332, 59.050190963220025 ], [ 11.045568012733824, 59.042294053676329 ], [ 11.047677540888566, 59.020863783883648 ], [ 11.018078219363471, 59.012960111114232 ], [ 11.00118001774042, 59.015220162142548 ], [ 10.999999999766354, 59.016897678314443 ], [ 10.994829457789397, 59.024247169568135 ] ] ], [ [ [ 5.552897167378627, 59.840034285596829 ], [ 5.561322099915757, 59.869228419678727 ], [ 5.584753943534608, 59.875016220974814 ], [ 5.600967550757746, 59.864524373472541 ], [ 5.591094583389965, 59.849722825649096 ], [ 5.591138462498315, 59.829817123998907 ], [ 5.600770091176829, 59.816612441754664 ], [ 5.589317448958329, 59.812850147184754 ], [ 5.561212400348206, 59.824615906558769 ], [ 5.552897167378627, 59.840034285596829 ] ] ], [ [ [ 8.965345883169489, 56.793375179163185 ], [ 8.965345883169489, 56.813534964838908 ], [ 8.989150705497702, 56.823610776037015 ], [ 8.999999999645505, 56.826070446342868 ], [ 9.02247745693685, 56.831165849302195 ], [ 9.036760350154109, 56.818573210755552 ], [ 9.031513635532635, 56.80865766667759 ], [ 9.030213914352014, 56.805976320825259 ], [ 9.026266701722232, 56.794771385980397 ], [ 9.027238421043164, 56.793375179163185 ], [ 8.999999999645505, 56.793375179163185 ], [ 8.965345883169489, 56.793375179163185 ] ] ], [ [ [ 11.098416095832992, 55.926316252711636 ], [ 11.098416095832992, 55.936328669433607 ], [ 11.136431557185206, 55.928318943815157 ], [ 11.201057840944985, 55.900271807582222 ], [ 11.246676394028654, 55.884235723677421 ], [ 11.216264025306208, 55.882230744783371 ], [ 11.166843925907655, 55.896263410642398 ], [ 11.136431557185206, 55.910290980925815 ], [ 11.098416095832992, 55.926316252711636 ] ] ], [ [ [ 5.035465894655975, 60.022428722787353 ], [ 5.057054784282367, 60.032620621082025 ], [ 5.082592861035505, 60.030587038346283 ], [ 5.108108997336164, 60.021417314276043 ], [ 5.104181750661897, 60.012233669983154 ], [ 5.090447355282373, 59.999999990098495 ], [ 5.088472761269819, 59.98979799645037 ], [ 5.072763772776074, 59.984690127274185 ], [ 5.053127536709765, 59.987761769450053 ], [ 5.062956624969198, 60.001023427379572 ], [ 5.070811119216029, 60.007140644770615 ], [ 5.06883652520351, 60.014279752754085 ], [ 5.049200290035499, 60.015291380411171 ], [ 5.035465894655975, 60.022428722787353 ] ] ], [ [ [ 5.989655324045813, 59.152300298372865 ], [ 6.000000000362556, 59.158499363701644 ], [ 6.011353913239747, 59.165301918875443 ], [ 6.000000000362556, 59.16934011959146 ], [ 5.995096426009923, 59.171084005777715 ], [ 6.000000000362556, 59.178919846083211 ], [ 6.000515588419867, 59.179743644100157 ], [ 6.057471643058784, 59.191290287070373 ], [ 6.06561135600162, 59.181188645074947 ], [ 6.052052480648875, 59.169638576141367 ], [ 6.052052480648875, 59.159518850393113 ], [ 6.027633340023717, 59.150854071544344 ], [ 6.000000000362556, 59.151906372361964 ], [ 5.989655324045813, 59.152300298372865 ] ] ], [ [ [ 5.029564053969155, 60.216552865548948 ], [ 5.041345794890297, 60.230738727311596 ], [ 5.066883871643465, 60.236813271321402 ], [ 5.09632725641502, 60.231754993775702 ], [ 5.09437460195665, 60.221624792723716 ], [ 5.070811119216029, 60.203377993093397 ], [ 5.053127536709765, 60.197297230407571 ], [ 5.035465894655975, 60.201354965026475 ], [ 5.029564053969155, 60.216552865548948 ] ] ], [ [ [ 5.833399152947239, 59.130402063094394 ], [ 5.858652011004409, 59.136003375912949 ], [ 5.847177428333436, 59.147926441606664 ], [ 5.859266328403048, 59.16088309018258 ], [ 5.893843655990255, 59.152906762143949 ], [ 5.877564229206257, 59.114503332239963 ], [ 5.841604686349258, 59.113137237171962 ], [ 5.833399152947239, 59.130402063094394 ] ] ], [ [ [ 10.855336887446645, 59.073870766625241 ], [ 10.887023762538004, 59.088514805300086 ], [ 10.897593379696827, 59.087393057817089 ], [ 10.908162995957335, 59.089648200614555 ], [ 10.920864115859379, 59.080626736766312 ], [ 10.908162995957335, 59.065979319420428 ], [ 10.901834410594793, 59.056963305897852 ], [ 10.893374322489025, 59.050190963220025 ], [ 10.876476120865977, 59.055828827062285 ], [ 10.861665472809189, 59.046810139068441 ], [ 10.855336887446645, 59.073870766625241 ] ] ], [ [ [ 8.800620899527127, 58.439426868310996 ], [ 8.800620899527127, 58.451385103296779 ], [ 8.818721340749418, 58.454969466044531 ], [ 8.857203975456716, 58.457362691249408 ], [ 8.879867921204422, 58.466922399776834 ], [ 8.929649619454274, 58.492017219274999 ], [ 8.943230435259563, 58.489626361327062 ], [ 8.940948682098531, 58.480061295991135 ], [ 8.888907172038461, 58.45854190151509 ], [ 8.857203975456716, 58.453767011011614 ], [ 8.816461528040902, 58.435829347798119 ], [ 8.800620899527127, 58.439426868310996 ] ] ], [ [ [ 5.699170670643546, 59.733720532754489 ], [ 5.705072511330368, 59.739887285575527 ], [ 5.726836920085177, 59.739337138449848 ], [ 5.766570130940533, 59.725018655871757 ], [ 5.775762961348806, 59.713148798041502 ], [ 5.769861120661985, 59.705944543999728 ], [ 5.758079378842544, 59.707998144248137 ], [ 5.750224884595667, 59.715201954768098 ], [ 5.728635994969276, 59.718287187386117 ], [ 5.712927005577244, 59.714169656960919 ], [ 5.7011452646561, 59.722404209389857 ], [ 5.699170670643546, 59.733720532754489 ] ] ], [ [ [ 5.119890739155605, 59.906015678022321 ], [ 5.143454221896216, 59.910109497436068 ], [ 5.170944953107735, 59.903974280279158 ], [ 5.188628534715701, 59.884534783396219 ], [ 5.181402400331967, 59.882373601849046 ], [ 5.179301213034647, 59.881464946381392 ], [ 5.172919546221957, 59.878394824851334 ], [ 5.155235963715693, 59.875313003771154 ], [ 5.137574321661903, 59.878394824851334 ], [ 5.13559972764935, 59.896811286660189 ], [ 5.119890739155605, 59.906015678022321 ] ] ], [ [ [ 8.538460694768416, 55.23663300154967 ], [ 8.534665087215874, 55.258765002331373 ], [ 8.546051909873471, 55.274853230120101 ], [ 8.5840079862972, 55.266809934020927 ], [ 8.5840079862972, 55.25071843384756 ], [ 8.565029947636187, 55.232607671827047 ], [ 8.538460694768416, 55.23663300154967 ] ] ], [ [ [ 5.803889949513139, 59.212858384962047 ], [ 5.828638188840924, 59.22589509563079 ], [ 5.853978806013172, 59.226488612639194 ], [ 5.872386406383923, 59.229979679224584 ], [ 5.889148511444808, 59.222368692817319 ], [ 5.895533030408515, 59.208527229133999 ], [ 5.8790561440436, 59.206035400432128 ], [ 5.857796354018187, 59.213312425883778 ], [ 5.840507689775434, 59.214511530273761 ], [ 5.811941903340898, 59.20609362269041 ], [ 5.803889949513139, 59.212858384962047 ] ] ], [ [ [ 10.257351486816138, 55.038150249518779 ], [ 10.279941021515588, 55.04716342280048 ], [ 10.319472706116738, 55.032140335396448 ], [ 10.313825322217296, 55.014105160296317 ], [ 10.274293637616147, 55.023123766647906 ], [ 10.257351486816138, 55.038150249518779 ] ] ], [ [ [ 9.065326136588627, 56.868918269486969 ], [ 9.065326136588627, 56.889037261154179 ], [ 9.079609030704201, 56.901606110270613 ], [ 9.089130959815146, 56.878979124066298 ], [ 9.117696746249665, 56.861370844493344 ], [ 9.098652888027775, 56.853821890209225 ], [ 9.065326136588627, 56.868918269486969 ] ] ], [ [ [ 6.504300225776372, 58.212259230520438 ], [ 6.507064657214281, 58.219173809938205 ], [ 6.523300203991559, 58.216240517044426 ], [ 6.538877553363577, 58.216345281778629 ], [ 6.561914477820619, 58.207252883104815 ], [ 6.56592948540656, 58.191367595922749 ], [ 6.546622348042903, 58.192148051146006 ], [ 6.536157001932351, 58.196294660712041 ], [ 6.531088878677568, 58.207241239601871 ], [ 6.525867175848551, 58.207101517268157 ], [ 6.525581956254257, 58.197016773496102 ], [ 6.5152482501638, 58.194780505862568 ], [ 6.504300225776372, 58.212259230520438 ] ] ], [ [ [ 8.496709010792147, 54.456651919508857 ], [ 8.499999999615302, 54.443830064615106 ], [ 8.504300225897229, 54.427070094383168 ], [ 8.499999999615302, 54.427070094383168 ], [ 8.473935364578557, 54.427070094383168 ], [ 8.466344149473501, 54.445276834630924 ], [ 8.46254854192096, 54.458926555847142 ], [ 8.496709010792147, 54.456651919508857 ] ] ], [ [ [ 8.636839333782625, 56.532844334041009 ], [ 8.641600298787273, 56.548070517709931 ], [ 8.665405121115459, 56.553144546356179 ], [ 8.679688014332728, 56.540458194342662 ], [ 8.665405121115459, 56.527767573563395 ], [ 8.651122226999894, 56.515072682196831 ], [ 8.636839333782625, 56.532844334041009 ] ] ], [ [ [ 4.874487513670767, 59.29178194474752 ], [ 4.881188836994149, 59.294476547921676 ], [ 4.89564611746256, 59.290864337078872 ], [ 4.904346851656545, 59.297403201374848 ], [ 4.92396744715546, 59.292095551877701 ], [ 4.92710937852353, 59.284242887775491 ], [ 4.922583239422376, 59.275307690635628 ], [ 4.899161565630822, 59.278143040627121 ], [ 4.880485747180845, 59.274052623756788 ], [ 4.876464953546133, 59.283394783966479 ], [ 4.874487513670767, 59.29178194474752 ] ] ], [ [ [ 7.978992518475203, 58.039598405338417 ], [ 7.983621843459789, 58.056346880702954 ], [ 7.99246363471294, 58.063034712037748 ], [ 7.999999999585081, 58.064186046065046 ], [ 8.008304263226709, 58.065454648962863 ], [ 8.025000548726725, 58.046850807254629 ], [ 8.004859693931019, 58.038966675050823 ], [ 7.999999999585081, 58.039085359668825 ], [ 7.978992518475203, 58.039598405338417 ] ] ], [ [ [ 10.929302229376665, 59.038912449760332 ], [ 10.942003349278711, 59.058086051710063 ], [ 10.954682493693959, 59.046810139068441 ], [ 10.973690224370067, 59.019728108748204 ], [ 10.956792022747017, 59.016344276948125 ], [ 10.948331934641253, 59.031012939007361 ], [ 10.929302229376665, 59.038912449760332 ] ] ], [ [ [ 10.994236152883587, 58.895893419192525 ], [ 10.999999999766354, 58.90298029127711 ], [ 11.002212807229311, 58.905700635570525 ], [ 11.031460540728615, 58.891689471518632 ], [ 11.034119425510525, 58.862247469309054 ], [ 10.999999999766354, 58.891033006939338 ], [ 10.994236152883587, 58.895893419192525 ] ] ], [ [ [ 5.728350775375019, 59.028274016860323 ], [ 5.738004344505995, 59.039087973847266 ], [ 5.753450053857954, 59.034453838958605 ], [ 5.767930406656141, 59.034453838958605 ], [ 5.791098971133215, 59.04217704898025 ], [ 5.802683253371766, 59.037543331567235 ], [ 5.80364860992553, 59.032908987699976 ], [ 5.785306830013935, 59.028274016860323 ], [ 5.74090041506564, 59.025698761920324 ], [ 5.728350775375019, 59.028274016860323 ] ] ], [ [ [ 9.601845147539843, 58.883280036942161 ], [ 9.59471840096252, 58.878557459777696 ], [ 9.594095745401432, 58.878133979611746 ], [ 9.583283968493156, 58.870638858129368 ], [ 9.571326707545278, 58.855175791371479 ], [ 9.551427192337165, 58.855175791371479 ], [ 9.557494679667434, 58.860399119030326 ], [ 9.559161894444266, 58.861605629496708 ], [ 9.567355580864318, 58.867127240787994 ], [ 9.593902894177923, 58.892407537439709 ], [ 9.6058382146733, 58.898024150252922 ], [ 9.609831721082932, 58.897739982852798 ], [ 9.613825226594251, 58.895727239976466 ], [ 9.61246407322461, 58.893820462163568 ], [ 9.607960683958026, 58.888979680038211 ], [ 9.607648258885362, 58.888550652618363 ], [ 9.601845147539843, 58.883280036942161 ] ] ], [ [ [ 8.701364663972493, 54.052555620769347 ], [ 8.712970885765184, 54.063137328421334 ], [ 8.730391189129698, 54.068420530157148 ], [ 8.724577107557916, 54.052555620769347 ], [ 8.733309199243516, 54.040217940997842 ], [ 8.727495118570062, 54.031397365558959 ], [ 8.715877268085974, 54.034518523304989 ], [ 8.71446543356465, 54.034913865505949 ], [ 8.704260734532092, 54.038305204693039 ], [ 8.701364663972493, 54.052555620769347 ] ] ], [ [ [ 7.500372979162529, 57.977519389954708 ], [ 7.504782904113692, 57.9964659608926 ], [ 7.528412207313459, 57.994132840826126 ], [ 7.536288642012845, 57.972758060538659 ], [ 7.500372979162529, 57.977519389954708 ] ] ], [ [ [ 5.578523004145134, 59.900039388233672 ], [ 5.592213519517973, 59.910041081444895 ], [ 5.605860154884121, 59.909516552191221 ], [ 5.602591105615139, 59.900746562898526 ], [ 5.603490642608046, 59.889532645461067 ], [ 5.595065710070925, 59.881727434359114 ], [ 5.584051866122627, 59.882183930039538 ], [ 5.578523004145134, 59.900039388233672 ] ] ], [ [ [ 8.492913403239605, 54.499848295384055 ], [ 8.492702230875857, 54.499999999751346 ], [ 8.454957326815878, 54.527441706101222 ], [ 8.458752934368418, 54.545828161369442 ], [ 8.477730973029431, 54.527441706101222 ], [ 8.489117795687063, 54.513646403343259 ], [ 8.492871168946504, 54.499999999751346 ], [ 8.492913403239605, 54.499848295384055 ] ] ], [ [ [ 9.72014524221469, 55.255567501410226 ], [ 9.730808047906141, 55.262369147892208 ], [ 9.743577085833557, 55.264624478472733 ], [ 9.758496236901935, 55.257834846665141 ], [ 9.771287215281854, 55.252172053655521 ], [ 9.743577085833557, 55.24536865346667 ], [ 9.728657934765177, 55.248764684979776 ], [ 9.72014524221469, 55.255567501410226 ] ] ], [ [ [ 5.728635994969276, 59.751197673401258 ], [ 5.750224884595667, 59.754279575031369 ], [ 5.763418460038169, 59.750221487696848 ], [ 5.77226529802654, 59.74807561093575 ], [ 5.78164286158312, 59.746052897521274 ], [ 5.775762961348806, 59.737835648906611 ], [ 5.756126725282497, 59.739887285575527 ], [ 5.736490489216154, 59.745021554899907 ], [ 5.728635994969276, 59.751197673401258 ] ] ], [ [ [ 5.868042300095303, 59.922387918503873 ], [ 5.873944140782124, 59.932610757408717 ], [ 5.89358037684847, 59.93874066556986 ], [ 5.944634590800564, 59.957123568886892 ], [ 5.958368985281753, 59.946908310845593 ], [ 5.938732750113742, 59.950997070940907 ], [ 5.9230237607217, 59.942830435984014 ], [ 5.881798635029002, 59.929545377235016 ], [ 5.868042300095303, 59.922387918503873 ] ] ], [ [ [ 5.271100726553572, 59.916243577648061 ], [ 5.288762368607362, 59.918295617860124 ], [ 5.314300445360537, 59.893742587527875 ], [ 5.304471357101106, 59.888631260344795 ], [ 5.294664209294184, 59.896811286660189 ], [ 5.271100726553572, 59.916243577648061 ] ] ], [ [ [ 8.767460892472684, 58.430508968271148 ], [ 8.767538559015536, 58.430584982781284 ], [ 8.767820707269856, 58.430484439842068 ], [ 8.770058579525861, 58.441092476646396 ], [ 8.783419996196047, 58.44344038679025 ], [ 8.796803352420376, 58.432844629481046 ], [ 8.792349546564239, 58.424594842804396 ], [ 8.787873801153886, 58.418704256942412 ], [ 8.774512385382041, 58.42224567072887 ], [ 8.770986638927344, 58.426064673516102 ], [ 8.770672239357705, 58.426415516580619 ], [ 8.767460892472684, 58.430508968271148 ] ] ], [ [ [ 9.774951183712657, 59.032897284134719 ], [ 9.788159020808594, 59.032897284134719 ], [ 9.793424603644295, 59.024434475262076 ], [ 9.817185545965813, 59.004668078103357 ], [ 9.793424603644295, 59.007490873630793 ], [ 9.780238706102542, 59.021613074480854 ], [ 9.774951183712657, 59.032897284134719 ] ] ], [ [ [ 5.924559555565728, 59.165301918875443 ], [ 5.933047456410995, 59.166747532461287 ], [ 5.93424778978523, 59.166942685742896 ], [ 5.943559533780915, 59.168193085190218 ], [ 5.959838960564913, 59.162410507280953 ], [ 5.962537572441964, 59.152300298372865 ], [ 5.954397858600793, 59.145068552227862 ], [ 5.924559555565728, 59.165301918875443 ] ] ], [ [ [ 5.91606880346773, 59.098375252428461 ], [ 5.93000065842817, 59.104577464285292 ], [ 5.936385177391879, 59.121006130909386 ], [ 5.951699247622085, 59.121940004224371 ], [ 5.953081462891869, 59.105605217293387 ], [ 5.940838983248022, 59.100244210495916 ], [ 5.91606880346773, 59.098375252428461 ] ] ], [ [ [ 11.062488188945354, 59.009575610761615 ], [ 11.106876183938757, 59.020863783883648 ], [ 11.108985712093498, 59.014084300023079 ], [ 11.094175064935026, 59.01069991110267 ], [ 11.085736950519427, 59.001669335794887 ], [ 11.074801627411809, 59.000000000010452 ], [ 11.070926302462638, 58.999416952418677 ], [ 11.070435375854814, 59.000000000010452 ], [ 11.062488188945354, 59.009575610761615 ] ] ], [ [ [ 5.463996577468652, 59.237356287059683 ], [ 5.466190570616308, 59.241776830975169 ], [ 5.47711665455123, 59.237356287059683 ], [ 5.49499769663842, 59.224987343640926 ], [ 5.499605081170492, 59.215803721655455 ], [ 5.493308322220158, 59.211496226295921 ], [ 5.468911121149201, 59.231678535287045 ], [ 5.463996577468652, 59.237356287059683 ] ] ], [ [ [ 8.948737356784541, 58.501226940910861 ], [ 8.951392088654901, 58.50828906770667 ], [ 8.975153030976402, 58.523825409653426 ], [ 8.990971719037697, 58.528050755692384 ], [ 8.983051405229961, 58.516766420431793 ], [ 8.961945193880494, 58.504061332440457 ], [ 8.948737356784541, 58.501226940910861 ] ] ], [ [ [ 5.09437460195665, 60.142496827106164 ], [ 5.119890739155605, 60.148587774766398 ], [ 5.125792579842426, 60.136404747482388 ], [ 5.119890739155605, 60.128272661729042 ], [ 5.106156343776118, 60.133358283139295 ], [ 5.09437460195665, 60.142496827106164 ] ] ], [ [ [ 9.484954474511483, 58.900091643420566 ], [ 9.485058909053153, 58.900131591066796 ], [ 9.490368370997222, 58.907147745193136 ], [ 9.499999999675717, 58.908982914149846 ], [ 9.523541542862136, 58.913468006452668 ], [ 9.526196274732486, 58.908560065309373 ], [ 9.499999999675717, 58.897111097947196 ], [ 9.495677833839608, 58.895221748529359 ], [ 9.490316154624701, 58.897481752387755 ], [ 9.489866386128249, 58.897676757053979 ], [ 9.484954474511483, 58.900091643420566 ] ] ], [ [ [ 10.705252726254908, 59.236890933292408 ], [ 10.707362254409649, 59.252593103829398 ], [ 10.711581311617449, 59.261557532298283 ], [ 10.717931870670158, 59.244742925692222 ], [ 10.720041399723215, 59.238007772089333 ], [ 10.72428243062118, 59.23128291867954 ], [ 10.711581311617449, 59.226791185661448 ], [ 10.705252726254908, 59.236890933292408 ] ] ], [ [ [ 5.102097457081792, 59.924314202372919 ], [ 5.108525856052183, 59.929887255464287 ], [ 5.121360714438764, 59.930992636702918 ], [ 5.125639000268192, 59.922091557457996 ], [ 5.127767173854981, 59.915411324718534 ], [ 5.114932315468373, 59.912059300709373 ], [ 5.10637574291122, 59.917634419029234 ], [ 5.102097457081792, 59.924314202372919 ] ] ], [ [ [ 5.699909607728299, 59.918775207010285 ], [ 5.703229557337871, 59.923197199329451 ], [ 5.703229557337871, 59.932109376432571 ], [ 5.716064415724489, 59.933226078439347 ], [ 5.720342701553909, 59.91875160950871 ], [ 5.716064415724489, 59.912059300709373 ], [ 5.705357730924661, 59.913176679933208 ], [ 5.702633668877313, 59.914728975850799 ], [ 5.699909607728299, 59.918775207010285 ] ] ], [ [ [ 5.425513942761355, 59.049547579450021 ], [ 5.428212553740072, 59.059688240111704 ], [ 5.4428578947166, 59.067514728363797 ], [ 5.44748217386422, 59.064926053414048 ], [ 5.451801049171436, 59.063535290332389 ], [ 5.460771408206365, 59.061138331058224 ], [ 5.439072819012432, 59.050998100507798 ], [ 5.425513942761355, 59.049547579450021 ] ] ], [ [ [ 9.487713640025186, 58.86923657230885 ], [ 9.499999999675717, 58.872333260576859 ], [ 9.515577349047717, 58.876259019777571 ], [ 9.522225147153213, 58.872747974843008 ], [ 9.522225147153213, 58.862908191573062 ], [ 9.512922618075683, 58.859395786926214 ], [ 9.499999999675717, 58.858769444944173 ], [ 9.498332565709955, 58.858688625720426 ], [ 9.499999999675717, 58.859569676515434 ], [ 9.50498036381545, 58.86220110237538 ], [ 9.511606222366758, 58.866420238554213 ], [ 9.510289826657832, 58.869931927893241 ], [ 9.499999999675717, 58.867459018680712 ], [ 9.495677833839608, 58.866420238554213 ], [ 9.487713640025186, 58.86923657230885 ] ] ], [ [ [ 5.153436889729882, 59.762458406663733 ], [ 5.166271748116463, 59.77252454508816 ], [ 5.161993462287035, 59.779233612222534 ], [ 5.169175935853006, 59.779233612222534 ], [ 5.176978432916282, 59.779233612222534 ], [ 5.176978432916282, 59.766936439130717 ], [ 5.164143574529665, 59.757979771634275 ], [ 5.153436889729882, 59.762458406663733 ] ] ], [ [ [ 5.064909278529242, 60.094726330321556 ], [ 5.074470040911587, 60.105610658770658 ], [ 5.081579017015966, 60.103486136615885 ], [ 5.085327453134632, 60.102745434823113 ], [ 5.09632725641502, 60.100826152824098 ], [ 5.084545514595552, 60.094726330321556 ], [ 5.080618267022952, 60.086595252364468 ], [ 5.064909278529242, 60.094726330321556 ] ] ], [ [ [ 10.910294498700559, 59.035530511953709 ], [ 10.910294498700559, 59.047933217913766 ], [ 10.922973644014123, 59.061465762445835 ], [ 10.935652789327689, 59.059220455731513 ], [ 10.922973644014123, 59.045687023386058 ], [ 10.910294498700559, 59.035530511953709 ] ] ], [ [ [ 5.268972552966819, 59.697487885086936 ], [ 5.2818074113534, 59.70646082397321 ], [ 5.279657298212428, 59.715431349890736 ], [ 5.290363983012256, 59.713183209642537 ], [ 5.294642269740009, 59.70422355244088 ], [ 5.2818074113534, 59.693011988414391 ], [ 5.268972552966819, 59.697487885086936 ] ] ], [ [ [ 7.334375479817907, 58.004098830896666 ], [ 7.341176857497635, 58.010386693182944 ], [ 7.366517475568181, 58.010386693182944 ], [ 7.365267892058503, 57.999999999985022 ], [ 7.365179139406748, 57.999272432239785 ], [ 7.351609829223618, 57.999999999985022 ], [ 7.347517497352958, 58.000222520222074 ], [ 7.334375479817907, 58.004098830896666 ] ] ], [ [ [ 5.273053380113618, 59.936689893399198 ], [ 5.306445951113661, 59.930559605338274 ], [ 5.312325852246271, 59.922387918503873 ], [ 5.30054411042684, 59.924690327370811 ], [ 5.288762368607362, 59.925453962275178 ], [ 5.275027973227876, 59.929545377235016 ], [ 5.273053380113618, 59.936689893399198 ] ] ], [ [ [ 5.410507031679598, 59.770715384077015 ], [ 5.432117860860165, 59.77687528893275 ], [ 5.43101823222254, 59.775869058239621 ], [ 5.438435244231096, 59.774664037364929 ], [ 5.439301652254647, 59.774660373160081 ], [ 5.443851335301092, 59.774743152200266 ], [ 5.445852256239678, 59.774825930581464 ], [ 5.432117860860165, 59.766604329687816 ], [ 5.414434279252198, 59.76249276737186 ], [ 5.410507031679598, 59.770715384077015 ] ] ], [ [ [ 9.466475789553966, 58.882584950565089 ], [ 9.479749446210768, 58.887496593790146 ], [ 9.495677833839608, 58.887496593790146 ], [ 9.493023102867571, 58.87976970713612 ], [ 9.483742513344227, 58.874150117856907 ], [ 9.47312358765946, 58.876965820287289 ], [ 9.466475789553966, 58.882584950565089 ] ] ], [ [ [ 10.544774741917239, 59.666086564185349 ], [ 10.546730450647567, 59.673242003719558 ], [ 10.554553285568877, 59.671197748422891 ], [ 10.570198954513181, 59.657907042436882 ], [ 10.562376120490187, 59.651771086704308 ], [ 10.544774741917239, 59.666086564185349 ] ] ], [ [ [ 5.109096294342446, 59.857521301001334 ], [ 5.109665196513527, 59.857967851511148 ], [ 5.114010838022985, 59.862000811342412 ], [ 5.125792579842426, 59.852784181538254 ], [ 5.117938085595559, 59.847655108220849 ], [ 5.100254503089296, 59.842536667997265 ], [ 5.104181750661897, 59.853812185056277 ], [ 5.109096294342446, 59.857521301001334 ] ] ], [ [ [ 9.664088725466975, 59.065347924853803 ], [ 9.679929353082446, 59.063933091654469 ], [ 9.682562144500295, 59.052647408012099 ], [ 9.679929353082446, 59.042773770047305 ], [ 9.666721516884826, 59.05547795004491 ], [ 9.664088725466975, 59.065347924853803 ] ] ], [ [ [ 10.45536149874598, 59.105371639779278 ], [ 10.464942273796241, 59.111759410380913 ], [ 10.474523048846502, 59.107929227137028 ], [ 10.464942273796241, 59.084939106638849 ], [ 10.462547079584516, 59.093877652331521 ], [ 10.45536149874598, 59.105371639779278 ] ] ], [ [ [ 9.532602734148695, 55.105716916223351 ], [ 9.549650057905538, 55.109124919539695 ], [ 9.55818469001021, 55.095479478453562 ], [ 9.545393711630295, 55.092070306275957 ], [ 9.532602734148695, 55.105716916223351 ] ] ], [ [ [ 10.524866066588178, 59.079831986099371 ], [ 10.527261260799898, 59.090057147989206 ], [ 10.536842035850158, 59.098994355995167 ], [ 10.539237230061884, 59.073438245273941 ], [ 10.524866066588178, 59.079831986099371 ] ] ], [ [ [ 5.141830228660973, 60.037151764526406 ], [ 5.150093683635883, 60.038170526858991 ], [ 5.151815309369464, 60.038453012552388 ], [ 5.159163211288258, 60.039754209142004 ], [ 5.157210557728212, 60.030587038346283 ], [ 5.143454221896216, 60.0295645189615 ], [ 5.125792579842426, 60.028553329563778 ], [ 5.141501568336171, 60.037721067007354 ], [ 5.14102415598347, 60.03733384679412 ], [ 5.141830228660973, 60.037151764526406 ] ] ], [ [ [ 5.135292568500872, 59.432913135209347 ], [ 5.162410320104722, 59.432913135209347 ], [ 5.159711709126003, 59.422883265636052 ], [ 5.146152833773267, 59.424317939812539 ], [ 5.135292568500872, 59.432913135209347 ] ] ], [ [ [ 5.1833848923325, 59.769169504089945 ], [ 5.189813291302891, 59.77700122314414 ], [ 5.200498036548508, 59.77700122314414 ], [ 5.202648149689472, 59.768047264592113 ], [ 5.189813291302891, 59.763580834641459 ], [ 5.1833848923325, 59.769169504089945 ] ] ], [ [ [ 6.570646569506192, 58.211234733052585 ], [ 6.579422541198472, 58.212794751253554 ], [ 6.586289738439067, 58.207136447903281 ], [ 6.582165032183874, 58.195129931815039 ], [ 6.57242370393782, 58.199753680053384 ], [ 6.570646569506192, 58.211234733052585 ] ] ], [ [ [ 5.18665394160147, 59.924428180356436 ], [ 5.196483029860866, 59.926468315886879 ], [ 5.196954079446426, 59.926303741856387 ], [ 5.20335022710146, 59.927622247337858 ], [ 5.204490005940682, 59.927924599497686 ], [ 5.210217424342056, 59.929545377235016 ], [ 5.214144671914656, 59.923402366166364 ], [ 5.210217424342056, 59.917269613892117 ], [ 5.193565018848758, 59.921474889091492 ], [ 5.18665394160147, 59.924428180356436 ] ] ], [ [ [ 5.684909716980489, 59.038058220375504 ], [ 5.700355427230746, 59.037543331567235 ], [ 5.698424713224875, 59.043206678623832 ], [ 5.705664889174805, 59.042434459061781 ], [ 5.710008995463425, 59.037028435482142 ], [ 5.706147568350016, 59.030849078273249 ], [ 5.69166721555183, 59.030849078273249 ], [ 5.684909716980489, 59.038058220375504 ] ] ], [ [ [ 10.487531807597376, 59.230165859348567 ], [ 10.491750864805176, 59.240252971316764 ], [ 10.49999999973614, 59.236974770258385 ], [ 10.508671041016708, 59.233528562643542 ], [ 10.49999999973614, 59.226168481026207 ], [ 10.4981014247562, 59.224556735087667 ], [ 10.487531807597376, 59.230165859348567 ] ] ], [ [ [ 5.620801246404982, 59.345378208506162 ], [ 5.620801246404982, 59.354005104071511 ], [ 5.634360121757753, 59.35112971661912 ], [ 5.631639571224861, 59.341075534167885 ], [ 5.628940959347818, 59.332445342135294 ], [ 5.620801246404982, 59.345378208506162 ] ] ], [ [ [ 5.652614142554278, 59.928280397769093 ], [ 5.661916672530131, 59.928747647919124 ], [ 5.665997498778632, 59.912891637517639 ], [ 5.655970951836617, 59.910428771694882 ], [ 5.652614142554278, 59.928280397769093 ] ] ], [ [ [ 9.700269422767141, 59.04077810659151 ], [ 9.702714407900118, 59.040215050305356 ], [ 9.706323087720133, 59.039775434102935 ], [ 9.708652449794574, 59.039726639412521 ], [ 9.71259088588403, 59.039840259480997 ], [ 9.714243401527867, 59.039953879172508 ], [ 9.722163715335602, 59.031492812925897 ], [ 9.716876192945717, 59.023017950201847 ], [ 9.700269422767141, 59.04077810659151 ] ] ], [ [ [ 9.769685600876958, 58.990675824639048 ], [ 9.774951183712657, 58.997638885067317 ], [ 9.790791812226445, 58.992073169087355 ], [ 9.780238706102542, 58.98231366661755 ], [ 9.769685600876958, 58.990675824639048 ] ] ], [ [ [ 5.314300445360537, 59.961211064700869 ], [ 5.331962087414293, 59.962235705867862 ], [ 5.34374382923376, 59.956110156258916 ], [ 5.335889334986892, 59.948958448968817 ], [ 5.32608218717997, 59.957123568886892 ], [ 5.314300445360537, 59.961211064700869 ] ] ], [ [ [ 10.517394820590974, 59.862811569446549 ], [ 10.527173363344293, 59.869924836072236 ], [ 10.529129072074621, 59.877036575808994 ], [ 10.534996198265603, 59.871956917525019 ], [ 10.540863324456586, 59.862811569446549 ], [ 10.517394820590974, 59.862811569446549 ] ] ], [ [ [ 10.515285291537916, 59.38762203364216 ], [ 10.522470873274768, 59.396481322160369 ], [ 10.53205164832503, 59.383822829631185 ], [ 10.520075679063046, 59.378760421277477 ], [ 10.515285291537916, 59.38762203364216 ] ] ], [ [ [ 10.560420411759859, 59.860778927221105 ], [ 10.570198954513181, 59.867892630012278 ], [ 10.579977498164817, 59.863827844050419 ], [ 10.568243245782853, 59.852647111964714 ], [ 10.560420411759859, 59.860778927221105 ] ] ], [ [ [ 5.439796835978623, 59.267102433707556 ], [ 5.448572807670877, 59.269903601309906 ], [ 5.459103973342279, 59.266637487313062 ], [ 5.456471181924429, 59.262906061530813 ], [ 5.452083196527459, 59.26010431645016 ], [ 5.448572807670877, 59.256848886522462 ], [ 5.442429627396473, 59.26010431645016 ], [ 5.439796835978623, 59.267102433707556 ] ] ], [ [ [ 7.958017947145784, 54.203906405878293 ], [ 7.972542179950626, 54.196880686164242 ], [ 7.972542179950626, 54.184586097766534 ], [ 7.958017947145784, 54.193360759487831 ], [ 7.958017947145784, 54.203906405878293 ] ] ], [ [ [ 5.870258232797134, 59.092592515011717 ], [ 5.89535751128007, 59.091050286719529 ], [ 5.88473858559532, 59.081795454193362 ], [ 5.876050373916414, 59.085909022703383 ], [ 5.870258232797134, 59.092592515011717 ] ] ], [ [ [ 5.13559972764935, 59.922387918503873 ], [ 5.145428815908772, 59.931585197506756 ], [ 5.155235963715693, 59.924428180356436 ], [ 5.151308717041381, 59.91932159045485 ], [ 5.13559972764935, 59.922387918503873 ] ] ], [ [ [ 11.119555329252323, 59.094146356821149 ], [ 11.123774385561807, 59.100910002459088 ], [ 11.140694562671653, 59.102031306383893 ], [ 11.13862827132985, 59.099555042141773 ], [ 11.132234473667571, 59.091891510777934 ], [ 11.119555329252323, 59.094146356821149 ] ] ], [ [ [ 5.184350248886273, 59.357262808062764 ], [ 5.187114680324147, 59.36410180621025 ], [ 5.19264354230164, 59.370452721964519 ], [ 5.197250926833712, 59.366535692158983 ], [ 5.196329450286631, 59.35969718624866 ], [ 5.191722064856254, 59.353842790117362 ], [ 5.184350248886273, 59.357262808062764 ] ] ], [ [ [ 9.511449790641496, 58.889952153348439 ], [ 9.510878913973384, 58.890058595419212 ], [ 9.50498036381545, 58.891006136591905 ], [ 9.514260953338793, 58.893820462163568 ], [ 9.530189341865945, 58.899436844607692 ], [ 9.539469931389288, 58.898730504441076 ], [ 9.516915685209144, 58.888898137395657 ], [ 9.511449790641496, 58.889952153348439 ] ] ], [ [ [ 5.302518703541061, 59.94384425651949 ], [ 5.304471357101106, 59.949983469872883 ], [ 5.316253098920575, 59.949983469872883 ], [ 5.316253098920575, 59.939766003487478 ], [ 5.302518703541061, 59.94384425651949 ] ] ], [ [ [ 5.225926413734124, 59.959173073095279 ], [ 5.232668553809062, 59.95961631826701 ], [ 5.233536716242337, 59.959685429048363 ], [ 5.239682748667795, 59.960197777502557 ], [ 5.25341714404731, 59.957123568886892 ], [ 5.235755501095221, 59.953046955340902 ], [ 5.225926413734124, 59.959173073095279 ] ] ], [ [ [ 10.523459714485014, 59.239136206765927 ], [ 10.529810274436036, 59.244742925692222 ], [ 10.540379890696546, 59.238007772089333 ], [ 10.534029331643838, 59.23239994176393 ], [ 10.523459714485014, 59.239136206765927 ] ] ], [ [ [ 5.765933873089411, 59.692564365639427 ], [ 5.779690208023074, 59.693585854612387 ], [ 5.78164286158312, 59.685355665457969 ], [ 5.769861120661985, 59.685355665457969 ], [ 5.765933873089411, 59.692564365639427 ] ] ], [ [ [ 10.887023762538004, 59.021987713636996 ], [ 10.887023762538004, 59.028765634119829 ], [ 10.901834410594793, 59.023111606535778 ], [ 10.901834410594793, 59.016344276948125 ], [ 10.887023762538004, 59.021987713636996 ] ] ], [ [ [ 5.249489896474709, 59.945894584772319 ], [ 5.25539173716153, 59.952022029042148 ], [ 5.269126132541053, 59.94384425651949 ], [ 5.25931898473413, 59.941805193142059 ], [ 5.249489896474709, 59.945894584772319 ] ] ], [ [ [ 5.474900721849399, 59.253116384354151 ], [ 5.474900721849399, 59.256848886522462 ], [ 5.477533513267249, 59.259174225131858 ], [ 5.483676693541654, 59.256848886522462 ], [ 5.490719409910659, 59.253581516392522 ], [ 5.490719409910659, 59.249383472411353 ], [ 5.481043902123794, 59.250779001858618 ], [ 5.474900721849399, 59.253116384354151 ] ] ], [ [ [ 5.320180346493148, 59.729604908338693 ], [ 5.320180346493148, 59.735772422831573 ], [ 5.333936681426845, 59.741938796354539 ], [ 5.331486649558613, 59.737891239624091 ], [ 5.331476556986386, 59.737426911323148 ], [ 5.3317194317948, 59.734853902361074 ], [ 5.331962087414293, 59.733720532754489 ], [ 5.320180346493148, 59.729604908338693 ] ] ], [ [ [ 5.195407972841253, 59.376304243255817 ], [ 5.195407972841253, 59.380706700188348 ], [ 5.200958775271211, 59.380706700188348 ], [ 5.206487637248706, 59.370939421465295 ], [ 5.200015358271622, 59.372399478843555 ], [ 5.195407972841253, 59.376304243255817 ] ] ], [ [ [ 9.62200794188974, 58.905746944013018 ], [ 9.632561048013638, 58.910666861410043 ], [ 9.63769499082929, 58.911361381317043 ], [ 9.624421334172489, 58.901532620694539 ], [ 9.62200794188974, 58.905746944013018 ] ] ] ] } },
{ "type": "Feature", "properties": { "OBJECTID": 1.0, "YEAR": null, "OWNER_ID": null, "SHORT_NAME": "Ertholmene", "LONG_NAME": null, "VARIANTS": null, "SHAPE_LENG": null, "Shape__Are": null, "Shape__Len": null }, "geometry": { "type": "MultiPolygon", "coordinates": [ [ [ [ 15.188483950250944, 55.323492370613344 ], [ 15.190922760565565, 55.323291568402425 ], [ 15.191818192604932, 55.322049771014846 ], [ 15.193154768386121, 55.320137125235682 ], [ 15.191935865792004, 55.318881995978664 ], [ 15.191054302405306, 55.31751255636167 ], [ 15.188200985308635, 55.31722838380275 ], [ 15.183332702201353, 55.319738078629328 ], [ 15.183140401637267, 55.321653768876502 ], [ 15.184595952457466, 55.322698425438659 ], [ 15.188483950250944, 55.323492370613344 ] ] ] ] } }
]
}
