{
"type": "FeatureCollection",
"name": "England-Ireland",
"crs": { "type": "name", "properties": { "name": "urn:ogc:def:crs:OGC:1.3:CRS84" } },
"features": [
{ "type": "Feature", "properties": { "OBJECTID": 37.0, "YEAR": 1700.0, "OWNER_ID": 1423.0, "SHORT_NAME": "England-Scotland-Netherlands", "LONG_NAME": "Kingdom of England and Ireland in Personal Union with the Kingdom of Scotland an", "VARIANTS": null, "SHAPE_LENG": 13926990.0, "Shape__Are": 642386186006.39478, "Shape__Len": 13942595.459886447 }, "geometry": { "type": "MultiPolygon", "coordinates": [ [ [ [ -3.820142764484294, 53.21745691142555 ], [ -3.821110259028461, 53.234586541510033 ], [ -3.803886719948844, 53.245332981943058 ], [ -3.800217930259908, 53.254147532391734 ], [ -3.81546427739916, 53.266738469816808 ], [ -3.819945913062814, 53.274346716346869 ], [ -3.825281259961804, 53.279220796800224 ], [ -3.82945840357506, 53.283036416742334 ], [ -3.828337994210022, 53.294919150727772 ], [ -3.850087106452146, 53.301572031325591 ], [ -3.853470301051, 53.313581539296017 ], [ -3.835038478506911, 53.308091899588163 ], [ -3.818056596120181, 53.304145783145266 ], [ -3.813113616269314, 53.294021460064393 ], [ -3.784993552319245, 53.298285321621066 ], [ -3.773459932367763, 53.297744112069019 ], [ -3.769529160704312, 53.292186052205686 ], [ -3.764936037825692, 53.285690515301177 ], [ -3.75342438707279, 53.280131243462023 ], [ -3.695272973031368, 53.277239078500024 ], [ -3.684398417359486, 53.277740929295845 ], [ -3.624181936379966, 53.280540620610637 ], [ -3.505967824850863, 53.297031289025917 ], [ -3.500000000211477, 53.298850177611321 ], [ -3.449837541146964, 53.314135742484723 ], [ -3.434766944003149, 53.318028155390529 ], [ -3.377560189331362, 53.332802882357214 ], [ -3.30047167016147, 53.346768186358069 ], [ -3.267188937967865, 53.345040905135818 ], [ -3.257654479155355, 53.335150534954302 ], [ -3.260466485370685, 53.319558633775458 ], [ -3.255633349716128, 53.310731237877739 ], [ -3.223427088490439, 53.301849212153805 ], [ -3.170548187787124, 53.28091037750702 ], [ -3.132366413241513, 53.2594988057769 ], [ -3.078191352279391, 53.229642004195817 ], [ -3.030431181422418, 53.213363283744499 ], [ -3.025861671659329, 53.217516204239097 ], [ -3.030958433205379, 53.229377574275532 ], [ -3.051982574470489, 53.239636252100844 ], [ -3.053366608828741, 53.246548890378953 ], [ -3.034099971111318, 53.247487230658407 ], [ -3.03379240772099, 53.250804297056632 ], [ -3.033704532723258, 53.25145182182581 ], [ -3.033111375141172, 53.256037071279636 ], [ -3.062220035061423, 53.272405157754342 ], [ -3.076587630426849, 53.302878724656374 ], [ -3.095854268144236, 53.311047947777674 ], [ -3.138122239067126, 53.33501864806086 ], [ -3.163584077598733, 53.348996407556193 ], [ -3.171910252946788, 53.366580743829687 ], [ -3.154708683065759, 53.380205566857903 ], [ -3.073072622433095, 53.400331717971163 ], [ -3.061165532393836, 53.410259554701746 ], [ -3.036472601439744, 53.419421646388024 ], [ -3.013559143232, 53.411062633425189 ], [ -3.000246050534215, 53.371390779753341 ], [ -3.000000000181255, 53.371268984277492 ], [ -2.991194905107472, 53.366910215628707 ], [ -2.973619865138664, 53.360952967874006 ], [ -2.945873270378041, 53.343669577900151 ], [ -2.861271422733162, 53.317315672549348 ], [ -2.793805237373502, 53.325310627729301 ], [ -2.712586584327486, 53.327289344273801 ], [ -2.711927520946247, 53.344117901243578 ], [ -2.667682357184695, 53.365394623402494 ], [ -2.644417398087716, 53.376582371195937 ], [ -2.757139310581033, 53.355719915699083 ], [ -2.845783418002663, 53.359845776171952 ], [ -2.959274238971863, 53.393141141160363 ], [ -2.997477981817756, 53.424409939419519 ], [ -3.000000000181255, 53.426196547195715 ], [ -3.017337777117257, 53.438476654077618 ], [ -3.027663112705923, 53.45092093999034 ], [ -3.017205963722357, 53.454735050615298 ], [ -3.029464554650815, 53.483421912547072 ], [ -3.037041762325663, 53.499999999893774 ], [ -3.043722305819884, 53.514785024246557 ], [ -3.063274537729056, 53.52149562321199 ], [ -3.060484499813982, 53.541288989491512 ], [ -3.04462302679237, 53.569594609181408 ], [ -3.011208482102163, 53.610174370186478 ], [ -3.000000000181255, 53.616185497228351 ], [ -2.96208624518722, 53.636512333922902 ], [ -2.892752712981848, 53.658145617217208 ], [ -2.966721661647723, 53.658913771383496 ], [ -3.000000000181255, 53.665109417061927 ], [ -3.016371149447365, 53.66815700506163 ], [ -3.028739583673802, 53.682653389473337 ], [ -3.040339110322733, 53.69898394847376 ], [ -3.04822590978382, 53.715585891188589 ], [ -3.048313784781552, 53.799486891988352 ], [ -3.036670320633796, 53.828423356449413 ], [ -3.036384726442047, 53.911624052166431 ], [ -3.023137540441704, 53.920890483830838 ], [ -3.003123963447022, 53.917020946928368 ], [ -3.000000000181255, 53.905898624072371 ], [ -2.997477981817756, 53.896917249888226 ], [ -2.991744125190723, 53.877699724039843 ], [ -2.94589523957662, 53.864193411485793 ], [ -2.978057562405151, 53.879359709797995 ], [ -2.98776777211145, 53.898866167101303 ], [ -2.9936993479325, 53.919192670012855 ], [ -2.978013624906281, 53.926470405998963 ], [ -2.935811560680868, 53.951807507085455 ], [ -2.923355250558366, 53.945678556446502 ], [ -2.893917058947459, 53.950913210264545 ], [ -2.898925945495776, 53.964509703050872 ], [ -2.886579479569587, 53.964246757444791 ], [ -2.883350066665905, 53.972081832958835 ], [ -2.904681771321389, 53.978101741544826 ], [ -2.894905654917642, 53.990375441607128 ], [ -2.868718845409022, 53.996471517341064 ], [ -2.867419523978693, 53.99999999987628 ], [ -2.864215241445085, 54.008805997271622 ], [ -2.869224127993403, 54.02086069067024 ], [ -2.872651260989425, 54.027770288388034 ], [ -2.882449345693464, 54.02525904860434 ], [ -2.875595079701384, 54.013285383461238 ], [ -2.88521741440995, 54.00007179572917 ], [ -2.885845722170797, 53.99999999987628 ], [ -2.926057413475699, 53.995459946270493 ], [ -2.926003687035196, 53.99999999987628 ], [ -2.925640005889059, 54.031091800009769 ], [ -2.904066644540688, 54.051241016243317 ], [ -2.878912368501095, 54.059274057811031 ], [ -2.858832885707286, 54.062699243683738 ], [ -2.839829873881366, 54.066243614443636 ], [ -2.834799018134468, 54.084810086238186 ], [ -2.840818469851548, 54.10135229773865 ], [ -2.845907723278426, 54.121112744322858 ], [ -2.849342364393621, 54.134443348707222 ], [ -2.863951615553591, 54.139531924226738 ], [ -2.857207194656156, 54.154727653235575 ], [ -2.832799857893822, 54.169613237963361 ], [ -2.814192284455998, 54.186624421053445 ], [ -2.781283021451874, 54.203244901379591 ], [ -2.792970423098501, 54.211909765574575 ], [ -2.804833575638899, 54.198786084301453 ], [ -2.833041514586736, 54.184506680229227 ], [ -2.853845968357557, 54.165508320407028 ], [ -2.880778733488209, 54.161632166042715 ], [ -2.88264706488748, 54.161363262564578 ], [ -2.907274089144114, 54.151892955417843 ], [ -2.924915035810371, 54.138909137542349 ], [ -2.927353572836247, 54.11807348974218 ], [ -2.931220080820902, 54.10596754618134 ], [ -2.951804847097415, 54.100079035035208 ], [ -2.986998864533908, 54.101803235276201 ], [ -2.982209665479889, 54.114069507001382 ], [ -3.000000000181255, 54.12439669878632 ], [ -3.000685426421146, 54.12479453352173 ], [ -3.003387589338515, 54.140684717316702 ], [ -3.014196238312948, 54.15278047549657 ], [ -3.00286033755552, 54.172380515980556 ], [ -3.016480993643641, 54.188874401410615 ], [ -3.026410890844247, 54.197290883151808 ], [ -3.027399486814429, 54.190158158654619 ], [ -3.01909528066499, 54.173267594729246 ], [ -3.037439229109644, 54.156409834968457 ], [ -3.043854118316487, 54.141267726683189 ], [ -3.032452310861609, 54.121401007222232 ], [ -3.034056033612484, 54.106935621927235 ], [ -3.043920025013937, 54.085805193969108 ], [ -3.0920536650604, 54.026561192208156 ], [ -3.109892330920709, 54.02552479571785 ], [ -3.112242992948844, 54.043804082917546 ], [ -3.126434837420499, 54.044879864614146 ], [ -3.14948010812481, 54.036339244843994 ], [ -3.163408327603296, 54.052834470854748 ], [ -3.16729680478654, 54.088724038280439 ], [ -3.188364884448854, 54.093738662642785 ], [ -3.190407982188327, 54.098938370130959 ], [ -3.167208929788807, 54.106431694848027 ], [ -3.154159462982508, 54.134350582402284 ], [ -3.142889468024232, 54.168342081487118 ], [ -3.16780208737092, 54.199143336956112 ], [ -3.178039547961855, 54.206248045959576 ], [ -3.17760265052681, 54.204425744749976 ], [ -3.173865476586862, 54.188834696798615 ], [ -3.19192382994147, 54.165124290878033 ], [ -3.1875520384741, 54.137372006545483 ], [ -3.196844840593758, 54.13492042949057 ], [ -3.199525034312512, 54.114454012428546 ], [ -3.230896481263211, 54.120366986575874 ], [ -3.275361331620737, 54.112133667467887 ], [ -3.301526172829093, 54.124847555525974 ], [ -3.346694024965054, 54.170235560719057 ], [ -3.41339130184883, 54.249537732528786 ], [ -3.412512550074968, 54.256514817302488 ], [ -3.404186374726913, 54.271442850956554 ], [ -3.407196100136287, 54.298563620907466 ], [ -3.434964663197202, 54.345632433898693 ], [ -3.428703554787199, 54.348111016771227 ], [ -3.411523954104786, 54.338301277840095 ], [ -3.402406901980601, 54.346041146307883 ], [ -3.411106546518146, 54.352790910105924 ], [ -3.421080381217577, 54.364784811403787 ], [ -3.429692151655715, 54.382584655023699 ], [ -3.437315324327012, 54.390052746486283 ], [ -3.446410408150942, 54.385535175383566 ], [ -3.443620370235867, 54.375194247120923 ], [ -3.449617852754332, 54.370332448216324 ], [ -3.499596872244584, 54.408433975482552 ], [ -3.500000000211477, 54.408797754652795 ], [ -3.599203411234161, 54.49821957125107 ], [ -3.595543956837666, 54.499999999751346 ], [ -3.55957169653119, 54.517713713556219 ], [ -3.545533632856392, 54.553823141336444 ], [ -3.538964961954395, 54.617050146115695 ], [ -3.500000000211477, 54.672257129103002 ], [ -3.498827964667043, 54.673916545108725 ], [ -3.439336454664536, 54.696934498122914 ], [ -3.442192398378754, 54.717558769725606 ], [ -3.40901951038147, 54.757943331827036 ], [ -3.396211700268093, 54.790089851973107 ], [ -3.393421662353019, 54.827473773335527 ], [ -3.380064632156364, 54.856744345886312 ], [ -3.334018027348244, 54.881027997491017 ], [ -3.295243096118853, 54.886849673031541 ], [ -3.259060482712187, 54.870923672613905 ], [ -3.238190122243925, 54.857284728150518 ], [ -3.229402602708647, 54.872610099176335 ], [ -3.206577019498635, 54.877023458506748 ], [ -3.212772221211152, 54.890431823175554 ], [ -3.239024936518916, 54.887613540781189 ], [ -3.2751855816253, 54.895962455306957 ], [ -3.286872983271928, 54.90670550326616 ], [ -3.282852692693793, 54.918366876122576 ], [ -3.248361677035706, 54.925393649244128 ], [ -3.223295275993836, 54.934655526941832 ], [ -3.176216137716672, 54.944480773067923 ], [ -3.145459817546675, 54.944270351182169 ], [ -3.115208780859382, 54.924788395131245 ], [ -3.070128802822838, 54.930222196485829 ], [ -3.031463714891426, 54.947636967052617 ], [ -3.070897711298686, 54.954132682765774 ], [ -3.050752321807428, 54.981970783680914 ], [ -3.061096803189736, 54.981932356356857 ], [ -3.059825435534418, 54.982378090586366 ], [ -3.047654720501989, 54.992020858677293 ], [ -3.03951385861394, 54.999999999764796 ], [ -3.01597571105926, 55.020550571915685 ], [ -3.028717615373555, 55.030970986354887 ], [ -3.011735732986826, 55.03640816921903 ], [ -3.000000000181255, 55.035890212622654 ], [ -2.984714109203215, 55.035215560321035 ], [ -2.958637143890916, 55.043995600388342 ], [ -2.954441102418983, 55.053802174559564 ], [ -2.912832195775683, 55.073116055684253 ], [ -2.90041982405034, 55.093459695819817 ], [ -2.885459071102837, 55.100966232101229 ], [ -2.847892423337928, 55.101865053417676 ], [ -2.812280998314794, 55.125973906613346 ], [ -2.794640052546826, 55.137917893488428 ], [ -2.774736319748464, 55.162133102769545 ], [ -2.739696084007126, 55.182617639748393 ], [ -2.730666906880673, 55.187882717220646 ], [ -2.717705315072116, 55.210600733968157 ], [ -2.70175596615443, 55.220040426058176 ], [ -2.680380324000084, 55.231711805468294 ], [ -2.698262927359264, 55.243007542484136 ], [ -2.677502411087278, 55.26069500489087 ], [ -2.643582583812725, 55.272575237204471 ], [ -2.571217356999392, 55.309750540513626 ], [ -2.536264996255786, 55.339860109376239 ], [ -2.507771463116227, 55.3622938550348 ], [ -2.500000000151079, 55.375054229240568 ], [ -2.498874099384647, 55.376902562652276 ], [ -2.449949581663721, 55.382663396567715 ], [ -2.433275262667355, 55.374410190385518 ], [ -2.389293724797297, 55.376299770709217 ], [ -2.358932843913693, 55.39070629043399 ], [ -2.359855533186399, 55.416446407203075 ], [ -2.285754771125624, 55.433500671201294 ], [ -2.255371921043404, 55.432678809239512 ], [ -2.23076686508708, 55.431243403040995 ], [ -2.215981862135015, 55.448001972336009 ], [ -2.205063368964235, 55.470293212184217 ], [ -2.218332524163158, 55.478295073817605 ], [ -2.242805767622906, 55.480884922563149 ], [ -2.240455105594772, 55.497622320241732 ], [ -2.241368825189384, 55.500000000025729 ], [ -2.24542005464422, 55.510675632718758 ], [ -2.244695083667242, 55.541682541461348 ], [ -2.259018741533761, 55.549924306460611 ], [ -2.288874340731308, 55.560875569052442 ], [ -2.311875673936784, 55.565304291755183 ], [ -2.31435814846153, 55.57924156192955 ], [ -2.355857211806843, 55.601743325783438 ], [ -2.362667539401755, 55.615247501063386 ], [ -2.333031628596831, 55.614325584176605 ], [ -2.315522495325474, 55.621478622837436 ], [ -2.312029455631966, 55.634999301764026 ], [ -2.293531726390427, 55.637973455592821 ], [ -2.283711672487808, 55.652036382239174 ], [ -2.250824379580597, 55.665674674537385 ], [ -2.236808285104415, 55.680554782858025 ], [ -2.203152083721356, 55.692506023318657 ], [ -2.187158797304809, 55.704325521781357 ], [ -2.187466360695137, 55.730967356929604 ], [ -2.126217346246636, 55.746566875384524 ], [ -2.112442908463333, 55.761357947825793 ], [ -2.084674345402426, 55.764229460975628 ], [ -2.082169902577434, 55.780454747759435 ], [ -2.06035488363786, 55.784207913293834 ], [ -2.050886331522765, 55.802190181256321 ], [ -2.021232152578241, 55.816064408473636 ], [ -2.000000000120858, 55.795188042108656 ], [ -1.975621222598045, 55.771203910999361 ], [ -1.770872007185912, 55.633587956993182 ], [ -1.728801755457066, 55.591831068132322 ], [ -1.70494363877801, 55.600424171839244 ], [ -1.650878422910505, 55.588222802574613 ], [ -1.600108525745817, 55.548661850431984 ], [ -1.576198738869916, 55.500000000025729 ], [ -1.575723158182098, 55.499043745209534 ], [ -1.575437563990349, 55.441243851003115 ], [ -1.604678036407204, 55.422351979262082 ], [ -1.585653055382695, 55.364624654913762 ], [ -1.562454002983175, 55.352702496987582 ], [ -1.557115584744238, 55.335740842625576 ], [ -1.565639478388013, 55.307857768494628 ], [ -1.55210669819592, 55.282232560943378 ], [ -1.519329248586696, 55.254904714219848 ], [ -1.523942696746944, 55.231467474855506 ], [ -1.522646537386434, 55.191504964614289 ], [ -1.566386417665281, 55.188150611898593 ], [ -1.563772130643968, 55.180182887329615 ], [ -1.520054218665412, 55.183328232920047 ], [ -1.501380739428409, 55.137089861850029 ], [ -1.500000000090646, 55.135036095972396 ], [ -1.477324903555336, 55.101293078799415 ], [ -1.457750702447585, 55.096366749407515 ], [ -1.41809701854599, 55.00439413672099 ], [ -1.432431959252487, 54.999999999764796 ], [ -1.461617211330538, 54.989958500472618 ], [ -1.491714467221008, 54.971471339985534 ], [ -1.487234988412315, 54.971799129080502 ], [ -1.456871950673714, 54.974020895258683 ], [ -1.421546119842303, 54.986069943100958 ], [ -1.236019604648722, 54.713246932451767 ], [ -1.146606589649542, 54.656621294888907 ], [ -1.148737563285089, 54.648699561107925 ], [ -1.180943823612446, 54.632202010717201 ], [ -1.171607083993963, 54.627867804333974 ], [ -1.1587333671831, 54.631618841952665 ], [ -1.148495905693869, 54.631128443227524 ], [ -1.138060725908891, 54.604425892904345 ], [ -1.155525921681386, 54.576498006389663 ], [ -1.154078120412709, 54.576205477197462 ], [ -1.148957250779388, 54.575170787109407 ], [ -1.129119424678467, 54.603802534874013 ], [ -1.135270688892114, 54.625693899023197 ], [ -1.127252076934423, 54.633951467654917 ], [ -1.120090247551979, 54.650355569899531 ], [ -1.067343159345267, 54.634322554451991 ], [ -1.000000000060433, 54.599332366792872 ], [ -0.99895428471291, 54.598788795842815 ], [ -0.91450621786488, 54.596719452772426 ], [ -0.725442726377264, 54.543955355631091 ], [ -0.653886590580745, 54.499999999751346 ], [ -0.647167892043136, 54.495920857284638 ], [ -0.588379383819093, 54.486987479570907 ], [ -0.531150659948696, 54.44966944024214 ], [ -0.533193758586506, 54.429833201058074 ], [ -0.51821103644039, 54.418595400666206 ], [ -0.500000000030215, 54.414309513384183 ], [ -0.487564560466706, 54.411382628911163 ], [ -0.457511242973435, 54.395636458534582 ], [ -0.424052759886063, 54.362096374711612 ], [ -0.385805079541337, 54.284490523494306 ], [ -0.363638560610858, 54.25044957814967 ], [ -0.301950170275393, 54.203602115309366 ], [ -0.262691924761904, 54.19342692636566 ], [ -0.267173560425555, 54.179675176048534 ], [ -0.256255066356475, 54.159694527511029 ], [ -0.229519036764612, 54.142248223817191 ], [ -0.164689108523206, 54.121971033264145 ], [ -0.08204248362004, 54.071871503023097 ], [ -0.091181504044512, 54.067504646425142 ], [ -0.188635100199995, 54.062619591654745 ], [ -0.226838843045855, 54.051148062842366 ], [ -0.242920005358433, 54.032553180493203 ], [ -0.24443354623793, 53.99999999987628 ], [ -0.244589633908429, 53.9966817109662 ], [ -0.146235316780499, 53.838367691179499 ], [ -0.086370336690245, 53.769460437790755 ], [ -0.038412446639217, 53.7350104032381 ], [ 0.0, 53.704090013539137 ], [ 0.054764091683838, 53.659973271127335 ], [ 0.143660987721348, 53.547889138846102 ], [ 0.138761331819997, 53.549867654519637 ], [ 0.110461974020671, 53.573655673917806 ], [ 0.084711315447109, 53.582400232096305 ], [ 0.045514068236329, 53.580396707778533 ], [ 0.019060320747784, 53.570284752269622 ], [ 0.0, 53.56884211235554 ], [ -0.00846897244393, 53.568201016115466 ], [ -0.105658943606213, 53.610558888059224 ], [ -0.205155638399473, 53.691123841993601 ], [ -0.25060908472721, 53.722105809897137 ], [ -0.298479099780505, 53.73487820389488 ], [ -0.355400260260536, 53.734111441810292 ], [ -0.38901252414476, 53.724962087620639 ], [ -0.500000000030215, 53.71482238105434 ], [ -0.505974414710513, 53.714276494747466 ], [ -0.527635651954941, 53.714408759180387 ], [ -0.54384862586579, 53.722806673994455 ], [ -0.575923073696585, 53.724988533469308 ], [ -0.595211680612588, 53.724248036463514 ], [ -0.628801975298196, 53.716829118176079 ], [ -0.651825277702254, 53.706339884378771 ], [ -0.655647849086374, 53.68074730194958 ], [ -0.647629220959003, 53.659562134069702 ], [ -0.644883136712444, 53.652304537485193 ], [ -0.642422631386318, 53.679066166711081 ], [ -0.635150958705891, 53.696284684438254 ], [ -0.607294520647281, 53.705850410701295 ], [ -0.575044321922721, 53.711644352410403 ], [ -0.561203978340298, 53.701802112566881 ], [ -0.538510207626857, 53.692367795272432 ], [ -0.504348723659385, 53.690395979797053 ], [ -0.500000000030215, 53.691690485440411 ], [ -0.464870790651562, 53.702146100713719 ], [ -0.40922382033346, 53.698547314486667 ], [ -0.353818506708275, 53.707887641098061 ], [ -0.313110321037389, 53.699433808904637 ], [ -0.262911613154535, 53.676789245951724 ], [ -0.093114758486005, 53.545193428221957 ], [ -0.065851478009476, 53.544781752972114 ], [ -0.028504517738866, 53.517309929287322 ], [ 0.0, 53.507550044004375 ], [ 0.006119076678714, 53.505454853017994 ], [ 0.024806478904302, 53.499999999893774 ], [ 0.047469536218182, 53.493461654005301 ], [ 0.084403714327499, 53.495314277253009 ], [ 0.103870508368327, 53.46514976601766 ], [ 0.302405445444553, 53.244645714039123 ], [ 0.329869884764317, 53.187127054631496 ], [ 0.335274886132113, 53.140674667474563 ], [ 0.333209560479255, 53.09637342468524 ], [ 0.316818783024208, 53.080110179683096 ], [ 0.291221925908764, 53.083745404831966 ], [ 0.133949561696177, 53.001226889970063 ], [ 0.132647814814586, 52.999999999855014 ], [ 0.107759473336757, 52.976807691183161 ], [ 0.085260604700634, 52.93432547435269 ], [ 0.067178017494594, 52.919440208326371 ], [ 0.0264207900974, 52.924284077514741 ], [ 0.02455320879141, 52.895937081200373 ], [ 0.11947031023253, 52.885056787081766 ], [ 0.172751322009849, 52.871630463953615 ], [ 0.221308449440814, 52.842180706788383 ], [ 0.23873188972229, 52.797981610935956 ], [ 0.281664301341678, 52.784911140222803 ], [ 0.314270082900114, 52.788344171626747 ], [ 0.365771399148909, 52.793783647868167 ], [ 0.387127747287564, 52.775363242550867 ], [ 0.412878404962829, 52.780857172396836 ], [ 0.425665847573781, 52.801123216566054 ], [ 0.446011503881217, 52.815838206463347 ], [ 0.463061428260827, 52.825086951482668 ], [ 0.436585708878709, 52.854785657129284 ], [ 0.441375507109022, 52.874529533044729 ], [ 0.462600025683132, 52.889377620092255 ], [ 0.473915374783466, 52.933549093614303 ], [ 0.499336459445582, 52.958517858983846 ], [ 0.500000000030215, 52.95886830611925 ], [ 0.54154380935815, 52.980803858510228 ], [ 0.631824913128779, 52.98570654322647 ], [ 0.643118290335607, 52.974954079791615 ], [ 0.704506804164604, 52.975742860142923 ], [ 0.717030588544729, 52.982775514287873 ], [ 0.777034895538937, 52.984024183354485 ], [ 0.785735629732922, 52.975453642414834 ], [ 0.809508847532794, 52.980843292425078 ], [ 0.849914530921629, 52.976741961802951 ], [ 0.861889026048229, 52.965868913119813 ], [ 0.880301186267386, 52.972771711179021 ], [ 0.975591803610408, 52.96945850629286 ], [ 0.989192193705711, 52.97791193245979 ], [ 1.000000000060433, 52.974612825916012 ], [ 1.026961290294617, 52.966381730328912 ], [ 1.115374812759227, 52.953940897851808 ], [ 1.192077498328059, 52.956492482124688 ], [ 1.370728180776211, 52.932864814048372 ], [ 1.500000000090646, 52.881048369089953 ], [ 1.524924527504722, 52.8710506270954 ], [ 1.600616522140662, 52.807366150875858 ], [ 1.67828595575367, 52.715862707334225 ], [ 1.703465353180166, 52.674936848630963 ], [ 1.716120966226539, 52.620256025295994 ], [ 1.709353729019203, 52.564192593597483 ], [ 1.708474866752561, 52.556839451899037 ], [ 1.733873980419463, 52.509545371291743 ], [ 1.739223493750483, 52.500000000004945 ], [ 1.744859755608383, 52.490055055404795 ], [ 1.726645339736095, 52.47129576884678 ], [ 1.711924400138499, 52.406793014234118 ], [ 1.690194536097986, 52.330944947659326 ], [ 1.658379730130386, 52.31750138756157 ], [ 1.61922642580836, 52.269868415408453 ], [ 1.603297050931044, 52.160016482399449 ], [ 1.562737566982382, 52.08460509384421 ], [ 1.500000000090646, 52.059670593263327 ], [ 1.487155430915807, 52.054563905084073 ], [ 1.453604872308476, 52.024701636889624 ], [ 1.442399380879149, 52.009264720169547 ], [ 1.429317597180504, 51.999999999749583 ], [ 1.421196834198613, 51.994312004752871 ], [ 1.413437925189525, 51.999999999749583 ], [ 1.343769087821221, 52.051617076303089 ], [ 1.331552905459001, 52.080519412027385 ], [ 1.332585568285438, 52.047488532631519 ], [ 1.392597051920455, 51.999999999749583 ], [ 1.412518071898162, 51.98440096224703 ], [ 1.365630781426327, 51.946129444003247 ], [ 1.340605184559616, 51.964664325210208 ], [ 1.302792145081948, 51.980811937631252 ], [ 1.274925044020932, 51.999999999749583 ], [ 1.265242763835114, 52.006740102245367 ], [ 1.205326343516741, 52.028858858096655 ], [ 1.163097021710626, 52.054670093345877 ], [ 1.18194861261394, 52.027198672844591 ], [ 1.249291417064255, 52.000454510549261 ], [ 1.249838052694425, 51.999999999749583 ], [ 1.279963703432675, 51.975224052430626 ], [ 1.257201175667402, 51.962415293005392 ], [ 1.130798841271804, 51.979457761231373 ], [ 1.125613555246081, 51.967005302829527 ], [ 1.066114594616616, 51.96989847536279 ], [ 1.069654757234965, 51.968538205697605 ], [ 1.108783347106886, 51.953549582841738 ], [ 1.179399913388143, 51.957824811277796 ], [ 1.274075327593683, 51.946208387807999 ], [ 1.246523001598051, 51.917753139790229 ], [ 1.266143597096966, 51.912275859129856 ], [ 1.296947712131673, 51.923005958802996 ], [ 1.309713183747412, 51.898276775544474 ], [ 1.292245800577181, 51.872980391867635 ], [ 1.256278370512006, 51.844834535627548 ], [ 1.203612562770499, 51.819956540562444 ], [ 1.138269169190787, 51.800714773195843 ], [ 1.068641322847204, 51.796147269991856 ], [ 1.029927450107657, 51.79964554382294 ], [ 1.048844955793258, 51.822555789515469 ], [ 1.000000000060433, 51.848328596044418 ], [ 0.99584957414034, 51.85051786506623 ], [ 0.959091168484318, 51.836420301823701 ], [ 0.974075766312704, 51.796912953089006 ], [ 0.939184943759331, 51.760924926200715 ], [ 0.878169945832238, 51.754926318932455 ], [ 0.800853528164316, 51.742849043586865 ], [ 0.746061508183879, 51.730180698427588 ], [ 0.721211600777012, 51.712756111221999 ], [ 0.818407190630263, 51.72043110339326 ], [ 0.854198623384829, 51.716128596391911 ], [ 0.908007311924469, 51.740349273069683 ], [ 0.944611916122373, 51.742133662235517 ], [ 0.962057328297357, 51.723876677270297 ], [ 0.972647615690876, 51.632838263098058 ], [ 0.945754437518138, 51.618778300288675 ], [ 0.916466359781135, 51.610228868106738 ], [ 0.830667452222912, 51.611382142149054 ], [ 0.688489543509751, 51.610175843735355 ], [ 0.714767519443299, 51.599649191327124 ], [ 0.768444019016024, 51.595777311659525 ], [ 0.828777898125051, 51.602526366509643 ], [ 0.964649971310232, 51.584000515516415 ], [ 0.944150513544675, 51.54622245852778 ], [ 0.929165915716253, 51.537420299415487 ], [ 0.821219684428568, 51.513235426651981 ], [ 0.802390065418763, 51.514909259971944 ], [ 0.727467075378455, 51.53333062947064 ], [ 0.701914161151761, 51.534260132652022 ], [ 0.687654625030191, 51.527779772793458 ], [ 0.672999600214919, 51.508612135641798 ], [ 0.515068089976066, 51.508439417456437 ], [ 0.500000000030215, 51.507118277474227 ], [ 0.462182565994187, 51.503802350309861 ], [ 0.460694604642406, 51.500000000093614 ], [ 0.455942645248499, 51.487987887778587 ], [ 0.423446721361101, 51.469447883716036 ], [ 0.365112252224345, 51.45866226925861 ], [ 0.36243172343397, 51.458162386170507 ], [ 0.378119411075705, 51.451623932588994 ], [ 0.435465159376451, 51.457741427249971 ], [ 0.470487812392732, 51.47194662342639 ], [ 0.480506839537513, 51.485411148791542 ], [ 0.500000000030215, 51.486887889331747 ], [ 0.533436306408142, 51.489420806653293 ], [ 0.691148101304918, 51.482203167858856 ], [ 0.702309649845464, 51.459688328420249 ], [ 0.671263847575144, 51.44961089877949 ], [ 0.598186467845617, 51.438570521654057 ], [ 0.516540183486684, 51.431581721021757 ], [ 0.516759899727058, 51.416955725710864 ], [ 0.578829531475828, 51.412386606031291 ], [ 0.644502498068693, 51.419575849157475 ], [ 0.658036973381707, 51.410147964902151 ], [ 0.721073354072946, 51.414717309486548 ], [ 0.745439804913423, 51.398926762296867 ], [ 0.752800274263038, 51.37683187218898 ], [ 0.866239393594387, 51.364640179334074 ], [ 1.000000000060433, 51.360119323911896 ], [ 1.007824069266943, 51.359854871650015 ], [ 1.019490963273931, 51.374644197816117 ], [ 1.174170683575378, 51.39006110925115 ], [ 1.383537595280702, 51.392050432630235 ], [ 1.43936730718212, 51.401403040469354 ], [ 1.462613208520337, 51.372878167471541 ], [ 1.468457641470621, 51.338321362940839 ], [ 1.424250879789149, 51.314204423690931 ], [ 1.396325037891687, 51.307381291478869 ], [ 1.38643784031149, 51.287499971225849 ], [ 1.400257945748866, 51.282363217070497 ], [ 1.434182021156433, 51.202028055734111 ], [ 1.434621451840587, 51.150458990517912 ], [ 1.41001331466282, 51.119815732557683 ], [ 1.362225190929133, 51.100290368406952 ], [ 1.17570869276658, 51.066946862318702 ], [ 1.157889764689702, 51.057631829996616 ], [ 1.061830142751078, 51.043230957981699 ], [ 1.000000000060433, 51.017894585075091 ], [ 0.972361985566507, 51.006564747030836 ], [ 0.967513529144789, 50.999999999968175 ], [ 0.947182588140011, 50.97275883720453 ], [ 0.944809660469245, 50.90396325880247 ], [ 0.957728932644777, 50.873527400792092 ], [ 0.915213980714293, 50.868545083635148 ], [ 0.883355231857923, 50.873988699077316 ], [ 0.870128357664519, 50.876242406114223 ], [ 0.76279733041261, 50.878192894441852 ], [ 0.717426076340134, 50.845616892595103 ], [ 0.662936629283058, 50.823178754911112 ], [ 0.500000000030215, 50.800039240979039 ], [ 0.39984927511626, 50.785810574376875 ], [ 0.355049282190815, 50.761546759545524 ], [ 0.324882342187169, 50.734256322274298 ], [ 0.252464109382172, 50.748544497516114 ], [ 0.123688847315779, 50.792438985371248 ], [ 0.051951733328885, 50.802617433727058 ], [ 0.0, 50.814683609603058 ], [ -0.025670542324959, 50.820645373710995 ], [ -0.175739415088852, 50.823535000328434 ], [ -0.251619649895973, 50.82035508132779 ], [ -0.372667736839014, 50.796030079979815 ], [ -0.499757244697716, 50.802987037266085 ], [ -0.500000000030215, 50.802958149349536 ], [ -0.641851443002818, 50.786074672746153 ], [ -0.761207932197249, 50.736411063788601 ], [ -0.786515989932033, 50.723626566671619 ], [ -0.810615763303971, 50.700547422632091 ], [ -0.869711834918413, 50.723520785817385 ], [ -0.900270435894364, 50.727355189671322 ], [ -0.941725561740842, 50.739636380847237 ], [ -0.890933696275875, 50.744989385450687 ], [ -0.865010511760428, 50.750526784468768 ], [ -0.832696405680708, 50.80145251350303 ], [ -0.898530706512523, 50.77532465184256 ], [ -0.913315708566261, 50.787896918303332 ], [ -0.899290082307807, 50.806384164992942 ], [ -0.932467981886251, 50.791711479205844 ], [ -0.950559761160491, 50.818362421525073 ], [ -0.970921680820951, 50.777294294800221 ], [ -0.983264289728251, 50.752142304834507 ], [ -1.003488266612414, 50.756539410093538 ], [ -1.040602511176144, 50.765920599796075 ], [ -1.041002568141474, 50.771705552083006 ], [ -1.009762934585675, 50.783644912653983 ], [ -0.994983447663453, 50.837754010554221 ], [ -1.062351752505203, 50.83458677105213 ], [ -1.085645393219285, 50.793373506658305 ], [ -1.058094263317968, 50.77123349917543 ], [ -1.160389697797802, 50.773995940076631 ], [ -1.15578954757288, 50.802208226481895 ], [ -1.173210805846504, 50.819035549283505 ], [ -1.215632558464549, 50.811077974859884 ], [ -1.203593655928723, 50.76558940594218 ], [ -1.236942294819787, 50.768033319027417 ], [ -1.265743391349702, 50.785427629418884 ], [ -1.288590942859996, 50.804544619112754 ], [ -1.363087143308876, 50.838481659078013 ], [ -1.432486582211662, 50.888668774537571 ], [ -1.500000000090646, 50.906703141195557 ], [ -1.505620717500878, 50.90820424556086 ], [ -1.500000000090646, 50.905177171643878 ], [ -1.441449852640664, 50.873632840821081 ], [ -1.364031801780152, 50.799198462642408 ], [ -1.393689681783691, 50.780039654454356 ], [ -1.40383926737692, 50.766553776156861 ], [ -1.500000000090646, 50.743076965518213 ], [ -1.506565375972191, 50.741473653931045 ], [ -1.55678605215533, 50.730144850884479 ], [ -1.542198769295605, 50.716247773144772 ], [ -1.568297703806484, 50.699793355281798 ], [ -1.62616352275787, 50.694117615457706 ], [ -1.678581079273961, 50.697517850305289 ], [ -1.727395752798567, 50.685768128276173 ], [ -1.745322293656582, 50.672837368515921 ], [ -1.865359816329183, 50.67461109331601 ], [ -1.928739803514934, 50.662339246708939 ], [ -1.938076544031715, 50.655732030446217 ], [ -1.969931303469918, 50.633162467642521 ], [ -1.972743309685239, 50.64047492785226 ], [ -2.000000000120858, 50.650799974089182 ], [ -2.020679231436019, 50.65863190561317 ], [ -2.0624419197745, 50.649521189884972 ], [ -2.069669654956062, 50.642196898855588 ], [ -2.070812032621418, 50.635401367763457 ], [ -2.027225934037725, 50.638276011601327 ], [ -2.027072152342579, 50.630327257019253 ], [ -2.002840565575709, 50.611045915338543 ], [ -2.000000000120858, 50.611559064239444 ], [ -1.983837553749789, 50.614478707869665 ], [ -1.978762761402354, 50.619329252311026 ], [ -1.975225784209985, 50.619435269476959 ], [ -1.981179329229614, 50.596675817437266 ], [ -1.974808377521634, 50.582778760989257 ], [ -2.000000000120858, 50.572491940196237 ], [ -2.006641168659545, 50.569779689561095 ], [ -2.039572399065618, 50.561673341039182 ], [ -2.073975539725982, 50.575324632687817 ], [ -2.214531921977655, 50.585709685842588 ], [ -2.242322453338816, 50.576836776071467 ], [ -2.361788787627884, 50.594859356728747 ], [ -2.424377898935802, 50.584237615114446 ], [ -2.445424008501205, 50.577393869105045 ], [ -2.466404213165778, 50.566184411906399 ], [ -2.466184524773146, 50.554985543704362 ], [ -2.465371678798436, 50.546345726278595 ], [ -2.453244901264879, 50.533256888086335 ], [ -2.440568903648069, 50.532951526678914 ], [ -2.437866741629024, 50.520854965040392 ], [ -2.453398682960025, 50.502910195984278 ], [ -2.465723179687636, 50.510668065509222 ], [ -2.471325223818067, 50.518969160575033 ], [ -2.464141426135376, 50.532725823292608 ], [ -2.483671689744257, 50.550367221620995 ], [ -2.500000000151079, 50.561751118989818 ], [ -2.587671988501458, 50.62282769363491 ], [ -2.700459806793919, 50.667714368301965 ], [ -2.795233210128948, 50.694660082107447 ], [ -2.905626429792702, 50.716472592606223 ], [ -2.918283950860747, 50.708435033072817 ], [ -2.941721167303303, 50.693548680688799 ], [ -3.000000000181255, 50.677838435659773 ], [ -3.000531644725991, 50.677695095325902 ], [ -3.070194709520289, 50.67932304914013 ], [ -3.093964951201603, 50.662127406670969 ], [ -3.178478923848786, 50.653931104214898 ], [ -3.290366022067102, 50.622893948936074 ], [ -3.310906849946448, 50.585099644024908 ], [ -3.354954293615623, 50.564088144669952 ], [ -3.433756378834387, 50.546797000349954 ], [ -3.438984953775337, 50.547460630734449 ], [ -3.427583146320459, 50.557387421808023 ], [ -3.439797798851749, 50.591226223304943 ], [ -3.471564684190508, 50.631108944627286 ], [ -3.500000000211477, 50.651968613375907 ], [ -3.508977550260236, 50.658552459548879 ], [ -3.500000000211477, 50.644141700016149 ], [ -3.46681942263536, 50.590841677579796 ], [ -3.459591687453799, 50.551123702109415 ], [ -3.450672355421965, 50.54840296975653 ], [ -3.445114248790396, 50.543053948084953 ], [ -3.45851521648592, 50.53661573126238 ], [ -3.500000000211477, 50.522120117586951 ], [ -3.50293613024291, 50.521094005282848 ], [ -3.516697744575515, 50.499999999891088 ], [ -3.51919304165259, 50.496214665760128 ], [ -3.504825447185534, 50.469520030096334 ], [ -3.538371804372281, 50.463850400156538 ], [ -3.538657398564057, 50.444863345692845 ], [ -3.530902412497833, 50.427909315849263 ], [ -3.500000000211477, 50.420847131584253 ], [ -3.493511514728361, 50.419364171932635 ], [ -3.500000000211477, 50.413551046741851 ], [ -3.509856302034107, 50.40471927456494 ], [ -3.519500605042955, 50.379672806130337 ], [ -3.622907746218035, 50.336135950083417 ], [ -3.657310886878388, 50.300691435588732 ], [ -3.667746066663375, 50.247963813557554 ], [ -3.709970100087404, 50.240073398109843 ], [ -3.731191961444865, 50.292756988066294 ], [ -3.751117662543517, 50.274691587546315 ], [ -3.744570959941811, 50.247355888499364 ], [ -3.838158048112605, 50.271362998384603 ], [ -3.815640028292921, 50.300506621756853 ], [ -3.832446159785853, 50.328972653454827 ], [ -3.858654938493089, 50.343416862486741 ], [ -3.932536012161231, 50.358397238558439 ], [ -3.984514192790393, 50.358871891536737 ], [ -4.000000000241688, 50.348487582374659 ], [ -4.010569189802436, 50.341398895779108 ], [ -4.1066167824011, 50.340515184009668 ], [ -4.140097233788722, 50.359214692859119 ], [ -4.144161461865727, 50.384917723079319 ], [ -4.186715026980366, 50.394602155417999 ], [ -4.196952488469598, 50.414333794429737 ], [ -4.211913240518804, 50.435386690208986 ], [ -4.16496591563654, 50.452680150551551 ], [ -4.164350788855837, 50.464126662338991 ], [ -4.22151360602879, 50.453140695959327 ], [ -4.231971130508145, 50.466640328805184 ], [ -4.239308334390229, 50.476109622765847 ], [ -4.248315542318102, 50.468822873474096 ], [ -4.24137340132829, 50.449258813172435 ], [ -4.271536563916174, 50.44637680157917 ], [ -4.235661513899871, 50.437374313507128 ], [ -4.225621771604658, 50.403625992683253 ], [ -4.273140285768752, 50.40217702548221 ], [ -4.30013994125208, 50.415439996930019 ], [ -4.318989171382819, 50.414821053404488 ], [ -4.268241243416719, 50.392744479930059 ], [ -4.217800878840983, 50.396920853746074 ], [ -4.204465817842943, 50.368377122507212 ], [ -4.234672917929698, 50.355245952296777 ], [ -4.2477004155374, 50.372753367358705 ], [ -4.352974905354857, 50.380542606441708 ], [ -4.44548552165944, 50.378064950846735 ], [ -4.458776645158653, 50.357131475293606 ], [ -4.500000000271902, 50.354044282975579 ], [ -4.556142366316362, 50.349839489621829 ], [ -4.576815007590617, 50.35346584404212 ], [ -4.574662064756526, 50.39595913502064 ], [ -4.588480440038665, 50.406681849356161 ], [ -4.60313362959583, 50.344287331100929 ], [ -4.64320472108403, 50.338233284493029 ], [ -4.645313725520997, 50.366267943805646 ], [ -4.683165967477655, 50.368561671065578 ], [ -4.732683642780694, 50.348006426229844 ], [ -4.72690584865479, 50.314708786944088 ], [ -4.750588214440111, 50.303819961821958 ], [ -4.756915228649231, 50.270015645570915 ], [ -4.741141630625316, 50.238407916627864 ], [ -4.785496637684856, 50.205191815810977 ], [ -4.810475162830651, 50.217862164818868 ], [ -4.850414441822321, 50.211487735425855 ], [ -4.869285640253313, 50.194449789769344 ], [ -4.907687103191558, 50.19155220163502 ], [ -4.918605596362336, 50.167531137996313 ], [ -4.9538215829974, 50.171820085973124 ], [ -4.971901904652299, 50.154119059654725 ], [ -4.975087380955434, 50.125375613121783 ], [ -5.000000000302123, 50.110470493114882 ], [ -5.004721974830142, 50.107644039884946 ], [ -5.023785574428733, 50.120578932857626 ], [ -5.022687440587752, 50.137577141351997 ], [ -5.028902876852052, 50.158713751395993 ], [ -5.027431378026179, 50.183202454173511 ], [ -5.011640216141847, 50.193431023114229 ], [ -5.000000000302123, 50.195693022119421 ], [ -4.980996988476202, 50.199384544514217 ], [ -4.97482375506394, 50.215296625876306 ], [ -5.000000000302123, 50.209433627575351 ], [ -5.030528114253973, 50.202321339587193 ], [ -5.03615055822619, 50.213299641622086 ], [ -5.026267356352377, 50.22196144881493 ], [ -5.01170610397465, 50.234693417296171 ], [ -5.068303910478277, 50.249126779173793 ], [ -5.076737576436581, 50.241580212112993 ], [ -5.035294014602774, 50.233424339788868 ], [ -5.053149666706799, 50.20410714037115 ], [ -5.116380200280371, 50.201831886357866 ], [ -5.119718526725738, 50.193642716730665 ], [ -5.095120333898176, 50.192465159518633 ], [ -5.060638938298476, 50.191525738675516 ], [ -5.063933338923098, 50.160077507959549 ], [ -5.081569364618221, 50.13531194772083 ], [ -5.105925968126551, 50.134914534190145 ], [ -5.097053048452184, 50.122063040577622 ], [ -5.067447366854887, 50.105417187345928 ], [ -5.102829231000424, 50.105549741185165 ], [ -5.106760549737902, 50.084707777560226 ], [ -5.14001203583097, 50.085198437367637 ], [ -5.189845338700652, 50.081697402403378 ], [ -5.229971141182943, 50.08218809319628 ], [ -5.207064073590112, 50.074668033072236 ], [ -5.137134925113704, 50.075092477351852 ], [ -5.091738081632046, 50.064015900770798 ], [ -5.096064728264813, 50.034899437763357 ], [ -5.107243728376401, 50.017240427462895 ], [ -5.1416372732329, 50.005605813418015 ], [ -5.184025230331641, 50.013150041018633 ], [ -5.202561726369248, 50.006004305907616 ], [ -5.207818732988931, 50.000000000210534 ], [ -5.230300581245384, 49.971962038078708 ], [ -5.24415902767741, 49.971105990688407 ], [ -5.292567105738144, 50.000000000210534 ], [ -5.297791872720596, 50.002856124350586 ], [ -5.291488585713076, 50.028978421979517 ], [ -5.296891403276434, 50.057129881705329 ], [ -5.320742865235857, 50.083089890240963 ], [ -5.389464067115997, 50.107034316788138 ], [ -5.424604342840635, 50.108306773830229 ], [ -5.461194154480766, 50.128078501485433 ], [ -5.500000000332335, 50.129821164292188 ], [ -5.544981749389173, 50.131841090263954 ], [ -5.575773415570672, 50.114774569216564 ], [ -5.556226637333608, 50.092637283176771 ], [ -5.572786492098156, 50.07128560894175 ], [ -5.671925994276573, 50.046248211561704 ], [ -5.686816686716743, 50.065475237327142 ], [ -5.717915830050313, 50.067730488511806 ], [ -5.730324739668541, 50.084150806440583 ], [ -5.698544753299679, 50.091550037805966 ], [ -5.712886378370214, 50.124262614410149 ], [ -5.699137745591761, 50.158621067519448 ], [ -5.664414760672821, 50.175274790738172 ], [ -5.618995954280755, 50.178967472892801 ], [ -5.544476607840299, 50.22098294178496 ], [ -5.500000000332335, 50.22807631170155 ], [ -5.494401714753061, 50.228969081720358 ], [ -5.466794635542583, 50.206739419387162 ], [ -5.439187557230429, 50.197148753916935 ], [ -5.420167882554277, 50.188138377719554 ], [ -5.417927689949901, 50.199358085919364 ], [ -5.397568293011859, 50.22951113814571 ], [ -5.402356155372735, 50.257134605974926 ], [ -5.337895712292513, 50.249866832768305 ], [ -5.221735138723088, 50.319842163466689 ], [ -5.225490755974153, 50.345210538173269 ], [ -5.175240161400477, 50.345711700104452 ], [ -5.132127436343967, 50.384746416064068 ], [ -5.138672312670746, 50.407919942102573 ], [ -5.121497502703726, 50.432714455196027 ], [ -5.059496879535082, 50.440033121935258 ], [ -5.035930931817331, 50.473913194484844 ], [ -5.037644019962435, 50.496950854856173 ], [ -5.036115528421677, 50.499999999891088 ], [ -5.022336037614901, 50.527773358277067 ], [ -5.000000000302123, 50.53510025639914 ], [ -4.971572372961679, 50.544421126024098 ], [ -4.955732868240315, 50.524174858753454 ], [ -4.916210996835332, 50.518278565421845 ], [ -4.877480003104802, 50.524347486808523 ], [ -4.932116408254147, 50.53142469040445 ], [ -4.94821953886697, 50.550154874127507 ], [ -4.917924563782491, 50.573281835429405 ], [ -4.845779024463457, 50.595124537529799 ], [ -4.822184533675903, 50.640395450911761 ], [ -4.787012484539666, 50.649428484339886 ], [ -4.734309333831825, 50.703960416791396 ], [ -4.66811733953242, 50.724909140781243 ], [ -4.64825754423292, 50.749456359608104 ], [ -4.578660386136082, 50.762801866731458 ], [ -4.552144044936815, 50.787580003330859 ], [ -4.549463851218053, 50.858882081545211 ], [ -4.558888466732602, 50.89883931308578 ], [ -4.562996632308443, 50.916237347641562 ], [ -4.532262281337024, 50.985422277314555 ], [ -4.520391094264726, 50.999999999968175 ], [ -4.506976192800855, 51.016647209050674 ], [ -4.500000000271902, 51.017807142917597 ], [ -4.454492729587313, 51.025372936640586 ], [ -4.409544564945697, 51.021813782625237 ], [ -4.355998408225752, 50.999999999968175 ], [ -4.353458218740624, 50.998976068306767 ], [ -4.309850150958389, 50.98944544693255 ], [ -4.256114465883161, 50.999988170643938 ], [ -4.25608444508469, 50.999999999968175 ], [ -4.207146011561697, 51.019489560136783 ], [ -4.194491982245142, 51.040814886833282 ], [ -4.187725592149128, 51.042421190003481 ], [ -4.18910962650738, 51.049841317904907 ], [ -4.182980331492278, 51.05430078403873 ], [ -4.175335188724076, 51.052867431329851 ], [ -4.172281525815833, 51.048089267031884 ], [ -4.164262913858106, 51.049071485395856 ], [ -4.161165313451036, 51.045261952486328 ], [ -4.163889443770327, 51.001529333339093 ], [ -4.152948982299293, 51.004425759811326 ], [ -4.153893639872272, 51.019582531353315 ], [ -4.145150057835901, 51.046496435280403 ], [ -4.125158450039798, 51.061612843674027 ], [ -4.069291792227402, 51.075729396965613 ], [ -4.046795740707974, 51.073673213657983 ], [ -4.049058526840088, 51.076498783947258 ], [ -4.069972824807211, 51.078010989823646 ], [ -4.123357008094906, 51.069295226893828 ], [ -4.139262419513721, 51.060047019371353 ], [ -4.150839976964037, 51.058428060262422 ], [ -4.167536265158982, 51.06101571313598 ], [ -4.195480578215324, 51.077361012763802 ], [ -4.194535919744013, 51.124679213469769 ], [ -4.161077437554971, 51.129277181476596 ], [ -4.15903433981549, 51.164786605114053 ], [ -4.144974307840436, 51.173643123441956 ], [ -4.078694438543336, 51.193441648315009 ], [ -4.005120927367188, 51.19590263224508 ], [ -4.000000000241688, 51.195547642519386 ], [ -3.903009945552628, 51.188823639297269 ], [ -3.839080737385338, 51.191324567403456 ], [ -3.781324762630299, 51.203880074081816 ], [ -3.7522380719086, 51.20741193110252 ], [ -3.730686678860483, 51.200943266940271 ], [ -3.684376448160907, 51.196101093069714 ], [ -3.605288768750357, 51.187844402665263 ], [ -3.54054671550669, 51.199342495401893 ], [ -3.511767587277013, 51.197662286559321 ], [ -3.500000000211477, 51.193583089990298 ], [ -3.402187213587969, 51.159662547087123 ], [ -3.195614587930697, 51.161622202556764 ], [ -3.040756517909382, 51.181492091028183 ], [ -3.036450633139498, 51.164852803721161 ], [ -3.006023844660075, 51.164323212754852 ], [ -3.016810525334296, 51.291540302874196 ], [ -3.000000000181255, 51.315991348907694 ], [ -2.996972699233376, 51.320393190869893 ], [ -2.959713614858794, 51.325829113146618 ], [ -2.949190559177778, 51.348608080006237 ], [ -2.898574444606578, 51.36214871814623 ], [ -2.823375242379308, 51.41095125473138 ], [ -2.780623958070644, 51.460464434554417 ], [ -2.722911920814449, 51.487370009785693 ], [ -2.634355688390553, 51.493837592928237 ], [ -2.632378496450188, 51.497018464377078 ], [ -2.630528158306084, 51.500000000093614 ], [ -2.608234784681058, 51.536304971261274 ], [ -2.6083006913785, 51.565705916765801 ], [ -2.575655054265878, 51.605615479096031 ], [ -2.553818067924347, 51.671669225820665 ], [ -2.500000000151079, 51.701204719645155 ], [ -2.49850062929686, 51.702027300836804 ], [ -2.48595644507495, 51.723215532074676 ], [ -2.468974562688221, 51.730381825770046 ], [ -2.440810561239281, 51.733250667762583 ], [ -2.419852325773287, 51.741367044532275 ], [ -2.413635155760487, 51.758850608910485 ], [ -2.418424353916173, 51.764822270607226 ], [ -2.435296392106582, 51.772563110880135 ], [ -2.437690991633596, 51.759048796258099 ], [ -2.457111410147832, 51.751133834610577 ], [ -2.473434229153323, 51.750407015550628 ], [ -2.493975057032641, 51.73934469685738 ], [ -2.500000000151079, 51.73294135934178 ], [ -2.504783706007109, 51.727856564922476 ], [ -2.554301381310148, 51.707741963838451 ], [ -2.594283622230234, 51.691100966350589 ], [ -2.628841519257854, 51.676712677232025 ], [ -2.663991599195477, 51.611819583161498 ], [ -2.718166660157626, 51.559933423640132 ], [ -2.780558051373194, 51.555885603918277 ], [ -2.8310423534478, 51.541044925203948 ], [ -2.960526459935206, 51.533848498010563 ], [ -2.997565856815453, 51.543195664682237 ], [ -3.000000000181255, 51.533472813264105 ], [ -3.001893710783952, 51.525907200929581 ], [ -3.112770243833515, 51.503297426387562 ], [ -3.114967123268171, 51.502407151365247 ], [ -3.120866712776872, 51.500000000093614 ], [ -3.1678240565695, 51.481046135016712 ], [ -3.150930049180503, 51.470197520185984 ], [ -3.164946143656729, 51.438965336794595 ], [ -3.231423732147874, 51.419496852600275 ], [ -3.303613208965743, 51.424368046868899 ], [ -3.499596872244584, 51.411662351857686 ], [ -3.500000000211477, 51.411760341276022 ], [ -3.556913471112682, 51.42559234577822 ], [ -3.653202721302557, 51.485384855325883 ], [ -3.744834585833268, 51.48446455535489 ], [ -3.759309993405807, 51.500000000093614 ], [ -3.804348065034363, 51.548837551610731 ], [ -3.894046675123616, 51.581360925180867 ], [ -3.935150299182535, 51.582170062209578 ], [ -3.982075655764553, 51.573109553774174 ], [ -3.990006392724511, 51.555567071266182 ], [ -4.000000000241688, 51.557052561578793 ], [ -4.037239312696858, 51.562587534572742 ], [ -4.048113868368767, 51.555819243017375 ], [ -4.085988079524014, 51.563556246895878 ], [ -4.11577777202412, 51.552846183209056 ], [ -4.117908745659657, 51.542465486958072 ], [ -4.169315737905293, 51.54262479939473 ], [ -4.217603159646939, 51.55408055721454 ], [ -4.229004967101818, 51.584915714655054 ], [ -4.196710830878386, 51.597434835086325 ], [ -4.141437330648103, 51.606119263170172 ], [ -4.090008370102148, 51.600550813981123 ], [ -4.073993115385346, 51.613675345549971 ], [ -4.035196214059042, 51.627074340748159 ], [ -4.060174285555683, 51.628364579630301 ], [ -4.10112458246698, 51.630479781633355 ], [ -4.150378631878517, 51.639912968494933 ], [ -4.199325118798023, 51.625987725532035 ], [ -4.255521308301075, 51.631751787213091 ], [ -4.319406578969504, 51.648602473979544 ], [ -4.373867234123401, 51.68014084288788 ], [ -4.379754872445554, 51.691561766834951 ], [ -4.348712958083809, 51.708019741107478 ], [ -4.314068160730567, 51.70079696595554 ], [ -4.308510054099007, 51.706114946187881 ], [ -4.322482211076327, 51.715333934807568 ], [ -4.341001909516446, 51.718600469103649 ], [ -4.36859472168359, 51.718455001122685 ], [ -4.378195087193577, 51.728200325917221 ], [ -4.383906975520293, 51.765297855763862 ], [ -4.3934853718317, 51.776208504560415 ], [ -4.404250084205594, 51.73022317491516 ], [ -4.41464132649171, 51.727089703746202 ], [ -4.451021659092421, 51.733726587161826 ], [ -4.476175935131987, 51.752587438020008 ], [ -4.493245692516458, 51.756525144973011 ], [ -4.493026004123826, 51.75338029268562 ], [ -4.481272696678046, 51.746640581516289 ], [ -4.45655779652541, 51.721258485964327 ], [ -4.425757538856506, 51.709117607536193 ], [ -4.423604596920749, 51.704633382858212 ], [ -4.435929093648324, 51.698045127844907 ], [ -4.453657915312313, 51.692858513945637 ], [ -4.500000000271902, 51.698450808120725 ], [ -4.549595664612953, 51.704434955529642 ], [ -4.633099558978267, 51.702585759686428 ], [ -4.724027935742019, 51.70057206234172 ], [ -4.757728074623941, 51.68973567217909 ], [ -4.769393507071989, 51.675415465201802 ], [ -4.766383781662615, 51.659144199313239 ], [ -4.790088116646525, 51.644377146153978 ], [ -4.827852483605452, 51.64117146103154 ], [ -4.858674710472898, 51.646695165267289 ], [ -4.892440756052306, 51.645476564477882 ], [ -4.906610631325345, 51.627061089466544 ], [ -4.949010415643134, 51.616869730549787 ], [ -4.990751135681371, 51.623787912697125 ], [ -5.000000000302123, 51.627938403577772 ], [ -5.038017385845685, 51.644999711533949 ], [ -5.042849173128991, 51.673350438643382 ], [ -5.081371700221426, 51.677520106529428 ], [ -5.075244114700346, 51.688438835696587 ], [ -5.01697714587235, 51.691574999171038 ], [ -5.000000000302123, 51.682541313069549 ], [ -4.980337924196639, 51.67207960650093 ], [ -4.984160495580757, 51.687009625306914 ], [ -4.963619667701403, 51.696060524758188 ], [ -4.922999356129962, 51.682470258083725 ], [ -4.94237583804366, 51.702940108464382 ], [ -4.909620356734718, 51.708390109062655 ], [ -4.870845425505328, 51.68953717917973 ], [ -4.885542552561364, 51.707173175850443 ], [ -4.883675204817319, 51.725476608015505 ], [ -4.894967168075876, 51.750618455126393 ], [ -4.860607964914393, 51.771691342149474 ], [ -4.862519250157299, 51.78146474755507 ], [ -4.898943520256854, 51.760515355678393 ], [ -4.928601400260383, 51.775799073406418 ], [ -4.916167059336461, 51.751001686717075 ], [ -4.90188733986711, 51.735696310143815 ], [ -4.933895881000449, 51.719579060622664 ], [ -4.975878257731564, 51.711022275372848 ], [ -5.000000000302123, 51.711876041862865 ], [ -5.012870125648452, 51.712331688235942 ], [ -5.037292617887918, 51.722673386063882 ], [ -5.070082887354552, 51.724048573306575 ], [ -5.077923561020783, 51.738340098195479 ], [ -5.130875563926963, 51.736608434300713 ], [ -5.150641968572914, 51.729033274825369 ], [ -5.132412950585674, 51.70902501719037 ], [ -5.147677008010771, 51.707980059144042 ], [ -5.167157898415023, 51.727724348026484 ], [ -5.165378921538739, 51.744710988201717 ], [ -5.191778054152948, 51.748649385395169 ], [ -5.191800017063349, 51.754397769083099 ], [ -5.152684497678803, 51.75611553377761 ], [ -5.144448495218986, 51.775865110654273 ], [ -5.118027400592701, 51.788700979474093 ], [ -5.09450537869573, 51.791156807709804 ], [ -5.073025885006333, 51.786495901026399 ], [ -5.055521635875158, 51.788238846645854 ], [ -5.054621165532672, 51.803367935104681 ], [ -5.067996433326198, 51.852179212138275 ], [ -5.084073109452236, 51.874113764979157 ], [ -5.105113349425608, 51.883061134167065 ], [ -5.144075130234069, 51.887079620419215 ], [ -5.166894346185383, 51.895326267696021 ], [ -5.206866410091616, 51.894878405662027 ], [ -5.26287122430316, 51.897525994832492 ], [ -5.251955775522869, 51.931614506282713 ], [ -5.214092129453688, 51.940418780426775 ], [ -5.197795826020456, 51.940208235066024 ], [ -5.121892830599006, 51.958811344311009 ], [ -5.108166160730936, 51.964177702470664 ], [ -5.066437083757115, 51.973882856030279 ], [ -5.072916072251047, 51.993010813474527 ], [ -5.060253179257602, 51.999999999749583 ], [ -5.058772110679017, 52.00082662116526 ], [ -5.059167438574297, 52.020158797313201 ], [ -5.040323466282908, 52.023599177328087 ], [ -5.000000000302123, 52.026009660386229 ], [ -4.988993631235305, 52.026667400369782 ], [ -4.965025670359937, 52.016479022884667 ], [ -4.964234793583807, 52.000560828026906 ], [ -4.906434881329908, 52.013689099826173 ], [ -4.898526113568502, 52.027517432952138 ], [ -4.881500293682937, 52.032696970179266 ], [ -4.861025371602745, 52.021008954785614 ], [ -4.805114776291469, 52.020225216641087 ], [ -4.815703737771602, 52.038911619454119 ], [ -4.799358950465857, 52.056581440341468 ], [ -4.770382103042171, 52.055811602246678 ], [ -4.743074885066811, 52.064770102797489 ], [ -4.714251819338272, 52.09430045106533 ], [ -4.695688183399283, 52.081965362251218 ], [ -4.684198500946663, 52.074337113907603 ], [ -4.679541115287581, 52.100997100949037 ], [ -4.657001127167624, 52.105651009382633 ], [ -4.590875039565669, 52.114453648745126 ], [ -4.574266626368421, 52.103370522458668 ], [ -4.536172727718884, 52.103516371160538 ], [ -4.501022647781226, 52.110688878358687 ], [ -4.500000000271902, 52.111209197044062 ], [ -4.472726832937385, 52.125083423769944 ], [ -4.447308931904622, 52.139473297500864 ], [ -4.413059572939451, 52.163538727468151 ], [ -4.396363284744506, 52.172554929456282 ], [ -4.374680079199787, 52.169284948123469 ], [ -4.366815248937279, 52.161684949286062 ], [ -4.346779703642314, 52.165643996312944 ], [ -4.323097336958695, 52.183620765713307 ], [ -4.2997664720626, 52.198587009618997 ], [ -4.25919009799002, 52.205664768244091 ], [ -4.204443848644364, 52.231320410972273 ], [ -4.180124387778085, 52.263474709512899 ], [ -4.118963248327254, 52.313740677723175 ], [ -4.072411361833087, 52.389736963731487 ], [ -4.063096590514849, 52.435977067084444 ], [ -4.057714233878753, 52.458526443905882 ], [ -4.047081334899723, 52.473688780675595 ], [ -4.029154794041717, 52.486111934220006 ], [ -4.03116252600677, 52.500000000004945 ], [ -4.034031868093432, 52.520068448044768 ], [ -4.000000000241688, 52.51675738538124 ], [ -3.99415849579925, 52.516189022749948 ], [ -3.962018142169297, 52.530376480536887 ], [ -3.953270018250832, 52.538434923637936 ], [ -3.937391117014394, 52.553056216515095 ], [ -3.934754860794475, 52.555485489384829 ], [ -4.000000000241688, 52.545769364588423 ], [ -4.040842195688344, 52.539686157296003 ], [ -4.049585778623048, 52.560967451349661 ], [ -4.07790356176717, 52.591895108321708 ], [ -4.05876873654635, 52.66327260464039 ], [ -4.033636429705362, 52.691653229479925 ], [ -4.039985413113062, 52.7100563092907 ], [ -4.015622013849625, 52.715558519138455 ], [ -4.000000000241688, 52.726593879019475 ], [ -3.983086220933315, 52.738538575834276 ], [ -3.948814892769527, 52.751054808401847 ], [ -3.98266881334663, 52.749971180252039 ], [ -4.000000000241688, 52.744184793677967 ], [ -4.034405337282912, 52.732695549639303 ], [ -4.073399957803232, 52.769366667593921 ], [ -4.105825905624934, 52.811259279948395 ], [ -4.081835976449276, 52.826445730220634 ], [ -4.088580398245071, 52.862523485635975 ], [ -4.129508272308552, 52.92748231281503 ], [ -4.112328670727806, 52.927469151330058 ], [ -4.073971146186767, 52.925508121680146 ], [ -4.050618312092092, 52.939707120496344 ], [ -4.040490694799145, 52.955387690881643 ], [ -4.103958557880916, 52.945469604778921 ], [ -4.10883563193264, 52.944167192848028 ], [ -4.148445377437023, 52.933575411779415 ], [ -4.263232357766734, 52.933430661129563 ], [ -4.352689310264775, 52.923533840075493 ], [ -4.420243370622141, 52.901455212311163 ], [ -4.480613632398474, 52.845490521713209 ], [ -4.498210641565905, 52.809345751727712 ], [ -4.500000000271902, 52.790387553690145 ], [ -4.500187833506234, 52.788396985234392 ], [ -4.500000000271902, 52.788107822645543 ], [ -4.486962615806173, 52.768032514920115 ], [ -4.500000000271902, 52.768616346144505 ], [ -4.517345465888392, 52.769393085979182 ], [ -4.545201903947039, 52.762563380879243 ], [ -4.544806465558935, 52.784105659227151 ], [ -4.576793038392028, 52.801189214622767 ], [ -4.612294619218885, 52.794377723679069 ], [ -4.617105786573151, 52.779919555858008 ], [ -4.644896317934313, 52.769815779042396 ], [ -4.696479060175412, 52.782177724841041 ], [ -4.717151701449658, 52.766790791680499 ], [ -4.734924460612517, 52.772721681807525 ], [ -4.651728614727803, 52.860809946239186 ], [ -4.612250681720015, 52.902561387620906 ], [ -4.566423765304501, 52.917873731822148 ], [ -4.520047628805761, 52.925902966710368 ], [ -4.500000000271902, 52.944499913794047 ], [ -4.495025165262761, 52.949113517276366 ], [ -4.472309426249033, 52.977741039708491 ], [ -4.461808339766606, 52.996075259202783 ], [ -4.455072352253023, 52.999999999855014 ], [ -4.449044467152064, 53.003552966490808 ], [ -4.4272074799122, 53.004443488138868 ], [ -4.401086577101038, 53.019180933465911 ], [ -4.368199283295531, 53.042320075371933 ], [ -4.348317519695739, 53.065977633652103 ], [ -4.343967697426984, 53.092314824568085 ], [ -4.348515238889756, 53.106014373925547 ], [ -4.345175980891475, 53.120955542680221 ], [ -4.336959649739731, 53.127025973319576 ], [ -4.325579811483433, 53.107035365426576 ], [ -4.317495292828291, 53.111636153504797 ], [ -4.31784679371749, 53.129795817549443 ], [ -4.27309634826989, 53.137653778540091 ], [ -4.247217102151608, 53.152835560343021 ], [ -4.214900997627931, 53.16764121232206 ], [ -4.194491982245142, 53.177067540048895 ], [ -4.180080449380891, 53.187510857742112 ], [ -4.176982848973785, 53.198970417077774 ], [ -4.156991241177709, 53.209461285963471 ], [ -4.135242128935549, 53.214619783382091 ], [ -4.112372608226677, 53.210559172491173 ], [ -4.084801764359814, 53.217172347261339 ], [ -4.063382184706607, 53.20763582226126 ], [ -4.033021302924671, 53.212490325502102 ], [ -4.001825606867741, 53.220293409633662 ], [ -4.000000000241688, 53.221891343194486 ], [ -3.98866629586513, 53.231810267430575 ], [ -3.962127985467312, 53.241301732060613 ], [ -3.938972870566662, 53.239768435702914 ], [ -3.89195963898694, 53.258877828326696 ], [ -3.875241382491713, 53.262682824366472 ], [ -3.855908838076876, 53.266262909572831 ], [ -3.840003427556358, 53.272497614960287 ], [ -3.830578812041846, 53.263171635750027 ], [ -3.814893089015626, 53.250526783426643 ], [ -3.827173648244366, 53.242015489328146 ], [ -3.832248440591837, 53.235882073883012 ], [ -3.830710624538412, 53.21774103263359 ], [ -3.820142764484294, 53.21745691142555 ] ] ], [ [ [ -6.980508905157109, 52.305045083595296 ], [ -6.990894276054529, 52.29140732382595 ], [ -7.000000000422981, 52.265902985943384 ], [ -7.009386846271372, 52.239595805720541 ], [ -7.009292683964985, 52.230822184753023 ], [ -7.009167218964206, 52.219129225823508 ], [ -7.029175213827696, 52.220438418811277 ], [ -7.048765917885523, 52.215571727388593 ], [ -7.065303809739698, 52.208006132453043 ], [ -7.061873727574571, 52.207101008894519 ], [ -7.058736970502554, 52.206273270761443 ], [ -7.047272456149287, 52.210982264318154 ], [ -7.027945304321054, 52.215637854705861 ], [ -7.01303264986881, 52.21295301425257 ], [ -7.000000000422981, 52.204328811939618 ], [ -6.985227906261539, 52.194551518778134 ], [ -6.99706578739639, 52.166835613253753 ], [ -6.982328833532232, 52.159778124539521 ], [ -6.98134051334486, 52.152097027399286 ], [ -7.000000000422981, 52.120441936372387 ], [ -7.001919537590069, 52.117184232919804 ], [ -7.013911156402608, 52.11499712820622 ], [ -7.048063111939865, 52.113843883751777 ], [ -7.097435199081412, 52.104378193808522 ], [ -7.105693163553295, 52.106419983982377 ], [ -7.072661304767428, 52.122525618189904 ], [ -7.066885122219181, 52.135101177731855 ], [ -7.093174440281484, 52.142440793599199 ], [ -7.123504890734872, 52.137499272899504 ], [ -7.157876473579297, 52.118668751985339 ], [ -7.263165524189175, 52.12676645880363 ], [ -7.384970503742849, 52.124500310234133 ], [ -7.412621508774107, 52.113790860360794 ], [ -7.429686505087518, 52.118496444201796 ], [ -7.495354894763999, 52.097602490048196 ], [ -7.499999999554868, 52.098680987858884 ], [ -7.519513833875537, 52.103211414538841 ], [ -7.546110629988243, 52.094287189107085 ], [ -7.558848980567247, 52.079312206747325 ], [ -7.570203682165229, 52.059965916887109 ], [ -7.577736878679382, 52.084737739406989 ], [ -7.634708050167925, 52.079497933113096 ], [ -7.651685195738161, 52.062275175864386 ], [ -7.641538441634709, 52.036202776337532 ], [ -7.622430916215345, 52.033427369270811 ], [ -7.598425715679866, 52.03518027838313 ], [ -7.627965509444352, 52.021168357295863 ], [ -7.623162419741114, 51.999999999749583 ], [ -7.622958020674618, 51.999108998766225 ], [ -7.642592649654918, 51.991762159448996 ], [ -7.703033923254479, 51.984440400027395 ], [ -7.747025155743075, 51.971502790299688 ], [ -7.765671464535977, 51.957075031690394 ], [ -7.764968659488607, 51.92329557019228 ], [ -7.785767310142677, 51.921136605157905 ], [ -7.80779587030341, 51.932825361490565 ], [ -7.837423514811109, 51.928771499724249 ], [ -7.852533833660146, 51.929666540058243 ], [ -7.862307222778674, 51.956312085099349 ], [ -7.865869606123892, 51.932287360879606 ], [ -7.866326391361038, 51.929205859741501 ], [ -7.888684391584225, 51.925809842287975 ], [ -7.919695685072872, 51.916871027249215 ], [ -7.927426545983818, 51.899923178980387 ], [ -7.905441910745557, 51.89361383056918 ], [ -7.9074405140307, 51.886895173265032 ], [ -7.92125503464199, 51.883812157804179 ], [ -7.995664568327168, 51.877250159832833 ], [ -7.999999999585081, 51.876276500812402 ], [ -8.023008095308008, 51.871108945010306 ], [ -8.042554873545097, 51.856569619372962 ], [ -8.033330551796178, 51.841788185126418 ], [ -8.009347313272773, 51.831038583935737 ], [ -8.051296017553787, 51.817726607806101 ], [ -8.087490501298626, 51.812580185544526 ], [ -8.135830342432028, 51.815641718108552 ], [ -8.169323417844366, 51.811300086650618 ], [ -8.194207125811932, 51.789717655835425 ], [ -8.225240381312698, 51.778176366507239 ], [ -8.240636214403443, 51.787855932712297 ], [ -8.272284425106649, 51.786363857152651 ], [ -8.282365292275589, 51.806456493781752 ], [ -8.271361992752089, 51.81364910657512 ], [ -8.229347401536561, 51.824943799061359 ], [ -8.227700200325934, 51.83515407322367 ], [ -8.29606999923327, 51.83719848688699 ], [ -8.316056031186386, 51.836750042737961 ], [ -8.328421015882139, 51.879938323662927 ], [ -8.265497959460637, 51.8766966944644 ], [ -8.243052108494242, 51.871991961516926 ], [ -8.233476383772507, 51.880043738288038 ], [ -8.318230335957949, 51.887066445608014 ], [ -8.392661831655195, 51.891861807664014 ], [ -8.389016028057748, 51.884668571998887 ], [ -8.338040666424645, 51.881967516698715 ], [ -8.335163555707414, 51.858204375825657 ], [ -8.329606999568044, 51.838121739626338 ], [ -8.350537426786085, 51.832067491280924 ], [ -8.337381786299725, 51.82210719879987 ], [ -8.333142990410195, 51.814467275728333 ], [ -8.355984169271881, 51.807697136972244 ], [ -8.309115826964353, 51.799975555353463 ], [ -8.300835899582061, 51.792133820154191 ], [ -8.318427999456446, 51.782375943447391 ], [ -8.326400449686624, 51.771849846662001 ], [ -8.321876139555398, 51.752587438020008 ], [ -8.339534128160917, 51.746534852773202 ], [ -8.346122929410107, 51.738511938951135 ], [ -8.374279075091934, 51.728940725460646 ], [ -8.393672114752967, 51.730183511974531 ], [ -8.405729622296651, 51.721351050580402 ], [ -8.420949753900967, 51.72584683173185 ], [ -8.437421757922332, 51.714090737943508 ], [ -8.454947970862175, 51.714447829766442 ], [ -8.475197554146634, 51.703614779883495 ], [ -8.499999999615302, 51.699036119955345 ], [ -8.513895782725491, 51.696470683271727 ], [ -8.550068303559931, 51.663963966005106 ], [ -8.552945414277163, 51.648973330164779 ], [ -8.532344427121599, 51.627789901940744 ], [ -8.546444462872858, 51.626266007687335 ], [ -8.561884221784375, 51.641462896619679 ], [ -8.588920270714818, 51.646231570863108 ], [ -8.687488744409849, 51.625841958270321 ], [ -8.733917833001325, 51.624278241962891 ], [ -8.756144057558854, 51.628624709366349 ], [ -8.77531747081102, 51.622383156834339 ], [ -8.780808138219253, 51.615398485914525 ], [ -8.732468297085818, 51.612946305175335 ], [ -8.740923925954529, 51.605284039523482 ], [ -8.732094931202603, 51.583576069127879 ], [ -8.7720230692881, 51.575550630845804 ], [ -8.799366596268946, 51.58703784329105 ], [ -8.884032697711179, 51.589040511021537 ], [ -8.890863089177925, 51.568903693611382 ], [ -8.903601438858633, 51.563927802021837 ], [ -8.898681800832081, 51.543753247604251 ], [ -8.91844820547804, 51.53475143327271 ], [ -8.927343088062779, 51.543899279825055 ], [ -8.948559029522535, 51.541748573775209 ], [ -8.962812802951563, 51.554186738689154 ], [ -8.998721772454687, 51.558977905004134 ], [ -8.999999999645505, 51.558822462243597 ], [ -9.086572461766238, 51.548293306274743 ], [ -9.106075314182547, 51.556350125819804 ], [ -9.109018312732626, 51.545080797093867 ], [ -9.288587061723057, 51.500000000093614 ], [ -9.299742158563252, 51.497228762212018 ], [ -9.301982351167647, 51.485700382077908 ], [ -9.309032368144972, 51.492391668610253 ], [ -9.319991741847693, 51.493587846024987 ], [ -9.322862012792369, 51.500000000093614 ], [ -9.323527732689863, 51.501503571306621 ], [ -9.35394603298813, 51.500320916388887 ], [ -9.35442085100628, 51.500000000093614 ], [ -9.380213389038385, 51.48275537738337 ], [ -9.400287271734721, 51.482965741362179 ], [ -9.413157397979374, 51.488540026889225 ], [ -9.404514509899812, 51.500000000093614 ], [ -9.402659240004771, 51.502486878400227 ], [ -9.401429330498141, 51.508306556995343 ], [ -9.408193834132087, 51.511747522347939 ], [ -9.430024729896001, 51.503244275996785 ], [ -9.443312146946324, 51.500746144067548 ], [ -9.450230388257994, 51.514802986918873 ], [ -9.42839949249408, 51.532520618572157 ], [ -9.446628510481313, 51.548797729440345 ], [ -9.456687413841545, 51.535574682398348 ], [ -9.48302065772463, 51.52823130289579 ], [ -9.497142656386297, 51.520262456178571 ], [ -9.499999999675717, 51.519858584033315 ], [ -9.518380560756432, 51.517260493748751 ], [ -9.531492275422023, 51.521378178885563 ], [ -9.556046543327147, 51.513102579689225 ], [ -9.569548952377787, 51.500000000093614 ], [ -9.571244712919404, 51.498372238497787 ], [ -9.581059318539806, 51.500000000093614 ], [ -9.592482616391226, 51.501915499900051 ], [ -9.617322398538047, 51.500692991246353 ], [ -9.616949033553141, 51.51548047469349 ], [ -9.67738252774234, 51.500000000093614 ], [ -9.687229585002383, 51.497504776079488 ], [ -9.6876908007305, 51.481756135723813 ], [ -9.725400709121976, 51.471183864715179 ], [ -9.750547968420875, 51.474247972891469 ], [ -9.768798949318487, 51.462569062224013 ], [ -9.788938719847652, 51.46990818806222 ], [ -9.787291519535351, 51.482137428115223 ], [ -9.809495781182488, 51.488014180296283 ], [ -9.792262189056537, 51.500000000093614 ], [ -9.776837287381513, 51.510844127903844 ], [ -9.707984309835705, 51.527620407559901 ], [ -9.638186937923278, 51.543023078313645 ], [ -9.581830720738902, 51.577752793732138 ], [ -9.537839488250295, 51.596838133724624 ], [ -9.516425882393737, 51.608770664303137 ], [ -9.529713299444062, 51.612416086651841 ], [ -9.748307775816482, 51.558155081430158 ], [ -9.817775708564762, 51.543872728445422 ], [ -9.815864956022828, 51.554651278590988 ], [ -9.761529305033976, 51.582700636354467 ], [ -9.713321239566215, 51.592714048473169 ], [ -9.641020121921448, 51.613251177853599 ], [ -9.596194307821502, 51.639356571323255 ], [ -9.543044641416834, 51.658945571504553 ], [ -9.499999999675717, 51.668239068771143 ], [ -9.460377143259755, 51.676792096810061 ], [ -9.454161706995453, 51.710281580855444 ], [ -9.470963151079253, 51.722924624931352 ], [ -9.49332115130243, 51.720914671351252 ], [ -9.499999999675717, 51.716700388439406 ], [ -9.509815118234146, 51.710506435956574 ], [ -9.535994623541191, 51.715505863490037 ], [ -9.547195586563161, 51.739529752012956 ], [ -9.563096561202789, 51.736000353399646 ], [ -9.579766229620928, 51.702225738779397 ], [ -9.675237965291517, 51.665605746971757 ], [ -9.727377349496738, 51.68090850435911 ], [ -9.784875625444537, 51.656098476559571 ], [ -9.842944930774044, 51.648178634445401 ], [ -9.901475452729985, 51.649119023270821 ], [ -9.92941197110461, 51.645012957548225 ], [ -9.935122265820029, 51.620567511355034 ], [ -9.97371068164361, 51.621375946467097 ], [ -9.999999999705929, 51.615862114195437 ], [ -10.008717534192339, 51.614033234329099 ], [ -10.043521795983251, 51.593536243410846 ], [ -10.05125119713186, 51.608624840885781 ], [ -10.077294006700434, 51.610136074996532 ], [ -10.108277485652966, 51.606530240547215 ], [ -10.124834213382011, 51.585751314882557 ], [ -10.13113631012177, 51.584385166508653 ], [ -10.128369535877608, 51.602990409446974 ], [ -10.142115572524879, 51.600550813981123 ], [ -10.16965156175872, 51.584424957919566 ], [ -10.193564395720056, 51.582090475942501 ], [ -10.157244995845074, 51.603852191705649 ], [ -10.050460689563304, 51.627471876268842 ], [ -10.041874906488037, 51.659210408574573 ], [ -10.081070873599518, 51.686215599998945 ], [ -10.074000228608321, 51.694869720913907 ], [ -10.039503385578996, 51.684706913012462 ], [ -10.004084285366599, 51.686890522068083 ], [ -9.999999999705929, 51.688765418601072 ], [ -9.976434052886502, 51.699579827430583 ], [ -9.97461115108778, 51.725569163951363 ], [ -9.99813317298476, 51.729747218434312 ], [ -9.995563540317905, 51.741591744275254 ], [ -9.905756934765195, 51.766568328034367 ], [ -9.898400678514252, 51.768613599498138 ], [ -9.874263701414797, 51.766433954793975 ], [ -9.868421631033719, 51.774068852759356 ], [ -9.819510759620275, 51.775653789893312 ], [ -9.840331373184741, 51.780117729045166 ], [ -9.836378091536902, 51.792767546716483 ], [ -9.701900649237061, 51.856820110247298 ], [ -9.621078015789086, 51.876077332043927 ], [ -9.611392477413759, 51.887119144829562 ], [ -9.584466241238584, 51.895958535772245 ], [ -9.628281772240769, 51.894904750677171 ], [ -9.722062382676606, 51.880386335354608 ], [ -9.846942137344332, 51.843120164488603 ], [ -9.860690770122774, 51.830748374642731 ], [ -9.87582305098389, 51.834494564917165 ], [ -9.977027045178595, 51.806258515652758 ], [ -9.999999999705929, 51.78853615343202 ], [ -10.003293778696358, 51.785994131793679 ], [ -10.028721750741761, 51.790734309162808 ], [ -10.053622717142584, 51.7879879721959 ], [ -10.071848292785646, 51.778466915622374 ], [ -10.162339373262354, 51.753314221812026 ], [ -10.191588128146135, 51.774016020409341 ], [ -10.229488542259913, 51.782587232566179 ], [ -10.188931146894316, 51.801005176414883 ], [ -10.185417782817522, 51.824917412836939 ], [ -10.197626722961919, 51.841471669541605 ], [ -10.212558519614555, 51.853405405318099 ], [ -10.237459486913693, 51.85660917074469 ], [ -10.262931374898391, 51.848711409368867 ], [ -10.288513056773747, 51.816077177814435 ], [ -10.337766027308636, 51.801348377997783 ], [ -10.325820589986527, 51.839453828577561 ], [ -10.335284714305569, 51.856305943781159 ], [ -10.351490105537101, 51.855949978879259 ], [ -10.382539459746049, 51.85453927480701 ], [ -10.371208860845428, 51.869013358757407 ], [ -10.371560197342939, 51.882705382048393 ], [ -10.350611764293326, 51.886776599891235 ], [ -10.329377870900931, 51.892783933394711 ], [ -10.26471001580475, 51.925177996500715 ], [ -10.246133103664178, 51.929113723441006 ], [ -10.244112919252647, 51.950879001080551 ], [ -10.255772896231974, 51.959100723454114 ], [ -10.272110038874652, 51.955549125458852 ], [ -10.283001466704228, 51.957982658473391 ], [ -10.267454831630108, 51.964440742238793 ], [ -10.263656006312218, 51.973909154462923 ], [ -10.218377528445659, 51.991749015501242 ], [ -10.180960202240536, 51.998649035265522 ], [ -10.177046091630659, 51.999999999749583 ], [ -10.123428867391967, 52.018710835986916 ], [ -10.025559723162479, 52.026136121551424 ], [ -9.999999999705929, 52.032429351034331 ], [ -9.995190174434681, 52.033613287467276 ], [ -9.968220013337056, 52.04730267298509 ], [ -9.937011056349895, 52.045497136629209 ], [ -9.944610140696867, 52.061823950663644 ], [ -9.917881568918494, 52.075292375057245 ], [ -9.912566602098366, 52.092563135105671 ], [ -9.896797403124395, 52.077468170678436 ], [ -9.876306229622388, 52.07825090038439 ], [ -9.853992155219974, 52.092669232567935 ], [ -9.834379488251757, 52.098146175407948 ], [ -9.795703222583283, 52.090746174771894 ], [ -9.822871048077706, 52.107599936865867 ], [ -9.797372385805966, 52.119344721954334 ], [ -9.834621077571008, 52.12045806153548 ], [ -9.968220013337056, 52.108196530442214 ], [ -9.975841060594412, 52.101660081039412 ], [ -9.957282602544717, 52.083517384176112 ], [ -9.988337820955842, 52.099299827955562 ], [ -9.999999999705929, 52.103047951912806 ], [ -10.010408340525164, 52.106393467857814 ], [ -10.137592115793165, 52.084220419194764 ], [ -10.170969073175227, 52.082363321407385 ], [ -10.187372091972634, 52.098729635470626 ], [ -10.203050478457902, 52.090268712957958 ], [ -10.222044602352403, 52.1008910233924 ], [ -10.252171698479961, 52.103781549440676 ], [ -10.271934370625898, 52.094101525149156 ], [ -10.249997804238483, 52.082814338026523 ], [ -10.274459600466573, 52.084008183631497 ], [ -10.321319092571933, 52.098994842356085 ], [ -10.340928054887918, 52.091276681814215 ], [ -10.34163072788294, 52.079113213666936 ], [ -10.381924620426249, 52.07616801315627 ], [ -10.432780564517058, 52.071139493197492 ], [ -10.453443535427258, 52.085507076963445 ], [ -10.444989503763141, 52.103078824169899 ], [ -10.443254780592707, 52.128038631506421 ], [ -10.433944366103614, 52.143897973423542 ], [ -10.447953904674861, 52.15225595997461 ], [ -10.399096187475093, 52.167457889604563 ], [ -10.398942477645143, 52.146918156512676 ], [ -10.3808047356773, 52.138612156656365 ], [ -10.341015889461453, 52.134981932471916 ], [ -10.349931050615423, 52.152851952882095 ], [ -10.338776119963558, 52.164002160301514 ], [ -10.356452732441548, 52.171204601897706 ], [ -10.353027202039975, 52.183091362894466 ], [ -10.294112480518484, 52.193413575629769 ], [ -10.273449508709966, 52.211021944399043 ], [ -10.169388059834745, 52.236145709903212 ], [ -10.166335825247801, 52.196972857470534 ], [ -10.175250985503457, 52.179822159985108 ], [ -10.118400365231103, 52.185447157118872 ], [ -10.034387049742914, 52.207053728533559 ], [ -10.031049353914877, 52.222580650893285 ], [ -10.032827994821236, 52.24383865768241 ], [ -10.013965621439569, 52.24177676192997 ], [ -10.014119331269518, 52.206749483968842 ], [ -9.999999999705929, 52.197346260146219 ], [ -9.998286911560799, 52.196205452682626 ], [ -9.905362845646682, 52.1978460948446 ], [ -9.865610408149301, 52.218388654715149 ], [ -9.855705243365106, 52.209209836512329 ], [ -9.76833773359037, 52.22154921874067 ], [ -9.828669193536339, 52.23704461102448 ], [ -9.859944039254643, 52.237546930395759 ], [ -9.896489925972316, 52.238525114908342 ], [ -9.871759956580773, 52.246825592387658 ], [ -9.889813273081582, 52.251609553104259 ], [ -9.874066037017995, 52.261374096071961 ], [ -9.865676296880444, 52.35967849219864 ], [ -9.881116054893637, 52.373820789950166 ], [ -9.904484338214576, 52.374822308603726 ], [ -9.944500327043276, 52.37671986041552 ], [ -9.964003180357901, 52.385244654158356 ], [ -9.958270922732099, 52.3945976252908 ], [ -9.938460592265395, 52.403566701944825 ], [ -9.900201617402592, 52.404435853893041 ], [ -9.843845400218216, 52.410716943348106 ], [ -9.786566751577601, 52.42823866829022 ], [ -9.71064179324577, 52.472886741742975 ], [ -9.663158495735757, 52.481024783588239 ], [ -9.604518161024538, 52.472689516732373 ], [ -9.627886444345478, 52.490291631115404 ], [ -9.661072041707403, 52.494497212994979 ], [ -9.659272161932781, 52.500000000004945 ], [ -9.648860796485986, 52.532182792631119 ], [ -9.600762543773499, 52.553972187858747 ], [ -9.531250686102773, 52.541571756438891 ], [ -9.512692228053082, 52.542381741871687 ], [ -9.499999999675717, 52.552627678305811 ], [ -9.498416491713691, 52.553905813380588 ], [ -9.468195854015596, 52.532528108758115 ], [ -9.462002380661675, 52.556547424481181 ], [ -9.414113567462737, 52.560384648195566 ], [ -9.395740998693103, 52.561856711972212 ], [ -9.378412450150044, 52.567895240786925 ], [ -9.361171752350193, 52.560529450636473 ], [ -9.334531031315031, 52.55687927414116 ], [ -9.287333248046716, 52.570867748189549 ], [ -9.171040898811661, 52.590701396806764 ], [ -9.147189436852219, 52.600170606356109 ], [ -9.102407548573037, 52.596788981903138 ], [ -9.086089282229423, 52.584957863351029 ], [ -9.065598109625732, 52.592027740552524 ], [ -9.065927549688192, 52.60803352662586 ], [ -9.012097040248221, 52.628698417329012 ], [ -8.999999999645505, 52.623840203034014 ], [ -8.999095138337911, 52.623476785232505 ], [ -8.984775475279442, 52.627426199094806 ], [ -8.985785758377205, 52.639669754818435 ], [ -8.95446698773646, 52.648174614047399 ], [ -8.935754791110719, 52.644425792020144 ], [ -8.919985592136751, 52.652664827133719 ], [ -8.900197224580428, 52.6558169712427 ], [ -8.824975072194279, 52.654969358173673 ], [ -8.811599805299053, 52.64364419509922 ], [ -8.797367992983803, 52.649432980297753 ], [ -8.761568838032575, 52.64466424256986 ], [ -8.750236098446633, 52.646240632991372 ], [ -8.751927478802914, 52.647013686505474 ], [ -8.772088958019234, 52.656227527920123 ], [ -8.817925054318628, 52.666344536694339 ], [ -8.847706438300682, 52.675929687188933 ], [ -8.887151397747678, 52.685155384430615 ], [ -8.912035104816947, 52.687352320714304 ], [ -8.965316547785569, 52.671243288964583 ], [ -8.978889479077601, 52.674857420195401 ], [ -8.966195055217693, 52.687299383928092 ], [ -8.953083339653771, 52.705823365342383 ], [ -8.952863713244902, 52.727737613903159 ], [ -8.962724953106639, 52.741869541753786 ], [ -8.976868913780383, 52.749310418114028 ], [ -8.944166495056958, 52.766143496092759 ], [ -8.932701979805355, 52.790786739012795 ], [ -8.950250154757303, 52.783815153708062 ], [ -8.977264241675671, 52.767900418684455 ], [ -8.999999999645505, 52.760912366168888 ], [ -9.007265252066592, 52.758679083930929 ], [ -9.042273751227238, 52.756432902939025 ], [ -9.058745756146891, 52.73173044938077 ], [ -9.051783589014459, 52.721641881874454 ], [ -9.060349030638431, 52.704698920267418 ], [ -9.072142985952492, 52.691931119586791 ], [ -9.087934146938528, 52.663312329185636 ], [ -9.155710953553744, 52.611546852157403 ], [ -9.198384425792506, 52.606561823457987 ], [ -9.24226584462752, 52.60823240172374 ], [ -9.294800556728029, 52.616995260390333 ], [ -9.308637040249682, 52.606919809632792 ], [ -9.317905287819338, 52.577488811880635 ], [ -9.339494595162318, 52.574357532340734 ], [ -9.357921276648037, 52.580394332114885 ], [ -9.358206791788051, 52.588327141161372 ], [ -9.346544613037961, 52.598009049531306 ], [ -9.324603903620455, 52.610632089103213 ], [ -9.319706227605996, 52.622549018743889 ], [ -9.356603516398195, 52.614940587948432 ], [ -9.371318507351953, 52.607861167400586 ], [ -9.391787717943579, 52.587862886096588 ], [ -9.428926596055028, 52.588778127094365 ], [ -9.486029544107536, 52.604334285783764 ], [ -9.490905257211613, 52.605341995214594 ], [ -9.499999999675717, 52.607207025964584 ], [ -9.51857822425492, 52.61101655670177 ], [ -9.545328758943675, 52.629321260107396 ], [ -9.559604496181381, 52.628552644037676 ], [ -9.562657307486736, 52.6190365809436 ], [ -9.539882016457888, 52.611056328961794 ], [ -9.609130321898984, 52.596444174374064 ], [ -9.665179061931282, 52.591165621652316 ], [ -9.68081648434128, 52.603777383301811 ], [ -9.70409691691901, 52.597624466622186 ], [ -9.710422166836899, 52.585660923054242 ], [ -9.709082443676678, 52.568943603791361 ], [ -9.735876903287879, 52.57809911945759 ], [ -9.770160635389093, 52.576108953771708 ], [ -9.801918658847582, 52.562865403289884 ], [ -9.839211276433387, 52.566236387611248 ], [ -9.857220668011749, 52.56547992973595 ], [ -9.886299246048107, 52.55467574696209 ], [ -9.899784326596922, 52.55415803432755 ], [ -9.912698377764022, 52.563024668410954 ], [ -9.865324893907601, 52.585170109035637 ], [ -9.804246702195188, 52.592558266535349 ], [ -9.792320971215467, 52.612448339018613 ], [ -9.765109220798594, 52.625053943016667 ], [ -9.725115193981962, 52.636542940165604 ], [ -9.706974026737941, 52.654187950621193 ], [ -9.679279097682567, 52.66577518613844 ], [ -9.647367334749722, 52.673599789875531 ], [ -9.611787805309051, 52.691825257106473 ], [ -9.576186313856311, 52.705294217992758 ], [ -9.551192793133449, 52.752666985284542 ], [ -9.5416170675134, 52.762840817223079 ], [ -9.513636623318014, 52.755666531883278 ], [ -9.499999999675717, 52.775683851810086 ], [ -9.484316455962405, 52.798694432663453 ], [ -9.484623933114484, 52.810546665183622 ], [ -9.499999999675717, 52.820687886286784 ], [ -9.501469303019045, 52.821656834707511 ], [ -9.499999999675717, 52.822128453772066 ], [ -9.478122982608486, 52.829149968633438 ], [ -9.457609846196098, 52.845134497803862 ], [ -9.441006066509102, 52.872342072110747 ], [ -9.443334108958393, 52.889272238791705 ], [ -9.430134543549594, 52.903878226014669 ], [ -9.399518577956208, 52.90041485525645 ], [ -9.352540421995077, 52.926561034442827 ], [ -9.359656327703549, 52.946008975697133 ], [ -9.445310750231471, 52.940522861651473 ], [ -9.4597402251469, 52.947311331910335 ], [ -9.398364646159676, 52.999999999855014 ], [ -9.310394054215577, 53.076288880525425 ], [ -9.278043038464995, 53.081848227598293 ], [ -9.246306977018572, 53.096784568954021 ], [ -9.219139151524145, 53.131902900198007 ], [ -9.199965738271979, 53.13583849237456 ], [ -9.169196034102555, 53.111198635892094 ], [ -9.127401069295898, 53.101200801383783 ], [ -9.098783706987655, 53.100047054855636 ], [ -9.076112343850658, 53.114689487513779 ], [ -9.074866357195386, 53.115494069775892 ], [ -9.072823828987795, 53.123261877541054 ], [ -9.052969572700327, 53.128033209962531 ], [ -9.051717700283316, 53.134102636180785 ], [ -8.999999999645505, 53.139870160678853 ], [ -8.98910212191219, 53.14108538568501 ], [ -8.980229202237815, 53.13324130737174 ], [ -8.959342700840537, 53.122347311185784 ], [ -8.9248832681512, 53.115958057048921 ], [ -8.903293961706527, 53.129742808069786 ], [ -8.913792118782824, 53.146318388234185 ], [ -8.947922111409682, 53.184294746991405 ], [ -8.949195946737094, 53.200372876784556 ], [ -8.911024822617499, 53.224088630724069 ], [ -8.892488326579857, 53.231215328212258 ], [ -8.897451890427153, 53.242226970865502 ], [ -8.922335598394746, 53.242121230228072 ], [ -8.962175885737004, 53.235353289851794 ], [ -8.968259546335648, 53.257292312961418 ], [ -8.955960449472705, 53.262841358374168 ], [ -8.971795536279512, 53.268046233892605 ], [ -8.94530855382038, 53.271705118334715 ], [ -8.937797319318303, 53.282244116437056 ], [ -8.94849314079139, 53.288027569640633 ], [ -8.999999999645505, 53.284195162287084 ], [ -9.032785877248717, 53.28175552413358 ], [ -9.374568982155795, 53.232603506979089 ], [ -9.498526304468967, 53.224591108904853 ], [ -9.499999999675717, 53.225084693623536 ], [ -9.524661884853563, 53.233343850782646 ], [ -9.542253984727941, 53.265298561596239 ], [ -9.53959650221619, 53.28687886418566 ], [ -9.546822220679939, 53.298694524019133 ], [ -9.563228336868447, 53.302258380241284 ], [ -9.593295235092187, 53.300885671325766 ], [ -9.601026096003132, 53.285426433321241 ], [ -9.608734994003695, 53.274993883033702 ], [ -9.621056052878705, 53.261784453116775 ], [ -9.639109369379515, 53.259353471635819 ], [ -9.641459375637501, 53.269142611495866 ], [ -9.632454680297478, 53.286535566939477 ], [ -9.606648539975341, 53.300938468435355 ], [ -9.634365432839409, 53.336535325822226 ], [ -9.627117750566965, 53.343933298055923 ], [ -9.557869445125869, 53.354467578191148 ], [ -9.550336248611726, 53.363628560746101 ], [ -9.558067109522673, 53.374948537750221 ], [ -9.590835416078923, 53.393905033603552 ], [ -9.607461158676301, 53.392983092913205 ], [ -9.609130321898984, 53.378097563504596 ], [ -9.614357437975904, 53.367331935860179 ], [ -9.641854703532792, 53.366396238374918 ], [ -9.628984578186452, 53.371509376676407 ], [ -9.62342802204707, 53.385580500948834 ], [ -9.627513078462256, 53.40321550714043 ], [ -9.658216894798851, 53.413419120971035 ], [ -9.671306647452374, 53.40512475766441 ], [ -9.680772558520516, 53.391850395835789 ], [ -9.684154810786646, 53.37475089224229 ], [ -9.706952063827559, 53.364656576658355 ], [ -9.749954976128782, 53.362389637059074 ], [ -9.76440641485291, 53.336205617501257 ], [ -9.809956996910607, 53.338830022041925 ], [ -9.831985557071324, 53.336416631078734 ], [ -9.848611300567015, 53.348640427411418 ], [ -9.87009079335809, 53.352292378167967 ], [ -9.88711186474907, 53.357631306588345 ], [ -9.906087613604432, 53.359713966017686 ], [ -9.892975898040527, 53.367358293403278 ], [ -9.897631984735739, 53.378229316517356 ], [ -9.85932908405217, 53.390203979856082 ], [ -9.837015009649756, 53.401134985018061 ], [ -9.836400054447283, 53.41444592889674 ], [ -9.840770626002479, 53.418000072509614 ], [ -9.854365520204881, 53.419447971002292 ], [ -9.857550108074209, 53.420816848232235 ], [ -9.863985170747378, 53.428726510098102 ], [ -9.87070574856056, 53.429687150313889 ], [ -9.913379220799325, 53.419342671373855 ], [ -9.935012453064751, 53.423633436473331 ], [ -9.949266227392076, 53.386726538418394 ], [ -9.972217219907346, 53.382616466857549 ], [ -9.983242481442893, 53.39223235541764 ], [ -9.999999999705929, 53.395794506586071 ], [ -10.000900299368514, 53.395985910920771 ], [ -10.020333594334057, 53.397065819858334 ], [ -10.020992349593154, 53.405585597841487 ], [ -10.027360321589327, 53.416683757922115 ], [ -10.061088615468902, 53.429055499340961 ], [ -10.084101149767655, 53.420119253060001 ], [ -10.093982485840623, 53.427963246295946 ], [ -10.112164144646075, 53.422251489194522 ], [ -10.106015757736268, 53.435055807093747 ], [ -10.093609190924308, 53.44722486965442 ], [ -10.079160481282013, 53.448066707454316 ], [ -10.053095712396319, 53.44308120373978 ], [ -10.035309307824301, 53.456497316688477 ], [ -10.033838086577843, 53.470987195886799 ], [ -10.066885666779516, 53.478493155332465 ], [ -10.055752694546454, 53.483395627207898 ], [ -10.03056626600622, 53.486063489600404 ], [ -10.051580574312249, 53.495879245682296 ], [ -10.088123405859641, 53.499999999893774 ], [ -10.109485204077135, 53.502437390248978 ], [ -10.136669857711778, 53.513163689675167 ], [ -10.100372416255603, 53.509734760636803 ], [ -10.107794397744311, 53.51874507130762 ], [ -10.122177231231873, 53.528696701831848 ], [ -10.141961862694929, 53.535591047068671 ], [ -10.152106700691874, 53.545883971358215 ], [ -10.143279374111437, 53.554793621104942 ], [ -10.081839421850955, 53.550969740368316 ], [ -10.09854985940995, 53.560873939056222 ], [ -10.009398248768557, 53.557820613884836 ], [ -10.002810690787701, 53.551686744051764 ], [ -9.999999999705929, 53.550407134409753 ], [ -9.978191066852396, 53.540478839274179 ], [ -9.971602264704872, 53.549283404329962 ], [ -9.986075665441065, 53.561272182444533 ], [ -9.999999999705929, 53.566067633802454 ], [ -10.023188202253438, 53.574053796930421 ], [ -10.033420874823918, 53.592018473828098 ], [ -9.999999999705929, 53.590099374233958 ], [ -9.993916340005603, 53.589750093523243 ], [ -9.957941482669639, 53.578180778815238 ], [ -9.934595110156794, 53.577703121761331 ], [ -9.911753982499089, 53.597111934058461 ], [ -9.886431021713767, 53.59748330826249 ], [ -9.895940858602673, 53.613873550702429 ], [ -9.913467071542534, 53.624783574156076 ], [ -9.94008583056563, 53.627275381413554 ], [ -9.929302158349333, 53.669732653837329 ], [ -9.910699774478879, 53.699261804047566 ], [ -9.921615222360836, 53.729616344396298 ], [ -9.903539943847958, 53.736358809162944 ], [ -9.795834999147257, 53.741606603630864 ], [ -9.761265752804345, 53.736292711940266 ], [ -9.721689017691698, 53.736094419113009 ], [ -9.652111271289828, 53.752166289342654 ], [ -9.580183520426598, 53.748849328470278 ], [ -9.557034863514527, 53.749179714870699 ], [ -9.548535309723384, 53.763661288001373 ], [ -9.55591476766149, 53.775377647572405 ], [ -9.593910190294659, 53.778798152269388 ], [ -9.597336367483239, 53.788305419010676 ], [ -9.621231754365125, 53.788292216100771 ], [ -9.63959254891633, 53.786206083677534 ], [ -9.641459375637501, 53.811866185410658 ], [ -9.624877557962574, 53.810520214319425 ], [ -9.622835029754981, 53.819189091492994 ], [ -9.599884037239711, 53.830639275742023 ], [ -9.567511058578747, 53.839528148667412 ], [ -9.591274669794979, 53.877541626629245 ], [ -9.609569575615037, 53.887526928954394 ], [ -9.644929477748525, 53.881638788632969 ], [ -9.678334702417635, 53.892663552268189 ], [ -9.776090556513381, 53.90152602899532 ], [ -9.852366916919738, 53.890688003381165 ], [ -9.893261413180541, 53.877554801303702 ], [ -9.933343289842069, 53.87161254312602 ], [ -9.964091031101111, 53.873971102173492 ], [ -9.975731246940818, 53.88235015195027 ], [ -9.996903263478128, 53.912097954125834 ], [ -9.999999999705929, 53.911921064857836 ], [ -10.030083178995881, 53.910202314402298 ], [ -10.041765114394011, 53.953596043455455 ], [ -10.059309975460858, 53.978798312317089 ], [ -10.079489859360718, 53.981781604810791 ], [ -10.097232347095126, 53.979560583784597 ], [ -10.12905024955551, 53.971858369775497 ], [ -10.14624377502316, 53.97348830932485 ], [ -10.166401700504217, 53.980743390695253 ], [ -10.181970294895457, 53.979586868502089 ], [ -10.197714556637139, 53.97164805079052 ], [ -10.209528243446417, 53.972436742941724 ], [ -10.219409579519384, 53.980822243607314 ], [ -10.253181790236567, 53.98314832805319 ], [ -10.221561514443744, 53.987589866795879 ], [ -10.218919532362225, 53.99999999987628 ], [ -10.218026191948146, 54.004246362170022 ], [ -10.166511493496557, 54.003847536520382 ], [ -10.155594620886559, 53.99999999987628 ], [ -10.148593336615079, 53.997561884794685 ], [ -10.131086397029637, 53.99999999987628 ], [ -10.105203291748905, 54.003648121991148 ], [ -10.073978270189516, 54.016129608566487 ], [ -10.048769883230479, 54.016355543428368 ], [ -10.034650551666891, 54.008712948521421 ], [ -10.008146612608463, 54.010268165072482 ], [ -9.999999999705929, 54.013708074584727 ], [ -9.991807923066867, 54.017166240259805 ], [ -9.968834967641216, 54.007410244071345 ], [ -9.971793698386865, 53.99999999987628 ], [ -9.975379843967977, 53.991124361017704 ], [ -9.974413486690977, 53.975578218486305 ], [ -9.956535871676587, 53.972581334575978 ], [ -9.939997979822422, 53.978574885320711 ], [ -9.937252645669147, 53.961972204479217 ], [ -9.945400796487448, 53.959289913255667 ], [ -9.934617125169462, 53.943863371579859 ], [ -9.945598460884248, 53.934536280025682 ], [ -9.941249851341119, 53.90490986409246 ], [ -9.951857822070997, 53.884655412405841 ], [ -9.93279422337074, 53.903803893776015 ], [ -9.936396101147421, 53.934233673275948 ], [ -9.920758678737428, 53.940522172075447 ], [ -9.922801206945021, 53.964969854910997 ], [ -9.87593286463748, 53.967546608684529 ], [ -9.866554803414235, 53.963655122678567 ], [ -9.85295990921183, 53.94341614000431 ], [ -9.83973838089265, 53.90872786883466 ], [ -9.841209879718532, 53.944836741609841 ], [ -9.864687976693062, 53.983490001692111 ], [ -9.880545025511926, 53.98769498626509 ], [ -9.888967869466013, 53.99999999987628 ], [ -9.895743195104185, 54.010015612532484 ], [ -9.925854018250373, 54.027850007547499 ], [ -9.939185360223146, 54.047721919481447 ], [ -9.922098401897651, 54.060840651067885 ], [ -9.892602533055619, 54.073809230857812 ], [ -9.874505290734048, 54.08630937284854 ], [ -9.872484724538523, 54.096086571044587 ], [ -9.888188035679661, 54.101153352815295 ], [ -9.925129250292622, 54.074884232665696 ], [ -9.967495245379308, 54.072428940800727 ], [ -9.996200457532444, 54.101087037627849 ], [ -9.935473668792872, 54.111682842781121 ], [ -9.944763879272909, 54.140578714488115 ], [ -9.980892475184909, 54.156476061256932 ], [ -9.972634510713014, 54.157045602521507 ], [ -9.9510891291908, 54.155270727514932 ], [ -9.955130260683536, 54.177054013176367 ], [ -9.970679832350319, 54.181012169517665 ], [ -9.995453726664312, 54.190462548681502 ], [ -9.971031235323162, 54.18708766226684 ], [ -9.952099412288561, 54.189271443842955 ], [ -9.95212137430063, 54.203734415489905 ], [ -9.975050403905517, 54.212346267678768 ], [ -9.999999999705929, 54.217203688625567 ], [ -10.001273594284827, 54.217451675322842 ], [ -10.021014308011958, 54.219528045602566 ], [ -10.018335368341333, 54.206512629398702 ], [ -10.034672510984011, 54.214687427199642 ], [ -10.042270159823158, 54.204726656701588 ], [ -10.041172233493015, 54.192513814790765 ], [ -10.043543754402057, 54.186081760654524 ], [ -10.06014439896871, 54.178232233697599 ], [ -10.068883891873924, 54.164448920389574 ], [ -10.050087394646987, 54.158038969286757 ], [ -10.056125989462773, 54.132402441258613 ], [ -10.073561057537276, 54.121374494277248 ], [ -10.07555928353, 54.116482549818429 ], [ -10.059090390374491, 54.108964528921547 ], [ -10.058717095458176, 54.103368216663007 ], [ -10.0919842598479, 54.106100160769529 ], [ -10.083640021176121, 54.164621075023426 ], [ -10.066336703614445, 54.188609703976169 ], [ -10.062076749705019, 54.210864786894803 ], [ -10.055928362795211, 54.218602288437893 ], [ -10.031093270752487, 54.228877025337589 ], [ -10.048747924811673, 54.234324106548691 ], [ -10.070420989275114, 54.237549707706727 ], [ -10.062076749705019, 54.251361402993943 ], [ -10.059815021788319, 54.263160444548554 ], [ -10.000131751117076, 54.289322919826958 ], [ -9.999999999705929, 54.289224942039795 ], [ -9.96294897233769, 54.261667584188068 ], [ -9.929302158349333, 54.25635626031417 ], [ -9.935605445356844, 54.238263535921618 ], [ -9.98236397401079, 54.228229144910003 ], [ -9.994311667900892, 54.222133279087835 ], [ -9.944763879272909, 54.216036509015602 ], [ -9.891724025623516, 54.223839154697082 ], [ -9.895677307271356, 54.234601729653093 ], [ -9.911490431167774, 54.240021615290594 ], [ -9.909579678625837, 54.254321391705346 ], [ -9.881401570033651, 54.26220924745693 ], [ -9.833698646114771, 54.272407041662156 ], [ -9.840682775259269, 54.28083283980488 ], [ -9.866313214094985, 54.286035368147317 ], [ -9.895765157116251, 54.299923148186224 ], [ -9.892712345810898, 54.306390185351439 ], [ -9.853289349274291, 54.33019064539539 ], [ -9.843823437307833, 54.328779363407385 ], [ -9.786522825756839, 54.311985328577727 ], [ -9.689689404015645, 54.306086653498141 ], [ -9.679301059694632, 54.313027735196258 ], [ -9.552905881278582, 54.316722128112424 ], [ -9.547327362228819, 54.307973793950765 ], [ -9.536873130074982, 54.312750642334422 ], [ -9.517611866977921, 54.320561305156779 ], [ -9.499999999675717, 54.318857438880443 ], [ -9.426247150632896, 54.311721423641096 ], [ -9.417506006624189, 54.304582157253954 ], [ -9.402681202915154, 54.319994026649724 ], [ -9.390426031872975, 54.316075633497192 ], [ -9.347137605330053, 54.311088045802272 ], [ -9.335102060696741, 54.286101385376725 ], [ -9.320738472715824, 54.295857631140329 ], [ -9.318037064383311, 54.294154746132456 ], [ -9.320958100023008, 54.277835144763834 ], [ -9.309844987744249, 54.258615638658924 ], [ -9.296930936577146, 54.26697822078647 ], [ -9.296294018464293, 54.253739982372743 ], [ -9.310943120686908, 54.238488256652026 ], [ -9.309647323347445, 54.224354870924174 ], [ -9.298248696826988, 54.209885922589159 ], [ -9.2195564414315, 54.19209033616783 ], [ -9.203413877472624, 54.158250884338656 ], [ -9.189950759834193, 54.170818152603296 ], [ -9.183691397749129, 54.179820791665833 ], [ -9.18869888741718, 54.187961188803669 ], [ -9.215141944953857, 54.20238492999367 ], [ -9.191488146492903, 54.19811126590988 ], [ -9.172095106831872, 54.19039637703645 ], [ -9.152438515839521, 54.196430787277322 ], [ -9.120021611357794, 54.212994398505984 ], [ -9.062413521756405, 54.286365455333581 ], [ -9.043064407916134, 54.290603541460534 ], [ -8.999999999645505, 54.28707902940932 ], [ -8.946758089735887, 54.282721143196184 ], [ -8.818012905061838, 54.220625702381476 ], [ -8.794424995332058, 54.22275480787814 ], [ -8.750697315073056, 54.244859250739694 ], [ -8.728141650453088, 54.234826470942487 ], [ -8.693572404110167, 54.238858383379124 ], [ -8.665526072081953, 54.237734775452623 ], [ -8.641367132072126, 54.226787905024096 ], [ -8.597112348252224, 54.181978484337655 ], [ -8.575479115986768, 54.169467586766757 ], [ -8.523581321100806, 54.167521105156482 ], [ -8.500849954994408, 54.174750429332441 ], [ -8.519957480413733, 54.189178800933895 ], [ -8.554834203908733, 54.197304115482446 ], [ -8.626125037557431, 54.239122756969486 ], [ -8.628804483877877, 54.262235670334348 ], [ -8.617274080793436, 54.276910700733389 ], [ -8.60269086640367, 54.265551550142781 ], [ -8.536890700163198, 54.254083543547701 ], [ -8.50117939505685, 54.25722831590793 ], [ -8.499999999615302, 54.259460143982814 ], [ -8.495447138329382, 54.268074610072979 ], [ -8.499999999615302, 54.275481887209274 ], [ -8.509085957454216, 54.290260285983017 ], [ -8.53100470396134, 54.294445165833075 ], [ -8.556503367131427, 54.298167633704701 ], [ -8.573392661958415, 54.293521096723893 ], [ -8.583868856124345, 54.296940048905313 ], [ -8.573963691340126, 54.31697280702744 ], [ -8.55733794874274, 54.307036832831244 ], [ -8.527139273955035, 54.300781079487386 ], [ -8.507460720052322, 54.305176043921712 ], [ -8.499999999615302, 54.315203792834765 ], [ -8.498565837467556, 54.317131129789843 ], [ -8.499999999615302, 54.319494767610273 ], [ -8.506274735468129, 54.329834532305931 ], [ -8.523976648996097, 54.336916649713686 ], [ -8.596343654473685, 54.346344382636609 ], [ -8.62581756040535, 54.343707473333744 ], [ -8.646001255856936, 54.336164974602745 ], [ -8.66572373558045, 54.356877139575879 ], [ -8.600911890425683, 54.392581314414301 ], [ -8.595465147041597, 54.404932172973602 ], [ -8.570449663408338, 54.407222859678519 ], [ -8.499999999615302, 54.445625437328793 ], [ -8.498829389697189, 54.446263239318696 ], [ -8.496171906287124, 54.456599325422594 ], [ -8.499092941926829, 54.470797306079632 ], [ -8.478865320654444, 54.477289918354984 ], [ -8.462788644528397, 54.468589056612473 ], [ -8.434983900921125, 54.47065272212933 ], [ -8.434910430408982, 54.470666335709353 ], [ -8.37170944242507, 54.482375513255313 ], [ -8.335866361653071, 54.480049622317978 ], [ -8.313079975532149, 54.485118539308942 ], [ -8.303141980019284, 54.487329085977649 ], [ -8.286931038995935, 54.499999999751346 ], [ -8.284671372712811, 54.501787740880133 ], [ -8.233256756465341, 54.505550449040143 ], [ -8.237517515265234, 54.510721942228507 ], [ -8.280783979796098, 54.512808965979112 ], [ -8.28855876562948, 54.521116117477597 ], [ -8.262269446668853, 54.551167176500442 ], [ -8.212040815005585, 54.579085958689738 ], [ -8.211184271382168, 54.602768004776841 ], [ -8.17819633751874, 54.630187391341956 ], [ -8.157485537607847, 54.641160551040045 ], [ -8.139388295286301, 54.627244806907363 ], [ -8.120895725967754, 54.638642818398807 ], [ -8.122938254175335, 54.657270331121133 ], [ -8.131547621620069, 54.668673131402379 ], [ -8.156804694572553, 54.658674333680764 ], [ -8.152192533698116, 54.647639679682179 ], [ -8.168928089949075, 54.648421344914446 ], [ -8.176615025039249, 54.668964449917887 ], [ -8.224888978339848, 54.65974717117976 ], [ -8.262467111065646, 54.644870608262153 ], [ -8.313684062916316, 54.612064566412556 ], [ -8.32973877613199, 54.607807774839905 ], [ -8.321480811660107, 54.648991023515741 ], [ -8.355193513481304, 54.645056102560176 ], [ -8.401161386344643, 54.622644933138638 ], [ -8.411967020573018, 54.611560670494967 ], [ -8.417325913213929, 54.596520471679639 ], [ -8.475702695695498, 54.560369353378071 ], [ -8.473704092410353, 54.573312607487189 ], [ -8.434808200333038, 54.601189632062393 ], [ -8.433117074199963, 54.611905441980646 ], [ -8.454420866402931, 54.615512107419711 ], [ -8.485498047724434, 54.603988216847789 ], [ -8.499817709884562, 54.603683167404441 ], [ -8.495293399753333, 54.624739464768751 ], [ -8.499999999615302, 54.625756702738649 ], [ -8.508602778815716, 54.627615955697507 ], [ -8.586811854674416, 54.604611572543682 ], [ -8.611058644529136, 54.610062206533527 ], [ -8.630649348586962, 54.622379794663857 ], [ -8.730733246030313, 54.627311083596233 ], [ -8.745909452712189, 54.642724116715598 ], [ -8.794820323227347, 54.666329264228452 ], [ -8.845510170618745, 54.668752581925453 ], [ -8.855349448468406, 54.679238709232926 ], [ -8.848431206258413, 54.698046016763271 ], [ -8.85936861705077, 54.709053691838356 ], [ -8.859017214077928, 54.717426511814672 ], [ -8.816914771220858, 54.722835514129677 ], [ -8.799410522089717, 54.751574378832082 ], [ -8.708177581410332, 54.780200331881311 ], [ -8.613232949300702, 54.794565084502032 ], [ -8.575808556049248, 54.789918225514874 ], [ -8.506604175530571, 54.768868630315595 ], [ -8.499999999615302, 54.769615483628158 ], [ -8.486047114195744, 54.771193342029107 ], [ -8.499999999615302, 54.778713259873733 ], [ -8.524152350482519, 54.791726867765171 ], [ -8.543237912991481, 54.806602178681679 ], [ -8.535550977901272, 54.812131171456954 ], [ -8.499999999615302, 54.798774992555082 ], [ -8.476537277306848, 54.7899578318453 ], [ -8.456287693124093, 54.776014048935195 ], [ -8.453915724854031, 54.784967146004881 ], [ -8.465314351374488, 54.802471432759404 ], [ -8.499999999615302, 54.820912486203788 ], [ -8.504254169272613, 54.823173686148259 ], [ -8.521297203573956, 54.846159298488864 ], [ -8.556569254964236, 54.853554625425389 ], [ -8.559731879923174, 54.868117195767333 ], [ -8.516092049509094, 54.868604719986834 ], [ -8.499999999615302, 54.879615072358305 ], [ -8.499224717592478, 54.880145452445525 ], [ -8.469948475159333, 54.878538380330923 ], [ -8.423607237311039, 54.880290349426076 ], [ -8.39960203677556, 54.869685157473405 ], [ -8.372104770320359, 54.873176617156851 ], [ -8.348099569784887, 54.87848568832657 ], [ -8.341027589897163, 54.884505298914206 ], [ -8.358707540514759, 54.886230666259387 ], [ -8.375069731780837, 54.881568052384608 ], [ -8.391146407906884, 54.887389650070432 ], [ -8.402325408018472, 54.900452240623409 ], [ -8.392112765183883, 54.906047310976902 ], [ -8.369930466447128, 54.906310589293177 ], [ -8.367448684523483, 54.913826451214824 ], [ -8.379023012530361, 54.924946288457768 ], [ -8.385853403997109, 54.92676201619993 ], [ -8.41201094639379, 54.913642191394004 ], [ -8.446250751775933, 54.940982367341647 ], [ -8.394309031967488, 54.955394885338293 ], [ -8.398108575039316, 54.964873283033114 ], [ -8.438102600957624, 54.969329062523713 ], [ -8.458698988738959, 54.999999999764796 ], [ -8.458747513035668, 55.000064365240185 ], [ -8.444735328027587, 55.009191443762539 ], [ -8.425693691339394, 55.00439413672099 ], [ -8.419895545880783, 55.025685100463207 ], [ -8.394726322773186, 55.030035482134686 ], [ -8.369315511244636, 55.038746514296065 ], [ -8.356159870758303, 55.048729706731763 ], [ -8.351657522639115, 55.030047176388891 ], [ -8.334241123352854, 55.032596372325727 ], [ -8.335031780041758, 55.054257963840207 ], [ -8.342191611570991, 55.084667193241394 ], [ -8.340939739153988, 55.106067066798438 ], [ -8.310367699381358, 55.142314336167203 ], [ -8.296443365116485, 55.141941182320309 ], [ -8.25537316736926, 55.130056727735813 ], [ -8.207714169271151, 55.129893423126994 ], [ -8.16855472406586, 55.128726940948646 ], [ -8.146811679045166, 55.101876726609333 ], [ -8.125617700495773, 55.111762420884233 ], [ -8.112220469791847, 55.125763922077383 ], [ -8.067570357178322, 55.12865695055887 ], [ -8.016002003253126, 55.14082169923779 ], [ -8.014508541516856, 55.149695067793751 ], [ -8.032979148823364, 55.163205366149107 ], [ -8.00638235271062, 55.173786581985055 ], [ -7.999999999585081, 55.172051598189618 ], [ -7.967376646979686, 55.1631820562718 ], [ -7.970078055312198, 55.156153540402173 ], [ -7.989690721382137, 55.151478830595082 ], [ -7.990195862930999, 55.140810037988004 ], [ -7.941570506657558, 55.141847893310967 ], [ -7.916445209370723, 55.138477679620344 ], [ -7.881458673120476, 55.12255567971183 ], [ -7.903794710433262, 55.117631983377045 ], [ -7.929293372705013, 55.092805871578157 ], [ -7.881546523863696, 55.091579921341264 ], [ -7.875155386112965, 55.101234713496076 ], [ -7.826398253275541, 55.126347210917672 ], [ -7.81875524400614, 55.136623357662991 ], [ -7.81888701967179, 55.147165018819194 ], [ -7.83907071512341, 55.15851982988864 ], [ -7.841574459957418, 55.17147946464555 ], [ -7.824575351476819, 55.178796525902513 ], [ -7.800767815338132, 55.177456719067528 ], [ -7.787063107482154, 55.190247115718442 ], [ -7.773687840586925, 55.193007343486713 ], [ -7.789215449343319, 55.158648048327834 ], [ -7.780518231155375, 55.143223884373214 ], [ -7.724974632671977, 55.125122294417373 ], [ -7.702133453810291, 55.09400843306954 ], [ -7.710018053297284, 55.070394218166733 ], [ -7.6914376323372, 55.068314749173837 ], [ -7.676590865717793, 55.075954512245261 ], [ -7.669804400071784, 55.104818181398883 ], [ -7.67891890906539, 55.120525604098283 ], [ -7.691810998220451, 55.139294020647014 ], [ -7.685946964928966, 55.170500647198743 ], [ -7.696159606865256, 55.179146033557231 ], [ -7.713729744727567, 55.175126512738437 ], [ -7.71129188862466, 55.143515402025777 ], [ -7.71405918479002, 55.134687305865775 ], [ -7.723986312484605, 55.14685020899482 ], [ -7.749836377729171, 55.150347957798715 ], [ -7.753899472132305, 55.162762478196498 ], [ -7.73375970160313, 55.180008138453651 ], [ -7.717617137644245, 55.195615989254989 ], [ -7.667454394712122, 55.193764334433922 ], [ -7.649115563071299, 55.197933347833249 ], [ -7.633390289918075, 55.206607683968613 ], [ -7.616347256515025, 55.208051282143302 ], [ -7.606244427334021, 55.184038813364239 ], [ -7.585445776679953, 55.163485082066906 ], [ -7.602818250145443, 55.151781945709182 ], [ -7.593769628984683, 55.137672984511759 ], [ -7.569918167025226, 55.140087021468474 ], [ -7.562384970511074, 55.129788441348857 ], [ -7.566206475594941, 55.109965204582231 ], [ -7.545210160544081, 55.09674033166678 ], [ -7.539961082455085, 55.066527253404772 ], [ -7.571565367337519, 55.062811810402174 ], [ -7.596756552457199, 55.052388025693688 ], [ -7.621837923923263, 55.032970552420558 ], [ -7.627043077988116, 55.024749472302844 ], [ -7.584677082901449, 55.02608273569826 ], [ -7.564141984476986, 55.024152998293872 ], [ -7.596535907358791, 54.999999999764796 ], [ -7.608814060000875, 54.989722045084285 ], [ -7.645930976100286, 54.957748261898644 ], [ -7.639188435376713, 54.948938824294693 ], [ -7.624407556590127, 54.952830993977898 ], [ -7.551118297522729, 54.999999999764796 ], [ -7.511211944481179, 55.022866454846849 ], [ -7.499999999554868, 55.022247053536717 ], [ -7.477125876776759, 55.020983348023513 ], [ -7.461334715790723, 55.031789534489121 ], [ -7.467967442860714, 55.053311318816128 ], [ -7.488019362646677, 55.061608306054367 ], [ -7.473699699588181, 55.082261469001715 ], [ -7.475830079437316, 55.112649328815763 ], [ -7.487360482521755, 55.125133960270752 ], [ -7.499999999554868, 55.132142436496473 ], [ -7.534799854210996, 55.151432197057815 ], [ -7.534887704954214, 55.168100111479276 ], [ -7.512310077423836, 55.180613930855124 ], [ -7.530209655348624, 55.193857501512333 ], [ -7.523401227690537, 55.201007423666624 ], [ -7.522786272488057, 55.212975418152404 ], [ -7.502910054188522, 55.22248436930844 ], [ -7.499999999554868, 55.222022798541879 ], [ -7.486328236513612, 55.219854214725999 ], [ -7.470317448220374, 55.226545636784159 ], [ -7.44328139928994, 55.220866728478569 ], [ -7.422438822815074, 55.222239981767849 ], [ -7.420396294607483, 55.23429463710967 ], [ -7.406296258856188, 55.238505920393543 ], [ -7.395249034410284, 55.254637270567727 ], [ -7.365994754887505, 55.249602017513801 ], [ -7.328350735227164, 55.232770554208798 ], [ -7.286489881689361, 55.239413264833587 ], [ -7.351169951178479, 55.277200820034111 ], [ -7.380951335160495, 55.314685254466461 ], [ -7.395249034410284, 55.322266096127088 ], [ -7.403704663278963, 55.330924816384439 ], [ -7.389604627527695, 55.338548952976126 ], [ -7.36228306345722, 55.330414167010773 ], [ -7.327494190705441, 55.332862902460143 ], [ -7.176105490668212, 55.302306663784258 ], [ -7.166178362973628, 55.291295050500167 ], [ -7.174875581161572, 55.27816538359113 ], [ -7.171141926820916, 55.265403351655053 ], [ -7.149047478827369, 55.25288140051773 ], [ -7.068334658134689, 55.239331837645061 ], [ -7.041452347780276, 55.239087554047984 ], [ -7.009562547757794, 55.233154489224063 ], [ -7.000000000422981, 55.229259467071941 ], [ -6.975827883026225, 55.219411958919103 ], [ -6.952547450448513, 55.203871689360078 ], [ -6.958279708074314, 55.193240264961389 ], [ -7.000000000422981, 55.178191616717911 ], [ -7.001326545297986, 55.177713033739245 ], [ -7.053290228016794, 55.166620097574977 ], [ -7.201296675787884, 55.129846764250047 ], [ -7.273422091946204, 55.073630029976286 ], [ -7.321520343760373, 55.030854049462448 ], [ -7.326228354875652, 55.025478311503655 ], [ -7.346008723832686, 55.002884621124949 ], [ -7.349759220686586, 54.999999999764796 ], [ -7.384289661605853, 54.970183358626656 ], [ -7.443440298687286, 54.930830598952966 ], [ -7.476270121874188, 54.908972302222388 ], [ -7.481254859012741, 54.905652390518625 ], [ -7.483758603846749, 54.898701152598015 ], [ -7.479821441568356, 54.899833066400355 ], [ -7.471393619150958, 54.902255913534233 ], [ -7.33215393534047, 54.999999999764796 ], [ -7.325363811754639, 55.004242017547426 ], [ -7.297910471120182, 55.028772517080476 ], [ -7.256291207799945, 55.047689420469361 ], [ -7.223193460282935, 55.052984078124034 ], [ -7.204547151490042, 55.049407631405053 ], [ -7.187723744495862, 55.03730844816868 ], [ -7.103782411011362, 55.032526213296215 ], [ -7.035171023683128, 55.050284241332214 ], [ -7.018677056751436, 55.067859120633116 ], [ -7.007498056639839, 55.093634825682742 ], [ -7.000000000422981, 55.094499474296661 ], [ -6.98076948396315, 55.096716982781707 ], [ -6.962145138080621, 55.109194944314488 ], [ -6.947188558705937, 55.128015369589292 ], [ -6.962474578143071, 55.1620748267338 ], [ -6.942071255384294, 55.164883632609488 ], [ -6.902318818785218, 55.153227539458015 ], [ -6.871263600374086, 55.152073400051556 ], [ -6.746976837998463, 55.156981174782004 ], [ -6.690379031494845, 55.145625924279543 ], [ -6.692004269795072, 55.16083935588221 ], [ -6.686623415142123, 55.176081913800928 ], [ -6.640194325652321, 55.19375268821252 ], [ -6.606755888470511, 55.19775487990136 ], [ -6.53161087441782, 55.206747389497899 ], [ -6.521837485299292, 55.220052064044815 ], [ -6.500000000392768, 55.227356961181727 ], [ -6.499259857768912, 55.22760452363957 ], [ -6.476857932623287, 55.224206677158584 ], [ -6.446132153376301, 55.213697107337893 ], [ -6.416350770292583, 55.211392311173206 ], [ -6.391994166784261, 55.218539071439629 ], [ -6.339020200967708, 55.214733058054421 ], [ -6.276316771853373, 55.194800806175046 ], [ -6.234521807046714, 55.175312934239038 ], [ -6.166130045229016, 55.195744088399472 ], [ -6.148889347429175, 55.190375231692038 ], [ -6.135975296262074, 55.176792624030377 ], [ -6.118690673539767, 55.165291533689754 ], [ -6.079157863349587, 55.157680570764121 ], [ -6.042216648736606, 55.13287946190006 ], [ -6.035144667950592, 55.105285058865149 ], [ -6.052012000765543, 55.088006938004867 ], [ -6.052692842902503, 55.047479022131363 ], [ -6.041030664152441, 55.035776792297312 ], [ -6.000000000362556, 55.04106115247528 ], [ -5.993371665155999, 55.041914753685909 ], [ -5.982785657336493, 55.031719373524723 ], [ -5.991595594329667, 54.999999999764796 ], [ -5.99420624676735, 54.989446178523878 ], [ -5.977097325531465, 54.986661132976927 ], [ -5.968641696662752, 54.97660971042847 ], [ -5.952411281960692, 54.978055168680349 ], [ -5.889378412783877, 54.943507563348589 ], [ -5.860321796759593, 54.905876179273278 ], [ -5.833373598572333, 54.889049045824933 ], [ -5.821052538799017, 54.891063933863343 ], [ -5.789030963110886, 54.865784903934035 ], [ -5.792347326645881, 54.856203956867937 ], [ -5.739878502378209, 54.837167067386872 ], [ -5.740229905351051, 54.810085928374271 ], [ -5.706012061980982, 54.799053018922315 ], [ -5.683368546617801, 54.780953024562351 ], [ -5.678690497910508, 54.781401992262552 ], [ -5.683566211014586, 54.792241722328882 ], [ -5.699401297821392, 54.803487661879807 ], [ -5.718706486739224, 54.815746378280721 ], [ -5.718948076058457, 54.822395400320559 ], [ -5.700060177946322, 54.82297581806975 ], [ -5.678273207104855, 54.809215019495902 ], [ -5.663602141971842, 54.787370145876089 ], [ -5.659692786144765, 54.758313281245947 ], [ -5.671684404957332, 54.75097971548567 ], [ -5.678097505618426, 54.736639070382751 ], [ -5.752199561253227, 54.700718829174093 ], [ -5.788196381499571, 54.68756476920737 ], [ -5.80427305762561, 54.686267658162713 ], [ -5.832033875412119, 54.672566033849385 ], [ -5.877320905240193, 54.624938307332279 ], [ -5.88531531838077, 54.578329497111902 ], [ -5.876844082182329, 54.579670728172196 ], [ -5.867042374572766, 54.581222553869651 ], [ -5.708274217495767, 54.631406778311664 ], [ -5.612297339377954, 54.631088680767512 ], [ -5.603534233357199, 54.637198364144837 ], [ -5.57447761823122, 54.633315310053014 ], [ -5.537053224081443, 54.62082870098201 ], [ -5.52936628899127, 54.592819249709216 ], [ -5.524007397248684, 54.579749509717068 ], [ -5.500000000332335, 54.567637421775515 ], [ -5.494489565496273, 54.564856815216494 ], [ -5.470967543599292, 54.535028455728586 ], [ -5.486912444059682, 54.521288888180301 ], [ -5.474645902142644, 54.499999999751346 ], [ -5.469034828146995, 54.490377139377841 ], [ -5.463675936404409, 54.475988850203827 ], [ -5.470901655766454, 54.462975882618402 ], [ -5.463192757765909, 54.44672355330318 ], [ -5.472592781001222, 54.4320303950281 ], [ -5.492710589518321, 54.41422577135809 ], [ -5.471077357252875, 54.366827378023437 ], [ -5.49178815716376, 54.352540450458925 ], [ -5.494313864009852, 54.333316396825523 ], [ -5.500000000332335, 54.316312218485223 ], [ -5.50059518810699, 54.31453192133425 ], [ -5.513597090017301, 54.313911781220149 ], [ -5.525896186880245, 54.344973210902758 ], [ -5.528839184531998, 54.351802244904448 ], [ -5.548825216485114, 54.367328120810967 ], [ -5.556885517458539, 54.399139058339003 ], [ -5.551328961319157, 54.408986864127108 ], [ -5.53380274927762, 54.416042120198021 ], [ -5.520822809379339, 54.426056908564874 ], [ -5.521503652414668, 54.458689894612661 ], [ -5.518758318261392, 54.481481966451383 ], [ -5.533052115229561, 54.499999999751346 ], [ -5.544059317034646, 54.514430654907464 ], [ -5.559894403841418, 54.519561148111087 ], [ -5.573247707826283, 54.537034521877196 ], [ -5.599119735981257, 54.535626300146703 ], [ -5.639289463385986, 54.54513749137864 ], [ -5.657167078400376, 54.557846597524687 ], [ -5.680886764694148, 54.536675828714195 ], [ -5.673419456012844, 54.527322113837045 ], [ -5.658440913727752, 54.51778016939442 ], [ -5.620950632643461, 54.513101406441479 ], [ -5.64486798243573, 54.504127840235149 ], [ -5.644934828770976, 54.499999999751346 ], [ -5.64495583317894, 54.498718703443991 ], [ -5.636093144417345, 54.499999999751346 ], [ -5.619698760226457, 54.50239937089939 ], [ -5.617160944090326, 54.499999999751346 ], [ -5.616492209446747, 54.499375447027894 ], [ -5.640958626608652, 54.487972875256567 ], [ -5.62411325670411, 54.464645455376591 ], [ -5.613219771732515, 54.463173080012574 ], [ -5.61049640048964, 54.450458481183432 ], [ -5.626858590857385, 54.408881552881084 ], [ -5.635511884122864, 54.369818565974768 ], [ -5.64592219045594, 54.361529671694207 ], [ -5.650578277151157, 54.359355041201781 ], [ -5.674254037624159, 54.348295586061994 ], [ -5.674781142083431, 54.342164802223522 ], [ -5.634325899538699, 54.352303171704897 ], [ -5.624245033268056, 54.347965997083826 ], [ -5.579726696320215, 54.36108157525404 ], [ -5.566395354347425, 54.360712551216167 ], [ -5.560553283966348, 54.349139321012053 ], [ -5.548517739333036, 54.350615814910107 ], [ -5.536745746929363, 54.306205427054088 ], [ -5.548034560694536, 54.295184406122466 ], [ -5.613022107335722, 54.242493374644162 ], [ -5.630833834517274, 54.239585407052736 ], [ -5.632107669844686, 54.228110145428872 ], [ -5.657650257937182, 54.239638280865847 ], [ -5.659934375464032, 54.217359095868304 ], [ -5.665666633089834, 54.214700653407462 ], [ -5.690748004555895, 54.237959499075792 ], [ -5.704298973835843, 54.240471037337912 ], [ -5.760918742351536, 54.233226816142981 ], [ -5.843805867815818, 54.212637266155951 ], [ -5.847912887141364, 54.214436122651051 ], [ -5.845980171689058, 54.221498516882001 ], [ -5.852371309439788, 54.236452502930646 ], [ -5.869084903678682, 54.223376327269449 ], [ -5.865790502155753, 54.215586820171481 ], [ -5.853886734086434, 54.209661044880185 ], [ -5.891442903901859, 54.175769847670757 ], [ -5.888060652534054, 54.16423703722149 ], [ -5.870161074609264, 54.131766294002347 ], [ -5.890103180741646, 54.094653964444092 ], [ -5.890015329998426, 54.081081535627803 ], [ -5.964402900773232, 54.051639385519827 ], [ -5.971562732302457, 54.041200840192445 ], [ -6.000000000362556, 54.035814095743426 ], [ -6.022472206102722, 54.031556790282274 ], [ -6.031696528749947, 54.02078095752163 ], [ -6.070065317266353, 54.01196953094167 ], [ -6.094268182198626, 54.023106436332732 ], [ -6.102174743697667, 54.033576116076169 ], [ -6.084319091593677, 54.039035773764084 ], [ -6.086888724260533, 54.047575837479961 ], [ -6.09892426799551, 54.052980534283833 ], [ -6.128529950491141, 54.052914141735862 ], [ -6.158476450212288, 54.064225468120313 ], [ -6.177352971161376, 54.071353875647866 ], [ -6.178399195853648, 54.075446231140056 ], [ -6.178899988658238, 54.077404961253094 ], [ -6.1818113934598, 54.088790373325999 ], [ -6.193013870142998, 54.082884236630761 ], [ -6.209418472670243, 54.074233926500085 ], [ -6.229865720351496, 54.078586801617966 ], [ -6.258087753866132, 54.091112030685153 ], [ -6.257384948818764, 54.084159936289012 ], [ -6.223641767159977, 54.065651124330415 ], [ -6.140982785930107, 54.020275979640218 ], [ -6.123895826706323, 54.016063156870807 ], [ -6.120074321622464, 54.006479715809903 ], [ -6.107408970838385, 53.99999999987628 ], [ -6.099078006571568, 53.995788381225765 ], [ -6.122138812740411, 53.975367917834127 ], [ -6.163384711075767, 53.969387049714257 ], [ -6.267927030817506, 53.99247763801165 ], [ -6.289586625941568, 53.99999999987628 ], [ -6.310973868939501, 54.007516589054241 ], [ -6.349562283864748, 54.010600468449347 ], [ -6.372579164212856, 54.016608057310108 ], [ -6.377608616791289, 54.007583054463716 ], [ -6.367836822182372, 53.99999999987628 ], [ -6.364914192033055, 53.997758936296847 ], [ -6.344576757107079, 53.990046963754615 ], [ -6.34622395741938, 53.97898230996033 ], [ -6.372008134831137, 53.973790629480703 ], [ -6.36276185017188, 53.967678071768674 ], [ -6.36708849680462, 53.956462800797176 ], [ -6.384834335255028, 53.948532708433838 ], [ -6.378091795429788, 53.930260114148076 ], [ -6.389007243311745, 53.910215479266519 ], [ -6.375236647622921, 53.871691602901443 ], [ -6.356151086012299, 53.85519116233381 ], [ -6.331179527301487, 53.850181748193272 ], [ -6.292173821570541, 53.852277866005998 ], [ -6.278007897986438, 53.847900946927716 ], [ -6.283476603382598, 53.834965254890804 ], [ -6.288571942895543, 53.818555810077768 ], [ -6.287363996299312, 53.805597812385152 ], [ -6.270716290791554, 53.802390680496259 ], [ -6.254376062435875, 53.801321581939249 ], [ -6.251674654103371, 53.794629193599313 ], [ -6.262985429880609, 53.788146982220063 ], [ -6.279852761797235, 53.766527939021792 ], [ -6.278710703033806, 53.726403375863306 ], [ -6.253273599613547, 53.675520761911386 ], [ -6.24499800121261, 53.65895350272659 ], [ -6.220114294143332, 53.623935265788027 ], [ -6.201997435310935, 53.610272243251259 ], [ -6.156444506853699, 53.575898382227813 ], [ -6.104480824134891, 53.583886228398285 ], [ -6.103009325309018, 53.572434741749255 ], [ -6.079026087683903, 53.550704180053678 ], [ -6.073403642813387, 53.535258975353031 ], [ -6.079289639015244, 53.515781715474795 ], [ -6.097892022885699, 53.504298405846065 ], [ -6.119020113602246, 53.511130288744958 ], [ -6.132636969816716, 53.508046774058897 ], [ -6.146069339021277, 53.499999999893774 ], [ -6.147681400832907, 53.499045555393927 ], [ -6.127080414575633, 53.497311340647848 ], [ -6.110396528521482, 53.499999999893774 ], [ -6.107270084108946, 53.500509822829635 ], [ -6.106995579619363, 53.499999999893774 ], [ -6.10373409326675, 53.494013507868999 ], [ -6.125543027018625, 53.466569755660501 ], [ -6.132241641921426, 53.458022801284017 ], [ -6.140038390665173, 53.453932801156043 ], [ -6.15075617504867, 53.462059808926277 ], [ -6.179329611536148, 53.467529536343029 ], [ -6.202763782689917, 53.465583656745892 ], [ -6.218752608072745, 53.458706621128179 ], [ -6.210275016293669, 53.449579343147477 ], [ -6.186181965014979, 53.44782994236801 ], [ -6.146802893400821, 53.451394434214116 ], [ -6.136787914963024, 53.434200551711442 ], [ -6.141048673762953, 53.420356173312804 ], [ -6.154467866478917, 53.408587522392615 ], [ -6.152952441832274, 53.388676048244541 ], [ -6.149548227554105, 53.3825769453031 ], [ -6.129364532102493, 53.373472763485644 ], [ -6.101823340724816, 53.374816774538779 ], [ -6.074457851731939, 53.378611398905235 ], [ -6.051968074944771, 53.372194595652807 ], [ -6.056997526624871, 53.354836692104207 ], [ -6.074260187335111, 53.345752922301124 ], [ -6.098550903010593, 53.354058912919463 ], [ -6.116472443845754, 53.364735653690502 ], [ -6.153479546291546, 53.375343826001277 ], [ -6.15839918431807, 53.371654328140089 ], [ -6.172938473785427, 53.356497664428396 ], [ -6.195647876981427, 53.340979538372601 ], [ -6.211724553107466, 53.337049664979496 ], [ -6.238848452781147, 53.34225864720063 ], [ -6.247326044560232, 53.313621125708416 ], [ -6.237882095504147, 53.290140050336106 ], [ -6.218137652870262, 53.273871241132262 ], [ -6.175376330786605, 53.268970891633266 ], [ -6.154336090813269, 53.258415392310887 ], [ -6.132153791178215, 53.25424002926961 ], [ -6.105864473115876, 53.254517518697469 ], [ -6.095168651642788, 53.243271144419204 ], [ -6.123610311566293, 53.225543155757173 ], [ -6.131692575450079, 53.213574907522215 ], [ -6.115769637900097, 53.199552575567708 ], [ -6.091406271874281, 53.166438100006985 ], [ -6.090051348321145, 53.164595746439247 ], [ -6.083418622149479, 53.135811991658279 ], [ -6.065650819890376, 53.125647610284148 ], [ -6.06142295559953, 52.999999999855014 ], [ -6.061258285424798, 52.995155448931811 ], [ -6.046828809611053, 52.982052584298316 ], [ -6.015466114047852, 52.976860274614999 ], [ -6.014873121755769, 52.963686083497713 ], [ -6.029544186888773, 52.955637586550033 ], [ -6.021439960992911, 52.930048625660895 ], [ -6.040701224089962, 52.921296211661662 ], [ -6.034749340055303, 52.902390196099368 ], [ -6.049530218841898, 52.892617960317281 ], [ -6.04403955053533, 52.874872137687298 ], [ -6.088491998752062, 52.850632758865736 ], [ -6.120711238836987, 52.824836298370691 ], [ -6.131846314026136, 52.78559776817071 ], [ -6.126977496390171, 52.748959263034706 ], [ -6.122094887817972, 52.712185852874626 ], [ -6.198371248224339, 52.630977714969028 ], [ -6.188356269786544, 52.603737604397971 ], [ -6.154577680132538, 52.554516451378568 ], [ -6.158552923792426, 52.535742071582156 ], [ -6.194935485113365, 52.500000000004945 ], [ -6.31690379006379, 52.381331623500195 ], [ -6.350989857768172, 52.330377735921722 ], [ -6.353208087462185, 52.304898446068933 ], [ -6.413583473228935, 52.319850019021622 ], [ -6.446527482169925, 52.308290377603562 ], [ -6.468160714435343, 52.34491187363902 ], [ -6.489486468650376, 52.315165826698752 ], [ -6.500000000392768, 52.316207474987394 ], [ -6.52065150071509, 52.318253490990308 ], [ -6.545469319951548, 52.33800150287226 ], [ -6.577754448767617, 52.369801308139472 ], [ -6.564598808281247, 52.336708985145627 ], [ -6.53782631068212, 52.310929832297965 ], [ -6.504069683040179, 52.301809845398189 ], [ -6.500000000392768, 52.300590604548937 ], [ -6.446307854862732, 52.284501756594096 ], [ -6.443408782133425, 52.244539151710768 ], [ -6.424059668293165, 52.228292762210501 ], [ -6.401635780237132, 52.220491314626734 ], [ -6.383538537915585, 52.193268023137954 ], [ -6.346816949711499, 52.19137579108375 ], [ -6.315058926253, 52.195438035130614 ], [ -6.358171651309482, 52.136439357020222 ], [ -6.380200211470218, 52.117489093503885 ], [ -6.401482040762786, 52.124275014251353 ], [ -6.389139018977395, 52.151514269191807 ], [ -6.396825954965901, 52.157910945976447 ], [ -6.430209216724618, 52.131828430222491 ], [ -6.451117680133998, 52.133723208640141 ], [ -6.462340606066332, 52.144533818521843 ], [ -6.482743928825136, 52.156652873398301 ], [ -6.500000000392768, 52.152509920361453 ], [ -6.504091645950552, 52.151527513492752 ], [ -6.509801940665979, 52.137048811900073 ], [ -6.547841289119915, 52.136942819988597 ], [ -6.588823635225596, 52.125706286261909 ], [ -6.616452677346473, 52.133087207861351 ], [ -6.632155987589297, 52.151659959600565 ], [ -6.658752783702004, 52.15757987779746 ], [ -6.658006052833864, 52.174553867634536 ], [ -6.704017851518011, 52.179213294013337 ], [ -6.795690045015088, 52.165789640245109 ], [ -6.799138185114066, 52.170185209560067 ], [ -6.781919449326272, 52.189351146196444 ], [ -6.791714801355199, 52.193029844296241 ], [ -6.841240627072802, 52.17644681867845 ], [ -6.852046262199474, 52.154917998879583 ], [ -6.911630992175645, 52.141619452773988 ], [ -6.929113279294754, 52.116574505464946 ], [ -6.935811894197554, 52.11624312835648 ], [ -6.91984503172509, 52.143619788289143 ], [ -6.935065163329414, 52.17636739586743 ], [ -6.959817094733034, 52.194974931394633 ], [ -6.978551254269138, 52.212410736376071 ], [ -6.997604101932075, 52.219199888069994 ], [ -6.997702704610912, 52.219235020525353 ], [ -6.993419983798908, 52.2674378595053 ], [ -6.986216227347245, 52.285188400984651 ], [ -6.97980312668615, 52.301413855166516 ], [ -6.980508905157109, 52.305045083595296 ] ] ], [ [ [ -4.492828284929773, 53.421501269974272 ], [ -4.487028522503659, 53.430239837715042 ], [ -4.458403175969163, 53.42425200786225 ], [ -4.44337651632422, 53.416868044482619 ], [ -4.439619851637543, 53.431661000426281 ], [ -4.414926920683495, 53.430121405155084 ], [ -4.411895226075497, 53.424278330008327 ], [ -4.401262327096503, 53.430226678498478 ], [ -4.382654753658643, 53.429989813509835 ], [ -4.373603608231909, 53.425383838378579 ], [ -4.352205996878983, 53.427923766509437 ], [ -4.312837907169173, 53.428410678618768 ], [ -4.292934175269109, 53.421317003588541 ], [ -4.283641372251153, 53.412721403854214 ], [ -4.279686988370468, 53.395972741051061 ], [ -4.302929979167155, 53.384803285584454 ], [ -4.280258177652299, 53.386910955395045 ], [ -4.275842448686094, 53.379718100106786 ], [ -4.258926472996815, 53.375936750928858 ], [ -4.249040512396782, 53.368531180498692 ], [ -4.246975445458721, 53.359872138368573 ], [ -4.237462954946466, 53.349062329338075 ], [ -4.22922465549444, 53.343722321847387 ], [ -4.24097796294022, 53.335651702810416 ], [ -4.225709647500686, 53.333567861961576 ], [ -4.21492296682651, 53.332156595417722 ], [ -4.208508076721361, 53.313040524524368 ], [ -4.186209745294282, 53.297664910158758 ], [ -4.193613230471317, 53.287618264018661 ], [ -4.196469174185507, 53.280685882939487 ], [ -4.175049594532328, 53.279325682922632 ], [ -4.149873350192434, 53.283670246466976 ], [ -4.127728799562241, 53.289532722939448 ], [ -4.110461322983761, 53.299024523638955 ], [ -4.086207767916646, 53.297955316800305 ], [ -4.069028166335899, 53.292859714627852 ], [ -4.043083013520167, 53.292292032364493 ], [ -4.041633072464474, 53.285281187721694 ], [ -4.057406671386722, 53.279246446697378 ], [ -4.086361549611828, 53.239398321230226 ], [ -4.105342592239133, 53.22582083219524 ], [ -4.124235760767075, 53.227222408997072 ], [ -4.171227023148201, 53.212239016093527 ], [ -4.186385495289755, 53.206471717436656 ], [ -4.19027397247299, 53.198494099284396 ], [ -4.188099061338618, 53.189681264268629 ], [ -4.194733638938057, 53.18583004006878 ], [ -4.212879868188703, 53.175346596520406 ], [ -4.250073045865826, 53.167442601988689 ], [ -4.262133917600241, 53.157457911453982 ], [ -4.283399715558265, 53.149881761696243 ], [ -4.313409096451004, 53.15010694663939 ], [ -4.317539231225459, 53.156239460715277 ], [ -4.335004426997955, 53.153564044390706 ], [ -4.342210192980928, 53.141761075461964 ], [ -4.353633968736097, 53.140078456459591 ], [ -4.400295700324909, 53.150239407371622 ], [ -4.39950482354877, 53.162450548464236 ], [ -4.380326060829089, 53.171825064071626 ], [ -4.375383080978221, 53.184122684894099 ], [ -4.38285247285266, 53.192566146623754 ], [ -4.391530149089913, 53.192711708705104 ], [ -4.413125479636901, 53.17326813315794 ], [ -4.44548552165944, 53.159749034670988 ], [ -4.465982412039923, 53.181329886915762 ], [ -4.478856128850786, 53.19547729767752 ], [ -4.498650017452836, 53.189919473297842 ], [ -4.500000000271902, 53.193390829643505 ], [ -4.505350500851437, 53.207146372716615 ], [ -4.500000000271902, 53.209877036803768 ], [ -4.491224563077232, 53.214355260248261 ], [ -4.499221205836333, 53.229774218271096 ], [ -4.500000000271902, 53.230296432313409 ], [ -4.523848230991273, 53.246284565387832 ], [ -4.547025315090511, 53.281174487530869 ], [ -4.530702496085047, 53.295328385531469 ], [ -4.516950027500331, 53.301981202081535 ], [ -4.517631060080141, 53.307260474365897 ], [ -4.533031188914611, 53.309042080152295 ], [ -4.538413544652374, 53.330732091810852 ], [ -4.549354007021742, 53.335401119890882 ], [ -4.54649806330755, 53.343313553063233 ], [ -4.543532275397003, 53.375515116288639 ], [ -4.535184131748701, 53.389874688552005 ], [ -4.540654362484233, 53.401832893100014 ], [ -4.545269982770837, 53.414315224498822 ], [ -4.545892160428177, 53.415997539820594 ], [ -4.545926874924017, 53.416091402598489 ], [ -4.542861061403231, 53.418017343068875 ], [ -4.53843992547734, 53.420794540514642 ], [ -4.538215825458357, 53.420935306839965 ], [ -4.500000000271902, 53.42141184246745 ], [ -4.492828284929773, 53.421501269974272 ] ] ], [ [ [ -4.462884810734485, 54.388775233157631 ], [ -4.387641671008382, 54.398256853139863 ], [ -4.367957626602607, 54.367156814509599 ], [ -4.392145274972319, 54.31851642772439 ], [ -4.382457034464599, 54.299091598068216 ], [ -4.352271903576433, 54.287263279520232 ], [ -4.335905147072098, 54.271073018429334 ], [ -4.352140091079866, 54.246643480183891 ], [ -4.378458713085044, 54.20906577466765 ], [ -4.405238680175777, 54.181316627723902 ], [ -4.400163886930009, 54.158184660903146 ], [ -4.436566188729308, 54.148819604939156 ], [ -4.461566683073719, 54.134933681348073 ], [ -4.48355745200873, 54.125324746803891 ], [ -4.486655052415845, 54.102598996161525 ], [ -4.500000000271902, 54.093663975475984 ], [ -4.534041754083373, 54.070862787205272 ], [ -4.566269983609319, 54.061278754972207 ], [ -4.612140837523703, 54.052051029970102 ], [ -4.669962718976183, 54.054016243279605 ], [ -4.707199835050473, 54.057202877254092 ], [ -4.752411624685295, 54.042263407963844 ], [ -4.79569016077692, 54.037003430537489 ], [ -4.757508386231309, 54.058557122517406 ], [ -4.737626622631562, 54.073941948747859 ], [ -4.721677273713877, 54.093327433236631 ], [ -4.730354949951131, 54.12475476763332 ], [ -4.704409797135398, 54.176286166392053 ], [ -4.640788152358446, 54.21183040077058 ], [ -4.589600848505405, 54.253819265733206 ], [ -4.567588111270111, 54.285190332232439 ], [ -4.559921000201619, 54.315244411140753 ], [ -4.513500926204019, 54.368158285881584 ], [ -4.500000000271902, 54.373658497798509 ], [ -4.462884810734485, 54.388775233157631 ] ] ], [ [ [ -1.51245301429437, 50.663557308567455 ], [ -1.500000000090646, 50.66500194609506 ], [ -1.458585516722576, 50.669805996765042 ], [ -1.387648261766329, 50.694593927947871 ], [ -1.350367208193196, 50.72322988680267 ], [ -1.315898161733689, 50.732299783125903 ], [ -1.259899690526393, 50.704515996787727 ], [ -1.168882952776338, 50.693323750691071 ], [ -1.125604416684677, 50.678078927339733 ], [ -1.111873916400271, 50.649640381968908 ], [ -1.082040286401303, 50.631413666784297 ], [ -1.173386556740275, 50.611761653686813 ], [ -1.204362564404571, 50.593891432657536 ], [ -1.210579734417406, 50.565282232581637 ], [ -1.293511954410581, 50.551030801483428 ], [ -1.49509766271816, 50.62651137471984 ], [ -1.500000000090646, 50.627795706541491 ], [ -1.549162878585664, 50.640673620183598 ], [ -1.51245301429437, 50.663557308567455 ] ] ], [ [ [ 0.734541915502001, 51.424012598748213 ], [ 0.738299050007554, 51.450150348263868 ], [ 0.806630574395551, 51.445624040245534 ], [ 0.931253213262659, 51.417482395703594 ], [ 0.937800736026247, 51.377886135814549 ], [ 0.850881278965769, 51.378927196623486 ], [ 0.778528960943094, 51.393986975134311 ], [ 0.734541915502001, 51.424012598748213 ] ] ], [ [ [ -2.195353159257964, 49.276049364106541 ], [ -2.160027329324878, 49.268473112333197 ], [ -2.122131148971024, 49.279822483288065 ], [ -2.044691129810257, 49.268371116134503 ], [ -2.024875272009591, 49.225980725344186 ], [ -2.04653650925401, 49.213393589727062 ], [ -2.089090074368658, 49.229816024401892 ], [ -2.124481810999158, 49.232105395418827 ], [ -2.16004929762516, 49.216529736116385 ], [ -2.174153267099056, 49.236698396570425 ], [ -2.220441528600081, 49.263868510530955 ], [ -2.195353159257964, 49.276049364106541 ] ] ], [ [ [ -2.660388716203981, 49.56365823455085 ], [ -2.609421099845285, 49.577835121861703 ], [ -2.579675344844014, 49.606191095691095 ], [ -2.524467751311172, 49.623190877276457 ], [ -2.503223921653429, 49.611863224831694 ], [ -2.520227772340404, 49.586348042737683 ], [ -2.524467751311172, 49.56081943372304 ], [ -2.537209654727107, 49.543797779972799 ], [ -2.588177271085839, 49.538117689600085 ], [ -2.664628694276451, 49.540957817494267 ], [ -2.660388716203981, 49.56365823455085 ] ] ], [ [ [ -10.411524711807541, 51.897381106109059 ], [ -10.385943030830504, 51.915027749980766 ], [ -10.346088308459924, 51.928376623415552 ], [ -10.314819369164614, 51.944642636360697 ], [ -10.297999139511592, 51.93686569505217 ], [ -10.276172365218201, 51.942142583316205 ], [ -10.272044162719922, 51.929587566436851 ], [ -10.33275948356658, 51.896037568861423 ], [ -10.390773906323803, 51.885893875200281 ], [ -10.411524711807541, 51.897381106109059 ] ] ], [ [ [ -4.594741548448658, 53.309187245122352 ], [ -4.577320289276664, 53.294470307765572 ], [ -4.565193511743106, 53.294694730108141 ], [ -4.559152092624069, 53.287340990924434 ], [ -4.566775266193699, 53.278837057092524 ], [ -4.556208273013812, 53.275482553549843 ], [ -4.546542000806411, 53.257067693212626 ], [ -4.53500838085494, 53.243575139769177 ], [ -4.553176578405861, 53.236265438390134 ], [ -4.573036373705359, 53.24254419066385 ], [ -4.571872027739749, 53.256235269908785 ], [ -4.585338902132689, 53.260146198314324 ], [ -4.589183441817089, 53.264149242213477 ], [ -4.578374791944297, 53.272101368761952 ], [ -4.606099417506333, 53.278916294080418 ], [ -4.630155253379442, 53.271203196331633 ], [ -4.643314564382052, 53.275337273450546 ], [ -4.641389523237183, 53.27783597767008 ], [ -4.633099072989698, 53.288595308844414 ], [ -4.634365322044517, 53.288785561419466 ], [ -4.643990591549108, 53.290231717031531 ], [ -4.646192477294823, 53.290562533773233 ], [ -4.652167990614735, 53.299684514116343 ], [ -4.636855737676338, 53.304937675382604 ], [ -4.633656588116274, 53.308192087861833 ], [ -4.627279441626075, 53.314678651998548 ], [ -4.627255372166388, 53.314703133574021 ], [ -4.625273511681474, 53.314309040252347 ], [ -4.614315748658076, 53.312130021181169 ], [ -4.594741548448658, 53.309187245122352 ] ] ], [ [ [ -9.747451232193074, 53.158080367524455 ], [ -9.721754905524527, 53.158080367524455 ], [ -9.703965141253351, 53.143774831468711 ], [ -9.636759364019843, 53.140197699003679 ], [ -9.618969598850351, 53.131849892789916 ], [ -9.626876161247715, 53.124693333262961 ], [ -9.626876161247715, 53.11872861856186 ], [ -9.6110630373513, 53.107990036358117 ], [ -9.626876161247715, 53.107990036358117 ], [ -9.646642565893657, 53.1163424999122 ], [ -9.676292174210044, 53.131849892789916 ], [ -9.696058578855984, 53.137812777902674 ], [ -9.715824983501927, 53.137812777902674 ], [ -9.74547459181831, 53.147351664595831 ], [ -9.747451232193074, 53.158080367524455 ] ] ], [ [ [ -9.915882965633349, 51.622381831624573 ], [ -9.913884362348206, 51.623403597088299 ], [ -9.898444603436698, 51.633447738321571 ], [ -9.871145002276615, 51.638468970714953 ], [ -9.863869866590772, 51.636673845261051 ], [ -9.851564839948637, 51.634964765884831 ], [ -9.848589337656634, 51.634878647823143 ], [ -9.821018497383033, 51.638265880173584 ], [ -9.818664098363307, 51.638747705803162 ], [ -9.798756033888637, 51.64205900847027 ], [ -9.789252566055096, 51.643585813374493 ], [ -9.786405984582778, 51.644149973911787 ], [ -9.77620037016697, 51.64636402665392 ], [ -9.790432181583917, 51.633447738321571 ], [ -9.817731782744, 51.623403597088299 ], [ -9.8450313848024, 51.623403597088299 ], [ -9.880654839165521, 51.611912372812569 ], [ -9.906746493729353, 51.616220268057191 ], [ -9.911314729681351, 51.618542781585589 ], [ -9.913452356239866, 51.619844148453687 ], [ -9.915882965633349, 51.622381831624573 ] ] ], [ [ [ -6.302913567966079, 55.262543533852529 ], [ -6.278369403412982, 55.265229094744669 ], [ -6.262370475576423, 55.265566099115951 ], [ -6.245739241577716, 55.265263853444985 ], [ -6.238958266434731, 55.264961604951417 ], [ -6.211548851621072, 55.255288434094652 ], [ -6.202412379717066, 55.240774243273954 ], [ -6.214345797580664, 55.2359209204566 ], [ -6.21523989796947, 55.235547831532017 ], [ -6.22525355947705, 55.231095158739855 ], [ -6.220685323525051, 55.245612898306362 ], [ -6.241412375756056, 55.252171937175 ], [ -6.262827079353892, 55.25382527771113 ], [ -6.275209633299982, 55.253347585809955 ], [ -6.280072389104392, 55.252869772176631 ], [ -6.302913567966079, 55.262543533852529 ] ] ], [ [ [ -8.566057128942759, 54.999481240011292 ], [ -8.56514455380182, 54.999999999764796 ], [ -8.550485594365593, 55.007424697631883 ], [ -8.513939707647928, 55.002498456567523 ], [ -8.513464090129167, 54.999999999764796 ], [ -8.512072880926768, 54.991797551147982 ], [ -8.513939707647928, 54.98300875175407 ], [ -8.557908978124459, 54.986871331943654 ], [ -8.566057128942759, 54.999481240011292 ] ] ], [ [ [ -2.206403465823608, 49.766275351939122 ], [ -2.201607896815945, 49.764592616353141 ], [ -2.198963731828274, 49.760828542565022 ], [ -2.197505882004837, 49.757201025736926 ], [ -2.197109344977148, 49.753168917450616 ], [ -2.197417567730922, 49.749274075276631 ], [ -2.197725789586354, 49.747693222294622 ], [ -2.219145370137868, 49.736234317840903 ], [ -2.253131103211572, 49.740856111776857 ], [ -2.240389198897322, 49.75498118519797 ], [ -2.206403465823608, 49.766275351939122 ] ] ], [ [ [ -3.180653834983159, 54.084929500347172 ], [ -3.177007014492838, 54.075574342452512 ], [ -3.177907735465288, 54.064000208799598 ], [ -3.178830424738011, 54.054640311756359 ], [ -3.164265111076875, 54.029842942984772 ], [ -3.144251534082193, 54.018814165145756 ], [ -3.133333040013117, 54.018814165145756 ], [ -3.134255730184146, 54.014401831938947 ], [ -3.14789835457255, 54.012195488499998 ], [ -3.163364390104434, 54.020462024978592 ], [ -3.178830424738011, 54.034253630844056 ], [ -3.187002818390885, 54.055742367297611 ], [ -3.193373770997163, 54.069508945020011 ], [ -3.194296460269896, 54.078878746550338 ], [ -3.189748918807097, 54.083828222811725 ], [ -3.180653834983159, 54.084929500347172 ] ] ], [ [ [ -9.698841908152517, 53.292379429370932 ], [ -9.694485392536571, 53.295652866717163 ], [ -9.690128657731696, 53.296120442066631 ], [ -9.676292174210044, 53.291367881482387 ], [ -9.66443233106315, 53.286614789585471 ], [ -9.668385611812678, 53.274729734631599 ], [ -9.672338892562202, 53.265219299242766 ], [ -9.674068453114696, 53.261652338383534 ], [ -9.674315532936964, 53.258085078026049 ], [ -9.69210529810646, 53.259274197671232 ], [ -9.69408193848122, 53.268785961692593 ], [ -9.69408193848122, 53.280672677244823 ], [ -9.694668561717949, 53.286002130326537 ], [ -9.698035219230745, 53.290179658588976 ], [ -9.698841908152517, 53.292379429370932 ] ] ], [ [ [ -10.038010205913734, 53.786153268825622 ], [ -10.036033939238127, 53.792094518337116 ], [ -10.030397844466863, 53.791830480647796 ], [ -10.025164468929043, 53.791648953468595 ], [ -10.019931094289539, 53.791566441288666 ], [ -10.014294999518272, 53.792094518337116 ], [ -10.002437395871386, 53.800410846319458 ], [ -9.999999999705929, 53.800829448094866 ], [ -9.988601373185473, 53.802786635955314 ], [ -9.976741530038581, 53.794470780804126 ], [ -9.966858327266452, 53.793282666477246 ], [ -9.96488168689169, 53.787341586570939 ], [ -9.996507934684523, 53.78258811375553 ], [ -9.999999999705929, 53.782888051248271 ], [ -10.038010205913734, 53.786153268825622 ] ] ], [ [ [ -7.534646115634948, 55.03505186578699 ], [ -7.534646115634948, 55.043656593482275 ], [ -7.521204960008601, 55.05083357363992 ], [ -7.499999999554868, 55.047353054825635 ], [ -7.4862403857704, 55.045094430727367 ], [ -7.48085953111745, 55.033613666452219 ], [ -7.484495890726306, 55.034415790827772 ], [ -7.498341818236515, 55.03325551207022 ], [ -7.499999999554868, 55.033039807725203 ], [ -7.503516663143709, 55.032582340426472 ], [ -7.515824105355624, 55.03074880627581 ], [ -7.534646115634948, 55.03505186578699 ] ] ], [ [ [ -10.583306470453131, 52.063277011985974 ], [ -10.565146550877555, 52.068764348112779 ], [ -10.535853879156161, 52.077998836382385 ], [ -10.510381990273146, 52.084923443082495 ], [ -10.502740423698073, 52.080307158774879 ], [ -10.512929179430943, 52.074920886928325 ], [ -10.533306689998366, 52.071073150433044 ], [ -10.546000913533975, 52.065397926448902 ], [ -10.555166841196138, 52.0621497625948 ], [ -10.562599362618075, 52.060297714310622 ], [ -10.583522762315665, 52.05713611406528 ], [ -10.588071250602773, 52.056448710682247 ], [ -10.585524062343293, 52.062606956046956 ], [ -10.583306470453131, 52.063277011985974 ] ] ], [ [ [ -9.545943714146148, 51.680061428654525 ], [ -9.521016081256118, 51.689378384262078 ], [ -9.50083238490619, 51.696550068016734 ], [ -9.499999999675717, 51.696103302101641 ], [ -9.490158526343484, 51.690820752038512 ], [ -9.492800635985775, 51.686990039172258 ], [ -9.497274432051954, 51.684362819654879 ], [ -9.499999999675717, 51.683207728709732 ], [ -9.505340443615621, 51.680944372067579 ], [ -9.506510834344787, 51.6804084671422 ], [ -9.5162721438177, 51.675759626907549 ], [ -9.538827808437677, 51.67290035664945 ], [ -9.545943714146148, 51.680061428654525 ] ] ], [ [ [ -9.90081657170675, 53.405401262157795 ], [ -9.859241233308959, 53.419526945820046 ], [ -9.856386086400407, 53.418302818778656 ], [ -9.856166459093222, 53.413577092959848 ], [ -9.862096381115828, 53.407652735596059 ], [ -9.877909505012244, 53.401727549109481 ], [ -9.891745988533897, 53.395801533446139 ], [ -9.90081657170675, 53.405401262157795 ] ] ], [ [ [ -9.933255439098858, 53.99122947152393 ], [ -9.92732551797457, 53.998323811300317 ], [ -9.905582472055551, 53.998323811300317 ], [ -9.895699269283423, 53.992411946087124 ], [ -9.887792707784373, 53.984133917801373 ], [ -9.889769348159133, 53.975854236341512 ], [ -9.899652550931261, 53.981768463149741 ], [ -9.907559112430313, 53.990046963754615 ], [ -9.919418955577205, 53.990046963754615 ], [ -9.933255439098858, 53.99122947152393 ] ] ], [ [ [ -9.701988499980272, 53.321062670714539 ], [ -9.690128657731696, 53.3258119112147 ], [ -9.672338892562202, 53.324624650613785 ], [ -9.66443233106315, 53.31868785075023 ], [ -9.670362252187438, 53.31156259572451 ], [ -9.688152016458618, 53.312750221494696 ], [ -9.701988499980272, 53.321062670714539 ] ] ], [ [ [ -9.575483507910628, 53.098442367140407 ], [ -9.561647024388973, 53.106796693961016 ], [ -9.560654751614342, 53.106367878051692 ], [ -9.556927246241804, 53.108143179161203 ], [ -9.555145195330628, 53.109565594554745 ], [ -9.551763822515161, 53.112763072145476 ], [ -9.553740462889921, 53.103216467671672 ], [ -9.557693743639449, 53.093667734196877 ], [ -9.567576946411577, 53.088892568273351 ], [ -9.575483507910628, 53.098442367140407 ] ] ], [ [ [ -10.1032270250733, 53.677874769818452 ], [ -10.083464352927363, 53.686213834942649 ], [ -10.077438933701851, 53.683948288402433 ], [ -10.075444000932958, 53.683102101638561 ], [ -10.07141351447634, 53.680540936558486 ], [ -10.071606749280477, 53.680257529212781 ], [ -10.077535551103921, 53.671917279077903 ], [ -10.1032270250733, 53.677874769818452 ] ] ], [ [ [ -5.304007308984888, 51.900884651235913 ], [ -5.289028766699841, 51.913487238758002 ], [ -5.289028766699841, 51.893692867247807 ], [ -5.304007308984888, 51.888291683109401 ], [ -5.304007308984888, 51.900884651235913 ] ] ], [ [ [ -5.223118787704083, 51.751239553091629 ], [ -5.244093138946276, 51.740402144469094 ], [ -5.253075872274223, 51.751239553091629 ], [ -5.238097329989167, 51.754847037158029 ], [ -5.223118787704083, 51.751239553091629 ] ] ], [ [ [ -9.497208544219125, 51.46589680603995 ], [ -9.496286111864572, 51.4697635213087 ], [ -9.485216925406576, 51.473629907749498 ], [ -9.471380441884923, 51.480809466019124 ], [ -9.461233686883162, 51.481913912274443 ], [ -9.464923416301369, 51.476391411009963 ], [ -9.471380441884923, 51.470868237000012 ], [ -9.497208544219125, 51.46589680603995 ] ] ], [ [ [ -9.44186261013251, 51.489092159839473 ], [ -9.440940177777957, 51.494061050019546 ], [ -9.425672741789088, 51.500000000093614 ], [ -9.422491533381859, 51.501251096966229 ], [ -9.417764068350804, 51.5015301469695 ], [ -9.417445390105446, 51.501546890397265 ], [ -9.412344778380099, 51.501809195815845 ], [ -9.412643800588723, 51.500000000093614 ], [ -9.41326721073465, 51.496269270974402 ], [ -9.418801804861964, 51.492404813594597 ], [ -9.44186261013251, 51.489092159839473 ] ] ], [ [ [ -10.144728636939091, 54.132110875182221 ], [ -10.144728636939091, 54.153575252884359 ], [ -10.141288394828109, 54.153045402820091 ], [ -10.140009749920686, 54.153074809731848 ], [ -10.136970030662281, 54.153310328967557 ], [ -10.134847300866124, 54.153575252884359 ], [ -10.136823567541729, 54.138074323185315 ], [ -10.144728636939091, 54.132110875182221 ] ] ], [ [ [ -6.199447419154922, 53.336166052674763 ], [ -6.192638990598539, 53.338210202521239 ], [ -6.186519312048571, 53.340272451899196 ], [ -6.18551979076793, 53.340628897947731 ], [ -6.181306251910892, 53.342298206885602 ], [ -6.177106329716969, 53.344466403358808 ], [ -6.176828282271903, 53.344615138855666 ], [ -6.171686601368386, 53.347414250837254 ], [ -6.167140328326788, 53.352529677989523 ], [ -6.163187047577271, 53.351158592778134 ], [ -6.167140328326788, 53.346056185691417 ], [ -6.175639882117939, 53.339568518235112 ], [ -6.188114680467277, 53.335480251470628 ], [ -6.196043204876717, 53.334807627533756 ], [ -6.199447419154922, 53.336166052674763 ] ] ], [ [ [ -10.032081404988606, 53.700505516263611 ], [ -10.024176335591243, 53.710030595293162 ], [ -10.016271267092193, 53.702886988707235 ], [ -10.018247533767797, 53.69693305266199 ], [ -10.032081404988606, 53.700505516263611 ] ] ], [ [ [ -9.891745988533897, 53.349550148630811 ], [ -9.87593286463748, 53.343616833887346 ], [ -9.87593286463748, 53.336495760765395 ], [ -9.889769348159133, 53.34124327524566 ], [ -9.891745988533897, 53.349550148630811 ] ] ], [ [ [ -10.255641144820828, 51.745252868555632 ], [ -10.250898103901063, 51.749548032008526 ], [ -10.243783542072258, 51.746680229939969 ], [ -10.240226260259538, 51.740243528968868 ], [ -10.249712342997384, 51.738088944882797 ], [ -10.255641144820828, 51.745252868555632 ] ] ], [ [ [ -9.526067495846615, 53.072175295545691 ], [ -9.520137573824012, 53.081728821816853 ], [ -9.51223101232496, 53.085310845077302 ], [ -9.514207652699726, 53.075758117591072 ], [ -9.515666193327633, 53.073684761640763 ], [ -9.521757321621234, 53.071611305909315 ], [ -9.526067495846615, 53.072175295545691 ] ] ], [ [ [ -8.440496532138058, 55.021416119438612 ], [ -8.433095111289564, 55.035507869433907 ], [ -8.428878278310407, 55.027614763779198 ], [ -8.432040903269353, 55.022538964278411 ], [ -8.440496532138058, 55.021416119438612 ] ] ], [ [ [ -9.477837467468474, 51.49737334084702 ], [ -9.476081771331099, 51.500000000093614 ], [ -9.474147738948577, 51.50292537346494 ], [ -9.467790203579376, 51.506771589593185 ], [ -9.464231592260036, 51.505994719041276 ], [ -9.463651777354848, 51.505890285160682 ], [ -9.459388823072373, 51.50515764519961 ], [ -9.466602124123948, 51.500000000093614 ], [ -9.469535577175819, 51.497925366263097 ], [ -9.477837467468474, 51.49737334084702 ] ] ], [ [ [ -9.485216925406576, 51.510179856388184 ], [ -9.485216925406576, 51.51520151056377 ], [ -9.482788073117788, 51.519119076947533 ], [ -9.478520726073574, 51.520556265520547 ], [ -9.477999991567991, 51.520773566998649 ], [ -9.474147738948577, 51.522454028771271 ], [ -9.471380441884923, 51.517991077943194 ], [ -9.485216925406576, 51.510179856388184 ] ] ], [ [ [ -6.643927979992969, 52.087921117910639 ], [ -6.629498504179223, 52.098955061230662 ], [ -6.627983079532579, 52.094817653832344 ], [ -6.631035891736239, 52.091608245427018 ], [ -6.643181249124837, 52.084711210326113 ], [ -6.643927979992969, 52.087921117910639 ] ] ], [ [ [ -10.12891849904268, 54.091536547954661 ], [ -10.122989697219236, 54.097505863005345 ], [ -10.111132093572346, 54.092730480105452 ], [ -10.113982968991724, 54.091467431714008 ], [ -10.121395069012307, 54.090204477243162 ], [ -10.12891849904268, 54.091536547954661 ] ] ], [ [ [ -8.270483486218298, 55.235039206193818 ], [ -8.264136274288349, 55.238959594956235 ], [ -8.253572228480907, 55.230548312906464 ], [ -8.262027857349622, 55.230548312906464 ], [ -8.270483486218298, 55.235039206193818 ] ] ], [ [ [ -10.581615444931376, 52.111094534551256 ], [ -10.575335306610423, 52.112611072134662 ], [ -10.568967334614248, 52.108766600736743 ], [ -10.571514523772045, 52.104152795595908 ], [ -10.580429684027701, 52.106459758416108 ], [ -10.581703278606598, 52.111073323666673 ], [ -10.581615444931376, 52.111094534551256 ] ] ], [ [ [ -9.668385611812678, 53.334121804382441 ], [ -9.658502409040549, 53.340056446679007 ], [ -9.659055868273617, 53.338366345273634 ], [ -9.65838337148562, 53.334175219972614 ], [ -9.657790818469701, 53.332023116108502 ], [ -9.656525768665785, 53.328186332295338 ], [ -9.668385611812678, 53.334121804382441 ] ] ], [ [ [ -8.451060577047164, 55.040570328664856 ], [ -8.444713365117213, 55.043387723744509 ], [ -8.439442324117847, 55.038325622133939 ], [ -8.446843744068016, 55.037752734543105 ], [ -8.451060577047164, 55.040570328664856 ] ] ], [ [ [ -8.381351055877948, 55.084492023925002 ], [ -8.376080013980284, 55.087878491562407 ], [ -8.375025805960073, 55.085064240529583 ], [ -8.376080013980284, 55.080556353126816 ], [ -8.381351055877948, 55.084492023925002 ] ] ], [ [ [ -10.233111698430731, 51.745966555193043 ], [ -10.228719994008477, 51.747076711137389 ], [ -10.222857067441447, 51.743600773819963 ], [ -10.229554417516329, 51.742384792951107 ], [ -10.233111698430731, 51.745966555193043 ] ] ] ] } },
{ "type": "Feature", "properties": { "OBJECTID": null, "YEAR": null, "OWNER_ID": null, "SHORT_NAME": null, "LONG_NAME": "Isles of Scilly", "VARIANTS": null, "SHAPE_LENG": null, "Shape__Are": null, "Shape__Len": null }, "geometry": { "type": "MultiPolygon", "coordinates": [ [ [ [ -6.364567443932216, 49.963646000381168 ], [ -6.324989893938183, 49.979106870784271 ], [ -6.28494528200763, 49.97876619273903 ], [ -6.236037144168586, 49.954158545455286 ], [ -6.254532852560428, 49.924178088394711 ], [ -6.297139025661349, 49.897729840031083 ], [ -6.388447619247609, 49.860024953908102 ], [ -6.44463589880909, 49.866167397100781 ], [ -6.449054555295239, 49.869629227862639 ], [ -6.456467351721066, 49.897320446589575 ], [ -6.381828901885871, 49.957893774188399 ], [ -6.364567443932216, 49.963646000381168 ] ] ] ] } }
]
}
