{
"type": "FeatureCollection",
"name": "FranceReal",
"crs": { "type": "name", "properties": { "name": "urn:ogc:def:crs:OGC:1.3:CRS84" } },
"features": [
{ "type": "Feature", "properties": { "OBJECTID": 35.0, "YEAR": 1700.0, "OWNER_ID": 1225.0, "SHORT_NAME": "France", "LONG_NAME": "Kingdom of France", "VARIANTS": null, "SHAPE_LENG": 12135210.000000002, "Shape__Are": 1095935247380.6597, "Shape__Len": 12153660.608270822 }, "geometry": { "type": "MultiPolygon", "coordinates": [ [ [ [ 1.444025275847849, 42.581061746729731 ], [ 1.415308458359576, 42.658151007960271 ], [ 1.392370159039271, 42.687284815380487 ], [ 1.356798217667794, 42.701241570072689 ], [ 1.355831469623655, 42.705758686738854 ], [ 1.350162809126699, 42.69907968992581 ], [ 1.301320050673033, 42.683153655249122 ], [ 1.250104364548609, 42.690463683533082 ], [ 1.201459350441814, 42.687107310267614 ], [ 1.155802467143269, 42.68730095206309 ], [ 1.146816102824951, 42.715453236918776 ], [ 1.128953230960986, 42.743399198816249 ], [ 1.100456129713092, 42.772283243929635 ], [ 1.068333721727598, 42.785785749894444 ], [ 1.008768846315873, 42.791263247280817 ], [ 1.000000000060433, 42.78810068383531 ], [ 0.950566206743697, 42.770268893041134 ], [ 0.944809660469245, 42.791907627263271 ], [ 0.904865380556398, 42.79268087326394 ], [ 0.859669899835583, 42.80410123353208 ], [ 0.775430971565443, 42.83295676856465 ], [ 0.70962617630633, 42.851515687296953 ], [ 0.662233540368076, 42.836337389127245 ], [ 0.664430694687182, 42.807338494586411 ], [ 0.668671204562301, 42.747897103977458 ], [ 0.704616662733973, 42.700241306662747 ], [ 0.688291800061215, 42.665932129903702 ], [ 0.667968114748989, 42.664705295855114 ], [ 0.644502498068693, 42.663769011811887 ], [ 0.594583133899852, 42.675423124795032 ], [ 0.541455922682355, 42.68060381701941 ], [ 0.500000000030215, 42.681207357914062 ], [ 0.494898206121959, 42.681281632110277 ], [ 0.434542354221061, 42.675745921700816 ], [ 0.400881937942689, 42.69133501939875 ], [ 0.373109897503315, 42.69985410373679 ], [ 0.356741091941807, 42.725130135104735 ], [ 0.335824174487307, 42.718840324566528 ], [ 0.308733251967739, 42.703435639325221 ], [ 0.295550321561382, 42.680587678584558 ], [ 0.262592994197992, 42.689834377419253 ], [ 0.223263918320963, 42.70919470019161 ], [ 0.187120715802424, 42.731274176346908 ], [ 0.142101007534935, 42.744366518157108 ], [ 0.125534457626559, 42.738771978763054 ], [ 0.12674289290635, 42.700789840198652 ], [ 0.091808126565898, 42.691238204910611 ], [ 0.047733195347339, 42.687413909385882 ], [ 0.01659950729952, 42.657553661116559 ], [ 0.0, 42.65880198956026 ], [ -0.037709444860786, 42.661638104703705 ], [ -0.077780536349021, 42.695433362403982 ], [ -0.105724849405365, 42.723517424197119 ], [ -0.124112735348887, 42.740980834946768 ], [ -0.13397672585204, 42.754635285846639 ], [ -0.149860168970603, 42.772782793098386 ], [ -0.152935800179095, 42.787477381724678 ], [ -0.168841211597909, 42.783852398414403 ], [ -0.190502448842337, 42.792052611298772 ], [ -0.23503320589731, 42.77992106400437 ], [ -0.272841510355138, 42.795016662675117 ], [ -0.274313419711084, 42.795209965306121 ], [ -0.313198196035122, 42.796563067356566 ], [ -0.402215773544532, 42.803167066183136 ], [ -0.42820486385913, 42.776086158815041 ], [ -0.469572113809547, 42.786430186652751 ], [ -0.488684969831784, 42.795902628624653 ], [ -0.497055082678673, 42.811912245231248 ], [ -0.500000000030215, 42.81210144439472 ], [ -0.522121482822244, 42.813522639746409 ], [ -0.532029411722561, 42.794613947017268 ], [ -0.557930627039426, 42.791376014662461 ], [ -0.578493423219027, 42.80208792461368 ], [ -0.597386591746964, 42.823248524172236 ], [ -0.658393948604284, 42.866432792210297 ], [ -0.682383878678237, 42.868991025266432 ], [ -0.713403823841404, 42.902511698667553 ], [ -0.70835099979422, 42.937219381028648 ], [ -0.707669967214405, 42.941863797182776 ], [ -0.715359047481479, 42.962847656865087 ], [ -0.73073720711733, 42.979777308926984 ], [ -0.788097743484294, 42.970076260680557 ], [ -0.850884573986255, 42.959200902764202 ], [ -0.90752014027454, 42.959747126398305 ], [ -0.934190263168916, 42.962205072313004 ], [ -0.943966378674367, 42.963907905145717 ], [ -0.962793640504823, 42.968437852221165 ], [ -0.999108066408092, 42.997617430040556 ], [ -1.000000000060433, 42.997931780202499 ], [ -1.005868453063072, 43.00000000005209 ], [ -1.025712283503352, 43.007050594619791 ], [ -1.059654079078196, 43.002227273461699 ], [ -1.097660102730036, 43.012828367205586 ], [ -1.112313292287211, 43.026954899496928 ], [ -1.116091926172423, 43.031290909922163 ], [ -1.116882802948588, 43.029203839019452 ], [ -1.150604911029098, 43.014851267346288 ], [ -1.183711892328941, 43.023654146944565 ], [ -1.217390062910616, 43.031679194450163 ], [ -1.22762752350155, 43.042048708336523 ], [ -1.273322627420462, 43.051397552578294 ], [ -1.31044989929844, 43.062863293092306 ], [ -1.341140312770996, 43.070737662979084 ], [ -1.333714858395419, 43.093918290256369 ], [ -1.336307176218143, 43.111968488726426 ], [ -1.354387498771331, 43.1111444689219 ], [ -1.366711995498942, 43.105990055363847 ], [ -1.37176481954613, 43.094904160683676 ], [ -1.36231823573129, 43.083331303491356 ], [ -1.362340204031581, 43.065741517448352 ], [ -1.375455578433646, 43.038570830808908 ], [ -1.414691854748556, 43.037309040760775 ], [ -1.445184549027051, 43.055408381509295 ], [ -1.470141105872609, 43.079823452524785 ], [ -1.478027904435437, 43.099800949128429 ], [ -1.476621901776902, 43.111128311946288 ], [ -1.443778545470228, 43.12729967414402 ], [ -1.427675415755694, 43.136667724280642 ], [ -1.425983818007114, 43.197815240002306 ], [ -1.427455727363062, 43.216431349955243 ], [ -1.436309153595789, 43.247955982023662 ], [ -1.408013339650246, 43.289163155719493 ], [ -1.433563054077874, 43.324948841628739 ], [ -1.444437609749791, 43.326317359677617 ], [ -1.453444817677665, 43.32984316296136 ], [ -1.46381409166349, 43.331678431313534 ], [ -1.490989497142292, 43.333948290812145 ], [ -1.496305946182641, 43.342463527631409 ], [ -1.497931637233798, 43.346294186954296 ], [ -1.498964170702815, 43.346728741819469 ], [ -1.500000000090646, 43.346877309304212 ], [ -1.510409915656564, 43.348370366787876 ], [ -1.532905967175983, 43.352120184999364 ], [ -1.545867558984542, 43.348660061055817 ], [ -1.552633949080592, 43.330825199258157 ], [ -1.555665643688545, 43.321213434167696 ], [ -1.558982932488282, 43.312034942983061 ], [ -1.561004061927482, 43.308717460275432 ], [ -1.568978736386338, 43.297056511990839 ], [ -1.582203954086391, 43.288293212572775 ], [ -1.608610451089309, 43.288454314271057 ], [ -1.629898218245923, 43.289582012813995 ], [ -1.644068094417296, 43.301131657605474 ], [ -1.64595741135992, 43.302742311440852 ], [ -1.646001348858781, 43.323370982607607 ], [ -1.645869536362188, 43.333578036014202 ], [ -1.652833645652282, 43.342383048904495 ], [ -1.682535463154647, 43.348547401865844 ], [ -1.725770061747437, 43.336990734696656 ], [ -1.72798891038068, 43.340435432657074 ], [ -1.734887112973298, 43.352860465236382 ], [ -1.737556122666755, 43.355028584222225 ], [ -1.752484122140693, 43.36653791414912 ], [ -1.790575091384133, 43.37471704705893 ], [ -1.782449565534561, 43.378169346867629 ], [ -1.78325224886847, 43.37993398142369 ], [ -1.791566616760448, 43.398209393746562 ], [ -1.791501893144209, 43.398227629257967 ], [ -1.756350631023673, 43.408130445596065 ], [ -1.714202595971023, 43.410987001414071 ], [ -1.701165492677979, 43.411870555295472 ], [ -1.633193538745378, 43.433930380823426 ], [ -1.597368667722513, 43.451399631140269 ], [ -1.58534549199233, 43.457261343021202 ], [ -1.546098213111847, 43.49994909372392 ], [ -1.546051393817554, 43.499999999890157 ], [ -1.515462739703743, 43.533527391383437 ], [ -1.503577618863063, 43.555672330935494 ], [ -1.500000000090646, 43.560585130595186 ], [ -1.439943562962172, 43.642994623358696 ], [ -1.43846209642988, 43.645026056466548 ], [ -1.432706270604294, 43.712570644422946 ], [ -1.392173834928881, 43.864278053965492 ], [ -1.36745893477621, 43.997348078361519 ], [ -1.36679605086005, 44.000000000164377 ], [ -1.335032986056212, 44.128011377756408 ], [ -1.306539452916626, 44.315114834780061 ], [ -1.279188296544062, 44.431933246031171 ], [ -1.27242190644802, 44.476253731457831 ], [ -1.268803165496832, 44.500000000095532 ], [ -1.268159959176962, 44.504256311307564 ], [ -1.263370761021276, 44.533939791456149 ], [ -1.228264618582524, 44.602926546272585 ], [ -1.199375647054869, 44.653845555881318 ], [ -1.177450784817272, 44.662273868684125 ], [ -1.160095432342763, 44.654701360617373 ], [ -1.131052679119926, 44.638051259299651 ], [ -1.096913164351074, 44.643284205649401 ], [ -1.067387096844138, 44.638341991150227 ], [ -1.020637490257593, 44.668053492867415 ], [ -1.057610980440381, 44.700524832711736 ], [ -1.06002754916601, 44.723382567596673 ], [ -1.142784018265459, 44.780430748586326 ], [ -1.167081510831446, 44.760803158403974 ], [ -1.221542165985353, 44.723511590261701 ], [ -1.235162822073475, 44.698975920448596 ], [ -1.244213967500174, 44.662725927049415 ], [ -1.263085166829527, 44.645706704979425 ], [ -1.25851565616815, 44.688971525861703 ], [ -1.233581068521179, 44.834605397735828 ], [ -1.212622833055176, 44.998443124143641 ], [ -1.212364314984415, 45.000000000297035 ], [ -1.187559068568692, 45.13610282105553 ], [ -1.164364189741982, 45.265504248094089 ], [ -1.159646609772323, 45.303990512472062 ], [ -1.156250233294962, 45.342431139032207 ], [ -1.155361375474145, 45.380238359574939 ], [ -1.158074302903573, 45.434883539377402 ], [ -1.124282802662276, 45.500000000291124 ], [ -1.123209817157708, 45.502084964328958 ], [ -1.091728526908986, 45.525872067946949 ], [ -1.064904622319392, 45.523501130838852 ], [ -1.084874261815248, 45.506184387336944 ], [ -1.080886759744966, 45.500000000291124 ], [ -1.076548086467184, 45.493330083137195 ], [ -1.048669679209966, 45.48485367205506 ], [ -1.000000000060433, 45.461305501543684 ], [ -0.93410238817122, 45.429406043777952 ], [ -0.852949640924316, 45.394072787312965 ], [ -0.7449949582864, 45.290299228938231 ], [ -0.725091225488032, 45.23563611766302 ], [ -0.706879090438274, 45.131935517662669 ], [ -0.692994808458654, 45.080847248959159 ], [ -0.676078832769409, 45.053384374916632 ], [ -0.658328042805132, 45.034907463682195 ], [ -0.633635111851077, 45.016629455441311 ], [ -0.616262850387971, 45.000000000297035 ], [ -0.612852626380515, 44.996420727304859 ], [ -0.581810712018767, 44.981073850425993 ], [ -0.571463407231517, 44.968035388019729 ], [ -0.561599416728364, 44.949917891846546 ], [ -0.556722342676614, 44.891173142283428 ], [ -0.547715134748743, 44.93844692567793 ], [ -0.556810218572645, 44.969304039706941 ], [ -0.569200621099407, 44.986259502825867 ], [ -0.593454176166528, 44.995730527800518 ], [ -0.596938952257732, 45.000000000297035 ], [ -0.617729700432264, 45.023230118627026 ], [ -0.601384913126518, 45.023288657162716 ], [ -0.545737942808416, 45.010262236246071 ], [ -0.512634862891834, 45.000000000297035 ], [ -0.510368175376463, 44.999229592467742 ], [ -0.500000000030215, 44.992989827571407 ], [ -0.455665863529675, 44.966300983738705 ], [ -0.48862910360426, 45.000000000297035 ], [ -0.491848476936341, 45.003001273273171 ], [ -0.500000000030215, 45.004697727754092 ], [ -0.512740805704889, 45.007349178976135 ], [ -0.540707087959815, 45.016439180950599 ], [ -0.583678060661108, 45.027620379173172 ], [ -0.613116252272013, 45.03853602481469 ], [ -0.63550245959509, 45.06724908332793 ], [ -0.655559974088641, 45.115953462121951 ], [ -0.662655895875303, 45.235315357156033 ], [ -0.692661299926287, 45.329698331083961 ], [ -0.694181123622851, 45.334474780556398 ], [ -0.73159399059091, 45.390147111849046 ], [ -0.784297141298789, 45.448320751883948 ], [ -0.807100755310216, 45.465196230833676 ], [ -0.849390695431694, 45.495536061775631 ], [ -0.862586261540858, 45.500000000291124 ], [ -0.932828197110955, 45.523969472121209 ], [ -0.967780557854561, 45.529413650661894 ], [ -0.99229773881318, 45.545260215707508 ], [ -1.000000000060433, 45.550721739660951 ], [ -1.07498830121518, 45.603866574876271 ], [ -1.106381716466161, 45.6227455239043 ], [ -1.186436023546565, 45.642406727193119 ], [ -1.197640111807391, 45.640347446674902 ], [ -1.203505780930991, 45.63281070709025 ], [ -1.214819713388173, 45.671301638937443 ], [ -1.229341089550412, 45.700954775336804 ], [ -1.222113354368851, 45.716023359709837 ], [ -1.206976851425911, 45.722863410274947 ], [ -1.190302532429554, 45.723884240965376 ], [ -1.170069267940537, 45.730533764402793 ], [ -1.163478627839951, 45.738961182499693 ], [ -1.150648848527968, 45.739398556492098 ], [ -1.126395293460843, 45.722294653513288 ], [ -1.098802480395365, 45.700896418476347 ], [ -1.071165730729386, 45.681153722178642 ], [ -1.054777005924778, 45.672454787446988 ], [ -1.061082050935309, 45.681328854790245 ], [ -1.101065267425812, 45.705871113266411 ], [ -1.120573561836113, 45.728608984523319 ], [ -1.137203943333608, 45.739894243602961 ], [ -1.142981737459476, 45.749544671867298 ], [ -1.152076820385073, 45.761802085072368 ], [ -1.168641295185127, 45.772905748135798 ], [ -1.17602281206187, 45.780204976251625 ], [ -1.154317638216904, 45.789527940218498 ], [ -1.09836310450847, 45.79334407556226 ], [ -1.068749162003801, 45.816628454747402 ], [ -1.057786731334151, 45.844181352023774 ], [ -1.06958397717709, 45.928399515048838 ], [ -1.121276562716214, 45.991841621509266 ], [ -1.120046310053144, 45.996775684010544 ], [ -1.096605600960737, 45.993786275619676 ], [ -1.077646526633687, 45.995861464689163 ], [ -1.072952638831305, 46.000000000240469 ], [ -1.067804504430778, 46.004580149114368 ], [ -1.071802825810333, 46.029831470242193 ], [ -1.086829484556989, 46.035319352022476 ], [ -1.117344148034108, 46.081571362699883 ], [ -1.128350516202584, 46.083910718955259 ], [ -1.138522070994401, 46.087478044733182 ], [ -1.131557961704307, 46.094305025740951 ], [ -1.146672495448695, 46.113363440627602 ], [ -1.161303716705578, 46.138769215278586 ], [ -1.177890160704211, 46.14325308094989 ], [ -1.174572871904465, 46.154950297781212 ], [ -1.200342273826436, 46.153314881942002 ], [ -1.21416064910861, 46.15600161008161 ], [ -1.239424769344489, 46.160703066508802 ], [ -1.240479271113788, 46.174177361306199 ], [ -1.231757657377699, 46.192171967172889 ], [ -1.223848889616293, 46.203800363406131 ], [ -1.194388728806806, 46.218532915328403 ], [ -1.157678864515503, 46.238043776413384 ], [ -1.158074302903573, 46.263755948136684 ], [ -1.163632409535142, 46.271012630981417 ], [ -1.170135173739681, 46.279492107110876 ], [ -1.191884285981814, 46.285421128174171 ], [ -1.219674818241309, 46.286834092016917 ], [ -1.245158625971486, 46.275660480314919 ], [ -1.256999809313304, 46.255230297192902 ], [ -1.257724779392011, 46.243569126827765 ], [ -1.286987221007454, 46.266859828892528 ], [ -1.38176062344415, 46.303029571750848 ], [ -1.428861730919929, 46.31071782420149 ], [ -1.481389130734009, 46.304427517004676 ], [ -1.496811228767022, 46.328478189781592 ], [ -1.500000000090646, 46.33117825820819 ], [ -1.519329248586696, 46.347542287100005 ], [ -1.559993497657044, 46.354205866528375 ], [ -1.61003842384472, 46.358366551575081 ], [ -1.681854430574838, 46.372708287811385 ], [ -1.668233774486716, 46.385941213132845 ], [ -1.703164166031697, 46.382960451255393 ], [ -1.791478741762716, 46.424865097782572 ], [ -1.855693544121756, 46.468668242040373 ], [ -1.857473016868068, 46.486725261231435 ], [ -1.865824657657806, 46.499999999857828 ], [ -1.869907357791991, 46.506548491744375 ], [ -1.8816167277389, 46.51300541780347 ], [ -1.880717985755029, 46.499999999857828 ], [ -1.879639535798544, 46.484533774521111 ], [ -1.893040503494069, 46.495519342490049 ], [ -1.894752678950854, 46.499999999857828 ], [ -1.921512068333373, 46.570629640822112 ], [ -1.975072002514803, 46.706295946221857 ], [ -1.981442955121108, 46.727940460410849 ], [ -2.000000000120858, 46.751083142016959 ], [ -2.025644180485465, 46.783047812724448 ], [ -2.093725490829161, 46.82111320895487 ], [ -2.141683380880187, 46.855398356960229 ], [ -2.148581584371137, 46.870685691796865 ], [ -2.158072105684804, 46.924323951835085 ], [ -2.136696463530458, 46.931718596805673 ], [ -2.143550729522528, 46.945212264500327 ], [ -2.093725490829161, 46.963435628068247 ], [ -2.060201102841002, 46.966121412836372 ], [ -2.051040113217947, 46.994582386879586 ], [ -2.047415302350374, 47.000000000202057 ], [ -2.039682243261939, 47.011665245551256 ], [ -2.013715122145924, 47.017024014876263 ], [ -2.007684606777823, 47.018324486389098 ], [ -2.000000000120858, 47.019981614738114 ], [ -1.992669011682225, 47.021562439484519 ], [ -1.9902963813538, 47.035804716212418 ], [ -2.000000000120858, 47.044624882794999 ], [ -2.006267698571767, 47.050321167857959 ], [ -2.038012614711947, 47.076899967374516 ], [ -2.053412743546372, 47.096141889505333 ], [ -2.09928359746073, 47.103772386377223 ], [ -2.217805273278495, 47.124027331212183 ], [ -2.209215472038973, 47.138519614250256 ], [ -2.18805951827725, 47.147808946736788 ], [ -2.152975344138754, 47.151576795715073 ], [ -2.150207275422259, 47.194931512713538 ], [ -2.186675483919007, 47.219600056142795 ], [ -2.186148232136047, 47.245437852884088 ], [ -2.11178384418377, 47.277178233659583 ], [ -2.043263157953143, 47.284418419380039 ], [ -2.000000000120858, 47.280960452416892 ], [ -1.997699866530789, 47.280776599760294 ], [ -1.870456577875242, 47.21325531821995 ], [ -1.776496020514931, 47.186015320926266 ], [ -1.796377784114713, 47.20012584949626 ], [ -1.882429573713618, 47.23644272234403 ], [ -1.948072347929771, 47.270388742850749 ], [ -1.9789165430975, 47.299521996488991 ], [ -1.998293024112902, 47.301284040357139 ], [ -2.000000000120858, 47.302929387022573 ], [ -2.009321361480002, 47.311913299828355 ], [ -2.03293782146618, 47.304429360443834 ], [ -2.047283447632981, 47.305725294134156 ], [ -2.093703522528915, 47.310996065191148 ], [ -2.12927100915488, 47.302303377866878 ], [ -2.16055458020955, 47.302186882925412 ], [ -2.176635741623793, 47.2859042095508 ], [ -2.217080302301509, 47.274978301467677 ], [ -2.235512125743904, 47.260115422527214 ], [ -2.27042054898864, 47.247711905491492 ], [ -2.30249499681943, 47.238717162864297 ], [ -2.325737986717829, 47.249373650880251 ], [ -2.366006797400072, 47.275371673728642 ], [ -2.419237198992584, 47.285656581077241 ], [ -2.449663987471971, 47.268465380008017 ], [ -2.465042147107817, 47.26944164125532 ], [ -2.500000000151079, 47.27819828082184 ], [ -2.515877950071658, 47.282175088499599 ], [ -2.500000000151079, 47.284143733215913 ], [ -2.467942028320879, 47.288118250829797 ], [ -2.500000000151079, 47.332837543428816 ], [ -2.534793086899847, 47.381329108580481 ], [ -2.500000000151079, 47.410421655582866 ], [ -2.498390785100548, 47.41176682355534 ], [ -2.450169269158056, 47.428141213417419 ], [ -2.480705901833754, 47.457811271735288 ], [ -2.483012625464694, 47.477190100544512 ], [ -2.489932797255926, 47.483140208307496 ], [ -2.48745032273118, 47.488683356567108 ], [ -2.476531829560436, 47.490598653477193 ], [ -2.459637822171439, 47.48760959883505 ], [ -2.437581147437275, 47.490511596023602 ], [ -2.421082578436347, 47.493369905523942 ], [ -2.4052211054147, 47.496271582480276 ], [ -2.441340092946441, 47.500000000208502 ], [ -2.467480684133692, 47.502724200630411 ], [ -2.480969526826914, 47.509944108281466 ], [ -2.500000000151079, 47.513853723549829 ], [ -2.510122124246037, 47.515933091163113 ], [ -2.525324533886463, 47.516504131835504 ], [ -2.535825620368855, 47.515977017403436 ], [ -2.552807502755584, 47.508098953017253 ], [ -2.600347986118259, 47.512360284324615 ], [ -2.608718098965184, 47.503690818362728 ], [ -2.616868523419478, 47.50726421840838 ], [ -2.613177764531926, 47.515845237962949 ], [ -2.605642466858325, 47.517792611081497 ], [ -2.571327201195704, 47.536047523214236 ], [ -2.577676184603403, 47.53732088325583 ], [ -2.599557109342129, 47.527791883007872 ], [ -2.611596010979658, 47.522726605679196 ], [ -2.627962767483992, 47.521511451400166 ], [ -2.639100949047368, 47.523766052682745 ], [ -2.6493823471372, 47.52165785720657 ], [ -2.637914633883177, 47.514000291442038 ], [ -2.642593987842542, 47.511833128010927 ], [ -2.663046940724155, 47.513399937970519 ], [ -2.67097767768415, 47.512931364115978 ], [ -2.661979156465074, 47.500000000208502 ], [ -2.66025690280909, 47.497548268868364 ], [ -2.666056666133565, 47.491425692044764 ], [ -2.689629188620871, 47.494051813942299 ], [ -2.790993231158181, 47.482951556894172 ], [ -2.846947764866607, 47.488610806443219 ], [ -2.871761942332903, 47.500000000208502 ], [ -2.894268559836694, 47.510427352808826 ], [ -2.894707935723625, 47.521979948168514 ], [ -2.853318716574588, 47.530060851037298 ], [ -2.757183248079904, 47.511569548464827 ], [ -2.740069553196608, 47.51265314691171 ], [ -2.724669424362173, 47.538462489903367 ], [ -2.681061356579938, 47.557310019751 ], [ -2.650656537299131, 47.561260112731048 ], [ -2.673284401315126, 47.583565197159231 ], [ -2.798880030619269, 47.594633744465249 ], [ -2.884316693437508, 47.554720351970623 ], [ -2.93961216286638, 47.549818650484234 ], [ -2.961734744297985, 47.572523546897273 ], [ -2.975487212882709, 47.604223606393177 ], [ -2.990382059132762, 47.604252841352739 ], [ -2.990447965830212, 47.583828413298782 ], [ -2.975816745471653, 47.559753260970588 ], [ -2.950047342651358, 47.528684843364104 ], [ -2.979287815068212, 47.532154069008548 ], [ -3.000000000181255, 47.544047700374051 ], [ -3.013339455737701, 47.551706226364644 ], [ -3.075664940255783, 47.558626751109124 ], [ -3.101939625660469, 47.56608759710867 ], [ -3.05904174348394, 47.500000000208502 ], [ -3.053740078018222, 47.491904497248953 ], [ -3.052394489757518, 47.488443504380832 ], [ -3.054982109391297, 47.487447938734235 ], [ -3.061144222558657, 47.485077039548358 ], [ -3.069940530312331, 47.485448667551537 ], [ -3.072017900576533, 47.485570414354896 ], [ -3.079158639312728, 47.485820292300474 ], [ -3.088824252156719, 47.484388193732094 ], [ -3.096787967169091, 47.500000000208502 ], [ -3.145591630941574, 47.596490456534774 ], [ -3.185245314843161, 47.612233293950979 ], [ -3.154115525483673, 47.667288388990904 ], [ -3.156312404918301, 47.680003086964057 ], [ -3.212266938626771, 47.619233451148951 ], [ -3.27426289145427, 47.639176536840388 ], [ -3.314048388750721, 47.641718182215307 ], [ -3.343420673664178, 47.647137021745579 ], [ -3.412732237569267, 47.667755574475429 ], [ -3.420047847748561, 47.676952427588596 ], [ -3.419103189277248, 47.690992729930066 ], [ -3.374264868831916, 47.727491389856667 ], [ -3.381382759817157, 47.729562085881355 ], [ -3.437469106022194, 47.701250546675041 ], [ -3.448299725093566, 47.684279546099866 ], [ -3.47198209087886, 47.70241773739054 ], [ -3.478111385893927, 47.721045455218615 ], [ -3.499838528937472, 47.713388042093634 ], [ -3.500000000211477, 47.713331106382917 ], [ -3.539799776229386, 47.699295443840583 ], [ -3.750392692464837, 47.793275648659069 ], [ -3.861401038010959, 47.797324314066643 ], [ -3.931898917080284, 47.819193268542783 ], [ -3.973046479536398, 47.863412441506419 ], [ -3.997519722097849, 47.8616670921636 ], [ -3.99494937257538, 47.834955881063635 ], [ -4.000000000241688, 47.836016822285551 ], [ -4.041017946582105, 47.844632292095831 ], [ -4.076080150623699, 47.877649371213749 ], [ -4.08735014558201, 47.92040919527264 ], [ -4.085680516133685, 47.942559977335414 ], [ -4.095961915121778, 47.95124338341757 ], [ -4.099564798113264, 47.924157342912189 ], [ -4.078892157737352, 47.83709503400646 ], [ -4.136736007490114, 47.818261624707908 ], [ -4.192866291194012, 47.788760575929075 ], [ -4.34526385588917, 47.791294891397996 ], [ -4.352711279463364, 47.810880663223024 ], [ -4.337926277409623, 47.827344436031019 ], [ -4.352184028578692, 47.895429099012603 ], [ -4.412817916246536, 47.956905683653439 ], [ -4.476791061014392, 47.996451775121891 ], [ -4.500000000271902, 47.997817061307494 ], [ -4.537109749611965, 48.000000000254126 ], [ -4.563348133197677, 48.001558508858935 ], [ -4.567456298773545, 48.017331353013468 ], [ -4.667414337753987, 48.032133200942909 ], [ -4.667018899365926, 48.053618280800102 ], [ -4.539951360705799, 48.067093078767634 ], [ -4.500000000271902, 48.072554527546771 ], [ -4.441399324383855, 48.080564328069158 ], [ -4.365387277080174, 48.061870369798626 ], [ -4.340584501929797, 48.108694775263267 ], [ -4.342891225560781, 48.15690741591699 ], [ -4.395001219584842, 48.204695201985004 ], [ -4.473825273103853, 48.231284556537339 ], [ -4.500000000271902, 48.236487058507208 ], [ -4.511018451679282, 48.238676932518949 ], [ -4.548233598554992, 48.190395677084958 ], [ -4.566929046990548, 48.241796863335367 ], [ -4.560140688594251, 48.267055422002173 ], [ -4.602870003704328, 48.268920530383909 ], [ -4.601683688540137, 48.279672710120288 ], [ -4.561041408668404, 48.279964065249018 ], [ -4.564556416662159, 48.3111294258021 ], [ -4.544169370477987, 48.310212214557943 ], [ -4.522574039931008, 48.280182580798424 ], [ -4.500000000271902, 48.289911810025302 ], [ -4.469783014225427, 48.302932169705713 ], [ -4.423253096031514, 48.305742390456039 ], [ -4.346845609441466, 48.30090813150143 ], [ -4.329534195364118, 48.283460198809252 ], [ -4.292626611878771, 48.257218756914106 ], [ -4.212813961491253, 48.252817143338177 ], [ -4.283685309750023, 48.26753627679836 ], [ -4.295812087283617, 48.290946941400591 ], [ -4.288474508804033, 48.309848237064998 ], [ -4.348910677277861, 48.333253946703699 ], [ -4.325228310594233, 48.341955553684905 ], [ -4.355127847290651, 48.351892182977089 ], [ -4.387839390202398, 48.343817910808106 ], [ -4.437049502115101, 48.352881374654686 ], [ -4.391859680780533, 48.396270412412321 ], [ -4.458513020165449, 48.39297101186726 ], [ -4.500000000271902, 48.379894176342276 ], [ -4.50726178699264, 48.377604889318739 ], [ -4.650015048678941, 48.356765219595395 ], [ -4.652695242397704, 48.375205783089186 ], [ -4.686087817889296, 48.371963173884048 ], [ -4.716558543867545, 48.362103202513651 ], [ -4.751554842110012, 48.381588608348594 ], [ -4.777390150729425, 48.446403515671427 ], [ -4.785386793488535, 48.481573019223632 ], [ -4.738065998518493, 48.487855371400755 ], [ -4.777763619918914, 48.499329887834335 ], [ -4.777499013067112, 48.500000000192749 ], [ -4.76238546028306, 48.538641304279771 ], [ -4.728509570507368, 48.56369514346251 ], [ -4.651157426344306, 48.603401553105854 ], [ -4.618863290120875, 48.601661856066038 ], [ -4.596367239499789, 48.616936969031393 ], [ -4.504427811578704, 48.634457426045685 ], [ -4.500000000271902, 48.632808572067944 ], [ -4.474923713270347, 48.623469497694387 ], [ -4.442014451164557, 48.635114871891751 ], [ -4.358379229392911, 48.643836173440228 ], [ -4.353875625428975, 48.621701268948527 ], [ -4.302402727384195, 48.629285217181973 ], [ -4.272459253188907, 48.652585167430267 ], [ -4.221030292642989, 48.663318491013214 ], [ -4.120281375988056, 48.659653356197964 ], [ -4.07069779488589, 48.674502066893709 ], [ -4.021949028058735, 48.683844132232025 ], [ -4.000000000241688, 48.692481120168004 ], [ -3.980669653106019, 48.700086417061762 ], [ -3.978494741971647, 48.669757381788898 ], [ -3.973771449615078, 48.635889186410637 ], [ -3.963643833220455, 48.584905048912262 ], [ -3.946771795030046, 48.593094064758127 ], [ -3.945168072279206, 48.618953813556033 ], [ -3.941982595976027, 48.644347425199811 ], [ -3.92328714754048, 48.659872395266127 ], [ -3.904328073213421, 48.648656342082212 ], [ -3.882117616784075, 48.634574305804783 ], [ -3.848197789509523, 48.625120763211143 ], [ -3.812454551989787, 48.629168325098419 ], [ -3.845210032400395, 48.635976843455452 ], [ -3.867090957139122, 48.667932383874529 ], [ -3.865289516092527, 48.691389497067021 ], [ -3.819352755480729, 48.701297445497659 ], [ -3.696327475699, 48.689521505084848 ], [ -3.621743400252424, 48.667757180167882 ], [ -3.569172062041141, 48.662456989443115 ], [ -3.531934945966886, 48.664457402668639 ], [ -3.539206618647273, 48.687945332259034 ], [ -3.507263983313076, 48.69264451491901 ], [ -3.516996162217962, 48.696686626681149 ], [ -3.522642143847228, 48.721472076601628 ], [ -3.502628566852546, 48.732598922197582 ], [ -3.520379356816817, 48.756725311185534 ], [ -3.505045134679833, 48.779645517063003 ], [ -3.500000000211477, 48.781460833705879 ], [ -3.474640315399034, 48.790584637749902 ], [ -3.448563350086735, 48.78420498930879 ], [ -3.438303921195519, 48.767625742359527 ], [ -3.330678770248216, 48.791662397370636 ], [ -3.21635313500406, 48.834957409294653 ], [ -3.196866809792338, 48.826618692813248 ], [ -3.200689381176456, 48.782719200569105 ], [ -3.192582894221033, 48.775988897745087 ], [ -3.178896331435462, 48.821408104943288 ], [ -3.15431324467769, 48.83762026545223 ], [ -3.117295816097735, 48.845404302193707 ], [ -3.091790040067231, 48.845971689334746 ], [ -3.084188834797891, 48.823576823664297 ], [ -3.111298334477532, 48.788851435094074 ], [ -3.078630729064619, 48.798376023951612 ], [ -3.049016786559986, 48.823795145954165 ], [ -3.016261305251045, 48.816036845307607 ], [ -3.011340294598757, 48.779193917422511 ], [ -3.000000000181255, 48.776702564610446 ], [ -2.982627073066538, 48.772885660746269 ], [ -2.952573754674966, 48.763501928405596 ], [ -2.937261500838237, 48.733182174546151 ], [ -2.841104064043298, 48.674691844831088 ], [ -2.810523494767061, 48.62623131779177 ], [ -2.810984838954248, 48.596018390117663 ], [ -2.73271000551848, 48.552969764497711 ], [ -2.719133286929229, 48.530736219526162 ], [ -2.715354653043972, 48.507584749920113 ], [ -2.691826068953833, 48.509415582623056 ], [ -2.679237946334756, 48.542037181791834 ], [ -2.65258979174059, 48.533312828056829 ], [ -2.571722639583772, 48.593810540536907 ], [ -2.500000000151079, 48.613286862442024 ], [ -2.491185019117566, 48.615680054094717 ], [ -2.475762921084553, 48.635713870670571 ], [ -2.426311152478964, 48.636648879480141 ], [ -2.372773187496122, 48.653330002938198 ], [ -2.328462117935453, 48.657769576881229 ], [ -2.353923957365384, 48.621438220726219 ], [ -2.328000773748232, 48.620064505227276 ], [ -2.278175535054864, 48.641031497906162 ], [ -2.262160280338026, 48.624083248697758 ], [ -2.243135299313526, 48.589233695319564 ], [ -2.216091706331326, 48.575427521584103 ], [ -2.194606219980669, 48.597977592744357 ], [ -2.177887963485442, 48.638109794844404 ], [ -2.143924198712019, 48.659492726384002 ], [ -2.122526587359085, 48.641469739041007 ], [ -2.077600391916048, 48.646406987956532 ], [ -2.019383072075508, 48.60525813852653 ], [ -2.004751851716922, 48.57210703886534 ], [ -2.000160371856955, 48.506295803784077 ], [ -2.000000000120858, 48.506569933496053 ], [ -1.980520264950052, 48.539856234994538 ], [ -1.978147634621653, 48.575763945899503 ], [ -2.000000000120858, 48.607455000035756 ], [ -2.029620532666442, 48.650379804906471 ], [ -2.024479833621522, 48.684238212221395 ], [ -2.000000000120858, 48.693304276544566 ], [ -1.970216897661667, 48.704332183254088 ], [ -1.940515080159294, 48.702450083973304 ], [ -1.917535716152397, 48.707279204155753 ], [ -1.904749874339276, 48.696000803890634 ], [ -1.919820470584766, 48.679713402367611 ], [ -1.91505324162766, 48.658762585513337 ], [ -1.883066668794601, 48.632338930676504 ], [ -1.809471189318199, 48.615928516374836 ], [ -1.708876054358449, 48.610652078973999 ], [ -1.624801456699873, 48.621511289715947 ], [ -1.594089074927034, 48.626172868226227 ], [ -1.553358920057605, 48.618383844282491 ], [ -1.523349539164867, 48.612654559569648 ], [ -1.500000000090646, 48.618718347851704 ], [ -1.47005322997658, 48.626494340291877 ], [ -1.409177685615857, 48.62729801174217 ], [ -1.369106595025956, 48.627999387496281 ], [ -1.422007464927813, 48.651811110702475 ], [ -1.430663171966488, 48.66839958977193 ], [ -1.449973747182772, 48.659288287964891 ], [ -1.500000000090646, 48.684767614178142 ], [ -1.517505838341549, 48.693680611004467 ], [ -1.537497446137625, 48.728340972268342 ], [ -1.561026031126098, 48.734581952772018 ], [ -1.569154486381767, 48.795448935263423 ], [ -1.563969849838021, 48.851848854729212 ], [ -1.532752185480801, 48.93010604162577 ], [ -1.539167074687653, 48.976444041261423 ], [ -1.534709990879002, 49.000000000276607 ], [ -1.533147623868871, 49.008338319769578 ], [ -1.525260824407746, 49.026762021562298 ], [ -1.500370174259646, 49.023233051807878 ], [ -1.502061772008254, 49.028167681986709 ], [ -1.511134886633577, 49.030700699104663 ], [ -1.520713282944939, 49.037362060102275 ], [ -1.527699361433622, 49.040202015911632 ], [ -1.539211012186487, 49.039748219445698 ], [ -1.543385084459805, 49.028592301155342 ], [ -1.554830829413545, 49.040567977674897 ], [ -1.56557357258886, 49.111294091672541 ], [ -1.562190377091708, 49.124199630521481 ], [ -1.581127483118476, 49.140359674632315 ], [ -1.618320660795607, 49.196119318141051 ], [ -1.629546717356724, 49.23321358736677 ], [ -1.639630397150809, 49.250649738289844 ], [ -1.662302198665666, 49.236013119339518 ], [ -1.761930705955489, 49.33916354032241 ], [ -1.820301807491255, 49.385308382645043 ], [ -1.818126896356846, 49.422041843382985 ], [ -1.829309015419119, 49.460199072830882 ], [ -1.849652124104421, 49.494439632898299 ], [ -1.858047102318366, 49.499999999800124 ], [ -1.88937171470343, 49.520956271351629 ], [ -1.862525840915247, 49.542904819751861 ], [ -1.843830392479691, 49.580073199554242 ], [ -1.841018385366038, 49.620604020584892 ], [ -1.889525495500279, 49.700673989634268 ], [ -1.930211713769207, 49.725793557737909 ], [ -1.929025397706683, 49.757925210563329 ], [ -1.890448185671336, 49.739937620193501 ], [ -1.862284184222369, 49.747780684403232 ], [ -1.832867960911744, 49.726989401882065 ], [ -1.77357417010329, 49.708494256674058 ], [ -1.677416732410018, 49.704277889276682 ], [ -1.596132172666552, 49.672285708675183 ], [ -1.531170431928506, 49.673541275342217 ], [ -1.500000000090646, 49.679120009456014 ], [ -1.472931142889387, 49.683964140852808 ], [ -1.455685635509488, 49.70580983012669 ], [ -1.386725572493633, 49.721111980564615 ], [ -1.299377623534181, 49.719055443842677 ], [ -1.219674818241309, 49.684095506910637 ], [ -1.207613946506858, 49.639761018431734 ], [ -1.214336399104038, 49.610737622953486 ], [ -1.234921165380552, 49.593148529199127 ], [ -1.262909415935766, 49.591876252531776 ], [ -1.280857925992387, 49.567769811681366 ], [ -1.275277850162247, 49.53246621935866 ], [ -1.24546418522046, 49.499999999800124 ], [ -1.219015753961737, 49.471475000647722 ], [ -1.168311763494507, 49.444071558457104 ], [ -1.139972012050094, 49.406788025572773 ], [ -1.150539004331648, 49.384479817439008 ], [ -1.150473098532531, 49.363033990899432 ], [ -1.136413066557478, 49.367876481293109 ], [ -1.110336100346846, 49.361376091038103 ], [ -1.09574881748713, 49.366814955232172 ], [ -1.110314132046564, 49.393302587635233 ], [ -1.093859500544497, 49.405916235042888 ], [ -1.056183008583303, 49.413238793290411 ], [ -1.019758738483722, 49.424990364558063 ], [ -1.000000000060433, 49.425306903937681 ], [ -0.921843797242762, 49.426558963470129 ], [ -0.89699708459349, 49.405073489047567 ], [ -0.807078787009931, 49.387953882820817 ], [ -0.612676876385081, 49.375655454296783 ], [ -0.545298566921484, 49.381557922850952 ], [ -0.500000000030215, 49.376418860135146 ], [ -0.458543776442482, 49.371715231642739 ], [ -0.305596990765748, 49.306692097747593 ], [ -0.311133129097028, 49.2829689555847 ], [ -0.286330353946659, 49.284862568600438 ], [ -0.276092892457394, 49.303241378243385 ], [ -0.185537499792888, 49.303008409457085 ], [ 0.0, 49.322896588082209 ], [ 0.001878567701925, 49.323097888998596 ], [ 0.117251183121553, 49.355587543892049 ], [ 0.130302284861663, 49.374986656113535 ], [ 0.226405849689033, 49.405073489047567 ], [ 0.355884201568706, 49.412134668460084 ], [ 0.500000000030215, 49.455559847424169 ], [ 0.554199422404557, 49.471881291343401 ], [ 0.500000000030215, 49.466282599520689 ], [ 0.323673906907379, 49.448064014694822 ], [ 0.203928952946417, 49.45879121271188 ], [ 0.125644315297631, 49.483140008254672 ], [ 0.105347449188183, 49.499999999800124 ], [ 0.087963105384515, 49.514585090340617 ], [ 0.151021457070997, 49.632674835112482 ], [ 0.162161033718003, 49.697099005414856 ], [ 0.217045968570485, 49.735140768705371 ], [ 0.362682710029407, 49.774757696794232 ], [ 0.397761977569828, 49.784296818275259 ], [ 0.500000000030215, 49.83548845394408 ], [ 0.564042677095977, 49.867527554725044 ], [ 0.67673476372523, 49.891063314671939 ], [ 0.871600452073434, 49.900291299902953 ], [ 0.95832216478705, 49.921124033035369 ], [ 1.000000000060433, 49.925666361211157 ], [ 1.076792768685957, 49.934034621645509 ], [ 1.224683279886497, 49.990573652205711 ], [ 1.258822840469437, 50.000000000210534 ], [ 1.381252554285767, 50.030956600670606 ], [ 1.401427147108596, 50.039649827453125 ], [ 1.458702272556666, 50.064321038548393 ], [ 1.488275980418065, 50.12821099225367 ], [ 1.500000000090646, 50.137336008439249 ], [ 1.527407312846557, 50.158660788873163 ], [ 1.580402694499475, 50.176452774168688 ], [ 1.639418281556004, 50.162804904309205 ], [ 1.72748025821566, 50.14245157914165 ], [ 1.668091155257227, 50.184406707999251 ], [ 1.629157567175643, 50.211897734896816 ], [ 1.611074979969597, 50.305694338087513 ], [ 1.653084586433631, 50.309614448734827 ], [ 1.651502634353675, 50.316899447533828 ], [ 1.641329805750776, 50.363565420895199 ], [ 1.675693312740795, 50.420114732299524 ], [ 1.603187193260003, 50.497253214821328 ], [ 1.603802053241056, 50.499999999891088 ], [ 1.611756097889377, 50.535898844038016 ], [ 1.650887431216165, 50.528238089345315 ], [ 1.631003177486425, 50.563782984529915 ], [ 1.644669482364015, 50.605730553968861 ], [ 1.611316667205222, 50.720426588330028 ], [ 1.635727060934442, 50.760027373742474 ], [ 1.594266743723936, 50.857735042754051 ], [ 1.652886842086768, 50.870416810627944 ], [ 1.68239463516588, 50.895611858278677 ], [ 1.708013464174863, 50.935221532802963 ], [ 1.847708586647851, 50.968444847856105 ], [ 2.234580471551966, 51.043369932624337 ], [ 2.349634038006441, 51.058758408620086 ], [ 2.470807475017005, 51.07260366548384 ], [ 2.52955823235546, 51.082600442290762 ], [ 2.557417948746135, 51.033704567668153 ], [ 2.536450803789162, 51.026236122317229 ], [ 2.530079053478929, 51.016169039504689 ], [ 2.531485233105556, 51.006285754665996 ], [ 2.537856982517492, 51.003190150735918 ], [ 2.544435304918903, 50.999999999968175 ], [ 2.551501316399872, 50.996610028844785 ], [ 2.565760852521402, 50.977664195176082 ], [ 2.591445596312683, 50.952763786987845 ], [ 2.605111901190309, 50.920674709989974 ], [ 2.62778654227976, 50.861874795352989 ], [ 2.645209982561237, 50.795026713857162 ], [ 2.685593693158229, 50.785493654695522 ], [ 2.693020077290134, 50.80037335015772 ], [ 2.694536114587802, 50.812740864559018 ], [ 2.754298734346389, 50.80777841503123 ], [ 2.746960235991981, 50.795766038722569 ], [ 2.739248221735716, 50.778441629854456 ], [ 2.771985832858693, 50.774571806692158 ], [ 2.808151006372442, 50.77824352427713 ], [ 2.880349523835367, 50.838771838154244 ], [ 2.854620837155342, 50.88938025802458 ], [ 2.853983662124316, 50.905346232266808 ], [ 2.886809159923133, 50.934089546003271 ], [ 2.952811699529108, 50.933168141437555 ], [ 2.997238175654328, 50.946710947884519 ], [ 3.000000000181255, 50.961348231422392 ], [ 3.002379518791297, 50.973955634842021 ], [ 3.088991373833871, 50.982805713664902 ], [ 3.140272974740582, 50.999804153378854 ], [ 3.153411962258196, 50.996491723376032 ], [ 3.134406570795097, 50.978203358403228 ], [ 3.146403036916901, 50.971732985979827 ], [ 3.167627555491017, 50.980899079565013 ], [ 3.179514164840078, 50.965748399807772 ], [ 3.158619220177453, 50.955237327712723 ], [ 3.161761151545488, 50.880789024725942 ], [ 3.129089455204799, 50.839906155895726 ], [ 3.098702799859045, 50.844218948468381 ], [ 3.05269437165387, 50.842464863635151 ], [ 3.03573233395009, 50.829076246932757 ], [ 3.03467769923012, 50.814839187574144 ], [ 3.041357050659968, 50.799132457394855 ], [ 3.066690249544583, 50.791567574569839 ], [ 3.112852478309569, 50.800716569990961 ], [ 3.201683460463124, 50.730819104365445 ], [ 3.270234700193194, 50.734758663301918 ], [ 3.335468236101874, 50.731797415015087 ], [ 3.386683921328, 50.728650882690999 ], [ 3.396944635708406, 50.74131504361371 ], [ 3.42179446012178, 50.737666849256271 ], [ 3.416103828629624, 50.722172057882766 ], [ 3.440865767265473, 50.715414610323087 ], [ 3.438092977902159, 50.712741046211192 ], [ 3.415093137696695, 50.690558349675001 ], [ 3.435592594563955, 50.670944439470546 ], [ 3.430209565089702, 50.649256316737386 ], [ 3.390748658749763, 50.638368738699256 ], [ 3.406634089840029, 50.616824526230332 ], [ 3.455872336089096, 50.620468924681198 ], [ 3.456462522942547, 50.619875794182413 ], [ 3.491949623825348, 50.584197828869677 ], [ 3.470549332797913, 50.565627185584283 ], [ 3.476701366867776, 50.549769991773097 ], [ 3.500000000211477, 50.538198691102465 ], [ 3.50572578637398, 50.535354533427224 ], [ 3.515964528860842, 50.518690267645582 ], [ 3.506872948466521, 50.499999999891088 ], [ 3.50515452612525, 50.496503884137539 ], [ 3.544241915664962, 50.477030250935414 ], [ 3.561006209021869, 50.479476403286583 ], [ 3.607137201567788, 50.484441988731156 ], [ 3.627939549687575, 50.457978552857284 ], [ 3.673843376264454, 50.452480595342763 ], [ 3.683024142298471, 50.428648688163051 ], [ 3.667722865874541, 50.384619619283093 ], [ 3.670783121518646, 50.355244052845116 ], [ 3.646301079959023, 50.338712260058841 ], [ 3.661602356382953, 50.316660868463934 ], [ 3.689144651790096, 50.311146412902744 ], [ 3.711225262134977, 50.326196369061329 ], [ 3.735048479265272, 50.338712260058841 ], [ 3.808494602147583, 50.347897303838884 ], [ 3.860518939114375, 50.342386492124497 ], [ 3.912543276979474, 50.327687850341619 ], [ 3.930904807250879, 50.316660868463934 ], [ 3.976808634726056, 50.327687850341619 ], [ 4.000000000241688, 50.330472949617338 ], [ 4.007411185777339, 50.331362939749802 ], [ 4.028832971692857, 50.333200376707858 ], [ 4.035089345082979, 50.320153224477167 ], [ 4.040117855328661, 50.32154436830303 ], [ 4.062309121946908, 50.277636929188162 ], [ 4.076546687073236, 50.253302646317152 ], [ 4.090103134279794, 50.219581262056472 ], [ 4.106406025059004, 50.216182677991966 ], [ 4.116227308755247, 50.227461866908733 ], [ 4.153183457859808, 50.22694622971725 ], [ 4.15955520817005, 50.19632849660821 ], [ 4.153798661895597, 50.170853782887505 ], [ 4.113678608631125, 50.154503070978087 ], [ 4.11620533776001, 50.085742135891984 ], [ 4.126070563446672, 50.07190905374452 ], [ 4.179263689446489, 50.081869807711435 ], [ 4.195676437896712, 50.073248770437118 ], [ 4.193589140350315, 50.06109709314444 ], [ 4.209210914108062, 50.047150688284638 ], [ 4.207672904916859, 50.035098562296689 ], [ 4.171991105874377, 50.03414275719522 ], [ 4.142087824999856, 50.004450166064743 ], [ 4.142826245553276, 50.000000000210534 ], [ 4.143878033512111, 49.993080294211218 ], [ 4.156830735592626, 49.972252220385606 ], [ 4.161515800142279, 49.97184244194888 ], [ 4.166963075329013, 49.971365992469018 ], [ 4.169878934876042, 49.971110953109495 ], [ 4.229820228646354, 49.965867808982729 ], [ 4.33119696617524, 49.977301105773293 ], [ 4.359027260564154, 49.97676689038579 ], [ 4.416600385938056, 49.975661727365456 ], [ 4.464036939612241, 49.973848216245301 ], [ 4.500000000271902, 49.972472237304991 ], [ 4.504991936509123, 49.972281238113965 ], [ 4.538059120645249, 49.973209808298229 ], [ 4.546430281826094, 49.981725697462068 ], [ 4.550504385083018, 49.981999151438039 ], [ 4.592680397266876, 49.984829920517264 ], [ 4.638840344311041, 49.999802825465956 ], [ 4.644159741622161, 50.000000000210534 ], [ 4.660198974170519, 50.000544669336414 ], [ 4.702164636847474, 50.002311481557712 ], [ 4.749117842101605, 50.048915777606325 ], [ 4.74575619449313, 50.070662155410744 ], [ 4.716907548338579, 50.072970218752076 ], [ 4.703191195621555, 50.068098644086483 ], [ 4.689267336565486, 50.082387020472915 ], [ 4.732880866104675, 50.137087020891613 ], [ 4.771957050957857, 50.169748363091422 ], [ 4.775307931359319, 50.172548109874533 ], [ 4.807166680215664, 50.206805555562084 ], [ 4.842431020467561, 50.227739515204931 ], [ 4.863224995390565, 50.227575508702685 ], [ 4.864336656961411, 50.227514752176837 ], [ 4.876003550968435, 50.227475088375286 ], [ 4.897228069542516, 50.224301848548514 ], [ 4.911620709938045, 50.198821129405751 ], [ 4.913267301192575, 50.195905132378563 ], [ 4.91499104245866, 50.181750802758955 ], [ 4.915460049275248, 50.177898876393442 ], [ 4.919463279049507, 50.145007809712141 ], [ 4.908564311659769, 50.112424429165003 ], [ 4.901226891283684, 50.090476027249764 ], [ 4.885714976095312, 50.043514134242606 ], [ 4.861040924135259, 50.003121802046785 ], [ 4.86119167760959, 50.000000000210534 ], [ 4.861275067319118, 49.998115026689575 ], [ 4.850230921399667, 49.994489437488866 ], [ 4.848407282084096, 49.971047953209606 ], [ 4.880573632958344, 49.957610341325555 ], [ 4.903446018394657, 49.944502860249401 ], [ 4.909047033954078, 49.934780198491445 ], [ 4.910081426935752, 49.928414804036855 ], [ 4.908345674296011, 49.904679420011483 ], [ 4.895909775693422, 49.879057012130097 ], [ 4.878288591963408, 49.861710889097004 ], [ 4.876091436745932, 49.827581966459604 ], [ 4.88456211329396, 49.825443193308466 ], [ 4.914651508925695, 49.817845109941409 ], [ 4.924406877839614, 49.82752375511528 ], [ 4.944840420822874, 49.830477901063325 ], [ 4.972920063280157, 49.839353799158559 ], [ 4.984499070611351, 49.857231576546162 ], [ 4.987355371855025, 49.876701912890873 ], [ 5.000000000302123, 49.885737719826182 ], [ 5.008194563477891, 49.891601056644305 ], [ 5.013416266306919, 49.900044274629053 ], [ 5.008808880876505, 49.917739692610056 ], [ 5.004464775486219, 49.934470239012704 ], [ 5.020239584439119, 49.935980348175001 ], [ 5.050977423568802, 49.92449361095013 ], [ 5.093782224112212, 49.919163178103346 ], [ 5.108328396471266, 49.945838448738513 ], [ 5.13875907735077, 49.947711113616691 ], [ 5.115787972454586, 49.994213893116473 ], [ 5.134107812812005, 49.992923161965955 ], [ 5.153809868439217, 49.977591255706351 ], [ 5.173533864518894, 49.980333083007203 ], [ 5.198172404279127, 49.948625644126878 ], [ 5.21745760119031, 49.954896240935192 ], [ 5.214320191043065, 49.969887185376301 ], [ 5.240823625248302, 49.970627178079454 ], [ 5.278340902503539, 49.952007804067378 ], [ 5.267085718967632, 49.931043276406164 ], [ 5.263728910583618, 49.915299333362114 ], [ 5.269405743054704, 49.916161413366588 ], [ 5.278965511002028, 49.917463607640677 ], [ 5.281478751028598, 49.917805929611468 ], [ 5.301866210437801, 49.919325133494794 ], [ 5.315441321941008, 49.916214482561571 ], [ 5.322747317451833, 49.906146880200467 ], [ 5.319867921420493, 49.902722542418559 ], [ 5.313927247462236, 49.899802188301805 ], [ 5.311231514685689, 49.898477159854394 ], [ 5.307986770235054, 49.896882274424897 ], [ 5.293216174463533, 49.88760417940717 ], [ 5.269038372527677, 49.871438865945009 ], [ 5.260021062146119, 49.85688252217254 ], [ 5.242776278808347, 49.829517459503691 ], [ 5.199554619548919, 49.802122259051259 ], [ 5.181432238772453, 49.794914235459146 ], [ 5.148017727319938, 49.78825859744493 ], [ 5.127328374686454, 49.758041801546987 ], [ 5.090491235289057, 49.736919596087695 ], [ 5.088626340844053, 49.731859972615808 ], [ 5.127065095544668, 49.737415323097409 ], [ 5.146284472894994, 49.719142957865131 ], [ 5.217238202055218, 49.702993939477373 ], [ 5.273404418370481, 49.667744957004629 ], [ 5.305085675398052, 49.647006847421281 ], [ 5.284922881048137, 49.61787086451924 ], [ 5.331545229596596, 49.583305795947275 ], [ 5.372183713187931, 49.587618997370107 ], [ 5.411977006962757, 49.568325799307509 ], [ 5.418237778504512, 49.562664458581224 ], [ 5.450569341237607, 49.533417937405218 ], [ 5.456010443201726, 49.506264682489117 ], [ 5.466155539015164, 49.499999999800124 ], [ 5.475009210487929, 49.494588026257247 ], [ 5.489033988977988, 49.499999999800124 ], [ 5.49510739620597, 49.502367664182842 ], [ 5.500000000332335, 49.50103710749714 ], [ 5.503813464596084, 49.499999999800124 ], [ 5.510304886671873, 49.498252595272405 ], [ 5.519943394648824, 49.495657921225011 ], [ 5.539404111586714, 49.495686927355997 ], [ 5.557735031764839, 49.499999999800124 ], [ 5.557833651511684, 49.500023442864531 ], [ 5.601779328635574, 49.507231563751397 ], [ 5.614261678223253, 49.499999999800124 ], [ 5.623982535660577, 49.494425129170722 ], [ 5.628212338515824, 49.499999999800124 ], [ 5.63473310046709, 49.508681849320936 ], [ 5.667906381926477, 49.516072619048373 ], [ 5.697665892829667, 49.510509487778833 ], [ 5.717563252979394, 49.514377925203704 ], [ 5.745902718759556, 49.519887142596609 ], [ 5.75159389732572, 49.520393684360457 ], [ 5.777341021028636, 49.522685234179541 ], [ 5.806907328568716, 49.522987390230647 ], [ 5.81565403674232, 49.522153326569992 ], [ 5.826899805035716, 49.513811902429723 ], [ 5.831897923478722, 49.505469048008003 ], [ 5.837034894515187, 49.499999999800124 ], [ 5.837260580958971, 49.499762167521332 ], [ 5.859661247564857, 49.488115647522505 ], [ 5.895554970860998, 49.473753088392847 ], [ 5.917758177885991, 49.486984205575361 ], [ 5.9424844776596, 49.483183528927619 ], [ 5.942550297220459, 49.476683975005919 ], [ 5.960497158868542, 49.471866780894331 ], [ 5.961001776699604, 49.460184558901886 ], [ 5.986693433027014, 49.461026353198761 ], [ 5.992924373314785, 49.453101301345015 ], [ 6.000000000362556, 49.454830002495342 ], [ 6.014491322488667, 49.458370297781748 ], [ 6.042552491092106, 49.450967413605241 ], [ 6.043605607659246, 49.453841607952327 ], [ 6.084479694196784, 49.446597732120971 ], [ 6.112409223678498, 49.451780334263972 ], [ 6.126494657314839, 49.434996579200593 ], [ 6.222789003647312, 49.421736813700257 ], [ 6.258967945639412, 49.433253989668763 ], [ 6.311470194422185, 49.455612491814911 ], [ 6.352410101418898, 49.470343171978826 ], [ 6.38913754124877, 49.476466341034325 ], [ 6.429453555704265, 49.475997102558068 ], [ 6.460376489104953, 49.470067465757353 ], [ 6.458950393828477, 49.456164065727712 ], [ 6.447673270738396, 49.426036102769935 ], [ 6.415311875853021, 49.389073089656613 ], [ 6.446312995022788, 49.384814152716082 ], [ 6.483391474007785, 49.354991197382517 ], [ 6.467419206372291, 49.328832068802967 ], [ 6.435672129783826, 49.309429204193528 ], [ 6.428914632110782, 49.289639974316309 ], [ 6.427049737665815, 49.264291103109358 ], [ 6.447058952441459, 49.263839366466215 ], [ 6.463667478826433, 49.266928578614163 ], [ 6.477386317181857, 49.26994633379384 ], [ 6.485146667986949, 49.262396695692658 ], [ 6.480956142170852, 49.260414776299704 ], [ 6.477532017632717, 49.259594031321733 ], [ 6.466735344997616, 49.257062802422141 ], [ 6.456931920707574, 49.246786911261339 ], [ 6.449318765149974, 49.239993428294362 ], [ 6.455988503707975, 49.22897024305334 ], [ 6.471324513492383, 49.223924414584367 ], [ 6.483084314859316, 49.218396742191615 ], [ 6.482799096163356, 49.202977230267564 ], [ 6.463491958799691, 49.182896900280959 ], [ 6.441266811322179, 49.186516635314817 ], [ 6.424767985403116, 49.198687499422611 ], [ 6.411472388293796, 49.189304232983034 ], [ 6.404671010614068, 49.177729559342723 ], [ 6.392977028807995, 49.14891972110329 ], [ 6.403639834499429, 49.135187868031686 ], [ 6.42691809854408, 49.133945969510158 ], [ 6.443263344888917, 49.136239804888568 ], [ 6.446685973732124, 49.121145283292414 ], [ 6.422442353133734, 49.116029924613528 ], [ 6.398900809947297, 49.1075957325369 ], [ 6.396619056786311, 49.097405538823665 ], [ 6.405175629343455, 49.088661054962678 ], [ 6.424153667106171, 49.086920747053895 ], [ 6.437339564647912, 49.088105333440794 ], [ 6.459893810828067, 49.090386677743673 ], [ 6.457743697687104, 49.082430762237017 ], [ 6.450086663021153, 49.069104657702155 ], [ 6.458379955538224, 49.046510818874225 ], [ 6.454123609262971, 49.034741543803257 ], [ 6.398944689055684, 49.023760216820598 ], [ 6.370247262601097, 49.026073818904436 ], [ 6.363862743637388, 49.013508778768553 ], [ 6.363050966657849, 49.011882998776144 ], [ 6.365083226223455, 49.000000000276607 ], [ 6.365223019352998, 48.999190712530748 ], [ 6.375622545902682, 48.990067186371661 ], [ 6.388698742978576, 48.983190795346829 ], [ 6.410309572159105, 48.981812500517833 ], [ 6.428037034672087, 48.984090292841984 ], [ 6.435321090628702, 48.97922990894623 ], [ 6.432073981812203, 48.973295241591288 ], [ 6.419348822993172, 48.9672292476846 ], [ 6.400524363906403, 48.965937589034404 ], [ 6.387645626411427, 48.960233568402607 ], [ 6.388391583830098, 48.942740051512246 ], [ 6.40116062265582, 48.91549305131953 ], [ 6.426325719801318, 48.898652275840284 ], [ 6.455856863687916, 48.886530360316208 ], [ 6.471324513492383, 48.883928268984199 ], [ 6.471609732188352, 48.859077980326823 ], [ 6.475822198456913, 48.84386214111602 ], [ 6.488240198127476, 48.833967896489703 ], [ 6.491092388680427, 48.813620317492365 ], [ 6.500000000392768, 48.813239978573606 ], [ 6.508139713335605, 48.812892424801618 ], [ 6.526591193713038, 48.822805410815867 ], [ 6.55384058443865, 48.825730893657038 ], [ 6.563867131380666, 48.835539466362818 ], [ 6.541663924355663, 48.851528829055191 ], [ 6.538526514208425, 48.860750566032372 ], [ 6.552019570000329, 48.871846385292677 ], [ 6.580826696920774, 48.8720644954143 ], [ 6.603600342235994, 48.862626703994295 ], [ 6.596952544130501, 48.845884399289368 ], [ 6.581616534346129, 48.829645822463199 ], [ 6.588812830289367, 48.816633680456484 ], [ 6.624509094004581, 48.795317867616831 ], [ 6.66415454484657, 48.798186714490448 ], [ 6.704589833113914, 48.798798325576662 ], [ 6.763147502157761, 48.788516439386356 ], [ 6.802178634702805, 48.757658061404634 ], [ 6.824337962619413, 48.760893404045021 ], [ 6.83388183128455, 48.785239188280208 ], [ 6.82422826305187, 48.801739779037952 ], [ 6.839959191998114, 48.809034415901053 ], [ 6.913655411245415, 48.805962353674943 ], [ 6.937920972296313, 48.793235301667636 ], [ 6.943449834273799, 48.772113463403798 ], [ 6.931690032906829, 48.749160646117119 ], [ 6.926248930044422, 48.727261845183378 ], [ 6.951721187236694, 48.719313502617524 ], [ 6.987154171810114, 48.708679707640677 ], [ 6.972959037707924, 48.700597095628041 ], [ 6.961440575928565, 48.688310191686604 ], [ 7.000000000422981, 48.682071517900468 ], [ 7.000230368886008, 48.682034243229538 ], [ 7.033908159480308, 48.679757193195073 ], [ 7.060477413246403, 48.670312168282031 ], [ 7.082768380284782, 48.680034531833364 ], [ 7.078380394887803, 48.694454020385535 ], [ 7.068485487067514, 48.706082909752986 ], [ 7.048081353130025, 48.693826537779877 ], [ 7.030990149366488, 48.697708047395032 ], [ 7.036343491317241, 48.740311886747833 ], [ 7.053478575985749, 48.761709493471841 ], [ 7.070350380614184, 48.78002427482398 ], [ 7.085313411689257, 48.794094552576745 ], [ 7.121097435417846, 48.787380350262275 ], [ 7.157144737389878, 48.789929232160766 ], [ 7.158373373983761, 48.795157673688465 ], [ 7.161050045408304, 48.806646667835842 ], [ 7.191107746680139, 48.812513916567767 ], [ 7.188650475289031, 48.84575346423086 ], [ 7.212257838036336, 48.857099893631947 ], [ 7.202626209357831, 48.884000955001433 ], [ 7.179786743583409, 48.894277681226811 ], [ 7.134283332061282, 48.901791283321991 ], [ 7.137135522614233, 48.914897400908252 ], [ 7.165767129507926, 48.92245146293336 ], [ 7.161576603691874, 48.949651090491514 ], [ 7.178931086597187, 48.955632137522109 ], [ 7.207738212619298, 48.965574757151408 ], [ 7.219651593560501, 48.954064359793954 ], [ 7.240209307072223, 48.95744663298219 ], [ 7.248063801319089, 48.970958906190546 ], [ 7.245825928164751, 48.979824787464999 ], [ 7.253702362864137, 48.984220863720822 ], [ 7.274555302304084, 48.985865777224411 ], [ 7.280148451316562, 48.981827715781421 ], [ 7.299534873088906, 48.967446939868289 ], [ 7.300531889866555, 48.967108790778425 ], [ 7.3062819592878, 48.965158542779974 ], [ 7.318490971297421, 48.961017365659664 ], [ 7.342011242377921, 48.968611618539391 ], [ 7.358619101314621, 48.956633747167658 ], [ 7.391484845434788, 48.955756589481993 ], [ 7.42610632072665, 48.968724047264047 ], [ 7.43298241308517, 48.968729560580059 ], [ 7.442956185800875, 48.968680510261912 ], [ 7.444206761948941, 48.968738559786694 ], [ 7.467782763611333, 48.965289378246219 ], [ 7.469352366551088, 48.965059735906131 ], [ 7.49929792214288, 48.951117384661174 ], [ 7.499999999554868, 48.951030526412374 ], [ 7.530961107761871, 48.947199969527581 ], [ 7.537188179005749, 48.947676606328777 ], [ 7.538909555007676, 48.948013687426489 ], [ 7.547938743812253, 48.949781752103583 ], [ 7.557460672923178, 48.953425621699203 ], [ 7.562945654893983, 48.962730065422846 ], [ 7.563249632209732, 48.974564417198003 ], [ 7.598094401731741, 49.000000000276607 ], [ 7.618190394662165, 49.014812293901123 ], [ 7.619250215356279, 49.016198563099316 ], [ 7.622556440504968, 49.020479987974255 ], [ 7.640380055990998, 49.022088061305347 ], [ 7.64260771530054, 49.022837066888016 ], [ 7.644606068854025, 49.023071972407216 ], [ 7.655970951957484, 49.012307757111579 ], [ 7.669266548168471, 49.016071837369772 ], [ 7.667481270508782, 49.024195595678073 ], [ 7.667160315034189, 49.026454527928259 ], [ 7.68093859042036, 49.030832470845155 ], [ 7.689607773984918, 49.026177749355355 ], [ 7.694980144050017, 49.022574087791376 ], [ 7.723815692767727, 49.026721983692283 ], [ 7.732387722636002, 49.027962692464364 ], [ 7.735393492763189, 49.028387312801762 ], [ 7.740746835612264, 49.038181857886649 ], [ 7.761107088644772, 49.043305286595185 ], [ 7.760953509070529, 49.069909299332195 ], [ 7.737521665451643, 49.069207067010701 ], [ 7.710996292590528, 49.054560326631524 ], [ 7.706223384484214, 49.054295574321905 ], [ 7.700412516186206, 49.053868707291478 ], [ 7.686154088585727, 49.065416377527264 ], [ 7.712795366576341, 49.084215104675636 ], [ 7.711618587927197, 49.091312078845085 ], [ 7.7087803589904, 49.114875242067193 ], [ 7.741053993862399, 49.137057962411326 ], [ 7.758961022414154, 49.141846710166661 ], [ 7.762796463063033, 49.142872334208839 ], [ 7.775746359704907, 49.142587439669775 ], [ 7.7973507434733, 49.14211214539764 ], [ 7.809477931536935, 49.14184534697101 ], [ 7.850446477723238, 49.140944025310567 ], [ 7.850990895412973, 49.139850521027135 ], [ 7.859046929388778, 49.124974147327116 ], [ 7.865716667946779, 49.112668114466366 ], [ 7.846212071002197, 49.079724873802881 ], [ 7.903255885654488, 49.08099739111573 ], [ 7.90215893938633, 49.071855019410542 ], [ 7.901478751222861, 49.066324885182873 ], [ 7.860670484246179, 49.0588333506916 ], [ 7.879911801150682, 49.036132337649747 ], [ 7.926490269692421, 49.027420929803732 ], [ 7.994986726563241, 49.024975603724108 ], [ 7.999999999585081, 49.02527341284059 ], [ 8.082000482474028, 49.030144324810706 ], [ 8.173731323382778, 49.044798300104738 ], [ 8.240801684977086, 49.065973744498443 ], [ 8.236128479985812, 49.079622485709997 ], [ 8.209010728381973, 49.083439947778103 ], [ 8.216053445649274, 49.093793874636127 ], [ 8.222613484639725, 49.103429264539322 ], [ 8.196987647873218, 49.112741199719324 ], [ 8.192424142449498, 49.127867519399459 ], [ 8.217896399641768, 49.141864363930623 ], [ 8.315814300831635, 49.162968996068514 ], [ 8.328385879178136, 49.144362338997489 ], [ 8.314607604690261, 49.128174382253029 ], [ 8.336306193884168, 49.099408655395564 ], [ 8.355636820395899, 49.078817943293579 ], [ 8.35056714754726, 49.076653145161337 ], [ 8.349931795197946, 49.075800240404625 ], [ 8.346815419103068, 49.074151739049228 ], [ 8.321431693577011, 49.037526182455181 ], [ 8.29350989050503, 49.000000000276607 ], [ 8.282048750223968, 48.984743143795377 ], [ 8.235026495067208, 48.968842996241143 ], [ 8.21813773922938, 48.963775073065548 ], [ 8.185133403027178, 48.938202040071516 ], [ 8.169891835823554, 48.926387835890289 ], [ 8.168260418910792, 48.923335663182833 ], [ 8.151800014834711, 48.892529861944759 ], [ 8.144079809739676, 48.878074844136819 ], [ 8.137403137086006, 48.865570307353785 ], [ 8.122311341498124, 48.847793420487108 ], [ 8.078326486149722, 48.801789318927923 ], [ 8.068424195076112, 48.794972839470795 ], [ 8.051341186642905, 48.790318815492945 ], [ 8.040510782268901, 48.78736800059621 ], [ 8.035027095668738, 48.78634619507978 ], [ 8.033820399527366, 48.785545074443704 ], [ 8.032539454034499, 48.781491019608545 ], [ 8.025570987016978, 48.76788802282087 ], [ 7.999999999585081, 48.760558282998112 ], [ 7.997356238839305, 48.759800406198941 ], [ 7.984060641729985, 48.750195571873434 ], [ 7.983931814335108, 48.748542202008835 ], [ 7.983161179297237, 48.738649807821922 ], [ 7.98087935247439, 48.738256184181324 ], [ 7.977121744556699, 48.712696565626018 ], [ 7.976930165347605, 48.711393071984297 ], [ 7.94140942076081, 48.668326589081929 ], [ 7.83173219883847, 48.616762728331572 ], [ 7.811907065180055, 48.59511865043816 ], [ 7.80156782107, 48.57412594145174 ], [ 7.815715570561797, 48.558442481114184 ], [ 7.815828805, 48.556999670055696 ], [ 7.814969613143125, 48.554681881169209 ], [ 7.815230044625479, 48.547930590385668 ], [ 7.816022729710266, 48.526475742945088 ], [ 7.79169134909851, 48.512359421748918 ], [ 7.78825216789788, 48.504023831363099 ], [ 7.786595780515177, 48.500000000192749 ], [ 7.766460431493813, 48.451543305231553 ], [ 7.767820465562601, 48.449902986079131 ], [ 7.764993709908603, 48.444941631276265 ], [ 7.754327650519211, 48.426216796111909 ], [ 7.752374996959174, 48.391110462021075 ], [ 7.74322604745588, 48.339511105859025 ], [ 7.74648183399797, 48.32120763590202 ], [ 7.750243248077562, 48.302099609119914 ], [ 7.694058667502937, 48.259754612321764 ], [ 7.694760744914917, 48.240645135827016 ], [ 7.690715014047953, 48.240764854368173 ], [ 7.690636969314356, 48.239857298370524 ], [ 7.6901598111849, 48.231725008750011 ], [ 7.689822308742775, 48.230382837466244 ], [ 7.689624725194347, 48.228084681288919 ], [ 7.689341582504982, 48.22523279800388 ], [ 7.678148061126843, 48.195981794571239 ], [ 7.664784925081212, 48.160969932942841 ], [ 7.663496346603374, 48.161010691567512 ], [ 7.653447860107175, 48.140753949906383 ], [ 7.605070317579586, 48.120167667970755 ], [ 7.595328989333533, 48.101108097732919 ], [ 7.572006845282233, 48.093388702489641 ], [ 7.571063428282635, 48.062587243616861 ], [ 7.55649531547111, 48.032967598895866 ], [ 7.585850940229298, 48.01298222325282 ], [ 7.594185605555094, 48.000000000254126 ], [ 7.620208867783078, 47.959838219185372 ], [ 7.608471005970284, 47.938101537676324 ], [ 7.593091116179229, 47.922065387264048 ], [ 7.596777024164219, 47.902085830953943 ], [ 7.591862502941535, 47.876617115343699 ], [ 7.59089712392987, 47.874537650878295 ], [ 7.568277057290549, 47.860867121001526 ], [ 7.571401715852328, 47.817905130397328 ], [ 7.571446919077442, 47.816953733135556 ], [ 7.570032251269679, 47.816995144161659 ], [ 7.570075911189144, 47.812701177148213 ], [ 7.564598980818224, 47.782360823972354 ], [ 7.560729722192151, 47.771905672436951 ], [ 7.562535662001679, 47.77208622004914 ], [ 7.550922574385237, 47.752582056431791 ], [ 7.540852146538231, 47.692743852099255 ], [ 7.549189319960283, 47.647239258942747 ], [ 7.549237741011227, 47.632764762525873 ], [ 7.59444105706629, 47.599535017156789 ], [ 7.587298548953145, 47.588263807492886 ], [ 7.58973430779518, 47.563556880909189 ], [ 7.589656940391361, 47.558471979224585 ], [ 7.589656940391361, 47.558471979224585 ], [ 7.588361543700518, 47.55853455095879 ], [ 7.560839421759701, 47.56212324163883 ], [ 7.547543824650418, 47.557939129224444 ], [ 7.546600407650819, 47.557178345392217 ], [ 7.542584233153325, 47.553283158705142 ], [ 7.535652384161724, 47.546774973976433 ], [ 7.535953027829408, 47.546050296595503 ], [ 7.534987329915846, 47.545621659810429 ], [ 7.534387194220614, 47.54458090294758 ], [ 7.532725920002756, 47.543021901368249 ], [ 7.519833695202103, 47.532022330449216 ], [ 7.519789815195413, 47.530880582726986 ], [ 7.505308397893631, 47.511567232038558 ], [ 7.504366045397663, 47.510310202607272 ], [ 7.51202308096191, 47.503602944541996 ], [ 7.513235890138803, 47.503837334461473 ], [ 7.515505940048313, 47.500000000208502 ], [ 7.516430690954612, 47.498451610570022 ], [ 7.502457271844309, 47.483967364431308 ], [ 7.499999999554868, 47.483815311396619 ], [ 7.495251249841453, 47.483521463015158 ], [ 7.481351060494805, 47.482661322104278 ], [ 7.463053160589921, 47.489220227150987 ], [ 7.462109743590331, 47.489771602414706 ], [ 7.446510454664139, 47.499811409111217 ], [ 7.440368736846979, 47.500000000208502 ], [ 7.429436595572134, 47.500338918238157 ], [ 7.425036544902574, 47.50038048468268 ], [ 7.423451589754624, 47.500395457019785 ], [ 7.422624021290679, 47.500000000208502 ], [ 7.413317713000769, 47.495595146445496 ], [ 7.409179303844212, 47.493636238237549 ], [ 7.408283323281517, 47.491577392304734 ], [ 7.404978169822971, 47.483981876241998 ], [ 7.407730750685634, 47.482996952919251 ], [ 7.413090163451103, 47.480450856792416 ], [ 7.414543978940608, 47.468786233070333 ], [ 7.414969623180107, 47.466626906346853 ], [ 7.41013281700928, 47.46506591110056 ], [ 7.398001272116493, 47.461150459271018 ], [ 7.389225198914601, 47.454762215355608 ], [ 7.356885846889676, 47.439863116262146 ], [ 7.329702274826635, 47.444350733006537 ], [ 7.289266986559282, 47.446122436506514 ], [ 7.262675793239011, 47.444147418608949 ], [ 7.243237016753585, 47.43791690992056 ], [ 7.226101932983364, 47.446979222483208 ], [ 7.191261326254382, 47.447356785109669 ], [ 7.173775203329037, 47.457056295996367 ], [ 7.19461813553672, 47.486709947040154 ], [ 7.19549573297545, 47.496242566296175 ], [ 7.155345663404066, 47.493863201957495 ], [ 7.134359825404356, 47.500000000208502 ], [ 7.12230413155922, 47.50355900788054 ], [ 7.066467013048267, 47.5004101036686 ], [ 7.055965496272828, 47.500000000208502 ], [ 7.038713003593305, 47.499332676442307 ], [ 7.023771912072409, 47.486811521858101 ], [ 7.006329669153756, 47.478191507969512 ], [ 7.000000000422981, 47.476543360363756 ], [ 6.984982119114966, 47.472632730805202 ], [ 6.993867790374807, 47.467436263056847 ], [ 6.956249022357095, 47.453357736000576 ], [ 6.95425087811107, 47.457501614903471 ], [ 6.950784849859859, 47.46383573507579 ], [ 6.924142696910133, 47.466144323425688 ], [ 6.919798591519847, 47.476174161158099 ], [ 6.907687750997726, 47.491860969629251 ], [ 6.925239693483965, 47.496141010438031 ], [ 6.942308957693283, 47.493311870522 ], [ 6.964347914955124, 47.500000000208502 ], [ 6.966881677892685, 47.500776264900864 ], [ 6.968878211459414, 47.509446215777686 ], [ 6.944941749111133, 47.52211171210714 ], [ 6.906700453991443, 47.523766052682745 ], [ 6.89625704833341, 47.544331124508247 ], [ 6.866309045730784, 47.541418842530042 ], [ 6.830173983745375, 47.535652336668036 ], [ 6.817712104068103, 47.53764287745328 ], [ 6.79318326387542, 47.54155055733861 ], [ 6.767294148865427, 47.554076572647425 ], [ 6.743489326537231, 47.580187139516575 ], [ 6.713826542630574, 47.608959409899391 ], [ 6.681443208191024, 47.623836381530822 ], [ 6.647085280637216, 47.650466917997157 ], [ 6.63282432697416, 47.645019214017886 ], [ 6.577667347219344, 47.666456204747504 ], [ 6.553248206594222, 47.658002209492771 ], [ 6.553972224458673, 47.642915925897562 ], [ 6.590853243862789, 47.603229617709765 ], [ 6.61198139476644, 47.560382340320494 ], [ 6.626286228436218, 47.520896543498004 ], [ 6.621591083890761, 47.503939792674046 ], [ 6.601516048655925, 47.501772211256949 ], [ 6.579620000779399, 47.501098484830258 ], [ 6.579460001844136, 47.500000000208502 ], [ 6.577228548050816, 47.484823529999638 ], [ 6.558842888132575, 47.477567444930415 ], [ 6.567772439399055, 47.46708787787837 ], [ 6.575188134477404, 47.451756636619606 ], [ 6.577250488503325, 47.434532663161242 ], [ 6.605640755809415, 47.431816392659698 ], [ 6.628107241976204, 47.435665611288819 ], [ 6.666589876683503, 47.437466657947411 ], [ 6.693619869172309, 47.418959400244816 ], [ 6.727824217151847, 47.42767634983381 ], [ 6.721659097323267, 47.445904607221223 ], [ 6.750729502487163, 47.451059654836726 ], [ 6.772691370822853, 47.459553483078906 ], [ 6.795618596610677, 47.455009093765391 ], [ 6.793358783902162, 47.436028730487152 ], [ 6.794543539591029, 47.419191871585326 ], [ 6.780172886360393, 47.384091617382069 ], [ 6.773020469525532, 47.364881895627455 ], [ 6.800335680710308, 47.357260040679357 ], [ 6.798602426285355, 47.3416055821287 ], [ 6.782739858217377, 47.332525019688802 ], [ 6.780238706819586, 47.320706294005753 ], [ 6.781533162076003, 47.304545849802309 ], [ 6.79833914714357, 47.282641242943157 ], [ 6.822451128620234, 47.284534953711599 ], [ 6.832170517312113, 47.316193517369143 ], [ 6.855580420478491, 47.327081750043845 ], [ 6.877103490543979, 47.328871978682017 ], [ 6.882167936994313, 47.339027445699351 ], [ 6.898494920589416, 47.338899040518989 ], [ 6.899167487446023, 47.358991099680189 ], [ 6.902266377833859, 47.365113727616318 ], [ 6.912953333833427, 47.36133292524606 ], [ 6.933949845615353, 47.367936145009885 ], [ 6.953937119938525, 47.374742118060809 ], [ 6.976271966983578, 47.371266528333535 ], [ 7.000000000422981, 47.375115480866377 ], [ 7.042881589855183, 47.382070638783915 ], [ 7.077173698746429, 47.371411954956812 ], [ 7.08588384997952, 47.362191099878423 ], [ 7.097687531353162, 47.347425628773273 ], [ 7.06844160706083, 47.337880413178596 ], [ 7.048849251001204, 47.329468707790788 ], [ 7.032701463338925, 47.325844564891206 ], [ 7.000000000422981, 47.328125926900917 ], [ 6.999111432757999, 47.32818791495739 ], [ 6.993121832057803, 47.320007567165256 ], [ 7.000000000422981, 47.312168651005216 ], [ 7.000734987615393, 47.311330930302226 ], [ 7.032218785062047, 47.318129691679076 ], [ 7.035158735628365, 47.308244264563783 ], [ 7.014491322549092, 47.293143194361043 ], [ 7.020415103688395, 47.272253754383101 ], [ 7.008896641010739, 47.269980762743984 ], [ 7.000000000422981, 47.273570446092137 ], [ 6.961374755469373, 47.289152408996429 ], [ 6.945709646982313, 47.285394384520146 ], [ 6.918175036662444, 47.287419089844633 ], [ 6.904462581735437, 47.282961721802131 ], [ 6.894457974347598, 47.267532815651705 ], [ 6.897222404887174, 47.255524567068207 ], [ 6.909179665835061, 47.247362057543903 ], [ 6.949241975393068, 47.244913058033589 ], [ 6.951260448513982, 47.227402306800961 ], [ 6.953344742094087, 47.213386596449084 ], [ 6.925693683163948, 47.204648881278878 ], [ 6.914686588258371, 47.201657789372732 ], [ 6.882522652953922, 47.171813428904564 ], [ 6.863614218456042, 47.161372277086706 ], [ 6.866462625305027, 47.152861891637237 ], [ 6.873191798198856, 47.151437774502654 ], [ 6.878573465827147, 47.149868153377646 ], [ 6.860341385483093, 47.143091455326747 ], [ 6.859288268915954, 47.142857760684315 ], [ 6.844845802564884, 47.136511505319142 ], [ 6.83423287043971, 47.132004421779975 ], [ 6.817426227805364, 47.129363589285163 ], [ 6.796298734468483, 47.126043632319053 ], [ 6.789342193484665, 47.123099240727477 ], [ 6.778900370658153, 47.118679376166313 ], [ 6.766776963603531, 47.106751777018602 ], [ 6.761017176207551, 47.101258498347207 ], [ 6.733309199122649, 47.095805654223149 ], [ 6.719048245459592, 47.080175682389303 ], [ 6.682167226055513, 47.069470363740926 ], [ 6.685458215776965, 47.047087504263729 ], [ 6.671767700404161, 47.030462481041866 ], [ 6.654331935236978, 47.02491598289113 ], [ 6.642390136091762, 47.021416044888376 ], [ 6.641029860376152, 47.020684065234292 ], [ 6.638016053022137, 47.01835951092081 ], [ 6.617949055912455, 47.002879207852665 ], [ 6.61599335077537, 47.000000000202057 ], [ 6.609525841852481, 46.990566617633768 ], [ 6.608449066355676, 46.988995891760553 ], [ 6.60682943983102, 46.988657079324931 ], [ 6.567223940662977, 46.980694871542745 ], [ 6.511079405187131, 46.973186759245614 ], [ 6.500000000392768, 46.971705004357148 ], [ 6.476396734861493, 46.968548175351401 ], [ 6.459957290277629, 46.942517527001904 ], [ 6.457478329063968, 46.938277200622835 ], [ 6.47809066822983, 46.920234102266967 ], [ 6.47637473961176, 46.88590112754062 ], [ 6.475207881058265, 46.873914235353723 ], [ 6.474769081889773, 46.853754452506593 ], [ 6.474637442768011, 46.851135740433314 ], [ 6.468782079117377, 46.848860847296386 ], [ 6.451644397419356, 46.842202054105414 ], [ 6.446179479320424, 46.824761559310076 ], [ 6.442122468308439, 46.811810513354203 ], [ 6.466106173057465, 46.789631796169978 ], [ 6.459475875032032, 46.77758295421085 ], [ 6.458226375963991, 46.775312011787882 ], [ 6.450188107071244, 46.770385666145515 ], [ 6.427225257692522, 46.756310120686592 ], [ 6.373099454052382, 46.727707142627352 ], [ 6.343654758638817, 46.711373403453166 ], [ 6.339070624302921, 46.708921757319722 ], [ 6.250136158025267, 46.659463200588156 ], [ 6.198442736154658, 46.630747728610665 ], [ 6.182880273663538, 46.622099843903705 ], [ 6.168750960020503, 46.590179785797126 ], [ 6.139752526978829, 46.578809090351264 ], [ 6.109058979284274, 46.565948829110702 ], [ 6.111303493683491, 46.561966370884868 ], [ 6.117038548663086, 46.551789283507226 ], [ 6.123708286322755, 46.54129843713234 ], [ 6.102163276703084, 46.519432294019815 ], [ 6.085115952946238, 46.50115980870369 ], [ 6.08447512356862, 46.499999999857828 ], [ 6.059863094889069, 46.455847583244314 ], [ 6.055228838153544, 46.44555629345863 ], [ 6.051394282345255, 46.43703942138746 ], [ 6.042245331943629, 46.433131733059362 ], [ 6.043193378860192, 46.432550359107189 ], [ 6.046106759955371, 46.430763739467231 ], [ 6.054553632046676, 46.430429597332839 ], [ 6.080596327529201, 46.404868862826326 ], [ 6.179786743522976, 46.368286899035951 ], [ 6.171756730147699, 46.351645286350099 ], [ 6.1668860655755, 46.329380611074953 ], [ 6.153765988492923, 46.326091068293685 ], [ 6.135204809446263, 46.302228649739916 ], [ 6.165261571080337, 46.287198721973496 ], [ 6.159602009618887, 46.280468182575319 ], [ 6.148143559792092, 46.263509156518694 ], [ 6.124278724613008, 46.267384410413555 ], [ 6.118552403952929, 46.255973612089399 ], [ 6.137197089490104, 46.247302950694241 ], [ 6.1280304530572, 46.233728073711177 ], [ 6.124980158831271, 46.215061739341024 ], [ 6.100737181426608, 46.218707931693075 ], [ 6.087112485614635, 46.203362701901113 ], [ 6.083031659366133, 46.188713610098318 ], [ 6.089350358768973, 46.177359320420358 ], [ 6.07939820221397, 46.175284861154417 ], [ 6.077656376962882, 46.1749217811698 ], [ 6.068551306567947, 46.170484304365317 ], [ 6.065268397192457, 46.171250360244336 ], [ 6.056352706032488, 46.173330753487072 ], [ 6.057556068525834, 46.183635761828675 ], [ 6.052206060223118, 46.184671286960892 ], [ 6.064821518576265, 46.203639887616497 ], [ 6.05558480905964, 46.212436163435584 ], [ 6.036365431709315, 46.216782721425346 ], [ 6.010783474949492, 46.215645064876071 ], [ 6.008852760943622, 46.202560313673281 ], [ 6.000000000362556, 46.204470861248588 ], [ 5.991344698464074, 46.206338730312808 ], [ 5.968834331392297, 46.186787341682567 ], [ 5.978334320949039, 46.166265447640825 ], [ 5.99354105777418, 46.152302922263253 ], [ 5.994569867726354, 46.151358160061321 ], [ 5.977785822212996, 46.150204537432828 ], [ 5.975855109105424, 46.150073110802488 ], [ 5.972706792512358, 46.131762090210835 ], [ 5.971686521945249, 46.125826745919049 ], [ 5.945621886908548, 46.116695059454088 ], [ 5.945990094665392, 46.115349574170601 ], [ 5.949110336210919, 46.104741206158025 ], [ 5.940685403673789, 46.087653481055895 ], [ 5.922431382877263, 46.08858913195958 ], [ 5.919301920125345, 46.090677060715038 ], [ 5.905405998674594, 46.099947241107884 ], [ 5.903845316005621, 46.100145642962289 ], [ 5.878298557933567, 46.10339317073003 ], [ 5.861591961570727, 46.077462626479743 ], [ 5.850755047105854, 46.035207784874679 ], [ 5.862542866028228, 46.000000000240469 ], [ 5.863232610469661, 45.997957838822686 ], [ 5.867464720198559, 45.994397641301219 ], [ 5.893448737726708, 45.972884898918714 ], [ 5.886427960013581, 45.923619156181566 ], [ 5.858695891011092, 45.858905531301218 ], [ 5.839845630512714, 45.833996710920459 ], [ 5.833267513825504, 45.825086456639426 ], [ 5.826444195693268, 45.778048817364024 ], [ 5.825303319112752, 45.775659462484498 ], [ 5.80347309079712, 45.734630990704694 ], [ 5.811481164618232, 45.686611754639415 ], [ 5.792631973115032, 45.677070499997832 ], [ 5.785350710020627, 45.647985387670246 ], [ 5.784101299885791, 45.646971754038958 ], [ 5.775126703497685, 45.639690213598357 ], [ 5.765775088676394, 45.644463821358613 ], [ 5.75623642485004, 45.648715537613946 ], [ 5.736183330067676, 45.655315656813947 ], [ 5.714924202100662, 45.643401718010708 ], [ 5.690723798552241, 45.604772677143615 ], [ 5.666545996616386, 45.601455103020456 ], [ 5.656401511657367, 45.591837907760556 ], [ 5.654785422698281, 45.590216192660819 ], [ 5.653650342048006, 45.58907713224157 ], [ 5.653009060817816, 45.587992788806432 ], [ 5.655144296959359, 45.587281418047169 ], [ 5.670253845053885, 45.569116689432406 ], [ 5.697437416218592, 45.528359980384046 ], [ 5.719004366290807, 45.510429900792055 ], [ 5.728745969421303, 45.500000000291124 ], [ 5.745573619158579, 45.48213920710743 ], [ 5.75568792611397, 45.46702579692856 ], [ 5.759856513274171, 45.444965382475978 ], [ 5.802485793790839, 45.432791402736996 ], [ 5.851082735453527, 45.441362857227048 ], [ 5.870214352790451, 45.457369080693923 ], [ 5.876094253923097, 45.487335768196502 ], [ 5.892066521558626, 45.496566456353399 ], [ 5.920281269736299, 45.4939976913804 ], [ 5.982064108042425, 45.473181991273833 ], [ 6.000000000362556, 45.471447578455319 ], [ 6.002183023283954, 45.471236474534194 ], [ 6.050779964048309, 45.465268833636138 ], [ 6.075133285112574, 45.459576476835331 ], [ 6.104401149857387, 45.434767311963654 ], [ 6.132901116731064, 45.426747013183217 ], [ 6.168290221297801, 45.349623929683247 ], [ 6.15688145818766, 45.324649664605175 ], [ 6.140316812707738, 45.308081362554191 ], [ 6.133296035892901, 45.251963363038413 ], [ 6.161444963611381, 45.189748783820306 ], [ 6.165876829015043, 45.168250898748916 ], [ 6.209361767416267, 45.153315787529579 ], [ 6.228822484354167, 45.139997878852114 ], [ 6.248370960407135, 45.142466017480274 ], [ 6.265374405055629, 45.131614167795682 ], [ 6.246198907711987, 45.116961603749836 ], [ 6.281960990988059, 45.104073566869261 ], [ 6.302057964878782, 45.11554435553181 ], [ 6.35245398142558, 45.124003488395168 ], [ 6.402564777479778, 45.098534609828206 ], [ 6.389664099532339, 45.075963981147851 ], [ 6.422398473127051, 45.063022753590687 ], [ 6.465642071940664, 45.044841561247615 ], [ 6.492694003983646, 45.05639745795051 ], [ 6.481109721745096, 45.093155897112581 ], [ 6.500000000392768, 45.095320844795708 ], [ 6.514524232299314, 45.096985359156925 ], [ 6.532756313541654, 45.0828209052451 ], [ 6.561387919537049, 45.080788769065983 ], [ 6.572335943924451, 45.104775031731414 ], [ 6.689955900741493, 45.132884949456198 ], [ 6.787171723621038, 45.15057068552467 ], [ 6.828594308894665, 45.151578211936148 ], [ 6.86889795714195, 45.149679959095501 ], [ 6.894655433030219, 45.156819979500177 ], [ 6.913304372988587, 45.169447872471665 ], [ 6.917670418831381, 45.181620537591158 ], [ 6.925119820495822, 45.181526366401954 ], [ 6.966157660028196, 45.18100758820772 ], [ 6.986495974404818, 45.156323565593269 ], [ 7.000000000422981, 45.147818434965032 ], [ 7.02289431553201, 45.1333961756145 ], [ 7.03307444204826, 45.114784579043672 ], [ 7.039327321890243, 45.085993231497319 ], [ 7.071973935471587, 45.08247003845721 ], [ 7.131080102353169, 45.074194789653873 ], [ 7.190822527984179, 45.0609606577992 ], [ 7.217611180885375, 45.032200523156071 ], [ 7.217808639568005, 45.004128540315733 ], [ 7.211854402845606, 45.000000000297035 ], [ 7.187509598708525, 44.981491288848005 ], [ 7.135446148195973, 44.956070134330275 ], [ 7.10299699419552, 44.954479931386047 ], [ 7.070240681046633, 44.967344844409922 ], [ 7.022170297667515, 44.99043336924106 ], [ 7.000000000422981, 44.974262314796555 ], [ 6.995074485617849, 44.970669012533264 ], [ 6.977303143996507, 44.92707007572335 ], [ 6.994504048225919, 44.892781190179797 ], [ 6.99858487447443, 44.864971664302374 ], [ 6.9862985148239, 44.729236685845663 ], [ 7.000000000422981, 44.668070809603442 ], [ 7.005013273444822, 44.645674405213626 ], [ 7.000000000422981, 44.643212669339633 ], [ 6.952818183810518, 44.620039186928899 ], [ 6.916990280973577, 44.621525598441004 ], [ 6.865431448292061, 44.60974635656823 ], [ 6.790089734633192, 44.580376651295957 ], [ 6.704918931816567, 44.536528686326776 ], [ 6.675008495860798, 44.500000000095532 ], [ 6.6611048947127, 44.483158186620912 ], [ 6.631398231697684, 44.474021649834469 ], [ 6.573411000944101, 44.462972384887507 ], [ 6.536551921094195, 44.458828367513227 ], [ 6.535257464939445, 44.459053244232209 ], [ 6.532140778027507, 44.430412078606075 ], [ 6.531175305591053, 44.421536888131143 ], [ 6.5307817195291, 44.417918423692598 ], [ 6.516213606717574, 44.392676785662609 ], [ 6.524770179274728, 44.373312074501307 ], [ 6.535849842783882, 44.344478235560089 ], [ 6.524111980971134, 44.328059737264688 ], [ 6.541839443484079, 44.276907395914058 ], [ 6.540347528646737, 44.216839604907193 ], [ 6.615826086121228, 44.18472744201749 ], [ 6.691667215612263, 44.172305125821602 ], [ 6.735305732689378, 44.174597218829248 ], [ 6.739518198957947, 44.151607656697408 ], [ 6.759022795902567, 44.131177480792971 ], [ 6.793161324321245, 44.117607264737671 ], [ 6.843688979989761, 44.120838552924091 ], [ 6.876708572280467, 44.109560583491337 ], [ 6.894633493476007, 44.086723330820703 ], [ 6.880306720252091, 44.068453601743052 ], [ 6.839147414120251, 44.031686758245648 ], [ 6.814462677598189, 44.000000000164377 ], [ 6.826896788711744, 43.964454640771464 ], [ 6.815714300958279, 43.939992434251494 ], [ 6.69155751514638, 43.940862087457994 ], [ 6.644737707915354, 43.923505519826506 ], [ 6.59991443425104, 43.91064551407019 ], [ 6.589229689005395, 43.887892526632491 ], [ 6.597917900684301, 43.835229630438555 ], [ 6.6235217969983, 43.814154576779593 ], [ 6.739189100255295, 43.798484307658477 ], [ 6.807246757957587, 43.794843961327949 ], [ 6.88375128864948, 43.810692334708008 ], [ 6.972805459031987, 43.817906451943095 ], [ 7.000000000422981, 43.811742056617383 ], [ 7.085401171702633, 43.792379352356342 ], [ 7.133252155946614, 43.745854762326083 ], [ 7.141896487618847, 43.725022117263606 ], [ 7.133252155946614, 43.653439006043129 ], [ 7.136462675483267, 43.637332431013476 ], [ 7.13827639919475, 43.631750237811801 ], [ 7.132901116791489, 43.63053879299342 ], [ 7.110741788874845, 43.622122614347965 ], [ 7.096327255637554, 43.606886473952194 ], [ 7.089591697518685, 43.588090418619316 ], [ 7.092158669375676, 43.568803369802261 ], [ 7.090600934977438, 43.54858813564222 ], [ 7.090973913686811, 43.527023084452736 ], [ 7.080069769306064, 43.526311127293965 ], [ 7.076625200010342, 43.533252347961415 ], [ 7.078753373597139, 43.542053111541378 ], [ 7.063658702502008, 43.546032443943432 ], [ 7.049748787994111, 43.544172219570711 ], [ 7.034676057351487, 43.533867149352872 ], [ 7.016334276541587, 43.519498564909881 ], [ 7.006417429167122, 43.520938814979885 ], [ 7.000000000422981, 43.525329944419674 ], [ 6.995184186083732, 43.52862495711917 ], [ 6.981471730258385, 43.532071264713203 ], [ 6.955845894390212, 43.526262584808805 ], [ 6.938908269302584, 43.515646940090193 ], [ 6.93772351271542, 43.505757810802116 ], [ 6.947881699677461, 43.50363734339399 ], [ 6.950290629129904, 43.499999999890157 ], [ 6.953542201675004, 43.495130746847906 ], [ 6.948781236670366, 43.481273767905499 ], [ 6.939829745849666, 43.476391751506078 ], [ 6.938842449741718, 43.46118108399159 ], [ 6.935178481310902, 43.44938895983632 ], [ 6.931777792021909, 43.427356868958896 ], [ 6.909640404557772, 43.403467594128955 ], [ 6.896235107880938, 43.399077752065949 ], [ 6.893317097767082, 43.390667013317611 ], [ 6.887897935357174, 43.387193018653377 ], [ 6.881030738116579, 43.390940420503306 ], [ 6.859090809335036, 43.389862865680108 ], [ 6.853715526931786, 43.385970639495362 ], [ 6.844478817415116, 43.384169193933957 ], [ 6.840178591133215, 43.391808884383025 ], [ 6.822209789930957, 43.40028378445917 ], [ 6.796737532738685, 43.398884784560849 ], [ 6.780699444643965, 43.363207338640017 ], [ 6.767557428007203, 43.307509593830623 ], [ 6.727824217151847, 43.283782195146259 ], [ 6.703448956533398, 43.281172094941589 ], [ 6.666480177115952, 43.254919823487491 ], [ 6.641358959078841, 43.234396758849989 ], [ 6.65807718503133, 43.227301543395527 ], [ 6.704216854404578, 43.235638336503541 ], [ 6.752835735621442, 43.240169071130744 ], [ 6.775916540085141, 43.225463101591636 ], [ 6.74776761236666, 43.208011253207331 ], [ 6.732321903014701, 43.176820892033753 ], [ 6.747789551920844, 43.160888738222098 ], [ 6.709328857666045, 43.162777570646647 ], [ 6.679117575921642, 43.15549636195739 ], [ 6.654500976613891, 43.1205150114303 ], [ 6.628282762002947, 43.118996434963741 ], [ 6.615842822778173, 43.134180486164162 ], [ 6.612420193934969, 43.149958184105792 ], [ 6.551975690891979, 43.153865639065614 ], [ 6.522115448302693, 43.13174160198399 ], [ 6.500000000392768, 43.128528143612634 ], [ 6.49376906010496, 43.127622734073491 ], [ 6.467792185081627, 43.135230306515055 ], [ 6.430494306961492, 43.135101099200362 ], [ 6.38347704014955, 43.12927031489172 ], [ 6.360132955645706, 43.111402986528994 ], [ 6.355481691106942, 43.095582946905694 ], [ 6.363840804083204, 43.063784986713607 ], [ 6.356139889410572, 43.060906669180824 ], [ 6.332905504474305, 43.069573549527696 ], [ 6.330843151346717, 43.077560215285537 ], [ 6.301948265311231, 43.086192396224156 ], [ 6.296989841623999, 43.096100112086255 ], [ 6.265879022886691, 43.101190725221088 ], [ 6.235887141175678, 43.098023282863061 ], [ 6.194815595057213, 43.086273216176266 ], [ 6.169518856993351, 43.069880748414676 ], [ 6.147908027812785, 43.053920524213787 ], [ 6.151725575817834, 43.033135239065878 ], [ 6.15578446251217, 43.025676687898383 ], [ 6.171668970134323, 43.025045662629736 ], [ 6.173160885869991, 43.02096810922086 ], [ 6.165811009454185, 43.018346680332442 ], [ 6.153480769796963, 43.01839522650716 ], [ 6.139878014437499, 43.017618485709598 ], [ 6.126955396037551, 43.019673590801432 ], [ 6.11883762264889, 43.017667032464104 ], [ 6.11550275381906, 43.021049015791704 ], [ 6.119122841344859, 43.026598944404569 ], [ 6.12765747344953, 43.02318490831594 ], [ 6.13487571074362, 43.025304545564708 ], [ 6.139197876579694, 43.032989636301735 ], [ 6.13871519740451, 43.043100120931093 ], [ 6.133098576311983, 43.053095718343577 ], [ 6.085181772507097, 43.053079545283623 ], [ 6.024364290754745, 43.046771833739108 ], [ 6.012099870658418, 43.055731824251552 ], [ 6.016575616068772, 43.070802335771305 ], [ 6.000000000362556, 43.07462978312698 ], [ 5.964972904278897, 43.082717039978853 ], [ 5.965192303413989, 43.085949935723313 ], [ 5.936450996952747, 43.089764531891049 ], [ 5.911702757624935, 43.078303859919764 ], [ 5.953081462891869, 43.067859674889668 ], [ 5.947245441765905, 43.052076824303832 ], [ 5.971138024107503, 43.052853125945504 ], [ 5.983863182926534, 43.041498732020351 ], [ 5.961681914557408, 43.040026710741024 ], [ 5.940027205370195, 43.046868880109571 ], [ 5.908609228382707, 43.035950159649644 ], [ 5.873549222518613, 43.03667813527791 ], [ 5.830700541968521, 43.059030838521153 ], [ 5.842899142504009, 43.070284954801977 ], [ 5.842943021612367, 43.093837480463719 ], [ 5.806851839633643, 43.092512185990152 ], [ 5.79493845869244, 43.107266580741125 ], [ 5.749193707582712, 43.105036683221172 ], [ 5.715493977434226, 43.117235486105393 ], [ 5.660556396814521, 43.121468140755894 ], [ 5.625386691382879, 43.133922066133927 ], [ 5.6237411969713, 43.147326161229415 ], [ 5.634382062210261, 43.162632278033961 ], [ 5.593551854781073, 43.173689674978434 ], [ 5.565468746623423, 43.173592830263182 ], [ 5.559215866781478, 43.160129959864612 ], [ 5.542804800875744, 43.160404412860458 ], [ 5.530715899907809, 43.183760643376019 ], [ 5.526766712781023, 43.203042524707165 ], [ 5.517815221960359, 43.212415012787517 ], [ 5.500285219028295, 43.207978990149449 ], [ 5.500000000332335, 43.207984770021184 ], [ 5.427049737605381, 43.209463077622189 ], [ 5.409058996848947, 43.207414382212114 ], [ 5.395587880611244, 43.20907592776031 ], [ 5.386833848473139, 43.220721600028554 ], [ 5.390739156491555, 43.23001072409749 ], [ 5.376346562808411, 43.254275057077116 ], [ 5.378321156820966, 43.260674059011514 ], [ 5.381612145644112, 43.263865247851818 ], [ 5.385802672358507, 43.263188343203566 ], [ 5.390673336032363, 43.263478446592785 ], [ 5.398286491589963, 43.265734755113506 ], [ 5.396904276320134, 43.269489711641462 ], [ 5.393020908754253, 43.270456614963315 ], [ 5.385407753196663, 43.27064999390263 ], [ 5.38086618822545, 43.269731438594015 ], [ 5.378518616401884, 43.278336303442345 ], [ 5.367614472021146, 43.305657484955567 ], [ 5.344380087084881, 43.330825199258157 ], [ 5.321803901350541, 43.34257619753749 ], [ 5.271473705262907, 43.329231394432647 ], [ 5.259560323423408, 43.31436995444745 ], [ 5.23606266024369, 43.301276618066034 ], [ 5.183516531454225, 43.295461815002469 ], [ 5.08858246083737, 43.304868308334854 ], [ 5.014974001603444, 43.301341044679894 ], [ 5.000910506622954, 43.314257231836343 ], [ 5.01271418889493, 43.332113091539199 ], [ 5.000000000302123, 43.339676083674462 ], [ 4.986959884059615, 43.347420804939397 ], [ 4.975798336417366, 43.369884392866382 ], [ 5.000000000302123, 43.373405210601582 ], [ 5.019120647412813, 43.37619071385042 ], [ 5.051109063588853, 43.381434753338525 ], [ 5.07179841622231, 43.37736503225603 ], [ 5.184503828460508, 43.385616788746503 ], [ 5.214737049759084, 43.398498847693936 ], [ 5.230446039151126, 43.419496641647825 ], [ 5.267217358987691, 43.444102637969856 ], [ 5.270618047378387, 43.467670583965095 ], [ 5.265374404995195, 43.492802740916105 ], [ 5.239880208248712, 43.490731542906602 ], [ 5.195956471577295, 43.474994522626893 ], [ 5.186500362027236, 43.453357412501973 ], [ 5.156047741593521, 43.474480591432396 ], [ 5.145659354153378, 43.499999999890157 ], [ 5.134941530244045, 43.526537660332245 ], [ 5.087595164729421, 43.537847025207235 ], [ 5.058809978261495, 43.540548660635388 ], [ 5.027786919537517, 43.569304620468706 ], [ 5.004267315905292, 43.572457554849429 ], [ 5.000000000302123, 43.554412672140415 ], [ 4.987121552064686, 43.499999999890157 ], [ 4.984960473189048, 43.490940271229398 ], [ 5.000000000302123, 43.488304981639182 ], [ 5.020393163115055, 43.484726268977774 ], [ 5.053017837142216, 43.407503393804966 ], [ 5.050012067015029, 43.388865707660933 ], [ 5.015105640725179, 43.385375525143587 ], [ 5.000000000302123, 43.384127404740653 ], [ 4.9737989255468, 43.381965566212926 ], [ 4.974480043466571, 43.392966815635255 ], [ 4.953892699923516, 43.413419932892424 ], [ 4.927878383119131, 43.421843565670763 ], [ 4.894174023053645, 43.422245426784158 ], [ 4.86928025575151, 43.41173184895753 ], [ 4.832236220869452, 43.355998507123402 ], [ 4.830258780994095, 43.344298411224855 ], [ 4.835202379784193, 43.334817576064452 ], [ 4.857415618295947, 43.334511717806876 ], [ 4.892306441747654, 43.341948462053729 ], [ 4.914190106347962, 43.351363802705841 ], [ 4.91434390780608, 43.345956197452331 ], [ 4.895558230786765, 43.335638556002785 ], [ 4.86141444093545, 43.330551518457526 ], [ 4.835158436895449, 43.327138455340688 ], [ 4.781152364309602, 43.321213434167696 ], [ 4.700340998430227, 43.319989716496288 ], [ 4.658419278642034, 43.333626329791024 ], [ 4.639853317863089, 43.352281116344763 ], [ 4.648839682181434, 43.353536364909189 ], [ 4.661978669699049, 43.337393162593685 ], [ 4.686191319081405, 43.333787310516485 ], [ 4.700428885106058, 43.329698271113948 ], [ 4.71192000576143, 43.342592292846476 ], [ 4.656397895877924, 43.428176588535443 ], [ 4.604764750962843, 43.44188513602073 ], [ 4.572049110835077, 43.458530467725673 ], [ 4.568973093350997, 43.479202171101484 ], [ 4.600128753292352, 43.497667367309766 ], [ 4.593706114319543, 43.499999999890157 ], [ 4.577673827544945, 43.505871115959877 ], [ 4.599711293603407, 43.51762133362984 ], [ 4.60164479059002, 43.534773160744884 ], [ 4.57472963962545, 43.551030498672368 ], [ 4.545968879248396, 43.554831328958855 ], [ 4.519317387412985, 43.550448222127336 ], [ 4.500000000271902, 43.547263519306405 ], [ 4.493808416973331, 43.54624272629566 ], [ 4.48383333271734, 43.530663641594543 ], [ 4.499740735701112, 43.523155761706519 ], [ 4.500000000271902, 43.523095383211889 ], [ 4.530105419153331, 43.516083901729118 ], [ 4.525908853065326, 43.509092135091393 ], [ 4.500000000271902, 43.511117675326254 ], [ 4.496510917657247, 43.511390444476909 ], [ 4.463839221316521, 43.50095023058465 ], [ 4.463956301442455, 43.499999999890157 ], [ 4.466629607777935, 43.478479504331354 ], [ 4.486382032841434, 43.461727257321961 ], [ 4.500000000271902, 43.462722885422345 ], [ 4.5195590746486, 43.464152847579847 ], [ 4.504552505824968, 43.453084289041669 ], [ 4.500000000271902, 43.452888866611595 ], [ 4.43942882758733, 43.450288712855681 ], [ 4.412535648516302, 43.449131885162764 ], [ 4.349389410153984, 43.447766156731596 ], [ 4.35235556996706, 43.457711162242418 ], [ 4.392629423791315, 43.457759357146074 ], [ 4.374568808478814, 43.489382817497244 ], [ 4.362237161161541, 43.499999999890157 ], [ 4.342644143941857, 43.517006365472668 ], [ 4.317530661297649, 43.519854585032014 ], [ 4.275850628745062, 43.512312980473475 ], [ 4.290508526372624, 43.499999999890157 ], [ 4.308434439308254, 43.485063480005927 ], [ 4.288308498342897, 43.473340290182072 ], [ 4.263319058666399, 43.499999999890157 ], [ 4.252516841629348, 43.511617033936822 ], [ 4.204267314419665, 43.501354924267623 ], [ 4.20435038702388, 43.499999999890157 ], [ 4.20602503895294, 43.47290664854124 ], [ 4.238630820511342, 43.464040405156105 ], [ 4.279190304460005, 43.459622856990968 ], [ 4.287012176387311, 43.449935240436822 ], [ 4.170387182799177, 43.457855746837232 ], [ 4.140198270901997, 43.480904418265709 ], [ 4.138956685991609, 43.499999999890157 ], [ 4.137825344129527, 43.517540417076091 ], [ 4.117303914470427, 43.540564837608436 ], [ 4.0726357511096, 43.542748704530844 ], [ 4.025155229393808, 43.536617498488837 ], [ 4.000000000241688, 43.531730079594453 ], [ 3.962118848702575, 43.524369383475118 ], [ 3.899600790540342, 43.499999999890157 ], [ 3.776437269019586, 43.452361307755375 ], [ 3.639598447790263, 43.398788300903711 ], [ 3.617253380612231, 43.365379473818813 ], [ 3.574408855668633, 43.350623504738778 ], [ 3.551580414019361, 43.321921891672737 ], [ 3.505066639449419, 43.306382230093504 ], [ 3.500000000211477, 43.307387443822094 ], [ 3.461475081803764, 43.315030183030615 ], [ 3.39384664722908, 43.310247390087177 ], [ 3.352276472347535, 43.289839769430657 ], [ 3.138471307318553, 43.139138710325312 ], [ 3.055067298426303, 43.002372949712225 ], [ 3.054245486366734, 43.00000000005209 ], [ 3.044433068144039, 42.971891308964452 ], [ 3.043883778890547, 42.940272843023713 ], [ 3.048475833672295, 42.917593231162044 ], [ 3.034216296652423, 42.914345709811066 ], [ 3.017803548202172, 42.920486916778046 ], [ 3.007059459350534, 42.926097061668052 ], [ 3.007213259910356, 42.909586654129207 ], [ 3.029975787675637, 42.897976864677602 ], [ 3.05269437165387, 42.887683797666078 ], [ 3.057594027555188, 42.874251960288852 ], [ 3.060384414016601, 42.860913725566398 ], [ 3.051332134915996, 42.818949357824813 ], [ 3.050057784853953, 42.813007317938059 ], [ 3.033702121645044, 42.736230632478708 ], [ 3.027954404911528, 42.709226962084514 ], [ 3.024021497054314, 42.65482516686162 ], [ 3.044389125255295, 42.567837716329343 ], [ 3.11430260082495, 42.53536381714126 ], [ 3.122761647783283, 42.52232418832039 ], [ 3.124758098705015, 42.499999999702688 ], [ 3.126145267285303, 42.484608542773707 ], [ 3.119707602192737, 42.455806559745938 ], [ 3.083256799452961, 42.455710155894003 ], [ 3.049991870969954, 42.461815437661933 ], [ 3.014375985811435, 42.481990732522512 ], [ 3.000000000181255, 42.483233737285509 ], [ 2.957909098879, 42.486872940086343 ], [ 2.922073499276697, 42.484351584855162 ], [ 2.892258104179673, 42.467309678307252 ], [ 2.827793572866603, 42.448977585287928 ], [ 2.784267930003199, 42.450022065368572 ], [ 2.751881863786879, 42.45415160676572 ], [ 2.717913845490594, 42.4470171287252 ], [ 2.667994480423423, 42.435076295987258 ], [ 2.635674328989355, 42.418631801889845 ], [ 2.649933866009254, 42.390667798246525 ], [ 2.622425483800709, 42.383751243483303 ], [ 2.595620191405513, 42.3881747098036 ], [ 2.554357617643538, 42.388110370936218 ], [ 2.553698471617311, 42.3620958567031 ], [ 2.525421084813191, 42.366810485389642 ], [ 2.500000000151079, 42.377486651884716 ], [ 2.479105054590085, 42.386260593597612 ], [ 2.447509963964567, 42.396827710455334 ], [ 2.383748522464811, 42.414483824071041 ], [ 2.312428867268528, 42.438242527225924 ], [ 2.248359823750859, 42.433002889569515 ], [ 2.186378077779588, 42.437197849307516 ], [ 2.137798977556757, 42.433597594807736 ], [ 2.104094618389631, 42.414644603357559 ], [ 2.084957397361921, 42.384989845807844 ], [ 2.016537986298129, 42.380019201840923 ], [ 2.000000000120858, 42.388437649075271 ], [ 1.963322889303103, 42.4071035987347 ], [ 1.952556829456255, 42.444719138883691 ], [ 1.943482578462106, 42.450552332880186 ], [ 1.928937412216171, 42.457959540376642 ], [ 1.866164689755764, 42.465365864716645 ], [ 1.826571954749611, 42.489137255501973 ], [ 1.771994621016701, 42.486551754399152 ], [ 1.706519398770703, 42.49512685282599 ], [ 1.70682612942279, 42.499999999702688 ], [ 1.708974560019235, 42.53439811315836 ], [ 1.725129302438436, 42.539537213234702 ], [ 1.729699385326632, 42.546314339447051 ], [ 1.708430923863808, 42.55556497150085 ], [ 1.701927344887297, 42.567821548422934 ], [ 1.700784823491496, 42.582742839456671 ], [ 1.664136276404839, 42.594072857919826 ], [ 1.639176594320424, 42.588884904516085 ], [ 1.593168166115222, 42.599825967178198 ], [ 1.553795146451141, 42.610183448041887 ], [ 1.539667438995826, 42.621750750811735 ], [ 1.50075582101111, 42.629924104544884 ], [ 1.500251646947817, 42.629172055225681 ], [ 1.500000000090646, 42.628796683521607 ], [ 1.486408398213749, 42.608519258064462 ], [ 1.4648982495153, 42.5865574567 ], [ 1.444025275847849, 42.581061746729731 ] ], [ [ 5.856392198295885, 48.283780665455403 ], [ 5.895511090854304, 48.266691134963054 ], [ 5.899957483812759, 48.253905229359091 ], [ 5.904133482972361, 48.241519868334791 ], [ 5.904747800370965, 48.236650332525251 ], [ 5.930768555401018, 48.247015759490601 ], [ 5.948627657035698, 48.244756247361153 ], [ 5.970326247127973, 48.231299137909154 ], [ 6.000000000362556, 48.226690554346305 ], [ 6.002907040250117, 48.226239043548524 ], [ 6.009467079240568, 48.234711136599401 ], [ 6.012626428941988, 48.255528115944919 ], [ 6.033513241156363, 48.258996784091266 ], [ 6.033513241156363, 48.272869088150401 ], [ 6.041345794950723, 48.2815373552586 ], [ 6.064843459028773, 48.271135257429194 ], [ 6.082439281521696, 48.261211943739937 ], [ 6.093321485449934, 48.243021457256717 ], [ 6.082746440670173, 48.226457790181456 ], [ 6.088450821776078, 48.213798113788492 ], [ 6.102185217155556, 48.205731032245936 ], [ 6.102404616290658, 48.185229351639713 ], [ 6.081298404941189, 48.163565945335442 ], [ 6.053610215047078, 48.161375735745565 ], [ 6.045009763381539, 48.178559054432405 ], [ 6.022587156323109, 48.182631396536991 ], [ 6.012626428941988, 48.193051606848464 ], [ 6.000000000362556, 48.193051606848464 ], [ 5.989128765762244, 48.193051606848464 ], [ 5.966771978264709, 48.186922329168844 ], [ 5.956218873039115, 48.161989003577084 ], [ 5.938996029255527, 48.160791663686105 ], [ 5.939676166215035, 48.141864116555844 ], [ 5.966464819116232, 48.142959652380121 ], [ 5.977237324375215, 48.124566144418054 ], [ 5.973617235951119, 48.112319610952966 ], [ 5.941782399349314, 48.111822672615624 ], [ 5.944455654480832, 48.099136097161669 ], [ 5.962735031124548, 48.090581361355461 ], [ 5.932216591130002, 48.049842945531374 ], [ 5.92368195902533, 48.036026942773958 ], [ 5.949198095325952, 48.028707634159403 ], [ 5.966355119548681, 48.001265559819281 ], [ 5.965897979477015, 48.000000000254126 ], [ 5.961623073109668, 47.988278592691593 ], [ 5.957732727430632, 47.978692456264305 ], [ 5.954070128032329, 47.956982716795139 ], [ 5.953366681587838, 47.953217999653724 ], [ 5.979480368232348, 47.949308749190784 ], [ 5.99740011872513, 47.94662596868627 ], [ 6.000000000362556, 47.949337146262053 ], [ 6.015961297771827, 47.96597858117515 ], [ 6.031911625853145, 47.988980262055023 ], [ 6.055364698458808, 48.000000000254126 ], [ 6.058217600477454, 48.00135344470695 ], [ 6.092136729761068, 48.015398452014267 ], [ 6.13860549783696, 48.019264181718235 ], [ 6.14986068137283, 48.012894358297224 ], [ 6.160479607057617, 48.000914018762579 ], [ 6.160911396671955, 48.000000000254126 ], [ 6.178865266975894, 47.962349614776379 ], [ 6.217282081224001, 47.946945425866005 ], [ 6.242820157977141, 47.943707199938451 ], [ 6.311360494854643, 47.95999790724408 ], [ 6.346201101583626, 47.969781463184646 ], [ 6.37871607514491, 47.96911380167554 ], [ 6.421959674856847, 47.963220590055663 ], [ 6.437098225060302, 47.942429279365001 ], [ 6.442232167875989, 47.919421266175455 ], [ 6.490412250822614, 47.913464231153107 ], [ 6.500000000392768, 47.917336770755668 ], [ 6.52365124314672, 47.92688837858438 ], [ 6.53938217119464, 47.950836835002889 ], [ 6.575056495355677, 47.965514087534437 ], [ 6.638857807681013, 47.904149533405871 ], [ 6.656124531471284, 47.885369696799941 ], [ 6.705291910525903, 47.862976109864206 ], [ 6.754832269188181, 47.833704363113924 ], [ 6.791055091186956, 47.820532477429801 ], [ 6.823855284342535, 47.804619848784668 ], [ 6.836558502709083, 47.792227021959299 ], [ 6.872869084721243, 47.791717265019734 ], [ 6.885747822216211, 47.791542490209466 ], [ 6.91194409727297, 47.801081424877609 ], [ 6.932370170764643, 47.819688197470285 ], [ 6.916222383102397, 47.849462542826593 ], [ 6.939917505863042, 47.872530928017746 ], [ 6.965609162190442, 47.92806500407125 ], [ 6.96591632133891, 47.977226747536449 ], [ 6.972831523649965, 48.000000000254126 ], [ 6.973551416450658, 48.002393405344392 ], [ 7.000000000422981, 48.012388509079862 ], [ 7.039085982302641, 48.027155806184588 ], [ 7.037330788323513, 48.047603952317161 ], [ 7.056155246511994, 48.075606268102646 ], [ 7.093694464219704, 48.096268992082898 ], [ 7.101899997621696, 48.12083988449767 ], [ 7.081057065414012, 48.151022070609969 ], [ 7.097863051379877, 48.177989776462425 ], [ 7.109688672307704, 48.203425916657679 ], [ 7.120154018418248, 48.194423296231612 ], [ 7.14064591147078, 48.196524536870626 ], [ 7.171164352363695, 48.202856916515664 ], [ 7.182134316305263, 48.185054212884587 ], [ 7.238125013492118, 48.18826499620905 ], [ 7.26927971223612, 48.174106838818098 ], [ 7.309363961348303, 48.180106291016301 ], [ 7.384222997628618, 48.157389312356294 ], [ 7.387053248627396, 48.169318448226448 ], [ 7.324326992423375, 48.185054212884587 ], [ 7.298503696974275, 48.196816368741921 ], [ 7.261183878401668, 48.225597382213344 ], [ 7.216250905169794, 48.245164424454636 ], [ 7.145297176009543, 48.255120021457778 ], [ 7.112518923306482, 48.255309494327186 ], [ 7.113725619447856, 48.271324670588946 ], [ 7.129763706644244, 48.283139730140505 ], [ 7.113023541137544, 48.292680095801622 ], [ 7.088209482248892, 48.289199162461124 ], [ 7.042706070726765, 48.307416800927008 ], [ 7.010849294570784, 48.337925062025576 ], [ 7.014491322549092, 48.337357566416721 ], [ 7.03500515605413, 48.348066156478211 ], [ 7.084348055135492, 48.346480380407627 ], [ 7.103962350749328, 48.352314046540172 ], [ 7.123423067687219, 48.363426702586452 ], [ 7.15615744128193, 48.371919549651551 ], [ 7.131496961069198, 48.386168043767569 ], [ 7.153327190283162, 48.410076140890645 ], [ 7.159645889686003, 48.434205311489251 ], [ 7.127547773942413, 48.450948045780144 ], [ 7.093299545956192, 48.473606509460055 ], [ 7.091983150247259, 48.498749696645163 ], [ 7.095975002858452, 48.500000000192749 ], [ 7.105366506471594, 48.502970756386048 ], [ 7.104313389904445, 48.518715184755713 ], [ 7.078555914016214, 48.530955822127723 ], [ 7.073048991592902, 48.53215629846197 ], [ 7.067781581583932, 48.536521819947339 ], [ 7.066401415371293, 48.537458065086625 ], [ 7.056308826086228, 48.54051491996438 ], [ 7.053169763038861, 48.540869153143525 ], [ 7.043024244118913, 48.542470406538278 ], [ 7.03816450575556, 48.543237393836129 ], [ 7.000000000422981, 48.5485811650125 ], [ 6.999594111034886, 48.548637994366914 ], [ 6.964665745190852, 48.547584264407192 ], [ 6.942967155996912, 48.560856725448744 ], [ 6.919996051100764, 48.554111182286164 ], [ 6.889894468923913, 48.563797557323568 ], [ 6.85637025790381, 48.556189081473981 ], [ 6.847594287109852, 48.584861175796298 ], [ 6.865563088312112, 48.599629696428508 ], [ 6.867685865718979, 48.599492958094132 ], [ 6.873151770168092, 48.599356218791613 ], [ 6.884411283583669, 48.600016332116212 ], [ 6.892455452611176, 48.601889258461739 ], [ 6.900918991145965, 48.605328731884498 ], [ 6.90321200558737, 48.611616787301109 ], [ 6.903315480728336, 48.613686061365733 ], [ 6.898520337522092, 48.627086272839676 ], [ 6.878266306678669, 48.648758583378324 ], [ 6.848822922805447, 48.636590441456455 ], [ 6.819555058060597, 48.641031497906162 ], [ 6.806522740991388, 48.650511253614098 ], [ 6.816702867507646, 48.670268369790953 ], [ 6.789014677613542, 48.670312168282031 ], [ 6.751826499060987, 48.670209971544978 ], [ 6.72547664532829, 48.691958636740623 ], [ 6.651912065202723, 48.704988712721409 ], [ 6.640591062105957, 48.724301417568213 ], [ 6.642455955652628, 48.742629917290266 ], [ 6.62727352544249, 48.755909140305079 ], [ 6.601143069946589, 48.758430482345901 ], [ 6.586070339303966, 48.734406982860371 ], [ 6.581813993028723, 48.719269746984786 ], [ 6.553599244851049, 48.724272249663983 ], [ 6.52628403456457, 48.734304916350077 ], [ 6.536157001932351, 48.749554211783611 ], [ 6.547170845880649, 48.763225052313047 ], [ 6.55226090958794, 48.780199085585345 ], [ 6.529794422522818, 48.789565113894049 ], [ 6.51533601017714, 48.775551834010805 ], [ 6.500000000392768, 48.767186514512886 ], [ 6.499736721250983, 48.767042892022666 ], [ 6.472926127897278, 48.776498801290408 ], [ 6.429770289097041, 48.769286828874485 ], [ 6.39282344923376, 48.778756881161712 ], [ 6.342076394430107, 48.77485252336249 ], [ 6.337776169046505, 48.792594494924984 ], [ 6.38503477454776, 48.800895220842747 ], [ 6.416694092021147, 48.812179079782425 ], [ 6.381721845272096, 48.819996203873963 ], [ 6.367614471183247, 48.819384852801008 ], [ 6.36607867633922, 48.834695481365017 ], [ 6.375973584159508, 48.851848854729212 ], [ 6.359891616956428, 48.873882046322102 ], [ 6.312874350144449, 48.897111764706551 ], [ 6.307652647315432, 48.905758355225871 ], [ 6.300873209189916, 48.915783610134518 ], [ 6.286217337263313, 48.919575243996107 ], [ 6.267963316466796, 48.921986630785163 ], [ 6.256993352525182, 48.91924112695893 ], [ 6.226716251219877, 48.905758355225871 ], [ 6.207891792133108, 48.892620757485524 ], [ 6.201112354007554, 48.875321499739087 ], [ 6.174455341126408, 48.86146321629208 ], [ 6.162849119333682, 48.853448952830178 ], [ 6.166578907325365, 48.844676873764151 ], [ 6.180488821833289, 48.839017117250314 ], [ 6.178163189563915, 48.827957638434391 ], [ 6.165372211183982, 48.828612544253936 ], [ 6.167237104730661, 48.816124187671271 ], [ 6.152054674520487, 48.815381774184566 ], [ 6.148434586096355, 48.832352619829251 ], [ 6.137508502161434, 48.842392679096335 ], [ 6.12765747344953, 48.844575033208692 ], [ 6.124190965497966, 48.837649367177995 ], [ 6.126911516030868, 48.825119612939865 ], [ 6.12761359434118, 48.816109630522419 ], [ 6.106200223843198, 48.81541088890318 ], [ 6.098674828299011, 48.81479948157974 ], [ 6.127544291113641, 48.759930778433329 ], [ 6.099387408813292, 48.745100367653954 ], [ 6.097811317342241, 48.744303100715179 ], [ 6.110566269686003, 48.724024324168752 ], [ 6.079367690935319, 48.714368850672365 ], [ 6.054158713783164, 48.715550360441213 ], [ 6.029739573157997, 48.728297224534849 ], [ 6.00442089553996, 48.715419082956274 ], [ 6.002358542412362, 48.714310503853824 ], [ 6.000000000362556, 48.71270744697356 ], [ 5.995469404719259, 48.709627943079184 ], [ 5.99398909701372, 48.707970040682973 ], [ 5.98803176918841, 48.701297445497659 ], [ 5.98318304506873, 48.690907911922913 ], [ 5.98078481544968, 48.66803324470068 ], [ 5.96319576984726, 48.667917783489862 ], [ 5.960321639740133, 48.657535924616859 ], [ 5.968614932257204, 48.631272343311878 ], [ 5.986474033891876, 48.634179835079834 ], [ 5.991937076308504, 48.620809823856447 ], [ 6.000000000362556, 48.622032683887348 ], [ 6.008413962673428, 48.623308752526199 ], [ 6.027792051673169, 48.611047874250794 ], [ 6.03399591943325, 48.606983092833275 ], [ 6.030573290590035, 48.593781296584382 ], [ 6.02243357674891, 48.58057602955197 ], [ 6.034895456426155, 48.567455068850315 ], [ 6.0531275367702, 48.570351629032785 ], [ 6.079060532685173, 48.552969764497711 ], [ 6.095998156874477, 48.547130567791868 ], [ 6.091566291470806, 48.533034677743515 ], [ 6.075001645092515, 48.538714493757645 ], [ 6.063263784178063, 48.534615722062661 ], [ 6.035092916007074, 48.54332521329475 ], [ 6.023925491586245, 48.552925862906321 ], [ 6.029849272725548, 48.564236473041333 ], [ 6.016465916501222, 48.57759229904989 ], [ 6.000000000362556, 48.573006742126019 ], [ 5.978071041807254, 48.566899144121734 ], [ 5.931141534110353, 48.564719275070942 ], [ 5.912887514212135, 48.569707963083772 ], [ 5.89956997754864, 48.561149352870437 ], [ 5.879955681036506, 48.555398904700212 ], [ 5.870784791080705, 48.541685894642335 ], [ 5.88462888602777, 48.531541424381722 ], [ 5.877015731368512, 48.516416072753046 ], [ 5.888775532735472, 48.512959885207117 ], [ 5.880153140617423, 48.507745865495387 ], [ 5.879156572997402, 48.500000000192749 ], [ 5.878683165334264, 48.496356338354083 ], [ 5.897200465272565, 48.483546313439746 ], [ 5.90777551095066, 48.46022458532623 ], [ 5.946565303908101, 48.456276094615987 ], [ 5.944437131219646, 48.438111962072476 ], [ 5.963129950286392, 48.413592366430699 ], [ 5.999067552690883, 48.401647828229336 ], [ 5.999440531400219, 48.383551274620785 ], [ 5.998233836157168, 48.365884539344655 ], [ 5.999572171420278, 48.356023384683887 ], [ 5.999572171420278, 48.342173801761177 ], [ 5.968241953547867, 48.338710814869863 ], [ 5.931690032846441, 48.345636552603722 ], [ 5.902970665939373, 48.349099066802303 ], [ 5.879473002759619, 48.368138663554632 ], [ 5.858344851855931, 48.376630720212624 ], [ 5.850051558440564, 48.393334392586326 ], [ 5.854395664729192, 48.41511792525381 ], [ 5.84140722676834, 48.423718309881195 ], [ 5.826773294395911, 48.417122875412602 ], [ 5.810428048051082, 48.408666676097134 ], [ 5.788159020566887, 48.420943683800054 ], [ 5.787676342290001, 48.431402212872982 ], [ 5.804789486506046, 48.445953396201752 ], [ 5.794828759124889, 48.479570627057882 ], [ 5.793973101240343, 48.498198509395635 ], [ 5.763524869076816, 48.500000000192749 ], [ 5.754503170425095, 48.500539085124466 ], [ 5.719179885419226, 48.50891760251001 ], [ 5.709781975919777, 48.500000000192749 ], [ 5.693400469078477, 48.484605476534476 ], [ 5.681355449015549, 48.469412340251644 ], [ 5.674049452606425, 48.465304909220762 ], [ 5.669046352106854, 48.463564154585448 ], [ 5.666897035771538, 48.455187301796613 ], [ 5.64379429085534, 48.451281972211802 ], [ 5.586465258405377, 48.444936982714928 ], [ 5.572160424735609, 48.408317936697678 ], [ 5.635632637459994, 48.399060926828902 ], [ 5.673259615181071, 48.375307565300673 ], [ 5.657024068403756, 48.333894249801105 ], [ 5.627138670291587, 48.316833937353962 ], [ 5.618168454987122, 48.270027905975965 ], [ 5.683746900845798, 48.238108326403676 ], [ 5.7038877556415, 48.18439743628997 ], [ 5.735744531797481, 48.185521248227055 ], [ 5.729030913232824, 48.247059490663794 ], [ 5.735876170919207, 48.260833041303819 ], [ 5.741273393774976, 48.283256264435892 ], [ 5.735590952223247, 48.296219042685912 ], [ 5.743072467760779, 48.304868763238254 ], [ 5.767623247507673, 48.303383562864617 ], [ 5.790418833275411, 48.302102178507802 ], [ 5.813104719475589, 48.311915594011495 ], [ 5.825391079126127, 48.294500572967095 ], [ 5.856392198295885, 48.283780665455403 ] ], [ [ 4.816183924121908, 44.025562768996281 ], [ 4.82422261342619, 44.013431406577872 ], [ 4.828081475849491, 44.007812314162784 ], [ 4.82265962747682, 44.000000000164377 ], [ 4.807640980804218, 43.978537243842375 ], [ 4.804200521300921, 43.973456143190781 ], [ 4.757906462971386, 43.936780538724889 ], [ 4.755841137318532, 43.934691447959409 ], [ 4.894855141871748, 43.904005441279232 ], [ 4.951058369675025, 43.877952432488279 ], [ 5.000000000302123, 43.842059319238018 ], [ 5.047133611519809, 43.807421747112926 ], [ 5.048849250880338, 43.806118645640936 ], [ 5.051630246353763, 43.818639086227165 ], [ 5.068397726933307, 43.860448661360174 ], [ 5.099442726109757, 43.870970850493521 ], [ 5.129566247840793, 43.851694834714642 ], [ 5.16032602742295, 43.87344828010783 ], [ 5.139987713944651, 43.891864880314834 ], [ 5.128074332105125, 43.921544549680704 ], [ 5.175508457633123, 43.949104670760306 ], [ 5.217062682028467, 43.980152641724075 ], [ 5.217328881593258, 44.000000000164377 ], [ 5.218325038683169, 44.07484456558975 ], [ 5.200125057839172, 44.102627919254346 ], [ 5.192951959091516, 44.112995415057135 ], [ 5.187224379891733, 44.123585008204522 ], [ 5.156442659857032, 44.165735036565295 ], [ 5.144331819334948, 44.180391618862451 ], [ 5.085971609872028, 44.183296673547019 ], [ 5.070240680925811, 44.199820462826864 ], [ 5.032372364515414, 44.201046651724823 ], [ 5.021928958857379, 44.21496854818497 ], [ 5.000000000302123, 44.218472033815033 ], [ 4.983136834771774, 44.221162162036535 ], [ 4.977841690176722, 44.232821796335088 ], [ 4.977358316603778, 44.258922556064782 ], [ 4.957715749211364, 44.289264732002799 ], [ 4.955248141804581, 44.291011116072632 ], [ 4.954073978151221, 44.290779358252358 ], [ 4.944109683560062, 44.288779240746692 ], [ 4.913302008501893, 44.276126674158135 ], [ 4.887890159419207, 44.265788390965625 ], [ 4.861348526153161, 44.25984127062334 ], [ 4.840200349106855, 44.280002106059243 ], [ 4.827303424320654, 44.272725383049917 ], [ 4.825490954657325, 44.271702676302375 ], [ 4.805343041798425, 44.268947048527238 ], [ 4.76700268496078, 44.266932617967242 ], [ 4.763965465713803, 44.266897905395091 ], [ 4.756106516721424, 44.266808084195091 ], [ 4.719060759768966, 44.266384680938316 ], [ 4.708646666138652, 44.264095797645865 ], [ 4.670591518115499, 44.25997021242712 ], [ 4.670480551923407, 44.25570661007697 ], [ 4.672178676830833, 44.250501044183004 ], [ 4.685795831285994, 44.211226255155445 ], [ 4.687874347800498, 44.210728558286419 ], [ 4.688454389081131, 44.209258229057156 ], [ 4.729624946611879, 44.20061656470714 ], [ 4.741977186010417, 44.162274654917951 ], [ 4.737650138729044, 44.138319846544327 ], [ 4.734177187161928, 44.12442507495971 ], [ 4.742573553273032, 44.102870424406881 ], [ 4.747294203684332, 44.090748374141505 ], [ 4.795917246795916, 44.055111496026015 ], [ 4.816183924121908, 44.025562768996281 ] ], [ [ 7.244553412462518, 47.774178564267743 ], [ 7.231762434082585, 47.762390495721483 ], [ 7.221955286275699, 47.750832956144485 ], [ 7.232771671541375, 47.73440310699047 ], [ 7.252451786716069, 47.723626842635269 ], [ 7.262258935421289, 47.718055552905 ], [ 7.278823580901247, 47.71964532704461 ], [ 7.299205774386263, 47.726208100755152 ], [ 7.313554488062688, 47.74887972477417 ], [ 7.331852387967598, 47.767913299832621 ], [ 7.341549836206971, 47.800178578130691 ], [ 7.326104126855012, 47.807662990709105 ], [ 7.305524473789105, 47.798605840018844 ], [ 7.282619188453789, 47.803804431089027 ], [ 7.27483051376778, 47.824913775901344 ], [ 7.258682727003841, 47.822715895192879 ], [ 7.255172338147296, 47.801125110414873 ], [ 7.244553412462518, 47.774178564267743 ] ], [ [ 4.859580450332859, 44.361593397945533 ], [ 4.859041513264655, 44.334080390745449 ], [ 4.851285555221304, 44.312635010867368 ], [ 4.883847394789286, 44.306789292798783 ], [ 4.931865599525127, 44.314804675035063 ], [ 4.942599322716692, 44.316596238235761 ], [ 4.931943119642551, 44.338941533547384 ], [ 4.93455773454897, 44.355646606949485 ], [ 4.964900447005943, 44.370947336342375 ], [ 4.96514213424156, 44.390666630041096 ], [ 4.887209041499437, 44.392499894489497 ], [ 4.859766574073207, 44.371092118768942 ], [ 4.859580450332859, 44.361593397945533 ] ], [ [ 5.829866824536474, 48.708081580759071 ], [ 5.800116281514773, 48.683085154294076 ], [ 5.787610522729142, 48.664822433244289 ], [ 5.801915355500586, 48.654264682701495 ], [ 5.828045810996486, 48.651080857919695 ], [ 5.845290594334258, 48.655608254400121 ], [ 5.855733999992292, 48.672823229832815 ], [ 5.845597753482726, 48.691243562592014 ], [ 5.851850633324672, 48.709292415698521 ], [ 5.829866824536474, 48.708081580759071 ] ], [ [ 1.963938093338909, 42.45344462267294 ], [ 1.999400177039355, 42.452014563315672 ], [ 2.000000000120858, 42.452774002512136 ], [ 2.007903166886432, 42.462779374776808 ], [ 2.000000000120858, 42.468342078631537 ], [ 1.986722591201105, 42.477686362922299 ], [ 1.987513567690249, 42.498916219514086 ], [ 1.978220983861223, 42.499999999702688 ], [ 1.967827057409047, 42.501222009742634 ], [ 1.96701498308714, 42.499999999702688 ], [ 1.957544371135106, 42.48586119848288 ], [ 1.949920243554662, 42.462618719185713 ], [ 1.963938093338909, 42.45344462267294 ] ] ], [ [ [ 6.873439523011497, 48.422309225485336 ], [ 6.835615085709494, 48.420987265169678 ], [ 6.815101253102751, 48.41414447902325 ], [ 6.821419952505602, 48.392389597167231 ], [ 6.813894556961377, 48.378055617817196 ], [ 6.80770749668029, 48.367513336045469 ], [ 6.815364532244537, 48.331420307840261 ], [ 6.819291778918813, 48.308508777306869 ], [ 6.813960376522245, 48.29602972296852 ], [ 6.815913030082291, 48.279264809532116 ], [ 6.784692511777423, 48.273422736226799 ], [ 6.756741042741535, 48.264913377000738 ], [ 6.741953530794881, 48.273918099906524 ], [ 6.724467407869535, 48.285834518801003 ], [ 6.671701879944969, 48.284071997614504 ], [ 6.638462888519197, 48.29458795415686 ], [ 6.62769038415851, 48.33401066756813 ], [ 6.629357818124261, 48.359281560117857 ], [ 6.623412097430757, 48.383798419304071 ], [ 6.599212356839016, 48.434466732903786 ], [ 6.620845126472099, 48.439825564763453 ], [ 6.605487176235182, 48.449380011268083 ], [ 6.58383246704796, 48.451252935192507 ], [ 6.566083064980803, 48.465145250076127 ], [ 6.539777090356484, 48.49148223922856 ], [ 6.540201808432914, 48.500000000192749 ], [ 6.540698566903564, 48.510060019606335 ], [ 6.582647710460761, 48.527398144657333 ], [ 6.592564557835225, 48.55055514154207 ], [ 6.619221571614696, 48.563578098027875 ], [ 6.646712301927881, 48.571302483684391 ], [ 6.666480177115952, 48.559861778285047 ], [ 6.695133723563828, 48.562729513907037 ], [ 6.710557493361604, 48.575398266930172 ], [ 6.744410803084322, 48.572077782278775 ], [ 6.759944272449647, 48.554272149018168 ], [ 6.796320674022666, 48.545959720414231 ], [ 6.805864542687795, 48.505622023402395 ], [ 6.812744796042702, 48.500000000192749 ], [ 6.841341407267906, 48.476857113825673 ], [ 6.857752474071927, 48.439404430503082 ], [ 6.884190469601968, 48.422640648295491 ], [ 6.873439523011497, 48.422309225485336 ] ], [ [ 6.717490511061389, 48.513267436656271 ], [ 6.704260734411262, 48.522683468538688 ], [ 6.685019416608465, 48.523049530291459 ], [ 6.690284999444137, 48.512989176186416 ], [ 6.675541367504194, 48.510777678444107 ], [ 6.667379714108858, 48.517792623373659 ], [ 6.658537922855709, 48.516591804523976 ], [ 6.65043118527033, 48.500000000192749 ], [ 6.648533315467868, 48.496153260424954 ], [ 6.658625682869084, 48.457190661978785 ], [ 6.68234274518393, 48.42672519381334 ], [ 6.706718005802379, 48.431649124347089 ], [ 6.721286118613931, 48.421931526323213 ], [ 6.741734131659779, 48.426928551341859 ], [ 6.741053993801975, 48.437618201100641 ], [ 6.718324228493437, 48.450860933498276 ], [ 6.700267667277803, 48.469601012970863 ], [ 6.695594462286531, 48.483009469009879 ], [ 6.71611476276331, 48.500000000192749 ], [ 6.71777572975735, 48.501388718289348 ], [ 6.717490511061389, 48.513267436656271 ] ] ], [ [ [ -1.422293059119598, 45.970329741530072 ], [ -1.435012994235269, 45.99642741186527 ], [ -1.43400800401116, 46.000000000240469 ], [ -1.425808067113352, 46.029407050770075 ], [ -1.393557869287089, 46.021605937368221 ], [ -1.369312699094843, 46.000000000240469 ], [ -1.348543797948022, 45.981652832620227 ], [ -1.32820068926272, 45.978285182507292 ], [ -1.283911588900631, 45.980230315360686 ], [ -1.283054805427015, 45.969139230398667 ], [ -1.293775580302084, 45.952905052264008 ], [ -1.287338721896653, 45.927469629640363 ], [ -1.274157441695462, 45.907836670981553 ], [ -1.277804262185819, 45.897472416928203 ], [ -1.282505585343799, 45.883965438762807 ], [ -1.276947479610536, 45.867255249106542 ], [ -1.260734504801393, 45.855457632005404 ], [ -1.239622488538541, 45.848939495178065 ], [ -1.222355011061729, 45.841751194599624 ], [ -1.219806630737876, 45.801834761812451 ], [ -1.223036044539881, 45.757488250993568 ], [ -1.248080476383163, 45.734412285030928 ], [ -1.257087684311036, 45.741366698356323 ], [ -1.269939431923274, 45.799810514285092 ], [ -1.294324799487002, 45.823805465453454 ], [ -1.31723825859307, 45.852576943053911 ], [ -1.351641399253424, 45.876665351471694 ], [ -1.374752576655221, 45.893038305520726 ], [ -1.405377083430319, 45.905903514762556 ], [ -1.423018030096575, 45.925856822293667 ], [ -1.427389820665612, 45.948867545524209 ], [ -1.422293059119598, 45.970329741530072 ] ] ], [ [ [ 4.385005295312547, 50.1423191280184 ], [ 4.357321140650665, 50.137590387858872 ], [ 4.307357832694786, 50.136901568652412 ], [ 4.26510653989346, 50.151404407671968 ], [ 4.223184820105258, 50.150954157450805 ], [ 4.214879573706719, 50.183202454173511 ], [ 4.262184323867472, 50.197968997055412 ], [ 4.267062007875283, 50.199490378169486 ], [ 4.319683873626333, 50.19654017730749 ], [ 4.385642470343564, 50.209636081329755 ], [ 4.396672188421238, 50.194423328424463 ], [ 4.39889131553221, 50.162420960032271 ], [ 4.388213141462869, 50.142862174760538 ], [ 4.385005295312547, 50.1423191280184 ] ] ], [ [ [ -1.326706810708157, 46.138331032645219 ], [ -1.358671415240969, 46.137936664962361 ], [ -1.383408283693887, 46.148539773448427 ], [ -1.416866765882929, 46.166484427192586 ], [ -1.442943731195228, 46.172221385455643 ], [ -1.488814585109613, 46.180001082181306 ], [ -1.500000000090646, 46.174889990463186 ], [ -1.504082901447445, 46.173024220147468 ], [ -1.537058070250694, 46.179242135989419 ], [ -1.557840554822927, 46.200867964628728 ], [ -1.571812711800274, 46.216870232485043 ], [ -1.573526277849137, 46.223885243612365 ], [ -1.554237671831431, 46.227705931046486 ], [ -1.527743298932484, 46.229718246297381 ], [ -1.512540889292066, 46.237825083104646 ], [ -1.500000000090646, 46.234364681112787 ], [ -1.490242557865024, 46.231672162500878 ], [ -1.496218071184936, 46.216038872062299 ], [ -1.500000000090646, 46.215238055813785 ], [ -1.516055897285856, 46.21183812011283 ], [ -1.532466591289052, 46.207359878731964 ], [ -1.526513046269423, 46.198168852065194 ], [ -1.510300071460243, 46.192244926265332 ], [ -1.500000000090646, 46.193057823257121 ], [ -1.489407742691699, 46.193893767774647 ], [ -1.479983128075474, 46.210131472063907 ], [ -1.46253990060327, 46.211677667954625 ], [ -1.452478190906062, 46.206893070111526 ], [ -1.467153348763519, 46.201232699773279 ], [ -1.458915048413196, 46.191121350548883 ], [ -1.436506872789797, 46.184408598469609 ], [ -1.409397374008454, 46.186597630005124 ], [ -1.339997935105668, 46.186874900840003 ], [ -1.326882561601927, 46.173097204194185 ], [ -1.303925165895313, 46.170484304365317 ], [ -1.29052419730149, 46.165988072199319 ], [ -1.278045918878697, 46.15649805638062 ], [ -1.304913761865459, 46.143954108401644 ], [ -1.326706810708157, 46.138331032645219 ] ] ], [ [ [ -3.191330672359357, 47.348138540218926 ], [ -3.087989436983394, 47.318755657636117 ], [ -3.048555441474467, 47.301036483724289 ], [ -3.022236819469254, 47.279334369270934 ], [ -3.027355549315558, 47.255451692884613 ], [ -3.164748424462677, 47.289385455803199 ], [ -3.191330672359357, 47.348138540218926 ] ] ], [ [ [ 6.736336932160244, 49.191580898333058 ], [ 6.73670988841168, 49.18804910377925 ], [ 6.717293051480472, 49.177247830164724 ], [ 6.689802321167251, 49.168619704518086 ], [ 6.662311590854074, 49.170780527563856 ], [ 6.625123412301527, 49.169700128191806 ], [ 6.597632681988305, 49.174021584583755 ], [ 6.576614230652204, 49.186969082880537 ], [ 6.558820948578363, 49.195593991838379 ], [ 6.57176550563419, 49.208550402625775 ], [ 6.587935233748969, 49.212868447962443 ], [ 6.60895368508507, 49.203152312977082 ], [ 6.625447011518009, 49.205669622865408 ], [ 6.63482086054089, 49.207470832464715 ], [ 6.649378003126166, 49.21138233919234 ], [ 6.663547236103777, 49.215963197428295 ], [ 6.670030561663902, 49.217444479453768 ], [ 6.676933773262561, 49.217870295146149 ], [ 6.683789757731788, 49.217520912422962 ], [ 6.686577151904973, 49.217171527215939 ], [ 6.705972048383707, 49.225805723348493 ], [ 6.709911387280041, 49.226794705713957 ], [ 6.714791900082671, 49.224055670871245 ], [ 6.7188288463245, 49.217463247725782 ], [ 6.726090962726929, 49.209848773785851 ], [ 6.733704118284494, 49.203196083998506 ], [ 6.736336932160244, 49.191580898333058 ] ] ], [ [ [ 6.758496237618997, 48.950522161601889 ], [ 6.753142894769912, 48.943727401651095 ], [ 6.740220277268261, 48.944264628127677 ], [ 6.722690274336196, 48.962730065422846 ], [ 6.711764189502977, 48.965879536229892 ], [ 6.708473200679832, 48.98259595723583 ], [ 6.699148731149795, 48.991503273849609 ], [ 6.690120252912616, 49.000000000276607 ], [ 6.677340441490006, 49.012146642146973 ], [ 6.678744597212306, 49.02582489203045 ], [ 6.695440882712296, 49.038357527283303 ], [ 6.716196054906639, 49.038987003081075 ], [ 6.742216809936665, 49.023701643338882 ], [ 6.757596700626091, 49.016159711409287 ], [ 6.771001996404592, 49.020187099275553 ], [ 6.781862260778655, 49.020538565269632 ], [ 6.814881853069362, 49.000603593887753 ], [ 6.813997819201593, 49.000000000276607 ], [ 6.806105882275369, 48.994665421566282 ], [ 6.785449491524648, 49.000000000276607 ], [ 6.782630158649835, 49.000735445784407 ], [ 6.77954628270364, 49.000000000276607 ], [ 6.767886526709855, 48.997247208615164 ], [ 6.762862283461756, 48.989646506135323 ], [ 6.789958094613133, 48.981986603344069 ], [ 6.769839180269901, 48.958346597741382 ], [ 6.752067838648596, 48.968927220420717 ], [ 6.750159064196909, 48.981638397671233 ], [ 6.735437372709447, 48.979360492633035 ], [ 6.734910814425867, 48.96944966168828 ], [ 6.758496237618997, 48.950522161601889 ] ] ], [ [ [ 6.964051426893907, 48.938078911709162 ], [ 6.909684284564456, 48.948025050594872 ], [ 6.879056144104034, 48.949346212255506 ], [ 6.871355229431392, 48.969231978298815 ], [ 6.889367910640342, 48.977343661229412 ], [ 6.906722394443952, 48.990429838391215 ], [ 6.931646152900147, 48.998654081007942 ], [ 6.964183066913966, 48.998944153015188 ], [ 6.989282344498578, 48.975312237744163 ], [ 6.996325061765916, 48.968651485178263 ], [ 6.985486736946028, 48.95146580476014 ], [ 6.964051426893907, 48.938078911709162 ] ] ], [ [ [ -2.227295794592161, 46.968255426009698 ], [ -2.269080452129258, 46.976950280604214 ], [ -2.283074577406861, 46.970810322283349 ], [ -2.30842657264048, 46.985121276051743 ], [ -2.310640685355563, 47.000000000202057 ], [ -2.311831736437922, 47.008077789288954 ], [ -2.297112640183334, 47.028984123440075 ], [ -2.26962967221251, 47.031970070214875 ], [ -2.251439505463001, 47.019717836087963 ], [ -2.25728320628631, 47.006481659477025 ], [ -2.273122711007675, 47.003450344732364 ], [ -2.271671740482676, 47.000000000202057 ], [ -2.26870698204148, 46.993015325685143 ], [ -2.214356171083884, 46.982450964899549 ], [ -2.192211621351988, 46.969794184827023 ], [ -2.187466360695137, 46.958179808829371 ], [ -2.181007533091127, 46.934551243348643 ], [ -2.227295794592161, 46.968255426009698 ] ] ], [ [ [ 8.180269421920729, 49.200350908925252 ], [ 8.197689725285208, 49.185276030052869 ], [ 8.202735908985806, 49.165130067139522 ], [ 8.172458807680536, 49.150015182598679 ], [ 8.14470479822554, 49.151694843500763 ], [ 8.116950788770568, 49.158412913198475 ], [ 8.106858421369362, 49.173525220565033 ], [ 8.097572449268551, 49.194553365483209 ], [ 8.095974947901711, 49.207743404801469 ], [ 8.110933369791207, 49.213625597187196 ], [ 8.132089338974058, 49.210446888189033 ], [ 8.147227890075838, 49.210446888189033 ], [ 8.157386056376652, 49.209090229137736 ], [ 8.1624688706796, 49.208416204468854 ], [ 8.172458807680536, 49.206347470419132 ], [ 8.176284289606158, 49.203790744672702 ], [ 8.180269421920729, 49.200350908925252 ] ] ], [ [ [ 6.9306588558939, 48.486085365133704 ], [ 6.920993978770091, 48.500000000192749 ], [ 6.91878935495939, 48.503205128419275 ], [ 6.903080365567313, 48.502560603152446 ], [ 6.880065380664481, 48.503615276406585 ], [ 6.85626055833626, 48.505124005790968 ], [ 6.862008819448847, 48.525480115120139 ], [ 6.889477610207885, 48.526168271554418 ], [ 6.928684262779643, 48.528100915969148 ], [ 6.950975229818022, 48.513120984188859 ], [ 6.993867790374807, 48.522170976778554 ], [ 7.000000000422981, 48.522189350411658 ], [ 7.013416266427741, 48.522229548006834 ], [ 7.032460123751322, 48.517968350938332 ], [ 7.03603664298586, 48.517797159591524 ], [ 7.03810492140108, 48.517621943479057 ], [ 7.036875618257247, 48.515724479057582 ], [ 7.036365431769749, 48.514936970775636 ], [ 7.033579060777654, 48.512564458900179 ], [ 7.001810043736718, 48.511158473358705 ], [ 7.000000000422981, 48.510447385021877 ], [ 6.973409577857179, 48.500000000192749 ], [ 6.963634568177888, 48.49619677749147 ], [ 6.9306588558939, 48.486085365133704 ] ] ], [ [ [ 6.504124706647962, 49.089743232484068 ], [ 6.518648939452804, 49.092989621530236 ], [ 6.525121218429879, 49.099481760293344 ], [ 6.542870620497045, 49.112448858057519 ], [ 6.563867131380666, 49.131900420787289 ], [ 6.58001491904291, 49.144858997050939 ], [ 6.579936781782876, 49.146126570910106 ], [ 6.580092611636879, 49.147824495713856 ], [ 6.583272858846771, 49.150789815287695 ], [ 6.589712367282273, 49.148101760516916 ], [ 6.599468779140263, 49.134970632154193 ], [ 6.599387875967461, 49.134062855175081 ], [ 6.610708879064199, 49.124331153022894 ], [ 6.605860154944518, 49.11353051402326 ], [ 6.583240088305189, 49.096235797662075 ], [ 6.544494175354439, 49.085414380648203 ], [ 6.517047324149614, 49.073522710974807 ], [ 6.504124706647962, 49.089743232484068 ] ] ], [ [ [ 6.507262115896874, 49.030920318674028 ], [ 6.509609688618765, 49.015193089575561 ], [ 6.516345246737633, 49.002508089493048 ], [ 6.536025362810626, 49.000574293155893 ], [ 6.556605015876532, 49.005525831711417 ], [ 6.559401333015443, 49.000000000276607 ], [ 6.562024177388169, 48.994868488385308 ], [ 6.549277079014928, 48.990545887020652 ], [ 6.530211281238847, 48.990081692645269 ], [ 6.512396059610849, 48.972018251959263 ], [ 6.506538098930711, 48.963658962324295 ], [ 6.500000000392768, 48.964621740121267 ], [ 6.487318721580385, 48.966489088174697 ], [ 6.456449241532353, 48.955109550649517 ], [ 6.441288751774687, 48.959319122611276 ], [ 6.448375348150384, 48.969493198606344 ], [ 6.462373022671684, 48.975123600819025 ], [ 6.470622436080368, 48.981333715478584 ], [ 6.485651286716308, 48.979302455547142 ], [ 6.494756357111243, 48.98294415558842 ], [ 6.49365936053741, 48.993650074982781 ], [ 6.480648983022384, 48.992402621023814 ], [ 6.470249457371033, 48.996826589947261 ], [ 6.471943735692447, 49.000000000276607 ], [ 6.473540446194215, 49.003020825635566 ], [ 6.489095855113689, 49.00624361754759 ], [ 6.490631650856049, 49.020728941148391 ], [ 6.49260624397027, 49.030788546576872 ], [ 6.500000000392768, 49.030855024539733 ], [ 6.507262115896874, 49.030920318674028 ] ] ], [ [ [ 7.032372364636281, 48.821713769303287 ], [ 7.000000000422981, 48.813903531430398 ], [ 6.997619517920656, 48.813329162047559 ], [ 6.95970732150362, 48.813329162047559 ], [ 6.95022927239935, 48.828001298892445 ], [ 6.953388622100771, 48.84476416592657 ], [ 6.975504070010695, 48.848954000854491 ], [ 6.991300818517815, 48.846859127762222 ], [ 7.000000000422981, 48.84644710485113 ], [ 7.035531714337702, 48.84476416592657 ], [ 7.032372364636281, 48.821713769303287 ] ] ], [ [ [ 6.434970052371846, 48.749320988323284 ], [ 6.439928476059078, 48.759202890746629 ], [ 6.48207507829886, 48.760849684804299 ], [ 6.500000000392768, 48.759017917382572 ], [ 6.514304833164212, 48.757556042976269 ], [ 6.53165931696783, 48.746026586181664 ], [ 6.500000000392768, 48.731461559621849 ], [ 6.499429562102515, 48.731199087842924 ], [ 6.467199807237191, 48.731199087842924 ], [ 6.442407687902695, 48.732846805173246 ], [ 6.440548278570835, 48.741084575345006 ], [ 6.434970052371846, 48.749320988323284 ] ] ], [ [ [ 4.53232454626434, 50.188694132950339 ], [ 4.572334740959437, 50.185478600374701 ], [ 4.572334740959437, 50.172587820168673 ], [ 4.566995654373929, 50.159680301302735 ], [ 4.537663632849848, 50.148398246437559 ], [ 4.510990170019191, 50.159680301302735 ], [ 4.508331612224064, 50.175804225333472 ], [ 4.53232454626434, 50.188694132950339 ] ] ], [ [ [ 4.518987814399863, 50.103216742850961 ], [ 4.543002720333654, 50.093538882545872 ], [ 4.56167853878364, 50.091921295548609 ], [ 4.577673827544945, 50.096760635111274 ], [ 4.585671472823914, 50.083845795523708 ], [ 4.574993298754609, 50.067690690661259 ], [ 4.548341806919162, 50.06930910054988 ], [ 4.518987814399863, 50.079005143879108 ], [ 4.502992525638557, 50.088685955677562 ], [ 4.518987814399863, 50.103216742850961 ] ] ], [ [ [ -5.040301503372509, 48.457176145469454 ], [ -5.070785692401921, 48.44277340565435 ], [ -5.110933457794619, 48.438344318225191 ], [ -5.088553494661033, 48.451107749845434 ], [ -5.124198911934527, 48.459774589088795 ], [ -5.075815144980353, 48.473403339880619 ], [ -5.043134688269005, 48.477089291664733 ], [ -5.040301503372509, 48.457176145469454 ] ] ], [ [ [ 6.318820070837964, 48.731213669776643 ], [ 6.35043550740637, 48.73286138662634 ], [ 6.372134096600275, 48.741813516089934 ], [ 6.38948858040393, 48.728530546130308 ], [ 6.38095394829925, 48.71019687595291 ], [ 6.348724193433898, 48.71019687595291 ], [ 6.32393207409943, 48.706593527122585 ], [ 6.316326730291568, 48.719342910579982 ], [ 6.315737702264807, 48.722120026713945 ], [ 6.318820070837964, 48.731213669776643 ] ] ], [ [ [ -2.349156727509945, 46.751879262736672 ], [ -2.344367529354259, 46.763975805678825 ], [ -2.331383968347085, 46.772689452500025 ], [ -2.287270617980469, 46.759603876304567 ], [ -2.262995094613026, 46.738788599709451 ], [ -2.313611209184226, 46.737986729141539 ], [ -2.349156727509945, 46.751879262736672 ] ] ], [ [ [ 6.830985760724914, 48.923003445642649 ], [ 6.863522674738698, 48.932023133161152 ], [ 6.894194695205813, 48.926474984709188 ], [ 6.890947585491017, 48.913546264714221 ], [ 6.85794993275452, 48.905642108682557 ], [ 6.838116238005619, 48.901137339435991 ], [ 6.818128962784122, 48.912020744439815 ], [ 6.830985760724914, 48.923003445642649 ] ] ], [ [ [ 6.762511244306639, 49.062710947011858 ], [ 6.801257158155723, 49.061628177007883 ], [ 6.801257158155723, 49.048633089183774 ], [ 6.786732925350845, 49.042148901724275 ], [ 6.775611006887354, 49.044475981223677 ], [ 6.772798958451197, 49.045017998802528 ], [ 6.764112858711525, 49.046466909119822 ], [ 6.762268811469329, 49.046586055277992 ], [ 6.75233645917306, 49.043825945581446 ], [ 6.747965071947587, 49.041065681798962 ], [ 6.731817284285315, 49.048633089183774 ], [ 6.736666008404995, 49.060545383277045 ], [ 6.762511244306639, 49.062710947011858 ] ] ], [ [ [ 6.7412733938354, 48.879814070399853 ], [ 6.728723754144789, 48.896138021048053 ], [ 6.738333443269082, 48.919633351000229 ], [ 6.753055134756545, 48.921274847699742 ], [ 6.765604774447166, 48.897780294259846 ], [ 6.765758354021399, 48.880017607701589 ], [ 6.7412733938354, 48.879814070399853 ] ] ], [ [ [ 6.548575001602949, 49.26845854137666 ], [ 6.56854033637191, 49.26783199085483 ], [ 6.588242391999113, 49.261872077675008 ], [ 6.57832554462465, 49.247049301311925 ], [ 6.556868295018308, 49.242165695541793 ], [ 6.532953772224247, 49.251495146904965 ], [ 6.523782882268446, 49.261872077675008 ], [ 6.548575001602949, 49.26845854137666 ] ] ], [ [ [ -3.556583939422072, 47.628219745413411 ], [ -3.53534010976432, 47.642375483650284 ], [ -3.500000000211477, 47.629288475161417 ], [ -3.497114397719847, 47.628219745413411 ], [ -3.475870568960428, 47.61122484289023 ], [ -3.500000000211477, 47.613384453645452 ], [ -3.512448620755165, 47.614498583655113 ], [ -3.556583939422072, 47.628219745413411 ] ] ], [ [ [ 6.408488558619118, 43.010902503613984 ], [ 6.408488558619118, 43.016566634042903 ], [ 6.420555519134547, 43.020612119165186 ], [ 6.434816472797613, 43.018993957066598 ], [ 6.447980429886873, 43.027084336717571 ], [ 6.454562408431499, 43.035982514204171 ], [ 6.466629368946936, 43.038409064736875 ], [ 6.483084314859316, 43.038409064736875 ], [ 6.486212729277325, 43.039487554211014 ], [ 6.489117795566197, 43.040228913718451 ], [ 6.492022860956772, 43.04056586315825 ], [ 6.495151275374754, 43.038409064736875 ], [ 6.492957283125431, 43.0317358193725 ], [ 6.490763289977775, 43.028702284053651 ], [ 6.468823361196259, 43.025466347087821 ], [ 6.439204458194583, 43.010902503613984 ], [ 6.421652515708379, 43.008474858453084 ], [ 6.408488558619118, 43.010902503613984 ] ] ], [ [ [ 4.642094415969272, 43.361453484095726 ], [ 4.640512464787649, 43.367760687230891 ], [ 4.638403195347709, 43.382528544350812 ], [ 4.631592014353285, 43.403692705566449 ], [ 4.614959550560953, 43.41748721603485 ], [ 4.595053324937678, 43.428417679861695 ], [ 4.570555045430953, 43.436116034456781 ], [ 4.567568671727353, 43.43746740384578 ], [ 4.569389015124175, 43.437790095551968 ], [ 4.584134343083376, 43.436463160503578 ], [ 4.587645176606014, 43.436029092085491 ], [ 4.60070001354109, 43.434267876619202 ], [ 4.623330711741788, 43.421329178818482 ], [ 4.640929923578261, 43.404705697265015 ], [ 4.649279113763885, 43.384378292778671 ], [ 4.649081369417059, 43.358058261476287 ], [ 4.642094415969272, 43.361453484095726 ] ] ], [ [ [ 6.203437987175261, 48.818569706963608 ], [ 6.207606573437137, 48.826560476454254 ], [ 6.198238223900419, 48.828641650649978 ], [ 6.198238223900419, 48.835568569304527 ], [ 6.205522279857042, 48.836965478055262 ], [ 6.219059215655639, 48.833502236567959 ], [ 6.233605388014682, 48.837649367177995 ], [ 6.240889444869594, 48.845971689334746 ], [ 6.248173500826208, 48.84735375826169 ], [ 6.249226617393358, 48.836267028873905 ], [ 6.236742798161901, 48.823795145954165 ], [ 6.216974922973857, 48.816182415630855 ], [ 6.203437987175261, 48.818569706963608 ] ] ], [ [ [ 6.682649904332399, 48.951669048638379 ], [ 6.688806073347497, 48.949772460727765 ], [ 6.690368507731283, 48.949381365235951 ], [ 6.698227253704381, 48.947545939171988 ], [ 6.685765374027136, 48.93826768899573 ], [ 6.679534434637661, 48.92589399048309 ], [ 6.662399350867441, 48.92589399048309 ], [ 6.656168410579642, 48.936205620209137 ], [ 6.671745759951652, 48.946515107963748 ], [ 6.682649904332399, 48.951669048638379 ] ] ], [ [ [ 6.157495776484605, 42.996236652349076 ], [ 6.158180747278665, 43.00000000005209 ], [ 6.158877991754398, 43.003862066008551 ], [ 6.172546567573054, 43.004023924442727 ], [ 6.174433401572232, 43.000867610141476 ], [ 6.17965510440125, 43.000867610141476 ], [ 6.183384892392898, 43.006451746776854 ], [ 6.197185107333278, 43.008749996593899 ], [ 6.202977248452559, 43.009365006540747 ], [ 6.202933368445866, 43.000835236945768 ], [ 6.201191110206847, 43.00000000005209 ], [ 6.182134316244866, 42.990938031569982 ], [ 6.175135478984212, 42.990697173998598 ], [ 6.170462273992948, 42.995048516805149 ], [ 6.157495776484605, 42.996236652349076 ] ] ], [ [ [ -0.672761543969669, 45.079955426268334 ], [ -0.652308591088053, 45.057596796287619 ], [ -0.641126472025806, 45.042676397865812 ], [ -0.631833669906152, 45.026522845495549 ], [ -0.646706546957622, 45.035229360993199 ], [ -0.669048816781865, 45.065040901458524 ], [ -0.672761543969669, 45.079955426268334 ] ] ], [ [ [ -2.906724869060871, 47.362612909783039 ], [ -2.885503008601699, 47.337240123294777 ], [ -2.923728720646181, 47.345694232593168 ], [ -2.906724869060871, 47.362612909783039 ] ] ], [ [ [ 6.3473858572725, 43.008474858453084 ], [ 6.361120252651987, 43.01426867881257 ], [ 6.385802672418931, 43.016696093982958 ], [ 6.387162948134549, 43.009559218954273 ], [ 6.373516312768401, 43.000252514507608 ], [ 6.357587924241223, 43.00161219153771 ], [ 6.3473858572725, 43.008474858453084 ] ] ], [ [ [ -0.691391086606108, 45.197802913024042 ], [ -0.678363588100101, 45.186655226239282 ], [ -0.678363588100101, 45.143254630636193 ], [ -0.687656390219721, 45.16185687618303 ], [ -0.689523737963766, 45.184174421109894 ], [ -0.691391086606108, 45.197802913024042 ] ] ], [ [ [ 5.348417692690135, 43.263751786256904 ], [ 5.349110994460113, 43.263058763813248 ], [ 5.351422804352219, 43.260512883886385 ], [ 5.344599486219981, 43.256918555470463 ], [ 5.333892801420154, 43.254049387241992 ], [ 5.339728822546117, 43.248294520570155 ], [ 5.331106430428069, 43.240152947843463 ], [ 5.323010596593618, 43.240298054647731 ], [ 5.321233463060288, 43.244699466467864 ], [ 5.326104126734154, 43.249729258231959 ], [ 5.326104126734154, 43.256918555470463 ], [ 5.333892801420154, 43.262672601428477 ], [ 5.345586783226255, 43.265541360446697 ], [ 5.345801355713317, 43.265604536521629 ], [ 5.348417692690135, 43.263751786256904 ] ] ], [ [ [ -2.987438240420839, 47.393628424406934 ], [ -2.961954432690617, 47.368256103620276 ], [ -2.991678218493273, 47.376719756373681 ], [ -2.987438240420839, 47.393628424406934 ] ] ], [ [ [ 6.673303495248188, 48.998030421266478 ], [ 6.660841615570906, 48.992881299103914 ], [ 6.646822001495432, 48.995970836167423 ], [ 6.649869457045062, 49.000000000276607 ], [ 6.653052940884906, 49.004251370596876 ], [ 6.668630290256915, 49.005291451036229 ], [ 6.672026591275756, 49.000000000276607 ], [ 6.673303495248188, 48.998030421266478 ] ] ] ] } }
]
}
