{
"type": "FeatureCollection",
"name": "Habsburg",
"crs": { "type": "name", "properties": { "name": "urn:ogc:def:crs:OGC:1.3:CRS84" } },
"features": [
{ "type": "Feature", "properties": { "OBJECTID": 74.0, "YEAR": 1700.0, "OWNER_ID": 5689.0, "SHORT_NAME": "Habsburg", "LONG_NAME": "Habsburg Monarchy", "VARIANTS": "Austrian Monarchy, House of Austria", "SHAPE_LENG": 13227310.0, "Shape__Are": 1148183170764.5596, "Shape__Len": 13246582.108299714 }, "geometry": { "type": "MultiPolygon", "coordinates": [ [ [ [ 13.501796773317784, 48.949554421740061 ], [ 13.499999999917415, 48.949303691280249 ], [ 13.494686624911969, 48.948562230537703 ], [ 13.423204373750965, 48.987659107349792 ], [ 13.42051880451354, 49.000000000276607 ], [ 13.41520574481676, 49.024653455744193 ], [ 13.413074242073536, 49.054135930986554 ], [ 13.381760928698135, 49.062228092905784 ], [ 13.310542369005629, 49.110855565075305 ], [ 13.28193188869078, 49.104642693297784 ], [ 13.250684498182501, 49.104730409975154 ], [ 13.198385770812186, 49.125602520491469 ], [ 13.180432805111764, 49.14241948064172 ], [ 13.185442934928435, 49.172065296444536 ], [ 13.175466623573737, 49.184166756913569 ], [ 13.147097860138908, 49.184298119380124 ], [ 13.08967913180615, 49.23286363487076 ], [ 13.041951050567739, 49.262979597891899 ], [ 13.027426067669618, 49.278190899775844 ], [ 13.027250273656721, 49.308977883281557 ], [ 13.004199279785707, 49.319429990218886 ], [ 12.999999999887205, 49.32293496649325 ], [ 12.979192578082683, 49.340298414194415 ], [ 12.931266728242898, 49.345143156045232 ], [ 12.927531104795136, 49.322239159862342 ], [ 12.909512215329276, 49.317057353978306 ], [ 12.865080272057227, 49.312399082951345 ], [ 12.811792703476662, 49.320827317780896 ], [ 12.795839394785213, 49.356707492089676 ], [ 12.767250889058843, 49.391137014038662 ], [ 12.769953722119396, 49.424801548601948 ], [ 12.714007268756927, 49.436448689680802 ], [ 12.685924171379078, 49.473782108162744 ], [ 12.656105107562441, 49.483792817775502 ], [ 12.677595929007564, 49.497369274437752 ], [ 12.676957677794828, 49.499999999800124 ], [ 12.670432321859188, 49.527165538197345 ], [ 12.617979775064455, 49.528966663244525 ], [ 12.584534958945831, 49.542714515140325 ], [ 12.570317615794854, 49.563687499879201 ], [ 12.576975815493022, 49.593982071577905 ], [ 12.529863012850587, 49.608062386975547 ], [ 12.526654771441512, 49.640988211137071 ], [ 12.501230557947258, 49.65271801622513 ], [ 12.499999999856989, 49.652957588702129 ], [ 12.455392262572049, 49.661641281318062 ], [ 12.440383845913885, 49.69714278263104 ], [ 12.432263465614277, 49.702107850083102 ], [ 12.413751048917842, 49.713425043284396 ], [ 12.408806841968296, 49.735199091772941 ], [ 12.421064846296884, 49.745071990385505 ], [ 12.43242916615664, 49.754223288336661 ], [ 12.464181964115122, 49.762734368874185 ], [ 12.46475329533077, 49.810653998511285 ], [ 12.476729263694439, 49.814977528385882 ], [ 12.499999999856989, 49.811645754697047 ], [ 12.502351244891754, 49.811309103603229 ], [ 12.500021974445472, 49.838233489029413 ], [ 12.52371022150094, 49.844227571043611 ], [ 12.540037092806658, 49.867309442713534 ], [ 12.54531091409183, 49.892153326602198 ], [ 12.536455288783316, 49.91701340840978 ], [ 12.505339744009287, 49.918509542165154 ], [ 12.499999999856989, 49.921753683605523 ], [ 12.483870897152649, 49.931551527909079 ], [ 12.474905400698361, 49.956507302799423 ], [ 12.493869183095825, 49.971700872671946 ], [ 12.45728204843525, 49.997230296940373 ], [ 12.430781097173458, 49.981827240197745 ], [ 12.389689240146421, 49.997230296940373 ], [ 12.381952854596477, 50.000000000210534 ], [ 12.344202531898683, 50.012379734536985 ], [ 12.296562347217561, 50.024291537193896 ], [ 12.284740198278309, 50.039107426410695 ], [ 12.251273408469519, 50.035987975036534 ], [ 12.247743559408946, 50.039413107649509 ], [ 12.240110486404886, 50.046818897755031 ], [ 12.240484049019155, 50.047575377445035 ], [ 12.239583104366201, 50.056506243719319 ], [ 12.239517181499075, 50.067292712642192 ], [ 12.225783272108139, 50.070622360006396 ], [ 12.207720434363631, 50.075344488994077 ], [ 12.187284377894198, 50.081591306385853 ], [ 12.175528150923753, 50.106504116320913 ], [ 12.169573128175481, 50.129005927962908 ], [ 12.171396991171559, 50.133682530921128 ], [ 12.176736735323855, 50.146371959955012 ], [ 12.198469273648996, 50.162897580029494 ], [ 12.192206611153578, 50.167967993212649 ], [ 12.175528150923753, 50.182183446232777 ], [ 12.182340170046338, 50.200628074342958 ], [ 12.178230984882623, 50.204808213978318 ], [ 12.159750636245199, 50.224196070212258 ], [ 12.086884006671196, 50.249523238058302 ], [ 12.084313018446579, 50.254782612108343 ], [ 12.078357995698308, 50.270596861639881 ], [ 12.088466152787255, 50.279010479356316 ], [ 12.101562808993737, 50.28081980565775 ], [ 12.118746676673767, 50.282893183178949 ], [ 12.106485042253116, 50.299872968358571 ], [ 12.099980662877678, 50.30886212918346 ], [ 12.101590527410142, 50.31078525582754 ], [ 12.115714229277586, 50.323035396535829 ], [ 12.189547725473354, 50.323972213470014 ], [ 12.198425324472037, 50.276461456078557 ], [ 12.228024645997131, 50.273212243087514 ], [ 12.260480620905509, 50.26445410859381 ], [ 12.273269637364844, 50.243430620169796 ], [ 12.26199684415444, 50.237945272083458 ], [ 12.251427227893934, 50.242862287933328 ], [ 12.240506022709321, 50.239161355795652 ], [ 12.24305503634546, 50.230912524476032 ], [ 12.250680103563706, 50.216791002803966 ], [ 12.279356505847367, 50.21077353435826 ], [ 12.277906205465561, 50.186299045104462 ], [ 12.309153595973838, 50.178133666319084 ], [ 12.320184671405906, 50.181601146331722 ], [ 12.329743472766001, 50.193338406932426 ], [ 12.324491625170996, 50.203181178087199 ], [ 12.328468965498775, 50.214661831839962 ], [ 12.351849572807099, 50.228334470613511 ], [ 12.34323566527692, 50.253130861728593 ], [ 12.349432404905212, 50.273080156945113 ], [ 12.37709799228846, 50.282721505884105 ], [ 12.404741605083228, 50.28888829767309 ], [ 12.408565125088277, 50.315777736265169 ], [ 12.446536637263531, 50.319974119129178 ], [ 12.459896984938515, 50.34540836587145 ], [ 12.488968924424922, 50.345869960995017 ], [ 12.499670386419679, 50.361825177683791 ], [ 12.499999999856989, 50.362094410371121 ], [ 12.52496275328137, 50.38247983191642 ], [ 12.575811179371566, 50.404126534544098 ], [ 12.641580124664321, 50.411001860863863 ], [ 12.684188204940291, 50.421168129513973 ], [ 12.703987009123583, 50.402888342146262 ], [ 12.72128074705107, 50.424183349674742 ], [ 12.755143074062609, 50.445745104020361 ], [ 12.791180852096018, 50.455811771581146 ], [ 12.813748412206992, 50.448600835422745 ], [ 12.83816180990252, 50.465823666680301 ], [ 12.865541731228788, 50.452535406450373 ], [ 12.905688695324226, 50.43536036335751 ], [ 12.935595655698151, 50.42643476397788 ], [ 12.970666567109793, 50.433004064305052 ], [ 12.999999999887205, 50.441109380952227 ], [ 13.004155331507063, 50.442257455540343 ], [ 13.015340227261861, 50.473689600085734 ], [ 13.019383490456766, 50.497700177837885 ], [ 13.02141053530212, 50.499999999891088 ], [ 13.03467757137528, 50.515210606937138 ], [ 13.057662642379167, 50.500744671176527 ], [ 13.087899217088719, 50.504770076180968 ], [ 13.101896817948155, 50.515702024972867 ], [ 13.132067469790579, 50.518969160575033 ], [ 13.163402757754463, 50.506297779615082 ], [ 13.18317958645096, 50.523006282827254 ], [ 13.188277613723239, 50.551893441437358 ], [ 13.196254268068962, 50.573414486830544 ], [ 13.208362083065197, 50.578892681731794 ], [ 13.216624402569586, 50.583614292062215 ], [ 13.240312649625055, 50.590284744477962 ], [ 13.258023899343771, 50.567895851818776 ], [ 13.283162446781045, 50.572008358178593 ], [ 13.29395180623141, 50.573679789650335 ], [ 13.288919701826259, 50.584980287386095 ], [ 13.289205366984925, 50.592963267407718 ], [ 13.309817218365566, 50.600335043228604 ], [ 13.332187009875165, 50.605743809765549 ], [ 13.344448644295813, 50.614306411527672 ], [ 13.343877313080169, 50.623768517429873 ], [ 13.342734652445507, 50.628525351640434 ], [ 13.365104443955106, 50.621701330011831 ], [ 13.402988059573069, 50.59943352146626 ], [ 13.443135022770194, 50.588547601006809 ], [ 13.463373311536566, 50.587592807389804 ], [ 13.494510830899072, 50.60235014724411 ], [ 13.499999999917415, 50.607938370954294 ], [ 13.513079076992103, 50.621250777081983 ], [ 13.53263616339706, 50.628339857069399 ], [ 13.524132127012649, 50.658327360871617 ], [ 13.548479600942738, 50.679375989454215 ], [ 13.525494530837166, 50.708894265757515 ], [ 13.529559767722235, 50.718072744681692 ], [ 13.5459305873066, 50.72546447118625 ], [ 13.593834463456222, 50.725623136045243 ], [ 13.657735596575939, 50.732656725222149 ], [ 13.695047881876572, 50.742332785663471 ], [ 13.716648574467465, 50.753090416531464 ], [ 13.749917596573194, 50.742927560281672 ], [ 13.777890822805272, 50.737376038545605 ], [ 13.807050659747288, 50.737058788893464 ], [ 13.81924637130081, 50.738962254967625 ], [ 13.832518820621871, 50.731480127371633 ], [ 13.854185436079888, 50.734547151890503 ], [ 13.862293936159864, 50.744632537275855 ], [ 13.865743894448958, 50.751187527842966 ], [ 13.896244160627008, 50.747381516574947 ], [ 13.910043992885072, 50.756103165089357 ], [ 13.906220471981706, 50.767333183696877 ], [ 13.904352660706985, 50.780805629950564 ], [ 13.920899274304242, 50.783592090112599 ], [ 13.941005717336367, 50.778613321051964 ], [ 13.948718681111906, 50.79519834383072 ], [ 13.957662202977712, 50.80744844650264 ], [ 13.971703752115793, 50.816963808152096 ], [ 13.991524529989253, 50.8250127307819 ], [ 13.999999999947628, 50.823689057306005 ], [ 14.027935870636931, 50.819325849344793 ], [ 14.046196476084498, 50.816897827566173 ], [ 14.068192704979824, 50.823482223107 ], [ 14.092056746048186, 50.816396372164256 ], [ 14.134049547728182, 50.851643397989257 ], [ 14.197423298809213, 50.867859643661724 ], [ 14.22829712670322, 50.884781774705189 ], [ 14.273300401190914, 50.89956381279071 ], [ 14.288484611861971, 50.892594972617957 ], [ 14.314062643882329, 50.891488292408098 ], [ 14.351440852050089, 50.896889693685758 ], [ 14.388643265306635, 50.901447459213365 ], [ 14.426702674937497, 50.899985334552831 ], [ 14.42955932832078, 50.931180476579222 ], [ 14.402992454191862, 50.939183268745253 ], [ 14.334213036091413, 50.939249075488775 ], [ 14.328917240217761, 50.947053086003855 ], [ 14.326675866328769, 50.953592700946011 ], [ 14.320127538674685, 50.960552361191603 ], [ 14.343815785730154, 50.965274860908387 ], [ 14.340387802029538, 50.973442725365523 ], [ 14.329598442579174, 50.978466362682198 ], [ 14.317117065866986, 50.975783650241304 ], [ 14.305822298966419, 50.969562840712278 ], [ 14.276420745144383, 50.975915159457173 ], [ 14.259500568932852, 50.994414761552747 ], [ 14.267668347940111, 50.999999999968175 ], [ 14.270861258700545, 51.002206953951188 ], [ 14.302350366088843, 51.021362228803341 ], [ 14.312722214646289, 51.05550848217905 ], [ 14.342431407317159, 51.053411580169822 ], [ 14.369833303231903, 51.045169033045518 ], [ 14.393697344300266, 51.027112571823366 ], [ 14.408420094901452, 51.029476246355607 ], [ 14.431163449025318, 51.036154963443437 ], [ 14.446171864785166, 51.039195251734469 ], [ 14.454741824036702, 51.03338002766737 ], [ 14.479946295239419, 51.027325042059374 ], [ 14.48194595224839, 51.037894192373791 ], [ 14.479089298865105, 51.047385773197227 ], [ 14.499701150245748, 51.055959701575539 ], [ 14.49999999997784, 51.0557664483038 ], [ 14.508710594978682, 51.050133320189062 ], [ 14.510072998803199, 51.041783985645488 ], [ 14.49999999997784, 51.026882566092318 ], [ 14.498800205592794, 51.025107337448169 ], [ 14.49999999997784, 51.024722101461997 ], [ 14.514599694859825, 51.020034103167724 ], [ 14.536815666945008, 51.017842612078077 ], [ 14.545495497342314, 51.003256582233888 ], [ 14.566986318787436, 51.012662309475886 ], [ 14.583618379236203, 50.999999999968175 ], [ 14.599705984265999, 50.987880922909007 ], [ 14.604650192113859, 50.973008720416495 ], [ 14.59157551049586, 50.948026849609718 ], [ 14.581423404229954, 50.928824127343297 ], [ 14.595464953368035, 50.922044017745598 ], [ 14.615241782962848, 50.915973989728371 ], [ 14.634908740513577, 50.923676601140862 ], [ 14.650554410356197, 50.930074718345942 ], [ 14.667628406890458, 50.936050761836789 ], [ 14.686174677496687, 50.9332076305162 ], [ 14.695206096818097, 50.901184016594506 ], [ 14.665716646438774, 50.861769328583215 ], [ 14.688657768265699, 50.854953027085394 ], [ 14.734320270526329, 50.841765849359867 ], [ 14.753745512095353, 50.825764772041666 ], [ 14.769259336203723, 50.835672107704809 ], [ 14.79266191720221, 50.833653873842394 ], [ 14.817448876613694, 50.860029091402559 ], [ 14.826809909372413, 50.884636829543894 ], [ 14.842851115519471, 50.904490110922978 ], [ 14.853003221785377, 50.907111109090813 ], [ 14.867682024107916, 50.904094972394518 ], [ 14.880317220244519, 50.906202337782908 ], [ 14.8882499263116, 50.911773222023669 ], [ 14.925210623586445, 50.900064369882216 ], [ 14.932967535640628, 50.903857887772666 ], [ 14.968785570484178, 50.894294464799778 ], [ 14.999593476409375, 50.898075283020738 ], [ 15.000000000008052, 50.900544116453382 ], [ 15.004291836025226, 50.92662563765419 ], [ 15.000000000008052, 50.929619591802954 ], [ 14.993396736781085, 50.934221173891032 ], [ 15.000000000008052, 50.937588956524202 ], [ 15.00611394550987, 50.940709960288103 ], [ 15.024400899443034, 50.952369060507088 ], [ 15.026947461576762, 50.973626847153156 ], [ 15.009165430003549, 50.991746122281192 ], [ 15.000000000008052, 50.990076550814777 ], [ 14.986057335619817, 50.987539086978416 ], [ 14.973290292850645, 50.990536638534628 ], [ 14.969154537317454, 50.999999999968175 ], [ 14.965379561372048, 51.008730205098487 ], [ 14.980937333759059, 51.018480147426914 ], [ 14.997879484559069, 51.022916087435689 ], [ 15.000000000008052, 51.025917458922891 ], [ 15.003786914563589, 51.031282118434234 ], [ 15.031338087122359, 51.042792888807035 ], [ 15.044685587092149, 51.0383190324917 ], [ 15.063828712746192, 51.017244914153842 ], [ 15.078756837984262, 51.01707224498923 ], [ 15.086659963427351, 51.029462967614172 ], [ 15.096692541658182, 51.036101856149379 ], [ 15.115111214663143, 51.027949167148591 ], [ 15.137020433638366, 51.027537511316197 ], [ 15.139127934295512, 51.018798911513286 ], [ 15.13298121106561, 50.999999999968175 ], [ 15.132629808991082, 50.998936635394635 ], [ 15.15179488767404, 50.99049719841237 ], [ 15.173748013605405, 50.989471741139077 ], [ 15.177667391936104, 50.999999999968175 ], [ 15.183143951302807, 51.014867330216781 ], [ 15.197896451411253, 51.018519993129011 ], [ 15.214690593090104, 51.011759018204572 ], [ 15.212389288995247, 50.999999999968175 ], [ 15.210234108457765, 50.989103622585219 ], [ 15.229772390428881, 50.988288493254508 ], [ 15.257629661225769, 50.999999999968175 ], [ 15.259321297601916, 51.000718832761606 ], [ 15.265245133538469, 50.999999999968175 ], [ 15.277278954304753, 50.998555448084872 ], [ 15.281208563548226, 50.985382832823312 ], [ 15.299978485914112, 50.982726820178435 ], [ 15.316179893117363, 50.9760466682987 ], [ 15.318177626833309, 50.963459583882631 ], [ 15.307025439636321, 50.950882228421321 ], [ 15.288189657285379, 50.93561640567944 ], [ 15.289660516510777, 50.931878143305049 ], [ 15.325949033204603, 50.932523146867673 ], [ 15.332848914748498, 50.932573092884098 ], [ 15.347770440962487, 50.932681105182319 ], [ 15.365223175305371, 50.977914051853062 ], [ 15.387242160323474, 50.99557156170976 ], [ 15.442717708729173, 50.999278386936084 ], [ 15.442583233626086, 50.999999999968175 ], [ 15.43979794330729, 51.015106422073281 ], [ 15.352270831652653, 51.024629255613043 ], [ 15.367616066236705, 51.046284053401997 ], [ 15.371984737855074, 51.102318847015653 ], [ 15.354795440757467, 51.116621722248617 ], [ 15.354685674714585, 51.150790085946618 ], [ 15.369811379009505, 51.180539168176971 ], [ 15.426867552683484, 51.204012358363144 ], [ 15.43793192776482, 51.255877983579992 ], [ 15.427921302562899, 51.352313367129845 ], [ 15.424424351604662, 51.358034304536758 ], [ 15.41474942682442, 51.402575273766857 ], [ 15.373148253777375, 51.453492158006433 ], [ 15.355256456161278, 51.459977725127096 ], [ 15.326300283463846, 51.42634270635871 ], [ 15.297256298650762, 51.411491162689593 ], [ 15.248783797011132, 51.453715813846436 ], [ 15.231134478944734, 51.500000000093614 ], [ 15.228872311751859, 51.505994719041276 ], [ 15.198247701670493, 51.507137366575051 ], [ 15.195409655990009, 51.500000000093614 ], [ 15.18380254486515, 51.471118109566333 ], [ 15.114825823490641, 51.431581721021757 ], [ 15.068943790940876, 51.428988616171452 ], [ 15.005126054717191, 51.441149920546572 ], [ 15.000000000008052, 51.444448629314863 ], [ 14.945976294391503, 51.479165894484574 ], [ 14.906115971923443, 51.500000000093614 ], [ 14.88055893712454, 51.513501118288211 ], [ 14.882009238404661, 51.557279156436479 ], [ 14.93017680512447, 51.578071170184032 ], [ 15.000000000008052, 51.591590665762411 ], [ 15.001964805078948, 51.591971408146023 ], [ 15.069404807243004, 51.58214353384254 ], [ 15.071292775814385, 51.560703131874476 ], [ 15.107603245537124, 51.548771180933862 ], [ 15.162705590654665, 51.544045311574749 ], [ 15.170652622155581, 51.559455666844663 ], [ 15.152058324919315, 51.585127932058107 ], [ 15.208411998973125, 51.576757853919908 ], [ 15.225118327638009, 51.582435350060372 ], [ 15.238202390362519, 51.620434979820097 ], [ 15.273129812975515, 51.649741523200277 ], [ 15.270056375452922, 51.668571392955222 ], [ 15.215239420609567, 51.739133204238463 ], [ 15.23051879610688, 51.744221968221083 ], [ 15.207358249093708, 51.791381258479632 ], [ 15.248761843982217, 51.803856311310746 ], [ 15.2093998897658, 51.85162543663025 ], [ 15.210789200828019, 51.852106272126832 ], [ 15.224371921061694, 51.856806926522758 ], [ 15.24153926513039, 51.872835423041593 ], [ 15.197764732339458, 51.909181424921819 ], [ 15.215436998768103, 51.917173843808087 ], [ 15.253898875205817, 51.909642311814508 ], [ 15.278200985112372, 51.920030753868495 ], [ 15.271768719792998, 51.946695207164183 ], [ 15.258750516155224, 51.964335526628673 ], [ 15.246127468834523, 51.993010813474527 ], [ 15.248246680828029, 51.999999999749583 ], [ 15.265709656863466, 52.058200712484805 ], [ 15.375914347996865, 52.039442745719825 ], [ 15.384344347930503, 52.009650043851735 ], [ 15.39683487398386, 51.999999999749583 ], [ 15.405792551501914, 51.993155392036819 ], [ 15.459410259932543, 51.999999999749583 ], [ 15.500000000038265, 52.00523930310468 ], [ 15.504318180049461, 52.005796655297942 ], [ 15.558957443638038, 51.999999999749583 ], [ 15.585237401255098, 51.997242832167274 ], [ 15.658934043608909, 51.999450682578072 ], [ 15.80461498577308, 51.998675319085471 ], [ 15.81002464221068, 51.999999999749583 ], [ 15.869552331861234, 52.014738662616388 ], [ 15.87161005237691, 52.016990642694424 ], [ 15.905753036439409, 52.013569527629052 ], [ 15.941624443787251, 52.003125663306825 ], [ 15.957282288496916, 51.999999999749583 ], [ 15.970317178341093, 51.997426824389947 ], [ 15.998109836014539, 51.980141428261973 ], [ 15.961448116032557, 51.949602853726446 ], [ 15.975761553766104, 51.938129046922498 ], [ 16.000000000068475, 51.949244075709743 ], [ 16.003049289079602, 51.950642192926658 ], [ 16.034091008506948, 51.944550531917415 ], [ 16.042608821454557, 51.919254008498072 ], [ 16.055495306020536, 51.909536966404119 ], [ 16.098435620119499, 51.914132416229066 ], [ 16.112705151795222, 51.869896416620733 ], [ 16.088468900975407, 51.847920237972815 ], [ 16.104911792395018, 51.827938526240274 ], [ 16.082958666463654, 51.783788920340122 ], [ 16.113934526804258, 51.758903459103998 ], [ 16.141749137506622, 51.757833233354134 ], [ 16.153406247063561, 51.708191697738187 ], [ 16.204359451750179, 51.720861777034258 ], [ 16.220692577126908, 51.720967566163999 ], [ 16.276036407359129, 51.727697905158493 ], [ 16.299482345544803, 51.744644904580738 ], [ 16.305102345201124, 51.772246105774023 ], [ 16.325518751922033, 51.782917369579366 ], [ 16.35015015905892, 51.790311806637675 ], [ 16.380840629125341, 51.793863344548193 ], [ 16.401959536364735, 51.798668694950727 ], [ 16.43664547476137, 51.796530113173993 ], [ 16.483339772974187, 51.785809267971956 ], [ 16.500000000098691, 51.785148759946061 ], [ 16.516313367929058, 51.784501994332949 ], [ 16.548452743293648, 51.776868870545982 ], [ 16.581821494565588, 51.775851903101014 ], [ 16.627879152244972, 51.777516019754366 ], [ 16.635211496241372, 51.754714899627324 ], [ 16.607265167365529, 51.749693399428196 ], [ 16.609482433167244, 51.733977764287054 ], [ 16.651720246747718, 51.729284478725972 ], [ 16.702585639318684, 51.684640741202273 ], [ 16.767940094752827, 51.600471260077512 ], [ 16.802296735919128, 51.580339535342581 ], [ 16.851098534789088, 51.566342836513016 ], [ 16.910591505452231, 51.567523767901676 ], [ 16.98608830426177, 51.561499368068993 ], [ 17.0000000001289, 51.559953068901592 ], [ 17.056052915530639, 51.553722194018341 ], [ 17.073395884728956, 51.568452568523064 ], [ 17.038490415144874, 51.595551883727111 ], [ 17.097258933158933, 51.609645592123336 ], [ 17.137586824240799, 51.582063946969114 ], [ 17.228362999445963, 51.597275715605633 ], [ 17.203182763891299, 51.628743966628981 ], [ 17.207068467076944, 51.644191699545601 ], [ 17.223431561149866, 51.655059129171931 ], [ 17.231019327622572, 51.660097600501636 ], [ 17.281884720193542, 51.656336844989042 ], [ 17.364033316408214, 51.628478950620952 ], [ 17.459573318650506, 51.615663578724799 ], [ 17.500000000159112, 51.616254041459996 ], [ 17.529876846309769, 51.61669041076798 ], [ 17.534894493228734, 51.616763696221312 ], [ 17.567911994241435, 51.571729756390049 ], [ 17.549076212788808, 51.540407649294323 ], [ 17.64168375461762, 51.500000000093614 ], [ 17.643079496718961, 51.499397400061525 ], [ 17.644087600503845, 51.500000000093614 ], [ 17.671574654012581, 51.516609599409975 ], [ 17.722110749353217, 51.500281051545059 ], [ 17.722792180785028, 51.500000000093614 ], [ 17.793765751034936, 51.471039202588749 ], [ 17.731001764690667, 51.460793288760811 ], [ 17.736270514986057, 51.439702316364894 ], [ 17.736358328000026, 51.412913328942174 ], [ 17.798551532897605, 51.384079440502447 ], [ 17.844653096634815, 51.357692749791887 ], [ 17.87352145721659, 51.363084679932562 ], [ 17.899755441752355, 51.349544319929642 ], [ 17.923772161384726, 51.322926516933052 ], [ 17.976810913699577, 51.322966099063187 ], [ 17.978334899290878, 51.321726503485685 ], [ 17.962344901606595, 51.307322030028487 ], [ 17.946355122212928, 51.293118047471381 ], [ 17.946932709296213, 51.292253265414161 ], [ 17.906890207590216, 51.207993933652084 ], [ 17.984011538624177, 51.151756869801396 ], [ 18.000000000189324, 51.139650634221439 ], [ 18.019224352409676, 51.125090001967095 ], [ 18.043153259028074, 51.126971629672852 ], [ 18.142117949950517, 51.144896234205682 ], [ 18.210721467138555, 51.146551886937466 ], [ 18.232455061882469, 51.125421279772951 ], [ 18.352253268871806, 51.126348845939759 ], [ 18.431218661521008, 51.11557467453418 ], [ 18.438968114863385, 51.08338289844113 ], [ 18.461338350140736, 51.053172686348688 ], [ 18.458462490776675, 51.033233973669198 ], [ 18.450449600189025, 51.021641130565371 ], [ 18.467902334531907, 51.009474142518961 ], [ 18.500000000219536, 51.000359333022942 ], [ 18.501265255737653, 50.999999999968175 ], [ 18.551368118769584, 50.985921905376962 ], [ 18.573606634975139, 50.971693529795836 ], [ 18.596108589324285, 50.959473616965973 ], [ 18.598828137337325, 50.956917752380932 ], [ 18.661243512672655, 50.898220186144968 ], [ 18.637929293558773, 50.8628371689029 ], [ 18.658938434755292, 50.852605983833833 ], [ 18.682757576229122, 50.852658727382718 ], [ 18.708113436015097, 50.817847937936989 ], [ 18.729517733528681, 50.80458421788871 ], [ 18.733622967901773, 50.789349365526292 ], [ 18.772655625786179, 50.770437475931558 ], [ 18.790788907618634, 50.729761447707183 ], [ 18.802511876262319, 50.716260998184481 ], [ 18.829931330647607, 50.711301476385422 ], [ 18.854606643842324, 50.696353595399557 ], [ 18.91730477109985, 50.678740698297766 ], [ 19.000000000249752, 50.657336346881266 ], [ 19.07596000994565, 50.637666654749793 ], [ 19.098308292194087, 50.608607021295768 ], [ 19.12155665222123, 50.571159353925104 ], [ 19.131281887148958, 50.551402402310586 ], [ 19.089395322929409, 50.522820370572624 ], [ 19.060812353520134, 50.516698127188675 ], [ 19.007176318559395, 50.499999999891088 ], [ 19.000000000249752, 50.497789057454192 ], [ 18.998772820723264, 50.497410966824937 ], [ 18.985952195244032, 50.482224885607351 ], [ 18.984744773263905, 50.454601253498979 ], [ 18.974141413586381, 50.406128648833793 ], [ 19.000000000249752, 50.396871334148024 ], [ 19.00401961709143, 50.395432157261169 ], [ 19.054863056633486, 50.385787426683343 ], [ 19.063666259855278, 50.362668940119647 ], [ 19.079296885611836, 50.340647082535604 ], [ 19.07859438509335, 50.307806222584439 ], [ 19.09189797900531, 50.275470866128117 ], [ 19.173278216513076, 50.264493741462772 ], [ 19.201773373806695, 50.245545283543905 ], [ 19.21408907692598, 50.222437471605964 ], [ 19.205593217007287, 50.213431895020555 ], [ 19.22800735834246, 50.194396867064853 ], [ 19.252748531522226, 50.163797849464963 ], [ 19.268159625193018, 50.130847477745718 ], [ 19.26433978199243, 50.102328582916755 ], [ 19.238676578005037, 50.079376498761704 ], [ 19.224977827776009, 50.04778772060827 ], [ 19.116441574026542, 50.044602475127185 ], [ 19.070208291217536, 50.013588313621852 ], [ 19.061628812518936, 50.000000000210534 ], [ 19.050801728318216, 49.981276003379278 ], [ 19.034380789927518, 49.978374651216022 ], [ 19.045993993426634, 49.918596694177083 ], [ 19.057146181521937, 49.770923408220092 ], [ 19.00140719497265, 49.76502219433133 ], [ 19.000000000249752, 49.752134803783214 ], [ 18.996577507950466, 49.720776523061012 ], [ 18.981890866928762, 49.642741289036323 ], [ 18.952759069101713, 49.620428635451162 ], [ 18.96922391265192, 49.596877423696967 ], [ 19.000000000249752, 49.595996153634189 ], [ 19.014161961365144, 49.595590621808661 ], [ 19.012339851880505, 49.565267790312333 ], [ 19.000000000249752, 49.552747998958331 ], [ 18.962253193557981, 49.51443072946077 ], [ 18.970233756473505, 49.505151280455813 ], [ 18.97076961142195, 49.499999999800124 ], [ 18.972187585029943, 49.486505511064031 ], [ 18.970804537920195, 49.466744362671612 ], [ 18.948390396585022, 49.455554431193939 ], [ 18.962594069174006, 49.446496107342185 ], [ 18.991879539101767, 49.44581376146126 ], [ 19.000000000249752, 49.447346458552772 ], [ 19.012493523981213, 49.449704456350993 ], [ 19.019255086530915, 49.466628267886655 ], [ 19.109197042145802, 49.444173188875666 ], [ 19.105552823176517, 49.477075713352797 ], [ 19.128326372372026, 49.499999999800124 ], [ 19.154200949945771, 49.526301560180727 ], [ 19.243242827781948, 49.530840933813188 ], [ 19.255382906669922, 49.550033402882207 ], [ 19.325303611880969, 49.554131498815842 ], [ 19.341483065156989, 49.573183101293694 ], [ 19.400800410690504, 49.575216586551242 ], [ 19.409603614810614, 49.588483351589296 ], [ 19.460249475295818, 49.584475913353515 ], [ 19.482685569659907, 49.553268000144961 ], [ 19.500000000279961, 49.552584827902443 ], [ 19.504199633216373, 49.552419122179643 ], [ 19.534363227893927, 49.558009735081193 ], [ 19.533770493418324, 49.595692982412601 ], [ 19.550345103011409, 49.595736851426928 ], [ 19.554977212773373, 49.576182096712827 ], [ 19.635018309229217, 49.578083802193561 ], [ 19.654820028445609, 49.562502248151475 ], [ 19.729833858822424, 49.552785019854987 ], [ 19.776901360323393, 49.53280298340335 ], [ 19.827152064491532, 49.513310753970259 ], [ 19.823561150652889, 49.499999999800124 ], [ 19.821136908518138, 49.491103688055041 ], [ 19.779711360600714, 49.48810114191042 ], [ 19.768229875275082, 49.416725339522294 ], [ 19.771435031869469, 49.377807175750739 ], [ 19.808930970543418, 49.311452817749114 ], [ 19.785682610516279, 49.296091646335775 ], [ 19.802345033123341, 49.24462942649896 ], [ 19.836196752828002, 49.240576597185104 ], [ 19.924316598958246, 49.228211943500312 ], [ 19.939025193008863, 49.249920926377257 ], [ 19.970549881767251, 49.256217505578867 ], [ 20.000000000310173, 49.234245057465508 ], [ 20.001102164891826, 49.233417725122273 ], [ 20.051889067164844, 49.241961594146709 ], [ 20.130066413629368, 49.230705538303553 ], [ 20.141681707508145, 49.26790338923594 ], [ 20.138699314239599, 49.267566943090294 ], [ 20.135878425482723, 49.267864192915482 ], [ 20.131551390777773, 49.269146717631799 ], [ 20.126432760644452, 49.273414126462889 ], [ 20.119808637638275, 49.283624445086168 ], [ 20.159573887806552, 49.343441004207747 ], [ 20.154183098684868, 49.467353857217553 ], [ 20.181529892838402, 49.459763656592656 ], [ 20.222473694930201, 49.465104494528767 ], [ 20.260056439606693, 49.47829443628536 ], [ 20.275835953935065, 49.451562589019723 ], [ 20.332777522341729, 49.430523808120931 ], [ 20.38015971536483, 49.425527760719476 ], [ 20.438978238099171, 49.415330751035626 ], [ 20.471672170438108, 49.428664873552975 ], [ 20.500000000340389, 49.420742440014799 ], [ 20.521476945509313, 49.414735133324498 ], [ 20.566436558280937, 49.401658766713851 ], [ 20.579400640219475, 49.381514311405581 ], [ 20.570932519378438, 49.365288062177321 ], [ 20.519425390131431, 49.343426455530818 ], [ 20.571063469492351, 49.297737196453873 ], [ 20.644832154036997, 49.31977932614118 ], [ 20.689769942238797, 49.310477417326467 ], [ 20.700660644229618, 49.262003232558271 ], [ 20.681694671739496, 49.256785906759255 ], [ 20.637324335827948, 49.229801442554795 ], [ 20.588458037920589, 49.181729186724588 ], [ 20.584551353683164, 49.142448696765271 ], [ 20.551180844408211, 49.11391054962958 ], [ 20.500000000340389, 49.100377087424555 ], [ 20.488542937512385, 49.09734705198165 ], [ 20.390548441469832, 49.0640277968985 ], [ 20.403512524306684, 49.048355003973811 ], [ 20.453993876313906, 49.040904660459375 ], [ 20.500000000340389, 49.028193145014981 ], [ 20.502052646273025, 49.027625922161576 ], [ 20.551202669876353, 49.040904660459375 ], [ 20.58734496060486, 49.045808254580329 ], [ 20.626171732710983, 49.068182960830924 ], [ 20.653300275776346, 49.108078142571976 ], [ 20.681018094803481, 49.138913376432697 ], [ 20.71004541766467, 49.163246436011924 ], [ 20.725999533043243, 49.183290997388376 ], [ 20.749963443415005, 49.187946940464535 ], [ 20.796516284818349, 49.181787573502234 ], [ 20.790885420936981, 49.2035462478241 ], [ 20.77113374596675, 49.226009891890605 ], [ 20.804002278457567, 49.33679186033541 ], [ 20.876374159990526, 49.358409182931673 ], [ 20.968213989899436, 49.336398994095191 ], [ 20.996695686836834, 49.341535105368912 ], [ 21.000000000370598, 49.347853334298669 ], [ 21.011471248495255, 49.36978135331163 ], [ 21.044252480910131, 49.391820124888014 ], [ 21.093555279197201, 49.396717894330784 ], [ 21.107850690437942, 49.409548593465622 ], [ 21.089954145225576, 49.425716573865039 ], [ 21.095279458841144, 49.439701259416601 ], [ 21.120661997692739, 49.441022553830798 ], [ 21.140173596106653, 49.447584936998808 ], [ 21.196373112071186, 49.423668635761913 ], [ 21.258312617461169, 49.444260300410754 ], [ 21.311260200656154, 49.462492201164615 ], [ 21.380292848445304, 49.466976551997121 ], [ 21.480251598891481, 49.435882371496319 ], [ 21.500000000400814, 49.437747187928679 ], [ 21.500396125101759, 49.43778459283137 ], [ 21.587609043799247, 49.467194228374929 ], [ 21.620215675163927, 49.465133519451534 ], [ 21.66249080655794, 49.441893717883907 ], [ 21.696406940858363, 49.437944317436042 ], [ 21.75361040949285, 49.42924579810559 ], [ 21.796234741190631, 49.403983710181471 ], [ 21.809613499837354, 49.386413114199421 ], [ 21.836698392864758, 49.38950913723518 ], [ 21.872113344657169, 49.392061944472339 ], [ 21.881461580016353, 49.392735769163572 ], [ 21.996916119993251, 49.356838393893781 ], [ 22.000000000431022, 49.350758948570721 ], [ 22.064421013758487, 49.223588980192623 ], [ 22.11018815358004, 49.179379080255501 ], [ 22.206218394320651, 49.128013644749934 ], [ 22.306613646044848, 49.12345432893347 ], [ 22.360063205125648, 49.115927612405095 ], [ 22.49999999956292, 49.102834062756273 ], [ 22.533790641014789, 49.099671832284756 ], [ 22.59223813797723, 49.073844540059412 ], [ 22.746584924668046, 49.043715137629135 ], [ 22.80968115741172, 49.04541305740851 ], [ 22.870530656019106, 49.000000000276607 ], [ 22.888185879610184, 48.986948266096988 ], [ 22.896894076109216, 48.950057592285923 ], [ 22.901237262522976, 48.915275131092713 ], [ 22.983321293224918, 48.858525287913857 ], [ 22.999999999593133, 48.85558174733486 ], [ 23.086422851794872, 48.840326629486697 ], [ 23.168288632306965, 48.811291023347266 ], [ 23.293651746174564, 48.768703997930331 ], [ 23.33137329313886, 48.760815057651342 ], [ 23.401860367271919, 48.74607031839863 ], [ 23.499999999623348, 48.727276043155285 ], [ 23.500378664668428, 48.727203513406273 ], [ 23.621464068526695, 48.699969690038451 ], [ 23.69021299061988, 48.666413934170819 ], [ 23.784606352690801, 48.620269103611939 ], [ 23.882557197797066, 48.588619518147993 ], [ 23.950083917030444, 48.531526784289113 ], [ 23.96199597565154, 48.500000000192749 ], [ 23.969682816418615, 48.479846323587054 ], [ 23.999999999653557, 48.488926390246426 ], [ 24.017545161656024, 48.494180459622342 ], [ 24.02756879985315, 48.500000000192749 ], [ 24.053447376726535, 48.515171286548409 ], [ 24.098254213916107, 48.525860798882739 ], [ 24.136950035908317, 48.531482863985623 ], [ 24.153624377362561, 48.509020127896271 ], [ 24.151759473036101, 48.500000000192749 ], [ 24.140005543956157, 48.443673697280104 ], [ 24.190596020609142, 48.394904166600746 ], [ 24.254063279124729, 48.374057079665583 ], [ 24.325911359303721, 48.397970900264113 ], [ 24.397279289065043, 48.42027542624362 ], [ 24.442457152026517, 48.396735508541823 ], [ 24.45924061902485, 48.336877372815245 ], [ 24.499999999683769, 48.299195473891459 ], [ 24.515767510723318, 48.284610956892784 ], [ 24.520721798566985, 48.197604307042447 ], [ 24.524715782880349, 48.119173939772558 ], [ 24.550141971769914, 48.077683154153284 ], [ 24.614438582803572, 48.078121921850766 ], [ 24.64503730972665, 48.070559960791684 ], [ 24.65474945889564, 48.051042888313184 ], [ 24.609113270086315, 48.03056683731446 ], [ 24.586595125400805, 48.000000000254126 ], [ 24.579889521605093, 47.990982444073637 ], [ 24.599575721069204, 47.964033487027244 ], [ 24.649991597570317, 47.927062695573092 ], [ 24.714331858641945, 47.875817259660657 ], [ 24.76348188224528, 47.835334241005235 ], [ 24.817848093021777, 47.788454701359598 ], [ 24.888757696036933, 47.762885969190876 ], [ 24.886924391747218, 47.761545264924045 ], [ 24.888452144872822, 47.760598007355981 ], [ 24.921822654147775, 47.685038471320397 ], [ 24.910194848533717, 47.575255267962568 ], [ 24.909620647200736, 47.569827971909724 ], [ 24.909509866061587, 47.568780814187086 ], [ 24.909367177661856, 47.567432021594712 ], [ 24.909229597082835, 47.566131481089336 ], [ 24.910543566442175, 47.565851828985153 ], [ 24.999999999713978, 47.546809244997398 ], [ 25.002291636139752, 47.54632133440002 ], [ 25.031330816762694, 47.560306771787666 ], [ 25.087821994140416, 47.587502491419144 ], [ 25.089090067673574, 47.588112798120903 ], [ 25.130668640904702, 47.577752460795899 ], [ 25.171123866381464, 47.567670053329998 ], [ 25.17946541909054, 47.561040650645992 ], [ 25.214318515995245, 47.532319965501266 ], [ 25.216810566560902, 47.530265784711922 ], [ 25.189539277603625, 47.500000000208502 ], [ 25.16410257573029, 47.472023851641353 ], [ 25.150222179862606, 47.456751398528105 ], [ 25.069229224938447, 47.419555105149051 ], [ 25.06359834848066, 47.348735050277575 ], [ 25.070516905999312, 47.304254625310868 ], [ 25.141077461424299, 47.235786615123921 ], [ 25.197713602634362, 47.246429118520766 ], [ 25.240578103414922, 47.204561058417568 ], [ 25.298567400293653, 47.186161260773289 ], [ 25.375348109934809, 47.182133168998973 ], [ 25.441761896481225, 47.117641868742183 ], [ 25.49999999974419, 47.090383060559532 ], [ 25.516272796063067, 47.082763938458271 ], [ 25.536984818581047, 47.060445210691796 ], [ 25.536667157228592, 47.057753799099821 ], [ 25.529854492217318, 47.000000000202057 ], [ 25.529280557683983, 46.995177277335777 ], [ 25.49999999974419, 46.954529854102809 ], [ 25.487048984699779, 46.936541268904733 ], [ 25.49999999974419, 46.927767614993186 ], [ 25.569174192377723, 46.880881126191603 ], [ 25.577240622556307, 46.876123299588507 ], [ 25.596763774203097, 46.86460619191773 ], [ 25.710407081496811, 46.802579008366571 ], [ 25.741825182451791, 46.803881181953606 ], [ 25.779374405595131, 46.805928161315038 ], [ 25.827389630619166, 46.777584792670275 ], [ 25.814163618808404, 46.710555530297995 ], [ 25.886797558672676, 46.624832045727231 ], [ 25.887506307872279, 46.623496093413664 ], [ 25.893847067203552, 46.615962840940703 ], [ 25.920648292925474, 46.563565278071557 ], [ 25.927277296478593, 46.499999999857828 ], [ 25.927937877114349, 46.493720009584429 ], [ 25.996621473720072, 46.481485863169851 ], [ 25.99794022930325, 46.481925620446802 ], [ 25.99999999977441, 46.482612473096374 ], [ 26.052151407929706, 46.499999999857828 ], [ 26.057600810327052, 46.501833423247668 ], [ 26.060083144714589, 46.499999999857828 ], [ 26.138812016339376, 46.442355749801195 ], [ 26.223013261181634, 46.42483603883511 ], [ 26.235169843019698, 46.403357219796618 ], [ 26.243179655080876, 46.399214519682424 ], [ 26.270264607397081, 46.348662640382457 ], [ 26.360729656493483, 46.323689285692915 ], [ 26.363850646335639, 46.218139126766694 ], [ 26.416820169983119, 46.180205411422897 ], [ 26.397950923591214, 46.148227587956512 ], [ 26.392070504130658, 46.136578267641305 ], [ 26.400391623760289, 46.128095639019676 ], [ 26.43938732585222, 46.099157950337023 ], [ 26.46670293409235, 46.060450268811941 ], [ 26.476533650099057, 46.046512929944754 ], [ 26.452145339654468, 46.012359178943917 ], [ 26.443323704799674, 46.000000000240469 ], [ 26.442464664758088, 45.998807228076572 ], [ 26.433732152660948, 45.991659801355382 ], [ 26.398299409734332, 45.95202133273483 ], [ 26.387277879800468, 45.902184160298049 ], [ 26.386439627672878, 45.874352970937124 ], [ 26.411014692475145, 45.807280931809508 ], [ 26.409926480526487, 45.806003720656605 ], [ 26.413349978938882, 45.797538608197861 ], [ 26.391804848046633, 45.78473043059077 ], [ 26.38238015797193, 45.773663397843045 ], [ 26.388556662150137, 45.73503923865367 ], [ 26.359136424268502, 45.742008151340215 ], [ 26.323212305576419, 45.695644058155871 ], [ 26.311143023814296, 45.665915095355516 ], [ 26.353963875455207, 45.61744194515547 ], [ 26.294010318782959, 45.601864329821886 ], [ 26.252891825809428, 45.6203348690048 ], [ 26.187722070285915, 45.600417407125107 ], [ 26.111617938479085, 45.565636122739562 ], [ 26.12032367179761, 45.550911030425397 ], [ 26.116550629925005, 45.549909005562121 ], [ 26.083507206228155, 45.528842914824246 ], [ 26.054946899516871, 45.500000000291124 ], [ 26.054694688517699, 45.499747493410688 ], [ 26.032109090235824, 45.477130892128024 ], [ 26.006006267816375, 45.495361908962572 ], [ 25.99999999977441, 45.497801800753933 ], [ 25.994588482027538, 45.500000000291124 ], [ 25.931626319246757, 45.52579889211502 ], [ 25.903835769919279, 45.500000000291124 ], [ 25.899805320293588, 45.496290719175079 ], [ 25.885160676409729, 45.471454259798207 ], [ 25.838760509078813, 45.47132358886784 ], [ 25.782626345551204, 45.484185954706277 ], [ 25.725248151000695, 45.497727441553117 ], [ 25.71328825080251, 45.500000000291124 ], [ 25.671711175062963, 45.507970470153559 ], [ 25.611954044909062, 45.509697938513668 ], [ 25.572536734708201, 45.500000000291124 ], [ 25.524479034642585, 45.488279225987448 ], [ 25.49999999974419, 45.468202282462492 ], [ 25.463041371289449, 45.437876322254183 ], [ 25.433119156623686, 45.411589584780806 ], [ 25.392728503846175, 45.397442438701731 ], [ 25.383401572932272, 45.374965251325776 ], [ 25.337721633473659, 45.368958267348589 ], [ 25.315132653034738, 45.404249185707307 ], [ 25.29103685919949, 45.409535258631138 ], [ 25.296646791436419, 45.42087635713839 ], [ 25.316573109677659, 45.459111769286615 ], [ 25.252483149786908, 45.500000000291124 ], [ 25.155176748878951, 45.562579229990028 ], [ 25.043519253759051, 45.586092308936678 ], [ 24.999999999713978, 45.572804554874423 ], [ 24.959383573356114, 45.560400239429221 ], [ 24.905410212921346, 45.546108751044329 ], [ 24.865164812335394, 45.563778756548032 ], [ 24.806280814094936, 45.577963371706133 ], [ 24.738623144747645, 45.580522067670742 ], [ 24.709719508222978, 45.577421445644468 ], [ 24.65335265588395, 45.554944452873961 ], [ 24.594925143741637, 45.565412464310683 ], [ 24.559417620559195, 45.561862825784743 ], [ 24.499999999683769, 45.561263560060283 ], [ 24.455006558155176, 45.560809767547667 ], [ 24.3897943464547, 45.56125605774475 ], [ 24.304318672498646, 45.540360941207403 ], [ 24.303278778234173, 45.539832212851302 ], [ 24.287480820594695, 45.536243890935431 ], [ 24.219994369242247, 45.519739623038113 ], [ 24.14618203376131, 45.517061041014465 ], [ 24.133467042972963, 45.518322328206509 ], [ 24.129660467889117, 45.518158836251274 ], [ 24.061369871643777, 45.518919961348828 ], [ 24.040053927031646, 45.516445599514107 ], [ 24.00210903642984, 45.502574757943279 ], [ 23.999999999653557, 45.504468565846807 ], [ 23.992773724234333, 45.510956907749915 ], [ 23.944322103035166, 45.515670469685098 ], [ 23.878868763749495, 45.515846122968249 ], [ 23.800560467171064, 45.513372292014836 ], [ 23.776256146510594, 45.500000000291124 ], [ 23.763654299430595, 45.493126896685716 ], [ 23.765469278986828, 45.473367813901277 ], [ 23.736962257643249, 45.472209241354356 ], [ 23.701256468192764, 45.488467915131309 ], [ 23.690888242540858, 45.500000000291124 ], [ 23.673189447963551, 45.51985671676438 ], [ 23.670177590852003, 45.545099285115725 ], [ 23.619499813224753, 45.54713282781119 ], [ 23.607058399864606, 45.554547540447267 ], [ 23.599699412735202, 45.557169068040842 ], [ 23.592528909220395, 45.553938863923506 ], [ 23.576024304439077, 45.545786894287247 ], [ 23.573558073251313, 45.545391886133686 ], [ 23.592492255261856, 45.503057145784489 ], [ 23.591428149603843, 45.500000000291124 ], [ 23.584653173410313, 45.480705053913589 ], [ 23.573317997593321, 45.448407901864456 ], [ 23.579319887246598, 45.407752347511632 ], [ 23.572159832036856, 45.400057233853197 ], [ 23.55878466126137, 45.385679732830688 ], [ 23.541672243782408, 45.380438666173788 ], [ 23.531304767325448, 45.377263152971913 ], [ 23.529555864248255, 45.377557615299438 ], [ 23.499999999623348, 45.382400855528687 ], [ 23.485559452972037, 45.384767037221813 ], [ 23.484315424644087, 45.385174195724439 ], [ 23.473527176409728, 45.383241669382031 ], [ 23.448352982923669, 45.378731893104899 ], [ 23.42960463449764, 45.375373025376753 ], [ 23.428465108983321, 45.375168867108236 ], [ 23.396474267356012, 45.360022584637051 ], [ 23.362073292533811, 45.343730653628796 ], [ 23.264908149009337, 45.315594483525352 ], [ 23.132779267578186, 45.300843939930573 ], [ 23.059876161013758, 45.299704736706992 ], [ 23.033824469801971, 45.289949646543235 ], [ 23.024037855685823, 45.285872846456705 ], [ 23.01457477161588, 45.27978168140195 ], [ 23.009333471140625, 45.279746900971652 ], [ 22.999999999593133, 45.279684966371711 ], [ 22.957934144219287, 45.279405825713638 ], [ 22.944319920068597, 45.279315483848691 ], [ 22.913812293095113, 45.29663080226689 ], [ 22.880568935857049, 45.28863869403753 ], [ 22.847047134118576, 45.279905526221576 ], [ 22.839319581702821, 45.277742040303117 ], [ 22.817439451074815, 45.269761566170516 ], [ 22.786131923748155, 45.257589336365186 ], [ 22.744308689857821, 45.24307993853224 ], [ 22.735017645741198, 45.239689214193859 ], [ 22.676701098892671, 45.237006621548801 ], [ 22.677587628280268, 45.247024932885573 ], [ 22.675369771387096, 45.247838263895353 ], [ 22.677870143047233, 45.250217158093356 ], [ 22.683619642038281, 45.315143142084295 ], [ 22.666589072759798, 45.333337718199395 ], [ 22.617564930077236, 45.385679732830688 ], [ 22.622704384955469, 45.41443739193533 ], [ 22.634273192814923, 45.456483193492602 ], [ 22.627670238608417, 45.500000000291124 ], [ 22.626197922315626, 45.50978577492247 ], [ 22.583770016237878, 45.551170433120937 ], [ 22.554502569209664, 45.548551911002953 ], [ 22.49999999956292, 45.589027142345458 ], [ 22.463230239201714, 45.61631687878063 ], [ 22.471214911011351, 45.658900881409522 ], [ 22.477438349468205, 45.692069250482852 ], [ 22.49999999956292, 45.702447577506611 ], [ 22.514430016162464, 45.709084348433237 ], [ 22.522768988011734, 45.70098395342935 ], [ 22.573577715752897, 45.720544596250591 ], [ 22.558474777462219, 45.749326025618259 ], [ 22.536859085701032, 45.749441615516538 ], [ 22.536998923746363, 45.761102567453939 ], [ 22.49999999956292, 45.814990151205045 ], [ 22.464670692251378, 45.866397061206669 ], [ 22.488918328319102, 45.90933373063644 ], [ 22.481803107126879, 45.948759998782798 ], [ 22.434181090872379, 45.957319828313764 ], [ 22.417096238197907, 45.973486062535109 ], [ 22.414604016952349, 45.975425421179274 ], [ 22.414165449549174, 45.976258792075413 ], [ 22.401668660441654, 46.000000000240469 ], [ 22.394328541526473, 46.014067223753393 ], [ 22.385201315083378, 46.009496760116001 ], [ 22.372837363450188, 46.003304897632454 ], [ 22.369273378408817, 46.001519925561922 ], [ 22.339348465203937, 46.004930058548396 ], [ 22.287211172276699, 46.009807026905683 ], [ 22.187863523260429, 46.002925599446428 ], [ 22.153642888824773, 46.011628271035406 ], [ 22.104557289698676, 46.024108854706128 ], [ 22.08426845093463, 46.047273276376451 ], [ 22.073827612661681, 46.057733481371947 ], [ 22.05023479633379, 46.078643165244927 ], [ 22.043733378703841, 46.079361284738695 ], [ 22.035962646967327, 46.080219595837505 ], [ 22.014702546124838, 46.082567796961577 ], [ 22.000000000431022, 46.083686959979516 ], [ 21.993795137337621, 46.084159269443944 ], [ 21.97895110069835, 46.086516355883454 ], [ 21.950254153045829, 46.08968557722207 ], [ 21.903373935010233, 46.082068483765333 ], [ 21.899358125228726, 46.083384372361614 ], [ 21.895724091358133, 46.085299922086513 ], [ 21.883084666851484, 46.09063863583156 ], [ 21.870889845528406, 46.095789062519763 ], [ 21.822010131282276, 46.072476166874068 ], [ 21.792742732763088, 46.086249975374983 ], [ 21.736564637126506, 46.0869581042639 ], [ 21.721309328393968, 46.086483894963465 ], [ 21.672988657308714, 46.075751780662635 ], [ 21.590118925024981, 46.100546509526879 ], [ 21.57288796496281, 46.111619381300152 ], [ 21.563877762950092, 46.117408579740363 ], [ 21.560388964203064, 46.119650024436446 ], [ 21.553504853482298, 46.11949868613705 ], [ 21.526891741269075, 46.117337979598744 ], [ 21.500000000400814, 46.106136919482061 ], [ 21.498824721039867, 46.105647335567383 ], [ 21.429221809233628, 46.121477992529627 ], [ 21.384308809143779, 46.117043378641085 ], [ 21.381689652355309, 46.116782730912618 ], [ 21.355348656909641, 46.14778561188389 ], [ 21.3464640133225, 46.157213514864175 ], [ 21.329601346357148, 46.162634542911249 ], [ 21.316671299788098, 46.164953918761384 ], [ 21.30726109953893, 46.166641847733672 ], [ 21.297325057861791, 46.160217314531579 ], [ 21.26431450801276, 46.131407283129384 ], [ 21.233437915104307, 46.128963175117711 ], [ 21.219507670823191, 46.127273065435986 ], [ 21.195157044704764, 46.125932812689292 ], [ 21.182928878816657, 46.124964779874553 ], [ 21.162590372200558, 46.128813354694508 ], [ 21.135983186173267, 46.133320896027897 ], [ 21.132014868524198, 46.134598526169306 ], [ 21.087989890821948, 46.141690341898382 ], [ 21.062299045673264, 46.135401451921759 ], [ 21.025941259887883, 46.125490727062626 ], [ 21.000000000370598, 46.1281806064828 ], [ 20.972120675035171, 46.13107129790955 ], [ 20.943377077869943, 46.117323368159262 ], [ 20.910745910819909, 46.072759298383851 ], [ 20.903699128675921, 46.06313081691291 ], [ 20.879626092760073, 46.05789438496641 ], [ 20.862541767396678, 46.06435571606405 ], [ 20.815468947869221, 46.082154826649031 ], [ 20.810244243768842, 46.084130028231733 ], [ 20.749395992023071, 46.120727799999813 ], [ 20.729426066862992, 46.122218085297369 ], [ 20.714570728519131, 46.128674357915322 ], [ 20.684538452264757, 46.141724346183032 ], [ 20.64646767714892, 46.131832611793719 ], [ 20.645311150119536, 46.1315320893912 ], [ 20.615414406285339, 46.141864241470678 ], [ 20.516129806425599, 46.17616245861317 ], [ 20.500000000340389, 46.176222172587913 ], [ 20.442221953080505, 46.176436072503428 ], [ 20.388624419014523, 46.17663449483819 ], [ 20.382080320628798, 46.176658721827316 ], [ 20.381791527536311, 46.177536314692397 ], [ 20.374098160508698, 46.200806515469843 ], [ 20.336402225411465, 46.212259271029367 ], [ 20.3345235265555, 46.212829993157598 ], [ 20.269484863079711, 46.214055223975215 ], [ 20.250393026736809, 46.219362984415604 ], [ 20.228231588677581, 46.225523483672916 ], [ 20.227029510775083, 46.224866759784511 ], [ 20.209270459903468, 46.206264516459918 ], [ 20.203038054463452, 46.205014769084571 ], [ 20.202329169618238, 46.204325551956451 ], [ 20.199706316262382, 46.204346663654498 ], [ 20.197313903234775, 46.203866913769289 ], [ 20.162001293807734, 46.204219893548249 ], [ 20.158283494731844, 46.200722459864579 ], [ 20.152710702442015, 46.194921875118609 ], [ 20.121641942826304, 46.162571856015227 ], [ 20.079999738330336, 46.143910294136958 ], [ 20.086787330463714, 46.11637359623829 ], [ 20.074259748904886, 46.107006500637326 ], [ 20.036628320929893, 46.09850821249259 ], [ 20.029714811943141, 46.089217763126491 ], [ 20.0329790174961, 46.085777579538387 ], [ 20.085215926401826, 46.058084543833701 ], [ 20.099358562060516, 46.042182090690844 ], [ 20.084621983692166, 46.027869190369202 ], [ 20.079846962748285, 46.023230650974376 ], [ 20.060652842430503, 46.017895797129583 ], [ 20.047816218854372, 46.014327669701018 ], [ 20.048526549987191, 46.010640191103477 ], [ 20.049470965913375, 46.007467028907591 ], [ 20.050051190450336, 46.005517430739523 ], [ 20.051693134719908, 46.000000000240469 ], [ 20.052079034796293, 45.998714919690038 ], [ 20.052478344024923, 45.997385155112703 ], [ 20.072731785573506, 45.987284580609426 ], [ 20.083120720985974, 45.98210280462358 ], [ 20.095124501190842, 45.941009534703831 ], [ 20.088724282370912, 45.918898913361446 ], [ 20.085802811946618, 45.908803258797846 ], [ 20.057723759682492, 45.903888192504475 ], [ 20.054682674984857, 45.891002855780606 ], [ 20.063055933731889, 45.889138594573744 ], [ 20.072011767906979, 45.887949541330748 ], [ 20.092917392640047, 45.885767732473369 ], [ 20.089857684968251, 45.853356930997897 ], [ 20.091588841827011, 45.842187757461438 ], [ 20.106822730231595, 45.796810414002685 ], [ 20.084321099275957, 45.777305796926498 ], [ 20.092243594193203, 45.749019918163455 ], [ 20.102603913772292, 45.708773572487161 ], [ 20.103919997765814, 45.703901712974897 ], [ 20.090848535709789, 45.70144659488556 ], [ 20.090475764511286, 45.688727691989996 ], [ 20.058110392784148, 45.648618054507061 ], [ 20.071444316515048, 45.628954306102706 ], [ 20.070571314857318, 45.609302964989851 ], [ 20.075569251840633, 45.597055725150575 ], [ 20.065949022783098, 45.583591505185559 ], [ 20.071226066325192, 45.57870906129429 ], [ 20.073602238710773, 45.566238025047994 ], [ 20.09682685536664, 45.568224632464428 ], [ 20.111995268265112, 45.563486252510145 ], [ 20.122890834633203, 45.552206386490035 ], [ 20.123802622849954, 45.551492258849862 ], [ 20.106364404383747, 45.542392657285269 ], [ 20.109114361267469, 45.525857432661937 ], [ 20.125177601291817, 45.515084956018093 ], [ 20.155752570470582, 45.505384961149659 ], [ 20.161123466400301, 45.505247402819236 ], [ 20.17006512246526, 45.500000000291124 ], [ 20.240261114598493, 45.45915533558545 ], [ 20.240186895789716, 45.458093972536133 ], [ 20.241112291686392, 45.457456216600875 ], [ 20.23897343713088, 45.440738202432591 ], [ 20.212194094369281, 45.422242356647352 ], [ 20.213438122697234, 45.408886104103594 ], [ 20.230720649649975, 45.400934193170087 ], [ 20.23901931499076, 45.397115470700825 ], [ 20.241745218584441, 45.395861059498934 ], [ 20.242117178604243, 45.386692537307439 ], [ 20.242399970052315, 45.379720931108309 ], [ 20.233953150063297, 45.37248860396523 ], [ 20.221164191994454, 45.360768536321018 ], [ 20.228148209747857, 45.333907154173644 ], [ 20.228803771496118, 45.333300219097268 ], [ 20.245731105483834, 45.317626234179556 ], [ 20.246415780732139, 45.31699216287322 ], [ 20.268194876043509, 45.311559571843425 ], [ 20.281554118790687, 45.308226974898247 ], [ 20.282798146220326, 45.307615399761893 ], [ 20.291511881731399, 45.300248653831659 ], [ 20.313724248877346, 45.282447671549086 ], [ 20.33039660056324, 45.249896693653994 ], [ 20.335942155035337, 45.239674634882142 ], [ 20.337340363910446, 45.228524306409405 ], [ 20.340852791942709, 45.205958008458147 ], [ 20.316917276418771, 45.157550879273408 ], [ 20.315884929799314, 45.155462131147623 ], [ 20.226489505610029, 45.199830855161018 ], [ 20.155601728063019, 45.205491201314501 ], [ 20.055621152148699, 45.197292268398151 ], [ 20.000000000310173, 45.20918749631057 ], [ 19.986509803855817, 45.212055325217193 ], [ 19.95333863164073, 45.237764758826067 ], [ 19.909168942532727, 45.239324739157759 ], [ 19.879576129301864, 45.222964671136772 ], [ 19.848710034105824, 45.214097341867081 ], [ 19.86271612853627, 45.193542538136725 ], [ 19.922955505775729, 45.146073102848774 ], [ 20.000000000310173, 45.141615185775798 ], [ 20.001189465866087, 45.141545954283167 ], [ 20.051779942519076, 45.131029890756118 ], [ 20.098507384074303, 45.102597539033937 ], [ 20.122907795724085, 45.066708013379142 ], [ 20.163546047550092, 45.048937591347659 ], [ 20.196829255850787, 45.02082996575551 ], [ 20.19980141102004, 45.000000000297035 ], [ 20.201783543694447, 44.984766468496908 ], [ 20.124959351101964, 44.975582645206714 ], [ 20.110055575597983, 45.000000000297035 ], [ 20.09894388535232, 45.016600182435141 ], [ 20.080894565456212, 45.023274022693762 ], [ 20.061121065916154, 45.0159269004102 ], [ 20.056363203692516, 45.003484390454297 ], [ 20.055798826335483, 45.000000000297035 ], [ 20.050470438685007, 44.963924121070406 ], [ 20.03130804057486, 44.924723720135198 ], [ 20.002280718611981, 44.911190114085258 ], [ 20.000000000310173, 44.906884000253427 ], [ 19.990329647954727, 44.888728822024369 ], [ 20.000000000310173, 44.877981406788848 ], [ 20.011534541034802, 44.865084281031088 ], [ 20.051823592557046, 44.851327344760954 ], [ 20.051910892632986, 44.802564156952748 ], [ 20.000000000310173, 44.801378070801022 ], [ 19.966422694365242, 44.800615342585417 ], [ 19.933207615194011, 44.834186884012475 ], [ 19.906995582788841, 44.876907774499017 ], [ 19.935380974937893, 44.942463632837523 ], [ 19.866140816318111, 44.976738732439763 ], [ 19.858056718972826, 45.000000000297035 ], [ 19.849280815552515, 45.023025231047669 ], [ 19.804101282622923, 45.052930935866037 ], [ 19.724169952209959, 45.071094916637783 ], [ 19.631659480534122, 45.084224352613063 ], [ 19.559214166218265, 45.091241068827742 ], [ 19.523364711899333, 45.106207162931582 ], [ 19.50073103937671, 45.127158903970262 ], [ 19.500000000279961, 45.126989956368227 ], [ 19.434235021049187, 45.111789206299427 ], [ 19.368704941383744, 45.098636917279258 ], [ 19.318190799072021, 45.131322030029132 ], [ 19.24398923435826, 45.170265304288336 ], [ 19.159842903529317, 45.198357321730157 ], [ 19.072645088206695, 45.213586844465539 ], [ 19.050340712914405, 45.24489366278948 ], [ 19.000000000249752, 45.248059770088972 ], [ 18.980112663501945, 45.249310506827591 ], [ 18.979278444809978, 45.27831023310538 ], [ 18.971133835150528, 45.293969710914638 ], [ 18.930849849228174, 45.287808407918632 ], [ 18.902442504948521, 45.296838930012981 ], [ 18.932803677784609, 45.320209605312783 ], [ 18.916975473869517, 45.336687014442745 ], [ 18.88859008261878, 45.339335759359074 ], [ 18.716872733179066, 45.321752747432541 ], [ 18.59261804155739, 45.346568233916578 ], [ 18.509283977289819, 45.324737006726444 ], [ 18.500000000219536, 45.32206355739725 ], [ 18.454181631273961, 45.308867666260227 ], [ 18.414336708624816, 45.293459936403238 ], [ 18.417036942859252, 45.276547359035874 ], [ 18.487089367142094, 45.216445569481785 ], [ 18.481447413558545, 45.202004611958976 ], [ 18.432579755601839, 45.14710991507544 ], [ 18.423117958817702, 45.119898263612036 ], [ 18.4287109375, 45.102484442181613 ], [ 18.4287109375, 45.102484442181613 ], [ 18.411523437500023, 45.112665106244116 ], [ 18.378124539446389, 45.105796329807873 ], [ 18.315827502022156, 45.103208744218342 ], [ 18.300773813043289, 45.114474901238282 ], [ 18.281138313044462, 45.118907007164488 ], [ 18.274290399400368, 45.134195386138778 ], [ 18.259663681831018, 45.138227122114003 ], [ 18.235021425672855, 45.132973708905531 ], [ 18.216008208359835, 45.127992744257945 ], [ 18.200726663997415, 45.103654530737323 ], [ 18.174462890625023, 45.10101959843162 ], [ 18.174462890625023, 45.10101959843162 ], [ 18.174462890625023, 45.10101959843162 ], [ 18.174462890625023, 45.10101959843162 ], [ 18.174462890625023, 45.10101959843162 ], [ 18.174462890625023, 45.10101959843162 ], [ 18.153076171875, 45.097845770306613 ], [ 18.13125, 45.098089910931613 ], [ 18.13125, 45.098089910931613 ], [ 18.13125, 45.098089910931613 ], [ 18.11946517395981, 45.096752428418625 ], [ 18.111962890625023, 45.10089752811912 ], [ 18.111962890625023, 45.10089752811912 ], [ 18.111962890625023, 45.10089752811912 ], [ 18.089746093750023, 45.10822174686912 ], [ 18.079765424150231, 45.111762376515784 ], [ 18.079765424150231, 45.111762376515784 ], [ 18.05860645485728, 45.12669771295004 ], [ 18.05860645485728, 45.12669771295004 ], [ 18.045937926697917, 45.133784530130868 ], [ 18.034423828125, 45.14362213749412 ], [ 18.018554687499996, 45.14967682499411 ], [ 18.018554687499996, 45.14967682499411 ], [ 18.002929687499996, 45.14960358280662 ], [ 17.987939453125019, 45.14406159061911 ], [ 17.947862629318262, 45.107687196687024 ], [ 17.947862629318262, 45.107687196687024 ], [ 17.947862629318262, 45.107687196687024 ], [ 17.947862629318262, 45.107687196687024 ], [ 17.947862629318262, 45.107687196687024 ], [ 17.947862629318262, 45.107687196687024 ], [ 17.947862629318262, 45.107687196687024 ], [ 17.92724609375, 45.092230535931613 ], [ 17.902246093750019, 45.077997137494116 ], [ 17.874755859375, 45.07428619999412 ], [ 17.84521484375, 45.065497137494113 ], [ 17.835205078125, 45.064764715619113 ], [ 17.835205078125, 45.064764715619113 ], [ 17.815087890625026, 45.07037994999412 ], [ 17.797021484375019, 45.082220770306613 ], [ 17.784397026253156, 45.093682858201646 ], [ 17.758830761877981, 45.115603278982867 ], [ 17.740869140625023, 45.13349030155662 ], [ 17.714013671875023, 45.15228912968162 ], [ 17.684326171875, 45.16425202030662 ], [ 17.651025390625019, 45.165594793744113 ], [ 17.629394531249996, 45.157586981244116 ], [ 17.614071187170879, 45.139808601427049 ], [ 17.592529296875, 45.12982819218162 ], [ 17.571923828125023, 45.120672918744113 ], [ 17.560791015624996, 45.119574285931613 ], [ 17.549862140043928, 45.11893549681227 ], [ 17.5390625, 45.121210028119116 ], [ 17.517324059948084, 45.118219853546826 ], [ 17.48876953125, 45.11652252811912 ], [ 17.4814453125, 45.11469147343162 ], [ 17.495751953125019, 45.14203522343162 ], [ 17.471679687499996, 45.13300202030662 ], [ 17.459863281250023, 45.131537176556613 ], [ 17.447265625, 45.134540106244117 ], [ 17.456445312500023, 45.15204498905662 ], [ 17.442773437500023, 45.162298895306613 ], [ 17.43359375, 45.148797918744116 ], [ 17.425279967000954, 45.146163249271879 ], [ 17.413776565861664, 45.143563525146483 ], [ 17.400146484374996, 45.14130280155662 ], [ 17.381982421875023, 45.139837957806613 ], [ 17.3681640625, 45.145379949994108 ], [ 17.361650790262296, 45.148853458960843 ], [ 17.358789062500023, 45.150995184369108 ], [ 17.347654815397597, 45.154182947306616 ], [ 17.325927734374996, 45.16620514530662 ], [ 17.3181962312275, 45.166842499207974 ], [ 17.307275390625023, 45.17169830936912 ], [ 17.2685546875, 45.18976471561912 ], [ 17.249267578125, 45.160101629681613 ], [ 17.244873046875, 45.155633856244116 ], [ 17.2280360542191, 45.154088457432458 ], [ 17.197265625, 45.153192449994108 ], [ 17.1865234375, 45.148797918744116 ], [ 17.146792481757775, 45.160913517888538 ], [ 17.097802734375023, 45.17792389530662 ], [ 17.088197156553939, 45.182347715157668 ], [ 17.070892979062538, 45.191777155412971 ], [ 17.05517578125, 45.20070221561911 ], [ 17.035791015625023, 45.230731512494117 ], [ 17.029687500000019, 45.227167059369108 ], [ 17.013916015625, 45.220038153119113 ], [ 17.0078125, 45.21649811405662 ], [ 17.012109375000023, 45.224725653119108 ], [ 17.013085937500023, 45.230829168744116 ], [ 17.0078125, 45.244403387494117 ], [ 16.998046875, 45.231634832806613 ], [ 16.987548828125, 45.236761785931613 ], [ 16.975488281250023, 45.24738190311912 ], [ 16.960693359374996, 45.251166082806613 ], [ 16.967431640625019, 45.237567449994124 ], [ 16.94677734375, 45.235956121869116 ], [ 16.94091796875, 45.241473699994117 ], [ 16.940355926037466, 45.255621411282 ], [ 16.937275122643651, 45.266653317399239 ], [ 16.930642726905862, 45.275297516328195 ], [ 16.920308701797747, 45.272674437900093 ], [ 16.91433712995445, 45.257444817688537 ], [ 16.909824658136589, 45.251815835835338 ], [ 16.895689196607972, 45.25041024805045 ], [ 16.883561313484634, 45.232530509183988 ], [ 16.883087940038475, 45.224660456850792 ], [ 16.879084808756264, 45.218996965705678 ], [ 16.865868402653355, 45.218784587871745 ], [ 16.856115099921993, 45.20559521936719 ], [ 16.847484725039674, 45.192834623254413 ], [ 16.831360571537541, 45.185445712260751 ], [ 16.823377064837416, 45.1823737698627 ], [ 16.815230814594052, 45.180030085661564 ], [ 16.807643605044618, 45.180163413175514 ], [ 16.796237672989598, 45.179664914357694 ], [ 16.735493374288502, 45.187647517563633 ], [ 16.721510223728728, 45.183872481444347 ], [ 16.711981577016086, 45.179737886436634 ], [ 16.70852308383348, 45.180366113202545 ], [ 16.639714676200491, 45.19286354475588 ], [ 16.625431642846049, 45.195759940360396 ], [ 16.596310557428762, 45.215380857030524 ], [ 16.510978758546926, 45.20619141058387 ], [ 16.500000000098691, 45.192621269318401 ], [ 16.494031740674703, 45.185242918249685 ], [ 16.485139929429916, 45.172805103957444 ], [ 16.481495710460631, 45.128955659173634 ], [ 16.456265541152582, 45.10319849617018 ], [ 16.414318468212123, 45.095129001232245 ], [ 16.408641500993745, 45.052328668793422 ], [ 16.400143500389728, 45.047348941978221 ], [ 16.393325526335129, 45.043353376050064 ], [ 16.370851956952333, 45.029683684548985 ], [ 16.364826867408532, 45.019319262660822 ], [ 16.359282659511045, 45.006397645588173 ], [ 16.326572502699765, 45.003235512244821 ], [ 16.306836642570115, 45.000453861005084 ], [ 16.239242968305351, 45.036121886851973 ], [ 16.212583876722626, 45.059591556350121 ], [ 16.168290466243803, 45.095538379209962 ], [ 16.131196958444093, 45.098402522873812 ], [ 16.129499293474076, 45.098505379003065 ], [ 16.103484839227445, 45.110050356606052 ], [ 16.103876554996976, 45.130729270521513 ], [ 16.100966355734553, 45.158451729775472 ], [ 16.071196995702586, 45.176460872241954 ], [ 16.069808744652399, 45.17730056284902 ], [ 16.063912999933095, 45.178756708197966 ], [ 16.027439212000125, 45.18776425687355 ], [ 16.030732180710167, 45.217364414475348 ], [ 16.021226476969886, 45.234775891010202 ], [ 16.000000000068475, 45.240375303253764 ], [ 15.986628351587221, 45.243902375916825 ], [ 15.957079444414187, 45.243144321713245 ], [ 15.930972554423134, 45.252253072257488 ], [ 15.918551707991419, 45.255476018151604 ], [ 15.888344207256035, 45.252327756453106 ], [ 15.876094363223491, 45.237414850627594 ], [ 15.830036705544106, 45.220397955656473 ], [ 15.795043422946057, 45.222264669103787 ], [ 15.76894115658377, 45.217408168414458 ], [ 15.74319014048073, 45.178862213369591 ], [ 15.754430140691687, 45.134082671746839 ], [ 15.760664828750841, 45.103372092694023 ], [ 15.749161390396294, 45.086358696004481 ], [ 15.725683678799021, 45.081600742920955 ], [ 15.70501365521552, 45.07741146096884 ], [ 15.686770607340181, 45.064046460784837 ], [ 15.684267951264282, 45.046626296439022 ], [ 15.675574513187053, 45.005387538750796 ], [ 15.676772441771254, 45.000000000297035 ], [ 15.683719122846503, 44.965738896749365 ], [ 15.700030295194317, 44.909936244672608 ], [ 15.71502428041744, 44.862429691148748 ], [ 15.720314983741746, 44.834524914737237 ], [ 15.737899437156425, 44.793930889008116 ], [ 15.752948578937994, 44.787137554626874 ], [ 15.746816862963229, 44.77982263126367 ], [ 15.748458890776124, 44.777224401500682 ], [ 15.768765531454148, 44.754323613071421 ], [ 15.808571903801189, 44.711994924293272 ], [ 15.831266080553146, 44.700460295293475 ], [ 15.836959916335928, 44.694269182509913 ], [ 15.840830837743574, 44.690059810275514 ], [ 15.862176081807013, 44.666842725798475 ], [ 15.886961160146292, 44.65200472606945 ], [ 15.91578561467024, 44.65994894011763 ], [ 15.941053662340561, 44.670281237643813 ], [ 15.953962099935451, 44.63934338877646 ], [ 15.982632882358692, 44.629231701321814 ], [ 15.988230928986102, 44.603912398142256 ], [ 16.000000000068475, 44.587886420809177 ], [ 16.009810851629307, 44.57452355450576 ], [ 16.022763196180339, 44.536431604820287 ], [ 16.053695150463124, 44.513321584425519 ], [ 16.084780775948293, 44.502604984160811 ], [ 16.085688736443618, 44.500000000095532 ], [ 16.105197182669205, 44.444482640754806 ], [ 16.096679370619913, 44.409318205375072 ], [ 16.125437965158806, 44.370818640478049 ], [ 16.166622028859869, 44.345814046837226 ], [ 16.204074061475993, 44.340695952399081 ], [ 16.20831101402257, 44.321909657460665 ], [ 16.189299607440315, 44.307240222940145 ], [ 16.15956998348663, 44.277405102461771 ], [ 16.143022418573484, 44.260792206021023 ], [ 16.159838512382937, 44.211387565526778 ], [ 16.203987031792956, 44.167326408279621 ], [ 16.20604650671838, 44.165270199705063 ], [ 16.17514074012276, 44.106650641532177 ], [ 16.110948902295636, 44.120321559185903 ], [ 16.035913117991594, 44.142855045629986 ], [ 16.000000000068475, 44.1643967890559 ], [ 15.984981866333884, 44.173402759291186 ], [ 15.959296709317581, 44.227113220560739 ], [ 15.936180068362239, 44.257101201280079 ], [ 15.887883191852227, 44.264031716719096 ], [ 15.846699128151165, 44.267609474141793 ], [ 15.766592172608577, 44.284012781197951 ], [ 15.729052327876801, 44.298301491632536 ], [ 15.660668340977894, 44.32141053844132 ], [ 15.629933964853654, 44.32669131981848 ], [ 15.58758638523029, 44.329846680434144 ], [ 15.540255446484043, 44.325612662395763 ], [ 15.500000000038265, 44.33078473205034 ], [ 15.494395366963195, 44.331504785973998 ], [ 15.478391538816796, 44.373859006995581 ], [ 15.448732865600878, 44.386356621188334 ], [ 15.355739425492317, 44.418689969757601 ], [ 15.323248798970168, 44.440273031427573 ], [ 15.280110907610981, 44.425617351954642 ], [ 15.256653453921681, 44.391830326881887 ], [ 15.20658988948848, 44.440771130584437 ], [ 15.114490190442611, 44.500000000095532 ], [ 15.114342855057915, 44.500095523864616 ], [ 15.000000000008052, 44.58125838144759 ], [ 14.988650297534601, 44.589300673639812 ], [ 14.964434668440443, 44.624643704889451 ], [ 14.946174062094562, 44.685873037333806 ], [ 14.908905725970888, 44.743683966636986 ], [ 14.894182975369706, 44.833977625683715 ], [ 14.902533192329702, 44.891945010794942 ], [ 14.916882380316613, 44.925864767996572 ], [ 14.952766338925608, 44.968147801585353 ], [ 14.944087751796653, 45.000000000297035 ], [ 14.942482387823764, 45.005372899675798 ], [ 14.915498002801931, 45.043393251728531 ], [ 14.856848716378906, 45.139603550971955 ], [ 14.802528357411134, 45.175257217192716 ], [ 14.733661042753392, 45.181211905195148 ], [ 14.642116296838909, 45.224335482630885 ], [ 14.597376713819715, 45.245389299378758 ], [ 14.541671977337264, 45.291289699872074 ], [ 14.546176699703731, 45.301484714659779 ], [ 14.520884331943726, 45.318841122928653 ], [ 14.514797463461203, 45.313774536523866 ], [ 14.527212917306269, 45.303421559215423 ], [ 14.51976364499923, 45.301572092726417 ], [ 14.50293136534499, 45.310323755592265 ], [ 14.49999999997784, 45.313210475765061 ], [ 14.475859083765867, 45.336978091405683 ], [ 14.437601905533631, 45.34092203517951 ], [ 14.376349014854654, 45.359932525965718 ], [ 14.341728231265575, 45.37067461411042 ], [ 14.301910881505762, 45.344647425925388 ], [ 14.293516715368808, 45.315710957760061 ], [ 14.245810608718878, 45.222483420750514 ], [ 14.230322774668307, 45.174762855272903 ], [ 14.192347246125417, 45.163375156650758 ], [ 14.172438570796354, 45.149125073137945 ], [ 14.081179490040533, 45.132096191912616 ], [ 14.07282927308054, 45.1175460258562 ], [ 14.047646777364621, 45.109524307557507 ], [ 13.999999999947628, 45.118077084194397 ], [ 13.996446763248633, 45.118714851992053 ], [ 13.944323829891211, 45.112198339989924 ], [ 13.864557284637335, 45.139603550971955 ], [ 13.837463028469735, 45.176672971707028 ], [ 13.845747322562605, 45.243144321713245 ], [ 13.917778930350773, 45.274769860224808 ], [ 13.915889144487572, 45.301397337091522 ], [ 13.898661328528899, 45.345214943932319 ], [ 13.930172409607358, 45.351180815638493 ], [ 13.943642628428112, 45.332291569790506 ], [ 13.967506669496474, 45.331694810969537 ], [ 13.98506409889246, 45.29836814924834 ], [ 13.999999999947628, 45.298359872436137 ], [ 14.037626516832963, 45.298339021584368 ], [ 14.047075446148973, 45.335901099309588 ], [ 14.128116498670074, 45.381582371616794 ], [ 14.159363889178353, 45.411618653825712 ], [ 14.158968352873918, 45.447594498672153 ], [ 14.113130056600392, 45.482037593654958 ], [ 14.077785008110125, 45.500000000291124 ], [ 14.034506172879494, 45.522183900375197 ], [ 13.999999999947628, 45.524120231579275 ], [ 13.978691565251271, 45.525315931367778 ], [ 13.968385639560951, 45.537242386442536 ], [ 13.97896903148634, 45.600658850852554 ], [ 13.979658431873037, 45.604787291118008 ], [ 13.917295496590736, 45.602638929560257 ], [ 13.876774970779341, 45.580653654936121 ], [ 13.834558803003949, 45.572527155897582 ], [ 13.832035387760147, 45.572041367622262 ], [ 13.793582698392845, 45.577383687531629 ], [ 13.790776410852596, 45.577773551922348 ], [ 13.796283274885404, 45.585989973572417 ], [ 13.778198462552417, 45.600066632463822 ], [ 13.762662664753883, 45.60103125762852 ], [ 13.757388843468714, 45.605152650580521 ], [ 13.749829699117587, 45.612415498426657 ], [ 13.752290816196437, 45.618055608146911 ], [ 13.761036569460869, 45.622190351503505 ], [ 13.765739060428709, 45.626821484498763 ], [ 13.752356739063561, 45.642932488867501 ], [ 13.734733386800452, 45.652512162133426 ], [ 13.658724438684501, 45.690726814379254 ], [ 13.632289409391518, 45.701100666905056 ], [ 13.607436527112908, 45.704952068361699 ], [ 13.601244087719882, 45.70921877130796 ], [ 13.590432392558295, 45.734821091940738 ], [ 13.582254031396989, 45.754179779540607 ], [ 13.568378118122569, 45.771046247568592 ], [ 13.55924698580462, 45.78214253376558 ], [ 13.519539507190579, 45.804616161659339 ], [ 13.499999999917415, 45.812236799864927 ], [ 13.492994607650143, 45.814968729846804 ], [ 13.469723871487588, 45.799810514285092 ], [ 13.447485925712241, 45.781705496906135 ], [ 13.431576565299439, 45.762326717807362 ], [ 13.436432875691695, 45.72744241812233 ], [ 13.443970044556021, 45.711881000694135 ], [ 13.438896850311462, 45.707190570523814 ], [ 13.434696909252906, 45.711837241821854 ], [ 13.421270639609117, 45.715264922827757 ], [ 13.406811579578118, 45.716242137859986 ], [ 13.401383938868534, 45.708380174386335 ], [ 13.399296384403955, 45.708409349207507 ], [ 13.397340675673627, 45.722615491506474 ], [ 13.378926249903332, 45.722615491506474 ], [ 13.361456717064636, 45.730635834208535 ], [ 13.332143061596518, 45.73503923865367 ], [ 13.284898413219835, 45.739413135754511 ], [ 13.266330167126805, 45.748990765313842 ], [ 13.260397118967013, 45.755637280051815 ], [ 13.244905268548809, 45.75225581939241 ], [ 13.220689640352973, 45.758216962865241 ], [ 13.218294446141249, 45.750900262513802 ], [ 13.158106961880813, 45.760505055228336 ], [ 13.134726354572487, 45.743218145686818 ], [ 13.12602608570584, 45.732476985395266 ], [ 13.109412013122318, 45.753086628541105 ], [ 13.126024549586703, 45.777844852060362 ], [ 13.192540619209684, 45.790634937702535 ], [ 13.228666294698698, 45.789513374132703 ], [ 13.254046559015991, 45.781079070828675 ], [ 13.328429411838925, 45.815521977012622 ], [ 13.378288996718876, 45.844283212584223 ], [ 13.374531398682635, 45.870556966588026 ], [ 13.385892088450328, 45.89232590687191 ], [ 13.421710124192197, 45.897821315392321 ], [ 13.42513810789281, 45.93689852015639 ], [ 13.443156997358672, 45.938612690943884 ], [ 13.464735715361082, 45.93843837070402 ], [ 13.474272542132699, 45.958249209942117 ], [ 13.485505732215486, 46.000000000240469 ], [ 13.486094691071955, 46.002208124552645 ], [ 13.499999999917415, 46.031618447250963 ], [ 13.505563880919622, 46.043381884779983 ], [ 13.532196678813978, 46.066363113206542 ], [ 13.556456256186777, 46.095708325139242 ], [ 13.572123899719561, 46.11618363950209 ], [ 13.603810775709235, 46.146130156283725 ], [ 13.627081510973472, 46.176833871849787 ], [ 13.631849924808439, 46.194214775557981 ], [ 13.619720136122037, 46.205011208307312 ], [ 13.579529223747954, 46.218270389728495 ], [ 13.559730419564662, 46.258422107492507 ], [ 13.545117540109249, 46.292150585653403 ], [ 13.499999999917415, 46.301108541257229 ], [ 13.493697783701723, 46.302359710251871 ], [ 13.45653931872382, 46.311926295328114 ], [ 13.449199917562549, 46.320952579368345 ], [ 13.438212789510812, 46.333877937374524 ], [ 13.450122835905672, 46.374686160844426 ], [ 13.470376891003596, 46.393003620857897 ], [ 13.476426019464403, 46.398473161150044 ], [ 13.481348252723782, 46.410231949734161 ], [ 13.48783065751074, 46.435761100964918 ], [ 13.471921297097939, 46.449152917135194 ], [ 13.436872360274776, 46.466897052247667 ], [ 13.35159027685571, 46.472166897621975 ], [ 13.307949406192531, 46.495040493305666 ], [ 13.289976237381369, 46.499999999857828 ], [ 13.245059088871541, 46.512507632276019 ], [ 13.184476067408353, 46.522184343848963 ], [ 13.155338205953134, 46.561985542613705 ], [ 13.028107269132716, 46.580953937058986 ], [ 12.999999999887205, 46.58516583105957 ], [ 12.963415062505815, 46.590647615656231 ], [ 12.87463907251901, 46.60602525761086 ], [ 12.845896747368226, 46.628557552200022 ], [ 12.723719889541437, 46.642040267777055 ], [ 12.674607429890031, 46.631946808549387 ], [ 12.61266200550064, 46.641762759707994 ], [ 12.573877445229718, 46.633845867744007 ], [ 12.510973212106665, 46.65494923101884 ], [ 12.509229186881463, 46.655534204945106 ], [ 12.499999999856989, 46.653894839947291 ], [ 12.438120498334728, 46.642901994913387 ], [ 12.440273974768115, 46.623940807800139 ], [ 12.41107019044577, 46.608188299756073 ], [ 12.366220735382491, 46.624627500958091 ], [ 12.318866216758348, 46.627739423883895 ], [ 12.285179683759704, 46.628762082644137 ], [ 12.262172638167337, 46.623181052517637 ], [ 12.165881453006365, 46.581465713461704 ], [ 12.187570043052862, 46.543654299701764 ], [ 12.205852623088909, 46.532898436835971 ], [ 12.199567986005011, 46.516767941445899 ], [ 12.180450384183134, 46.503034193911013 ], [ 12.150551107998147, 46.499999999857828 ], [ 12.126481614139468, 46.497579794671211 ], [ 12.100134482302094, 46.489279465202166 ], [ 12.078973275192599, 46.479366738009745 ], [ 12.057328633424747, 46.488568363858448 ], [ 12.031882446240326, 46.496607619294686 ], [ 12.014105274552801, 46.455281254830822 ], [ 11.999999999826779, 46.455152425124489 ], [ 11.98707694035401, 46.455034392318289 ], [ 11.958224744057453, 46.474460499188034 ], [ 11.876436567206127, 46.449617649665107 ], [ 11.831543163864202, 46.425053980250219 ], [ 11.800867103673255, 46.383396670056442 ], [ 11.797043583668207, 46.37147208047967 ], [ 11.806514487572699, 46.350583192154154 ], [ 11.842332523314566, 46.334198121281858 ], [ 11.86305424584098, 46.297335487642371 ], [ 11.885533908496347, 46.274276366069657 ], [ 11.912518293518181, 46.245551701726733 ], [ 11.923725163861457, 46.18627657744495 ], [ 11.910079151027812, 46.159301432610036 ], [ 11.910013228160684, 46.137162528465446 ], [ 11.895114683546609, 46.128237257422541 ], [ 11.897795542916997, 46.098149395893643 ], [ 11.87634866975052, 46.079173418911502 ], [ 11.840376814584237, 46.071203888942904 ], [ 11.812535433188096, 46.050506948585394 ], [ 11.777552419232059, 46.057601832682401 ], [ 11.711761500249139, 46.037397286726474 ], [ 11.718485621916118, 46.022586625980679 ], [ 11.704927506538075, 46.011110008742051 ], [ 11.710864010516767, 46.000000000240469 ], [ 11.719518412303323, 45.983946200431994 ], [ 11.675855567949982, 45.980360956535201 ], [ 11.624216068352599, 45.975948027777953 ], [ 11.606153230608093, 45.989737254064899 ], [ 11.554074246427632, 45.984773530693495 ], [ 11.543708033001961, 46.000000000240469 ], [ 11.538384628306368, 46.007889099038962 ], [ 11.514696382149214, 46.017199941330858 ], [ 11.499999999796566, 46.01056579483658 ], [ 11.489887448149249, 46.006000386493341 ], [ 11.482571114826161, 46.000000000240469 ], [ 11.45266306030422, 45.975686724785902 ], [ 11.393596262988279, 45.959062405840221 ], [ 11.384652741122474, 45.930099420565973 ], [ 11.372764669316094, 45.921294212228162 ], [ 11.363601404260434, 45.871516900832589 ], [ 11.341802943966481, 45.867109794543317 ], [ 11.301677954459524, 45.898533643088328 ], [ 11.26019056112805, 45.894492151506462 ], [ 11.237666949295724, 45.867749791881508 ], [ 11.1897630731461, 45.81766211824845 ], [ 11.184093715556495, 45.775207803999066 ], [ 11.153681346834048, 45.752372425090641 ], [ 11.136036019982457, 45.736395183856395 ], [ 11.121928548875564, 45.721171706561783 ], [ 11.08474810930918, 45.698197350938486 ], [ 11.063696772447139, 45.693513792221999 ], [ 11.031108952702825, 45.705389711048952 ], [ 10.999999999766354, 45.701315625844735 ], [ 10.992566109311927, 45.700342026188224 ], [ 10.967691253343149, 45.690303648956075 ], [ 10.946771762215361, 45.710582803216141 ], [ 10.908668404305855, 45.716942221391641 ], [ 10.864434228736867, 45.720121657330651 ], [ 10.855468733180896, 45.737328288118995 ], [ 10.872454832259551, 45.756963572464407 ], [ 10.872213115379532, 45.778660708769301 ], [ 10.904866857990969, 45.822233299558008 ], [ 10.886790005629717, 45.831317668202161 ], [ 10.900142393332967, 45.852053165176194 ], [ 10.898164710014157, 45.869437022839271 ], [ 10.903460505887811, 45.886582764980162 ], [ 10.901263080277461, 45.898242898380119 ], [ 10.882848654507166, 45.903287104933959 ], [ 10.867576547278818, 45.902327723754119 ], [ 10.865313198801342, 45.874760189582013 ], [ 10.853029590690531, 45.867895244759161 ], [ 10.839932934484048, 45.852242307516228 ], [ 10.834041197149226, 45.842850889984511 ], [ 10.833521392399962, 45.842022159558589 ], [ 10.780119012837881, 45.849652453774766 ], [ 10.705011009374886, 45.833557719787464 ], [ 10.631660946040844, 45.780161271254954 ], [ 10.626409099344153, 45.732954226641453 ], [ 10.600083942095258, 45.729790107563836 ], [ 10.573429170510735, 45.724584228121955 ], [ 10.552641525117194, 45.753451014602319 ], [ 10.537215598464432, 45.765722136576976 ], [ 10.522482056914136, 45.773435953077723 ], [ 10.519106310260723, 45.786740366358828 ], [ 10.529187725605755, 45.795752540682415 ], [ 10.527049243562871, 45.807361443200946 ], [ 10.513301859001459, 45.809041679091784 ], [ 10.51620408463109, 45.81087466369997 ], [ 10.518537481225634, 45.833383067417856 ], [ 10.49999999973614, 45.84228721642026 ], [ 10.4896633103406, 45.847251638074248 ], [ 10.48627927491863, 45.880882650887436 ], [ 10.49445369786573, 45.904900572613379 ], [ 10.495354642518686, 45.920553115317318 ], [ 10.488410777661853, 45.955431973854623 ], [ 10.463689741117493, 45.983684935428087 ], [ 10.465912455201405, 46.000000000240469 ], [ 10.466963905393694, 46.007786612096808 ], [ 10.473160645021984, 46.02889481669488 ], [ 10.49012476951216, 46.051735819209028 ], [ 10.49999999973614, 46.063790539167393 ], [ 10.522119285248978, 46.090782000548302 ], [ 10.54453302503722, 46.111843687863953 ], [ 10.570286851968785, 46.149576606169497 ], [ 10.543500235548331, 46.180818396434418 ], [ 10.503397219731536, 46.193485210308602 ], [ 10.504539881264511, 46.223972743279774 ], [ 10.554377491555982, 46.258684439826247 ], [ 10.615092357855104, 46.268797842398605 ], [ 10.60327020891585, 46.318477779559643 ], [ 10.582790203269457, 46.342260309811387 ], [ 10.49999999973614, 46.358594199079818 ], [ 10.47755549624268, 46.363021485738983 ], [ 10.474523048846502, 46.36470880063731 ], [ 10.499261648352981, 46.380473526037285 ], [ 10.49999999973614, 46.38137933354519 ], [ 10.51121271451866, 46.395133207379423 ], [ 10.516120313323746, 46.401046068658751 ], [ 10.549480224274978, 46.407419596770566 ], [ 10.568964500429528, 46.413685412749864 ], [ 10.578790888353195, 46.416815175313403 ], [ 10.602849394019319, 46.430361635463228 ], [ 10.600223898718207, 46.455919382821911 ], [ 10.597274958710841, 46.459130755230504 ], [ 10.583888915625472, 46.473705654132246 ], [ 10.57088565007256, 46.486022233665935 ], [ 10.557476837389684, 46.495490521851529 ], [ 10.54211608261247, 46.499999999857828 ], [ 10.529700403290267, 46.503678499252104 ], [ 10.518965633561406, 46.50386791000237 ], [ 10.49999999973614, 46.502831829582689 ], [ 10.499683570872255, 46.502814543015411 ], [ 10.493548152940203, 46.502971796111609 ], [ 10.476259015285287, 46.503414921089764 ], [ 10.446723440009386, 46.508185666367005 ], [ 10.448418189946306, 46.510841889708473 ], [ 10.454526476960147, 46.519783627275174 ], [ 10.465730357710163, 46.530706609485783 ], [ 10.47414948623223, 46.538913204339643 ], [ 10.484345540776783, 46.555344296004293 ], [ 10.487213181454308, 46.581747188287075 ], [ 10.489883052632141, 46.606317565482101 ], [ 10.473951718529172, 46.615202972993472 ], [ 10.471669812654559, 46.616162170779539 ], [ 10.46238503518536, 46.620064845777499 ], [ 10.446165155924927, 46.618581970770194 ], [ 10.41749985681818, 46.61438464157051 ], [ 10.399408882042342, 46.630470756338333 ], [ 10.397674158871908, 46.632012982995171 ], [ 10.396620251787319, 46.632949920300142 ], [ 10.395397442564692, 46.634036992339773 ], [ 10.384560449048076, 46.664455283321963 ], [ 10.386479452615891, 46.665184417511142 ], [ 10.39013918279519, 46.666574921434432 ], [ 10.405194274118884, 46.672294681031801 ], [ 10.420571804035713, 46.685401291870349 ], [ 10.422221377696998, 46.686807070134925 ], [ 10.414463440665074, 46.706223329517094 ], [ 10.408653771617979, 46.720758940852832 ], [ 10.450663762560938, 46.751173149421156 ], [ 10.446989307197505, 46.774044457574142 ], [ 10.449234908558223, 46.781263706067129 ], [ 10.452372999628444, 46.791350534773287 ], [ 10.448354678157402, 46.797263941624635 ], [ 10.442145960393114, 46.806399473303394 ], [ 10.450188885253977, 46.820937505190052 ], [ 10.469600815587121, 46.856009352241266 ], [ 10.470738208500956, 46.856872981557856 ], [ 10.482180761740491, 46.865698464387521 ], [ 10.481025787898231, 46.871961121892589 ], [ 10.478596757743015, 46.885129741375543 ], [ 10.480622001466225, 46.89108579423015 ], [ 10.486514169094068, 46.908410321559572 ], [ 10.492080478242487, 46.923713739155296 ], [ 10.499573699726486, 46.943687317116456 ], [ 10.498808807618257, 46.944541667134558 ], [ 10.484775054060208, 46.960214297469363 ], [ 10.472916047244848, 46.963949681097617 ], [ 10.444550164707135, 46.970752257738852 ], [ 10.425652306075115, 46.999312310339157 ], [ 10.378781220312698, 46.995699615145696 ], [ 10.351027735473844, 46.95655359375926 ], [ 10.341323918179118, 46.95681937585303 ], [ 10.334063610983669, 46.957018231183937 ], [ 10.327022706516585, 46.939451678807721 ], [ 10.301967152631779, 46.930089487146489 ], [ 10.283962310122012, 46.939518905679812 ], [ 10.265042476003195, 46.933897569303078 ], [ 10.252757930051224, 46.924347680942319 ], [ 10.251923846106552, 46.923699210167356 ], [ 10.250939633016648, 46.915997336403407 ], [ 10.248690197646296, 46.901809076943607 ], [ 10.227276573823431, 46.894265830774316 ], [ 10.213083902003417, 46.889393576183124 ], [ 10.183967423146907, 46.874073271347577 ], [ 10.160378409387611, 46.858365057691785 ], [ 10.158796953177694, 46.857420434652909 ], [ 10.129414891899009, 46.847846707960912 ], [ 10.127659433815186, 46.847251080013848 ], [ 10.12176383821622, 46.851355276389313 ], [ 10.108166794345342, 46.860819603439701 ], [ 10.076371523141912, 46.882944394381241 ], [ 10.075741241782376, 46.883734587707849 ], [ 10.067600913493569, 46.893939179406743 ], [ 10.020701851498259, 46.902285653132964 ], [ 10.00855897256154, 46.903965214717445 ], [ 10.008118812445366, 46.912204912698314 ], [ 10.007548156762812, 46.922885581748702 ], [ 9.999999999705929, 46.927982899430475 ], [ 9.988053708984301, 46.93606192636117 ], [ 9.977608644137938, 46.935354892073882 ], [ 9.947925579865426, 46.933345571210303 ], [ 9.93117572513008, 46.936087757055361 ], [ 9.929825138643128, 46.936308861254957 ], [ 9.91576164456097, 46.95302511642528 ], [ 9.914931416185492, 47.000000000202057 ], [ 9.914927927128931, 47.000199177053716 ], [ 9.915542245425868, 47.01226557217079 ], [ 9.877887319319672, 47.013225478264062 ], [ 9.865556565826116, 47.009603139567851 ], [ 9.842943021854065, 47.00243986822511 ], [ 9.821507711801926, 47.034633861314973 ], [ 9.805100095426894, 47.038324501267383 ], [ 9.791252550949146, 47.041439093167163 ], [ 9.772814328806973, 47.028404938946927 ], [ 9.734823054593782, 47.035204655892223 ], [ 9.719289585228465, 47.046677795246175 ], [ 9.687403856370871, 47.057814712187728 ], [ 9.679117576102909, 47.060708527144719 ], [ 9.614241207656237, 47.058426408973716 ], [ 9.598817437858473, 47.056524568544795 ], [ 9.573966094393946, 47.051436586929348 ], [ 9.566017244702893, 47.049809062485984 ], [ 9.564918461379971, 47.049337263655012 ], [ 9.543901796792952, 47.04031226554855 ], [ 9.527174627213475, 47.044898951893003 ], [ 9.522181268044843, 47.04626808306206 ], [ 9.499999999675717, 47.040390167562251 ], [ 9.489616695801766, 47.037638423794746 ], [ 9.488334115375082, 47.04271479744817 ], [ 9.488700937031462, 47.049574955542731 ], [ 9.492880307568322, 47.052325400164627 ], [ 9.499999999675717, 47.05643397602924 ], [ 9.511540402805892, 47.063092943515791 ], [ 9.51421126482548, 47.069148280726949 ], [ 9.514436881200664, 47.069956539272702 ], [ 9.517069264783377, 47.079386019381637 ], [ 9.516188183677981, 47.081450793691374 ], [ 9.515157774724596, 47.08386540862525 ], [ 9.514473756144763, 47.085468247068746 ], [ 9.509988237962441, 47.095977814208041 ], [ 9.499999999675717, 47.119372756667509 ], [ 9.494449198144048, 47.132369644322765 ], [ 9.492887503073749, 47.147428405781895 ], [ 9.492452664577318, 47.151620606345986 ], [ 9.499999999675717, 47.180000007551719 ], [ 9.501623554533111, 47.186102885005397 ], [ 9.507156817357174, 47.197109179952577 ], [ 9.508753756929329, 47.200285249764931 ], [ 9.516017634029716, 47.214729579174268 ], [ 9.517134954986844, 47.216951037170901 ], [ 9.525099278158661, 47.232782999344408 ], [ 9.529695714922376, 47.243145074862511 ], [ 9.536727440403888, 47.258993250359119 ], [ 9.601110579860658, 47.300786967412876 ], [ 9.617510256925208, 47.346465365726594 ], [ 9.641625044738829, 47.370300696697832 ], [ 9.657113609119722, 47.385505489251834 ], [ 9.672815897079754, 47.39135254944231 ], [ 9.686862554936857, 47.396445328745678 ], [ 9.687599492371762, 47.398836677623009 ], [ 9.688944981817793, 47.408368136434625 ], [ 9.681742896232539, 47.418462202620795 ], [ 9.679534434818928, 47.421051600862668 ], [ 9.685665011729913, 47.454085317032991 ], [ 9.684967132145248, 47.458472731077237 ], [ 9.683776379303534, 47.458740827059472 ], [ 9.66106101488729, 47.463894240236954 ], [ 9.660031444062062, 47.464281461621255 ], [ 9.64759394645824, 47.470106478430779 ], [ 9.626472195152655, 47.477978535261443 ], [ 9.606295129267838, 47.500000000208502 ], [ 9.605463898372507, 47.500915747782862 ], [ 9.599251909842266, 47.507758844924005 ], [ 9.605882094679982, 47.510778800009035 ], [ 9.631903478530718, 47.500000000208502 ], [ 9.64045942226719, 47.496489201215894 ], [ 9.648681272668028, 47.500000000208502 ], [ 9.671614120112876, 47.509885532975176 ], [ 9.699763048729691, 47.508216107576239 ], [ 9.715142938520774, 47.504540255027976 ], [ 9.738487022126275, 47.500175759228902 ], [ 9.79197656791532, 47.513839221869738 ], [ 9.803231751451209, 47.526547568779506 ], [ 9.783595515384883, 47.540028499785386 ], [ 9.776778111760484, 47.543783710078287 ], [ 9.777833652880577, 47.545239291976905 ], [ 9.778329288457122, 47.545922756454615 ], [ 9.814179775838628, 47.595335501676892 ], [ 9.824667061503346, 47.624888422323927 ], [ 9.85679314988657, 47.662463878021477 ], [ 9.86211851919769, 47.668689932216161 ], [ 9.919162333849989, 47.669522080628724 ], [ 9.950931349992612, 47.645150666734345 ], [ 9.981581430007227, 47.643237267122153 ], [ 9.999999999705929, 47.661715268147155 ], [ 10.005987984336921, 47.66771177622357 ], [ 10.039520697911152, 47.679025143697707 ], [ 10.073426973201338, 47.671536700132876 ], [ 10.094632128589476, 47.650393896162079 ], [ 10.160774636496502, 47.671770274575024 ], [ 10.228938775102662, 47.678893776770259 ], [ 10.255132087515625, 47.65311023574364 ], [ 10.235399206199455, 47.635539138124116 ], [ 10.164268543064241, 47.634750271439088 ], [ 10.145678323281048, 47.625078371905587 ], [ 10.139459609064275, 47.601241582727695 ], [ 10.039872285936944, 47.569802992668592 ], [ 10.018337516213178, 47.574190912686461 ], [ 9.999999999705929, 47.570469189205532 ], [ 9.984850479276197, 47.56738947868336 ], [ 9.971116083896693, 47.526240145430677 ], [ 9.985355098005584, 47.50531645278479 ], [ 9.999999999705929, 47.500399339660405 ], [ 10.001191175654141, 47.500000000208502 ], [ 10.011195882754969, 47.496677804319575 ], [ 10.017348674104616, 47.488581786000076 ], [ 10.044069368556263, 47.482704857395184 ], [ 10.05804499482722, 47.468089478395456 ], [ 10.086369809085088, 47.469178153491079 ], [ 10.096565863629641, 47.451974440911478 ], [ 10.075382681931666, 47.438730259067242 ], [ 10.054946624563916, 47.419249988954206 ], [ 10.081403627547063, 47.374102277456402 ], [ 10.115287928248767, 47.382957552470536 ], [ 10.130142524584201, 47.35998018075005 ], [ 10.158401416873261, 47.375483740868361 ], [ 10.166268200073214, 47.39061928420265 ], [ 10.181891895327352, 47.388758472976413 ], [ 10.222192678847206, 47.376836085356217 ], [ 10.215930016351788, 47.344530236377643 ], [ 10.191187005218948, 47.334285956576274 ], [ 10.211007783092407, 47.31227727742688 ], [ 10.18575936450936, 47.29356555944134 ], [ 10.195230268413853, 47.283107393253886 ], [ 10.205908022071633, 47.284387481132093 ], [ 10.230103411224121, 47.287287996124689 ], [ 10.26381191791293, 47.305157416835144 ], [ 10.329361120914145, 47.331098762786283 ], [ 10.341117346986273, 47.377054202265136 ], [ 10.377726455337012, 47.399268279116683 ], [ 10.403370411122806, 47.415515805416398 ], [ 10.400931268632437, 47.431206301491322 ], [ 10.432486298887861, 47.453019891803727 ], [ 10.428223293401416, 47.464445882344158 ], [ 10.434595827940919, 47.478989716713592 ], [ 10.421235480265937, 47.494530595665431 ], [ 10.425725737061384, 47.500000000208502 ], [ 10.44929660395362, 47.528977614280848 ], [ 10.440748619290565, 47.542487185902338 ], [ 10.431277715386074, 47.558743792150175 ], [ 10.454790167530334, 47.563074129391616 ], [ 10.472171803811738, 47.554705720572507 ], [ 10.483312750389576, 47.529328936480312 ], [ 10.49999999973614, 47.524167833370669 ], [ 10.509440139935414, 47.521247920156135 ], [ 10.555322384487582, 47.522960848826216 ], [ 10.591030548185365, 47.549365037411491 ], [ 10.646867130402066, 47.546292066881016 ], [ 10.69521049113477, 47.544418929104303 ], [ 10.702527918605874, 47.54387746304409 ], [ 10.713602943214902, 47.532476095128636 ], [ 10.774120040912649, 47.533705630551772 ], [ 10.798247772551198, 47.517031240939971 ], [ 10.857644184202764, 47.529563149964595 ], [ 10.903768145634954, 47.534452120137757 ], [ 10.937762317482431, 47.525156829280711 ], [ 10.938575338628636, 47.513297433824597 ], [ 10.916095702024416, 47.510163765550459 ], [ 10.897263765361201, 47.504437737732502 ], [ 10.899131841638933, 47.500000000208502 ], [ 10.902911149260643, 47.491106485323435 ], [ 10.933763003464485, 47.491411182303196 ], [ 10.955693309492686, 47.486506798029318 ], [ 10.962681122628164, 47.466318519451491 ], [ 10.985028940447597, 47.445396335765537 ], [ 10.995708427853874, 47.424189744637438 ], [ 10.9833808705661, 47.405125526513359 ], [ 10.999334180155865, 47.395300094130093 ], [ 10.999999999766354, 47.395359832515446 ], [ 11.055390504664105, 47.400329318209813 ], [ 11.123598591548911, 47.40127406072623 ], [ 11.15524151925994, 47.422562582651814 ], [ 11.183830024986309, 47.43477959018076 ], [ 11.249247381354957, 47.444176463745443 ], [ 11.265837944129178, 47.435796334563804 ], [ 11.26054214915384, 47.418058566027227 ], [ 11.272935628410426, 47.413350728809021 ], [ 11.316049117034918, 47.420877253955446 ], [ 11.321828345770292, 47.439470975953355 ], [ 11.363052048531584, 47.4442635984486 ], [ 11.378895486077262, 47.46061330006566 ], [ 11.429040736115878, 47.458043570424515 ], [ 11.465232333573701, 47.450493350294899 ], [ 11.46525430816218, 47.472690788796776 ], [ 11.442181340601003, 47.477044967643437 ], [ 11.417196612588141, 47.490308461806457 ], [ 11.424516742191621, 47.497885976729627 ], [ 11.426559148228334, 47.500000000208502 ], [ 11.445059967674451, 47.51932995874656 ], [ 11.46547405045372, 47.520325550922038 ], [ 11.487624099671775, 47.520881902600394 ], [ 11.499999999796566, 47.516624241578747 ], [ 11.515882991062519, 47.51115953210811 ], [ 11.548382914249546, 47.518905362550981 ], [ 11.579256743041865, 47.516167364828618 ], [ 11.601472714228731, 47.525991277553558 ], [ 11.601934174298608, 47.549804018317346 ], [ 11.614877010182358, 47.56841340744711 ], [ 11.643091953294457, 47.578183599475381 ], [ 11.668010758440191, 47.578256722225149 ], [ 11.684579346625931, 47.571967746431149 ], [ 11.794516544620549, 47.58334584915643 ], [ 11.845233124976493, 47.572582051832271 ], [ 11.848375443518442, 47.589750421971786 ], [ 11.890302321432998, 47.592791586810293 ], [ 11.92932859858394, 47.605217576074033 ], [ 11.969277794078003, 47.603521969116478 ], [ 11.999999999826779, 47.608393078901585 ], [ 12.004678318926954, 47.609134802216971 ], [ 12.043528802065001, 47.60033524735735 ], [ 12.079258940351263, 47.603024970443322 ], [ 12.101430963259485, 47.592221381946686 ], [ 12.133381529819344, 47.595393980966477 ], [ 12.158432180699327, 47.589384885522414 ], [ 12.215059835524903, 47.59939965912541 ], [ 12.207193052324946, 47.626875553042488 ], [ 12.161904113576902, 47.66901111389766 ], [ 12.152301363938161, 47.687607059241785 ], [ 12.175000768885068, 47.700812843530045 ], [ 12.206160262836054, 47.69986447393115 ], [ 12.239143619783119, 47.728730901042887 ], [ 12.258480963896538, 47.738266850406198 ], [ 12.289091101220359, 47.737435805343836 ], [ 12.299484923467972, 47.727870537491299 ], [ 12.285794962355679, 47.709989246650331 ], [ 12.246636840368804, 47.694947264187718 ], [ 12.242395809470837, 47.677653073382437 ], [ 12.257645942110706, 47.662806116783557 ], [ 12.282652643813732, 47.660937172534254 ], [ 12.306362865457679, 47.670923563507522 ], [ 12.350245452102563, 47.671814069400362 ], [ 12.390216622185106, 47.66124380076883 ], [ 12.443767881335853, 47.66664600230763 ], [ 12.465126857046725, 47.662017663739235 ], [ 12.490397250218249, 47.601329291979525 ], [ 12.499999999856989, 47.600581674301395 ], [ 12.513492192367908, 47.599531227304062 ], [ 12.528852197051862, 47.609207882073399 ], [ 12.551529628308602, 47.613972460435718 ], [ 12.57119658585933, 47.608930178193866 ], [ 12.572834040349115, 47.608413234341846 ], [ 12.584622855503122, 47.604691359519961 ], [ 12.615606555441213, 47.596183445851658 ], [ 12.606597110708282, 47.561435665315955 ], [ 12.621144067296573, 47.523268291511826 ], [ 12.655631787035871, 47.500000000208502 ], [ 12.670564166695124, 47.490018267913619 ], [ 12.64986441875719, 47.479105819108341 ], [ 12.618529131691623, 47.488901007551597 ], [ 12.601257366555988, 47.478089916381087 ], [ 12.627692395848969, 47.460598782370255 ], [ 12.608552819438611, 47.426543228647454 ], [ 12.578470064153475, 47.401419404075064 ], [ 12.557155036721248, 47.404849393169265 ], [ 12.543157436760128, 47.399268279116683 ], [ 12.522611508246611, 47.394587823846066 ], [ 12.499999999856989, 47.386577969852375 ], [ 12.486046348174515, 47.381634445817546 ], [ 12.4793442001977, 47.358772863042169 ], [ 12.485321197534454, 47.315407381388603 ], [ 12.451920329694474, 47.30959834319539 ], [ 12.411619546174618, 47.304604094995675 ], [ 12.37000030800721, 47.309831299342292 ], [ 12.32422793460081, 47.286268367347283 ], [ 12.281026549419028, 47.295109346195218 ], [ 12.257975555548017, 47.320837304367807 ], [ 12.286673932420156, 47.408308222622281 ], [ 12.323524758549231, 47.462587695870766 ], [ 12.325040981798161, 47.480803783560106 ], [ 12.255382593633234, 47.488610806443219 ], [ 12.234682845695298, 47.478307611529942 ], [ 12.193876653826925, 47.494051813942299 ], [ 12.160585658031032, 47.484765485495487 ], [ 12.095541863378338, 47.455401117538365 ], [ 12.074556449383422, 47.425468193380439 ], [ 12.031794549683037, 47.368677864730778 ], [ 12.03054201700429, 47.338593454331935 ], [ 12.00891934982492, 47.29917249300069 ], [ 12.007622868867529, 47.261660191564197 ], [ 12.029003819166878, 47.250875007043611 ], [ 12.049659618826169, 47.239548184382045 ], [ 12.066008464720367, 47.20272282632726 ], [ 12.086532418645406, 47.179535178195927 ], [ 12.10874839073059, 47.169083542411322 ], [ 12.131228053385957, 47.113462407732001 ], [ 12.132172946317555, 47.077982145570523 ], [ 12.181922659153422, 47.076797598187689 ], [ 12.222553057008898, 47.082412995731183 ], [ 12.255316670766108, 47.082252145999277 ], [ 12.286058653824179, 47.073887300671522 ], [ 12.314822953563446, 47.076826846196262 ], [ 12.354969917658883, 47.088802710586322 ], [ 12.375405974128318, 47.086024668642864 ], [ 12.405532677692099, 47.100483513940105 ], [ 12.438362215214749, 47.126584221841064 ], [ 12.499999999856989, 47.122892748201537 ], [ 12.502768755784668, 47.122726921934863 ], [ 12.570801049554897, 47.111723303476758 ], [ 12.600620113371532, 47.119643801811009 ], [ 12.621363810486427, 47.112147124373379 ], [ 12.640569308865594, 47.109925682639428 ], [ 12.686495501696408, 47.100556601833631 ], [ 12.708293962888675, 47.099007109021599 ], [ 12.732763936480797, 47.10039624090922 ], [ 12.736618777146543, 47.100615072811884 ], [ 12.855938981590047, 47.103655451947716 ], [ 12.927487155618177, 47.095337845752837 ], [ 12.948384672157486, 47.083875240929537 ], [ 12.973523220493078, 47.047394784102387 ], [ 12.999999999887205, 47.040975444423729 ], [ 13.018306751790917, 47.036536487242714 ], [ 13.109851497705399, 47.019922795460744 ], [ 13.166720869410993, 47.049165265750567 ], [ 13.221217022391658, 47.05674401463525 ], [ 13.258771023673997, 47.060884070719624 ], [ 13.279097209895978, 47.065433370546025 ], [ 13.286480559335891, 47.107251059311338 ], [ 13.331725550703604, 47.113564706021116 ], [ 13.381189598380804, 47.103874703407605 ], [ 13.443113049080027, 47.085863829883642 ], [ 13.499999999917415, 47.073292324626671 ], [ 13.530592558109442, 47.066530409894824 ], [ 13.628334043652218, 47.044643835547511 ], [ 13.660570276269057, 47.010039938137467 ], [ 13.696102645953946, 47.001985879693727 ], [ 13.71623415108418, 47.000000000202057 ], [ 13.732030552841582, 46.998456312476328 ], [ 13.759322577610559, 46.968865127972585 ], [ 13.779604765248237, 46.939083236951753 ], [ 13.810258900258045, 46.978662955788877 ], [ 13.820894440283993, 46.977821139311907 ], [ 13.833909627379041, 47.000000000202057 ], [ 13.838232127388441, 47.007433485862428 ], [ 13.860426124885141, 47.027198329524609 ], [ 13.864974795530252, 47.046004694854233 ], [ 13.879280035238517, 47.057299942423825 ], [ 13.876840893646465, 47.070464938060489 ], [ 13.895980469158507, 47.077367938805892 ], [ 13.888113685958553, 47.11106564456832 ], [ 13.926524683615204, 47.13182911396494 ], [ 13.957969842724857, 47.126671884519034 ], [ 13.980932939140265, 47.147604482469738 ], [ 13.955267008765988, 47.16931712102862 ], [ 13.88143351257022, 47.181651528526515 ], [ 13.850647581233504, 47.214042982689939 ], [ 13.859349386219289, 47.264283280536354 ], [ 13.840121913251641, 47.278751638617891 ], [ 13.815422850397447, 47.294250074211959 ], [ 13.780747476188555, 47.304997245001417 ], [ 13.748247553001532, 47.297847271971811 ], [ 13.718472437463541, 47.294381150569507 ], [ 13.68335757867157, 47.287404524095649 ], [ 13.651626754403251, 47.291235228986075 ], [ 13.591087682117024, 47.32817335989737 ], [ 13.582539696555653, 47.384891264007727 ], [ 13.563597888746671, 47.441475217137928 ], [ 13.575538885696329, 47.478890241756183 ], [ 13.576145188325988, 47.480789270866104 ], [ 13.531537451041043, 47.487986867927482 ], [ 13.507989298050763, 47.500000000208502 ], [ 13.502443536966153, 47.502856013221567 ], [ 13.499999999917415, 47.504678008255887 ], [ 13.469877690912003, 47.527133132366515 ], [ 13.468251596517302, 47.5622987913138 ], [ 13.499999999917415, 47.580726723168254 ], [ 13.500531777412785, 47.581035330639835 ], [ 13.521451267642261, 47.588653804917769 ], [ 13.517451953624317, 47.614279366699186 ], [ 13.499999999917415, 47.625937976220655 ], [ 13.483809368904316, 47.636751632670041 ], [ 13.491764049559876, 47.659710640869733 ], [ 13.499999999917415, 47.662968918354466 ], [ 13.548897111835654, 47.682309207518983 ], [ 13.541623633541509, 47.71327134903995 ], [ 13.499999999917415, 47.713281666501857 ], [ 13.482776578517109, 47.713285935837668 ], [ 13.451089703425751, 47.725551860633807 ], [ 13.445663284424953, 47.732285774322115 ], [ 13.450826011957252, 47.73125357839325 ], [ 13.467328677275866, 47.734388526140904 ], [ 13.464977432241104, 47.743792231376823 ], [ 13.446123521887726, 47.748486154758794 ], [ 13.429620856569111, 47.754753773355787 ], [ 13.42776854662293, 47.755574098587658 ], [ 13.439663090790935, 47.778316136711588 ], [ 13.473745160094012, 47.778010200911794 ], [ 13.499999999917415, 47.773131957048733 ], [ 13.535141228754553, 47.766601869481363 ], [ 13.555577285223986, 47.789270362046473 ], [ 13.553476461744348, 47.790929900487583 ], [ 13.553522473453199, 47.790929025139746 ], [ 13.559066357957184, 47.791520934263566 ], [ 13.564418627319485, 47.793081800242973 ], [ 13.565421751742749, 47.796814607432886 ], [ 13.56629412996967, 47.810626896473536 ], [ 13.56694896228592, 47.816909546090322 ], [ 13.568476173727408, 47.829367472782081 ], [ 13.574606990488574, 47.86189980918774 ], [ 13.586868624909224, 47.880193862638855 ], [ 13.586868624909224, 47.890356033667523 ], [ 13.596053863655049, 47.91472834256578 ], [ 13.611369919162042, 47.928936560741704 ], [ 13.614446314836867, 47.941107759458745 ], [ 13.596053863655049, 47.953290594498711 ], [ 13.568476173727408, 47.930970135913654 ], [ 13.550105696235756, 47.928936560741704 ], [ 13.547029300560933, 47.91472834256578 ], [ 13.543974879474588, 47.898481419327076 ], [ 13.540898482901451, 47.880193862638855 ], [ 13.525582427394456, 47.863936034236943 ], [ 13.526261212389443, 47.858291565459176 ], [ 13.526939997384428, 47.845870014389924 ], [ 13.525582427394456, 47.833442413540872 ], [ 13.525517383977993, 47.833225431143838 ], [ 13.523579254379461, 47.826268410003756 ], [ 13.51945161063329, 47.809031617822541 ], [ 13.507189976212638, 47.798853403784733 ], [ 13.514913474531514, 47.797316015633712 ], [ 13.509079762075842, 47.793960157440502 ], [ 13.499999999917415, 47.796128795748068 ], [ 13.462494341472091, 47.805085795625885 ], [ 13.459378101921155, 47.805071527007314 ], [ 13.460252967583097, 47.806425370581756 ], [ 13.43669656626188, 47.806425370581756 ], [ 13.420193900943266, 47.809555763535819 ], [ 13.413118190352181, 47.828319578409165 ], [ 13.387188570306035, 47.839277750870316 ], [ 13.365983414019581, 47.839277750870316 ], [ 13.365983414019581, 47.826762252355856 ], [ 13.380112859714952, 47.817373635843076 ], [ 13.380112859714952, 47.809555763535819 ], [ 13.38447467628939, 47.804726875459771 ], [ 13.380200757170558, 47.804707213835087 ], [ 13.378354251239429, 47.80502168636567 ], [ 13.315991983405379, 47.815641285530823 ], [ 13.301686743697115, 47.835290584416661 ], [ 13.29968708668814, 47.896025042662821 ], [ 13.295336183746089, 47.965920519775324 ], [ 13.315552498822301, 47.973163178467381 ], [ 13.359435085467181, 47.962073802596564 ], [ 13.366598692615558, 47.945478810649497 ], [ 13.384529684625813, 47.947439128344755 ], [ 13.390440759993755, 47.961086674198363 ], [ 13.386309599343244, 47.981464127339542 ], [ 13.361513858001542, 47.992070596748121 ], [ 13.357545299603981, 47.993767958941255 ], [ 13.360446611833298, 48.000000000254126 ], [ 13.376596978558734, 48.035016940152275 ], [ 13.404548231100646, 48.055725323455491 ], [ 13.41281055150335, 48.053296364051285 ], [ 13.457857774269691, 48.07595729681632 ], [ 13.499999999917415, 48.084879432679877 ], [ 13.511255213097709, 48.087262065741733 ], [ 13.600624507990325, 48.101371238198006 ], [ 13.604579874627939, 48.158177860453591 ], [ 13.571926131118186, 48.184864478253431 ], [ 13.580276348078183, 48.208342397331315 ], [ 13.626114644351706, 48.248881603445049 ], [ 13.647363748916806, 48.275273041485782 ], [ 13.670766329915294, 48.291048892944886 ], [ 13.718999819502228, 48.286533684052607 ], [ 13.745698539365392, 48.297791829031411 ], [ 13.746401715416974, 48.37205042163778 ], [ 13.724295615375878, 48.386109894838988 ], [ 13.710451834839173, 48.455564752323205 ], [ 13.717571492810585, 48.480789483802447 ], [ 13.690938695814545, 48.484997216119616 ], [ 13.691541792356951, 48.500000000192749 ], [ 13.691905563334624, 48.509137300278198 ], [ 13.712407543569499, 48.520150245586194 ], [ 13.722768641089626, 48.521042588934364 ], [ 13.750796566637669, 48.531233983928516 ], [ 13.796459068898299, 48.549384373267145 ], [ 13.811577355803918, 48.57257513776139 ], [ 13.825377188061978, 48.613180745527181 ], [ 13.833200022983288, 48.662822034592288 ], [ 13.844780455042523, 48.673801341486133 ], [ 13.830958649094296, 48.718861357251996 ], [ 13.851592474165106, 48.733211336658094 ], [ 13.84638620978256, 48.753980635960005 ], [ 13.839946119238748, 48.779660084859337 ], [ 13.800809970942034, 48.779397866249049 ], [ 13.758113993210458, 48.847033703689135 ], [ 13.725394327731893, 48.880584599697087 ], [ 13.664657486844291, 48.876513742384759 ], [ 13.639672759729747, 48.898681341886117 ], [ 13.612270863815001, 48.938819495863534 ], [ 13.62976237034386, 48.949593018619197 ], [ 13.590911887205815, 48.96059643937182 ], [ 13.551753765218937, 48.965690863406259 ], [ 13.534965434741657, 48.965923075691826 ], [ 13.511540879154689, 48.950914138522634 ], [ 13.501796773317784, 48.949554421740061 ] ], [ [ 20.327730317256655, 49.071751360825189 ], [ 20.330013969456175, 49.090116549150636 ], [ 20.290287913682057, 49.101277760027259 ], [ 20.221087686074966, 49.102994645231725 ], [ 20.212117286615857, 49.084105620476222 ], [ 20.208272828678172, 49.067786554864618 ], [ 20.218926046650594, 49.029684656616304 ], [ 20.216275379656906, 49.015456715315679 ], [ 20.226145292752719, 49.000000000276607 ], [ 20.234346525021156, 48.987281927366041 ], [ 20.246393955263997, 48.967258273600926 ], [ 20.306631106478171, 48.973266219209656 ], [ 20.303619248468305, 48.987281927366041 ], [ 20.292988022152354, 49.000000000276607 ], [ 20.288559961113922, 49.005350046309097 ], [ 20.312654821599594, 49.009392961525975 ], [ 20.345785254318233, 49.007371545187191 ], [ 20.372891972813775, 49.021519726874885 ], [ 20.354820827449519, 49.033643520444663 ], [ 20.3487971123281, 49.055862760313616 ], [ 20.327730317256655, 49.071751360825189 ] ], [ [ 10.018535283916236, 47.211475737652833 ], [ 10.056946281572888, 47.235655392698945 ], [ 10.048420270599998, 47.254139944604894 ], [ 10.01214077568657, 47.247026784820207 ], [ 9.999999999705929, 47.249053168587679 ], [ 9.978027162042288, 47.252726135007315 ], [ 9.939698106909223, 47.262665724929285 ], [ 9.807597797294004, 47.241341395432926 ], [ 9.758605937367804, 47.191546163905556 ], [ 9.786316066816099, 47.178746998757568 ], [ 9.83743610032908, 47.195821590071333 ], [ 9.875787095016326, 47.202941666914619 ], [ 9.909859803874147, 47.192976208639841 ], [ 9.999999999705929, 47.208325074826391 ], [ 10.018535283916236, 47.211475737652833 ] ], [ [ 20.605590706120996, 48.980767873079685 ], [ 20.560871169007374, 48.985657121269753 ], [ 20.541054019429343, 48.964558814344265 ], [ 20.512615972529911, 48.95309173246882 ], [ 20.500000000340389, 48.951937305451601 ], [ 20.46898768816218, 48.949099404663968 ], [ 20.460585042827258, 48.918863426345588 ], [ 20.485989406248677, 48.901326257205632 ], [ 20.500000000340389, 48.902573584698253 ], [ 20.552097497002226, 48.907211416437853 ], [ 20.566632983002648, 48.891181804794449 ], [ 20.611156095394566, 48.889786417326341 ], [ 20.63317757503421, 48.907153294307911 ], [ 20.640576268597499, 48.937410924411189 ], [ 20.640685394141581, 48.977880523639556 ], [ 20.605590706120996, 48.980767873079685 ] ], [ [ 20.182904871280268, 49.275277222599499 ], [ 20.272540371127548, 49.267453142566836 ], [ 20.286573881242148, 49.249381598360323 ], [ 20.43900006356732, 49.206478773655952 ], [ 20.475120528827684, 49.230209745579614 ], [ 20.294976527475388, 49.2812063735687 ], [ 20.271099917179573, 49.300125330155275 ], [ 20.202220044972474, 49.30495948831917 ], [ 20.181879093142165, 49.291693532794653 ], [ 20.182904871280268, 49.275277222599499 ] ], [ [ 20.89760993804839, 48.991633825192203 ], [ 20.88043361981001, 48.97602324534666 ], [ 20.850707895442966, 48.967200222342761 ], [ 20.843483802929882, 48.917526925552217 ], [ 20.863410077153681, 48.912107917883048 ], [ 20.907234787141434, 48.918267816355915 ], [ 20.948200414701382, 48.950986726567109 ], [ 20.964852931585803, 48.980956487930591 ], [ 20.920919096952275, 48.99105359443476 ], [ 20.89760993804839, 48.991633825192203 ] ], [ [ 20.82150597242989, 49.05638957759875 ], [ 20.751513022008748, 49.029500094654644 ], [ 20.755192307613466, 49.000000000276607 ], [ 20.755288756132266, 48.999234223323285 ], [ 20.806010183797483, 48.972148854648275 ], [ 20.86178286525476, 49.000000000276607 ], [ 20.862340649875922, 49.0002812872481 ], [ 20.86585448377161, 49.011795117143485 ], [ 20.863017226811944, 49.020699652917486 ], [ 20.844640530283581, 49.040187377266626 ], [ 20.82150597242989, 49.05638957759875 ] ] ], [ [ [ 7.664784925081212, 48.160969932942841 ], [ 7.694958204495844, 48.160046962573645 ], [ 7.713343864414121, 48.15351940909612 ], [ 7.733813817912478, 48.166821883351574 ], [ 7.717051712851593, 48.203615582158889 ], [ 7.716415454102175, 48.221878501058022 ], [ 7.689341582504982, 48.22523279800388 ], [ 7.689624725194347, 48.228084681288919 ], [ 7.689822308742775, 48.230382837466244 ], [ 7.6901598111849, 48.231725008750011 ], [ 7.690636969314356, 48.239857298370524 ], [ 7.690715014047953, 48.240764854368173 ], [ 7.694760744914917, 48.240645135827016 ], [ 7.7232168326802, 48.24041187084368 ], [ 7.751519339972951, 48.238108326403676 ], [ 7.777540095002968, 48.233121815475435 ], [ 7.773195989612681, 48.211682998898851 ], [ 7.808365695044316, 48.206110344768383 ], [ 7.846146251441302, 48.198479779678948 ], [ 7.881315956872973, 48.19216144831924 ], [ 7.879683572474643, 48.191190277450296 ], [ 7.855953399248225, 48.177070160339653 ], [ 7.876796331455944, 48.167245286049194 ], [ 7.863764014386733, 48.138562760626229 ], [ 7.842745563050604, 48.132996716009458 ], [ 7.822802167835819, 48.131491880710392 ], [ 7.829142806792843, 48.114745768150087 ], [ 7.747306873704392, 48.086750260319789 ], [ 7.744630202279848, 48.065717963072601 ], [ 7.703909695316543, 48.061738697759793 ], [ 7.701496303033785, 48.038105435567815 ], [ 7.74853550939994, 48.039173923363933 ], [ 7.82396498397051, 48.066420154415539 ], [ 7.856589657099336, 48.063816146882559 ], [ 7.851324074263636, 48.035617088803164 ], [ 7.880701638576036, 48.031694038222206 ], [ 7.885967221411736, 48.047077116507531 ], [ 7.915651944872577, 48.046286852025553 ], [ 7.910583821617795, 48.032499166197297 ], [ 7.941321661645767, 48.033157898512492 ], [ 7.954288159154111, 48.048291758479451 ], [ 7.959882840692464, 48.061138855254718 ], [ 7.944239671759585, 48.070516077402942 ], [ 7.961374755529798, 48.090040344934785 ], [ 7.94889093629835, 48.117493325534753 ], [ 7.973551416511083, 48.1279706849771 ], [ 7.966925557959764, 48.143719209452343 ], [ 7.997158779258388, 48.149357110159507 ], [ 7.999999999585081, 48.149284091300352 ], [ 8.020458982857178, 48.148758295439571 ], [ 8.021698011162286, 48.172165014804847 ], [ 8.021885079031987, 48.175698003091938 ], [ 8.045009763502369, 48.169128655004464 ], [ 8.051942780303857, 48.147429193517787 ], [ 8.093145966442346, 48.13356649639595 ], [ 8.150694398925737, 48.140622480974294 ], [ 8.155826793045819, 48.168078412247809 ], [ 8.156047841487792, 48.169260029447784 ], [ 8.213289015109698, 48.157418518036515 ], [ 8.250016454939569, 48.123090285926068 ], [ 8.205763619565509, 48.109674091160791 ], [ 8.222175011559646, 48.086062930676221 ], [ 8.213332894218084, 48.054993721670826 ], [ 8.183384892513756, 48.049184428422208 ], [ 8.178338708813156, 48.030683950760384 ], [ 8.174959959976633, 48.003726281545454 ], [ 8.174795313158125, 48.000000000254126 ], [ 8.173862963402801, 47.979098784173019 ], [ 8.113703679055773, 47.974614490196913 ], [ 8.1191667214724, 47.933206975204925 ], [ 8.096897693988213, 47.910761544065089 ], [ 8.109381513219661, 47.896461094370011 ], [ 8.138912657106268, 47.891460812327736 ], [ 8.137903420545811, 47.876791486077089 ], [ 8.090359595450261, 47.866423029313374 ], [ 8.041740714233434, 47.871033105724031 ], [ 8.028225717989013, 47.856794347275553 ], [ 8.084808793918592, 47.841998742236171 ], [ 8.137881480093339, 47.75615295140355 ], [ 8.15337107035027, 47.765858710909313 ], [ 8.175223239118418, 47.754957822120737 ], [ 8.206707036565064, 47.696289693726833 ], [ 8.201090414574239, 47.677609282880546 ], [ 8.251618069344463, 47.66406177598806 ], [ 8.266800500452925, 47.620446326320184 ], [ 8.266032602581756, 47.605188342264526 ], [ 8.244794752110552, 47.602294081554525 ], [ 8.23729808379081, 47.606343756901047 ], [ 8.233057886529409, 47.60863415878989 ], [ 8.229205516230714, 47.607454472983079 ], [ 8.213859452501653, 47.601080782757322 ], [ 8.20181911176304, 47.590624789537131 ], [ 8.200980715006686, 47.589896636075387 ], [ 8.177504991381108, 47.583652935615191 ], [ 8.177047766867815, 47.565952226477705 ], [ 8.176912613536679, 47.560718821716378 ], [ 8.18585845036098, 47.546600506900546 ], [ 8.190142390186798, 47.539838239465205 ], [ 8.151407910094642, 47.52493013188797 ], [ 8.106286089430489, 47.514436908914718 ], [ 8.106286089430489, 47.500000000208502 ], [ 8.106286089430489, 47.497575422043589 ], [ 8.089657518038274, 47.487362921954428 ], [ 8.076405800935682, 47.475114659816327 ], [ 8.083602097777254, 47.45714340923201 ], [ 8.045119463069957, 47.444190986002873 ], [ 8.034277527920933, 47.45371816962831 ], [ 8.016114877466892, 47.448591103959444 ], [ 8.014185894514592, 47.443799029285429 ], [ 8.011024813759628, 47.43534606433311 ], [ 7.999999999585081, 47.434133551939496 ], [ 7.997553698420232, 47.433864502604372 ], [ 7.988799701316402, 47.426686925987177 ], [ 7.986386273999368, 47.424058992353828 ], [ 7.9735083000724, 47.428199910936257 ], [ 7.97689049304973, 47.438625945611186 ], [ 7.970765045518998, 47.450507871407034 ], [ 7.960804318137841, 47.449985123452727 ], [ 7.954378070632565, 47.4565139433521 ], [ 7.952759985616954, 47.458157725922987 ], [ 7.951432166930876, 47.459506594770026 ], [ 7.930834375082743, 47.480426462559443 ], [ 7.913669254344376, 47.483565305109309 ], [ 7.906788214065244, 47.484823529999638 ], [ 7.882171613859195, 47.49338441411215 ], [ 7.881110642423201, 47.494035020602865 ], [ 7.871382673023745, 47.500000000208502 ], [ 7.868590798053915, 47.501728272445099 ], [ 7.845795212286178, 47.50366152690269 ], [ 7.842971738177904, 47.500000000208502 ], [ 7.836062103624964, 47.491123860460853 ], [ 7.831643959088968, 47.485447506322799 ], [ 7.810739855203671, 47.484878536456478 ], [ 7.800332011152797, 47.500000000208502 ], [ 7.797176331069313, 47.504628127269996 ], [ 7.786259207829342, 47.508048626106664 ], [ 7.776750257577612, 47.511027740495337 ], [ 7.767394323656445, 47.509144345378374 ], [ 7.754854208802789, 47.506619852712319 ], [ 7.731290726062169, 47.506898102705698 ], [ 7.714638320568836, 47.512374927614729 ], [ 7.697349656326083, 47.530265784711922 ], [ 7.676835823719342, 47.520911184391458 ], [ 7.658838831586873, 47.52175033499713 ], [ 7.657682265929918, 47.521804262601854 ], [ 7.653730657843463, 47.527055956760378 ], [ 7.656058711072517, 47.527835799867546 ], [ 7.674773470591753, 47.538345403286591 ], [ 7.70134272345955, 47.567799052240773 ], [ 7.762577063927895, 47.597908530645689 ], [ 7.803889949633971, 47.596417358801752 ], [ 7.854856403572725, 47.610230987453761 ], [ 7.86949033504682, 47.600890745456269 ], [ 7.890069988112719, 47.613037117590373 ], [ 7.888051514991806, 47.634414268701235 ], [ 7.92806994454313, 47.635904350742713 ], [ 7.941848219929337, 47.651795895749139 ], [ 7.980967112487756, 47.659871259450512 ], [ 7.960672678117819, 47.670675387069764 ], [ 7.952774303864258, 47.685038471320397 ], [ 7.890113868119402, 47.674339519167091 ], [ 7.883158910865477, 47.686629259385285 ], [ 7.847396827589369, 47.668281153040788 ], [ 7.826158977118165, 47.699995787726714 ], [ 7.858388731983482, 47.724487276105386 ], [ 7.854922223133585, 47.806367128967665 ], [ 7.865255929224077, 47.834373783891117 ], [ 7.844720156164827, 47.838913971242576 ], [ 7.81288531956302, 47.818669220690438 ], [ 7.789409596835812, 47.830036949239478 ], [ 7.813609337427518, 47.845999939446656 ], [ 7.783112836987146, 47.868706304934292 ], [ 7.738157923302764, 47.864241461628296 ], [ 7.712905066143927, 47.87603537186996 ], [ 7.676199565868228, 47.867891899858627 ], [ 7.649542552088749, 47.884192094463778 ], [ 7.591862502941535, 47.876617115343699 ], [ 7.596777024164219, 47.902085830953943 ], [ 7.593091116179229, 47.922065387264048 ], [ 7.608471005970284, 47.938101537676324 ], [ 7.620208867783078, 47.959838219185372 ], [ 7.594185605555094, 48.000000000254126 ], [ 7.585850940229298, 48.01298222325282 ], [ 7.55649531547111, 48.032967598895866 ], [ 7.571063428282635, 48.062587243616861 ], [ 7.572006845282233, 48.093388702489641 ], [ 7.595328989333533, 48.101108097732919 ], [ 7.605070317579586, 48.120167667970755 ], [ 7.653447860107175, 48.140753949906383 ], [ 7.663496346603374, 48.161010691567512 ], [ 7.664784925081212, 48.160969932942841 ] ], [ [ 7.710667192989587, 48.010770908498699 ], [ 7.712858533412173, 48.000000000254126 ], [ 7.713387744420814, 47.997423717498222 ], [ 7.72543276538203, 47.987108585907173 ], [ 7.73063252775854, 47.977052601304202 ], [ 7.72227341568061, 47.969476661927636 ], [ 7.735941990600932, 47.956891165593923 ], [ 7.743116347888329, 47.959939839081102 ], [ 7.747635972407035, 47.967270431092842 ], [ 7.759176374638901, 47.96538344795966 ], [ 7.768105925905391, 47.966268887189585 ], [ 7.765802233190183, 47.978590874085981 ], [ 7.750948901682698, 47.992882994062676 ], [ 7.751731149242208, 48.000000000254126 ], [ 7.752045898256521, 48.002891406762259 ], [ 7.741361153010875, 48.010961289963767 ], [ 7.710667192989587, 48.010770908498699 ] ] ], [ [ [ 15.462686656522225, 52.389077587820971 ], [ 15.500000000038265, 52.384286076741297 ], [ 15.508950288913105, 52.383136667503663 ], [ 15.611449432761951, 52.366559097078706 ], [ 15.681721388232237, 52.337289303979404 ], [ 15.740994827707931, 52.284580985762581 ], [ 15.767865453675444, 52.239384313017545 ], [ 15.764704203138882, 52.208627829966197 ], [ 15.822858033648419, 52.177982299999407 ], [ 15.785493814046264, 52.138029221057288 ], [ 15.76552094420868, 52.111914057292438 ], [ 15.761499047442809, 52.113035269323014 ], [ 15.71045802974222, 52.099432429616066 ], [ 15.652282247102086, 52.087364043273062 ], [ 15.607058808114669, 52.077070167101191 ], [ 15.544360680857137, 52.074589198690923 ], [ 15.500000000038265, 52.077587721720128 ], [ 15.39872364564911, 52.084432653743548 ], [ 15.323643955287238, 52.109866949113126 ], [ 15.297388016824245, 52.148600362599339 ], [ 15.311657548499968, 52.189073246517552 ], [ 15.34581661240605, 52.235260009185346 ], [ 15.379075597635111, 52.231968221036659 ], [ 15.387856847827992, 52.270911927851365 ], [ 15.42820669283709, 52.286191938424558 ], [ 15.438436849226457, 52.309900463753642 ], [ 15.386737238861837, 52.312869731104037 ], [ 15.391720597984728, 52.365465126853984 ], [ 15.434968255386794, 52.366400934511695 ], [ 15.463024350305517, 52.38436194715328 ], [ 15.462686656522225, 52.389077587820971 ] ] ], [ [ [ 9.037468937656961, 47.801252701217351 ], [ 9.032377206676511, 47.800868422628248 ], [ 9.030375831190401, 47.800717375278737 ], [ 8.999999999645505, 47.792189442257559 ], [ 8.989084885936833, 47.789124709210505 ], [ 8.993516751340495, 47.757012844819613 ], [ 8.991474261760462, 47.730232651131537 ], [ 8.991333819148943, 47.728390731353514 ], [ 8.98757103064699, 47.730364093411659 ], [ 8.965433642284566, 47.724603943887978 ], [ 8.965109406162538, 47.716946738702568 ], [ 8.950799710810434, 47.713242176038619 ], [ 8.91490598751434, 47.69547256660676 ], [ 8.866747844121845, 47.682425970311961 ], [ 8.846738629346172, 47.686278998007673 ], [ 8.799962702121803, 47.695589299754566 ], [ 8.799896882560937, 47.696348059413424 ], [ 8.797426416714927, 47.702552131256923 ], [ 8.796442765970401, 47.705022162563402 ], [ 8.795351222170352, 47.707762984807687 ], [ 8.78221283652397, 47.703374330118926 ], [ 8.774389950398708, 47.700313115796185 ], [ 8.771855432876281, 47.699321281442792 ], [ 8.766820171791249, 47.687214195796372 ], [ 8.766504311560929, 47.686351969348451 ], [ 8.780370346062179, 47.666310206571929 ], [ 8.77465032888043, 47.653202641003524 ], [ 8.773106903746388, 47.649408793346794 ], [ 8.750115184311085, 47.662703910853061 ], [ 8.739920894057732, 47.663453085399254 ], [ 8.74105435414727, 47.672704309420915 ], [ 8.741492793091359, 47.684250356773056 ], [ 8.722317294849395, 47.700944154922425 ], [ 8.734405164551402, 47.710865594634484 ], [ 8.748623269473741, 47.72253305015078 ], [ 8.750589157912858, 47.726783635812055 ], [ 8.762072445258935, 47.751605482685051 ], [ 8.744081704502527, 47.75915522796528 ], [ 8.714111762345699, 47.764751238564628 ], [ 8.712851623631432, 47.767837543612572 ], [ 8.702990508635519, 47.791982818181459 ], [ 8.719136005593798, 47.800877557539465 ], [ 8.750115184311085, 47.815350128789817 ], [ 8.753164834444954, 47.829585781027397 ], [ 8.803100112269039, 47.841504027322536 ], [ 8.83495688842503, 47.839554222009774 ], [ 8.840354110382457, 47.853564990440077 ], [ 8.848471883771118, 47.891344521017366 ], [ 8.925108054483061, 47.929938832706455 ], [ 8.910561881225711, 47.945304556715392 ], [ 8.934783562269926, 47.953029252818006 ], [ 8.963042190454281, 47.940279976838355 ], [ 8.999999999645505, 47.93827200170432 ], [ 9.011156453840092, 47.937665838883177 ], [ 9.048542091973568, 47.941659606929697 ], [ 9.0663353740474, 47.940657563504928 ], [ 9.079236051994865, 47.933918676659083 ], [ 9.058590579368081, 47.896519234278244 ], [ 9.047840013663265, 47.875846341583681 ], [ 9.044429124902507, 47.863426992016969 ], [ 9.041389675138689, 47.852357566281931 ], [ 9.055321530099111, 47.833995416903711 ], [ 9.055759690565463, 47.82794262850804 ], [ 9.056045385368533, 47.82399563725815 ], [ 9.034237258303808, 47.827257108686787 ], [ 9.022499396491034, 47.820037556599743 ], [ 9.031801926466876, 47.804226702412649 ], [ 9.037468937656961, 47.801252701217351 ] ] ], [ [ [ 9.09462253631845, 48.143301823188487 ], [ 9.110741788995703, 48.099426889051266 ], [ 9.131957699912741, 48.092058159254378 ], [ 9.132418438635442, 48.070954907188444 ], [ 9.077502797569922, 48.07920420061356 ], [ 9.047225696264642, 48.076513087954368 ], [ 9.007536365415969, 48.052447664133638 ], [ 8.999999999645505, 48.032758171013477 ], [ 8.998343535007677, 48.028429479687276 ], [ 8.993516751340495, 48.023246749078581 ], [ 8.987768490227909, 48.017302067196887 ], [ 8.977654183272527, 48.000796837874852 ], [ 8.977002935234241, 48.000000000254126 ], [ 8.96637705928412, 47.987123095422817 ], [ 8.94237477827334, 47.986890945092767 ], [ 8.924092431799242, 48.000000000254126 ], [ 8.92131244693052, 48.002012576864374 ], [ 8.923023760902955, 48.022675738252417 ], [ 8.907095373274146, 48.027580367537141 ], [ 8.914927927068513, 48.052067207546195 ], [ 8.914686588379201, 48.072841830683799 ], [ 8.895006472306209, 48.098754390693387 ], [ 8.85075363693214, 48.140973063840065 ], [ 8.827014634164813, 48.147881968384233 ], [ 8.82802387072527, 48.104645763546998 ], [ 8.824381842746961, 48.074392274324971 ], [ 8.835395686695223, 48.046228313475133 ], [ 8.809550450793616, 48.05211110675922 ], [ 8.800401500391999, 48.042203624944435 ], [ 8.761589766982047, 48.040491207233956 ], [ 8.723672657678714, 48.049123172477088 ], [ 8.745946598049207, 48.080242580826024 ], [ 8.733265319236823, 48.093681125467498 ], [ 8.743555146218958, 48.107963930343132 ], [ 8.754042431883649, 48.115008838982206 ], [ 8.761172908266028, 48.156235673707009 ], [ 8.746187937636808, 48.199880504233541 ], [ 8.698490532967034, 48.19216144831924 ], [ 8.701452423087526, 48.207817217649968 ], [ 8.701452423087526, 48.215519314813662 ], [ 8.743993944489162, 48.22829522344702 ], [ 8.740856535240248, 48.261401393898588 ], [ 8.759022796023389, 48.26763827535207 ], [ 8.760931569576751, 48.28895155544857 ], [ 8.761502007867005, 48.289679807638123 ], [ 8.768478904675151, 48.289694372263661 ], [ 8.775916540205998, 48.266224843525592 ], [ 8.795201738015487, 48.260279256614893 ], [ 8.793314904016302, 48.224576540083433 ], [ 8.809704030367849, 48.185652601446122 ], [ 8.861021523461764, 48.162616865682949 ], [ 8.907183132389187, 48.108124717291084 ], [ 8.927345926739067, 48.096809941979011 ], [ 8.945205028373783, 48.080622827952332 ], [ 8.954441738788741, 48.070179639447311 ], [ 8.963546809183677, 48.07079400329058 ], [ 8.973332016538091, 48.086121464595493 ], [ 8.949768533797505, 48.11408808634495 ], [ 8.947881699798319, 48.149941313176484 ], [ 8.970743105126914, 48.168982659968606 ], [ 8.998453235473544, 48.146246118126598 ], [ 8.999999999645505, 48.14720110416426 ], [ 9.02445205005108, 48.162295635027405 ], [ 9.044746484421026, 48.151270349651242 ], [ 9.09462253631845, 48.143301823188487 ] ] ], [ [ [ 8.774891686434346, 48.484882569816691 ], [ 8.767196522776151, 48.485142047782098 ], [ 8.737499725957901, 48.486143399072205 ], [ 8.727297658989135, 48.497835882618993 ], [ 8.693575989286485, 48.497980933523387 ], [ 8.70283463835732, 48.483372202455833 ], [ 8.708648719929071, 48.469891276855272 ], [ 8.726481964456658, 48.462448488075005 ], [ 8.736676483780373, 48.445584113569296 ], [ 8.729482019501981, 48.423676933555456 ], [ 8.704129094512069, 48.412037701992304 ], [ 8.691623335726439, 48.412778716111447 ], [ 8.6831764627368, 48.421132537126837 ], [ 8.642579193850693, 48.414357318512572 ], [ 8.629634025940474, 48.442210562378229 ], [ 8.629634025940474, 48.455703414189834 ], [ 8.655119873744662, 48.475373677021786 ], [ 8.653864717985304, 48.47597192511293 ], [ 8.59094100309869, 48.482632223768441 ], [ 8.582559950568253, 48.497864892833249 ], [ 8.583124439316361, 48.500000000192749 ], [ 8.586180038992374, 48.511671076594482 ], [ 8.588286272126627, 48.53452788740428 ], [ 8.610555299610823, 48.548784344137232 ], [ 8.64331161275971, 48.541129685023058 ], [ 8.644920887997346, 48.539848752708473 ], [ 8.671833520085858, 48.518422309881679 ], [ 8.694672984961983, 48.517807267460334 ], [ 8.695879681103358, 48.533078596692981 ], [ 8.736518376697108, 48.535333453990013 ], [ 8.746319576758543, 48.519667015736673 ], [ 8.766328791534185, 48.521175264425793 ], [ 8.774336865355288, 48.533766649266411 ], [ 8.786952324606805, 48.53779229939353 ], [ 8.803429210971693, 48.5376020032814 ], [ 8.801717896100925, 48.542227461133308 ], [ 8.804131288383681, 48.544935206159721 ], [ 8.817470764601349, 48.541378516747514 ], [ 8.83607582455303, 48.535494058426252 ], [ 8.881403716946746, 48.543105664659059 ], [ 8.906064196261191, 48.545184018469399 ], [ 8.908675048124866, 48.559832514572051 ], [ 8.923967177902554, 48.565377635141957 ], [ 8.921882884322475, 48.575588420087826 ], [ 8.950777770357963, 48.582535834502806 ], [ 8.964643804859202, 48.570571058763264 ], [ 8.986057175357148, 48.573613716342081 ], [ 8.999999999645505, 48.553013905197069 ], [ 9.002139143458535, 48.54985268372748 ], [ 9.022082537775013, 48.552647821586369 ], [ 9.040073279429762, 48.535128086555602 ], [ 9.047203755812143, 48.524338047755663 ], [ 9.028708396326325, 48.519154493276432 ], [ 9.034193378297125, 48.501989313111572 ], [ 9.029414604191988, 48.500000000192749 ], [ 9.01082735513744, 48.492338141714285 ], [ 9.018703788938494, 48.482516147741762 ], [ 9.018111411094054, 48.470979752443327 ], [ 8.999999999645505, 48.465720114425714 ], [ 8.997071019305437, 48.464869473185182 ], [ 8.985706136201996, 48.450309222673603 ], [ 8.982178876984388, 48.452548567220433 ], [ 8.973595295679866, 48.439360864421488 ], [ 8.979263237524613, 48.437221542892857 ], [ 8.951946451593134, 48.438513071166163 ], [ 8.887644515346464, 48.437094321963599 ], [ 8.883454241956986, 48.435634485578341 ], [ 8.862408895061298, 48.445584113569296 ], [ 8.863448110199391, 48.453148986235433 ], [ 8.863767845761855, 48.455476245007212 ], [ 8.864107982064411, 48.457951872121733 ], [ 8.860709808956482, 48.465820686352814 ], [ 8.870904328280233, 48.473688273550714 ], [ 8.884497021610162, 48.482678299601467 ], [ 8.8990307388278, 48.492288933394981 ], [ 8.890553205439229, 48.500000000192749 ], [ 8.8829175713383, 48.507013516245813 ], [ 8.905822856673581, 48.516694314888198 ], [ 8.927280107178209, 48.522595613059444 ], [ 8.921400206045599, 48.53687008813084 ], [ 8.883707408763655, 48.534440053189243 ], [ 8.857774413746968, 48.527661684899748 ], [ 8.83886219554512, 48.527061396718175 ], [ 8.839103534234434, 48.515390957042975 ], [ 8.818523881168492, 48.512608395110817 ], [ 8.815713336512111, 48.504787467059053 ], [ 8.814223655784888, 48.500641628157986 ], [ 8.797919217208435, 48.500000000192749 ], [ 8.78072138521733, 48.499329887834335 ], [ 8.78181838089283, 48.484649002973597 ], [ 8.774891686434346, 48.484882569816691 ] ] ], [ [ [ 10.114850232211417, 48.436811268980868 ], [ 10.116650332073284, 48.437153481044618 ], [ 10.206217395567275, 48.472039178887208 ], [ 10.301519739517998, 48.487608734777226 ], [ 10.320693356687734, 48.500000000192749 ], [ 10.326524804490576, 48.50380563712055 ], [ 10.341234324704253, 48.513398962816929 ], [ 10.377089202152556, 48.511978636509646 ], [ 10.388104396268714, 48.500000000192749 ], [ 10.392888691419589, 48.494847739317123 ], [ 10.413105006495798, 48.488696828025873 ], [ 10.42864080429433, 48.480484772228877 ], [ 10.463887509718868, 48.476973202878767 ], [ 10.49999999973614, 48.476308504561487 ], [ 10.502518249667059, 48.476262152338485 ], [ 10.49999999973614, 48.474274698812636 ], [ 10.49001489836639, 48.466393483765131 ], [ 10.485773867468426, 48.453691988381415 ], [ 10.496167689716037, 48.441088946472966 ], [ 10.458306048686552, 48.43812648406449 ], [ 10.42499307830218, 48.441001817776446 ], [ 10.4026013122041, 48.446824591561686 ], [ 10.409127666168018, 48.462314837625108 ], [ 10.374935725719167, 48.454737260642489 ], [ 10.345116661004216, 48.427451467540372 ], [ 10.301343945505106, 48.394482657854034 ], [ 10.25515406120579, 48.371905008631337 ], [ 10.261878183771081, 48.347877029636649 ], [ 10.274183766470376, 48.336164349825395 ], [ 10.250517494003388, 48.327301653595399 ], [ 10.226301864909235, 48.329164549237241 ], [ 10.217424265910555, 48.360416053911642 ], [ 10.181254642142896, 48.366189942792282 ], [ 10.146029911306838, 48.389526033713743 ], [ 10.120627672401064, 48.394119285384164 ], [ 10.098646090536446, 48.395933099943605 ], [ 10.069669375165097, 48.428221305957457 ], [ 10.114850232211417, 48.436811268980868 ] ] ], [ [ [ 9.523285020847919, 47.674214964809792 ], [ 9.522422606734128, 47.69947053054792 ], [ 9.56292371456234, 47.689723129183093 ], [ 9.583744707215857, 47.700579400502669 ], [ 9.580673116629489, 47.720345395863767 ], [ 9.531834836277522, 47.723845597995791 ], [ 9.532251694993541, 47.75105159714208 ], [ 9.610445600103697, 47.743092479597735 ], [ 9.637475591694187, 47.729562085881355 ], [ 9.656453630355209, 47.717384623814056 ], [ 9.697832334723829, 47.721585078135718 ], [ 9.678766536947755, 47.738485544512294 ], [ 9.684536738512842, 47.754083319841982 ], [ 9.712137168393586, 47.755963481522642 ], [ 9.767228328587528, 47.72756430317223 ], [ 9.76393733976437, 47.692773037250561 ], [ 9.781096804709708, 47.676562890013386 ], [ 9.787281423369873, 47.670719182819546 ], [ 9.761571467461836, 47.657780793939523 ], [ 9.758356272194149, 47.640658794324914 ], [ 9.746938230385457, 47.614045439947098 ], [ 9.714587114023562, 47.624185467949872 ], [ 9.689848024935253, 47.587418450863638 ], [ 9.68738298671019, 47.58248967581671 ], [ 9.674641830692561, 47.589750421971786 ], [ 9.646010223798861, 47.601110018876398 ], [ 9.609392483536556, 47.602571820275152 ], [ 9.581002216230456, 47.603741232048336 ], [ 9.556363676470212, 47.615696955078938 ], [ 9.537978016551945, 47.632266722839191 ], [ 9.527600430454779, 47.65112410867669 ], [ 9.516301366912204, 47.652540692438187 ], [ 9.510051587156278, 47.652983667462919 ], [ 9.523285020847919, 47.674214964809792 ] ] ], [ [ [ 7.815230044625479, 48.547930590385668 ], [ 7.858717830686134, 48.536723703704126 ], [ 7.898845959805002, 48.537323876670683 ], [ 7.946280085333, 48.542388466489072 ], [ 7.964599925690382, 48.571946128620858 ], [ 7.992507514719623, 48.575617674631062 ], [ 7.999045613257565, 48.548052591624803 ], [ 7.999999999585081, 48.547781625738516 ], [ 8.039458961072402, 48.536577318851634 ], [ 8.072061694647054, 48.543486214541574 ], [ 8.085357291756374, 48.523298451407712 ], [ 8.068491080937202, 48.500000000192749 ], [ 8.063527062542372, 48.493208536410904 ], [ 8.055321530038677, 48.472866387468279 ], [ 8.042069812936077, 48.459222975092231 ], [ 8.018528269749639, 48.438983292730654 ], [ 7.999999999585081, 48.427039877280215 ], [ 7.977566423198727, 48.412575301634682 ], [ 7.942594177348009, 48.414580352653751 ], [ 7.914028390015176, 48.422396386429476 ], [ 7.886844818850431, 48.443470407160746 ], [ 7.867208582784122, 48.477176358078829 ], [ 7.837313260983018, 48.500000000192749 ], [ 7.836404923195283, 48.500700223827515 ], [ 7.78825216789788, 48.504023831363099 ], [ 7.79169134909851, 48.512359421748918 ], [ 7.816022729710266, 48.526475742945088 ], [ 7.815230044625479, 48.547930590385668 ] ], [ [ 7.921795125146973, 48.495950181677649 ], [ 7.898692380230766, 48.487028409253156 ], [ 7.918767414567315, 48.465958056526844 ], [ 7.944897870063215, 48.450802858958546 ], [ 7.963261589528985, 48.466741822372185 ], [ 7.963497444003453, 48.467560989770355 ], [ 7.959193927192649, 48.480186589012256 ], [ 7.95821255367736, 48.482425897855116 ], [ 7.952927883438501, 48.493730766253492 ], [ 7.921795125146973, 48.495950181677649 ] ] ], [ [ [ 11.624018299751224, 48.160163779106455 ], [ 11.63577452672167, 48.182937903837853 ], [ 11.644871868011888, 48.201616765723841 ], [ 11.655023974277796, 48.226049462932771 ], [ 11.665198054233867, 48.26345615173701 ], [ 11.685963725038928, 48.321887224459523 ], [ 11.717892317010307, 48.363164914285456 ], [ 11.747469664845237, 48.384350857263136 ], [ 11.729077212765105, 48.40135717188425 ], [ 11.7246164395756, 48.431155300191996 ], [ 11.754171811923735, 48.43003691633357 ], [ 11.794384698886297, 48.411485566387469 ], [ 11.802009765206231, 48.396590166460754 ], [ 11.785660919312033, 48.362626789339124 ], [ 11.740196186551094, 48.309717204336536 ], [ 11.746129234710885, 48.278041089308822 ], [ 11.762236363725064, 48.274005516525037 ], [ 11.753204945301968, 48.242890252004322 ], [ 11.72531961562718, 48.20240462975417 ], [ 11.710794632729057, 48.174851334586556 ], [ 11.686842695103403, 48.146567449877331 ], [ 11.656847837273874, 48.105332803023011 ], [ 11.665483719392533, 48.084673742505174 ], [ 11.623051433129458, 48.085712012255463 ], [ 11.587716831147631, 48.094573003682932 ], [ 11.605142414809364, 48.116777221266069 ], [ 11.610482158961663, 48.122841869757409 ], [ 11.61685469260285, 48.14725392486509 ], [ 11.624018299751224, 48.160163779106455 ] ] ], [ [ [ 8.46531489755019, 48.308411254078464 ], [ 8.472904188463923, 48.305829752290521 ], [ 8.498025406501073, 48.312235881026183 ], [ 8.499999999615302, 48.312259824826292 ], [ 8.576065732036993, 48.313182172654102 ], [ 8.571085367897243, 48.328451417146134 ], [ 8.577338247739233, 48.334403575857387 ], [ 8.581769434016515, 48.334526254591886 ], [ 8.626746966381456, 48.335771455185501 ], [ 8.632912087108357, 48.323924980542436 ], [ 8.66781851249992, 48.343381426680516 ], [ 8.691601395273929, 48.329004459135071 ], [ 8.637541784893772, 48.301359733859215 ], [ 8.636400535512429, 48.30092269350456 ], [ 8.635457118512841, 48.303572855748833 ], [ 8.582318611878939, 48.299714056997587 ], [ 8.534467627634957, 48.286854131300387 ], [ 8.503663968046117, 48.284523557928637 ], [ 8.499999999615302, 48.285222614729285 ], [ 8.473430746747495, 48.290291531499854 ], [ 8.459191732638622, 48.283431065377485 ], [ 8.471412273626582, 48.261678280583126 ], [ 8.476655916009783, 48.216934156726865 ], [ 8.484927268972678, 48.182018376404116 ], [ 8.457502358220351, 48.182412461536018 ], [ 8.437602843012231, 48.170909761978074 ], [ 8.413600562001452, 48.172938980280883 ], [ 8.423429649362539, 48.20205446973479 ], [ 8.405570547727832, 48.209961668144551 ], [ 8.357171065646069, 48.20848827961472 ], [ 8.323822374652746, 48.212354010506488 ], [ 8.311470194543016, 48.229097256620641 ], [ 8.318973650533065, 48.258501274307534 ], [ 8.348131814811994, 48.269270230357655 ], [ 8.361602931049733, 48.298403455136224 ], [ 8.382599442831649, 48.300296536182302 ], [ 8.383301520243673, 48.256898122058793 ], [ 8.407150222578544, 48.257860019356528 ], [ 8.422859211072288, 48.301956564070323 ], [ 8.45107395924996, 48.313254963217808 ], [ 8.46531489755019, 48.308411254078464 ] ] ], [ [ [ 8.305222895035605, 48.082861579384222 ], [ 8.304032559012168, 48.085317179806808 ], [ 8.333695342020528, 48.099280694508892 ], [ 8.36436736248764, 48.101780565117004 ], [ 8.378628315252401, 48.088022451566609 ], [ 8.405592488180341, 48.095728036461146 ], [ 8.421784154950972, 48.101298143459417 ], [ 8.444228701563549, 48.120679138173102 ], [ 8.417791087817504, 48.135918599646892 ], [ 8.43165712321705, 48.144420329623181 ], [ 8.464961934203682, 48.138533543548306 ], [ 8.482316342548845, 48.147677450969837 ], [ 8.499999999615302, 48.144974218477699 ], [ 8.516235547290906, 48.142492226422213 ], [ 8.512439939738362, 48.129081129705696 ], [ 8.500021940067811, 48.126641041568575 ], [ 8.503949186742078, 48.107364629899415 ], [ 8.520031154843455, 48.079803831323026 ], [ 8.505484982484401, 48.069550639346296 ], [ 8.515687048554826, 48.052345233653135 ], [ 8.537648916890552, 48.048452732542714 ], [ 8.550659294405579, 48.037256483802778 ], [ 8.567860198634964, 48.034899837215356 ], [ 8.566829022520333, 48.011180960655473 ], [ 8.551690471418508, 48.009643247250011 ], [ 8.524945698524004, 48.032704106368961 ], [ 8.499999999615302, 48.03335517089409 ], [ 8.481197480980995, 48.033845898132078 ], [ 8.482053138865542, 48.01812206433933 ], [ 8.492973762840176, 48.000000000254126 ], [ 8.493791000678335, 47.998656751629966 ], [ 8.499999999615302, 47.998590766231324 ], [ 8.532010355345516, 47.998250578600434 ], [ 8.521676649255024, 47.983713278993875 ], [ 8.499999999615302, 47.982635287524644 ], [ 8.487538120836353, 47.982015541278308 ], [ 8.464866581629542, 48.000000000254126 ], [ 8.454781807687468, 48.008076196629339 ], [ 8.424504706382162, 48.024989024818005 ], [ 8.3827091423992, 48.029293217553423 ], [ 8.369852344458444, 48.038866552834314 ], [ 8.377684899151109, 48.044516030361216 ], [ 8.366298075595179, 48.055227835379682 ], [ 8.328188420495541, 48.049155160811935 ], [ 8.313269268528828, 48.066259236254254 ], [ 8.305222895035605, 48.082861579384222 ] ] ], [ [ [ 8.024934642029274, 48.664166377772339 ], [ 8.041433555084957, 48.666238725748961 ], [ 8.05764716230806, 48.657346081684651 ], [ 8.097863050542015, 48.665669293104962 ], [ 8.134831830857758, 48.665800701121078 ], [ 8.146789091805644, 48.647166521104829 ], [ 8.169606617127586, 48.639585276297119 ], [ 8.192380262442814, 48.642652969903089 ], [ 8.199159700568366, 48.61885151208449 ], [ 8.131014282852744, 48.600389938571638 ], [ 8.126377717446948, 48.600313622628612 ], [ 8.117359310222437, 48.60114973069399 ], [ 8.114328967578977, 48.602431277742149 ], [ 8.110658417192056, 48.606270606405793 ], [ 8.107582439233848, 48.611762953774594 ], [ 8.104597951094068, 48.615695546466419 ], [ 8.101365102134425, 48.617273115414072 ], [ 8.098372715108333, 48.617621682151409 ], [ 8.09720967978472, 48.617569507423276 ], [ 8.088404967393229, 48.614590020023947 ], [ 8.083755677351453, 48.611558320711687 ], [ 8.092926567307254, 48.594307680357304 ], [ 8.073400030808488, 48.58272596065536 ], [ 8.041279975510722, 48.580356643497041 ], [ 8.011704951617441, 48.635816138359282 ], [ 8.005978630957326, 48.66178529989616 ], [ 8.024934642029274, 48.664166377772339 ] ] ], [ [ [ 9.461777050849067, 47.668021488215324 ], [ 9.429068210967994, 47.671025753246056 ], [ 9.397979332683173, 47.672427195499758 ], [ 9.381180166726939, 47.673121532291411 ], [ 9.381382479905335, 47.674287596982282 ], [ 9.385846551708564, 47.700010378262668 ], [ 9.421608635882961, 47.700535629363145 ], [ 9.430428486683603, 47.738106474625774 ], [ 9.423276069848722, 47.765494413661187 ], [ 9.448528927905901, 47.768161010698975 ], [ 9.458226376145262, 47.799465026752948 ], [ 9.497279449142816, 47.795023313324144 ], [ 9.499999999675717, 47.795592505105091 ], [ 9.52992606272416, 47.801853200086455 ], [ 9.533107351979764, 47.771847391891605 ], [ 9.499999999675717, 47.764767671460469 ], [ 9.489293314875898, 47.76247793220486 ], [ 9.497345268703684, 47.731399394323994 ], [ 9.473694025949714, 47.717034570877431 ], [ 9.492737883273287, 47.698580499555028 ], [ 9.481972378585294, 47.687956756034367 ], [ 9.461777050849067, 47.668021488215324 ] ] ], [ [ [ 9.656124530754242, 47.797775764364566 ], [ 9.635413238566592, 47.804445117029871 ], [ 9.58365694720249, 47.815364686817126 ], [ 9.572160424977316, 47.835741702732825 ], [ 9.591752781036959, 47.872341884869513 ], [ 9.614614186365575, 47.880819061187111 ], [ 9.617301607929111, 47.877524615103674 ], [ 9.627595603094148, 47.87422995886692 ], [ 9.632160863825924, 47.874584473808667 ], [ 9.638531122034497, 47.87616754706756 ], [ 9.647392439068652, 47.880063006111946 ], [ 9.668570832746164, 47.873447632118349 ], [ 9.678565567649022, 47.869712659175129 ], [ 9.686681147351752, 47.866180879927491 ], [ 9.692084073611241, 47.861419829664946 ], [ 9.677757300387299, 47.855747010145436 ], [ 9.725871563773092, 47.831812475866634 ], [ 9.712202987954456, 47.804284946441243 ], [ 9.679446674805559, 47.799829084575599 ], [ 9.656124530754242, 47.797775764364566 ] ] ], [ [ [ 9.956196932828311, 47.714190300781816 ], [ 9.90472586016018, 47.723189327929255 ], [ 9.906261655902522, 47.757595815161615 ], [ 9.937701573342494, 47.759563290565545 ], [ 9.9541784597074, 47.774921603845975 ], [ 9.934542223641072, 47.797673824573486 ], [ 9.943647294035999, 47.810851544634751 ], [ 9.992814673090615, 47.829920519227947 ], [ 9.990818139523887, 47.814331066353894 ], [ 9.980023694710702, 47.801358100129924 ], [ 9.994218828812908, 47.780224553200334 ], [ 9.999999999705929, 47.778968079008102 ], [ 10.035631254140663, 47.7712354418953 ], [ 10.032972369358754, 47.744054635929935 ], [ 9.999999999705929, 47.730778356504281 ], [ 9.995899865967019, 47.729124621936229 ], [ 9.994491103683949, 47.728563495995559 ], [ 9.956196932828311, 47.714190300781816 ] ] ], [ [ [ 8.243127317246467, 47.965586664999357 ], [ 8.337907808289089, 47.962102835178079 ], [ 8.351071765378322, 47.976036735600815 ], [ 8.382665262392518, 47.958618769578024 ], [ 8.416891550824598, 47.951649928011243 ], [ 8.459016213510203, 47.949907570177167 ], [ 8.456383422092353, 47.918535019299291 ], [ 8.353704556796172, 47.920278440969717 ], [ 8.308947102692716, 47.937709409351285 ], [ 8.235228942992908, 47.942937547248683 ], [ 8.243127317246467, 47.965586664999357 ] ] ], [ [ [ 10.339257846924559, 46.821269731689924 ], [ 10.341223613192808, 46.822512463989014 ], [ 10.342652188717782, 46.822076863576314 ], [ 10.375792721195165, 46.811970667586969 ], [ 10.380561134131815, 46.7968412763584 ], [ 10.380914649043888, 46.793390909366018 ], [ 10.384878252334342, 46.783475725979692 ], [ 10.384522764721906, 46.778568586502999 ], [ 10.383725427262243, 46.767560520873523 ], [ 10.363640957920284, 46.763902943011864 ], [ 10.361370247749058, 46.76309935507728 ], [ 10.358995314140254, 46.762258870431737 ], [ 10.347009167864414, 46.758016792853454 ], [ 10.356938810841786, 46.738744861556818 ], [ 10.369639929845517, 46.728727899196663 ], [ 10.379220704895779, 46.712845645901446 ], [ 10.321208671657208, 46.708921757319722 ], [ 10.300377077985024, 46.731702563888348 ], [ 10.301563687796646, 46.799127705031069 ], [ 10.339257846924559, 46.821269731689924 ] ] ], [ [ [ 9.64519844681932, 48.211216203416051 ], [ 9.603271243714634, 48.231065830657769 ], [ 9.599716974851377, 48.241446974283839 ], [ 9.587540314768399, 48.254566174512604 ], [ 9.567026481263349, 48.255936206555582 ], [ 9.538767853977301, 48.251607361495829 ], [ 9.535038065985626, 48.268337691145106 ], [ 9.557987231327608, 48.283751532207489 ], [ 9.59572390771792, 48.290029364690582 ], [ 9.623916716341418, 48.261605416033433 ], [ 9.65129774708706, 48.270756428990765 ], [ 9.668059852147936, 48.261896874805103 ], [ 9.676484784685057, 48.22718693843197 ], [ 9.683944360668404, 48.213083360864722 ], [ 9.684105399852758, 48.212171963081076 ], [ 9.684266438138796, 48.209821187377862 ], [ 9.683446543084033, 48.204840948799678 ], [ 9.681308058634423, 48.201405062247808 ], [ 9.677159656618665, 48.197741465502482 ], [ 9.669112968715075, 48.196612086607587 ], [ 9.64519844681932, 48.211216203416051 ] ] ], [ [ [ 9.469657078809572, 48.010170468161085 ], [ 9.467816099314071, 48.01275011280611 ], [ 9.469820311679847, 48.021666351032728 ], [ 9.471084270929008, 48.02521859106929 ], [ 9.474352223355019, 48.033172536590797 ], [ 9.488810636599011, 48.035221869647714 ], [ 9.498924943554393, 48.053223200570358 ], [ 9.499999999675717, 48.053010518884392 ], [ 9.53339257157405, 48.046403928925592 ], [ 9.545744750785447, 48.027448607888736 ], [ 9.531681256703289, 48.011825322306123 ], [ 9.541423028717084, 48.000000000254126 ], [ 9.541466464956017, 47.999947779090462 ], [ 9.564437569852183, 47.99977370996951 ], [ 9.55590293774751, 47.982407332029901 ], [ 9.571173127971043, 47.965702788488514 ], [ 9.557965290875108, 47.958517147067994 ], [ 9.540983786679131, 47.973424417691625 ], [ 9.519438777059442, 47.986905454669952 ], [ 9.499999999675717, 47.989975707090373 ], [ 9.488481537896359, 47.991794901435085 ], [ 9.487582969287329, 48.000000000254126 ], [ 9.486287544748711, 48.011942477990011 ], [ 9.469657078809572, 48.010170468161085 ] ] ], [ [ [ 9.676045986414852, 47.934920851485927 ], [ 9.705357730268044, 47.938072491526981 ], [ 9.728394655623392, 47.955192540585635 ], [ 9.747482392953648, 47.953145405309655 ], [ 9.751475460087109, 47.927803534068033 ], [ 9.763191382345697, 47.902463698181904 ], [ 9.741229514009991, 47.89157710337539 ], [ 9.723129072787691, 47.895850621066359 ], [ 9.714024002392765, 47.921295409850067 ], [ 9.697985914298064, 47.917968394469774 ], [ 9.672754996693381, 47.921077489381481 ], [ 9.676045986414852, 47.934920851485927 ] ] ], [ [ [ 8.791159659698453, 48.370318789577254 ], [ 8.801279097830729, 48.36230682062159 ], [ 8.810779086489173, 48.346727706707306 ], [ 8.802003115695216, 48.326384734200325 ], [ 8.761262189127189, 48.314629652034668 ], [ 8.759878453009611, 48.314230351607073 ], [ 8.75880339598999, 48.334403575857387 ], [ 8.744410803205179, 48.345418318843272 ], [ 8.747087474629714, 48.350539286533717 ], [ 8.7491278882031, 48.359339739874336 ], [ 8.787851861599709, 48.372937432230401 ], [ 8.791159659698453, 48.370318789577254 ] ] ], [ [ [ 10.563980241194724, 48.477263424342603 ], [ 10.585646855754424, 48.478699996890235 ], [ 10.58995381041783, 48.491612801817055 ], [ 10.602604321931715, 48.500000000192749 ], [ 10.605116045602093, 48.501681692209353 ], [ 10.606867882577005, 48.500000000192749 ], [ 10.61164239956601, 48.495461628547595 ], [ 10.622409784427894, 48.490176597132859 ], [ 10.638484391733842, 48.487151003591592 ], [ 10.659216661380007, 48.484445877876198 ], [ 10.641900948864041, 48.474390156483892 ], [ 10.624585236348077, 48.470079947783169 ], [ 10.607269522933795, 48.457161628358435 ], [ 10.566155692216592, 48.455724442379548 ], [ 10.553168907155881, 48.464346944384701 ], [ 10.556122906474927, 48.470811838574136 ], [ 10.563980241194724, 48.477263424342603 ] ] ], [ [ [ 9.444899500596083, 48.098131060882366 ], [ 9.442457133153846, 48.102036881209131 ], [ 9.479777543716226, 48.137064445072447 ], [ 9.486967682606515, 48.135567982658465 ], [ 9.486386056697715, 48.134805208070276 ], [ 9.499999999675717, 48.134157687824235 ], [ 9.50906237314519, 48.133726649526551 ], [ 9.499999999675717, 48.11561974736653 ], [ 9.499547338604049, 48.114715147849139 ], [ 9.491935311330465, 48.093160222384761 ], [ 9.45197216679667, 48.086818807576599 ], [ 9.444899500596083, 48.098131060882366 ] ] ], [ [ [ 7.570075911189144, 47.812701177148213 ], [ 7.570032251269679, 47.816995144161659 ], [ 7.571446919077442, 47.816953733135556 ], [ 7.605838214552433, 47.815946998492457 ], [ 7.605180017147139, 47.776349374275917 ], [ 7.562535662001679, 47.77208622004914 ], [ 7.560729722192151, 47.771905672436951 ], [ 7.564598980818224, 47.782360823972354 ], [ 7.570075911189144, 47.812701177148213 ] ] ], [ [ [ 10.561826763863021, 48.388174142673293 ], [ 10.585624882064259, 48.388174142673293 ], [ 10.611598451287366, 48.389613251192081 ], [ 10.602940594580225, 48.370916188511075 ], [ 10.587778358497648, 48.360852390680755 ], [ 10.57263809700355, 48.360852390680755 ], [ 10.561804789274539, 48.37235578789079 ], [ 10.561826763863021, 48.388174142673293 ] ] ], [ [ [ 9.225531494813978, 47.623324964957128 ], [ 9.223365903700669, 47.622714821853826 ], [ 9.204008424748471, 47.617260642573726 ], [ 9.187005926025991, 47.619149215274042 ], [ 9.167139113087481, 47.621355858595109 ], [ 9.158784589604014, 47.630207833243645 ], [ 9.153943921575801, 47.635544397490619 ], [ 9.174235942172579, 47.638037138227432 ], [ 9.195780951792269, 47.636065042995547 ], [ 9.225531494813978, 47.623324964957128 ] ] ], [ [ [ 8.695429761689928, 47.663588923254757 ], [ 8.686995457927772, 47.662505791543467 ], [ 8.682016780824153, 47.661991619414131 ], [ 8.679027277390132, 47.670792824689634 ], [ 8.674970929334808, 47.682732471544156 ], [ 8.683325681888654, 47.685494175491897 ], [ 8.699828868230133, 47.690948951299831 ], [ 8.715526566697386, 47.684074811612682 ], [ 8.713571900012781, 47.66591865634129 ], [ 8.712927005758536, 47.66420778109778 ], [ 8.695429761689928, 47.663588923254757 ] ] ] ] } }
]
}
