{
"type": "FeatureCollection",
"name": "Main Roads",
"crs": { "type": "name", "properties": { "name": "urn:ogc:def:crs:OGC:1.3:CRS84" } },
"features": [
{ "type": "Feature", "properties": { "id": null }, "geometry": { "type": "MultiLineString", "coordinates": [ [ [ -5.705002875087349, 50.076458062133369 ], [ -5.693748262572361, 50.074072498250757 ], [ -5.646104116765581, 50.091347203768009 ], [ -5.605842176929975, 50.100650327074327 ], [ -5.57430949408275, 50.124553901261983 ], [ -5.542071862236001, 50.138504462818794 ], [ -5.469706725636795, 50.137594110832147 ], [ -5.376700109543611, 50.111086958476854 ], [ -5.279097077339301, 50.106092498753398 ], [ -5.255356125083268, 50.106841816572896 ], [ -5.203598509505445, 50.149911199423677 ], [ -5.112230943275647, 50.226418278854041 ], [ -5.065963405063907, 50.260758596280866 ] ] ] } },
{ "type": "Feature", "properties": { "id": null }, "geometry": { "type": "MultiLineString", "coordinates": [ [ [ -5.079256981655628, 50.150812426931601 ], [ -5.126777410952102, 50.163708322859208 ], [ -5.148474044348416, 50.196085138684232 ] ] ] } },
{ "type": "Feature", "properties": { "id": null }, "geometry": { "type": "MultiLineString", "coordinates": [ [ [ -5.700338625506589, 50.124424785862374 ], [ -5.649916425961446, 50.156674059081205 ], [ -5.582653423549214, 50.182816609863103 ], [ -5.523910071852465, 50.20674887728326 ], [ -5.457762619329307, 50.166400792771007 ], [ -5.413698662971376, 50.180841999703439 ], [ -5.397104898258804, 50.184593507860072 ], [ -5.339121561905054, 50.215729249224282 ], [ -5.234218751232792, 50.238841187927527 ], [ -4.976044103459201, 50.368025935967907 ], [ -4.915364912809098, 50.46094122236584 ], [ -4.96992419241602, 50.531375540770775 ] ] ] } },
{ "type": "Feature", "properties": { "id": null }, "geometry": { "type": "MultiLineString", "coordinates": [ [ [ -5.065963405063907, 50.260758596280866 ], [ -4.976044103459201, 50.368025935967907 ] ] ] } },
{ "type": "Feature", "properties": { "id": null }, "geometry": { "type": "MultiLineString", "coordinates": [ [ [ -5.065963405063907, 50.260758596280866 ], [ -4.782723986917788, 50.346326333112621 ], [ -4.677771476432092, 50.3900905656402 ], [ -4.628503789179669, 50.366859763058137 ], [ -4.589229523695002, 50.417318324397847 ], [ -4.455200338660075, 50.392862591466191 ], [ -4.259221605605108, 50.429521706085538 ], [ -4.24847705587332, 50.457124319706473 ], [ -4.213126793236102, 50.461557931174781 ], [ -4.146, 50.388 ] ] ] } },
{ "type": "Feature", "properties": { "id": null }, "geometry": { "type": "MultiLineString", "coordinates": [ [ [ -4.589229523695002, 50.417318324397847 ], [ -4.465167960154284, 50.455513956268398 ] ] ] } },
{ "type": "Feature", "properties": { "id": null }, "geometry": { "type": "MultiLineString", "coordinates": [ [ [ -5.028738865766672, 50.303624302253624 ], [ -4.742441737449001, 50.417570016839278 ], [ -4.660901118922276, 50.436292419390831 ], [ -4.465167960154282, 50.455513956268398 ] ] ] } },
{ "type": "Feature", "properties": { "id": null }, "geometry": { "type": "MultiLineString", "coordinates": [ [ [ -4.976044103459201, 50.368025935967907 ], [ -4.8663791444442, 50.422104606974337 ], [ -4.698637461861189, 50.478040451750232 ], [ -4.151086120641507, 50.545388797594711 ] ] ] } },
{ "type": "Feature", "properties": { "id": null }, "geometry": { "type": "MultiLineString", "coordinates": [ [ [ -4.465167960154272, 50.455513956268398 ], [ -4.151086120641507, 50.545388797594711 ] ] ] } },
{ "type": "Feature", "properties": { "id": null }, "geometry": { "type": "MultiLineString", "coordinates": [ [ [ -4.915364912809098, 50.46094122236584 ], [ -4.829650782748371, 50.519034784806827 ], [ -4.679840044934969, 50.62141456725054 ] ] ] } },
{ "type": "Feature", "properties": { "id": null }, "geometry": { "type": "MultiLineString", "coordinates": [ [ [ -4.969924192416022, 50.531375540770775 ], [ -4.940385800398107, 50.511912363982375 ], [ -4.829650782748371, 50.519034784806827 ] ] ] } },
{ "type": "Feature", "properties": { "id": null }, "geometry": { "type": "MultiLineString", "coordinates": [ [ [ -4.679840044934969, 50.62141456725054 ], [ -4.533304279613752, 50.618624897220428 ], [ -4.477105365783049, 50.5961961629584 ], [ -4.343641758096792, 50.630859369353367 ] ] ] } },
{ "type": "Feature", "properties": { "id": null }, "geometry": { "type": "MultiLineString", "coordinates": [ [ [ -4.533304279613752, 50.618624897220428 ], [ -4.470329620236893, 50.632276812711538 ], [ -4.344176312477294, 50.655644740808214 ], [ -4.322381450231295, 50.660854119099014 ] ] ] } },
{ "type": "Feature", "properties": { "id": null }, "geometry": { "type": "MultiLineString", "coordinates": [ [ [ -4.343641758096792, 50.630859369353381 ], [ -4.240671849536319, 50.670707193937474 ], [ -4.139687400649047, 50.72813919025193 ], [ -4.063869384501528, 50.817348451187705 ] ] ] } },
{ "type": "Feature", "properties": { "id": null }, "geometry": { "type": "MultiLineString", "coordinates": [ [ [ -4.322381450231295, 50.660854119099014 ], [ -4.139687400649044, 50.72813919025193 ] ] ] } },
{ "type": "Feature", "properties": { "id": null }, "geometry": { "type": "MultiLineString", "coordinates": [ [ [ -4.240671849536318, 50.670707193937474 ], [ -3.99637414868655, 50.732018737091067 ] ] ] } },
{ "type": "Feature", "properties": { "id": null }, "geometry": { "type": "MultiLineString", "coordinates": [ [ [ -4.063869384501522, 50.817348451187705 ], [ -4.167180090454305, 50.941414608023237 ], [ -4.148293417621545, 50.978746858575285 ], [ -4.17483816504115, 51.006026914776747 ] ] ] } },
{ "type": "Feature", "properties": { "id": null }, "geometry": { "type": "MultiLineString", "coordinates": [ [ [ -3.996374148686553, 50.732018737091067 ], [ -3.523, 50.722 ] ] ] } },
{ "type": "Feature", "properties": { "id": null }, "geometry": { "type": "MultiLineString", "coordinates": [ [ [ -3.523, 50.722 ], [ -3.554073814240269, 50.762352272826064 ], [ -3.658377091843162, 50.790297528526921 ], [ -3.750222868934696, 50.811091519872221 ], [ -3.819694437556727, 50.865262550866774 ], [ -3.871729236239334, 50.884577722355345 ], [ -3.894445462900212, 50.910393086347085 ], [ -4.167180090454308, 50.941414608023237 ] ] ] } },
{ "type": "Feature", "properties": { "id": null }, "geometry": { "type": "MultiLineString", "coordinates": [ [ [ -4.148293417621545, 50.978746858575285 ], [ -3.981078376217223, 50.975325913106325 ], [ -3.894445462900212, 50.910393086347085 ] ] ] } },
{ "type": "Feature", "properties": { "id": null }, "geometry": { "type": "MultiLineString", "coordinates": [ [ [ -4.151086120641507, 50.545388797594711 ], [ -4.090817090330772, 50.6251738893477 ], [ -3.844504697162314, 50.674101702467034 ], [ -3.523, 50.722 ] ] ] } },
{ "type": "Feature", "properties": { "id": null }, "geometry": { "type": "MultiLineString", "coordinates": [ [ [ -4.146, 50.388 ], [ -3.970807539117565, 50.407115348035262 ], [ -3.881034988757157, 50.39079799459671 ], [ -3.785669671497142, 50.441583429097392 ], [ -3.762081384316624, 50.507235531687989 ], [ -3.619038654605756, 50.587233258406805 ], [ -3.539788229084539, 50.643202003744122 ], [ -3.523, 50.722 ] ] ] } },
{ "type": "Feature", "properties": { "id": null }, "geometry": { "type": "MultiLineString", "coordinates": [ [ [ -4.146, 50.388 ], [ -4.089493741621411, 50.36034625203532 ], [ -3.940978377365077, 50.372801778121705 ], [ -3.794719328608692, 50.341934047377499 ], [ -3.749088128530987, 50.331671957514068 ], [ -3.601187093513234, 50.36281113074412 ], [ -3.590567431667242, 50.533185490761994 ], [ -3.539788229084539, 50.643202003744129 ] ] ] } },
{ "type": "Feature", "properties": { "id": null }, "geometry": { "type": "MultiLineString", "coordinates": [ [ [ -4.059043572903555, 51.070357843427047 ], [ -3.6712357575328, 51.02175569798306 ], [ -3.486472834323199, 50.910430468568734 ], [ -3.507342241599742, 50.857765491117277 ], [ -3.49048010227804, 50.784449805842435 ], [ -3.523, 50.722 ] ] ] } },
{ "type": "Feature", "properties": { "id": null }, "geometry": { "type": "MultiLineString", "coordinates": [ [ [ -3.981078376217217, 50.975325913106325 ], [ -3.6712357575328, 51.021755697983068 ] ] ] } },
{ "type": "Feature", "properties": { "id": null }, "geometry": { "type": "MultiLineString", "coordinates": [ [ [ -4.059043572903553, 51.070357843427061 ], [ -4.073804601507846, 51.089838562944898 ], [ -4.016056912607031, 51.113164682463903 ], [ -3.977454977923496, 51.168126770803035 ], [ -3.894888758874042, 51.180350216059935 ], [ -3.754429186748081, 51.19279671165166 ], [ -3.618322714006634, 51.176487357809009 ], [ -3.526315658446662, 51.188815638546338 ], [ -3.422829270536019, 51.154422142894362 ], [ -3.336599425484589, 51.154116260965516 ], [ -2.981001585806683, 51.118794648087416 ] ] ] } },
{ "type": "Feature", "properties": { "id": null }, "geometry": { "type": "MultiLineString", "coordinates": [ [ [ -3.523, 50.722 ], [ -3.461084903592931, 50.731219782049102 ], [ -3.451551226467297, 50.790663065293963 ], [ -3.381715512167789, 50.856433566375635 ], [ -3.344527799591841, 50.922034910288708 ], [ -3.222061095045762, 50.977550926805179 ], [ -3.069643037245231, 51.025403969284646 ], [ -2.914960974845838, 51.064874048984798 ], [ -2.812672213042057, 51.127742622647304 ] ] ] } },
{ "type": "Feature", "properties": { "id": null }, "geometry": { "type": "MultiLineString", "coordinates": [ [ [ -3.6712357575328, 51.021755697983068 ], [ -3.513762646673071, 51.028299258585065 ], [ -3.312210907373152, 51.047418586702456 ], [ -3.211165060748135, 51.080483051330802 ], [ -2.981001585806688, 51.118794648087423 ] ] ] } },
{ "type": "Feature", "properties": { "id": null }, "geometry": { "type": "MultiLineString", "coordinates": [ [ [ -2.981001585806688, 51.118794648087423 ], [ -2.924938632630985, 51.253123019055913 ], [ -2.83195685292214, 51.283410032002372 ], [ -2.569, 51.477 ] ] ] } },
{ "type": "Feature", "properties": { "id": null }, "geometry": { "type": "MultiLineString", "coordinates": [ [ [ -2.981001585806688, 51.118794648087423 ], [ -2.812672213042044, 51.127742622647304 ] ] ] } },
{ "type": "Feature", "properties": { "id": null }, "geometry": { "type": "MultiLineString", "coordinates": [ [ [ -2.812672213042039, 51.127742622647304 ], [ -2.701582253603458, 51.165446031950097 ], [ -2.645080703669535, 51.212196857985198 ] ] ] } },
{ "type": "Feature", "properties": { "id": null }, "geometry": { "type": "MultiLineString", "coordinates": [ [ [ -2.645080703669535, 51.212196857985198 ], [ -2.568432755817783, 51.281148854303161 ], [ -2.535871921340907, 51.295741160794783 ], [ -2.547515554845373, 51.333530632571218 ], [ -2.532169651751172, 51.350669321498088 ], [ -2.557128487012267, 51.376699448812538 ], [ -2.542723971229357, 51.392999541542864 ], [ -2.565968495111625, 51.417005560584236 ], [ -2.566593694995712, 51.440518428798462 ], [ -2.569, 51.477 ] ] ] } },
{ "type": "Feature", "properties": { "id": null }, "geometry": { "type": "MultiLineString", "coordinates": [ [ [ -2.914960974845838, 51.064874048984798 ], [ -2.86383076025316, 51.042441040939956 ], [ -2.746265308129034, 51.042270771821222 ], [ -2.721499714547293, 51.054597141827273 ], [ -2.676584765170636, 51.053661983688194 ], [ -2.62258203265115, 51.075079750600416 ], [ -2.565888603246821, 51.07833944140144 ], [ -2.518106563560285, 51.10123219605849 ], [ -2.472403330348045, 51.10177329153791 ], [ -2.443134711889795, 51.110834688034601 ] ] ] } },
{ "type": "Feature", "properties": { "id": null }, "geometry": { "type": "MultiLineString", "coordinates": [ [ [ -2.812672213042033, 51.127742622647304 ], [ -2.739317587695069, 51.122652443332861 ], [ -2.668079180486457, 51.141569846036624 ], [ -2.564490667186537, 51.133021535983268 ], [ -2.443134711889795, 51.110834688034601 ] ] ] } },
{ "type": "Feature", "properties": { "id": null }, "geometry": { "type": "MultiLineString", "coordinates": [ [ [ -3.523, 50.722 ], [ -3.463474928076971, 50.712186655522913 ], [ -3.386334411994371, 50.732331876954369 ], [ -3.328059320900035, 50.753171251241156 ], [ -3.256663678281856, 50.781402090738602 ], [ -3.184175418009479, 50.797901293437313 ], [ -3.09463786202544, 50.787533639210011 ], [ -3.005469086651942, 50.774108151258766 ], [ -2.969117241765714, 50.827648539245779 ], [ -2.954791867739595, 50.876468404199414 ], [ -2.886198625826419, 50.878305678990614 ], [ -2.777254543208007, 50.882396625805519 ] ] ] } },
{ "type": "Feature", "properties": { "id": null }, "geometry": { "type": "MultiLineString", "coordinates": [ [ [ -3.523, 50.722 ], [ -3.47892939954504, 50.697073552114936 ], [ -3.429138134879941, 50.6785847540921 ], [ -3.30291885839612, 50.690420709646773 ], [ -3.216586753928211, 50.723325169429749 ], [ -3.122865731607237, 50.714214518324546 ], [ -3.033866100514514, 50.73399525337868 ], [ -2.933836041787538, 50.718814809591734 ], [ -2.87085798777183, 50.739937011322858 ], [ -2.806221059058483, 50.72581791708911 ], [ -2.74976072793757, 50.72844557327555 ], [ -2.671616090527057, 50.728586638725922 ], [ -2.603664351361138, 50.7147284351812 ], [ -2.545689442579158, 50.715949476932103 ], [ -2.517380138938483, 50.719053500978916 ], [ -2.509198126419321, 50.710370901119894 ], [ -2.443879629180834, 50.71455451451655 ] ] ] } },
{ "type": "Feature", "properties": { "id": null }, "geometry": { "type": "MultiLineString", "coordinates": [ [ [ -2.443879629180827, 50.71455451451655 ], [ -2.459311710424558, 50.672353414148077 ], [ -2.481642781364451, 50.621288982658683 ], [ -2.451297777636779, 50.586295125248682 ] ] ] } },
{ "type": "Feature", "properties": { "id": null }, "geometry": { "type": "MultiLineString", "coordinates": [ [ [ -2.443879629180827, 50.71455451451655 ], [ -2.530675605620172, 50.759448488785438 ], [ -2.5955670237542, 50.773101274606148 ], [ -2.632029511402104, 50.808140245461949 ], [ -2.693767329668476, 50.82858092008231 ], [ -2.724373228467158, 50.854667944011041 ], [ -2.776760757362824, 50.862105163896551 ], [ -2.777254543207999, 50.882396625805519 ] ] ] } },
{ "type": "Feature", "properties": { "id": null }, "geometry": { "type": "MultiLineString", "coordinates": [ [ [ -2.777254543207999, 50.882396625805519 ], [ -2.774867497583093, 50.914214517134191 ], [ -2.759467138860872, 50.92624968066233 ], [ -2.768910536114436, 50.951737189347504 ], [ -2.719468946487267, 50.976393278903998 ], [ -2.680775541762947, 51.014578192240641 ], [ -2.655610955406309, 51.02546020204349 ], [ -2.622582032651145, 51.075079750600416 ], [ -2.564490667186537, 51.133021535983268 ], [ -2.53628832238571, 51.168221613199997 ], [ -2.574405915254102, 51.173205566115321 ], [ -2.620704153624794, 51.196590673383412 ], [ -2.645080703669535, 51.212196857985198 ] ] ] } },
{ "type": "Feature", "properties": { "id": null }, "geometry": { "type": "MultiLineString", "coordinates": [ [ [ -2.569, 51.477 ], [ -2.594536952702686, 51.517661808830773 ] ] ] } },
{ "type": "Feature", "properties": { "id": null }, "geometry": { "type": "MultiLineString", "coordinates": [ [ [ -2.569, 51.477 ], [ -2.55202678607458, 51.514165018933362 ], [ -2.586509802751366, 51.573803353789927 ] ] ] } },
{ "type": "Feature", "properties": { "id": null }, "geometry": { "type": "MultiLineString", "coordinates": [ [ [ -2.569, 51.477 ], [ -2.480859744230003, 51.462019532519555 ], [ -2.449447556361891, 51.421195323383209 ], [ -2.416282999263189, 51.395289424856941 ], [ -2.366, 51.378 ] ] ] } },
{ "type": "Feature", "properties": { "id": null }, "geometry": { "type": "MultiLineString", "coordinates": [ [ [ -2.366, 51.378 ], [ -2.349553300351519, 51.378784454985102 ], [ -2.330185206591298, 51.394476154902947 ], [ -2.283271051847888, 51.404619472276472 ], [ -2.27047964824428, 51.4184957939421 ], [ -2.236765189838345, 51.429427224654233 ], [ -2.197740633684231, 51.431702120922232 ], [ -2.167073909426573, 51.445235387105413 ], [ -2.142999337142433, 51.448128744526315 ], [ -2.125928211191538, 51.455070002451748 ] ] ] } },
{ "type": "Feature", "properties": { "id": null }, "geometry": { "type": "MultiLineString", "coordinates": [ [ [ -2.569, 51.477 ], [ -2.476170697706241, 51.475049580925571 ], [ -2.408712792671659, 51.451719619737858 ], [ -2.323089894094277, 51.463435532196307 ], [ -2.264176661912402, 51.466738573762321 ], [ -2.228310855702312, 51.476419007276945 ], [ -2.163989372062347, 51.472876435873701 ], [ -2.125928211191535, 51.455070002451755 ] ] ] } },
{ "type": "Feature", "properties": { "id": null }, "geometry": { "type": "MultiLineString", "coordinates": [ [ [ -2.247116869015976, 51.862833270369769 ], [ -2.280364582267189, 51.814414744416695 ], [ -2.284692733991482, 51.791127439228795 ], [ -2.318131206431973, 51.756664488960091 ], [ -2.348473344168115, 51.728408659435196 ], [ -2.382114920561281, 51.70789371110908 ], [ -2.417636716093279, 51.65990819701026 ], [ -2.44625622351201, 51.647271178703647 ], [ -2.465230712796473, 51.61282097781617 ], [ -2.496710091674977, 51.580703947538666 ], [ -2.521844725564047, 51.572838116871978 ], [ -2.546356191378501, 51.550001215324556 ], [ -2.512551520066044, 51.513862659015551 ], [ -2.53136299546385, 51.491936418232186 ], [ -2.569, 51.477 ] ] ] } },
{ "type": "Feature", "properties": { "id": null }, "geometry": { "type": "MultiLineString", "coordinates": [ [ [ -2.53136299546385, 51.491936418232186 ], [ -2.496369346589882, 51.505144965827263 ], [ -2.438924187871229, 51.526460633195242 ], [ -2.346699209172742, 51.532996745651047 ] ] ] } },
{ "type": "Feature", "properties": { "id": null }, "geometry": { "type": "MultiLineString", "coordinates": [ [ [ -2.645080703669535, 51.212196857985198 ], [ -2.533923011407869, 51.219910444814516 ], [ -2.473351224643005, 51.276207217380481 ], [ -2.325027248403441, 51.30133746386975 ], [ -2.26837777189015, 51.318780848917193 ], [ -2.208581149687314, 51.315906666243286 ], [ -2.153619156209734, 51.338485410065537 ], [ -2.108447794198414, 51.332915978672013 ], [ -2.065559964840297, 51.353593859416492 ], [ -1.9830512066199, 51.349654761069388 ] ] ] } },
{ "type": "Feature", "properties": { "id": null }, "geometry": { "type": "MultiLineString", "coordinates": [ [ [ -2.125928211191536, 51.455070002451762 ], [ -2.06626230391678, 51.43597186626787 ], [ -2.046735648177294, 51.402668558605349 ], [ -2.029334473647266, 51.377240936345849 ], [ -2.030505480686812, 51.363869066511228 ], [ -1.983051206619893, 51.349654761069388 ] ] ] } },
{ "type": "Feature", "properties": { "id": null }, "geometry": { "type": "MultiLineString", "coordinates": [ [ [ -2.443134711889795, 51.110834688034601 ], [ -2.385020641141081, 51.156583678693558 ], [ -2.32105947006373, 51.181116614348902 ], [ -2.305338662670903, 51.210046391140885 ], [ -2.290697314424098, 51.225600550050842 ], [ -2.24883857922676, 51.210167658385643 ], [ -2.231055789513271, 51.196589886143578 ], [ -2.173428822331149, 51.196795403153928 ] ] ] } },
{ "type": "Feature", "properties": { "id": null }, "geometry": { "type": "MultiLineString", "coordinates": [ [ [ -2.173428822331152, 51.196795403153928 ], [ -2.135072133878213, 51.180957645107426 ], [ -2.088147837576424, 51.18146831038095 ], [ -2.051752339024568, 51.159511960628535 ], [ -1.986974061010754, 51.145655089878616 ], [ -1.944215531853567, 51.161869244886283 ], [ -1.874022163132696, 51.167646047187475 ], [ -1.788338586710122, 51.177170137432647 ] ] ] } },
{ "type": "Feature", "properties": { "id": null }, "geometry": { "type": "MultiLineString", "coordinates": [ [ [ -2.443879629180827, 50.71455451451655 ], [ -2.413022383439372, 50.715110357856325 ], [ -2.400837291402431, 50.734848958347179 ], [ -2.345547623762258, 50.754825810677652 ], [ -2.324976549006033, 50.765145728048871 ], [ -2.273960289563398, 50.779466615329433 ], [ -2.230488485839586, 50.800320406436356 ], [ -2.196249835412924, 50.812071847700579 ], [ -2.191713378405435, 50.825808958641154 ], [ -2.172216268518159, 50.844817228393836 ], [ -2.146644505681771, 50.858574263169551 ] ] ] } },
{ "type": "Feature", "properties": { "id": null }, "geometry": { "type": "MultiLineString", "coordinates": [ [ [ -2.146644505681771, 50.858574263169551 ], [ -2.14754796963761, 50.871731571989066 ], [ -2.184497614103392, 50.874438158822976 ], [ -2.190388948916759, 50.905474647933531 ], [ -2.186618374127193, 50.944164629489379 ], [ -2.168404723837042, 50.963767761196451 ], [ -2.184568899741097, 51.00255241108087 ] ] ] } },
{ "type": "Feature", "properties": { "id": null }, "geometry": { "type": "MultiLineString", "coordinates": [ [ [ -2.777254543207999, 50.882396625805519 ], [ -2.735356895197668, 50.869811526564163 ], [ -2.667948049650948, 50.892761466896097 ], [ -2.619453694901383, 50.916533981979939 ], [ -2.602721588326545, 50.932375592094985 ], [ -2.539338648202387, 50.931951738889367 ], [ -2.499424889281268, 50.94883209877522 ], [ -2.482057531891358, 50.962510271985579 ], [ -2.443543834397711, 50.967427579571151 ], [ -2.395958288133788, 50.982150513431563 ], [ -2.316227194802984, 50.99514550781867 ], [ -2.281307863628208, 51.009193569164232 ], [ -2.233424780164797, 51.014299649447892 ], [ -2.184568899741095, 51.002552411080877 ] ] ] } },
{ "type": "Feature", "properties": { "id": null }, "geometry": { "type": "MultiLineString", "coordinates": [ [ [ -2.184568899741099, 51.002552411080877 ], [ -2.127753400229238, 51.004879545418397 ], [ -2.087831635276437, 51.017918539935202 ], [ -2.070511082488181, 51.032252916320239 ], [ -2.013630660384292, 51.043360195783109 ], [ -1.981795663818304, 51.06508101412058 ], [ -1.916112374886029, 51.07410687671765 ], [ -1.896831685102309, 51.085667838452999 ], [ -1.858988774295942, 51.080004475224676 ], [ -1.825631457554072, 51.059888186090753 ], [ -1.796705425411911, 51.061384357515117 ] ] ] } },
{ "type": "Feature", "properties": { "id": null }, "geometry": { "type": "MultiLineString", "coordinates": [ [ [ -2.14754796963761, 50.871731571989066 ], [ -2.11209173065001, 50.892415159232776 ], [ -2.075688959848676, 50.896252540861511 ], [ -2.021556919353964, 50.930644640182898 ], [ -1.986053548693929, 50.938036563510039 ], [ -1.976686485654265, 50.955942783308934 ], [ -1.948289776649062, 50.981715770144135 ], [ -1.915390628101313, 50.990282734604101 ], [ -1.895559626096093, 51.004111320438689 ], [ -1.85159698293088, 51.015273363349948 ], [ -1.842108292829451, 51.042005549594542 ], [ -1.789549882632415, 51.051816424607637 ], [ -1.796705425411909, 51.061384357515109 ] ] ] } },
{ "type": "Feature", "properties": { "id": null }, "geometry": { "type": "MultiLineString", "coordinates": [ [ [ -2.146644505681771, 50.858574263169551 ], [ -2.068816491498298, 50.829984278204734 ], [ -1.988769991577765, 50.822928108676024 ], [ -1.88112591324498, 50.876083863319309 ], [ -1.811723530922436, 50.933284851644288 ], [ -1.778843147329588, 50.987429348305717 ], [ -1.789549882632413, 51.051816424607637 ] ] ] } },
{ "type": "Feature", "properties": { "id": null }, "geometry": { "type": "MultiLineString", "coordinates": [ [ [ -1.975932866338668, 50.72858517240487 ], [ -1.902907231171707, 50.779625866761251 ], [ -1.865235292665158, 50.81444221248767 ], [ -1.881125913244977, 50.876083863319309 ] ] ] } },
{ "type": "Feature", "properties": { "id": null }, "geometry": { "type": "MultiLineString", "coordinates": [ [ [ -1.975932866338668, 50.72858517240487 ], [ -1.870919146260596, 50.727753878514768 ], [ -1.815388094783826, 50.751896774075483 ], [ -1.809582188236032, 50.792965448193272 ], [ -1.807513564353432, 50.839534521338386 ], [ -1.752897782345561, 50.849559743505495 ], [ -1.679736716345529, 50.873952434639385 ], [ -1.650084310868684, 50.899769963774347 ], [ -1.607460065394734, 50.897467224724728 ], [ -1.550652615727939, 50.936291573140494 ], [ -1.487894342320711, 50.946995038140713 ], [ -1.483180162328291, 50.984234472732496 ] ] ] } },
{ "type": "Feature", "properties": { "id": null }, "geometry": { "type": "MultiLineString", "coordinates": [ [ [ -1.778843147329588, 50.987429348305717 ], [ -1.761401394766938, 50.992672882358782 ], [ -1.739599578311284, 50.993245419711151 ], [ -1.715212289806961, 50.988964257888249 ], [ -1.667827220983484, 51.000512855749079 ], [ -1.657942769528992, 51.009974564872074 ], [ -1.622089201586319, 51.004775567181134 ], [ -1.584677025693739, 50.99567786445192 ], [ -1.562440115319187, 50.981734947867686 ], [ -1.520015807128073, 50.980476959737892 ], [ -1.483180162328291, 50.984234472732496 ] ] ] } },
{ "type": "Feature", "properties": { "id": null }, "geometry": { "type": "MultiLineString", "coordinates": [ [ [ -1.483180162328291, 50.984234472732496 ], [ -1.445159217576634, 50.996847954911892 ], [ -1.396106569729812, 51.011275462536531 ], [ -1.384249984431983, 51.038917398915345 ], [ -1.34331527996268, 51.053249740295279 ], [ -1.308, 51.062 ] ] ] } },
{ "type": "Feature", "properties": { "id": null }, "geometry": { "type": "MultiLineString", "coordinates": [ [ [ -1.789549882632413, 51.051816424607637 ], [ -1.758815417296536, 51.060846053845673 ], [ -1.712589313313772, 51.040544847208999 ], [ -1.651693336505511, 51.045254130922537 ], [ -1.536414958156713, 51.034064276604404 ], [ -1.503044566894263, 51.055053195678312 ], [ -1.384249984431983, 51.038917398915345 ] ] ] } },
{ "type": "Feature", "properties": { "id": null }, "geometry": { "type": "MultiLineString", "coordinates": [ [ [ -1.503044566894263, 51.055053195678312 ], [ -1.47595459863461, 51.087170185683043 ], [ -1.482259149023722, 51.112279853442971 ] ] ] } },
{ "type": "Feature", "properties": { "id": null }, "geometry": { "type": "MultiLineString", "coordinates": [ [ [ -1.796705425411909, 51.061384357515109 ], [ -1.757969371349056, 51.094040654132222 ], [ -1.672494507981171, 51.113030656407936 ], [ -1.639274200933173, 51.12080365513436 ], [ -1.569148327085025, 51.108004280354152 ], [ -1.518028938043149, 51.114594580459062 ], [ -1.482259149023716, 51.112279853442971 ] ] ] } },
{ "type": "Feature", "properties": { "id": null }, "geometry": { "type": "MultiLineString", "coordinates": [ [ [ -1.983051206619893, 51.349654761069388 ], [ -2.012086611076757, 51.307778116668828 ], [ -1.984068884785193, 51.273146966694014 ], [ -1.989664470466602, 51.254164920984863 ], [ -1.964339547920034, 51.229558024906375 ], [ -1.938408346438925, 51.220466465277809 ], [ -1.917110612798384, 51.202060199956861 ], [ -1.857693740096411, 51.18168861137196 ], [ -1.853247259281651, 51.128427092879214 ], [ -1.833428190776403, 51.094554519671554 ], [ -1.813626513520724, 51.081502834560347 ], [ -1.796705425411909, 51.061384357515109 ] ] ] } },
{ "type": "Feature", "properties": { "id": null }, "geometry": { "type": "MultiLineString", "coordinates": [ [ [ -1.796705425411909, 51.061384357515109 ], [ -1.796777223361516, 51.092574533188248 ], [ -1.780316107815767, 51.128840249338019 ], [ -1.788338586710123, 51.177170137432647 ] ] ] } },
{ "type": "Feature", "properties": { "id": null }, "geometry": { "type": "MultiLineString", "coordinates": [ [ [ -1.788338586710123, 51.177170137432647 ], [ -1.670947247511271, 51.187779092989345 ], [ -1.628411310115468, 51.205312579894226 ], [ -1.550641498105007, 51.213853850064815 ], [ -1.497170316014438, 51.20227539304441 ] ] ] } },
{ "type": "Feature", "properties": { "id": null }, "geometry": { "type": "MultiLineString", "coordinates": [ [ [ -1.796777223361516, 51.092574533188248 ], [ -1.742972565404029, 51.106900371632342 ], [ -1.727319525505952, 51.132772448177882 ], [ -1.690024773202082, 51.147594679218727 ], [ -1.61564772490509, 51.16908466888929 ], [ -1.551502365002524, 51.175523983081 ], [ -1.497170316014438, 51.20227539304441 ] ] ] } },
{ "type": "Feature", "properties": { "id": null }, "geometry": { "type": "MultiLineString", "coordinates": [ [ [ -1.780316107815767, 51.128840249338019 ], [ -1.73247981036321, 51.152847074727767 ], [ -1.670947247511265, 51.187779092989345 ], [ -1.65560808229139, 51.251855077380796 ], [ -1.637111473924847, 51.285349003154828 ], [ -1.668417921150486, 51.32927310492191 ], [ -1.642035231800101, 51.345906502601714 ], [ -1.600926911478201, 51.341942817807379 ], [ -1.554725571740801, 51.364214937087489 ], [ -1.526053642506535, 51.390605699623812 ], [ -1.515173018728884, 51.417426902457969 ] ] ] } },
{ "type": "Feature", "properties": { "id": null }, "geometry": { "type": "MultiLineString", "coordinates": [ [ [ -1.788338586710123, 51.177170137432647 ], [ -1.777487037551262, 51.199762752353173 ], [ -1.785061088262471, 51.233571069612267 ], [ -1.782791484013049, 51.256611601921477 ], [ -1.810987265193206, 51.297145458781266 ], [ -1.806277010602366, 51.315285873481322 ], [ -1.763273252130405, 51.335853780429197 ], [ -1.78165599102785, 51.361207009594608 ], [ -1.754704528509191, 51.380132964191574 ], [ -1.747259768236115, 51.401488715055166 ], [ -1.723912362115009, 51.420774645397749 ], [ -1.70371207557624, 51.406631589653884 ], [ -1.643712821434382, 51.407526774123312 ], [ -1.616820275661491, 51.413167892345598 ], [ -1.563589983903679, 51.408194047460206 ], [ -1.515173018728884, 51.417426902457969 ] ] ] } },
{ "type": "Feature", "properties": { "id": null }, "geometry": { "type": "MultiLineString", "coordinates": [ [ [ -1.983051206619893, 51.349654761069388 ], [ -1.960516698465878, 51.371380490317812 ], [ -1.92596825697715, 51.402727965022329 ], [ -1.872093485123967, 51.418049612539377 ], [ -1.831109915137474, 51.410467906935303 ], [ -1.797453651536629, 51.4127960419003 ], [ -1.786769486050783, 51.419401730046303 ], [ -1.761459604451898, 51.419765944995213 ], [ -1.723912362115009, 51.420774645397749 ] ] ] } },
{ "type": "Feature", "properties": { "id": null }, "geometry": { "type": "MultiLineString", "coordinates": [ [ [ -1.983051206619893, 51.349654761069388 ], [ -1.961297162024047, 51.339687663913359 ], [ -1.938653029775038, 51.329882803838963 ], [ -1.887546623445036, 51.332938241688964 ], [ -1.851838632730499, 51.336233924716481 ], [ -1.78165599102785, 51.361207009594608 ] ] ] } },
{ "type": "Feature", "properties": { "id": null }, "geometry": { "type": "MultiLineString", "coordinates": [ [ [ -1.487894342320711, 50.946995038140713 ], [ -1.471246204819116, 50.944907553293454 ], [ -1.472623770571615, 50.922341780862581 ], [ -1.436148596542456, 50.914213471532207 ], [ -1.420424235307169, 50.89320459668307 ], [ -1.387865597581767, 50.90783419301335 ], [ -1.379354758074766, 50.934778292130289 ], [ -1.348058430853218, 50.961766375460421 ], [ -1.34251075914551, 50.991353361304377 ], [ -1.32377264919033, 51.019664762474903 ], [ -1.322748637580658, 51.034468557509705 ], [ -1.299468090927277, 51.044474299916082 ], [ -1.308, 51.062 ] ] ] } },
{ "type": "Feature", "properties": { "id": null }, "geometry": { "type": "MultiLineString", "coordinates": [ [ [ -1.231106679667199, 50.791987240054723 ], [ -1.26039944385551, 50.858651952212362 ], [ -1.259091130877183, 50.877157115671018 ], [ -1.243368689108445, 50.944117288570474 ], [ -1.299597446998781, 50.93529579546388 ], [ -1.326657140272689, 50.933734928821444 ], [ -1.364722137790715, 50.915272728636026 ], [ -1.387865597581764, 50.90783419301335 ] ] ] } },
{ "type": "Feature", "properties": { "id": null }, "geometry": { "type": "MultiLineString", "coordinates": [ [ [ -1.308, 51.062 ], [ -1.274518379734366, 51.064855655980843 ], [ -1.2226177033664, 51.063307371822823 ], [ -1.171225885825834, 51.083000459274608 ] ] ] } },
{ "type": "Feature", "properties": { "id": null }, "geometry": { "type": "MultiLineString", "coordinates": [ [ [ -1.348058430853221, 50.961766375460414 ], [ -1.300484950575839, 50.967884852288151 ], [ -1.302622747080094, 50.988442118015058 ], [ -1.278596832455179, 51.003664105004646 ], [ -1.251345336954493, 51.012947093784291 ], [ -1.215051843880678, 51.027146483527687 ], [ -1.212675863588109, 51.036565497511546 ], [ -1.177302548929519, 51.04264989153522 ], [ -1.166909030738863, 51.057622059470177 ], [ -1.171225885825836, 51.083000459274608 ] ] ] } },
{ "type": "Feature", "properties": { "id": null }, "geometry": { "type": "MultiLineString", "coordinates": [ [ [ -1.171225885825836, 51.083000459274608 ], [ -1.117080456318404, 51.078975460242241 ], [ -1.085985615411329, 51.09078831546568 ], [ -1.07229296877459, 51.106800603215724 ], [ -1.026280551125048, 51.120025787064726 ], [ -1.000410900490082, 51.134251098247837 ], [ -0.982596588000084, 51.138151978624435 ], [ -0.966675481372606, 51.149951597094592 ], [ -0.967649224582483, 51.149124394057196 ] ] ] } },
{ "type": "Feature", "properties": { "id": null }, "geometry": { "type": "MultiLineString", "coordinates": [ [ [ -1.134961031506644, 50.780351387921158 ], [ -1.130194484974895, 50.806363664751295 ], [ -1.085328513169151, 50.841150993612665 ], [ -1.014971710238013, 50.853802302269081 ], [ -0.996656578331709, 50.889355790200732 ], [ -0.99776782354948, 50.928190362704356 ], [ -0.978724106493746, 50.946174103565845 ], [ -0.971028419907514, 50.972622964187387 ], [ -0.941446531326334, 51.00041810993293 ] ] ] } },
{ "type": "Feature", "properties": { "id": null }, "geometry": { "type": "MultiLineString", "coordinates": [ [ [ -0.941446531326334, 51.00041810993293 ], [ -0.956643467442548, 51.01513570982781 ], [ -1.01723018575032, 51.02404964862675 ], [ -1.076872003575669, 51.033759466983597 ], [ -1.036955829190192, 51.057430336707647 ], [ -0.989334415138038, 51.083288308721215 ], [ -0.992282165046369, 51.110192055804511 ], [ -0.982596588000084, 51.138151978624435 ] ] ] } },
{ "type": "Feature", "properties": { "id": null }, "geometry": { "type": "MultiLineString", "coordinates": [ [ [ -1.515173018728884, 51.417426902457969 ], [ -1.455542091477847, 51.409473519827536 ], [ -1.397447964358526, 51.410788240943944 ], [ -1.333168091837369, 51.403636030350974 ], [ -1.269896947866015, 51.405393474786713 ], [ -1.220904599100216, 51.396914979692426 ], [ -1.159501391239177, 51.398983323700904 ], [ -1.122206794909612, 51.409180903540708 ], [ -1.086800781250546, 51.430758469695107 ], [ -1.045196364417573, 51.445197324474059 ], [ -0.995574016358005, 51.44494971200308 ], [ -0.972689747601715, 51.451303207716599 ], [ -0.921947884110707, 51.455206794286724 ], [ -0.885683717207496, 51.466325782036797 ], [ -0.815960867205722, 51.489366362368884 ], [ -0.753298039901251, 51.505097131906211 ], [ -0.712394521379216, 51.519338846892246 ] ] ] } },
{ "type": "Feature", "properties": { "id": null }, "geometry": { "type": "MultiLineString", "coordinates": [ [ [ -1.333168091837363, 51.403636030350974 ], [ -1.317353342232275, 51.427455954110748 ], [ -1.319282257328177, 51.44932212767791 ], [ -1.302950182755998, 51.461941228521113 ], [ -1.287641009274739, 51.514153568047519 ], [ -1.299233914227306, 51.560441865278605 ], [ -1.299233914227306, 51.560441865278605 ], [ -1.276345800403486, 51.582511448765359 ], [ -1.27105941355998, 51.603973763194517 ], [ -1.301029889374906, 51.62422320486376 ], [ -1.320337379341618, 51.644401583643138 ], [ -1.305184888070312, 51.669030337777805 ], [ -1.282892311486038, 51.672404380932598 ], [ -1.268157232626577, 51.688164522081955 ], [ -1.257895450726057, 51.704041390303182 ], [ -1.260363837174292, 51.72806043199764 ], [ -1.27774801970105, 51.744023056692555 ], [ -1.276875001492673, 51.748876384938761 ] ] ] } },
{ "type": "Feature", "properties": { "id": null }, "geometry": { "type": "MultiLineString", "coordinates": [ [ [ -1.333168091837357, 51.403636030350974 ], [ -1.343426007714884, 51.421269473305735 ], [ -1.401673040359876, 51.448642900197704 ], [ -1.433755547490008, 51.448683638484951 ], [ -1.474246782673797, 51.454612567745841 ], [ -1.446938568345874, 51.472751949063003 ], [ -1.47138013685887, 51.488703841090803 ], [ -1.505336855237151, 51.494746931235177 ], [ -1.519055601554345, 51.503314576951851 ], [ -1.531212578558896, 51.507485653282679 ], [ -1.545989021899925, 51.52239943607686 ], [ -1.59151129121504, 51.537171987970247 ], [ -1.615240445552709, 51.563763909861976 ], [ -1.658713627133816, 51.599850782007195 ], [ -1.713354583367932, 51.626913528128689 ] ] ] } },
{ "type": "Feature", "properties": { "id": null }, "geometry": { "type": "MultiLineString", "coordinates": [ [ [ -1.723912362115009, 51.420774645397749 ], [ -1.724939103509624, 51.447744385397854 ], [ -1.704925704050555, 51.466318837769393 ], [ -1.71469126659048, 51.503956346704214 ], [ -1.726924191773746, 51.523688564354693 ], [ -1.712302199396655, 51.549441786326383 ], [ -1.729465944956887, 51.567574121439335 ], [ -1.672728541884478, 51.588734569366082 ], [ -1.644183710625272, 51.61587118341572 ], [ -1.600747617021059, 51.626830366805564 ], [ -1.580471188478155, 51.658637909852203 ] ] ] } },
{ "type": "Feature", "properties": { "id": null }, "geometry": { "type": "MultiLineString", "coordinates": [ [ [ -2.34669920917274, 51.532996745651047 ], [ -2.327529603400309, 51.552012354387735 ], [ -2.310744710473557, 51.555727009148129 ], [ -2.296704933793228, 51.575995930932443 ], [ -2.263550240490367, 51.585024920500899 ], [ -2.235797602695646, 51.594303033748226 ], [ -2.220644227625628, 51.595897833906378 ], [ -2.206443101141163, 51.602637252183463 ], [ -2.204442659238482, 51.610027033127025 ], [ -2.174712524933027, 51.618667442847176 ], [ -2.166425451816382, 51.627542549239514 ], [ -2.158344170351384, 51.63225351639305 ], [ -2.158429615319406, 51.639147507856904 ] ] ] } },
{ "type": "Feature", "properties": { "id": null }, "geometry": { "type": "MultiLineString", "coordinates": [ [ [ -2.158429615319405, 51.639147507856904 ], [ -2.15118819166661, 51.646310171117122 ], [ -2.132115638994043, 51.649957670486572 ], [ -2.107775882958487, 51.667126341453375 ], [ -2.085436523132671, 51.66696381473124 ], [ -2.075605319807285, 51.671849426279245 ], [ -2.045958796217166, 51.677682185152868 ], [ -2.023315853643592, 51.688028515413777 ], [ -1.989364835857243, 51.706159007123503 ], [ -1.969739550687398, 51.714525920491027 ] ] ] } },
{ "type": "Feature", "properties": { "id": null }, "geometry": { "type": "MultiLineString", "coordinates": [ [ [ -1.969739550687398, 51.714525920491027 ], [ -1.935175267666078, 51.725468950638806 ], [ -1.894991705561853, 51.708603439390068 ], [ -1.828946432604042, 51.691596894259135 ], [ -1.781848719316074, 51.682022869257743 ], [ -1.724294548787031, 51.700522001960941 ], [ -1.683965841948281, 51.713401119819899 ], [ -1.657406643286892, 51.738129191935343 ], [ -1.651140936996942, 51.758616775234508 ], [ -1.654952888095786, 51.769821769422094 ], [ -1.637104049376786, 51.804153169891862 ] ] ] } },
{ "type": "Feature", "properties": { "id": null }, "geometry": { "type": "MultiLineString", "coordinates": [ [ [ -1.637104049376791, 51.804153169891862 ], [ -1.594841814875191, 51.796221913134175 ], [ -1.561235034168577, 51.780248721983128 ], [ -1.506091625322588, 51.774115554885412 ], [ -1.454821275047089, 51.783019656963027 ], [ -1.423792678236446, 51.794332520543328 ], [ -1.38433028713777, 51.786606833510639 ], [ -1.333948072459197, 51.792060124324586 ], [ -1.29910137621622, 51.795437307966331 ], [ -1.303026889040066, 51.768592640708327 ], [ -1.292722272644455, 51.752498614124399 ], [ -1.276875001492673, 51.748876384938761 ] ] ] } },
{ "type": "Feature", "properties": { "id": null }, "geometry": { "type": "MultiLineString", "coordinates": [ [ [ -1.780128546529581, 51.702614777782578 ], [ -1.695424794940177, 51.692388746799757 ], [ -1.682339138140923, 51.700322601309907 ], [ -1.683965841948281, 51.713401119819899 ] ] ] } },
{ "type": "Feature", "properties": { "id": null }, "geometry": { "type": "MultiLineString", "coordinates": [ [ [ -2.247116869015976, 51.862833270369769 ], [ -2.199122126625798, 51.864911357682374 ], [ -2.168742548835649, 51.855378914280628 ], [ -2.138243828589771, 51.851926571648612 ], [ -2.097575326404159, 51.837372974284989 ], [ -2.091900875893533, 51.823052299649028 ], [ -2.006618969327204, 51.792106288719694 ], [ -1.943307948193866, 51.772660316145327 ], [ -1.874414230892984, 51.779694641628204 ], [ -1.824218294648041, 51.760510360629596 ], [ -1.792619989601732, 51.750741391852976 ], [ -1.76822104096201, 51.749619573723002 ], [ -1.765274092515744, 51.735017809884233 ], [ -1.775011714826804, 51.717755571543542 ], [ -1.780128546529581, 51.702614777782578 ] ] ] } },
{ "type": "Feature", "properties": { "id": null }, "geometry": { "type": "MultiLineString", "coordinates": [ [ [ -1.969739550687398, 51.714525920491027 ], [ -1.911204828573548, 51.689890766642513 ], [ -1.882784377947775, 51.663927704152925 ], [ -1.838533372830616, 51.638082356436954 ], [ -1.772290850359681, 51.626592909966327 ], [ -1.713354583367924, 51.626913528128689 ] ] ] } },
{ "type": "Feature", "properties": { "id": null }, "geometry": { "type": "MultiLineString", "coordinates": [ [ [ -1.580471188478155, 51.658637909852203 ], [ -1.630235905906507, 51.669234537987869 ], [ -1.672103792948199, 51.676079570333108 ], [ -1.67501446710892, 51.690684383401191 ], [ -1.695424794940177, 51.692388746799757 ] ] ] } },
{ "type": "Feature", "properties": { "id": null }, "geometry": { "type": "MultiLineString", "coordinates": [ [ [ -2.247116869015976, 51.862833270369769 ], [ -2.225644949237208, 51.887102287603511 ], [ -2.17984167286161, 51.922813226960116 ], [ -2.139517264768263, 51.965662829595843 ], [ -2.11949542000251, 51.997557361409406 ], [ -2.162254447831181, 52.033548228784454 ], [ -2.187018905417356, 52.067977612764167 ], [ -2.203944385344373, 52.103221086360882 ], [ -2.215551055572775, 52.119134801066494 ], [ -2.210123423665539, 52.152948929064138 ], [ -2.193536982523689, 52.171241441027036 ], [ -2.212, 52.197 ] ] ] } },
{ "type": "Feature", "properties": { "id": null }, "geometry": { "type": "MultiLineString", "coordinates": [ [ [ -1.497170316014438, 51.20227539304441 ], [ -1.411707078882462, 51.22839877551278 ], [ -1.36653065264292, 51.241674331909351 ], [ -1.324122998260272, 51.234258478288645 ], [ -1.263485930297085, 51.244291219534766 ], [ -1.208242243976316, 51.250515066534398 ], [ -1.177436608873607, 51.257907074186711 ], [ -1.098184596626786, 51.265539710758205 ], [ -1.077785907150528, 51.254543794711445 ], [ -1.07886386839731, 51.235426736858841 ], [ -1.062994242524275, 51.22812877500985 ], [ -1.066655562238882, 51.221440489785145 ], [ -1.03952537364483, 51.200338334872399 ], [ -1.041871717334217, 51.191847773374519 ], [ -1.055985976162852, 51.184711127757978 ], [ -1.058290315801895, 51.177877259478571 ], [ -1.049285127178046, 51.17157496631377 ], [ -1.030499281118813, 51.164829297019622 ], [ -1.011443853815913, 51.16058651276964 ], [ -1.003065312263697, 51.149537702321211 ], [ -0.994527438130648, 51.145116313687367 ], [ -0.967649224582483, 51.149124394057196 ] ] ] } },
{ "type": "Feature", "properties": { "id": null }, "geometry": { "type": "MultiLineString", "coordinates": [ [ [ -1.208242243976316, 51.250515066534383 ], [ -1.143008581687257, 51.191449430147699 ], [ -1.055985976162853, 51.184711127757978 ] ] ] } },
{ "type": "Feature", "properties": { "id": null }, "geometry": { "type": "MultiLineString", "coordinates": [ [ [ -0.966675481372606, 51.149951597094592 ], [ -0.950632980005668, 51.160419117582755 ], [ -0.935692873446989, 51.165967494621071 ], [ -0.917996627456121, 51.172876192844782 ], [ -0.911025300747427, 51.182350429779738 ], [ -0.894505991394193, 51.185011480625384 ], [ -0.880328675262618, 51.188275887639215 ], [ -0.876180602975667, 51.185636350960465 ], [ -0.844460789446567, 51.194678056909012 ], [ -0.829404414219966, 51.20352707884944 ], [ -0.816142009021228, 51.206972540178974 ], [ -0.795272165213115, 51.213605908064757 ] ] ] } },
{ "type": "Feature", "properties": { "id": null }, "geometry": { "type": "MultiLineString", "coordinates": [ [ [ -0.795272165213115, 51.213605908064757 ], [ -0.767066391690306, 51.221248973142472 ], [ -0.742044848221629, 51.234592450153322 ], [ -0.733891129206287, 51.248568607500403 ], [ -0.735546784289068, 51.264938866551169 ], [ -0.736474472772048, 51.29129106479899 ] ] ] } },
{ "type": "Feature", "properties": { "id": null }, "geometry": { "type": "MultiLineString", "coordinates": [ [ [ -1.098184596626786, 51.265539710758205 ], [ -1.062764226284013, 51.269263500507471 ], [ -1.023803298977623, 51.268574258160577 ], [ -0.968127149966191, 51.271662095241375 ], [ -0.938870463500137, 51.289308610729982 ], [ -0.905586321333287, 51.290245727546996 ], [ -0.854463625677899, 51.282931012092519 ], [ -0.798955692073988, 51.294182658152479 ], [ -0.761323855510136, 51.291627709809994 ], [ -0.736474472772048, 51.29129106479899 ] ] ] } },
{ "type": "Feature", "properties": { "id": null }, "geometry": { "type": "MultiLineString", "coordinates": [ [ [ -0.736474472772048, 51.29129106479899 ], [ -0.732757594245963, 51.314769036419513 ], [ -0.715754856607897, 51.336171339282529 ], [ -0.686079905231182, 51.355544464487785 ], [ -0.6509123451639, 51.359882496140031 ], [ -0.618727676544389, 51.36944310286362 ], [ -0.590633207894511, 51.385228269236855 ], [ -0.557052616217068, 51.392694394298061 ], [ -0.534353153468796, 51.405219305709771 ], [ -0.538124626426466, 51.425249476660426 ], [ -0.511272158027996, 51.432529105375401 ] ] ] } },
{ "type": "Feature", "properties": { "id": null }, "geometry": { "type": "MultiLineString", "coordinates": [ [ [ -0.511272158027996, 51.432529105375401 ], [ -0.443061242073974, 51.452116616642179 ], [ -0.402733186061888, 51.476653624876349 ], [ -0.346405897004677, 51.477828595119043 ] ] ] } },
{ "type": "Feature", "properties": { "id": null }, "geometry": { "type": "MultiLineString", "coordinates": [ [ [ -1.282892311486038, 51.672404380932598 ], [ -1.205976426084491, 51.669463310092873 ], [ -1.124550819962548, 51.671202336766413 ], [ -1.010967651031863, 51.638234297241802 ], [ -0.942405955829187, 51.601166526636177 ], [ -0.855872803532511, 51.566296773013178 ], [ -0.712394521379216, 51.519338846892246 ] ] ] } },
{ "type": "Feature", "properties": { "id": null }, "geometry": { "type": "MultiLineString", "coordinates": [ [ [ -1.276875001492673, 51.748876384938761 ], [ -1.232763050529645, 51.744503750258978 ], [ -1.19072840920064, 51.761772532709294 ], [ -1.143301162550527, 51.757490826832154 ], [ -1.112902129482259, 51.742751957331031 ], [ -1.056693842840765, 51.724393563548823 ], [ -1.009816497304905, 51.711193022731877 ], [ -0.971854644152296, 51.683361871356382 ], [ -0.941467998442014, 51.660871997200978 ], [ -0.879919664917106, 51.649004167253075 ], [ -0.849255324962562, 51.628725370356499 ], [ -0.789385599574033, 51.616108078072692 ], [ -0.73832804206021, 51.614217176814179 ], [ -0.693336881290219, 51.601944063533203 ], [ -0.629124035956928, 51.596808782473033 ], [ -0.575930029637509, 51.581828750177728 ], [ -0.565572840843373, 51.567902020436641 ], [ -0.530672079086679, 51.555097394125461 ], [ -0.488108111732844, 51.543525489989719 ] ] ] } },
{ "type": "Feature", "properties": { "id": null }, "geometry": { "type": "MultiLineString", "coordinates": [ [ [ -0.346405897004677, 51.477828595119043 ], [ -0.383048877992862, 51.489533383988061 ], [ -0.405343679532778, 51.501852488949389 ], [ -0.455269543270534, 51.507282960244446 ], [ -0.501855103044677, 51.509691270555514 ], [ -0.557227325812691, 51.507980106181208 ], [ -0.596776884696207, 51.51429374069626 ], [ -0.646278574206241, 51.525191125903099 ], [ -0.67341204298874, 51.523805147467634 ], [ -0.712394521379216, 51.519338846892246 ] ] ] } },
{ "type": "Feature", "properties": { "id": null }, "geometry": { "type": "MultiLineString", "coordinates": [ [ [ -0.488108111732846, 51.543525489989719 ], [ -0.452585231431284, 51.533949815971241 ], [ -0.422205684414303, 51.521261311534197 ], [ -0.388995304245202, 51.515424814228709 ], [ -0.337952331003402, 51.512046794812946 ], [ -0.291613317284063, 51.514505261761641 ], [ -0.251698541771448, 51.521882462471638 ], [ -0.220707004162995, 51.52570996261975 ], [ -0.18727812141042, 51.51873645292649 ], [ -0.142520579173319, 51.524297719629551 ], [ -0.105, 51.517 ] ] ] } },
{ "type": "Feature", "properties": { "id": null }, "geometry": { "type": "MultiLineString", "coordinates": [ [ [ -0.346405897004677, 51.477828595119043 ], [ -0.313087932927624, 51.488385267607413 ], [ -0.274932957558629, 51.495616278366988 ], [ -0.251776680805851, 51.49490846687187 ], [ -0.208950233101749, 51.489321033396955 ], [ -0.181931708903358, 51.494991895578764 ], [ -0.151296570948256, 51.504273299311485 ], [ -0.131345310951664, 51.50601287178349 ], [ -0.105, 51.517 ] ] ] } },
{ "type": "Feature", "properties": { "id": null }, "geometry": { "type": "MultiLineString", "coordinates": [ [ [ -0.810203057577698, 50.826490578879536 ], [ -0.832877178906994, 50.837574303653057 ], [ -0.863136830639143, 50.841876820983842 ], [ -0.90817772665226, 50.845870315755811 ], [ -0.936255297429617, 50.844576503222413 ], [ -0.968024963278668, 50.845953658375862 ], [ -0.968887219259237, 50.857663207073522 ], [ -0.960768752069685, 50.87496896750595 ], [ -0.954441140897786, 50.888796867299504 ], [ -0.950803696280883, 50.902918796639071 ], [ -0.948189624073462, 50.921350989010655 ], [ -0.955715411030741, 50.938266342862505 ], [ -0.944371881098794, 50.953121487287618 ], [ -0.947620983653332, 50.97044436332046 ], [ -0.946204671057613, 50.986558124042247 ], [ -0.941446531326334, 51.00041810993293 ] ] ] } },
{ "type": "Feature", "properties": { "id": null }, "geometry": { "type": "MultiLineString", "coordinates": [ [ [ -1.014971710238013, 50.853802302269081 ], [ -0.994553103165187, 50.848044757220542 ], [ -0.968024963278668, 50.845953658375862 ] ] ] } },
{ "type": "Feature", "properties": { "id": null }, "geometry": { "type": "MultiLineString", "coordinates": [ [ [ -0.810203057577694, 50.826490578879536 ], [ -0.769960630308653, 50.865361754105969 ], [ -0.789912165610392, 50.887176082258755 ], [ -0.779914179303606, 50.907944870993916 ], [ -0.75364520744941, 50.911506807754186 ], [ -0.749442535323583, 50.923466982466117 ], [ -0.759563972435423, 50.936841826521857 ], [ -0.743398466416044, 50.953775572204925 ], [ -0.740676693038547, 50.968350670980719 ], [ -0.73944045231916, 50.985541010106814 ] ] ] } },
{ "type": "Feature", "properties": { "id": null }, "geometry": { "type": "MultiLineString", "coordinates": [ [ [ -0.956643467442548, 51.01513570982781 ], [ -0.91371650180108, 51.02237076818588 ], [ -0.891576351348011, 51.039893056977967 ], [ -0.840720262263398, 51.058461520548725 ], [ -0.786301830044985, 51.065769905906372 ], [ -0.737979921572174, 51.087906245317377 ], [ -0.702095064224668, 51.114593935718212 ], [ -0.679605439773243, 51.13485199178109 ], [ -0.682271372403748, 51.150026302113567 ], [ -0.635179846879292, 51.174197995433126 ], [ -0.618034817291631, 51.191194184045401 ], [ -0.580818633554893, 51.208924151383464 ], [ -0.581652893816036, 51.235279186107945 ] ] ] } },
{ "type": "Feature", "properties": { "id": null }, "geometry": { "type": "MultiLineString", "coordinates": [ [ [ -0.581652893816036, 51.235279186107945 ], [ -0.549430372149559, 51.249675245403367 ], [ -0.504497705135683, 51.264774569207304 ], [ -0.445849368500361, 51.273935591623491 ], [ -0.398640362182743, 51.298553138368021 ], [ -0.397034348565746, 51.314661318891758 ], [ -0.37470024303314, 51.324920137460587 ], [ -0.3580317985704, 51.336869570137296 ], [ -0.344566407685321, 51.347429362166288 ], [ -0.322205721899203, 51.357678384670784 ], [ -0.319217953140241, 51.371704576483125 ], [ -0.304012429766264, 51.378560195909856 ], [ -0.29730486119725, 51.395667480327639 ], [ -0.299745784527108, 51.410311504975731 ] ] ] } },
{ "type": "Feature", "properties": { "id": null }, "geometry": { "type": "MultiLineString", "coordinates": [ [ [ -0.299745784527106, 51.410311504975716 ], [ -0.27569284406416, 51.428844130528212 ], [ -0.228270932347126, 51.445687884228711 ], [ -0.200640582170752, 51.45637177039567 ], [ -0.167313042155429, 51.465345581841369 ], [ -0.133830730947053, 51.477623866554595 ], [ -0.117169617422225, 51.49007958068308 ], [ -0.105, 51.517 ] ] ] } },
{ "type": "Feature", "properties": { "id": null }, "geometry": { "type": "MultiLineString", "coordinates": [ [ [ -0.581652893816036, 51.235279186107945 ], [ -0.562683248388697, 51.226330579922475 ], [ -0.531073195395512, 51.215172548311898 ], [ -0.495509323037136, 51.221158608385679 ], [ -0.477971825990648, 51.225226264069704 ], [ -0.454820870717566, 51.220164107743649 ], [ -0.436169147538449, 51.217444407800151 ], [ -0.404717631671032, 51.218351331497942 ], [ -0.385576458706606, 51.21731924566668 ], [ -0.376339489673604, 51.223102476091654 ], [ -0.360086563041951, 51.225109681615187 ], [ -0.337914418837938, 51.232047046942085 ], [ -0.328183774122232, 51.233741708105519 ] ] ] } },
{ "type": "Feature", "properties": { "id": null }, "geometry": { "type": "MultiLineString", "coordinates": [ [ [ -0.328183774122232, 51.233741708105519 ], [ -0.27412702742909, 51.243397305241757 ], [ -0.2061984625946, 51.236096462565094 ], [ -0.191627489063281, 51.209831161451625 ], [ -0.191547001698632, 51.172692927864915 ], [ -0.165324969953552, 51.161382402625854 ], [ -0.136359137740073, 51.159902663050538 ], [ -0.116208934427817, 51.153620933110325 ], [ -0.070917247643719, 51.145197167751625 ], [ -0.005814332619857, 51.139031275601582 ] ] ] } },
{ "type": "Feature", "properties": { "id": null }, "geometry": { "type": "MultiLineString", "coordinates": [ [ [ -0.005814332619857, 51.139031275601582 ], [ -0.055357078618268, 51.205538570380504 ], [ -0.048629308813128, 51.233356795277665 ], [ -0.058131921656493, 51.258527479722538 ], [ -0.071934353689277, 51.285181264886319 ], [ -0.082270394926619, 51.313993073599569 ], [ -0.107776454872556, 51.339626637595991 ], [ -0.114408481465211, 51.370040007502155 ], [ -0.108689679989382, 51.376040634041225 ], [ -0.095142034722585, 51.388884510487202 ], [ -0.089375594296271, 51.410568841264372 ], [ -0.082910803445085, 51.425160491367564 ], [ -0.094524124078342, 51.445609913802386 ], [ -0.102754262832015, 51.454798487517508 ], [ -0.096710055913261, 51.471279921953837 ], [ -0.089313711222848, 51.485677225680803 ], [ -0.098899954560048, 51.496949706922067 ], [ -0.105, 51.517 ] ] ] } },
{ "type": "Feature", "properties": { "id": null }, "geometry": { "type": "MultiLineString", "coordinates": [ [ [ -0.554477151929989, 50.85132778461228 ], [ -0.528728260713433, 50.886507313521776 ], [ -0.548617118783539, 50.927632986544047 ], [ -0.489201365586867, 50.966100420717403 ], [ -0.446603456476976, 51.017319790375971 ], [ -0.395366441840493, 51.023054110278373 ], [ -0.36273202719166, 51.04140578079226 ], [ -0.311661830176877, 51.06359762119925 ], [ -0.325432478005778, 51.082731397207134 ], [ -0.340992124291485, 51.097300615299119 ], [ -0.326710584857667, 51.115642472830714 ], [ -0.326060926459718, 51.132213270368496 ], [ -0.336218076906329, 51.153872344065718 ], [ -0.321684128410081, 51.16728088314192 ], [ -0.325713353014298, 51.181231896078842 ], [ -0.330355555974095, 51.197880304874985 ], [ -0.332172320459742, 51.213680348014407 ], [ -0.318498237579127, 51.219304354505923 ], [ -0.328183774122232, 51.233741708105519 ] ] ] } },
{ "type": "Feature", "properties": { "id": null }, "geometry": { "type": "MultiLineString", "coordinates": [ [ [ -0.328183774122232, 51.233741708105519 ], [ -0.322930441422826, 51.256777629746217 ], [ -0.338903840698181, 51.284524847016996 ], [ -0.332709075738976, 51.303792166180642 ], [ -0.310594847224704, 51.322824875506676 ], [ -0.268121633527899, 51.333750207948427 ], [ -0.251154456098078, 51.352312678033989 ], [ -0.237971452783136, 51.379893499951045 ], [ -0.233172158791463, 51.409484573013096 ], [ -0.190492506527457, 51.423033821638469 ], [ -0.1582131494102, 51.42476126446055 ], [ -0.141193074559898, 51.439454731459996 ], [ -0.118579091205831, 51.456833053118793 ], [ -0.102754262832015, 51.454798487517508 ] ] ] } },
{ "type": "Feature", "properties": { "id": null }, "geometry": { "type": "MultiLineString", "coordinates": [ [ [ -0.118579091205831, 51.456833053118793 ], [ -0.117169617422222, 51.490079580683087 ] ] ] } },
{ "type": "Feature", "properties": { "id": null }, "geometry": { "type": "MultiLineString", "coordinates": [ [ [ -0.105, 51.517 ], [ -0.084105148267387, 51.501974808789953 ], [ -0.073186102747265, 51.468809145289605 ], [ -0.037253280239415, 51.458163283609743 ], [ -0.023452030696923, 51.43569800282215 ], [ -0.014765149245587, 51.424344068253816 ], [ -0.001548514357579, 51.408428839272133 ], [ 0.017514614580967, 51.397966663036641 ], [ 0.041400195464847, 51.399247696277975 ], [ 0.066113527570826, 51.399164377555216 ], [ 0.084092249781694, 51.3814492069869 ], [ 0.093917274089098, 51.364686610081229 ], [ 0.125428968587647, 51.345371494167466 ], [ 0.145953451716529, 51.336006685542422 ] ] ] } },
{ "type": "Feature", "properties": { "id": null }, "geometry": { "type": "MultiLineString", "coordinates": [ [ [ 0.188523669522598, 51.269219630921505 ], [ 0.174555045645499, 51.285085103514803 ], [ 0.171061204507693, 51.301288270070465 ], [ 0.156141577110104, 51.321471967850798 ], [ 0.145953451716529, 51.336006685542422 ] ] ] } },
{ "type": "Feature", "properties": { "id": null }, "geometry": { "type": "MultiLineString", "coordinates": [ [ [ -0.005814332619857, 51.139031275601582 ], [ 0.063805233384688, 51.2014764367187 ], [ 0.06573165128251, 51.233511835677767 ], [ 0.076743559090256, 51.246523382303373 ], [ 0.081449506637458, 51.258993545230737 ], [ 0.089071575176956, 51.271712854416108 ], [ 0.10259494129065, 51.27621054842308 ], [ 0.152820668142583, 51.271690220811621 ], [ 0.188523669522598, 51.269219630921505 ] ] ] } },
{ "type": "Feature", "properties": { "id": null }, "geometry": { "type": "MultiLineString", "coordinates": [ [ [ 0.188523669522598, 51.269219630921505 ], [ 0.207336068887195, 51.247933316514818 ], [ 0.20857014224567, 51.229889265060336 ], [ 0.225557874112786, 51.212076958223122 ], [ 0.250919594048483, 51.204317590597846 ], [ 0.274604937042305, 51.192013224619949 ] ] ] } },
{ "type": "Feature", "properties": { "id": null }, "geometry": { "type": "MultiLineString", "coordinates": [ [ [ 0.274604937042305, 51.192013224619949 ], [ 0.284277356231951, 51.207617869330754 ], [ 0.286955752290652, 51.22186477670769 ], [ 0.295385386774678, 51.229720173036974 ], [ 0.280833730484769, 51.240322154413995 ], [ 0.281037012483255, 51.253811512166173 ], [ 0.286075495874883, 51.265231869057189 ], [ 0.281211824027833, 51.273622183395148 ], [ 0.282623346437203, 51.281438990443483 ], [ 0.293424086215741, 51.29059230256896 ], [ 0.307450927818603, 51.292865817051755 ], [ 0.309386762105342, 51.302375359917896 ], [ 0.319673702847881, 51.305709083301196 ], [ 0.31359916668073, 51.311525143419523 ] ] ] } },
{ "type": "Feature", "properties": { "id": null }, "geometry": { "type": "MultiLineString", "coordinates": [ [ [ 0.31359916668073, 51.311525143419523 ], [ 0.333925282878236, 51.323118429784465 ], [ 0.344312658124951, 51.332231143383233 ], [ 0.34301060022479, 51.350817130408103 ], [ 0.360978548699603, 51.369905167082372 ], [ 0.360826556495296, 51.383088190403882 ], [ 0.351199124897942, 51.3910857944295 ], [ 0.355896864719657, 51.406321204264074 ], [ 0.369835959644807, 51.419573400010613 ], [ 0.366740549638601, 51.434161741644509 ], [ 0.362648509579586, 51.440970103937872 ] ] ] } },
{ "type": "Feature", "properties": { "id": null }, "geometry": { "type": "MultiLineString", "coordinates": [ [ [ -0.105, 51.517 ], [ -0.084105148267387, 51.501974808789953 ], [ -0.052663988642566, 51.489401557002182 ], [ -0.023391108059642, 51.47415853504544 ], [ -0.007106429814013, 51.481832852344517 ], [ 0.062565077258665, 51.483049282179913 ], [ 0.13131727149547, 51.488655978273606 ], [ 0.162268406645237, 51.488527910188132 ], [ 0.198011211514284, 51.46624739786602 ], [ 0.212383076365065, 51.448760008109097 ], [ 0.240250291518404, 51.442304398588917 ], [ 0.236571158622111, 51.42659757083112 ], [ 0.282845486267761, 51.428826795111029 ], [ 0.327329619464859, 51.427039445322848 ], [ 0.357524310289875, 51.413603969336677 ], [ 0.401217492070229, 51.402927505603714 ], [ 0.447672487369778, 51.395761736877205 ], [ 0.492943706048875, 51.398376314521187 ], [ 0.508796761223745, 51.381532710968102 ], [ 0.534599864882223, 51.368852395229752 ] ] ] } },
{ "type": "Feature", "properties": { "id": null }, "geometry": { "type": "MultiLineString", "coordinates": [ [ [ 0.447672487369778, 51.395761736877205 ], [ 0.474022860771878, 51.379345034637574 ], [ 0.484795044098778, 51.36153789850097 ], [ 0.502142134771527, 51.345917730385032 ], [ 0.51296523687188, 51.319318333787628 ], [ 0.510590216833037, 51.305381678987459 ], [ 0.51069670418169, 51.292197692728116 ], [ 0.518735154626151, 51.287358432136365 ], [ 0.522070246555537, 51.275538025335386 ] ] ] } },
{ "type": "Feature", "properties": { "id": null }, "geometry": { "type": "MultiLineString", "coordinates": [ [ [ 0.534599864882223, 51.368852395229752 ], [ 0.578441044307865, 51.363348949704225 ], [ 0.616896772980404, 51.360417423715447 ], [ 0.643636549584701, 51.360926608653948 ], [ 0.681772964467199, 51.355200598021462 ], [ 0.721252970779492, 51.349295387973811 ], [ 0.742709893468116, 51.341117281398589 ] ] ] } },
{ "type": "Feature", "properties": { "id": null }, "geometry": { "type": "MultiLineString", "coordinates": [ [ [ 0.742709893468116, 51.341117281398589 ], [ 0.786230238357884, 51.338590603008925 ], [ 0.828013514262179, 51.32761424589868 ], [ 0.856689183734485, 51.316141532118891 ], [ 0.892812477739409, 51.311290828747595 ], [ 0.914002302464058, 51.301964671466095 ], [ 0.931611334681422, 51.288509835357836 ], [ 0.973980183249159, 51.287419998455363 ], [ 1.011050871767466, 51.286453689396289 ], [ 1.076228590136431, 51.277315627049504 ], [ 1.113119929655741, 51.294317920013064 ], [ 1.142715617308953, 51.309212445253337 ], [ 1.178361950131991, 51.320164834868876 ], [ 1.212991413308253, 51.322791223427188 ], [ 1.23549945774012, 51.33822060208805 ], [ 1.267290338290687, 51.356649053790477 ], [ 1.311626241309128, 51.375346867868942 ], [ 1.33982291389212, 51.379647524899532 ], [ 1.376593369480796, 51.385126399266547 ] ] ] } },
{ "type": "Feature", "properties": { "id": null }, "geometry": { "type": "MultiLineString", "coordinates": [ [ [ 1.076228590136431, 51.277315627049504 ], [ 1.106042641416479, 51.275211949362003 ], [ 1.117296128601648, 51.278271236715049 ], [ 1.148091176894553, 51.277879557940928 ], [ 1.169343983688495, 51.272360299535727 ], [ 1.197113760905096, 51.264861169522923 ], [ 1.216065481931526, 51.271240427644685 ], [ 1.22313749593459, 51.277816247288321 ], [ 1.265452637834852, 51.279088293093508 ], [ 1.277982189997141, 51.2846982689898 ], [ 1.295348978466681, 51.281060870382085 ], [ 1.31332061349223, 51.2788390016851 ], [ 1.344295581892142, 51.275114736049886 ], [ 1.371647891253488, 51.276603319777436 ], [ 1.381089112414079, 51.275383580810328 ] ] ] } },
{ "type": "Feature", "properties": { "id": null }, "geometry": { "type": "MultiLineString", "coordinates": [ [ [ 1.376593369480796, 51.385126399266547 ], [ 1.405261593546782, 51.386975000542961 ], [ 1.426177932958869, 51.392636759314364 ] ] ] } },
{ "type": "Feature", "properties": { "id": null }, "geometry": { "type": "MultiLineString", "coordinates": [ [ [ 1.346555102087232, 51.111119970623442 ], [ 1.28181816515829, 51.143596178525726 ], [ 1.245531837276077, 51.159526613739814 ], [ 1.225998023238301, 51.170128442384367 ], [ 1.202930240149074, 51.185401458848546 ], [ 1.174770156039819, 51.199733792186947 ], [ 1.153841975068589, 51.217358774280264 ], [ 1.146591304390552, 51.232182298480907 ], [ 1.140619289099516, 51.244906601882207 ], [ 1.124690571230832, 51.254672213319338 ], [ 1.104937060116505, 51.257002841522535 ], [ 1.065299929026043, 51.257799627146802 ], [ 1.064471244208976, 51.26652381315273 ], [ 1.076228590136431, 51.277315627049504 ] ] ] } },
{ "type": "Feature", "properties": { "id": null }, "geometry": { "type": "MultiLineString", "coordinates": [ [ [ 1.060299404033832, 51.068797863531501 ], [ 1.032111536714569, 51.096824012082784 ], [ 0.969715255653684, 51.111741862190186 ], [ 0.905886937139169, 51.138053221487382 ], [ 0.872489228718209, 51.147509320582088 ], [ 0.855672061696011, 51.171234743712951 ], [ 0.827948444622165, 51.18717231360916 ], [ 0.787819966974238, 51.19057926349204 ], [ 0.753265048746658, 51.20540812287296 ], [ 0.724195744103107, 51.219019102785552 ], [ 0.697732813778024, 51.224040567978307 ], [ 0.682671391504697, 51.237667918285211 ], [ 0.647313647272803, 51.247459079198592 ], [ 0.619159333374466, 51.260571915788965 ], [ 0.594583338332244, 51.269022785149247 ], [ 0.556010220709988, 51.26863428870476 ], [ 0.539978983104864, 51.27392288538168 ], [ 0.522070246555537, 51.275538025335386 ] ] ] } },
{ "type": "Feature", "properties": { "id": null }, "geometry": { "type": "MultiLineString", "coordinates": [ [ [ 1.060299404033832, 51.068797863531501 ], [ 1.082341665299258, 51.053364729326589 ] ] ] } },
{ "type": "Feature", "properties": { "id": null }, "geometry": { "type": "MultiLineString", "coordinates": [ [ [ 0.93576752155682, 50.968118259748913 ], [ 0.888223672682263, 50.979204732291429 ], [ 0.849139781916634, 51.000285061337308 ], [ 0.763249715849583, 51.042015325892919 ], [ 0.729831505346696, 51.073407152178255 ], [ 0.688764652125985, 51.096097809021948 ], [ 0.664851737093809, 51.099664027452064 ], [ 0.634838361221139, 51.114657658517729 ], [ 0.59403260719115, 51.112992738714695 ], [ 0.460771515388723, 51.112128479864793 ] ] ] } },
{ "type": "Feature", "properties": { "id": null }, "geometry": { "type": "MultiLineString", "coordinates": [ [ [ 0.024415999332381, 50.822809974017225 ], [ 0.03726112012276, 50.846479229392926 ], [ 0.014318567025071, 50.871994848069683 ], [ 0.027309201972894, 50.892596463576545 ], [ 0.046385053869657, 50.899199533425161 ], [ 0.059030464458537, 50.915420372627509 ], [ 0.072730676258248, 50.926779419897208 ], [ 0.090344166906801, 50.932147493469841 ], [ 0.098203175093834, 50.950425517744371 ], [ 0.085793506483646, 50.967510037427779 ], [ 0.093945902473109, 50.984438093814163 ], [ 0.107882674536926, 50.992785900254638 ], [ 0.114348150257893, 51.024527911071424 ], [ 0.120487050823017, 51.040729952170068 ], [ 0.137728568324198, 51.041930246758362 ], [ 0.156985898668122, 51.052099950371392 ], [ 0.171234414964143, 51.063214342292376 ], [ 0.182005604203932, 51.066056072403384 ], [ 0.191727636291103, 51.08200687146703 ], [ 0.205557856314004, 51.087360659279867 ], [ 0.228976755541555, 51.09869370945384 ], [ 0.235310126070901, 51.108028286625078 ], [ 0.245547175487129, 51.119616713968092 ], [ 0.259577858345665, 51.125749597667294 ], [ 0.264026071598171, 51.131623545446892 ], [ 0.262154044958517, 51.151152569156238 ], [ 0.253363465271665, 51.167734135492523 ], [ 0.260944488392161, 51.181570647744898 ], [ 0.274604937042305, 51.192013224619949 ] ] ] } },
{ "type": "Feature", "properties": { "id": null }, "geometry": { "type": "MultiLineString", "coordinates": [ [ [ 0.460771515388723, 51.112128479864793 ], [ 0.427056257883968, 51.108350504124466 ], [ 0.400045631734261, 51.111882144324383 ], [ 0.368135187973515, 51.119947827586635 ], [ 0.361704835727485, 51.131782741041583 ], [ 0.33864567993785, 51.141404202227946 ], [ 0.321850789511885, 51.139999271161678 ], [ 0.307732064576808, 51.144589913357983 ], [ 0.306279672681509, 51.157665048587013 ], [ 0.310946496538299, 51.172902611293424 ], [ 0.286734048101129, 51.181594496584808 ], [ 0.274604937042305, 51.192013224619949 ] ] ] } },
{ "type": "Feature", "properties": { "id": null }, "geometry": { "type": "MultiLineString", "coordinates": [ [ [ 0.619748718905174, 50.823234443238661 ], [ 0.571944808785229, 50.85675602573459 ], [ 0.563457988273222, 50.879146280369717 ], [ 0.566573143887557, 50.895891717554761 ], [ 0.543428327661139, 50.919552934340722 ], [ 0.525451663090185, 50.93703986990031 ], [ 0.510654484740782, 50.958085069553384 ], [ 0.475909765557862, 50.97418444344131 ], [ 0.473394831458944, 50.986345740248154 ], [ 0.475534246141524, 51.020331300927502 ], [ 0.467522635913041, 51.033687968416849 ], [ 0.443972571867206, 51.052355975146227 ], [ 0.447273054920869, 51.058566561330402 ], [ 0.434565243697155, 51.070131396831975 ], [ 0.42025312810165, 51.077397622965769 ], [ 0.411939324264851, 51.085779055919168 ], [ 0.400122147426223, 51.088920821238361 ], [ 0.393831161485347, 51.09231506628533 ], [ 0.394240050563157, 51.099771372057567 ] ] ] } },
{ "type": "Feature", "properties": { "id": null }, "geometry": { "type": "MultiLineString", "coordinates": [ [ [ 0.394240050563157, 51.099771372057567 ], [ 0.368135187973516, 51.119947827586643 ] ] ] } },
{ "type": "Feature", "properties": { "id": null }, "geometry": { "type": "MultiLineString", "coordinates": [ [ [ 0.619748718905174, 50.823234443238661 ], [ 0.555695007351139, 50.842313133144003 ], [ 0.534587467013948, 50.852945790339056 ], [ 0.530021472527709, 50.875244993292405 ], [ 0.494656325284574, 50.89789101353999 ], [ 0.497830793690912, 50.914232507975996 ], [ 0.485878804953628, 50.930974348147572 ], [ 0.442170463732347, 50.943642053835006 ], [ 0.388772746786266, 50.948641852660423 ], [ 0.344920109246165, 50.954871792356734 ], [ 0.306978098655088, 50.964057806528345 ], [ 0.274039000629967, 50.971180219773458 ], [ 0.254218456193158, 50.971980169530134 ], [ 0.221653920828769, 50.9741707670225 ], [ 0.221474843167642, 50.987354367304945 ], [ 0.213355435562995, 50.997801828547281 ], [ 0.220216779054959, 51.008695683389895 ], [ 0.246536322500514, 51.017524130001419 ], [ 0.255770252615453, 51.026553495165643 ], [ 0.242967818212789, 51.037432186647564 ], [ 0.247606650550704, 51.046485744101538 ], [ 0.265777952983293, 51.058578387775398 ], [ 0.279543237082378, 51.080359691956012 ], [ 0.303543259222306, 51.084852107642106 ], [ 0.309758463134352, 51.105169183372112 ], [ 0.305726522468958, 51.118027851676466 ], [ 0.279652101385261, 51.135633367058318 ], [ 0.277588386356503, 51.145357915454426 ], [ 0.285173624242493, 51.159192965040866 ], [ 0.286734048101129, 51.181594496584808 ], [ 0.274604937042305, 51.192013224619949 ] ] ] } },
{ "type": "Feature", "properties": { "id": null }, "geometry": { "type": "MultiLineString", "coordinates": [ [ [ 0.264026071598171, 51.131623545446892 ], [ 0.279652101385259, 51.135633367058325 ], [ 0.307732064576808, 51.144589913357983 ] ] ] } },
{ "type": "Feature", "properties": { "id": null }, "geometry": { "type": "MultiLineString", "coordinates": [ [ [ 0.014318567025077, 50.871994848069683 ], [ -0.006751168182142, 50.900111905600916 ], [ -0.050222114229369, 50.930674518222844 ], [ -0.098886381717671, 50.937556907691047 ], [ -0.12104191553569, 50.957895945102806 ], [ -0.099053128493769, 50.998823755144159 ], [ -0.048436725174853, 51.004919321002255 ], [ -0.032207780811752, 50.981266023999403 ], [ 0.000891596776265, 50.985071692845978 ], [ 0.013091925910826, 51.007017442132984 ], [ -0.004901093499616, 51.028666251016865 ], [ -0.000858775662444, 51.040621381787957 ], [ 0.021801689772881, 51.062078747544078 ], [ 0.024204177799506, 51.074818797015872 ], [ 0.022979992982134, 51.087245313210026 ], [ 0.040689969490796, 51.097593300862798 ], [ 0.023959820101214, 51.11332290871038 ], [ 0.008807553099099, 51.121760674685838 ], [ -0.01331318742895, 51.128200521377245 ], [ -0.005814332619857, 51.139031275601575 ] ] ] } },
{ "type": "Feature", "properties": { "id": null }, "geometry": { "type": "MultiLineString", "coordinates": [ [ [ -0.105, 51.517 ], [ -0.054563161411605, 51.525603841512648 ], [ -0.01018093248925, 51.531905530083954 ], [ 0.00639880287904, 51.546945759498868 ], [ 0.032108977907976, 51.552244087551792 ], [ 0.070220299716713, 51.555500303851687 ], [ 0.104206852417088, 51.563962387519908 ], [ 0.188206680601585, 51.576017808108894 ], [ 0.214987055886253, 51.585694113917363 ], [ 0.2551426112772, 51.602668871125232 ], [ 0.284495688752876, 51.614397965103272 ], [ 0.306162034905325, 51.615582539143283 ], [ 0.323783123069066, 51.617046012967641 ], [ 0.330837149338849, 51.630621034315709 ], [ 0.34122446594639, 51.642615639092284 ], [ 0.366964381112013, 51.652784519675812 ], [ 0.389458514194393, 51.66886485778334 ], [ 0.399089530969168, 51.683573636842731 ], [ 0.415713900598058, 51.694525818629607 ], [ 0.44784890029636, 51.695921351447041 ], [ 0.46217116212855, 51.687196634590904 ], [ 0.491015364963339, 51.692331516590308 ], [ 0.508049266669314, 51.701446983274238 ], [ 0.526625710114277, 51.71037538420849 ], [ 0.531255216316613, 51.721572230660385 ], [ 0.550288152710026, 51.72125758895681 ], [ 0.579282630848678, 51.71865158446532 ], [ 0.60629331882351, 51.718352433765901 ], [ 0.62081276064324, 51.713335571156414 ], [ 0.647362325251724, 51.717627210153047 ], [ 0.669260289492864, 51.720304779173048 ], [ 0.686767168218426, 51.729737994864308 ] ] ] } },
{ "type": "Feature", "properties": { "id": null }, "geometry": { "type": "MultiLineString", "coordinates": [ [ [ 0.414799032133586, 51.622891702786447 ], [ 0.417693286441031, 51.60457492982102 ], [ 0.425280914703691, 51.599322678119961 ], [ 0.433703858105653, 51.590118538948786 ], [ 0.435944188525167, 51.586591550676459 ], [ 0.446101037321556, 51.580930632692116 ], [ 0.442791521581966, 51.575402368238734 ], [ 0.456328726730012, 51.567853403480527 ], [ 0.45650598470212, 51.562301867537137 ], [ 0.46146847541365, 51.555286877168705 ], [ 0.468978108529043, 51.550335535507735 ], [ 0.438691770477192, 51.533628769121158 ], [ 0.428738232412686, 51.526626309887874 ], [ 0.424251631561543, 51.517289420714619 ], [ 0.390679801367155, 51.505925607020217 ], [ 0.365803709858409, 51.501394821000602 ], [ 0.358367423921199, 51.489645130849453 ], [ 0.364212001661836, 51.480851235052555 ], [ 0.349559677664773, 51.470358272494984 ], [ 0.361259446476781, 51.45984086068713 ] ] ] } },
{ "type": "Feature", "properties": { "id": null }, "geometry": { "type": "MultiLineString", "coordinates": [ [ [ 0.474226558040698, 51.736294455673992 ], [ 0.49001238300144, 51.723046973589561 ], [ 0.484090139328842, 51.713288588145694 ], [ 0.465649550901301, 51.703745604971985 ], [ 0.464792360328748, 51.691306846049642 ], [ 0.46217116212855, 51.687196634590904 ], [ 0.460914716890049, 51.674292228269465 ], [ 0.4453956557556, 51.662818708689066 ], [ 0.437477680033388, 51.6578410749919 ], [ 0.437775087625408, 51.647042282159859 ], [ 0.43095724378439, 51.63689708755907 ], [ 0.421215294413387, 51.631149820588107 ], [ 0.414799032133586, 51.622891702786447 ] ] ] } },
{ "type": "Feature", "properties": { "id": null }, "geometry": { "type": "MultiLineString", "coordinates": [ [ [ 0.415713900598058, 51.694525818629607 ], [ 0.457409336942561, 51.716245710170469 ], [ 0.474226558040704, 51.736294455673992 ], [ 0.515340734482859, 51.758683871025696 ], [ 0.568311816790946, 51.772860995636272 ], [ 0.633396125439929, 51.800965990528596 ], [ 0.684050292025494, 51.826646114880567 ], [ 0.731368927891063, 51.839672951810286 ], [ 0.740542292486117, 51.853380125588316 ], [ 0.778377898040327, 51.878616686608538 ], [ 0.839824080205082, 51.891468171339433 ], [ 0.9, 51.892 ] ] ] } },
{ "type": "Feature", "properties": { "id": null }, "geometry": { "type": "MultiLineString", "coordinates": [ [ [ 0.9, 51.892 ], [ 0.931739021631653, 51.887053406626301 ], [ 0.956440450844639, 51.881235799755409 ], [ 0.979355336551451, 51.881764634055322 ], [ 1.009842619714839, 51.879471005020719 ], [ 1.0279656142793, 51.886420109338616 ], [ 1.056616367040089, 51.888299098451412 ], [ 1.081858081214711, 51.90226930862535 ], [ 1.108194545365675, 51.908283991761671 ], [ 1.139026692116487, 51.911851621078583 ], [ 1.166482802817644, 51.917319135097209 ], [ 1.184090495379892, 51.924511789052097 ], [ 1.214879246935126, 51.92836408897783 ], [ 1.239528203980037, 51.935456506466245 ], [ 1.252361808069145, 51.93641319796145 ], [ 1.267402605969449, 51.944018557416776 ] ] ] } },
{ "type": "Feature", "properties": { "id": null }, "geometry": { "type": "MultiLineString", "coordinates": [ [ [ 0.474226558040704, 51.736294455673992 ], [ 0.471969721444995, 51.760600444175232 ], [ 0.488220049820309, 51.782949395800067 ], [ 0.481919234966767, 51.798515963227516 ], [ 0.504638657276471, 51.828189455975391 ], [ 0.520630415700838, 51.842471146645735 ], [ 0.523403064569398, 51.862483736587137 ], [ 0.553842419104396, 51.87483505443204 ] ] ] } },
{ "type": "Feature", "properties": { "id": null }, "geometry": { "type": "MultiLineString", "coordinates": [ [ [ 0.474226558040704, 51.736294455673992 ], [ 0.429184363221565, 51.740036773822375 ], [ 0.400470180519774, 51.74819674035075 ], [ 0.379281642799616, 51.763155047043313 ], [ 0.361548082007209, 51.775921092675979 ], [ 0.337972405220973, 51.783254349006775 ], [ 0.304887955773769, 51.792888759633435 ], [ 0.268325295952112, 51.795420736347012 ], [ 0.242153477022851, 51.809944398162834 ], [ 0.216971039568944, 51.815265978951984 ], [ 0.191701477220287, 51.825524881849518 ], [ 0.171703947525213, 51.843646499880315 ], [ 0.163680067775913, 51.866484346977913 ] ] ] } },
{ "type": "Feature", "properties": { "id": null }, "geometry": { "type": "MultiLineString", "coordinates": [ [ [ 0.163680067775916, 51.866484346977927 ], [ 0.222807026182857, 51.872918733248298 ], [ 0.280624197087838, 51.878966141240802 ], [ 0.330120187393262, 51.87254505671104 ], [ 0.373756272980301, 51.860674652954302 ], [ 0.395672454950995, 51.861236311975134 ], [ 0.406123862245143, 51.873225479827006 ], [ 0.454244341841662, 51.877773303073219 ], [ 0.481740193892099, 51.875680461611566 ], [ 0.553842419104397, 51.87483505443204 ] ] ] } },
{ "type": "Feature", "properties": { "id": null }, "geometry": { "type": "MultiLineString", "coordinates": [ [ [ 0.553842419104397, 51.87483505443204 ], [ 0.61106548715142, 51.879927067505989 ], [ 0.67061401527172, 51.872934187832499 ], [ 0.695745860615296, 51.87245872869304 ], [ 0.778377898040327, 51.878616686608538 ] ] ] } },
{ "type": "Feature", "properties": { "id": null }, "geometry": { "type": "MultiLineString", "coordinates": [ [ [ -0.07985957575089, 51.793161889725013 ], [ -0.060611106331283, 51.798842493942139 ], [ -0.042136272862425, 51.803524784260581 ], [ -0.029281109010094, 51.806484414285563 ], [ -0.030572648796886, 51.812253406812019 ] ] ] } },
{ "type": "Feature", "properties": { "id": null }, "geometry": { "type": "MultiLineString", "coordinates": [ [ [ 0.163680067775916, 51.866484346977927 ], [ 0.138952811636136, 51.863167812998825 ], [ 0.119050048371741, 51.860252943403502 ], [ 0.100915745259367, 51.858412200024915 ], [ 0.087007902259085, 51.857854594992368 ], [ 0.07120023159971, 51.856824853414942 ], [ 0.065488145033891, 51.846439241348854 ], [ 0.053984992851239, 51.839583688055839 ], [ 0.046042374818133, 51.830244806754578 ], [ 0.040376317986323, 51.8241931680882 ], [ 0.030307182668773, 51.81993209432305 ], [ 0.009412211128808, 51.812580092023744 ], [ -0.007852241872181, 51.811414041244994 ], [ -0.029281109010094, 51.806484414285563 ] ] ] } },
{ "type": "Feature", "properties": { "id": null }, "geometry": { "type": "MultiLineString", "coordinates": [ [ [ -0.07985957575089, 51.793161889725013 ], [ -0.082418740584325, 51.773381814025406 ], [ -0.095094012846564, 51.763003165037311 ], [ -0.093642048329439, 51.74765402134642 ], [ -0.098784084879291, 51.730497061496642 ], [ -0.10757124892387, 51.711786127254207 ], [ -0.105250248094702, 51.701464126396012 ], [ -0.102435162011335, 51.680043084707179 ], [ -0.08724846877653, 51.670215223298825 ], [ -0.085098274393237, 51.656164700458369 ], [ -0.063133881921076, 51.60879299500953 ], [ -0.060288969420755, 51.596040658699422 ], [ -0.07015546078627, 51.582190202251503 ], [ -0.069760091026398, 51.558084961162095 ], [ -0.065785087195739, 51.551867732985905 ], [ -0.074665060792928, 51.538101373243805 ], [ -0.077382143322735, 51.527962673753905 ], [ -0.105, 51.517 ] ] ] } },
{ "type": "Feature", "properties": { "id": null }, "geometry": { "type": "MultiLineString", "coordinates": [ [ [ 0.191701477220287, 51.825524881849518 ], [ 0.174529864857081, 51.796984940676261 ], [ 0.150038822881109, 51.776363180467534 ], [ 0.131639369954465, 51.759961689983214 ], [ 0.130643406144751, 51.732652170538337 ], [ 0.124350096148448, 51.720363858200223 ], [ 0.111016684012351, 51.703766368134779 ], [ 0.108698077252603, 51.696144615614266 ], [ 0.102593079705035, 51.687583023814334 ], [ 0.098094067378214, 51.67173168982805 ], [ 0.081443047204339, 51.656703908461402 ], [ 0.061823931492512, 51.637088296857542 ], [ 0.044928024618661, 51.62327035155883 ], [ 0.027236010014341, 51.613094288204508 ], [ 0.015652523991264, 51.597868581655689 ], [ 0.003636515818628, 51.580128502703722 ], [ 0.005617011779849, 51.566682968262995 ], [ -0.011372721345619, 51.553464590470305 ], [ -0.037381245136536, 51.545036023345645 ], [ -0.048055080726835, 51.534831114551963 ], [ -0.054563161411611, 51.525603841512648 ], [ -0.077382143322735, 51.527962673753905 ] ] ] } },
{ "type": "Feature", "properties": { "id": null }, "geometry": { "type": "MultiLineString", "coordinates": [ [ [ -0.105, 51.517 ], [ -0.120244089411826, 51.531794717650861 ], [ -0.116844111707739, 51.541065943671732 ], [ -0.111828974274467, 51.552024777826823 ], [ -0.119539158677399, 51.55754491035065 ], [ -0.124499996241553, 51.56856538244034 ], [ -0.134874163045944, 51.572615149279599 ], [ -0.15269585072927, 51.580967475055502 ], [ -0.169947550999548, 51.593391216573202 ], [ -0.171101541307413, 51.60071919691476 ], [ -0.186273039328063, 51.612703912212901 ], [ -0.176728792935573, 51.623442802124785 ], [ -0.181754120612642, 51.641266536904304 ], [ -0.195131030148314, 51.651860257114109 ], [ -0.20939465280448, 51.670733133546435 ], [ -0.223602027999621, 51.689300521116834 ], [ -0.243575174055049, 51.702408184180541 ], [ -0.267351384925247, 51.710225655227937 ], [ -0.286235175323084, 51.718470051609543 ], [ -0.303443959447753, 51.728098117943105 ], [ -0.314354288278539, 51.740757434856071 ], [ -0.336622008611937, 51.750554150934718 ] ] ] } },
{ "type": "Feature", "properties": { "id": null }, "geometry": { "type": "MultiLineString", "coordinates": [ [ [ -0.336622008611937, 51.750554150934718 ], [ -0.308874547290617, 51.756101998829976 ], [ -0.28350734302002, 51.758956630121482 ], [ -0.25995138335959, 51.765361421078524 ], [ -0.238363123111374, 51.767254743895286 ], [ -0.222259305653921, 51.762473287288039 ], [ -0.202633714489234, 51.764188336486008 ], [ -0.172451586588791, 51.77672426266728 ], [ -0.151974026654023, 51.779123419373818 ], [ -0.141978595788361, 51.788038366042151 ], [ -0.119370964938682, 51.794330111205532 ], [ -0.098198951727804, 51.793684254635835 ], [ -0.07985957575089, 51.793161889725013 ] ] ] } },
{ "type": "Feature", "properties": { "id": null }, "geometry": { "type": "MultiLineString", "coordinates": [ [ [ -0.514771136483235, 51.88442462722444 ], [ -0.541201348867203, 51.880251631435435 ], [ -0.554987781826168, 51.86847872414171 ], [ -0.558305457007353, 51.857029232745184 ], [ -0.555694342069285, 51.843636766507458 ], [ -0.563983283800402, 51.83731339463931 ], [ -0.566131522547824, 51.83154416709894 ], [ -0.564806312046237, 51.825933822908688 ], [ -0.570196962780282, 51.823278575963855 ], [ -0.5734317981255, 51.820415323434752 ], [ -0.579086200496513, 51.814638328718921 ], [ -0.579483479809432, 51.809956278711802 ], [ -0.578540814411873, 51.803846782265317 ], [ -0.588967675576996, 51.799185806397176 ], [ -0.599033572220652, 51.793007722819674 ], [ -0.614936775726353, 51.790325331705581 ], [ -0.637458673182327, 51.792304424760985 ], [ -0.667140045444781, 51.794865220010621 ] ] ] } },
{ "type": "Feature", "properties": { "id": null }, "geometry": { "type": "MultiLineString", "coordinates": [ [ [ -0.514771136483235, 51.88442462722444 ], [ -0.484819943767276, 51.887729801694931 ], [ -0.461891002454779, 51.879870802486764 ], [ -0.444869840659198, 51.87148099605426 ], [ -0.420690684144785, 51.862488042282536 ], [ -0.417162194536268, 51.851654512123922 ], [ -0.39018865991497, 51.839189545654015 ], [ -0.372913810515471, 51.825240634354685 ], [ -0.358456028395973, 51.810421252989421 ], [ -0.350039348950427, 51.791350710692193 ], [ -0.354947418711446, 51.777911890311145 ], [ -0.342754460191801, 51.764129893936705 ], [ -0.336622008611937, 51.750554150934718 ] ] ] } },
{ "type": "Feature", "properties": { "id": null }, "geometry": { "type": "MultiLineString", "coordinates": [ [ [ -0.667140045444781, 51.794865220010621 ], [ -0.675797367544298, 51.787445155993169 ], [ -0.688690974889005, 51.788827410057038 ], [ -0.715214694978659, 51.785158848140178 ], [ -0.742097367853511, 51.780211650678531 ], [ -0.766395895846611, 51.772315034532966 ], [ -0.73819599348717, 51.738847344587739 ], [ -0.727470935491011, 51.726944980057368 ], [ -0.71808271976971, 51.708599100023797 ], [ -0.699780432694053, 51.694788804285182 ], [ -0.687135472576911, 51.687893313026635 ], [ -0.671846270668191, 51.682477918559336 ], [ -0.646124060100037, 51.684498375934012 ], [ -0.62323321692416, 51.677912219805279 ], [ -0.613795567043817, 51.67464143690632 ], [ -0.606453272909684, 51.672335839832556 ], [ -0.599023477132035, 51.663718892272207 ], [ -0.591795207919841, 51.658490589533251 ], [ -0.58127706097415, 51.652011938596303 ], [ -0.570405839484086, 51.644015919668824 ], [ -0.565344635166814, 51.637350975358331 ], [ -0.561368854233283, 51.622534564107134 ], [ -0.555902797734814, 51.618384020266539 ], [ -0.550003126182165, 51.610246152259712 ], [ -0.549489162452845, 51.603788495647976 ], [ -0.55148938743615, 51.597412796954899 ], [ -0.54181946181694, 51.588067780856747 ], [ -0.537045429728971, 51.580447255047332 ], [ -0.532422212342937, 51.575600447827711 ], [ -0.52578305784832, 51.57279411862104 ], [ -0.519562348205994, 51.569639950291517 ], [ -0.506718295121856, 51.568012695190085 ], [ -0.495470030885408, 51.56252386306187 ], [ -0.494694031822122, 51.559187186347465 ], [ -0.48240275237706, 51.553481743515206 ], [ -0.480722078036726, 51.550536241090889 ], [ -0.481688636488823, 51.546113533979621 ], [ -0.488108111732846, 51.543525489989719 ] ] ] } },
{ "type": "Feature", "properties": { "id": null }, "geometry": { "type": "MultiLineString", "coordinates": [ [ [ -1.27774801970105, 51.744023056692555 ], [ -1.26692438800846, 51.767617525504946 ], [ -1.26698459428875, 51.78911292582459 ], [ -1.271546848657697, 51.801904239713799 ], [ -1.243335102146975, 51.822816002190244 ], [ -1.212665578861801, 51.834031972949198 ], [ -1.171425994699675, 51.861959042654966 ], [ -1.152405988416406, 51.887751729423314 ], [ -1.145560563600383, 51.903286303662149 ], [ -1.129233497484013, 51.923855706194878 ], [ -1.116525436059521, 51.937464229353317 ], [ -1.094322457276677, 51.956103959991793 ], [ -1.076452051791472, 51.965235035715104 ], [ -1.068460088032507, 51.981697139210034 ], [ -1.051795365510354, 51.984922815519745 ], [ -1.004414055256827, 51.99433937723304 ], [ -0.991995124962393, 51.993024500522587 ] ] ] } },
{ "type": "Feature", "properties": { "id": null }, "geometry": { "type": "MultiLineString", "coordinates": [ [ [ -0.991995124962393, 51.993024500522587 ], [ -0.954622133519428, 51.966767330050715 ], [ -0.936013511731966, 51.951148882422132 ], [ -0.907393243946061, 51.943899177685736 ], [ -0.891308431345896, 51.932999199042499 ], [ -0.882775698547874, 51.92552815612455 ], [ -0.855886322903738, 51.919759783533287 ], [ -0.826649147746586, 51.904286970536191 ], [ -0.826328577630641, 51.891921718058164 ], [ -0.840422100109813, 51.878222165913236 ], [ -0.836168906451719, 51.866220978229656 ], [ -0.819288012113972, 51.846298998727399 ], [ -0.81523998178371, 51.835105067821331 ], [ -0.820415946847328, 51.828842007314229 ], [ -0.810353811435597, 51.814899344320359 ], [ -0.815723837036344, 51.809444724385543 ], [ -0.798543120520457, 51.793681341175855 ], [ -0.779203458499533, 51.785551936654848 ], [ -0.76639589584661, 51.772315034532966 ] ] ] } },
{ "type": "Feature", "properties": { "id": null }, "geometry": { "type": "MultiLineString", "coordinates": [ [ [ -0.815723837036344, 51.809444724385543 ], [ -0.846004724957758, 51.823991909061299 ], [ -0.856604176341582, 51.834577187292304 ], [ -0.903345676363759, 51.845103431263695 ], [ -0.923649341458686, 51.85147321372024 ], [ -0.944795691995504, 51.850322625473822 ], [ -0.995305130286735, 51.859636005357437 ], [ -1.013608060519913, 51.86865965150082 ], [ -1.073428896700585, 51.872105147026495 ], [ -1.112306689781103, 51.877512300194837 ], [ -1.152405988416406, 51.887751729423314 ], [ -1.192633598698022, 51.903754733602206 ], [ -1.202432177344841, 51.916047204428317 ], [ -1.197428366006346, 51.938851494604123 ], [ -1.220262184519482, 51.954857754793544 ], [ -1.244308024693487, 51.964956014898398 ], [ -1.253931824103037, 51.976436283316097 ], [ -1.266426594576477, 51.999217903185574 ], [ -1.275859494356144, 52.009888813262947 ], [ -1.299172059448151, 52.027493087033704 ], [ -1.306894287875416, 52.036673337587537 ], [ -1.316267710110923, 52.052310529909406 ], [ -1.335958764092477, 52.066124365640611 ] ] ] } },
{ "type": "Feature", "properties": { "id": null }, "geometry": { "type": "MultiLineString", "coordinates": [ [ [ -1.29910137621622, 51.795437307966331 ], [ -1.295321740392919, 51.852536104142878 ], [ -1.304319812176155, 51.888055579411905 ], [ -1.288926813525352, 51.922622368669273 ], [ -1.285234368880577, 51.96102055445521 ], [ -1.310670866071535, 52.008189719842974 ], [ -1.299172059448151, 52.027493087033704 ] ] ] } },
{ "type": "Feature", "properties": { "id": null }, "geometry": { "type": "MultiLineString", "coordinates": [ [ [ -1.29910137621622, 51.795437307966331 ], [ -1.343963494524464, 51.832938056886043 ], [ -1.444445286263661, 51.838028562841963 ], [ -1.462910146766249, 51.857727457191736 ], [ -1.5213711732549, 51.886728052473984 ], [ -1.58073599675208, 51.877553708508273 ], [ -1.611949053447959, 51.894317468657654 ], [ -1.651294329195286, 51.931781772967284 ], [ -1.703745825933424, 51.977861016332582 ], [ -1.700370272138726, 51.98956459102741 ] ] ] } },
{ "type": "Feature", "properties": { "id": null }, "geometry": { "type": "MultiLineString", "coordinates": [ [ [ 1.880493743498231, 50.966193550826119 ], [ 1.857203571927472, 50.935235601135417 ], [ 1.805466066251883, 50.922791681023064 ], [ 1.788313457543211, 50.901816913383655 ], [ 1.755341625390231, 50.881902751199327 ], [ 1.731942476797404, 50.857177227440651 ], [ 1.693718541310101, 50.828083710750384 ], [ 1.680337680078688, 50.7865045419667 ], [ 1.665192037674418, 50.764552232299117 ], [ 1.658966064800275, 50.750928529273281 ], [ 1.62, 50.72 ] ] ] } },
{ "type": "Feature", "properties": { "id": null }, "geometry": { "type": "MultiLineString", "coordinates": [ [ [ 1.880493743498231, 50.966193550826119 ], [ 1.955053719892404, 50.972823842027807 ], [ 2.012421719145125, 50.983390497233657 ], [ 2.099398069588235, 50.983889126351222 ], [ 2.126838394212129, 50.987071903026731 ], [ 2.193513475284121, 50.993580357612466 ], [ 2.239997670633263, 50.996712660770498 ], [ 2.267728267298571, 50.997475409449081 ], [ 2.324651556966919, 51.011141962995481 ], [ 2.352675849631449, 51.020676812829166 ], [ 2.374436473620142, 51.035493810050284 ], [ 2.367, 51.05 ] ] ] } },
{ "type": "Feature", "properties": { "id": null }, "geometry": { "type": "MultiLineString", "coordinates": [ [ [ 2.374436473620142, 51.035493810050284 ], [ 2.386732081862554, 51.004282249486685 ], [ 2.390600422822474, 50.99137739960689 ], [ 2.406159569076193, 50.981435062966142 ], [ 2.435681513144969, 50.965573993054896 ], [ 2.487222328378186, 50.96338022777654 ], [ 2.543135953881278, 50.936961802927186 ], [ 2.573985558641674, 50.931549992598292 ], [ 2.589262161120367, 50.925679497566861 ], [ 2.60511190119031, 50.920674709989974 ], [ 2.62637455512108, 50.921752797738762 ], [ 2.635408431199241, 50.914107185461589 ], [ 2.644267947931445, 50.904805409411829 ], [ 2.650201164157263, 50.89750933757545 ], [ 2.652652086524559, 50.890265334253449 ], [ 2.673358728642843, 50.877330804764441 ], [ 2.692811802077446, 50.86952099651716 ], [ 2.711268328698492, 50.8597268056159 ], [ 2.726591941000174, 50.856035729361231 ], [ 2.768425649840657, 50.855269683550659 ], [ 2.800893002350232, 50.858398132462987 ], [ 2.826033706805057, 50.852840715055528 ], [ 2.862081501106375, 50.849598225712647 ], [ 2.879397037400481, 50.85130380414148 ] ] ] } },
{ "type": "Feature", "properties": { "id": null }, "geometry": { "type": "MultiLineString", "coordinates": [ [ [ 2.879397037400481, 50.85130380414148 ], [ 2.845839283732857, 50.916328991956696 ], [ 2.854625909496484, 50.934410364262199 ], [ 2.873412658839796, 50.955300298846367 ], [ 2.872426079330631, 50.991773829083115 ], [ 2.873303825240312, 51.008633710495864 ], [ 2.865019559804955, 51.030803972864653 ], [ 2.875437411230328, 51.056442064335222 ], [ 2.877166718541588, 51.06403795873657 ], [ 2.876063991405819, 51.074930202725696 ], [ 2.884503129952693, 51.084217338287935 ], [ 2.887989140967015, 51.091738196609704 ], [ 2.891196835346773, 51.101068446305156 ], [ 2.890355828730649, 51.112159372465541 ], [ 2.885815290793748, 51.120100511327657 ], [ 2.875088421394111, 51.129305257208607 ], [ 2.863500229758308, 51.140282873034856 ], [ 2.873115493407931, 51.15329602563515 ], [ 2.871839700654518, 51.165273618471403 ], [ 2.878613090964026, 51.172731504572518 ], [ 2.89148823196194, 51.190226216676443 ], [ 2.903617537096528, 51.194622149447653 ], [ 2.917, 51.217 ] ] ] } },
{ "type": "Feature", "properties": { "id": null }, "geometry": { "type": "MultiLineString", "coordinates": [ [ [ 3.226431435035902, 51.2087150531638 ], [ 3.223012724355335, 51.189613710841584 ], [ 3.237972337786056, 51.163097521806925 ], [ 3.211458961296831, 51.150446322382571 ], [ 3.153525816261444, 51.073994470072265 ], [ 3.148879883239064, 51.058380016890723 ], [ 3.154619618286095, 51.035345128299411 ], [ 3.13671940216864, 51.015292251564148 ], [ 3.12116843434245, 50.987340246503429 ], [ 3.119267608327954, 50.968964856920181 ], [ 3.127088321864457, 50.94751577212223 ], [ 3.129228298848148, 50.920615087559142 ], [ 3.11310073260183, 50.888972909609258 ], [ 3.11621757032039, 50.867974322028289 ], [ 3.118365080291641, 50.853492407448378 ], [ 3.110563494399244, 50.82818905581631 ], [ 3.121651750651775, 50.815702295420223 ], [ 3.141567542421858, 50.805932144477985 ], [ 3.127516918556703, 50.794606226713469 ], [ 3.13288930820621, 50.777144749581737 ], [ 3.140048342003669, 50.767709794198943 ], [ 3.144230668072233, 50.747139799837548 ], [ 3.15, 50.717 ], [ 3.128954196272948, 50.69436221891111 ], [ 3.105639936732327, 50.672876644468062 ], [ 3.088385937797018, 50.657229140987766 ], [ 3.077448328579561, 50.645612139983328 ], [ 3.067, 50.633 ] ] ] } },
{ "type": "Feature", "properties": { "id": null }, "geometry": { "type": "MultiLineString", "coordinates": [ [ [ 3.127516918556703, 50.794606226713469 ], [ 3.177522383964252, 50.807920998423945 ], [ 3.209144414076079, 50.81271103874802 ], [ 3.251075452737328, 50.818096337444892 ], [ 3.264319990287442, 50.830172600753926 ], [ 3.308437259903619, 50.852274800013454 ], [ 3.320831191764158, 50.860479428815097 ], [ 3.336485138790124, 50.868140546779664 ], [ 3.379045354779667, 50.889761711390939 ], [ 3.40533728370422, 50.90404710642435 ], [ 3.445342648815358, 50.921660899452739 ], [ 3.497466154488342, 50.956590820476258 ], [ 3.528181765393279, 50.980560364291136 ], [ 3.596621081554398, 50.987828410780679 ], [ 3.623119848431717, 51.003529974782388 ], [ 3.657996584186231, 51.015303713101638 ], [ 3.679739936336031, 51.019413914331736 ], [ 3.689644750110502, 51.025375227413249 ], [ 3.702528530802152, 51.028632304022445 ], [ 3.709792468054854, 51.034867697166703 ], [ 3.717, 51.05 ] ] ] } },
{ "type": "Feature", "properties": { "id": null }, "geometry": { "type": "MultiLineString", "coordinates": [ [ [ 2.879397037400481, 50.85130380414148 ], [ 2.893525175609946, 50.826551629857015 ], [ 2.8951304367062, 50.816055665969252 ], [ 2.891420701826082, 50.806327813886377 ], [ 2.891531063934802, 50.794278198403028 ], [ 2.905402114571506, 50.79038421160643 ], [ 2.915819509837298, 50.782622852403229 ], [ 2.929586583364161, 50.771778521002389 ], [ 2.9362145447798, 50.7623215362892 ], [ 2.94481916364174, 50.758830744710707 ], [ 2.951817749156584, 50.754510368820661 ], [ 2.954682110700745, 50.747013976278396 ], [ 2.958633239986769, 50.739949396342062 ], [ 2.976865828365626, 50.726085936333369 ], [ 2.985623890905824, 50.72150600716239 ], [ 2.998904196660544, 50.709821670883336 ], [ 3.017224315260453, 50.702899033869222 ], [ 3.032306604758796, 50.698334621767899 ], [ 3.044262319501915, 50.695405695634612 ], [ 3.058822556680135, 50.690441185450361 ], [ 3.070385697683387, 50.682372077387733 ], [ 3.070339921218987, 50.671045563614555 ], [ 3.064924955822588, 50.664874320190592 ], [ 3.065859544189109, 50.654702740996257 ], [ 3.062017333433291, 50.645703852482953 ] ] ] } },
{ "type": "Feature", "properties": { "id": null }, "geometry": { "type": "MultiLineString", "coordinates": [ [ [ 3.062017333433291, 50.645703852482953 ], [ 3.067, 50.633 ] ] ] } },
{ "type": "Feature", "properties": { "id": null }, "geometry": { "type": "MultiLineString", "coordinates": [ [ [ 2.25, 50.75 ], [ 2.261162561535387, 50.734746872913526 ], [ 2.273417451409054, 50.730452582915689 ], [ 2.292812743009975, 50.717861590756151 ], [ 2.305060088524095, 50.713563831793941 ], [ 2.319774128173314, 50.715279262590386 ], [ 2.329974405987338, 50.709379852872488 ], [ 2.34753867250383, 50.693734050587423 ], [ 2.363980958885916, 50.691903453448703 ], [ 2.384593054690716, 50.678648947836329 ], [ 2.394736635121455, 50.658849522494087 ], [ 2.398900915633586, 50.647427296679133 ], [ 2.402452749155586, 50.637725387057991 ] ] ] } },
{ "type": "Feature", "properties": { "id": null }, "geometry": { "type": "MultiLineString", "coordinates": [ [ [ 2.402452749155586, 50.637725387057991 ], [ 2.404915265275546, 50.607613690888876 ], [ 2.406442582218042, 50.59821020165154 ], [ 2.409142894301784, 50.581573132942793 ], [ 2.414632846452449, 50.576087496899497 ], [ 2.432285478205647, 50.57359851121543 ], [ 2.456207897882655, 50.567864229861414 ], [ 2.474436456956095, 50.561751609854596 ] ] ] } },
{ "type": "Feature", "properties": { "id": null }, "geometry": { "type": "MultiLineString", "coordinates": [ [ [ 2.474436456956092, 50.56175160985461 ], [ 2.507119842035352, 50.551464920601127 ], [ 2.523406958872243, 50.543025180588302 ], [ 2.564806619282115, 50.542794730431652 ], [ 2.584720135375613, 50.533120313287966 ], [ 2.60962498277131, 50.528150731314312 ], [ 2.649348735173791, 50.529333913265745 ] ] ] } },
{ "type": "Feature", "properties": { "id": null }, "geometry": { "type": "MultiLineString", "coordinates": [ [ [ 2.649348735173787, 50.529333913265752 ], [ 2.690601689024416, 50.536658485276106 ], [ 2.702496487875011, 50.531569512707421 ], [ 2.72098163243897, 50.525923820689222 ], [ 2.734919871461978, 50.522423322681078 ], [ 2.754621276246054, 50.521234768526 ], [ 2.773756762599319, 50.521225233683744 ], [ 2.790119785659078, 50.519332852757039 ], [ 2.80484413347257, 50.525617688737974 ], [ 2.821996554736913, 50.541065517035797 ], [ 2.835093716933898, 50.545538834950371 ], [ 2.852817974483929, 50.549811926662031 ], [ 2.86614076845588, 50.552833994090221 ], [ 2.872955804818461, 50.558373026305631 ], [ 2.888901130787871, 50.561798804260391 ], [ 2.898581864293621, 50.563616608992575 ], [ 2.917898740029055, 50.572118235174834 ], [ 2.929780519099923, 50.579671082285962 ], [ 2.945752856322151, 50.585525621675707 ], [ 2.950267510489263, 50.591161401290073 ], [ 2.963677779243309, 50.598804095499744 ], [ 2.968050646576315, 50.605404500704559 ], [ 2.974451324326019, 50.608719110762621 ], [ 2.987255314178842, 50.615347278065997 ], [ 3.003679696141482, 50.618297854736007 ], [ 3.015547312900828, 50.620968836763481 ], [ 3.042284406486017, 50.621618244105306 ], [ 3.048147756532388, 50.62343462060403 ], [ 3.067, 50.633 ] ] ] } },
{ "type": "Feature", "properties": { "id": null }, "geometry": { "type": "MultiLineString", "coordinates": [ [ [ 3.067, 50.633 ], [ 3.076416197000741, 50.602349072985554 ], [ 3.06251371670503, 50.592742544784031 ], [ 3.050994785230589, 50.577433686881704 ], [ 3.03767833682073, 50.563962417390208 ], [ 3.028552530807982, 50.542950837633192 ], [ 3.000373536264158, 50.526620933875556 ], [ 2.979648912684, 50.51171429687782 ], [ 2.96074193952129, 50.494966456487568 ], [ 2.955838792983363, 50.486871079021682 ], [ 2.93867305365053, 50.478994059818284 ], [ 2.916969082130178, 50.470833471660782 ], [ 2.900398598370377, 50.459089674355248 ], [ 2.865231628858251, 50.449108053724082 ], [ 2.854294811059873, 50.44063075197505 ], [ 2.833266207340362, 50.428773434179618 ], [ 2.830204186249931, 50.398199252164702 ], [ 2.808221601718638, 50.382202201873802 ], [ 2.795503052905969, 50.375554549292211 ], [ 2.793773047104388, 50.35693113407244 ], [ 2.782096992556454, 50.343526075365489 ], [ 2.780224836881379, 50.325867471916851 ], [ 2.779600984604891, 50.319981246490663 ], [ 2.77536774579186, 50.317764486057492 ], [ 2.774699039559812, 50.291449915500486 ] ] ] } },
{ "type": "Feature", "properties": { "id": null }, "geometry": { "type": "MultiLineString", "coordinates": [ [ [ 2.649348735173787, 50.529333913265752 ], [ 2.656935382357072, 50.508631496695166 ], [ 2.671017966270449, 50.496864355179582 ], [ 2.672373781089148, 50.488180183230057 ], [ 2.690412160060585, 50.475494866139897 ], [ 2.695698744926964, 50.466087055643563 ], [ 2.694627996991545, 50.458222478517484 ], [ 2.693025735952385, 50.448862118186106 ], [ 2.695356927652685, 50.438778386267415 ], [ 2.702832360940863, 50.42999748870303 ], [ 2.713180752958591, 50.422373849721524 ], [ 2.722854138685717, 50.419091768165472 ], [ 2.733408991572481, 50.40514549848487 ], [ 2.736954511536811, 50.401960062882807 ], [ 2.743065019211841, 50.396988421184865 ], [ 2.744403306720435, 50.388302984010032 ], [ 2.741813827832253, 50.380342636540604 ], [ 2.73719337582316, 50.375663842484357 ], [ 2.739498132616573, 50.360705595775094 ], [ 2.744908811004549, 50.350329911030727 ], [ 2.745489696150994, 50.341596351161826 ], [ 2.747121898299947, 50.330980577260696 ], [ 2.751684354517346, 50.316165666461266 ], [ 2.758906185894132, 50.308828117165504 ], [ 2.761066258033124, 50.299707520999434 ], [ 2.774699039559812, 50.291449915500486 ] ] ] } },
{ "type": "Feature", "properties": { "id": null }, "geometry": { "type": "MultiLineString", "coordinates": [ [ [ 3.118803439045644, 50.520155391377813 ], [ 3.10647923757592, 50.536875010009389 ], [ 3.105717358851551, 50.545961129555273 ], [ 3.117225376390071, 50.553592716405362 ], [ 3.121959927911534, 50.560451658228857 ], [ 3.126733865123642, 50.570965360733808 ], [ 3.121669921918052, 50.581985149327345 ], [ 3.118722014952768, 50.594227529596949 ], [ 3.108045973258642, 50.608197735148444 ], [ 3.093231761634923, 50.61899614622957 ], [ 3.067, 50.633 ] ] ] } },
{ "type": "Feature", "properties": { "id": null }, "geometry": { "type": "MultiLineString", "coordinates": [ [ [ 3.067, 50.367 ], [ 3.091955641979047, 50.382871704327322 ], [ 3.107801768977104, 50.391864486019301 ], [ 3.128178024162112, 50.405145129491437 ], [ 3.140580747548953, 50.414290968961986 ], [ 3.138430097081961, 50.425120179207561 ], [ 3.133062407146189, 50.434441377043775 ], [ 3.134579842449948, 50.443664267166668 ], [ 3.139042875245602, 50.45233314524868 ], [ 3.136889511578742, 50.463162187648187 ], [ 3.142345367857285, 50.468968148234104 ], [ 3.14268908148277, 50.474467753113345 ], [ 3.134813260279945, 50.481301251510281 ], [ 3.137997586168431, 50.48697112831546 ], [ 3.132074662425425, 50.496113155980012 ], [ 3.129112288253098, 50.500684037751306 ], [ 3.12252604740875, 50.506498484448834 ], [ 3.123989680922325, 50.516083415871691 ], [ 3.118803439045644, 50.520155391377813 ] ] ] } },
{ "type": "Feature", "properties": { "id": null }, "geometry": { "type": "MultiLineString", "coordinates": [ [ [ 2.885912373351129, 50.330662080472621 ], [ 2.904099147268339, 50.333255134771065 ], [ 2.93062373425483, 50.333621400332035 ], [ 2.949340493120267, 50.334595788856049 ], [ 2.972238334512871, 50.334363053050879 ], [ 2.991278666603311, 50.333158409436216 ], [ 3.015231594861489, 50.337365795081936 ], [ 3.030327696332791, 50.341575860657827 ], [ 3.035351424078168, 50.346266108120595 ], [ 3.042482376131196, 50.352180374656925 ], [ 3.049935175540958, 50.355921801072839 ], [ 3.067, 50.367 ] ] ] } },
{ "type": "Feature", "properties": { "id": null }, "geometry": { "type": "MultiLineString", "coordinates": [ [ [ 2.774699039559812, 50.291449915500486 ], [ 2.789619738827256, 50.297544271083453 ], [ 2.798204420644464, 50.308683468635749 ], [ 2.822541549105404, 50.310216442240723 ], [ 2.834389470654617, 50.314980247566318 ], [ 2.843865480150439, 50.320324838392459 ], [ 2.866073686143811, 50.32463780421061 ], [ 2.885912373351129, 50.330662080472621 ] ] ] } },
{ "type": "Feature", "properties": { "id": null }, "geometry": { "type": "MultiLineString", "coordinates": [ [ [ 3.717, 51.05 ], [ 3.748824761277896, 51.03851558992752 ], [ 3.784431788244724, 51.028023485398307 ], [ 3.807141095626813, 51.009896798080931 ], [ 3.837397259723429, 50.995818562739892 ], [ 3.848024029549486, 50.983829258565663 ], [ 3.86872042183249, 50.97178973518502 ], [ 3.88835296481422, 50.963340318041233 ], [ 3.909749175715207, 50.954615874098195 ], [ 3.94631309655387, 50.949237969524091 ], [ 3.976842140829525, 50.945724068676896 ], [ 4.003779649153861, 50.943110769830703 ], [ 4.020750326757644, 50.937056711580617 ], [ 4.033, 50.933 ] ] ] } },
{ "type": "Feature", "properties": { "id": null }, "geometry": { "type": "MultiLineString", "coordinates": [ [ [ 3.717, 51.05 ], [ 3.72848209868611, 51.024420624705705 ], [ 3.726506828462606, 51.013363134555725 ], [ 3.760667905396486, 51.000610486334359 ], [ 3.790211499441228, 50.987600717727553 ], [ 3.802223680203476, 50.967075787753892 ], [ 3.788099818060691, 50.942957911536219 ], [ 3.785000559349784, 50.914321369673388 ], [ 3.815277676329792, 50.877987916169005 ], [ 3.814915030399092, 50.863368822402116 ], [ 3.810643429484726, 50.843430066834088 ], [ 3.813055361787723, 50.825309753504904 ], [ 3.826182081136234, 50.816815635956381 ], [ 3.84661810760337, 50.801848962911762 ], [ 3.864654234957588, 50.796240909961519 ], [ 3.878772469795004, 50.776553119453169 ], [ 3.87285878239168, 50.760179704172032 ], [ 3.858179457816019, 50.74917821005829 ], [ 3.844272249978953, 50.732375963229948 ], [ 3.824084434541523, 50.719614593464883 ], [ 3.820193141114676, 50.705535677939963 ], [ 3.80602305815655, 50.690903394552826 ], [ 3.79710279502093, 50.671442101500169 ], [ 3.795601799774626, 50.656760620265658 ], [ 3.785343357740776, 50.647446018481943 ], [ 3.780355548117145, 50.631362873649259 ] ] ] } },
{ "type": "Feature", "properties": { "id": null }, "geometry": { "type": "MultiLineString", "coordinates": [ [ [ 4.033, 50.933 ], [ 4.072323115890319, 50.927964121915693 ], [ 4.090889208531178, 50.918333311496554 ], [ 4.114337305819351, 50.911138042817328 ], [ 4.162237259261937, 50.916123004874414 ], [ 4.18594095141091, 50.920602224300232 ], [ 4.208136381420079, 50.914055175275138 ], [ 4.218374619800482, 50.901433422744532 ], [ 4.237956715669793, 50.892561257469737 ], [ 4.258490252914277, 50.889935664894551 ], [ 4.272836116203312, 50.890648109880196 ], [ 4.289355916194627, 50.883075214434079 ], [ 4.295722322271979, 50.87353958387439 ], [ 4.313205079373874, 50.862727841820593 ], [ 4.326842777645318, 50.850265513556259 ], [ 4.333372851156062, 50.832768306442603 ] ] ] } },
{ "type": "Feature", "properties": { "id": null }, "geometry": { "type": "MultiLineString", "coordinates": [ [ [ 4.333372851156062, 50.832768306442603 ], [ 4.362616534116215, 50.835894235506601 ], [ 4.391860898163065, 50.846804386622843 ], [ 4.42953906624381, 50.854830853652537 ], [ 4.449675702222589, 50.864920548517141 ], [ 4.492311764666205, 50.870245653572205 ], [ 4.529115398149967, 50.871266120215999 ], [ 4.551831685027948, 50.869422391091987 ], [ 4.582493513028457, 50.868676886179102 ], [ 4.606200902065612, 50.863221805135694 ], [ 4.633373558759564, 50.86266463411296 ], [ 4.665574595331851, 50.868533685459298 ], [ 4.685649779737374, 50.874565388420585 ], [ 4.7, 50.883 ] ] ] } },
{ "type": "Feature", "properties": { "id": null }, "geometry": { "type": "MultiLineString", "coordinates": [ [ [ 4.698829870367196, 50.883402775706607 ], [ 4.722792338702222, 50.909164209578336 ], [ 4.748880663099094, 50.933692537789653 ], [ 4.774582130472269, 50.951632220259874 ], [ 4.794869389003928, 50.956193872326978 ], [ 4.836443950026658, 50.966809313882223 ], [ 4.879641293651382, 50.962895275818397 ], [ 4.922513046201209, 50.961868133932683 ], [ 4.979183789806823, 50.961424992758126 ], [ 5.018054866931609, 50.965293310238202 ], [ 5.049332108641638, 50.975386291969016 ], [ 5.051531857556486, 50.984641326930479 ] ] ] } },
{ "type": "Feature", "properties": { "id": null }, "geometry": { "type": "MultiLineString", "coordinates": [ [ [ 4.7, 50.883 ], [ 4.729442908944338, 50.860744962522531 ], [ 4.770419590805996, 50.855314873523177 ], [ 4.804908453929852, 50.845932059788367 ], [ 4.835942424143553, 50.836384900541702 ], [ 4.861735770476016, 50.832431096740692 ], [ 4.898481832271551, 50.82312214088234 ], [ 4.933596383551159, 50.806434234558253 ] ] ] } },
{ "type": "Feature", "properties": { "id": null }, "geometry": { "type": "MultiLineString", "coordinates": [ [ [ 4.93359638355116, 50.806434234558246 ], [ 4.967579274970079, 50.80209129935168 ], [ 5.00205444257209, 50.797391906229898 ], [ 5.04384986494499, 50.799560232381921 ], [ 5.079610914774509, 50.804372783827468 ], [ 5.109875319511181, 50.806753585260907 ], [ 5.145994631983878, 50.813747777836603 ], [ 5.183947019843724, 50.81424461611207 ] ] ] } },
{ "type": "Feature", "properties": { "id": null }, "geometry": { "type": "MultiLineString", "coordinates": [ [ [ 4.333372851156062, 50.832768306442603 ], [ 4.390650142093635, 50.800415798726682 ], [ 4.423302637280052, 50.77792351064523 ], [ 4.442295558792428, 50.763519903921164 ], [ 4.420409922373324, 50.734737521053646 ], [ 4.421357214203756, 50.708100885089593 ], [ 4.414351458791989, 50.689208413332196 ], [ 4.415169440387924, 50.653497302385752 ], [ 4.438377792117388, 50.622519849010921 ], [ 4.452841983182624, 50.614755660414339 ], [ 4.457565435369407, 50.608782070994494 ], [ 4.461321470484963, 50.58671068838246 ], [ 4.457634030103661, 50.569387291564908 ], [ 4.482530085373559, 50.559496745448151 ], [ 4.520379595087808, 50.544566265532758 ], [ 4.533283940585107, 50.539527629064196 ], [ 4.550404437372694, 50.532681713663358 ], [ 4.577034740479424, 50.527742392326019 ], [ 4.599846100707962, 50.526082619826013 ], [ 4.64517942078948, 50.520219428941992 ], [ 4.681640073218932, 50.511702886646027 ], [ 4.705643500616137, 50.501871438536796 ], [ 4.734149834330665, 50.492606927608549 ], [ 4.757687517108877, 50.486755815606514 ], [ 4.771584834577947, 50.480096156406567 ], [ 4.796249464761235, 50.474288929369351 ], [ 4.827297060735204, 50.472776479338179 ], [ 4.867, 50.467 ] ] ] } },
{ "type": "Feature", "properties": { "id": null }, "geometry": { "type": "MultiLineString", "coordinates": [ [ [ 4.333372851156062, 50.832768306442603 ], [ 4.310346684758461, 50.814429948840264 ], [ 4.300681121187668, 50.7803880910297 ], [ 4.285385182250899, 50.754821533455072 ], [ 4.271693922891761, 50.725683512159428 ], [ 4.244623728599627, 50.711928235479469 ], [ 4.213331769362239, 50.704521260752017 ], [ 4.203521190590107, 50.690892150971024 ], [ 4.205769322400438, 50.672761842042959 ], [ 4.164389631734578, 50.645127498105701 ], [ 4.146744167714659, 50.620877069755295 ], [ 4.137746460686722, 50.610201170436525 ], [ 4.10874890479474, 50.587917803090704 ], [ 4.064807790660471, 50.574707059498714 ], [ 4.050710418948618, 50.54792117120784 ], [ 4.043702983170466, 50.539893961653767 ], [ 4.024856387457191, 50.523586272924433 ], [ 4.005844475718311, 50.510915731960125 ], [ 3.987672707003568, 50.49846810931971 ], [ 3.967170750495041, 50.488631757583761 ], [ 3.951967554464974, 50.482173403320544 ], [ 3.945026173290206, 50.452720005528029 ] ] ] } },
{ "type": "Feature", "properties": { "id": null }, "geometry": { "type": "MultiLineString", "coordinates": [ [ [ 3.945026173290206, 50.452720005528029 ], [ 3.910794990158987, 50.449917994122472 ], [ 3.863951752215939, 50.451943708814262 ], [ 3.835728939955768, 50.44458782076353 ], [ 3.802512983531009, 50.430018888303067 ], [ 3.770904938078092, 50.422462632183731 ], [ 3.717356909526709, 50.412234523601377 ], [ 3.685011839389672, 50.406073192818134 ], [ 3.641959375240981, 50.394561613405259 ], [ 3.614272979447791, 50.387907965657014 ], [ 3.567061533035293, 50.373578469383759 ], [ 3.533, 50.35 ] ] ] } },
{ "type": "Feature", "properties": { "id": null }, "geometry": { "type": "MultiLineString", "coordinates": [ [ [ 3.123989680922325, 50.516083415871691 ], [ 3.146064175389269, 50.516547444854339 ], [ 3.174709033941714, 50.506934223396307 ], [ 3.193846899375859, 50.49517943576619 ], [ 3.212069773295081, 50.478181267214126 ], [ 3.238245605216849, 50.47151202449642 ], [ 3.240767767154502, 50.465926811046963 ], [ 3.264323068395054, 50.461471341191263 ], [ 3.295309902333951, 50.457081493955229 ], [ 3.328771158870968, 50.455384161110914 ], [ 3.349365294561339, 50.447452572146425 ], [ 3.375084985928623, 50.440471722866548 ], [ 3.397440800994243, 50.442311227875599 ], [ 3.425893972315731, 50.44559211017981 ], [ 3.447927270314707, 50.429620018008663 ], [ 3.450776279207818, 50.417367840506166 ], [ 3.464190644021579, 50.403163703117102 ], [ 3.477496364793132, 50.389682437682062 ], [ 3.501135393753808, 50.37167579669741 ], [ 3.533, 50.35 ] ] ] } },
{ "type": "Feature", "properties": { "id": null }, "geometry": { "type": "MultiLineString", "coordinates": [ [ [ 3.067, 50.633 ], [ 3.117181994560713, 50.625018613466459 ], [ 3.137418188095645, 50.618376795861565 ], [ 3.162516818230245, 50.610669994157426 ], [ 3.178012943418397, 50.608852612471637 ], [ 3.193182162943137, 50.613222876521206 ], [ 3.208498049070331, 50.610660253008085 ], [ 3.223812205065687, 50.608095569700161 ], [ 3.235394975537305, 50.608870015199429 ], [ 3.242234338599823, 50.60826848264346 ], [ 3.251117802721478, 50.609430220193381 ], [ 3.256223510903268, 50.606899854130553 ], [ 3.267050194331317, 50.607535377911006 ], [ 3.274211525855227, 50.608685593881411 ], [ 3.299832249915845, 50.610147249901402 ], [ 3.31117781924389, 50.607156899437541 ], [ 3.323972296527729, 50.604067177753315 ], [ 3.342931437273616, 50.604072659912234 ], [ 3.358627892282811, 50.604799243641281 ], [ 3.383, 50.6 ] ] ] } },
{ "type": "Feature", "properties": { "id": null }, "geometry": { "type": "MultiLineString", "coordinates": [ [ [ 3.383, 50.6 ], [ 3.426296837707271, 50.60321666603221 ], [ 3.451612812213952, 50.598821234320717 ], [ 3.468275962506952, 50.594658669567593 ], [ 3.503135331873077, 50.595906697717751 ], [ 3.544978970601877, 50.592315972648528 ], [ 3.56732654240497, 50.592657733159285 ], [ 3.590045851240607, 50.594476257164359 ], [ 3.622507019498205, 50.600665130372832 ], [ 3.648241220638764, 50.603150392444377 ], [ 3.679949852254793, 50.610741009679153 ], [ 3.705444816695495, 50.617616984548391 ], [ 3.727804133458542, 50.626506018276544 ], [ 3.753846458277169, 50.629385090155751 ], [ 3.780355548117145, 50.631362873649259 ] ] ] } },
{ "type": "Feature", "properties": { "id": null }, "geometry": { "type": "MultiLineString", "coordinates": [ [ [ 3.945026173290206, 50.452720005528029 ], [ 4.001548231561752, 50.450765508712195 ], [ 4.020658250978977, 50.457968911207765 ], [ 4.03965363250843, 50.470637039719897 ], [ 4.074091471203325, 50.469868789661405 ], [ 4.097200911447115, 50.468142270331192 ], [ 4.125884311879757, 50.472170782517296 ], [ 4.166471218433049, 50.477163373094704 ], [ 4.19100472945875, 50.482423377359659 ], [ 4.221599462686346, 50.480321114155203 ], [ 4.256363581519648, 50.467473721346138 ], [ 4.282576124673275, 50.45893331261167 ], [ 4.322773361072519, 50.457648521906705 ], [ 4.380286445621572, 50.455011388569019 ], [ 4.417862895368715, 50.437148002773704 ], [ 4.446987402630175, 50.409972077449346 ] ] ] } },
{ "type": "Feature", "properties": { "id": null }, "geometry": { "type": "MultiLineString", "coordinates": [ [ [ 3.067, 50.367 ], [ 3.082435061669475, 50.340158690949792 ], [ 3.095036967929697, 50.332154034736149 ], [ 3.114034456222069, 50.324923657028258 ], [ 3.132184057446849, 50.317980345027379 ], [ 3.134772237673544, 50.30279410224923 ], [ 3.134772237673544, 50.30279410224923 ], [ 3.149801329811591, 50.291033958407596 ], [ 3.149801329811591, 50.291033958407596 ], [ 3.149801329811591, 50.291033958407596 ], [ 3.149801329811591, 50.291033958407596 ], [ 3.149801329811591, 50.291033958407596 ], [ 3.159345919124665, 50.275047258745673 ], [ 3.162144782443937, 50.253054956779792 ], [ 3.173648574601792, 50.228661942633522 ], [ 3.180825267333899, 50.214188328210888 ], [ 3.180825267333899, 50.214188328210888 ], [ 3.197839424642295, 50.198889720934346 ], [ 3.197839424642295, 50.198889720934346 ], [ 3.208768716216957, 50.19418440855334 ], [ 3.224593709560914, 50.187090837305135 ], [ 3.222492287432801, 50.174599651269844 ] ] ] } },
{ "type": "Feature", "properties": { "id": null }, "geometry": { "type": "MultiLineString", "coordinates": [ [ [ 3.222492287432801, 50.174599651269844 ], [ 3.249270900861088, 50.181250718550935 ], [ 3.273400354806664, 50.191808994096434 ], [ 3.281823008791704, 50.200706320954538 ], [ 3.299034128471793, 50.211946004071393 ], [ 3.318102180983145, 50.222195852566152 ], [ 3.325101129777195, 50.233197113070894 ], [ 3.323729913117978, 50.251012418939744 ], [ 3.324970757099932, 50.2583893261531 ], [ 3.319093401892742, 50.281371702738966 ] ] ] } },
{ "type": "Feature", "properties": { "id": null }, "geometry": { "type": "MultiLineString", "coordinates": [ [ [ 3.319093401892742, 50.281371702738966 ], [ 3.362412686960793, 50.292346134113004 ], [ 3.377350663635724, 50.29978716526383 ], [ 3.391059274427879, 50.307885230919773 ], [ 3.411205139713549, 50.314892258645401 ], [ 3.42813513758784, 50.312216010981736 ], [ 3.438304106976398, 50.304767046512531 ], [ 3.450999765681543, 50.299653263470155 ], [ 3.474248759273955, 50.309017792060565 ], [ 3.4904417876364, 50.315784335255564 ], [ 3.495775180479546, 50.32266080814307 ], [ 3.514789523072162, 50.325567586588015 ], [ 3.517045366222482, 50.334093784928022 ], [ 3.520415690186988, 50.338666598617387 ], [ 3.533, 50.35 ] ] ] } },
{ "type": "Feature", "properties": { "id": null }, "geometry": { "type": "MultiLineString", "coordinates": [ [ [ 2.93112373867863, 49.929592613472209 ], [ 2.931471890727265, 49.94157034765513 ], [ 2.928402180410579, 49.952097168027031 ], [ 2.921243549669947, 49.967240816712078 ], [ 2.915347735103686, 49.981488650414448 ], [ 2.908694576247379, 50.000804556188157 ], [ 2.909955616942334, 50.010140000543842 ], [ 2.913702408423345, 50.015489403609656 ], [ 2.910786246399921, 50.022371667629699 ], [ 2.914302391988722, 50.026732207103564 ] ] ] } },
{ "type": "Feature", "properties": { "id": null }, "geometry": { "type": "MultiLineString", "coordinates": [ [ [ 2.914302391988722, 50.026732207103564 ], [ 2.915155643376945, 50.03881897863377 ], [ 2.909858549255172, 50.048963075911438 ], [ 2.903612763663507, 50.057829805665577 ], [ 2.890822881122608, 50.064825560390638 ], [ 2.883480857711247, 50.073379280866504 ], [ 2.878837230335404, 50.081614504173615 ], [ 2.873693802973291, 50.088113068861318 ], [ 2.86448919004305, 50.093869482990215 ], [ 2.853344205530469, 50.102426619378399 ] ] ] } },
{ "type": "Feature", "properties": { "id": null }, "geometry": { "type": "MultiLineString", "coordinates": [ [ [ 2.853344205530469, 50.102426619378399 ], [ 2.849376452765553, 50.11367548522567 ], [ 2.848141502846619, 50.121880494510769 ], [ 2.836768235504292, 50.131883765378198 ], [ 2.826675256291075, 50.143428510672429 ], [ 2.827933352186732, 50.155201138424644 ], [ 2.827226535350113, 50.164901033037815 ], [ 2.822975783944122, 50.172915934362706 ], [ 2.820031274674119, 50.18734700173799 ], [ 2.81878839280763, 50.195551431769005 ], [ 2.81535923498015, 50.20313077913881 ], [ 2.814480956627546, 50.20892207253263 ], [ 2.817075395689378, 50.216881209485067 ], [ 2.80552462570538, 50.227845972314739 ], [ 2.799076787655864, 50.235234449137842 ], [ 2.793693037125034, 50.245613311405769 ], [ 2.792957972647289, 50.250439159065039 ], [ 2.79064163992589, 50.255652273583493 ], [ 2.779295667071426, 50.265166353539989 ], [ 2.778042683845285, 50.273370049046008 ], [ 2.775723395497115, 50.27858279591451 ], [ 2.774699039559812, 50.291449915500486 ] ] ] } },
{ "type": "Feature", "properties": { "id": null }, "geometry": { "type": "MultiLineString", "coordinates": [ [ [ 2.33965935622633, 50.157742028233059 ], [ 2.356900473674258, 50.161582555129009 ], [ 2.386602263833933, 50.163573514252505 ], [ 2.416518360612185, 50.168983021739244 ], [ 2.432013385253772, 50.169526915003829 ], [ 2.444868007122488, 50.172330616085866 ], [ 2.480150471915389, 50.187095870293689 ], [ 2.50986234038581, 50.193928164749011 ], [ 2.52625836286898, 50.200853994181131 ], [ 2.550747258041286, 50.21196199110345 ], [ 2.591778428123567, 50.221947746252589 ], [ 2.643365278796958, 50.23362302349765 ], [ 2.661450002082737, 50.239661950246798 ], [ 2.680754665267286, 50.252598185800736 ], [ 2.695919100620487, 50.262829049523269 ], [ 2.707766578977689, 50.269921855886359 ], [ 2.72361060366562, 50.275806448253725 ], [ 2.743660426338559, 50.274160148367251 ], [ 2.766518950698981, 50.279022717351907 ], [ 2.774699039559812, 50.291449915500486 ] ] ] } },
{ "type": "Feature", "properties": { "id": null }, "geometry": { "type": "MultiLineString", "coordinates": [ [ [ 2.3, 49.9 ], [ 2.311659910349314, 49.924183249203402 ], [ 2.311166111751411, 49.931950281085548 ], [ 2.312966928102246, 49.944260726753157 ], [ 2.305055584632278, 49.96517546126416 ], [ 2.312409331347762, 49.975912327398945 ], [ 2.319493680097972, 49.983168855712172 ], [ 2.311839451011552, 49.997763661333849 ], [ 2.316731465867525, 50.00735796107486 ], [ 2.320009408560083, 50.017573996055667 ], [ 2.31855645884607, 50.028932380955936 ], [ 2.322092988768636, 50.042724560371589 ], [ 2.326615836915146, 50.052293011075406 ], [ 2.32454306179795, 50.060440662614347 ], [ 2.323984316802291, 50.06625305196016 ], [ 2.325390450264205, 50.076342021065877 ], [ 2.327133434605084, 50.086697416104968 ], [ 2.333123577765246, 50.096608021707915 ], [ 2.332051327968369, 50.105603260338086 ], [ 2.340350336298142, 50.112987702225738 ], [ 2.339428805635554, 50.123406818484305 ], [ 2.336252305874279, 50.133674010411823 ], [ 2.337221821038223, 50.141783034851471 ], [ 2.337400888439556, 50.150082532710556 ], [ 2.33965935622633, 50.157742028233059 ] ] ] } },
{ "type": "Feature", "properties": { "id": null }, "geometry": { "type": "MultiLineString", "coordinates": [ [ [ 2.334619454379395, 50.379550076124971 ], [ 2.354311719870212, 50.378188646481853 ], [ 2.366078685756349, 50.371541833783525 ], [ 2.378096519365089, 50.366860538985556 ], [ 2.394547251789906, 50.366616658996776 ], [ 2.408418333805978, 50.364614833725852 ], [ 2.4306403620983, 50.364066878596404 ], [ 2.463855338201322, 50.359195859201265 ], [ 2.482262427994865, 50.353829141540992 ], [ 2.509188730277351, 50.352430503512402 ], [ 2.531675976049022, 50.349419514447909 ], [ 2.554755279510957, 50.347466307815516 ], [ 2.572498737410104, 50.348621748133048 ], [ 2.58817056148308, 50.343548276039392 ], [ 2.617012665465826, 50.337132245908506 ], [ 2.639922040648968, 50.332032625957311 ], [ 2.656070800476504, 50.326250327441244 ], [ 2.680548198550923, 50.315883795171345 ], [ 2.696010348940761, 50.312001480669572 ], [ 2.707734490658798, 50.30763479319527 ], [ 2.723717505937791, 50.302807744842106 ], [ 2.737440218665654, 50.300271080023322 ], [ 2.752892322403175, 50.296380945904282 ], [ 2.774699039559812, 50.291449915500486 ] ] ] } },
{ "type": "Feature", "properties": { "id": null }, "geometry": { "type": "MultiLineString", "coordinates": [ [ [ 2.33965935622633, 50.157742028233059 ], [ 2.333340344718502, 50.178961286037946 ], [ 2.338444929766007, 50.194417213371494 ], [ 2.340257256400963, 50.206726378483793 ], [ 2.336124722148411, 50.220975572881187 ], [ 2.330279138312792, 50.228869524538617 ], [ 2.313536050372552, 50.238222431458439 ], [ 2.307723550333611, 50.245874013230363 ], [ 2.295984226571898, 50.254831223952351 ], [ 2.291060831507745, 50.264004828024802 ], [ 2.292940763438564, 50.275832182460128 ], [ 2.293414268645923, 50.282738063591665 ], [ 2.290866864478275, 50.291341057306177 ], [ 2.291533340045058, 50.301965037905291 ], [ 2.299783648555042, 50.31144353538393 ], [ 2.310169500725122, 50.327256348458647 ], [ 2.319861789983536, 50.340339940729535 ], [ 2.325681926054934, 50.351456003648202 ], [ 2.33283336730099, 50.361442283783774 ], [ 2.334619454379395, 50.379550076124971 ] ] ] } },
{ "type": "Feature", "properties": { "id": null }, "geometry": { "type": "MultiLineString", "coordinates": [ [ [ 2.334619454379395, 50.379550076124971 ], [ 2.373966036023371, 50.410991742733216 ], [ 2.402745260375236, 50.417294989442944 ], [ 2.419589555610804, 50.421825075937143 ], [ 2.439306602084052, 50.427517314880973 ], [ 2.460755776993035, 50.4367318865947 ], [ 2.46777849891159, 50.44060637203232 ], [ 2.4844530539125, 50.455837365776624 ], [ 2.491543329989619, 50.464100963291131 ], [ 2.511658384594267, 50.472242208001703 ], [ 2.523770134058938, 50.473034046122578 ], [ 2.540366150461969, 50.464857286565469 ], [ 2.548937897083799, 50.454206767005658 ], [ 2.575881192547838, 50.453034230956654 ], [ 2.582525166635588, 50.469059630036291 ], [ 2.596372374916748, 50.47824065779357 ], [ 2.605756999860792, 50.486644258966969 ], [ 2.608024118414438, 50.496536869609542 ], [ 2.615595302826416, 50.506771484060444 ], [ 2.622335920871495, 50.517439211672432 ], [ 2.649348735173787, 50.529333913265752 ] ] ] } },
{ "type": "Feature", "properties": { "id": null }, "geometry": { "type": "MultiLineString", "coordinates": [ [ [ 1.765164504303678, 50.465194652818333 ], [ 1.753895168622909, 50.445574327951057 ], [ 1.746433974175063, 50.435767180026083 ], [ 1.77163329168548, 50.427340089211839 ], [ 1.792372887879987, 50.422490115109845 ], [ 1.800853824736528, 50.413343087169196 ], [ 1.832830305634607, 50.409779986233438 ], [ 1.847342610672737, 50.4010611667616 ], [ 1.85522035314781, 50.390892369525176 ], [ 1.885916171563025, 50.38576102488291 ], [ 1.91149548521792, 50.383673656570878 ], [ 1.923461137502158, 50.371839747155079 ], [ 1.944666943172279, 50.368460645512243 ], [ 1.975435330600468, 50.367213366722446 ], [ 1.987069070005827, 50.361690524022919 ], [ 2.013812714203955, 50.361613707085638 ], [ 2.03200894277805, 50.362397411050615 ], [ 2.046165215116136, 50.359970935227061 ], [ 2.069693499233836, 50.36989738544812 ], [ 2.084413151000974, 50.377745393700906 ], [ 2.121252624942948, 50.381267813836871 ], [ 2.162468288212161, 50.386053554421864 ], [ 2.221742175979627, 50.392542365826742 ], [ 2.248778063757453, 50.386091762609432 ], [ 2.291904497261838, 50.379259547150866 ], [ 2.30131655567235, 50.373069309595195 ], [ 2.30619539629348, 50.366573136922739 ], [ 2.334619454379395, 50.379550076124971 ], [ 2.33283336730099, 50.361442283783774 ] ] ] } },
{ "type": "Feature", "properties": { "id": null }, "geometry": { "type": "MultiLineString", "coordinates": [ [ [ 1.765164504303683, 50.465194652818333 ], [ 1.77100067128047, 50.492953543533886 ], [ 1.762905765193031, 50.512859058945807 ], [ 1.763720774238664, 50.534381262525265 ], [ 1.755614136842088, 50.554285906661065 ], [ 1.744638413459818, 50.573008015686668 ], [ 1.736191726986836, 50.586058084766265 ], [ 1.743725686908565, 50.612943102745049 ], [ 1.73677060188062, 50.634881664525444 ], [ 1.718516363407567, 50.651126922579266 ], [ 1.682368797225577, 50.66412316112261 ], [ 1.658040009923594, 50.671138717314534 ], [ 1.645337055248764, 50.681923600568958 ], [ 1.639187468651179, 50.699039331722638 ], [ 1.62, 50.72 ] ] ] } },
{ "type": "Feature", "properties": { "id": null }, "geometry": { "type": "MultiLineString", "coordinates": [ [ [ 1.746433974175063, 50.435767180026083 ], [ 1.724084809760351, 50.406246525765262 ], [ 1.726957737200971, 50.395136728680093 ], [ 1.733449376461674, 50.375605436749744 ], [ 1.73557761272859, 50.354782475133504 ], [ 1.744432375251179, 50.346544767524286 ], [ 1.750318088609061, 50.330384170521455 ], [ 1.749829575547691, 50.317909109321953 ], [ 1.751721244222485, 50.311460194930646 ], [ 1.748689957123829, 50.296069234615949 ], [ 1.744306095319511, 50.286239008233494 ], [ 1.74640995263995, 50.276390676032499 ], [ 1.743323432983161, 50.267873806694908 ], [ 1.744505079423113, 50.258934360213921 ], [ 1.746396795921921, 50.250290285082627 ], [ 1.746906365178571, 50.243009588115704 ], [ 1.752677349011256, 50.233524484836117 ], [ 1.759369195284666, 50.230106234166691 ], [ 1.768110047695966, 50.223664900624485 ], [ 1.777685224091071, 50.214600256378347 ], [ 1.779483394422717, 50.210827521571112 ], [ 1.787674698246079, 50.203125808520824 ], [ 1.795862916857119, 50.191033096059662 ], [ 1.798034205663079, 50.185091927848745 ], [ 1.806843577194448, 50.175970376092494 ], [ 1.814689778140353, 50.167998544640724 ], [ 1.823738708179252, 50.15303966339841 ], [ 1.824732668042432, 50.142867284129345 ], [ 1.826307305676287, 50.129322037320186 ], [ 1.829761526739679, 50.120302136039491 ], [ 1.833185149608303, 50.099987353541373 ] ] ] } },
{ "type": "Feature", "properties": { "id": null }, "geometry": { "type": "MultiLineString", "coordinates": [ [ [ 1.833185149608303, 50.099987353541373 ], [ 1.863435372284821, 50.109645104987763 ], [ 1.88813472035575, 50.116288454589352 ], [ 1.924937401823349, 50.123298704505579 ], [ 1.9433161192444, 50.131430969264805 ], [ 1.96094970043982, 50.139507210995646 ], [ 1.970062687422712, 50.14405280013623 ], [ 1.990203775662897, 50.150837849806898 ], [ 2.003850318133394, 50.160088805808073 ], [ 2.014149496990272, 50.166664483788544 ], [ 2.049042646404768, 50.18081213679654 ], [ 2.068806093747158, 50.189993556842794 ], [ 2.091424946197586, 50.200344755765975 ], [ 2.093159700138978, 50.210461738941284 ], [ 2.099221553333645, 50.217465490561622 ], [ 2.105902759803417, 50.223048861573162 ], [ 2.116148365839665, 50.230097543511583 ], [ 2.135433466382436, 50.226310738679686 ], [ 2.150359222084976, 50.221245306303203 ], [ 2.167357230153638, 50.219733758117805 ], [ 2.179762776931609, 50.213760063091947 ], [ 2.182697389192227, 50.209817107080063 ], [ 2.193134823722073, 50.208826605180576 ], [ 2.21068326464347, 50.199301858025251 ], [ 2.223849897979899, 50.195570045149211 ], [ 2.228917734002349, 50.192503181591377 ], [ 2.239229999845818, 50.187599798377882 ], [ 2.246789196647367, 50.183239431876338 ], [ 2.256288052480792, 50.180960777626431 ], [ 2.262974395412803, 50.177271398486816 ], [ 2.276646818104855, 50.175031027857337 ], [ 2.282876168287072, 50.171797127180504 ], [ 2.291517378118684, 50.167751281945023 ], [ 2.309940690100764, 50.168997672478454 ], [ 2.320615081583874, 50.164112145316615 ], [ 2.33965935622633, 50.157742028233059 ] ] ] } },
{ "type": "Feature", "properties": { "id": null }, "geometry": { "type": "MultiLineString", "coordinates": [ [ [ 2.116148365839665, 50.230097543511583 ], [ 2.143532881040819, 50.23759689240012 ], [ 2.154859954355336, 50.242765765173573 ], [ 2.172111867852137, 50.251266016030016 ], [ 2.188775827945846, 50.258747856945128 ], [ 2.206853338413238, 50.264617137802546 ], [ 2.215993006175232, 50.26694805380577 ], [ 2.214621904361345, 50.277580648282125 ], [ 2.216365099435515, 50.285500524219941 ], [ 2.211918799489931, 50.293972948663708 ], [ 2.203106095847179, 50.30117178399685 ], [ 2.212309461361839, 50.31008891771625 ], [ 2.218357424994242, 50.314109473433554 ], [ 2.218892332010313, 50.31780257419976 ], [ 2.220279275390102, 50.327891877704126 ], [ 2.221370036024431, 50.332841694763246 ], [ 2.241921739728495, 50.340090919707464 ], [ 2.254733916233354, 50.348030088015101 ], [ 2.260397261463686, 50.353045615751135 ], [ 2.268980944673866, 50.356552241018598 ], [ 2.281081772921005, 50.359564681475391 ], [ 2.29151623772533, 50.363438291065371 ], [ 2.30619539629348, 50.366573136922739 ] ] ] } },
{ "type": "Feature", "properties": { "id": null }, "geometry": { "type": "MultiLineString", "coordinates": [ [ [ 3.533, 50.35 ], [ 3.557618709735344, 50.333905875991853 ], [ 3.595331445098229, 50.325316170156192 ], [ 3.615422919309596, 50.311836664413903 ], [ 3.642794014565369, 50.3007067943648 ], [ 3.687240465137609, 50.298304649776718 ], [ 3.717190780168506, 50.301903382687136 ], [ 3.757592326852434, 50.307039224645791 ], [ 3.773335913327436, 50.303031273305422 ], [ 3.803675219952545, 50.303707836239901 ], [ 3.833134789569402, 50.299461797388332 ], [ 3.86875608859004, 50.294566006369884 ], [ 3.885485190268992, 50.282809257775291 ], [ 3.903092993883911, 50.275964065454318 ], [ 3.928886176627616, 50.276365254698284 ], [ 3.94901042186611, 50.273540386934052 ], [ 3.973395368896856, 50.278040504730384 ] ] ] } },
{ "type": "Feature", "properties": { "id": null }, "geometry": { "type": "MultiLineString", "coordinates": [ [ [ 3.973395368896856, 50.278040504730384 ], [ 3.980067374642593, 50.310219985563648 ], [ 3.971079958641477, 50.338944225665983 ], [ 3.972948039727397, 50.354128372605189 ], [ 3.975450093663646, 50.370319043336089 ], [ 3.970061683024343, 50.382687475425151 ], [ 3.966198716014556, 50.400975770047673 ], [ 3.955751585205603, 50.411130367171509 ], [ 3.949409102597113, 50.424907678384081 ], [ 3.951644393603344, 50.437191650248039 ], [ 3.945026173290206, 50.452720005528029 ] ] ] } },
{ "type": "Feature", "properties": { "id": null }, "geometry": { "type": "MultiLineString", "coordinates": [ [ [ 3.973395368896856, 50.278040504730384 ], [ 3.996770306383434, 50.261122109867607 ], [ 4.02330299310353, 50.259594732858616 ], [ 4.046693223274223, 50.258870631413373 ], [ 4.065998052315027, 50.254361048325904 ], [ 4.102212032142138, 50.250658542935184 ], [ 4.122297627030624, 50.252019087669019 ], [ 4.133342890879709, 50.248694782343904 ], [ 4.147669394452059, 50.24748405080625 ], [ 4.157970262193288, 50.24606555456446 ], [ 4.162206750022326, 50.240443618135743 ], [ 4.16706416653849, 50.233880185654748 ], [ 4.178339389232346, 50.228617369802549 ], [ 4.187126400417268, 50.227119194870369 ], [ 4.205852934033646, 50.227098685724677 ], [ 4.222606923307231, 50.226650881158065 ], [ 4.233129372163693, 50.227507590081387 ], [ 4.237818100245136, 50.235783226261091 ], [ 4.251572130298443, 50.238168733325033 ], [ 4.265701004142329, 50.234338757892857 ], [ 4.275261674624645, 50.230602364210569 ], [ 4.286176310101734, 50.224013993227175 ], [ 4.302215675735163, 50.228643283155542 ], [ 4.319819534091017, 50.225304711851415 ], [ 4.335565540446027, 50.224790228358415 ], [ 4.353634071341949, 50.226010149379611 ], [ 4.368494041804022, 50.228690437976681 ], [ 4.382693268953582, 50.228417397249906 ], [ 4.393173063508338, 50.225365428120575 ], [ 4.399902349148495, 50.224074367888981 ], [ 4.413483029035769, 50.224740113063632 ], [ 4.426247491118927, 50.223742862443437 ], [ 4.438886407574548, 50.219495125687551 ], [ 4.450441768521273, 50.215841961271899 ], [ 4.467099364422264, 50.211786695094396 ], [ 4.478372839784426, 50.206171471138205 ], [ 4.497334745236939, 50.19962929357834 ], [ 4.519195898112272, 50.194196367859661 ], [ 4.54411915304469, 50.195965195347618 ] ] ] } },
{ "type": "Feature", "properties": { "id": null }, "geometry": { "type": "MultiLineString", "coordinates": [ [ [ 3.687012340640857, 50.125264858757582 ], [ 3.718034499191785, 50.144059581520388 ], [ 3.733864860288142, 50.154342489198051 ], [ 3.753978954547097, 50.159016740907866 ], [ 3.767279508956357, 50.161692215730838 ], [ 3.775804928403777, 50.169946218693624 ], [ 3.795550529507166, 50.177512908851831 ], [ 3.807101612980333, 50.178141219562477 ], [ 3.828110471951764, 50.191611116584966 ], [ 3.860429419140411, 50.205361676122493 ], [ 3.865969749019118, 50.21182470047971 ], [ 3.884034326548181, 50.224799946846723 ], [ 3.891372604802098, 50.230708934373453 ], [ 3.894777331794409, 50.239651464459662 ], [ 3.903125073435703, 50.245613522042646 ], [ 3.910385898784708, 50.252165768301168 ], [ 3.919826662527558, 50.257535828091015 ], [ 3.934177478304588, 50.26413936527738 ], [ 3.953678980562732, 50.266147325331872 ], [ 3.973395368896856, 50.278040504730384 ] ] ] } },
{ "type": "Feature", "properties": { "id": null }, "geometry": { "type": "MultiLineString", "coordinates": [ [ [ 3.571889090326002, 50.13953831416687 ], [ 3.586796401555403, 50.15381558090882 ], [ 3.605353526771553, 50.166218242438248 ], [ 3.624751257491376, 50.17996260213944 ], [ 3.63865044939292, 50.189501899000888 ], [ 3.641114354990768, 50.201322697175542 ], [ 3.640164082368201, 50.208409469351373 ], [ 3.64249942232264, 50.221196554791327 ], [ 3.64526780568385, 50.230762303973314 ], [ 3.636575776590588, 50.235145696347438 ], [ 3.635580011467488, 50.247580293234442 ] ] ] } },
{ "type": "Feature", "properties": { "id": null }, "geometry": { "type": "MultiLineString", "coordinates": [ [ [ 3.635580011467488, 50.247580293234442 ], [ 3.665274782212085, 50.262185862325993 ], [ 3.683875059766411, 50.26711103672622 ], [ 3.704909234111086, 50.272816279530758 ], [ 3.714995191477835, 50.280835729338044 ], [ 3.734110958727172, 50.285780510706417 ], [ 3.745559834763604, 50.287381743103026 ], [ 3.753110130753836, 50.287795084634382 ], [ 3.764942259918103, 50.286494878694825 ], [ 3.772074023754832, 50.286235134733317 ], [ 3.78263975329204, 50.29070477934971 ], [ 3.789937064280994, 50.293048768729044 ], [ 3.798280748146218, 50.299018360041252 ], [ 3.803675219952545, 50.303707836239901 ] ] ] } },
{ "type": "Feature", "properties": { "id": null }, "geometry": { "type": "MultiLineString", "coordinates": [ [ [ 3.539520731624513, 50.107560740552593 ], [ 3.529003272597833, 50.090629441319336 ], [ 3.517417300473478, 50.082991247371261 ], [ 3.506674276101597, 50.074750640330571 ], [ 3.490125076351184, 50.070233994491112 ], [ 3.48410553696999, 50.064046501544397 ] ] ] } },
{ "type": "Feature", "properties": { "id": null }, "geometry": { "type": "MultiLineString", "coordinates": [ [ [ 3.246608345983871, 50.002782442045003 ], [ 3.250608340184256, 50.00659171144158 ], [ 3.247033921315039, 50.021152106722617 ], [ 3.245870899134927, 50.029362258292522 ], [ 3.224671983933438, 50.05069803954764 ], [ 3.206945234050936, 50.068796527026301 ], [ 3.198963343265305, 50.078709412247989 ], [ 3.207859882631342, 50.101319843590005 ], [ 3.211023706647284, 50.121639095384829 ], [ 3.218933391461053, 50.140617438747903 ], [ 3.226078616394699, 50.154354562880016 ], [ 3.222492287432801, 50.174599651269844 ] ] ] } },
{ "type": "Feature", "properties": { "id": null }, "geometry": { "type": "MultiLineString", "coordinates": [ [ [ 3.29, 49.85 ], [ 3.270637956442164, 49.88024750772756 ], [ 3.26982573444327, 49.893186505503024 ], [ 3.254311117285025, 49.917589584161234 ], [ 3.246682277804431, 49.935967234629047 ], [ 3.237959917255274, 49.947785685431597 ], [ 3.234503188534367, 49.957969598614753 ], [ 3.23086230511084, 49.969441221802718 ], [ 3.237038281912266, 49.975653749964174 ], [ 3.238760672976839, 49.984847516597895 ], [ 3.237574742048611, 49.993218656955143 ], [ 3.246608345983871, 50.002782442045003 ] ] ] } },
{ "type": "Feature", "properties": { "id": null }, "geometry": { "type": "MultiLineString", "coordinates": [ [ [ 3.29, 49.85 ], [ 3.307981158216332, 49.858498332678259 ], [ 3.309822672440905, 49.863314817691631 ], [ 3.308721098033965, 49.871204158910345 ], [ 3.312486628360605, 49.873049816992072 ], [ 3.312605544137593, 49.877602180505185 ], [ 3.314877350180675, 49.881145228406972 ], [ 3.312843352383874, 49.886706887274052 ], [ 3.317543062524279, 49.890880071135769 ], [ 3.322468121170846, 49.893442978146552 ], [ 3.333138539106436, 49.899914951031512 ], [ 3.341136729145396, 49.90752747430215 ], [ 3.349800877977726, 49.91797036106216 ], [ 3.364221368496692, 49.922873203372603 ], [ 3.381984598747971, 49.9291054027549 ], [ 3.396409877769757, 49.941308386567549 ], [ 3.403275727227083, 49.944467194991873 ], [ 3.426182425882852, 49.938654990306205 ], [ 3.441474722059296, 49.948304814436433 ], [ 3.445469312906614, 49.959572630760768 ], [ 3.44546653648247, 49.970609435658716 ], [ 3.454654567132679, 49.984448724698296 ], [ 3.456153059905151, 50.006608631877079 ], [ 3.458344688230603, 50.020043830471614 ], [ 3.4659841366799, 50.030546204932577 ], [ 3.467427635605197, 50.038419696150591 ], [ 3.469872882138239, 50.046350686733639 ], [ 3.478343887549419, 50.058197999409671 ], [ 3.48410553696999, 50.064046501544397 ] ] ] } },
{ "type": "Feature", "properties": { "id": null }, "geometry": { "type": "MultiLineString", "coordinates": [ [ [ 3.631549202781053, 49.898113190312827 ], [ 3.624164297113237, 49.921845673065924 ], [ 3.632297305295801, 49.928793728186577 ], [ 3.637748513263074, 49.940783636021656 ], [ 3.644030503325037, 49.954117863965173 ], [ 3.645001863910972, 49.961961530340488 ], [ 3.651801942054806, 49.971429437334315 ], [ 3.652346623497409, 49.982494564891617 ], [ 3.651490183267986, 49.98893766142988 ], [ 3.659209981720484, 49.99910531660344 ], [ 3.663271994202718, 50.006471960078528 ], [ 3.662159643027525, 50.01484803655638 ], [ 3.659189241445243, 50.029611302480291 ], [ 3.658760885804193, 50.032832831200906 ], [ 3.665085040341838, 50.038378152972307 ], [ 3.668466212403593, 50.050899018087883 ], [ 3.672619074595595, 50.057620951138091 ], [ 3.675685562614874, 50.064931325724395 ], [ 3.678410832748321, 50.074818863900411 ], [ 3.690180840610679, 50.077419591936405 ], [ 3.694999863638816, 50.086773583255749 ], [ 3.693058441098958, 50.09380557671507 ], [ 3.690020146388743, 50.098440134692027 ], [ 3.693581889802279, 50.109671482992177 ], [ 3.687012340640857, 50.125264858757582 ] ] ] } },
{ "type": "Feature", "properties": { "id": null }, "geometry": { "type": "MultiLineString", "coordinates": [ [ [ 4.437745405139206, 49.777755293249101 ], [ 4.453255223104072, 49.776245996444061 ], [ 4.471912453880562, 49.783969436073868 ], [ 4.483006393808775, 49.787753776837164 ], [ 4.493333053632583, 49.787964588647377 ], [ 4.510898424989326, 49.797654992445871 ], [ 4.511794273893488, 49.803422503924658 ], [ 4.51190789003864, 49.811211463899369 ], [ 4.5103947216138, 49.815678488227135 ], [ 4.508790315981527, 49.825330037550899 ], [ 4.502287255725779, 49.829555038914741 ], [ 4.503064873758451, 49.840295014502438 ], [ 4.508389178213785, 49.846390683688107 ], [ 4.51443507289722, 49.850575123788026 ], [ 4.511516657842514, 49.858541517544396 ], [ 4.509244122082466, 49.865241912601533 ], [ 4.51414906212668, 49.879424420941838 ], [ 4.517899899905128, 49.887907930166101 ], [ 4.521642112099173, 49.899114946722321 ], [ 4.523718662834169, 49.907322675988809 ], [ 4.520878807915842, 49.925005857979393 ] ] ] } },
{ "type": "Feature", "properties": { "id": null }, "geometry": { "type": "MultiLineString", "coordinates": [ [ [ 4.510898424989326, 49.797654992445871 ], [ 4.521922669612579, 49.798140149749088 ], [ 4.534380220538255, 49.801012190119962 ], [ 4.546182703304338, 49.803040504762293 ], [ 4.554847973962239, 49.806213970606649 ], [ 4.567953994126265, 49.807816142737224 ], [ 4.573215804119344, 49.812284173312264 ], [ 4.579164543954204, 49.812893285299729 ], [ 4.583939185780752, 49.81279737094107 ], [ 4.587753536100857, 49.815217268388338 ] ] ] } },
{ "type": "Feature", "properties": { "id": null }, "geometry": { "type": "MultiLineString", "coordinates": [ [ [ 4.587753536100863, 49.815217268388338 ], [ 4.575811297932, 49.82349928117349 ], [ 4.567099938576573, 49.829567783640535 ], [ 4.558033515568355, 49.834321462666558 ], [ 4.545861232900329, 49.839897951173946 ], [ 4.539506143044645, 49.842834937884149 ], [ 4.508389178213785, 49.846390683688107 ] ] ] } },
{ "type": "Feature", "properties": { "id": null }, "geometry": { "type": "MultiLineString", "coordinates": [ [ [ 4.718224084723095, 49.771273463894076 ], [ 4.693191646186845, 49.779704637177424 ], [ 4.675850042882661, 49.786997221909211 ], [ 4.666022433125916, 49.78523763775172 ], [ 4.652774341166375, 49.787206989515468 ], [ 4.638810877636049, 49.791086636647826 ], [ 4.634678444721967, 49.792188038019241 ], [ 4.628792137538993, 49.800016006927663 ], [ 4.623012074461127, 49.806875930224962 ], [ 4.610211115220801, 49.813726081196442 ], [ 4.604579649242734, 49.814755153778584 ], [ 4.587753536100863, 49.815217268388338 ] ] ] } },
{ "type": "Feature", "properties": { "id": null }, "geometry": { "type": "MultiLineString", "coordinates": [ [ [ 4.437745405139206, 49.777755293249101 ], [ 4.445480636754493, 49.768924077111492 ], [ 4.449377601280442, 49.7655476065664 ], [ 4.455876396496189, 49.761325519596078 ], [ 4.459883322124415, 49.756981134842071 ], [ 4.463391404453657, 49.752612225547196 ], [ 4.470072320612601, 49.746776705240293 ], [ 4.472858628799599, 49.744318238251751 ], [ 4.477599633748019, 49.74227946945782 ], [ 4.485586544792237, 49.738128513148688 ], [ 4.488168784457448, 49.733065179384539 ], [ 4.494824956035039, 49.723010999459731 ], [ 4.500983958583141, 49.719483635567919 ], [ 4.505084920953895, 49.71643976307675 ], [ 4.509009964105875, 49.712738578448516 ], [ 4.510270655841659, 49.708259312908943 ], [ 4.511282282573813, 49.703767946201559 ], [ 4.519589519123831, 49.696711608542117 ], [ 4.522608285305536, 49.692155304971394 ], [ 4.530352289835789, 49.687827695396685 ], [ 4.535265518063476, 49.683751950125789 ], [ 4.537250668791928, 49.679469662240521 ], [ 4.540303073517471, 49.674590286142347 ], [ 4.543991398255123, 49.670714495834659 ], [ 4.541221527967476, 49.664256572131244 ], [ 4.539809499635905, 49.661269497046057 ], [ 4.542131000189684, 49.659306048806499 ] ] ] } },
{ "type": "Feature", "properties": { "id": null }, "geometry": { "type": "MultiLineString", "coordinates": [ [ [ 4.536518436729426, 49.65368352306789 ], [ 4.542131000189684, 49.659306048806499 ] ] ] } },
{ "type": "Feature", "properties": { "id": null }, "geometry": { "type": "MultiLineString", "coordinates": [ [ [ 4.369690513719912, 49.508346769781603 ], [ 4.394256572475878, 49.51573474954025 ], [ 4.411691334161766, 49.520168749302002 ], [ 4.421520956533064, 49.53006223562673 ], [ 4.433967645669094, 49.534569853619395 ], [ 4.452093035493345, 49.537409498430904 ], [ 4.460060737089637, 49.546234418400253 ], [ 4.462594407492747, 49.550251058120907 ], [ 4.473120157799601, 49.558551748071558 ], [ 4.477345927060065, 49.565245620296096 ], [ 4.48557957026768, 49.571810939127687 ], [ 4.490910844697089, 49.577585182256428 ], [ 4.492309051038204, 49.582842841764467 ], [ 4.499904496097165, 49.590673060215096 ], [ 4.499024619334453, 49.598414172711195 ], [ 4.496708339474279, 49.601220244576602 ], [ 4.499927588825082, 49.603647506918293 ], [ 4.508296354983558, 49.60470368544631 ], [ 4.520959296242718, 49.614140784345913 ], [ 4.524819822769985, 49.621949716383128 ], [ 4.52517423947825, 49.627642566554904 ], [ 4.527249586534007, 49.633580981159504 ], [ 4.530889297425493, 49.638946453717814 ], [ 4.532644242338558, 49.645517826547369 ], [ 4.537110720471639, 49.648004171233069 ], [ 4.536518436729426, 49.65368352306789 ] ] ] } },
{ "type": "Feature", "properties": { "id": null }, "geometry": { "type": "MultiLineString", "coordinates": [ [ [ 4.718224084723095, 49.77127346389409 ], [ 4.733819965526672, 49.760524979809176 ], [ 4.745846696367461, 49.758165613273341 ], [ 4.75433177326405, 49.756127298320834 ], [ 4.766854585284966, 49.753788772015596 ], [ 4.774267444659506, 49.75007821113757 ], [ 4.783938339032627, 49.746309185188636 ], [ 4.785104671628607, 49.742472012440579 ], [ 4.787620711838995, 49.737724283670552 ], [ 4.791717479710607, 49.732238683013534 ], [ 4.792930046161847, 49.725647510373868 ], [ 4.789932549805283, 49.720970071733568 ], [ 4.79135407996483, 49.712443051514391 ], [ 4.789051851461179, 49.708283924793413 ], [ 4.794163762002848, 49.704952661859487 ], [ 4.807452476975905, 49.702321212512139 ], [ 4.819837273583154, 49.701105925243318 ], [ 4.838726124637599, 49.699862133485361 ], [ 4.848130939018676, 49.7007773657581 ], [ 4.865036470059654, 49.701708429538087 ], [ 4.877745990947744, 49.702122733947718 ], [ 4.904720348049526, 49.7048003196631 ], [ 4.92929272195453, 49.69942052649813 ], [ 4.95, 49.7 ] ] ] } },
{ "type": "Feature", "properties": { "id": null }, "geometry": { "type": "MultiLineString", "coordinates": [ [ [ 4.95, 49.7 ], [ 4.929292721954529, 49.699420526498137 ], [ 4.902680034842121, 49.693814647046779 ], [ 4.894746055031205, 49.683730054344949 ], [ 4.888429363470486, 49.677284366831103 ], [ 4.883196316131563, 49.674778021938998 ], [ 4.882285271113335, 49.669224937091315 ], [ 4.888849492792142, 49.659146794742703 ], [ 4.885895707835719, 49.649286353385264 ], [ 4.874852572208291, 49.640355942418132 ], [ 4.853958112263017, 49.634866678871887 ], [ 4.852640829830582, 49.623782585278455 ], [ 4.856737001496736, 49.618132954181092 ], [ 4.865166041812059, 49.604574438647042 ], [ 4.869224797498355, 49.599246973825373 ], [ 4.869086528183866, 49.59113477880576 ], [ 4.869597725846569, 49.576891574381548 ], [ 4.870194790834755, 49.566543092320494 ], [ 4.86849901308258, 49.559008457729362 ], [ 4.861636502505831, 49.553183940471143 ], [ 4.850874929871248, 49.546532484781011 ], [ 4.839929188530235, 49.536953206800625 ], [ 4.835434881006739, 49.527668410513158 ], [ 4.82805024091298, 49.522141808274178 ], [ 4.82363122247335, 49.517788502892756 ], [ 4.794158556976931, 49.51383700460709 ], [ 4.771213730379737, 49.514071913531502 ], [ 4.761828798949213, 49.513311846009806 ], [ 4.751019463391142, 49.507296256647258 ], [ 4.732358096603281, 49.504804072262679 ], [ 4.721348176062381, 49.505261697454365 ], [ 4.709733486107358, 49.502122717674574 ], [ 4.698648707389135, 49.494143068983078 ], [ 4.690506655629287, 49.491165302591469 ], [ 4.675393494223044, 49.488181909046965 ], [ 4.664139364821796, 49.486352184699733 ], [ 4.639542044021219, 49.488103068634985 ], [ 4.625919112021463, 49.485183791830458 ], [ 4.615137713642476, 49.474615166632972 ], [ 4.591650267511414, 49.47089506466061 ], [ 4.580637975918327, 49.475879115795742 ], [ 4.562832791881305, 49.479237132455836 ], [ 4.550860978140966, 49.483847802609219 ], [ 4.541823157802119, 49.488923830299299 ], [ 4.522952256228423, 49.49105657992046 ], [ 4.504271638916608, 49.488849339110949 ], [ 4.489389816797139, 49.483905738364143 ], [ 4.479739355630064, 49.481162695515977 ], [ 4.459926572278301, 49.480189784470873 ], [ 4.443212530439478, 49.482609900470841 ], [ 4.415450903415469, 49.485777807881945 ], [ 4.408132154458011, 49.484441558887831 ], [ 4.393421355158512, 49.482412681355733 ], [ 4.391935441598457, 49.482338695906655 ], [ 4.37917967325247, 49.484946526623339 ], [ 4.371189027630946, 49.489413115339694 ], [ 4.365224666227463, 49.497873132870424 ], [ 4.363259885425501, 49.50620870109119 ], [ 4.369690513719912, 49.508346769781603 ] ] ] } },
{ "type": "Feature", "properties": { "id": null }, "geometry": { "type": "MultiLineString", "coordinates": [ [ [ 4.544119153044691, 50.195965195347618 ], [ 4.580924637259814, 50.196335439091733 ], [ 4.602920995743703, 50.189596332171533 ], [ 4.607235604757934, 50.187206418049051 ], [ 4.622406256312146, 50.178195338225891 ], [ 4.640658805652259, 50.168678880962858 ], [ 4.659328991421776, 50.16436719288405 ], [ 4.678212345081071, 50.15811711417809 ], [ 4.705200070252009, 50.151592426175341 ], [ 4.728308512631087, 50.152663614925892 ], [ 4.773085892082389, 50.149538442788185 ], [ 4.789302782659481, 50.148984175935794 ], [ 4.82557842032336, 50.137965364069082 ] ] ] } },
{ "type": "Feature", "properties": { "id": null }, "geometry": { "type": "MultiLineString", "coordinates": [ [ [ 4.522938481580409, 50.091664477189468 ], [ 4.5530269048488, 50.086051345431258 ], [ 4.569519287764625, 50.082948083741599 ], [ 4.584541484774886, 50.079448309086274 ], [ 4.591683705841071, 50.074275389399617 ], [ 4.618263263148197, 50.075535361523769 ], [ 4.637743601244264, 50.081642886029641 ], [ 4.647552490687349, 50.088589555917387 ], [ 4.672596884118223, 50.094627939430758 ], [ 4.680050932324017, 50.095624960075838 ], [ 4.693706107136313, 50.095289459180997 ], [ 4.704565661636236, 50.092876934861778 ], [ 4.723988936435879, 50.090536368756524 ], [ 4.734634644629424, 50.094595702611379 ], [ 4.748834339332338, 50.103032809489946 ], [ 4.754754586510875, 50.108817397948442 ], [ 4.768961887301669, 50.117252017868985 ], [ 4.779296875, 50.11737702030662 ], [ 4.78962314394354, 50.122089495131156 ], [ 4.793216317639729, 50.12614428761426 ], [ 4.82557842032336, 50.137965364069082 ] ] ] } },
{ "type": "Feature", "properties": { "id": null }, "geometry": { "type": "MultiLineString", "coordinates": [ [ [ 1.833185149608303, 50.099987353541373 ], [ 1.804155827225463, 50.106019238549749 ], [ 1.78291884737468, 50.108713305706694 ], [ 1.766239761439696, 50.108481627732907 ], [ 1.744455487097614, 50.096818638283004 ], [ 1.724331432984409, 50.098932122864127 ], [ 1.720613562727547, 50.094107770041973 ], [ 1.692773120282811, 50.091099384283957 ], [ 1.63300714658343, 50.07955610308273 ], [ 1.597749393382629, 50.072723811809951 ], [ 1.572269338717939, 50.067907509299879 ], [ 1.532729161809998, 50.065290551268504 ], [ 1.512272586201176, 50.057906756061271 ], [ 1.483368721910531, 50.052488043801588 ], [ 1.465960268389082, 50.047926689395638 ], [ 1.453012620295377, 50.041095656957495 ], [ 1.439532144432795, 50.03161974515718 ], [ 1.426353906520026, 50.030038828172152 ], [ 1.403303445789683, 50.017556509370337 ], [ 1.376373371943721, 50.012583279405021 ], [ 1.355780194668523, 50.00060223009443 ], [ 1.346410731993918, 49.993704593845152 ], [ 1.3222306319392, 49.993157717568259 ], [ 1.291067572453364, 49.986536915837874 ], [ 1.269769134249152, 49.981318319889084 ], [ 1.242916147616495, 49.962322451601409 ], [ 1.224251397955884, 49.951113963368684 ], [ 1.144655691560716, 49.928675159472434 ], [ 1.083, 49.933 ] ] ] } },
{ "type": "Feature", "properties": { "id": null }, "geometry": { "type": "MultiLineString", "coordinates": [ [ [ 1.833185149608303, 50.099987353541373 ], [ 1.865725025775105, 50.097614500909167 ], [ 1.886257484927553, 50.088595557675141 ], [ 1.908756910426409, 50.085810447292268 ], [ 1.950549959953158, 50.083414349512033 ], [ 1.994579598230821, 50.078966131936994 ], [ 2.0233084718881, 50.066112585978395 ], [ 2.034283248910818, 50.061762196546539 ], [ 2.045541928736644, 50.048896408576766 ], [ 2.059215348852087, 50.044245326089438 ], [ 2.061453164700872, 50.035379958207614 ], [ 2.071051574281243, 50.025566040323469 ], [ 2.081916259772924, 50.012670105485185 ], [ 2.094788875922635, 50.003619535257748 ], [ 2.109457302531458, 49.995131584069 ], [ 2.115507271641051, 49.986043241790227 ], [ 2.120917443072025, 49.980811357341004 ], [ 2.122051844445825, 49.974404568241056 ], [ 2.130206710096672, 49.963999023674212 ], [ 2.147260248920912, 49.954697494705215 ], [ 2.142644599869122, 49.943649813517638 ], [ 2.167601940073464, 49.936843958751197 ], [ 2.187786998007553, 49.931410726210395 ], [ 2.197808880210706, 49.927956598200325 ], [ 2.210663265768078, 49.921039481725067 ], [ 2.22871019561545, 49.914721220830366 ], [ 2.254549013682654, 49.911615019788691 ], [ 2.3, 49.9 ] ] ] } },
{ "type": "Feature", "properties": { "id": null }, "geometry": { "type": "MultiLineString", "coordinates": [ [ [ 4.363259885425501, 49.50620870109119 ], [ 4.354955020679257, 49.491909321630601 ], [ 4.339679217666132, 49.481897621513447 ], [ 4.32097856597251, 49.469277906615773 ], [ 4.306685743065517, 49.457364269824396 ], [ 4.295141956558099, 49.447534297852499 ], [ 4.281264848038193, 49.444883541640813 ], [ 4.279490910301224, 49.434574498768491 ], [ 4.271781621437009, 49.423963292808622 ], [ 4.261216759687525, 49.416709415364714 ], [ 4.251602609079519, 49.406485890668051 ], [ 4.236261822875656, 49.391101545763405 ], [ 4.221196757431571, 49.377870051613932 ], [ 4.211227521925996, 49.367624016221448 ], [ 4.207448527836193, 49.355506234620123 ], [ 4.201754904324527, 49.350102630602031 ], [ 4.19124352142099, 49.347612973144997 ], [ 4.182849396908903, 49.339878590435667 ], [ 4.147266987980479, 49.310970337922221 ], [ 4.133060004318805, 49.299034771481701 ], [ 4.117397463318238, 49.280693597517256 ], [ 4.077652120989861, 49.270815145528793 ], [ 4.033, 49.25 ] ] ] } },
{ "type": "Feature", "properties": { "id": null }, "geometry": { "type": "MultiLineString", "coordinates": [ [ [ 4.033, 49.25 ], [ 4.012223945478929, 49.28116556464169 ], [ 4.006542394988986, 49.283782730410657 ], [ 3.99173280334129, 49.307328611970284 ], [ 3.950050006832504, 49.343106611750365 ], [ 3.936556693791064, 49.358685925251486 ], [ 3.916802343430011, 49.379523142721361 ], [ 3.902909636976684, 49.392156862270461 ], [ 3.899972747131912, 49.403680360248657 ], [ 3.879728948553596, 49.419812582142612 ], [ 3.859945204811762, 49.434555095233527 ], [ 3.82504040913887, 49.462339840446255 ], [ 3.81255094386198, 49.471779580339003 ], [ 3.784215134595215, 49.488717651019442 ], [ 3.77303783474324, 49.508790210280196 ], [ 3.765605533665965, 49.514220990798833 ], [ 3.755728425614125, 49.515377759989022 ], [ 3.752876400067895, 49.520087965094653 ], [ 3.755657789468335, 49.527544683439636 ], [ 3.752896146838162, 49.534450665016905 ], [ 3.741615566702555, 49.540640368847278 ], [ 3.716940257989334, 49.551925226901524 ], [ 3.696935811799023, 49.56176246840198 ], [ 3.660258412857326, 49.567252044560661 ], [ 3.640631153381817, 49.559817036462654 ], [ 3.617, 49.567 ] ] ] } },
{ "type": "Feature", "properties": { "id": null }, "geometry": { "type": "MultiLineString", "coordinates": [ [ [ 3.617, 49.567 ], [ 3.631387098232921, 49.574274934993333 ], [ 3.631589312219582, 49.587919095218375 ], [ 3.622080562801367, 49.599391553709808 ], [ 3.624222423921449, 49.613469979820508 ], [ 3.621032142681794, 49.626273192411645 ], [ 3.615768548322156, 49.639608270634128 ], [ 3.615553947799658, 49.652579664644861 ], [ 3.617539401601449, 49.664052462627168 ], [ 3.615919218649999, 49.676295143898479 ], [ 3.616883450484631, 49.684139682906249 ], [ 3.623429440607515, 49.695220613346173 ], [ 3.621655160425394, 49.713167181622616 ], [ 3.626130732811403, 49.724779942736959 ], [ 3.615129439314596, 49.728378623507737 ], [ 3.608133384455976, 49.735773252684574 ], [ 3.609893963064713, 49.741390672951937 ], [ 3.614042219337962, 49.751687022187959 ], [ 3.613540713288659, 49.76301898138825 ], [ 3.616170139970298, 49.769658968969431 ], [ 3.628858728526569, 49.783681779390896 ], [ 3.631434213373961, 49.794537608844784 ], [ 3.632017642786244, 49.805281247831978 ], [ 3.635021745322353, 49.812915276414785 ], [ 3.644676848615284, 49.819624414265171 ], [ 3.638992386352425, 49.837513325024155 ], [ 3.636414169974393, 49.849377402415023 ], [ 3.622723147960932, 49.888853837043229 ], [ 3.631549202781052, 49.898113190312841 ] ] ] } },
{ "type": "Feature", "properties": { "id": null }, "geometry": { "type": "MultiLineString", "coordinates": [ [ [ 3.617, 49.567 ], [ 3.601701032422392, 49.576619061545706 ], [ 3.580114121143839, 49.582663040947914 ], [ 3.555364430690628, 49.588392577947751 ], [ 3.516847641394002, 49.599818807444159 ], [ 3.51058913842611, 49.609197626643095 ], [ 3.488149446180756, 49.612449243919016 ], [ 3.465358050884694, 49.618273285218685 ], [ 3.442561026053798, 49.624092658067482 ], [ 3.421392736149049, 49.632599877852165 ], [ 3.40354774650344, 49.638700521548841 ], [ 3.394008660538845, 49.646973261499426 ], [ 3.388883698718657, 49.653328724309894 ], [ 3.381770752173321, 49.659567478417053 ], [ 3.370711960751459, 49.659892586947919 ], [ 3.362730622341995, 49.663319620156599 ], [ 3.347919560291859, 49.661798512009405 ], [ 3.346970687396128, 49.66849580106463 ], [ 3.349705779241512, 49.67498804157109 ], [ 3.354005835008715, 49.693747373239979 ], [ 3.351367765002696, 49.708689224441912 ], [ 3.343295139475173, 49.716330649427867 ], [ 3.347065687695081, 49.725318765127049 ], [ 3.338310706868187, 49.755971346440148 ], [ 3.332869188486673, 49.773507466179176 ], [ 3.324211707578458, 49.792477087091306 ], [ 3.315170170036612, 49.814150851183491 ], [ 3.306713567882498, 49.824365329916006 ], [ 3.29956487126013, 49.832384008174358 ], [ 3.299649260022153, 49.839694188419465 ], [ 3.29, 49.85 ] ] ] } },
{ "type": "Feature", "properties": { "id": null }, "geometry": { "type": "MultiLineString", "coordinates": [ [ [ 3.29, 49.85 ], [ 3.269792919575105, 49.837566431315615 ], [ 3.24790922342395, 49.825224018802651 ], [ 3.224718252593611, 49.822214880837727 ], [ 3.198540934879529, 49.819021443729099 ], [ 3.181933181580066, 49.808605476775234 ], [ 3.153925508910064, 49.79717274451562 ], [ 3.130503129141134, 49.785361473364752 ], [ 3.100853362701066, 49.77154127018391 ], [ 3.07095463930527, 49.756073343893199 ], [ 3.066583503537762, 49.751583460609048 ], [ 3.071902467997648, 49.745316960864734 ] ] ] } },
{ "type": "Feature", "properties": { "id": null }, "geometry": { "type": "MultiLineString", "coordinates": [ [ [ 3.071902467997648, 49.745316960864734 ], [ 3.070452899336645, 49.739707179902823 ], [ 3.067341109378915, 49.727532629641019 ], [ 3.065047025416937, 49.712127956792315 ], [ 3.063920096801823, 49.699068154215745 ], [ 3.058038488832757, 49.677272039565018 ], [ 3.050718552138619, 49.655061890497819 ], [ 3.040732728232589, 49.63749309412291 ], [ 3.031039439005062, 49.624877750947839 ], [ 3.022203337770987, 49.613288683708326 ], [ 3.012968503536847, 49.601024379426342 ], [ 3.000361281438344, 49.587900070278288 ], [ 2.993498416852226, 49.573629447485771 ] ] ] } },
{ "type": "Feature", "properties": { "id": null }, "geometry": { "type": "MultiLineString", "coordinates": [ [ [ 2.993498416852225, 49.573629447485771 ], [ 2.99018346529248, 49.564271595525696 ], [ 2.991845093633091, 49.556254906411326 ], [ 2.985057299355779, 49.544464225660256 ], [ 2.984709479868483, 49.533074327553685 ], [ 2.98265084915574, 49.512807912662645 ], [ 2.984311335582119, 49.504791181345475 ], [ 2.971268010418914, 49.494882555026273 ], [ 2.957949262150446, 49.486903801664944 ], [ 2.952688456066809, 49.47845384008285 ], [ 2.9422229467497, 49.46051690793773 ], [ 2.930754408420928, 49.453624746394517 ], [ 2.910390391650893, 49.432527321864605 ], [ 2.878442358951214, 49.425959683870147 ], [ 2.842456406424756, 49.419775122059256 ], [ 2.819956494734903, 49.420783110584154 ] ] ] } },
{ "type": "Feature", "properties": { "id": null }, "geometry": { "type": "MultiLineString", "coordinates": [ [ [ 3.325535273620053, 49.383835648016564 ], [ 3.347018150381253, 49.394983966786292 ], [ 3.365971786216743, 49.406429716471102 ], [ 3.394028391210353, 49.416199278492449 ], [ 3.408067628718851, 49.422867574495406 ], [ 3.418446554895385, 49.434514454586804 ], [ 3.438415612427659, 49.448992624898615 ], [ 3.444746489681408, 49.457478265931059 ], [ 3.447165306195072, 49.465410991915164 ], [ 3.443065647565357, 49.473613284419329 ], [ 3.452586845678797, 49.480660782293704 ], [ 3.44906859771547, 49.488247784197718 ], [ 3.449830206993303, 49.497382444365655 ], [ 3.451217655327575, 49.505579505636582 ], [ 3.461588797954694, 49.51007805270519 ], [ 3.481630875140064, 49.513187900412682 ], [ 3.505832817441591, 49.511339863743508 ], [ 3.526157360171819, 49.508614611218633 ], [ 3.535178915451842, 49.511307914560206 ], [ 3.537355421852401, 49.523801040257858 ], [ 3.542635546554254, 49.532868667490234 ], [ 3.555843480741982, 49.538656548562237 ], [ 3.568050938457586, 49.542600250090338 ], [ 3.572343551641374, 49.547876681692138 ], [ 3.569107748702586, 49.555320426039621 ], [ 3.576504159519414, 49.559799849984465 ], [ 3.593740118592869, 49.563539967049223 ], [ 3.603181093476106, 49.563913850706399 ], [ 3.610731452456563, 49.56158300985755 ], [ 3.617, 49.567 ] ] ] } },
{ "type": "Feature", "properties": { "id": null }, "geometry": { "type": "MultiLineString", "coordinates": [ [ [ 3.325535273620053, 49.383835648016564 ], [ 3.354327475139242, 49.369181063177862 ], [ 3.372451246781352, 49.367654424462359 ], [ 3.401639498963735, 49.361580578262831 ], [ 3.431550296765064, 49.36852867886634 ], [ 3.446308629687095, 49.377182758448647 ], [ 3.466284572258726, 49.369255833092183 ], [ 3.484600448454346, 49.362527988612882 ], [ 3.500336332915605, 49.352726239139997 ], [ 3.512203538656114, 49.34204978880831 ], [ 3.517974778119257, 49.339785949334825 ], [ 3.533272529420104, 49.34066810756903 ], [ 3.555352012268612, 49.342911529218526 ], [ 3.571092887293661, 49.336672032271736 ], [ 3.58798596729774, 49.329197825819556 ], [ 3.600025069151785, 49.320795403292102 ], [ 3.613948496101613, 49.313148345015598 ], [ 3.640637387391499, 49.310443852941013 ], [ 3.666737553913774, 49.312244380677996 ], [ 3.678040957177437, 49.313206263039042 ], [ 3.681918793501946, 49.306283464780684 ], [ 3.707239385787343, 49.30640777913213 ], [ 3.733791373470168, 49.308542641910762 ], [ 3.752415499696753, 49.302764827103715 ], [ 3.765444749652609, 49.302645550371089 ], [ 3.789075327820478, 49.292596043302794 ], [ 3.809247480488082, 49.286245928239325 ], [ 3.821570620992957, 49.283030543063227 ], [ 3.852783056228083, 49.275657748304212 ], [ 3.877343758117704, 49.273755552136137 ], [ 3.916227475246794, 49.26840690980751 ], [ 3.937851116168484, 49.26211358705141 ], [ 3.968459428051449, 49.2553263752216 ], [ 3.990523422176147, 49.249371641898627 ], [ 4.002371572238442, 49.245787377545781 ], [ 4.033, 49.25 ] ] ] } },
{ "type": "Feature", "properties": { "id": null }, "geometry": { "type": "MultiLineString", "coordinates": [ [ [ 4.367, 48.95 ], [ 4.398548841507711, 48.964918390396647 ], [ 4.468143100704689, 48.977256156539227 ], [ 4.512030137773879, 48.990451330162507 ], [ 4.578316812920075, 49.007053190262411 ], [ 4.609851626641079, 49.016363922148308 ], [ 4.693714585894353, 49.034648944866305 ], [ 4.755438022415782, 49.062340241160342 ], [ 4.823581238445246, 49.071568808659883 ], [ 4.844954642766865, 49.081203802873432 ], [ 4.898020102831963, 49.090122070372942 ], [ 4.916787635363911, 49.090760072007654 ], [ 4.943254645017117, 49.102335912044289 ], [ 4.980998686103845, 49.100359979135739 ], [ 4.987181743404994, 49.10431201567561 ], [ 5.003419967085125, 49.10979382424258 ], [ 5.017824458685856, 49.110652055712151 ], [ 5.041880790216303, 49.097453446324344 ], [ 5.057550224486779, 49.098795036054469 ], [ 5.068747121955692, 49.105341388256363 ], [ 5.091671030668097, 49.11650822568258 ], [ 5.118983523392232, 49.130022823414194 ], [ 5.117978368434704, 49.140137971500842 ], [ 5.132708401278322, 49.144453546687245 ], [ 5.156197013806198, 49.14352648649885 ], [ 5.182558783881658, 49.140167724797941 ], [ 5.211219494997613, 49.126699695966145 ], [ 5.221060100203958, 49.116961846425944 ], [ 5.241977714475871, 49.111801083795122 ], [ 5.271858850313964, 49.116092796669541 ], [ 5.295674483651935, 49.125308597315318 ], [ 5.32493370189976, 49.139717018086799 ], [ 5.386532069128192, 49.163010428165741 ] ] ] } },
{ "type": "Feature", "properties": { "id": null }, "geometry": { "type": "MultiLineString", "coordinates": [ [ [ 5.386532069128192, 49.163010428165741 ], [ 5.384379073067401, 49.176715888140734 ], [ 5.371687086204788, 49.188942738868256 ], [ 5.380142516701191, 49.20420261441496 ], [ 5.377054781185852, 49.219922883466367 ], [ 5.362380744251666, 49.228537571021803 ], [ 5.353566740784801, 49.240274710005032 ], [ 5.344266182637085, 49.245507927257044 ], [ 5.341203256519974, 49.25641657887104 ], [ 5.287138654766713, 49.29841900505258 ], [ 5.271105166410557, 49.320652924999642 ], [ 5.266906123463607, 49.336684449891131 ], [ 5.20443040082752, 49.353054442634324 ], [ 5.193764556275596, 49.386745847548298 ], [ 5.207988759966767, 49.410477078612502 ], [ 5.20897135453721, 49.437533112411138 ], [ 5.216351882191137, 49.462267456051954 ], [ 5.184184616515325, 49.515789363739856 ], [ 5.165723631797346, 49.548453537173955 ], [ 5.139939570654647, 49.557070729778395 ], [ 5.112567346706736, 49.584632011419089 ], [ 5.104535670974599, 49.606846725333483 ], [ 5.07872666437823, 49.606113752763761 ], [ 5.030722010656016, 49.623246603982466 ], [ 4.993522717333921, 49.651430160530779 ], [ 4.953257664651865, 49.669610105229729 ], [ 4.934539816175033, 49.686064060557761 ], [ 4.95, 49.7 ] ] ] } },
{ "type": "Feature", "properties": { "id": null }, "geometry": { "type": "MultiLineString", "coordinates": [ [ [ 5.386532069128192, 49.163010428165741 ], [ 5.414360821510141, 49.169619447543759 ], [ 5.427470256643709, 49.177502391365024 ], [ 5.44105744004117, 49.1944790411277 ], [ 5.460679358277901, 49.206944052392259 ], [ 5.47593518178462, 49.206047888555702 ], [ 5.49996947001235, 49.213713468593191 ], [ 5.523471656470232, 49.220055919628081 ], [ 5.582892050123914, 49.234295234390679 ], [ 5.606962818604769, 49.234505567131457 ], [ 5.620588085891293, 49.251891203481904 ], [ 5.650772430773998, 49.268837130244641 ], [ 5.662256704653231, 49.273386471369591 ], [ 5.653658682172578, 49.306974863607529 ], [ 5.666455190183989, 49.330370739009588 ], [ 5.639485534445486, 49.358408630767386 ], [ 5.680618174438875, 49.372094704342992 ], [ 5.711441599339999, 49.390341415852966 ], [ 5.712175972580411, 49.41586215242917 ], [ 5.76004703345851, 49.435087551887506 ], [ 5.782398028068579, 49.444784030957805 ], [ 5.769320534577258, 49.47324136238889 ], [ 5.756581067974459, 49.490044628141021 ], [ 5.750358576939829, 49.496723114725796 ], [ 5.768071967684596, 49.512956888204592 ] ] ] } },
{ "type": "Feature", "properties": { "id": null }, "geometry": { "type": "MultiLineString", "coordinates": [ [ [ 5.768071967684596, 49.512956888204592 ], [ 5.787021647164957, 49.536032705759155 ], [ 5.821166283244681, 49.555880009937752 ], [ 5.871155826794159, 49.553831880012702 ], [ 5.925160478659026, 49.559250824173098 ], [ 5.953881893257424, 49.573243900892379 ], [ 5.994573852659094, 49.571239146282302 ], [ 6.018966888151362, 49.581605416878098 ], [ 6.056346943744288, 49.587668761457181 ], [ 6.09638706547593, 49.593811432450089 ], [ 6.131099811315479, 49.610202858813011 ] ] ] } },
{ "type": "Feature", "properties": { "id": null }, "geometry": { "type": "MultiLineString", "coordinates": [ [ [ 6.166158961916122, 49.357975433946166 ], [ 6.154022669087007, 49.409186807258379 ], [ 6.179072666334371, 49.460362217257078 ], [ 6.179072666334371, 49.460362217257078 ] ] ] } },
{ "type": "Feature", "properties": { "id": null }, "geometry": { "type": "MultiLineString", "coordinates": [ [ [ 6.166158961916122, 49.357975433946166 ], [ 6.151347189374345, 49.329008408971745 ], [ 6.164049707322785, 49.29769251066547 ], [ 6.171128816124226, 49.253656315446783 ], [ 6.155293797653808, 49.205682914307339 ], [ 6.171297781885947, 49.15266333853517 ], [ 6.174536376193164, 49.119946135715296 ] ] ] } },
{ "type": "Feature", "properties": { "id": null }, "geometry": { "type": "MultiLineString", "coordinates": [ [ [ 5.386532069128192, 49.163010428165741 ], [ 5.416214081837211, 49.141299619370052 ], [ 5.454493886514317, 49.129893654804349 ], [ 5.490570154957823, 49.120763472188059 ], [ 5.565625132234609, 49.117278112407703 ], [ 5.596809063309038, 49.110945904696557 ], [ 5.637179290305093, 49.11300149121611 ], [ 5.711611627902115, 49.101184467826819 ], [ 5.787112292449478, 49.095624816516725 ], [ 5.873750600225069, 49.098203349295304 ], [ 5.937226377007573, 49.093654832505194 ], [ 5.992479647712683, 49.097806492582606 ], [ 6.030694744335968, 49.113425006267377 ], [ 6.076741876757527, 49.103771587302383 ], [ 6.136894661113654, 49.112774984176745 ], [ 6.174536376193164, 49.119946135715296 ] ] ] } },
{ "type": "Feature", "properties": { "id": null }, "geometry": { "type": "MultiLineString", "coordinates": [ [ [ 6.174536376193164, 49.119946135715296 ], [ 6.236085198427896, 49.127902092783309 ], [ 6.274589713940979, 49.127893120606878 ], [ 6.302918807409968, 49.145030219136906 ], [ 6.337847532951185, 49.148984717914537 ], [ 6.379847515025477, 49.141926196602043 ], [ 6.423912605713449, 49.147012387695142 ], [ 6.449395360287879, 49.167907186123557 ], [ 6.494975620984713, 49.184458300457358 ], [ 6.520476057611877, 49.196481884329479 ], [ 6.561926444334114, 49.229374503638404 ], [ 6.572263488772883, 49.251285020900127 ], [ 6.590858893144204, 49.258977158603599 ], [ 6.660614563382789, 49.289662262753666 ], [ 6.688623502683964, 49.295241541169794 ], [ 6.70047408820357, 49.29083973861826 ], [ 6.727454441030861, 49.301992992762578 ], [ 6.747689377313685, 49.315535753583944 ] ] ] } },
{ "type": "Feature", "properties": { "id": null }, "geometry": { "type": "MultiLineString", "coordinates": [ [ [ 6.174536376193164, 49.119946135715296 ], [ 6.185283634744397, 49.07767026618572 ], [ 6.188785283657078, 49.044309164819801 ], [ 6.209011275956291, 49.016268072796329 ], [ 6.272727145367055, 49.011714128504202 ], [ 6.28835751033114, 48.982858713954613 ], [ 6.299810972850384, 48.965742858358631 ], [ 6.305252965061642, 48.949982426274232 ], [ 6.322758320290427, 48.943864249781711 ], [ 6.339938298254963, 48.906629489272497 ], [ 6.368670336280887, 48.89007247480744 ], [ 6.390311533605652, 48.889694680411999 ], [ 6.396194655972415, 48.885349023281258 ] ] ] } },
{ "type": "Feature", "properties": { "id": null }, "geometry": { "type": "MultiLineString", "coordinates": [ [ [ 6.396194655972415, 48.885349023281265 ], [ 6.436304829541378, 48.863051450850392 ], [ 6.503741612119919, 48.825660903438525 ], [ 6.527547744093304, 48.812582212717949 ], [ 6.558635681769463, 48.797996001692532 ], [ 6.572572142186663, 48.772205671673227 ], [ 6.592142848601758, 48.76308719204674 ], [ 6.662249100521396, 48.740373751953655 ], [ 6.726114682706934, 48.722228624747771 ], [ 6.772017018339477, 48.716788309359892 ], [ 6.816201962235327, 48.740089027340566 ], [ 6.897469044819192, 48.729642555937005 ], [ 6.939638731070811, 48.712454569230985 ], [ 6.960633101214393, 48.69445865739015 ], [ 7.001740324570789, 48.704902914561941 ], [ 7.045868577729143, 48.708674569614075 ], [ 7.05892388466507, 48.73061391825253 ], [ 7.12091897971111, 48.73845338919547 ], [ 7.147686664205319, 48.738278711535067 ], [ 7.165571992711546, 48.750827196294075 ], [ 7.194759017488352, 48.754157341270613 ], [ 7.258078197431589, 48.764832458445596 ] ] ] } },
{ "type": "Feature", "properties": { "id": null }, "geometry": { "type": "MultiLineString", "coordinates": [ [ [ 7.258078197431589, 48.764832458445596 ], [ 7.315928093846479, 48.766039050414363 ], [ 7.360246514289175, 48.742916795793434 ], [ 7.384993632818839, 48.691683288411099 ], [ 7.387515472334155, 48.668424358726803 ], [ 7.449237896555907, 48.640062180234956 ], [ 7.476226055559869, 48.621462597225161 ], [ 7.515722532318583, 48.61656640515907 ], [ 7.579962936992409, 48.60718916287265 ], [ 7.623173818685435, 48.581134831803951 ], [ 7.665825879162986, 48.587005133783876 ], [ 7.709405060110128, 48.579924483251112 ], [ 7.75, 48.583 ] ] ] } },
{ "type": "Feature", "properties": { "id": null }, "geometry": { "type": "MultiLineString", "coordinates": [ [ [ 7.498742635137144, 48.536990066632221 ], [ 7.575668891224179, 48.545390499460161 ], [ 7.613542416496173, 48.541677415624534 ], [ 7.686349193858132, 48.555309420851145 ], [ 7.748768303543303, 48.582735217761325 ] ] ] } },
{ "type": "Feature", "properties": { "id": null }, "geometry": { "type": "MultiLineString", "coordinates": [ [ [ 5.782791433359125, 50.969668693519836 ], [ 5.825254903259182, 50.950262426235312 ], [ 5.87985148939556, 50.936240816535602 ], [ 5.893607524985307, 50.916000940517577 ], [ 5.923172405684911, 50.907762378016102 ], [ 5.977110053214021, 50.939836841087413 ], [ 6.013617297457992, 50.948657474206335 ], [ 6.056199870249858, 50.954952990645886 ], [ 6.110613051244298, 50.96262382044398 ], [ 6.149923207031844, 50.97399868185024 ], [ 6.19577153558666, 50.994728129225592 ], [ 6.245897579573088, 50.984274665261644 ], [ 6.268343643455208, 50.977444577476966 ], [ 6.29676359453269, 50.981379304647426 ], [ 6.320583312145622, 50.965732612501398 ], [ 6.334991603982155, 50.947840895002102 ], [ 6.361176855543597, 50.92421354392328 ] ] ] } },
{ "type": "Feature", "properties": { "id": null }, "geometry": { "type": "MultiLineString", "coordinates": [ [ [ 5.782791433359126, 50.969668693519822 ], [ 5.735601724102398, 50.951484226551734 ], [ 5.694392238648796, 50.951771908784636 ], [ 5.674062282631983, 50.89831954134786 ], [ 5.63201860107799, 50.880324739816167 ], [ 5.614227242102898, 50.858917610852679 ], [ 5.523123362507301, 50.861901339366959 ], [ 5.496048225058233, 50.845297441857539 ], [ 5.48934900337757, 50.808749456111997 ], [ 5.453216966236166, 50.780547476223376 ], [ 5.433137667769025, 50.776729996704248 ], [ 5.379824209175955, 50.791886841797272 ], [ 5.316456481599025, 50.804884286842608 ], [ 5.183947019843724, 50.81424461611207 ] ] ] } },
{ "type": "Feature", "properties": { "id": null }, "geometry": { "type": "MultiLineString", "coordinates": [ [ [ 4.771929487874643, 51.588602403464691 ], [ 4.834207889915268, 51.598665985497817 ], [ 4.886024892561489, 51.644153580968393 ], [ 4.858306643763747, 51.701798063863372 ], [ 4.914103902913071, 51.693728812435815 ], [ 4.997669035015004, 51.696243603690348 ], [ 5.100362262213028, 51.695610972631471 ], [ 5.161899443487674, 51.699159658394755 ], [ 5.222146984311841, 51.69190960913231 ], [ 5.307274303868375, 51.697547791407274 ] ] ] } },
{ "type": "Feature", "properties": { "id": null }, "geometry": { "type": "MultiLineString", "coordinates": [ [ [ 4.771929487874641, 51.588602403464691 ], [ 4.722910921545654, 51.596638716865144 ], [ 4.661140563938142, 51.608099268134822 ], [ 4.607252327103636, 51.640638329866825 ], [ 4.564168056925148, 51.652045541639943 ], [ 4.54087573747236, 51.637562687513217 ], [ 4.490041764062724, 51.638207417685457 ], [ 4.446666290340441, 51.651720217186366 ], [ 4.453565984280899, 51.673635507463935 ] ] ] } },
{ "type": "Feature", "properties": { "id": null }, "geometry": { "type": "MultiLineString", "coordinates": [ [ [ 4.417, 51.217 ], [ 4.42706832389723, 51.233081864764529 ], [ 4.417402842377697, 51.262944138624128 ], [ 4.364502209758934, 51.287125913729092 ], [ 4.290167297672327, 51.304581722059346 ], [ 4.285468582684935, 51.294353702686323 ], [ 4.364502209758934, 51.287125913729092 ] ] ] } },
{ "type": "Feature", "properties": { "id": null }, "geometry": { "type": "MultiLineString", "coordinates": [ [ [ 4.290167297672327, 51.304581722059346 ], [ 4.353146197954922, 51.318768451958448 ], [ 4.36471004034602, 51.287203602612976 ] ] ] } },
{ "type": "Feature", "properties": { "id": null }, "geometry": { "type": "MultiLineString", "coordinates": [ [ [ 4.353146197954922, 51.318768451958448 ], [ 4.318931936376649, 51.345050123180776 ] ] ] } },
{ "type": "Feature", "properties": { "id": null }, "geometry": { "type": "MultiLineString", "coordinates": [ [ [ 4.318931936376649, 51.345050123180776 ], [ 4.337162004897705, 51.376530447311708 ], [ 4.290039878226823, 51.410548237073129 ], [ 4.314308815666442, 51.460156621029732 ], [ 4.271188543845296, 51.496054756542442 ], [ 4.313669808827107, 51.531893633582591 ], [ 4.319765326265568, 51.571964710280106 ], [ 4.402390276060772, 51.577678112193105 ], [ 4.441947329735225, 51.617605551104504 ], [ 4.446666290340441, 51.651720217186366 ] ] ] } },
{ "type": "Feature", "properties": { "id": null }, "geometry": { "type": "MultiLineString", "coordinates": [ [ [ 5.051531857556485, 50.984641326930486 ], [ 5.110333405744059, 51.009526211228021 ], [ 5.161673866374567, 51.03469063843562 ], [ 5.213069215576797, 51.044926834703858 ], [ 5.227554165928632, 51.04867632847381 ], [ 5.225463879502684, 51.062871277380474 ], [ 5.261511750050409, 51.077635628205798 ], [ 5.26502346397525, 51.11617564682534 ], [ 5.316149776650544, 51.123013866179576 ], [ 5.36604971208524, 51.123721377042664 ], [ 5.456641320411564, 51.131575834194997 ], [ 5.498144048218011, 51.153639389753756 ], [ 5.534438172472656, 51.159932616165101 ], [ 5.557323533530272, 51.171176769088305 ], [ 5.578834735848143, 51.171626910983228 ] ] ] } },
{ "type": "Feature", "properties": { "id": null }, "geometry": { "type": "MultiLineString", "coordinates": [ [ [ 5.578834735848143, 51.171626910983228 ], [ 5.592353726971512, 51.166097306410862 ], [ 5.583813096810594, 51.147632024482142 ], [ 5.593621497043273, 51.136666710822922 ], [ 5.631119562094212, 51.143267000787816 ], [ 5.742655445601217, 51.146525102579815 ], [ 5.771384929143385, 51.144119986291187 ], [ 5.80830504893572, 51.147531669160408 ], [ 5.815563871286763, 51.166514494022437 ], [ 5.830199449095943, 51.169955808397113 ], [ 5.848394975563105, 51.179676298313176 ], [ 5.881556067268895, 51.166281965063924 ], [ 5.901065947787126, 51.151474639637108 ], [ 5.942987363536827, 51.154582251681013 ], [ 5.979000339329138, 51.143366101935996 ], [ 6.005858360391282, 51.142511863947448 ], [ 6.044613812573517, 51.121816891178362 ], [ 6.08140537265405, 51.09472867347673 ], [ 6.101432049563761, 51.089088516638768 ], [ 6.100313994142754, 51.068810976434179 ], [ 6.140366659579607, 51.079315399709607 ], [ 6.151586655756151, 51.092803284792303 ], [ 6.167999582749458, 51.087193877795848 ], [ 6.191773212892161, 51.088948212245924 ], [ 6.202678727185847, 51.09707733367803 ], [ 6.234820007363162, 51.094077125068779 ], [ 6.312738700105967, 51.081360987252474 ] ] ] } },
{ "type": "Feature", "properties": { "id": null }, "geometry": { "type": "MultiLineString", "coordinates": [ [ [ 6.361176855543597, 50.92421354392328 ], [ 6.409640911450347, 50.92637707247497 ], [ 6.41956597358731, 50.942226551111993 ], [ 6.455651075557118, 50.953050933122917 ], [ 6.50220524982136, 50.947668037803503 ], [ 6.561073489729909, 50.952346180491887 ], [ 6.598807737121327, 50.946419529158781 ], [ 6.638811900104705, 50.951473303093387 ], [ 6.693260071453905, 50.937405049742317 ], [ 6.711733897905075, 50.915350758984495 ], [ 6.741163312301376, 50.912056043596905 ], [ 6.778975243332755, 50.904131769944527 ], [ 6.799009407945492, 50.903231271795285 ], [ 6.826765079608553, 50.912979455852323 ], [ 6.873675373572364, 50.923725477394896 ], [ 6.950246328458792, 50.933190408364936 ] ] ] } },
{ "type": "Feature", "properties": { "id": null }, "geometry": { "type": "MultiLineString", "coordinates": [ [ [ 6.312738700105967, 51.081360987252474 ], [ 6.342911382619844, 51.088354872705587 ], [ 6.383138723682225, 51.109167907513473 ], [ 6.461904173447226, 51.095929803204271 ], [ 6.534116629779139, 51.100051623667447 ], [ 6.577750415180726, 51.083864049264683 ], [ 6.63407926336055, 51.072886008111098 ], [ 6.67398000485456, 51.054127227156343 ], [ 6.751003832728737, 51.021834226575223 ], [ 6.801502653275816, 50.993133135362363 ], [ 6.849547297242744, 50.976969354989286 ], [ 6.893441886148481, 50.96023806675467 ], [ 6.950246328458792, 50.933190408364936 ] ] ] } },
{ "type": "Feature", "properties": { "id": null }, "geometry": { "type": "MultiLineString", "coordinates": [ [ [ 6.950246328458792, 50.933190408364936 ], [ 6.965988545213209, 50.96803708089228 ], [ 6.946463097314414, 50.995928194758996 ], [ 6.938796785366514, 51.024615736582369 ], [ 6.889741600199875, 51.04870415002884 ], [ 6.849686441278191, 51.071172483487238 ], [ 6.84331197246618, 51.091149906948075 ], [ 6.801227524514976, 51.134232558411334 ], [ 6.754033850120033, 51.168612761314606 ], [ 6.696591835888471, 51.193944011799132 ], [ 6.640029174419689, 51.231753493948098 ], [ 6.636359557134163, 51.28933595324046 ], [ 6.626625252809015, 51.326930540568256 ], [ 6.567, 51.333 ], [ 6.577747771662603, 51.358526346497932 ], [ 6.626404500577861, 51.372083825614695 ], [ 6.651389954678815, 51.389119249232813 ], [ 6.629760296162351, 51.450893611837863 ] ] ] } },
{ "type": "Feature", "properties": { "id": null }, "geometry": { "type": "MultiLineString", "coordinates": [ [ [ 6.629760296162351, 51.450893611837877 ], [ 6.610893188278435, 51.522844824911623 ], [ 6.587920205140597, 51.544808066002197 ], [ 6.535026473045782, 51.592781194486854 ], [ 6.480014733797522, 51.633436812805293 ], [ 6.382794282085678, 51.692588231422782 ], [ 6.287014807049886, 51.735732923628106 ], [ 6.140532682726388, 51.788806249245951 ] ] ] } },
{ "type": "Feature", "properties": { "id": null }, "geometry": { "type": "MultiLineString", "coordinates": [ [ [ 6.480014733797522, 51.633436812805293 ], [ 6.508102445629547, 51.628546980627874 ], [ 6.530706061520497, 51.639172874180183 ], [ 6.586601496279743, 51.638143193561625 ], [ 6.61719920635787, 51.655898697072253 ] ] ] } },
{ "type": "Feature", "properties": { "id": null }, "geometry": { "type": "MultiLineString", "coordinates": [ [ [ 6.30726965499844, 51.518720059846551 ], [ 6.412503951811225, 51.524503495226639 ], [ 6.476146315081693, 51.55751732413227 ], [ 6.52420580260616, 51.571094369601646 ], [ 6.550301379845378, 51.607314130785689 ], [ 6.586601496279743, 51.638143193561625 ] ] ] } },
{ "type": "Feature", "properties": { "id": null }, "geometry": { "type": "MultiLineString", "coordinates": [ [ [ 6.135548955351034, 51.34140404631993 ], [ 6.17137108058343, 51.364880509570575 ], [ 6.197721924169195, 51.386870847790071 ], [ 6.20164516498148, 51.395741276912375 ], [ 6.245103654093159, 51.424589299370552 ], [ 6.264464233815337, 51.44109493710242 ], [ 6.276119472806306, 51.458851564272933 ], [ 6.298327680089599, 51.484229282146138 ], [ 6.30726965499844, 51.518720059846551 ] ] ] } },
{ "type": "Feature", "properties": { "id": null }, "geometry": { "type": "MultiLineString", "coordinates": [ [ [ 5.848394975563105, 51.179676298313176 ], [ 5.912490076514006, 51.209720687947936 ], [ 5.942663842114263, 51.222922524275859 ], [ 5.954517416079131, 51.22454998416584 ], [ 5.987776127585827, 51.262961375041485 ], [ 6.055492077283568, 51.299764779491717 ], [ 6.09163630409294, 51.330467818009133 ], [ 6.125324683680606, 51.331107161402244 ], [ 6.135548955351034, 51.34140404631993 ] ] ] } },
{ "type": "Feature", "properties": { "id": null }, "geometry": { "type": "MultiLineString", "coordinates": [ [ [ 6.140532682726388, 51.788806249245951 ], [ 6.102632979284674, 51.801252241934158 ], [ 6.036955632315398, 51.781570454782823 ], [ 6.022751832186156, 51.800519490630677 ], [ 5.95867666471789, 51.815820666160718 ], [ 5.911408896054023, 51.835559714650394 ], [ 5.862404893118945, 51.848250339055973 ] ] ] } },
{ "type": "Feature", "properties": { "id": null }, "geometry": { "type": "MultiLineString", "coordinates": [ [ [ 5.862404893118945, 51.848250339055973 ], [ 5.817593352833692, 51.837118818642331 ], [ 5.776114378979725, 51.844380865708317 ], [ 5.711385426285346, 51.856613250739315 ], [ 5.654900812631918, 51.872516668557267 ], [ 5.588674415719898, 51.867137630882191 ], [ 5.537245347981739, 51.871028834274874 ], [ 5.502480898466974, 51.87310647863 ], [ 5.499367569344983, 51.888535903065517 ], [ 5.495517358283389, 51.90345120696967 ], [ 5.482114822602087, 51.911683794436996 ], [ 5.459033105946189, 51.909824203165769 ], [ 5.447750922391562, 51.920321461301135 ], [ 5.44993764713317, 51.936780909271647 ], [ 5.449201276188436, 51.951815458149156 ], [ 5.401119708545786, 51.952621475523522 ], [ 5.371312224962448, 51.951697456548061 ], [ 5.321830667198707, 51.969667332875211 ], [ 5.33270466056819, 51.987738078409926 ], [ 5.315235664850824, 52.000408939312194 ], [ 5.278076910846779, 52.009132355675796 ], [ 5.246052286025946, 52.028742917213272 ], [ 5.218337361343195, 52.05867733980925 ], [ 5.172938396848533, 52.062661998956358 ], [ 5.133, 52.083 ] ] ] } },
{ "type": "Feature", "properties": { "id": null }, "geometry": { "type": "MultiLineString", "coordinates": [ [ [ 5.133, 52.083 ], [ 5.172938396848533, 52.062661998956358 ], [ 5.218337361343195, 52.05867733980925 ], [ 5.260966670813639, 52.058403500871918 ], [ 5.369515387629187, 52.063681776253027 ], [ 5.413945211317992, 52.053510681216139 ], [ 5.483607407591961, 52.048567306133123 ], [ 5.568072852121353, 52.039621526149134 ], [ 5.662137376936297, 52.01250823252456 ], [ 5.758838102553185, 52.022824409787525 ], [ 5.81393943106588, 52.023334151701626 ], [ 5.869006382856855, 51.998557559214518 ], [ 5.917, 51.983 ] ] ] } },
{ "type": "Feature", "properties": { "id": null }, "geometry": { "type": "MultiLineString", "coordinates": [ [ [ 6.156633340565909, 52.007256606985607 ], [ 6.129533520621798, 52.020212708620633 ], [ 6.090858465525076, 52.034723077879136 ], [ 5.979038919684349, 52.002455887806434 ], [ 5.917, 51.983 ] ] ] } },
{ "type": "Feature", "properties": { "id": null }, "geometry": { "type": "MultiLineString", "coordinates": [ [ [ 4.91660482917106, 52.34968819232035 ], [ 4.848585471529533, 52.302269834944845 ], [ 4.812391185038321, 52.258885211090274 ], [ 4.867121047541864, 52.224324324998932 ], [ 4.908525456570015, 52.208612348158759 ], [ 4.921684926526417, 52.1070988665169 ], [ 4.873685491210121, 52.070998370911376 ] ] ] } },
{ "type": "Feature", "properties": { "id": null }, "geometry": { "type": "MultiLineString", "coordinates": [ [ [ 4.873685491210121, 52.070998370911376 ], [ 4.967239323306821, 52.075800345677976 ], [ 5.057379032852324, 52.060165471762289 ], [ 5.133, 52.083 ] ] ] } },
{ "type": "Feature", "properties": { "id": null }, "geometry": { "type": "MultiLineString", "coordinates": [ [ [ 4.873685491210121, 52.070998370911376 ], [ 4.808907248316342, 52.064570739074078 ], [ 4.737489598687238, 52.067728914984009 ], [ 4.69378390051518, 52.110015401292621 ], [ 4.619021566118683, 52.127055017149502 ], [ 4.557632645515681, 52.124730168917267 ], [ 4.5, 52.15 ] ] ] } },
{ "type": "Feature", "properties": { "id": null }, "geometry": { "type": "MultiLineString", "coordinates": [ [ [ 4.5, 52.15 ], [ 4.404835806479121, 52.109812923791978 ], [ 4.3, 52.083 ] ] ] } },
{ "type": "Feature", "properties": { "id": null }, "geometry": { "type": "MultiLineString", "coordinates": [ [ [ 4.367, 52.0 ], [ 4.402617663292705, 52.051837136311008 ], [ 4.3, 52.083 ] ] ] } },
{ "type": "Feature", "properties": { "id": null }, "geometry": { "type": "MultiLineString", "coordinates": [ [ [ 4.402617663292705, 52.051837136311008 ], [ 4.48673760196757, 52.048308517080017 ], [ 4.638137349834741, 52.023194546712922 ], [ 4.7, 52.017 ], [ 4.774559878981724, 52.016676381061728 ], [ 4.786999423467741, 52.018199118779016 ], [ 4.853262909165365, 52.045415006876375 ], [ 4.873685491210121, 52.070998370911376 ] ] ] } },
{ "type": "Feature", "properties": { "id": null }, "geometry": { "type": "MultiLineString", "coordinates": [ [ [ 4.638137349834741, 52.023194546712922 ], [ 4.737489598687238, 52.067728914984009 ] ] ] } },
{ "type": "Feature", "properties": { "id": null }, "geometry": { "type": "MultiLineString", "coordinates": [ [ [ 4.367, 52.0 ], [ 4.415375629621852, 51.962280407853697 ], [ 4.5, 51.917 ] ] ] } },
{ "type": "Feature", "properties": { "id": null }, "geometry": { "type": "MultiLineString", "coordinates": [ [ [ 4.5, 51.917 ], [ 4.565368246551029, 51.923393254175934 ], [ 4.623124882481366, 51.953759819896362 ], [ 4.651239057631627, 51.995394947109574 ], [ 4.7, 52.017 ] ] ] } },
{ "type": "Feature", "properties": { "id": null }, "geometry": { "type": "MultiLineString", "coordinates": [ [ [ 4.638137349834741, 52.023194546712922 ], [ 4.651239057631627, 51.995394947109574 ] ] ] } },
{ "type": "Feature", "properties": { "id": null }, "geometry": { "type": "MultiLineString", "coordinates": [ [ [ 5.057379032852324, 52.060165471762289 ], [ 5.081950528041525, 52.030553488962099 ], [ 5.17586029363884, 52.023853067131 ], [ 5.172938396848533, 52.062661998956358 ] ] ] } },
{ "type": "Feature", "properties": { "id": null }, "geometry": { "type": "MultiLineString", "coordinates": [ [ [ 4.917, 52.35 ], [ 5.009083770679196, 52.334211813916347 ], [ 5.070173289985864, 52.327272687072842 ], [ 5.163849754773664, 52.292664702352234 ], [ 5.245692383178247, 52.230210039926021 ], [ 5.276715113603072, 52.191603039263335 ], [ 5.293350891362187, 52.16894022056271 ], [ 5.380411669695112, 52.152934351744456 ], [ 5.461509721703638, 52.208840486860161 ], [ 5.550907277734966, 52.248671381424295 ], [ 5.598824102783502, 52.260662827883536 ], [ 5.630698843090818, 52.290991147514035 ], [ 5.645827885536714, 52.322639607275732 ], [ 5.704583210199654, 52.346641033863683 ], [ 5.791971787932424, 52.362399432464215 ], [ 5.831567921162259, 52.385362687647522 ], [ 5.970899923420502, 52.442623355126912 ], [ 5.991871755850585, 52.474416116451181 ], [ 6.036320027835522, 52.493388549253716 ], [ 6.083, 52.5 ] ] ] } },
{ "type": "Feature", "properties": { "id": null }, "geometry": { "type": "MultiLineString", "coordinates": [ [ [ 5.133, 52.083 ], [ 5.186593860766274, 52.101466897257289 ], [ 5.242639185388549, 52.109082091908355 ], [ 5.301210229968322, 52.130376994252543 ], [ 5.357694365899734, 52.141840618688533 ], [ 5.380411669695111, 52.15293435174447 ] ] ] } },
{ "type": "Feature", "properties": { "id": null }, "geometry": { "type": "MultiLineString", "coordinates": [ [ [ 5.38041166969511, 52.15293435174447 ], [ 5.419094863457611, 52.156479384923657 ], [ 5.467863587282611, 52.166617646886436 ], [ 5.537353160347549, 52.159541363566383 ], [ 5.605055621280332, 52.170334584039324 ], [ 5.683999673150147, 52.18781397011243 ], [ 5.808960742111961, 52.204447232079119 ], [ 5.851582157022643, 52.188460610154962 ], [ 5.921607198598722, 52.18360721428818 ], [ 5.97147935008678, 52.209114579185126 ], [ 6.016958343153276, 52.2135666399301 ], [ 6.059283060765993, 52.235866494805173 ], [ 6.119370038109294, 52.24561963877769 ], [ 6.156253029516378, 52.25847692509533 ], [ 6.200163429196944, 52.250128525138457 ] ] ] } },
{ "type": "Feature", "properties": { "id": null }, "geometry": { "type": "MultiLineString", "coordinates": [ [ [ 5.566537567129913, 50.632468599350162 ], [ 5.609206207599376, 50.610876867693847 ], [ 5.654124716246836, 50.579085425460661 ], [ 5.716176086704119, 50.568457236905893 ], [ 5.794687857314549, 50.566822576677843 ], [ 5.832670209998509, 50.528686915109475 ], [ 5.836099875512821, 50.489939323206706 ], [ 5.914638895947387, 50.474623167115311 ], [ 5.976691098296205, 50.449608054702303 ], [ 6.012543209201588, 50.421709172572285 ], [ 5.93129341569737, 50.394623881819911 ], [ 5.880678161756384, 50.377460243207729 ], [ 5.91770611780802, 50.278432446556117 ], [ 5.921876044768443, 50.235821712175756 ], [ 5.968497343662791, 50.174634130825346 ], [ 6.042237525861125, 50.159141071435137 ], [ 6.087585816872061, 50.135116367330902 ], [ 6.087168256348172, 50.109512756192366 ], [ 6.086669840178494, 50.091032373170144 ], [ 6.078296411175239, 50.076491965353192 ], [ 6.06097383646058, 50.060669742509489 ], [ 6.073895386569524, 50.050426525042376 ], [ 6.152135773443267, 50.046101255787448 ], [ 6.156965124899235, 50.023590730200766 ], [ 6.209435977870301, 50.034095858357617 ], [ 6.235859713795984, 50.02428422747753 ], [ 6.287144737666933, 50.017871772843769 ], [ 6.301734534954465, 50.004743730209491 ], [ 6.313578992677765, 49.981484621099206 ], [ 6.329888794564321, 49.952214887449919 ], [ 6.343387666022189, 49.933216967475119 ], [ 6.334360913013246, 49.908181156644545 ], [ 6.340990359754635, 49.887018332458133 ], [ 6.360223766176569, 49.858162875981897 ], [ 6.359737949946279, 49.851345632607163 ], [ 6.391359542720354, 49.823853911977253 ], [ 6.430425254877791, 49.81019177065393 ], [ 6.469303335318801, 49.820607053499849 ], [ 6.493580205840027, 49.810348735206148 ], [ 6.528412207253036, 49.811207199391575 ], [ 6.571258545041263, 49.815962775420488 ], [ 6.573959402679491, 49.792079058166195 ], [ 6.600947853845001, 49.771193354196917 ], [ 6.633, 49.75 ] ] ] } },
{ "type": "Feature", "properties": { "id": null }, "geometry": { "type": "MultiLineString", "coordinates": [ [ [ 6.95, 50.933 ], [ 6.963089675452385, 50.887716338233616 ], [ 6.959807637900614, 50.843930175379057 ], [ 6.96435482058267, 50.821228566229017 ], [ 6.998702444919024, 50.799790991004052 ], [ 7.027918538040502, 50.762188585255728 ], [ 7.067206864171141, 50.746200128460998 ], [ 7.100655114613115, 50.730873389234681 ] ] ] } },
{ "type": "Feature", "properties": { "id": null }, "geometry": { "type": "MultiLineString", "coordinates": [ [ [ 7.100655114613115, 50.730873389234681 ], [ 7.162569769652255, 50.678184417387378 ], [ 7.194007824726163, 50.638170339309433 ], [ 7.200279412121645, 50.597053018814393 ], [ 7.246571886481756, 50.559391104668876 ], [ 7.29851975615659, 50.499999999891088 ], [ 7.367598366574283, 50.450982283103436 ], [ 7.448687999650547, 50.413974056063296 ], [ 7.553823504005817, 50.393933030486522 ], [ 7.59691349259136, 50.356699493941861 ] ] ] } },
{ "type": "Feature", "properties": { "id": null }, "geometry": { "type": "MultiLineString", "coordinates": [ [ [ 8.371436042457567, 49.219328732244691 ], [ 8.336506710472873, 49.198623400280141 ], [ 8.302927107158913, 49.173721398250095 ], [ 8.303916635940762, 49.128943046938339 ], [ 8.295122180611218, 49.078552737429014 ], [ 8.284240338096348, 49.037743227372545 ] ] ] } },
{ "type": "Feature", "properties": { "id": null }, "geometry": { "type": "MultiLineString", "coordinates": [ [ [ 8.284240338096348, 49.037743227372545 ], [ 8.255711293384476, 49.017781444180493 ], [ 8.242339473791995, 48.989164652825075 ], [ 8.188722727969086, 48.973012415675626 ], [ 8.154847143915745, 48.932394847817797 ], [ 8.128329829867244, 48.9205900650053 ], [ 8.087554571462244, 48.889304207132909 ], [ 8.08258071737175, 48.860881557649613 ], [ 8.053985323618136, 48.841555352240384 ], [ 8.016003155111775, 48.814842625234654 ], [ 7.989555861203128, 48.794079987888523 ], [ 7.953268764840712, 48.758632604923598 ], [ 7.917669650515451, 48.740852158517058 ], [ 7.893213502822425, 48.706077390666408 ], [ 7.883914650779685, 48.691876183071827 ], [ 7.860260695619624, 48.679220253232131 ], [ 7.82645860143623, 48.666361168565402 ], [ 7.813513570464843, 48.654450009565728 ], [ 7.778794524625884, 48.635656123204043 ], [ 7.753756149112498, 48.624405937460331 ], [ 7.747291453163178, 48.603327326239416 ], [ 7.75, 48.583 ] ] ] } },
{ "type": "Feature", "properties": { "id": null }, "geometry": { "type": "MultiLineString", "coordinates": [ [ [ 7.75, 48.583 ], [ 7.796259765346414, 48.565073005668857 ], [ 7.81115507403292, 48.573337139560323 ] ] ] } },
{ "type": "Feature", "properties": { "id": null }, "geometry": { "type": "MultiLineString", "coordinates": [ [ [ 8.117563700079653, 49.19554514546121 ], [ 8.085959625234244, 49.182597226231053 ], [ 8.074848514576841, 49.167196395672676 ], [ 8.058377132697695, 49.145402113244884 ], [ 8.056289813011544, 49.128311152493282 ], [ 8.036697420641957, 49.11490959541252 ], [ 8.014808264156496, 49.104198704851342 ], [ 8.009002865278074, 49.092725516714744 ], [ 7.980376646645504, 49.083608540083894 ], [ 7.963709837089338, 49.056878150970569 ], [ 7.955722796145412, 49.046591284410589 ], [ 7.94955544380718, 49.037566370162494 ], [ 7.970323034906295, 49.018829981053472 ], [ 7.953670031238109, 48.992404608093111 ], [ 7.940252555615166, 48.978328817044734 ], [ 7.937193345228437, 48.973355248242171 ], [ 7.912961212460157, 48.950470635298316 ], [ 7.883259622402696, 48.936082056048761 ], [ 7.849889735064444, 48.909935813011494 ], [ 7.831594390283946, 48.889236005412819 ], [ 7.826068497978547, 48.877142085327954 ], [ 7.822608260638625, 48.860477903067078 ], [ 7.804937994787624, 48.838924468557074 ], [ 7.780220849778791, 48.81855733777855 ] ] ] } },
{ "type": "Feature", "properties": { "id": null }, "geometry": { "type": "MultiLineString", "coordinates": [ [ [ 7.780220849778791, 48.81855733777855 ], [ 7.753685120896317, 48.788787828205933 ], [ 7.727725973408956, 48.766745825605383 ], [ 7.709822049912005, 48.731646062599232 ], [ 7.712766673651674, 48.701891081693788 ], [ 7.728471708913365, 48.621986203636091 ], [ 7.748768303543303, 48.582735217761325 ] ] ] } },
{ "type": "Feature", "properties": { "id": null }, "geometry": { "type": "MultiLineString", "coordinates": [ [ [ 7.360246514289175, 48.742916795793434 ], [ 7.391186700020254, 48.741050625403176 ], [ 7.462795980420045, 48.748853425378009 ], [ 7.476410127493546, 48.746088790253943 ], [ 7.484050990920543, 48.751180054747756 ], [ 7.517202308320361, 48.747927953998428 ], [ 7.569719571096991, 48.757078525840981 ], [ 7.633789700808173, 48.758212190686791 ], [ 7.667457196534394, 48.75369693494094 ], [ 7.709822049912005, 48.731646062599239 ] ] ] } },
{ "type": "Feature", "properties": { "id": null }, "geometry": { "type": "MultiLineString", "coordinates": [ [ [ 7.667457196534394, 48.75369693494094 ], [ 7.673877861631183, 48.7893021677842 ], [ 7.780220849778791, 48.81855733777855 ] ] ] } },
{ "type": "Feature", "properties": { "id": null }, "geometry": { "type": "MultiLineString", "coordinates": [ [ [ 6.2, 48.683 ], [ 6.242004003749155, 48.648352968464806 ], [ 6.291286077617484, 48.635244783328154 ], [ 6.338056966930575, 48.628491707138416 ], [ 6.355062279448998, 48.614748850740582 ], [ 6.390952933749676, 48.604156434764427 ], [ 6.442293779897056, 48.605813132154481 ], [ 6.484289001324342, 48.597001285184106 ], [ 6.5, 48.6 ] ] ] } },
{ "type": "Feature", "properties": { "id": null }, "geometry": { "type": "MultiLineString", "coordinates": [ [ [ 6.2, 48.683 ], [ 6.174262105193534, 48.712943522157836 ], [ 6.17979164492828, 48.740816637647846 ], [ 6.14670918702173, 48.762745592035515 ], [ 6.144288406426458, 48.789468280919117 ], [ 6.126250281623415, 48.783536432037629 ], [ 6.100657407305138, 48.798330725943451 ], [ 6.092101106526555, 48.818332228849464 ], [ 6.062668159583412, 48.840642913526892 ], [ 6.073298651785546, 48.860857710448251 ], [ 6.047741261605914, 48.896404969028069 ], [ 6.034245258670532, 48.912905391558461 ], [ 6.038353989872061, 48.940273215832022 ], [ 6.020314307912821, 48.990384304091563 ], [ 6.038371487915605, 49.018708354672825 ], [ 6.057665751674413, 49.066910740165731 ], [ 6.076741876757527, 49.103771587302383 ] ] ] } },
{ "type": "Feature", "properties": { "id": null }, "geometry": { "type": "MultiLineString", "coordinates": [ [ [ 6.2, 48.683 ], [ 6.148984585961353, 48.690524048807369 ], [ 6.115763862049602, 48.694813170473836 ], [ 6.067563432958314, 48.693672795537211 ], [ 6.02142505457092, 48.69987591032541 ], [ 5.993989097013723, 48.707970040682966 ], [ 5.951091294632027, 48.7077199823025 ], [ 5.916130067276054, 48.687752521467537 ], [ 5.89152024498768, 48.67510346359245 ] ] ] } },
{ "type": "Feature", "properties": { "id": null }, "geometry": { "type": "MultiLineString", "coordinates": [ [ [ 5.89152024498768, 48.67510346359245 ], [ 5.831145795526598, 48.674860857838425 ], [ 5.756325958652414, 48.678029029669091 ], [ 5.70665992960189, 48.688352125611885 ], [ 5.622186536449812, 48.689903847999837 ] ] ] } },
{ "type": "Feature", "properties": { "id": null }, "geometry": { "type": "MultiLineString", "coordinates": [ [ [ 5.622186536449812, 48.689903847999837 ], [ 5.570314805307963, 48.686879714357886 ], [ 5.525865037338118, 48.704485729894031 ], [ 5.439220000579922, 48.702580986366407 ], [ 5.323442568261152, 48.687845868917826 ], [ 5.285449624239191, 48.711354693838047 ], [ 5.24026852178997, 48.727896320115065 ], [ 5.211179504250218, 48.743729420668231 ], [ 5.184363268484146, 48.76473229229029 ], [ 5.167, 48.783 ] ] ] } },
{ "type": "Feature", "properties": { "id": null }, "geometry": { "type": "MultiLineString", "coordinates": [ [ [ 5.167, 48.783 ], [ 5.138138850282776, 48.768909031869413 ], [ 5.105006811331964, 48.736522562688009 ], [ 5.0810824054058, 48.703146927138611 ], [ 5.009581505275539, 48.678719604428395 ], [ 4.948242187500001, 48.631415106244127 ] ] ] } },
{ "type": "Feature", "properties": { "id": null }, "geometry": { "type": "MultiLineString", "coordinates": [ [ [ 4.770514589274883, 48.477810693138828 ], [ 4.772954417195591, 48.48439201409451 ], [ 4.793478329960337, 48.507527943518987 ], [ 4.855102649795062, 48.57949596396216 ], [ 4.890718307134222, 48.615777458754678 ], [ 4.9482421875, 48.631415106244141 ] ] ] } },
{ "type": "Feature", "properties": { "id": null }, "geometry": { "type": "MultiLineString", "coordinates": [ [ [ 6.2, 48.683 ], [ 6.180733165321042, 48.625316327938634 ], [ 6.151484799769592, 48.612079372851355 ], [ 6.103602688085536, 48.61502387082259 ], [ 6.101647523070661, 48.586577436807005 ], [ 5.97195910457665, 48.573686385125526 ], [ 5.897374689756812, 48.529419509399339 ], [ 5.860623658907029, 48.477333430326674 ], [ 5.765363766971247, 48.418670053723304 ], [ 5.692452226342989, 48.355388769710338 ], [ 5.637280662631147, 48.277705484288397 ], [ 5.624537920500946, 48.265198973599297 ], [ 5.607612305266393, 48.237290395189497 ], [ 5.577770667886203, 48.203321274091827 ], [ 5.55392537547448, 48.176924828209557 ], [ 5.52993529886804, 48.136019587717428 ], [ 5.516258750837393, 48.095758625876726 ], [ 5.488530288942091, 48.061244432520482 ], [ 5.471065475466142, 48.040903931965538 ], [ 5.493673513753827, 47.999355294368335 ], [ 5.476906157957861, 47.963621478339505 ], [ 5.441163624691042, 47.940672509218224 ], [ 5.409442291655716, 47.915339215093212 ], [ 5.392645544696965, 47.899858712453351 ], [ 5.344172009707375, 47.878186184313655 ], [ 5.334254386433774, 47.859062085487267 ] ] ] } },
{ "type": "Feature", "properties": { "id": null }, "geometry": { "type": "MultiLineString", "coordinates": [ [ [ 5.334254386433774, 47.859062085487267 ], [ 5.358791355275685, 47.856224684302681 ], [ 5.409885929634152, 47.852373059518683 ], [ 5.463893852494722, 47.84261567690163 ], [ 5.484602578409667, 47.817705025802525 ], [ 5.552632670008885, 47.807559152295852 ], [ 5.60270959899686, 47.782800815742682 ], [ 5.6312106733033, 47.785788534751283 ], [ 5.68052970097225, 47.769276826258519 ], [ 5.732467752299195, 47.753769361415031 ], [ 5.770471451921833, 47.749242610274372 ], [ 5.804673157626691, 47.73255357905321 ], [ 5.890484523248926, 47.711342217843324 ], [ 6.001372568855657, 47.688215620833816 ], [ 6.047501388496792, 47.687122979835507 ], [ 6.095556875022115, 47.675001114238043 ], [ 6.139574925462354, 47.643559625649459 ], [ 6.156014392183655, 47.619904905444578 ] ] ] } },
{ "type": "Feature", "properties": { "id": null }, "geometry": { "type": "MultiLineString", "coordinates": [ [ [ 6.156014392183655, 47.619904905444578 ], [ 6.237965304695932, 47.627050748797799 ], [ 6.258125116345711, 47.640667296270919 ], [ 6.285204256620564, 47.643668273837164 ], [ 6.351506225753686, 47.666210148063776 ], [ 6.358968592667398, 47.657227990346648 ], [ 6.379576564081333, 47.665066403236729 ], [ 6.384215459773933, 47.671912258179731 ], [ 6.434341223344486, 47.682558182274015 ], [ 6.494373431835317, 47.688421897725526 ], [ 6.518638384302688, 47.674982621657037 ], [ 6.54601303635225, 47.679081239031767 ], [ 6.593137033331022, 47.699480402475338 ], [ 6.625664736361085, 47.698181195720942 ], [ 6.67398825869923, 47.690201036690382 ], [ 6.703113773239056, 47.683237952405285 ], [ 6.746682250702072, 47.658239660756635 ], [ 6.784250825123206, 47.643431086783679 ], [ 6.827830672518259, 47.633629881264525 ], [ 6.861867596610431, 47.628127681077657 ] ] ] } },
{ "type": "Feature", "properties": { "id": null }, "geometry": { "type": "MultiLineString", "coordinates": [ [ [ 7.356678770420442, 47.360171441055208 ], [ 7.317463052395691, 47.357827501448689 ], [ 7.282675865968253, 47.348658755488472 ], [ 7.251850979824467, 47.380184027824129 ], [ 7.193259659772062, 47.397146034982065 ], [ 7.15005230553894, 47.405252242919886 ], [ 7.100231553485388, 47.409935588395001 ], [ 7.0815900518742, 47.41543634898796 ], [ 7.054008461292784, 47.451516969921009 ], [ 7.023771912072406, 47.486811521858115 ], [ 6.996958496200952, 47.533019270496631 ], [ 6.931283305635972, 47.550111114187331 ], [ 6.929343818440559, 47.571282843038055 ], [ 6.912059073340338, 47.586945738638136 ], [ 6.866606253187491, 47.594879931938664 ], [ 6.86186759661043, 47.628127681077672 ] ] ] } },
{ "type": "Feature", "properties": { "id": null }, "geometry": { "type": "MultiLineString", "coordinates": [ [ [ 6.86186759661043, 47.628127681077672 ], [ 6.923540961591152, 47.644625544446839 ], [ 6.964374654169827, 47.651996264961127 ], [ 6.997854786874235, 47.633541631976072 ], [ 7.028312793516441, 47.631605620097716 ], [ 7.077282231348612, 47.633848970755984 ], [ 7.122594435292334, 47.630806546080457 ], [ 7.172449857911109, 47.629339502649721 ], [ 7.23808522130178, 47.625942883818126 ], [ 7.29840034157207, 47.619792040304588 ], [ 7.331918433560414, 47.610927182548551 ], [ 7.378015012994, 47.602354856311891 ], [ 7.414789076336705, 47.589160362518271 ], [ 7.441666639380593, 47.584257154405869 ], [ 7.501537059222078, 47.571572592115707 ], [ 7.537860713898774, 47.580932155980541 ], [ 7.577498453765998, 47.590479262031117 ] ] ] } },
{ "type": "Feature", "properties": { "id": null }, "geometry": { "type": "MultiLineString", "coordinates": [ [ [ 6.86186759661043, 47.628127681077672 ], [ 6.938140931360706, 47.680149297117197 ], [ 7.009987275650842, 47.710005241600442 ], [ 7.094437399052385, 47.750389314760646 ], [ 7.144239772244751, 47.739704130361858 ], [ 7.153312551916966, 47.760932052106845 ], [ 7.188464800947986, 47.798055396150197 ], [ 7.241380458836647, 47.857065327246247 ], [ 7.280390580170145, 47.939966136048071 ], [ 7.304078105900589, 47.959001386839041 ], [ 7.293615069697828, 47.98549852975399 ], [ 7.318188836148902, 48.033842111066157 ], [ 7.367, 48.083 ] ] ] } },
{ "type": "Feature", "properties": { "id": null }, "geometry": { "type": "MultiLineString", "coordinates": [ [ [ 7.367, 48.083 ], [ 7.365551233331598, 48.121101123016004 ], [ 7.37045956183185, 48.152582275961898 ], [ 7.391532879567851, 48.188781586534425 ], [ 7.406083566162483, 48.223623478329309 ], [ 7.450677499646014, 48.26211535658873 ] ] ] } },
{ "type": "Feature", "properties": { "id": null }, "geometry": { "type": "MultiLineString", "coordinates": [ [ [ 7.450677499646014, 48.26211535658873 ], [ 7.50218829450218, 48.309591266189329 ], [ 7.58981854057271, 48.3696422826713 ], [ 7.662377691498031, 48.423122496289203 ], [ 7.661680352315459, 48.460458854451417 ], [ 7.6742124313604, 48.489081206203515 ], [ 7.700145933946329, 48.516181902544993 ], [ 7.695257908347022, 48.531988517634261 ], [ 7.739959310605266, 48.556193185709773 ], [ 7.75, 48.583 ] ] ] } },
{ "type": "Feature", "properties": { "id": null }, "geometry": { "type": "MultiLineString", "coordinates": [ [ [ 7.739959310605266, 48.556193185709773 ], [ 7.745999172936927, 48.533030870667133 ], [ 7.733644740700357, 48.499349551004705 ], [ 7.730737949069049, 48.471623797903845 ], [ 7.701322973713395, 48.425367120861821 ], [ 7.695080616957071, 48.378755805610552 ], [ 7.681577286275246, 48.333973943698126 ], [ 7.622917939711717, 48.236760914835109 ], [ 7.574272529925166, 48.20826251201332 ], [ 7.546869498972152, 48.16195243161787 ], [ 7.534508844755199, 48.076122430420249 ], [ 7.530087695895262, 48.014151386643995 ], [ 7.543519233961854, 47.937908465306691 ], [ 7.53668569428281, 47.916076762128654 ], [ 7.512670605620431, 47.829186783875905 ], [ 7.505516825571569, 47.7863559561047 ], [ 7.506750537157375, 47.758153290814541 ], [ 7.512341945050874, 47.727373857010519 ], [ 7.509337664101079, 47.711852076740016 ], [ 7.504306348886815, 47.688902980996069 ], [ 7.507310706455947, 47.660693307811769 ], [ 7.517971128213842, 47.637639551429395 ], [ 7.539568767847814, 47.613678203498829 ], [ 7.577498453765998, 47.590479262031117 ] ] ] } },
{ "type": "Feature", "properties": { "id": null }, "geometry": { "type": "MultiLineString", "coordinates": [ [ [ 7.577498453765998, 47.590479262031117 ], [ 7.578843449638892, 47.568193373986283 ], [ 7.59025386015299, 47.557060091744553 ] ] ] } },
{ "type": "Feature", "properties": { "id": null }, "geometry": { "type": "MultiLineString", "coordinates": [ [ [ 6.960633101214392, 48.694458657390165 ], [ 6.937335202199159, 48.658478441101472 ], [ 6.885044594800562, 48.626584232981322 ], [ 6.859398252060644, 48.606397843569667 ], [ 6.812552266981211, 48.594223816854658 ], [ 6.749758259438111, 48.576489676501488 ], [ 6.691313274777707, 48.56715178267801 ], [ 6.682517518486737, 48.565689867911786 ], [ 6.624857864153, 48.575945216173089 ], [ 6.580968121464636, 48.592823776209229 ], [ 6.5, 48.6 ] ] ] } },
{ "type": "Feature", "properties": { "id": null }, "geometry": { "type": "MultiLineString", "coordinates": [ [ [ 7.59691349259136, 50.356699493941861 ], [ 7.583327340976698, 50.330935910022987 ], [ 7.589953737103608, 50.299738624550479 ], [ 7.618664609122839, 50.279602145594822 ], [ 7.639906560172235, 50.264604462210116 ], [ 7.626583092713067, 50.257876950910159 ], [ 7.581703277207033, 50.256936471740424 ], [ 7.57138672266781, 50.250634583482025 ], [ 7.57161608840478, 50.239118206440772 ], [ 7.600666535968583, 50.225906350633146 ], [ 7.616196906686451, 50.209871369323125 ], [ 7.639328650351435, 50.177862154206032 ], [ 7.681278988615318, 50.163744503441286 ], [ 7.704109974898561, 50.158906369265161 ], [ 7.71235093662586, 50.150139046275171 ], [ 7.716029194317507, 50.128730136579875 ], [ 7.722236067417474, 50.111342277595966 ], [ 7.742035691852223, 50.09422410163787 ], [ 7.755099667424484, 50.067753313423516 ], [ 7.763420183893291, 50.058239242820498 ], [ 7.848680089228893, 50.003889799526611 ], [ 7.865423807360367, 49.973098553967795 ], [ 7.892121098010014, 49.967144662382573 ], [ 7.954262039407024, 49.967357537675248 ], [ 8.033444020457724, 49.996172362077921 ], [ 8.123911318182149, 50.002169298119057 ], [ 8.182966901856776, 50.028240303755098 ], [ 8.23469445632481, 50.021911787488065 ], [ 8.273, 49.998 ] ] ] } },
{ "type": "Feature", "properties": { "id": null }, "geometry": { "type": "MultiLineString", "coordinates": [ [ [ 6.902892416715893, 49.779604557607868 ], [ 6.922942106896145, 49.770872367304626 ], [ 6.944489602428846, 49.770648570399956 ], [ 7.000361570699698, 49.753584950148323 ], [ 7.022413503252349, 49.740716332280883 ], [ 7.047664516271322, 49.746563753980737 ], [ 7.124976501956451, 49.73852542549642 ], [ 7.208828495321749, 49.768143416284012 ], [ 7.265104042967481, 49.754649073754976 ], [ 7.305366628617283, 49.715889844368519 ], [ 7.32389386425931, 49.699042922971188 ], [ 7.352286645686375, 49.706106467897605 ], [ 7.384956184829683, 49.722941637627784 ], [ 7.409949129776177, 49.744085837508372 ], [ 7.442276019469189, 49.760169590144194 ], [ 7.460023621660826, 49.782866456506248 ], [ 7.485686911701599, 49.787241178410213 ], [ 7.530175403431685, 49.804639244881457 ], [ 7.517964062946247, 49.811528420613762 ], [ 7.529626783812803, 49.834079765281146 ], [ 7.545863284670648, 49.851024800593251 ], [ 7.579991199567194, 49.863337678347541 ], [ 7.608091975515812, 49.852007492915661 ], [ 7.657905592921748, 49.855465887243589 ], [ 7.681600494213555, 49.836353117849029 ], [ 7.729597562438391, 49.844063871150752 ], [ 7.776406035931683, 49.854668822835748 ], [ 7.859178674864883, 49.844508062211546 ], [ 7.946762822479458, 49.890989119108028 ], [ 8.034518151025024, 49.837933006429282 ], [ 8.112447364820278, 49.839947029293278 ], [ 8.200796288313244, 49.906355594701331 ], [ 8.235725251285995, 49.96047050345144 ], [ 8.283983778321963, 50.002456257352328 ] ] ] } },
{ "type": "Feature", "properties": { "id": null }, "geometry": { "type": "MultiLineString", "coordinates": [ [ [ 8.273, 49.998 ], [ 8.283983778321963, 50.002456257352321 ] ] ] } },
{ "type": "Feature", "properties": { "id": null }, "geometry": { "type": "MultiLineString", "coordinates": [ [ [ 8.273, 49.998 ], [ 8.312028329654872, 49.971788600535326 ], [ 8.34165353418466, 49.933104224723031 ], [ 8.333413972318574, 49.892895476006331 ], [ 8.343359266319858, 49.868158371464119 ], [ 8.360488292062001, 49.851818550026231 ], [ 8.35493244754619, 49.795475109146977 ], [ 8.323375807737914, 49.729762631982133 ], [ 8.252996452675434, 49.700704126180625 ], [ 8.226664688208981, 49.663313061149829 ], [ 8.214618756600183, 49.634851231347142 ] ] ] } },
{ "type": "Feature", "properties": { "id": null }, "geometry": { "type": "MultiLineString", "coordinates": [ [ [ 8.323375807737914, 49.729762631982133 ], [ 8.327469453473345, 49.703902359583644 ], [ 8.362215735589043, 49.63626223542618 ] ] ] } },
{ "type": "Feature", "properties": { "id": null }, "geometry": { "type": "MultiLineString", "coordinates": [ [ [ 8.362215735589043, 49.63626223542618 ], [ 8.359989932132393, 49.602698163287037 ], [ 8.354862619868422, 49.550088795043976 ], [ 8.36708629252526, 49.53402173588907 ], [ 8.405281386655096, 49.534913332533968 ], [ 8.413263174354659, 49.518090170998711 ], [ 8.414334335020989, 49.501515137985564 ], [ 8.440308965871525, 49.485632717394509 ], [ 8.465390775849007, 49.487976857029921 ] ] ] } },
{ "type": "Feature", "properties": { "id": null }, "geometry": { "type": "MultiLineString", "coordinates": [ [ [ 8.440308965871525, 49.485632717394516 ], [ 8.373775526722408, 49.480061671386586 ], [ 8.311170523765071, 49.480869849842655 ], [ 8.252549102171699, 49.518343155187537 ], [ 8.179037665203966, 49.539648008277744 ], [ 8.169052878108525, 49.565064170636553 ], [ 8.179689581373115, 49.607265769293498 ], [ 8.214618756600183, 49.634851231347142 ] ] ] } },
{ "type": "Feature", "properties": { "id": null }, "geometry": { "type": "MultiLineString", "coordinates": [ [ [ 8.465390775849007, 49.487976857029921 ], [ 8.515795518943706, 49.46591380139396 ], [ 8.633930268241466, 49.412107830888814 ], [ 8.704638221351942, 49.410974431182552 ] ] ] } },
{ "type": "Feature", "properties": { "id": null }, "geometry": { "type": "MultiLineString", "coordinates": [ [ [ 8.371436042457566, 49.219328732244698 ], [ 8.333870150038406, 49.241878387556319 ], [ 8.369414893763302, 49.283879241446073 ], [ 8.432, 49.321 ], [ 8.422637960034272, 49.36966810347181 ], [ 8.405415813352212, 49.443392409037202 ], [ 8.440308965871525, 49.485632717394516 ] ] ] } }
]
}
