{
"type": "FeatureCollection",
"name": "Prussia",
"crs": { "type": "name", "properties": { "name": "urn:ogc:def:crs:OGC:1.3:CRS84" } },
"features": [
{ "type": "Feature", "properties": { "OBJECTID": 43.0, "YEAR": 1700.0, "OWNER_ID": 5141.0, "SHORT_NAME": "Brandenburg-Prussia", "LONG_NAME": "Duchy of Prussia and Margraviate of Brandenburg", "VARIANTS": null, "SHAPE_LENG": 10663970.0, "Shape__Are": 300491682847.76904, "Shape__Len": 10677889.215212787 }, "geometry": { "type": "MultiPolygon", "coordinates": [ [ [ [ 16.925474377159549, 53.501913790102876 ], [ 16.923948968636836, 53.499999999893774 ], [ 16.886750410949485, 53.453853890023233 ], [ 16.835731346277811, 53.457260066137394 ], [ 16.799398923526155, 53.413893035168805 ], [ 16.772506344529731, 53.409969916418952 ], [ 16.767698609638149, 53.43987122762762 ], [ 16.698458451916675, 53.448934835295773 ], [ 16.672926966102771, 53.49026864426439 ], [ 16.645598723956482, 53.499999999893774 ], [ 16.552382353435437, 53.533572010883965 ], [ 16.500000000098691, 53.519999189021526 ], [ 16.492186882253808, 53.517974352941366 ], [ 16.463999069161602, 53.506358720468555 ], [ 16.418863443188155, 53.504710477141472 ], [ 16.397977647866671, 53.499999999893774 ], [ 16.395110160801064, 53.499360859314059 ], [ 16.365327286513963, 53.499999999893774 ], [ 16.346747425204313, 53.500403471682191 ], [ 16.344547100730544, 53.499999999893774 ], [ 16.289691251530332, 53.490058396801388 ], [ 16.265409853180966, 53.499999999893774 ], [ 16.24896820323308, 53.506810646931797 ], [ 16.224929530571799, 53.508246146251516 ], [ 16.215441849731064, 53.499999999893774 ], [ 16.213134854808878, 53.498018273172306 ], [ 16.207937811632728, 53.493553630150316 ], [ 16.240340625140906, 53.476192871672239 ], [ 16.302204532808155, 53.467240290032805 ], [ 16.327011565074663, 53.420329848726851 ], [ 16.16973937244029, 53.401516860342227 ], [ 16.146512965442064, 53.391007438457009 ], [ 16.098303901946021, 53.388728736236622 ], [ 16.059995697609015, 53.389308302509889 ], [ 16.031281009127948, 53.37771547648439 ], [ 16.000000000068475, 53.411634217230414 ], [ 15.998219601159105, 53.413563928560528 ], [ 15.969461006620213, 53.374395128220534 ], [ 15.984630616972957, 53.351593653332863 ], [ 15.997078039164039, 53.326313188782478 ], [ 16.000000000068475, 53.327454123400997 ], [ 16.028361242807744, 53.338526707008349 ], [ 16.054265931011496, 53.320983512260106 ], [ 16.073079760333528, 53.318608687869556 ], [ 16.056658821942829, 53.300304896100577 ], [ 16.052136478223751, 53.276816462144467 ], [ 16.023773040001927, 53.207358027350587 ], [ 16.028866165167699, 53.177358769990562 ], [ 16.013696554814953, 53.163019963568345 ], [ 16.02293882130996, 53.097315071400779 ], [ 16.002039445258013, 53.023963868659315 ], [ 16.000000000068475, 53.023352930887569 ], [ 15.947090771342864, 53.007500362478716 ], [ 15.949358460479791, 52.999999999855014 ], [ 15.965728975535276, 52.946443098812601 ], [ 15.945751631189259, 52.880748697066423 ], [ 15.950164209763773, 52.864500561859607 ], [ 15.977012881804059, 52.862576208712966 ], [ 15.974641944799949, 52.841719158719087 ], [ 15.95027397490834, 52.84175872008214 ], [ 15.942195224335629, 52.809490919077184 ], [ 15.938221709034327, 52.78982293155623 ], [ 15.956157412708253, 52.783973611456055 ], [ 15.955279287958458, 52.767451287381064 ], [ 15.843428112470036, 52.755349409219356 ], [ 15.756076625046708, 52.751741973101659 ], [ 15.672720606851907, 52.726878180659483 ], [ 15.583986073217147, 52.723374161976032 ], [ 15.500000000038265, 52.708405246493527 ], [ 15.493605054329054, 52.707265257958504 ], [ 15.487106929024623, 52.683117163651531 ], [ 15.465768491496094, 52.675148656172787 ], [ 15.435319505646035, 52.658862943639555 ], [ 15.40083114540794, 52.629440527194411 ], [ 15.384190675829796, 52.59371213916215 ], [ 15.38585911321373, 52.554635923257585 ], [ 15.379887863298164, 52.539619761650137 ], [ 15.319538720914142, 52.533258575514282 ], [ 15.311064814024363, 52.517172197174006 ], [ 15.338813565639983, 52.50456197052543 ], [ 15.324794434858134, 52.500000000004945 ], [ 15.308671923991344, 52.494812614971991 ], [ 15.319582626971972, 52.371659540521726 ], [ 15.352051300465206, 52.369379570589508 ], [ 15.415737317617095, 52.452212735043162 ], [ 15.439819896336202, 52.455764308050391 ], [ 15.455428569063844, 52.427198881758109 ], [ 15.462686656522225, 52.389077587820971 ], [ 15.463024350305517, 52.38436194715328 ], [ 15.434968255386794, 52.366400934511695 ], [ 15.391720597984728, 52.365465126853984 ], [ 15.386737238861837, 52.312869731104037 ], [ 15.438436849226457, 52.309900463753642 ], [ 15.42820669283709, 52.286191938424558 ], [ 15.387856847827992, 52.270911927851365 ], [ 15.379075597635111, 52.231968221036659 ], [ 15.34581661240605, 52.235260009185346 ], [ 15.311657548499968, 52.189073246517552 ], [ 15.297388016824245, 52.148600362599339 ], [ 15.323643955287238, 52.109866949113126 ], [ 15.39872364564911, 52.084432653743548 ], [ 15.500000000038265, 52.077587721720128 ], [ 15.544360680857137, 52.074589198690923 ], [ 15.607058808114669, 52.077070167101191 ], [ 15.652282247102086, 52.087364043273062 ], [ 15.71045802974222, 52.099432429616066 ], [ 15.761499047442809, 52.113035269323014 ], [ 15.76552094420868, 52.111914057292438 ], [ 15.764857875239592, 52.111046810323188 ], [ 15.803627094980405, 52.088080280650836 ], [ 15.818182017828633, 52.051617076303089 ], [ 15.865578816559935, 52.017594943147245 ], [ 15.87161005237691, 52.016990642694424 ], [ 15.869552331861234, 52.014738662616388 ], [ 15.81002464221068, 51.999999999749583 ], [ 15.80461498577308, 51.998675319085471 ], [ 15.658934043608909, 51.999450682578072 ], [ 15.585237401255098, 51.997242832167274 ], [ 15.558957443638038, 51.999999999749583 ], [ 15.504318180049461, 52.005796655297942 ], [ 15.500000000038265, 52.00523930310468 ], [ 15.459410259932543, 51.999999999749583 ], [ 15.405792551501914, 51.993155392036819 ], [ 15.39683487398386, 51.999999999749583 ], [ 15.384344347930503, 52.009650043851735 ], [ 15.375914347996865, 52.039442745719825 ], [ 15.265709656863466, 52.058200712484805 ], [ 15.248246680828029, 51.999999999749583 ], [ 15.246127468834523, 51.993010813474527 ], [ 15.258750516155224, 51.964335526628673 ], [ 15.271768719792998, 51.946695207164183 ], [ 15.278200985112372, 51.920030753868495 ], [ 15.253898875205817, 51.909642311814508 ], [ 15.215436998768103, 51.917173843808087 ], [ 15.197764732339458, 51.909181424921819 ], [ 15.24153926513039, 51.872835423041593 ], [ 15.224371921061694, 51.856806926522758 ], [ 15.210789200828019, 51.852106272126832 ], [ 15.209707233068901, 51.853234004079141 ], [ 15.169972075564322, 51.891980367553437 ], [ 15.061611446944481, 51.854420615100814 ], [ 15.039460743752899, 51.861460527281558 ], [ 15.033094336621948, 51.848474059306589 ], [ 15.019812695738899, 51.847208171430829 ], [ 15.022995899304373, 51.826711635699439 ], [ 15.004577226299412, 51.824983378368906 ], [ 15.005235820760076, 51.811709194526379 ], [ 15.000000000008052, 51.809123295630918 ], [ 14.992803431875274, 51.805572184445772 ], [ 14.983991754845405, 51.763461541526908 ], [ 14.950854578473924, 51.762629230448255 ], [ 14.925474314156627, 51.828677282620987 ], [ 14.893413876451, 51.83241045570206 ], [ 14.890974733960631, 51.844425730058205 ], [ 14.928770452122992, 51.851045283434139 ], [ 14.946305907828814, 51.856714640898382 ], [ 14.938087536603067, 51.869817337323319 ], [ 14.912707272285772, 51.874179658075519 ], [ 14.879657992471586, 51.975394986822501 ], [ 14.862649919702761, 51.988397191677286 ], [ 14.856195353706459, 51.999999999749583 ], [ 14.854585367901434, 52.002926329031112 ], [ 14.876889236543906, 52.036441798803644 ], [ 14.865286829896192, 52.045019188295065 ], [ 14.843774034760907, 52.050648031074616 ], [ 14.74715323526431, 52.048125760360534 ], [ 14.740055550983064, 52.066044053705767 ], [ 14.707182065181765, 52.079577529652006 ], [ 14.699139487968917, 52.095759212954569 ], [ 14.736012287788155, 52.1284494293972 ], [ 14.715708076154655, 52.151209642544572 ], [ 14.713290908252771, 52.165087897394514 ], [ 14.728892629816741, 52.172700550100956 ], [ 14.733880785044933, 52.183819290206351 ], [ 14.724717520887586, 52.201577004906987 ], [ 14.65472951928535, 52.195755588607703 ], [ 14.632865135225959, 52.217410024211908 ], [ 14.60614444077431, 52.223307928370822 ], [ 14.54604485396948, 52.230315624869981 ], [ 14.533915065283079, 52.22265999074591 ], [ 14.556680393097112, 52.202595673640182 ], [ 14.536090516304947, 52.200134952991007 ], [ 14.49999999997784, 52.206159570510245 ], [ 14.440436584328433, 52.216100741500952 ], [ 14.433800359218747, 52.1955968121542 ], [ 14.409145245541509, 52.194683835656242 ], [ 14.3984877318254, 52.182628130438914 ], [ 14.384248414984258, 52.174143497082902 ], [ 14.334652520674492, 52.108978718496395 ], [ 14.281672592739389, 52.117025174536096 ], [ 14.203004759841528, 52.071285447816322 ], [ 14.192061580966753, 52.044474852344571 ], [ 14.177954108961545, 52.036548030352236 ], [ 14.114931945906305, 52.052148050826879 ], [ 14.050876992463859, 52.079604061799941 ], [ 14.002775348611177, 52.068989926048417 ], [ 13.999999999947628, 52.068664607715853 ], [ 13.963946840061611, 52.064438338765491 ], [ 13.918284337800982, 52.045417479022596 ], [ 13.862821318198549, 52.019494600799625 ], [ 13.80986336395361, 52.008228315424226 ], [ 13.808733974130643, 51.999999999749583 ], [ 13.807556067197492, 51.991512424333273 ], [ 13.787331990677227, 51.999999999749583 ], [ 13.778901638603999, 52.003577484287831 ], [ 13.752576481355103, 52.013609385248543 ], [ 13.769232966996446, 52.025126674264769 ], [ 13.775737346371885, 52.046492846055976 ], [ 13.767826613994972, 52.065115135028833 ], [ 13.736183687182258, 52.076619092696049 ], [ 13.706979901961597, 52.077521237478827 ], [ 13.695509341048133, 52.050475459684165 ], [ 13.682632428031509, 52.033998400388775 ], [ 13.666349505004433, 52.030213523895945 ], [ 13.66687688704312, 52.009317868423686 ], [ 13.647034134581181, 52.016346173502733 ], [ 13.646990186302535, 52.031581428583287 ], [ 13.614072752222597, 52.04220449994628 ], [ 13.560279776191827, 52.054603725435072 ], [ 13.511738646857751, 52.055227578112252 ], [ 13.509145684942967, 52.083000049746161 ], [ 13.499999999917415, 52.078936240761266 ], [ 13.478843187366291, 52.069533962402666 ], [ 13.444563349461834, 52.06127982045389 ], [ 13.367895173572947, 52.050541833204704 ], [ 13.370839724411836, 52.039190461520576 ], [ 13.345063922891791, 52.034370230677425 ], [ 13.252002953728374, 52.027942443430703 ], [ 13.249234196902382, 52.014579237077371 ], [ 13.257677063405835, 51.999999999749583 ], [ 13.283645880541087, 51.955628052597994 ], [ 13.217239682063877, 51.951984088994827 ], [ 13.191068344239396, 51.943840002919551 ], [ 13.174082245160742, 51.958929727141708 ], [ 13.158436575318122, 51.994088570457514 ], [ 13.140233247351386, 51.999999999749583 ], [ 13.132616826417747, 52.002501079631138 ], [ 13.122560766225387, 51.999999999749583 ], [ 13.097458018448814, 51.993825705602504 ], [ 13.065793117047621, 51.993299970129968 ], [ 13.042698174897966, 51.998359913331427 ], [ 13.040372213845188, 51.999999999749583 ], [ 13.024042032247646, 52.011643044929905 ], [ 12.999999999887205, 52.01077365156727 ], [ 12.999057304234787, 52.010739562059534 ], [ 12.969567853855461, 52.018949951885006 ], [ 12.950054715729149, 52.031966559095252 ], [ 12.935617630286632, 52.025671247035383 ], [ 12.913379684511284, 52.022098195001597 ], [ 12.898415217030081, 52.028407294218155 ], [ 12.898766805055871, 52.035379468254938 ], [ 12.912346894124077, 52.048099209410545 ], [ 12.907512558320303, 52.051391410168478 ], [ 12.890021050893125, 52.054683366583859 ], [ 12.882242165148778, 52.066256375675174 ], [ 12.886131608020953, 52.078954018782056 ], [ 12.892921652555053, 52.096965971113008 ], [ 12.902634273339567, 52.112611072134662 ], [ 12.909424318771986, 52.125335220463725 ], [ 12.917203204516333, 52.142599760818761 ], [ 12.923004407840191, 52.15587152615209 ], [ 12.925641318931934, 52.166994493494393 ], [ 12.916873591079025, 52.177519014057346 ], [ 12.90500749296281, 52.181794299466418 ], [ 12.8916031979075, 52.184851602879924 ], [ 12.866135036134599, 52.185288343659877 ], [ 12.860399755677866, 52.192950451248009 ], [ 12.860553575102282, 52.20200035081497 ], [ 12.896327662565506, 52.238683737754776 ], [ 12.908061914947469, 52.243851874362477 ], [ 12.920587239938303, 52.253406708023292 ], [ 12.915005778905986, 52.263342598528482 ], [ 12.889845256880232, 52.271651618438092 ], [ 12.860070142240557, 52.251358474120252 ], [ 12.852005590439228, 52.251834201539886 ], [ 12.835700692823673, 52.207212463853061 ], [ 12.82143940139405, 52.20350848736134 ], [ 12.753011571319389, 52.204434510162422 ], [ 12.714688471118343, 52.231717030338011 ], [ 12.690890352917103, 52.233924815530251 ], [ 12.654962446029467, 52.222911232948604 ], [ 12.643338064793273, 52.244671318992879 ], [ 12.583875731172895, 52.259643326495194 ], [ 12.564384566736747, 52.247869649885828 ], [ 12.547376493967928, 52.253063140262519 ], [ 12.5281270464118, 52.238974543815672 ], [ 12.499999999856989, 52.251222084862839 ], [ 12.492462830992663, 52.254503465510808 ], [ 12.47398248235524, 52.239913042048542 ], [ 12.499999999856989, 52.227403027664309 ], [ 12.514151420140843, 52.22059710606748 ], [ 12.531818721580915, 52.199883581294607 ], [ 12.5036037775705, 52.19563650659704 ], [ 12.532653742468431, 52.179411838281553 ], [ 12.52428155181827, 52.152984394477272 ], [ 12.499999999856989, 52.15273833244796 ], [ 12.469389862533168, 52.152428136563998 ], [ 12.469126171962984, 52.126130358210055 ], [ 12.377625374327145, 52.110039290422577 ], [ 12.338291457429058, 52.122446098647742 ], [ 12.279708093873158, 52.116494975251086 ], [ 12.267976080092883, 52.088941131999768 ], [ 12.266853154546698, 52.086302929335709 ], [ 12.163464285104478, 52.074602466533626 ], [ 12.105935685625951, 52.078914220248471 ], [ 12.050494640611999, 52.078874421125654 ], [ 12.054450006351301, 52.055254124805131 ], [ 12.017796948823598, 52.065592867328533 ], [ 12.001689807233006, 52.047886817856288 ], [ 11.999999999826779, 52.049961327663993 ], [ 11.985956253409512, 52.067198540547615 ], [ 11.993119860557885, 52.085944797201435 ], [ 11.982044835948857, 52.100652347962949 ], [ 11.966618909296095, 52.114188534248015 ], [ 11.940074008857342, 52.114811550332583 ], [ 11.913858722754217, 52.114108999755814 ], [ 11.908079494018839, 52.128316914453599 ], [ 11.885402062762099, 52.130609369618199 ], [ 11.867910556233236, 52.121902711016482 ], [ 11.829082047683668, 52.12542798692796 ], [ 11.792011479263055, 52.115898493271878 ], [ 11.781551734148318, 52.099432429616066 ], [ 11.756852671294123, 52.091130792885039 ], [ 11.754677220272255, 52.052705567223633 ], [ 11.745733698406449, 52.040903309830362 ], [ 11.711695577382013, 52.03156814844796 ], [ 11.716266222615603, 52.017834065594656 ], [ 11.724858156455619, 52.018365443534208 ], [ 11.752128206636117, 52.016133613666952 ], [ 11.740811351959344, 52.000773433388936 ], [ 11.737795446140808, 51.999999999749583 ], [ 11.71173952566066, 51.993391974479636 ], [ 11.70708098386978, 51.976630950575668 ], [ 11.665923203975616, 51.965690161891281 ], [ 11.650738994202873, 51.935483863244933 ], [ 11.67163651074218, 51.932325229914454 ], [ 11.697522183407997, 51.926349536575408 ], [ 11.722572833389666, 51.916647204729301 ], [ 11.743162710181831, 51.923808966903259 ], [ 11.767883771879019, 51.925901927089647 ], [ 11.776168041717376, 51.906323820966477 ], [ 11.7930003204733, 51.916541875835158 ], [ 11.820028654672095, 51.909326275393965 ], [ 11.836816985149374, 51.920320384551019 ], [ 11.876019056313211, 51.930614209843384 ], [ 11.881556564575307, 51.952865491327664 ], [ 11.932998299164574, 51.933904574515253 ], [ 11.960070581642011, 51.912236356958573 ], [ 11.999999999826779, 51.864133092984645 ], [ 12.016258750986188, 51.844531228357702 ], [ 12.058778934704868, 51.840231960944593 ], [ 12.095300146498317, 51.854855698039998 ], [ 12.132304608795488, 51.853260381416895 ], [ 12.139314578877448, 51.84373998310673 ], [ 12.137666509894267, 51.825708990585376 ], [ 12.122328479798796, 51.810719411088385 ], [ 12.137857439621385, 51.785462860960905 ], [ 12.107957317223402, 51.784488789320733 ], [ 12.092904952286593, 51.806482890873866 ], [ 12.0383648519256, 51.805558985633624 ], [ 12.022103903487006, 51.787578647919275 ], [ 12.001118489492091, 51.790034537576517 ], [ 11.999999999826779, 51.787755515502617 ], [ 11.989318314243002, 51.765984802591113 ], [ 11.934426625856215, 51.770674257424034 ], [ 11.936558128599437, 51.798206664222299 ], [ 11.93868963134266, 51.822819664407952 ], [ 11.937415124075434, 51.855475354236312 ], [ 11.887357771492423, 51.857294720633192 ], [ 11.85463810601386, 51.834481374618619 ], [ 11.83028485861144, 51.795113267323373 ], [ 11.802075688073357, 51.793691714893896 ], [ 11.794999978380588, 51.845296085961287 ], [ 11.786342121673448, 51.870963970676492 ], [ 11.739646829923929, 51.882125631647632 ], [ 11.705696605456781, 51.875247109379167 ], [ 11.710311198969016, 51.843383918294421 ], [ 11.730439616589623, 51.826698443109592 ], [ 11.734197214625862, 51.809003734333601 ], [ 11.688095227782151, 51.795539994698885 ], [ 11.691874799508556, 51.773897147951793 ], [ 11.669153419973169, 51.749468740186337 ], [ 11.67128492271639, 51.732721862955827 ], [ 11.697148620793726, 51.732999486017789 ], [ 11.708838923998732, 51.71497685001728 ], [ 11.743997731967664, 51.705043463269014 ], [ 11.749579192999981, 51.71710609197882 ], [ 11.75074382822312, 51.716034871300764 ], [ 11.772080830243826, 51.696258989003596 ], [ 11.781200146122528, 51.679465819117347 ], [ 11.789792079962542, 51.670914645318945 ], [ 11.804119294259289, 51.670808737958907 ], [ 11.812139896883657, 51.674978640488661 ], [ 11.820160500406342, 51.675388991029621 ], [ 11.868459911962088, 51.643688340782262 ], [ 11.890038630862811, 51.631089288710989 ], [ 11.917001041296164, 51.617837279497714 ], [ 11.943480018867792, 51.643794311309108 ], [ 11.961498907435338, 51.651238136363652 ], [ 11.979495822312719, 51.649383917503783 ], [ 11.987626296981174, 51.642708098672344 ], [ 11.992021148201868, 51.627405620405511 ], [ 11.958114872911683, 51.60166455895726 ], [ 11.966596934707612, 51.59392081325511 ], [ 11.964223715084371, 51.582740429248219 ], [ 11.972683804088453, 51.571053109353727 ], [ 11.98934028883148, 51.561207416163533 ], [ 11.993823036609466, 51.552554175464167 ], [ 11.999999999826779, 51.545686499937439 ], [ 12.000437288028991, 51.545200274431053 ], [ 12.009710423332107, 51.545200274431053 ], [ 12.031069399042975, 51.564458589685081 ], [ 12.059526059035095, 51.561406474307091 ], [ 12.128371400002672, 51.554319464621955 ], [ 12.140589086144677, 51.563795103712991 ], [ 12.186888840691447, 51.55540780437925 ], [ 12.169133642694087, 51.526292346063769 ], [ 12.148280075331735, 51.529174190746581 ], [ 12.136787539829792, 51.516596315720356 ], [ 12.091828213620744, 51.51193351298739 ], [ 12.067920224273733, 51.500945468134034 ], [ 12.067796749041301, 51.500000000093614 ], [ 12.066294129879035, 51.488618903436439 ], [ 12.077566922191121, 51.484596028002521 ], [ 12.087894822469924, 51.481545766697018 ], [ 12.087081775272571, 51.469474186979312 ], [ 12.093058772609325, 51.456018087662436 ], [ 12.121339638588548, 51.448492508609426 ], [ 12.146148572588512, 51.447058297069795 ], [ 12.15192780132389, 51.45751779179723 ], [ 12.167133985685112, 51.448058302216033 ], [ 12.181131586544552, 51.426948251371911 ], [ 12.173374674490367, 51.388374726997249 ], [ 12.125712515220762, 51.396647940576528 ], [ 12.115186847238901, 51.383855441875731 ], [ 12.129404190389879, 51.372469598068498 ], [ 12.130656722170309, 51.365668361266202 ], [ 12.111846760095577, 51.35611064430131 ], [ 12.062580481019753, 51.368067363136539 ], [ 12.049351979079024, 51.363163773898833 ], [ 12.021554546859841, 51.371283409191598 ], [ 11.999999999826779, 51.370246563337929 ], [ 11.990592821510228, 51.369794039125878 ], [ 11.97209049918264, 51.382037060421062 ], [ 11.95899384297616, 51.39890041816961 ], [ 11.956203112460001, 51.414480294080619 ], [ 11.957939078898788, 51.435346067255921 ], [ 11.937942506114119, 51.453834219433475 ], [ 11.913287392436885, 51.451755499832032 ], [ 11.911990911479494, 51.434924897402354 ], [ 11.884325324096244, 51.438123060272581 ], [ 11.853209779322217, 51.435833040682382 ], [ 11.857978193157184, 51.469000725907442 ], [ 11.827257208218878, 51.470969900935543 ], [ 11.821456981363735, 51.471341678030164 ], [ 11.817413718168831, 51.486239402266087 ], [ 11.759577478943157, 51.489000138147837 ], [ 11.760666411340674, 51.500000000093614 ], [ 11.761137651369047, 51.504812181843583 ], [ 11.781310017268298, 51.503005099027895 ], [ 11.82033629441924, 51.502367287795174 ], [ 11.847760164024153, 51.510910554744115 ], [ 11.856681711301476, 51.521032839159098 ], [ 11.85676960875708, 51.552434717538176 ], [ 11.751600824597434, 51.595578404784554 ], [ 11.716112402292874, 51.63617702663263 ], [ 11.650497277322851, 51.635726572865224 ], [ 11.615470315088171, 51.64285381201752 ], [ 11.585233740378619, 51.642668359146327 ], [ 11.553788581268964, 51.674727133903616 ], [ 11.521969860443358, 51.68663908142134 ], [ 11.499999999796566, 51.690935487826962 ], [ 11.470000747408664, 51.696801453328654 ], [ 11.423657043684935, 51.68567300757784 ], [ 11.38880587546315, 51.669326012693688 ], [ 11.348197452196152, 51.639091617637675 ], [ 11.338307741129787, 51.621961891928656 ], [ 11.270166872482747, 51.610573528079122 ], [ 11.247841029251795, 51.658283472302237 ], [ 11.287922070480109, 51.679412875517365 ], [ 11.293964990683985, 51.708786927971211 ], [ 11.279835544988613, 51.738128600850352 ], [ 11.291767565073638, 51.754093849699949 ], [ 11.332354013752157, 51.745279301658066 ], [ 11.365820804459263, 51.757185800447857 ], [ 11.359448270818074, 51.77546888348121 ], [ 11.284274344487955, 51.794100983410104 ], [ 11.254521202640127, 51.775772658257196 ], [ 11.233469866676403, 51.781926950697901 ], [ 11.221318103401526, 51.785479151672902 ], [ 11.199365822784843, 51.812659365960329 ], [ 11.179303328031363, 51.824891026597008 ], [ 11.159724267037925, 51.836934696656535 ], [ 11.11425953337867, 51.838807572598071 ], [ 11.112677387262615, 51.825616640865341 ], [ 11.08859360390271, 51.816723761678944 ], [ 11.105228114955576, 51.789691248876238 ], [ 11.123664514416038, 51.772312148805092 ], [ 11.131531297615991, 51.747962173443014 ], [ 11.135925812866772, 51.73654224841242 ], [ 11.075628793430479, 51.720213811442463 ], [ 11.047545695154316, 51.710770970029678 ], [ 11.030449724929891, 51.707067353724881 ], [ 11.018429807389261, 51.726851709553202 ], [ 11.015748948917189, 51.747446757024917 ], [ 11.030515647797015, 51.748662600949537 ], [ 11.022143457146855, 51.765707383236162 ], [ 11.036382773987997, 51.768732486501143 ], [ 11.03416337378917, 51.79547398639496 ], [ 11.022582941729937, 51.812197479344107 ], [ 11.016254356367392, 51.828307905953032 ], [ 10.999999999766354, 51.829513396400003 ], [ 10.98619357567074, 51.830537312309907 ], [ 10.977272028393413, 51.838055793990833 ], [ 10.969646961175162, 51.830656035307534 ], [ 10.903218789007788, 51.832621509211521 ], [ 10.888715780698146, 51.84782793347307 ], [ 10.871422041872345, 51.840429789061695 ], [ 10.882035607309813, 51.81924402944302 ], [ 10.870850711555013, 51.797678623674926 ], [ 10.841295338308564, 51.777529226818068 ], [ 10.838877657468649, 51.777041148535993 ], [ 10.786865109093339, 51.766539637274725 ], [ 10.7375988291192, 51.784105843389533 ], [ 10.724546122089679, 51.779589475600083 ], [ 10.723403460556703, 51.770079846637209 ], [ 10.671434347522011, 51.772193271279157 ], [ 10.667610827516963, 51.772351774577139 ], [ 10.641637257395541, 51.781517571139624 ], [ 10.632564874897174, 51.795065452299681 ], [ 10.610628460325042, 51.827806423993081 ], [ 10.638802578600737, 51.839084540747088 ], [ 10.690947485648325, 51.852086916974038 ], [ 10.684678300485629, 51.882125344228037 ], [ 10.681718298623853, 51.896301010371332 ], [ 10.648888761999519, 51.897236216915992 ], [ 10.629683262722036, 51.917608316637882 ], [ 10.651086187609868, 51.92761318605735 ], [ 10.642911764662768, 51.940826709202106 ], [ 10.614784718107959, 51.946576792418973 ], [ 10.596546086350555, 51.967623405016568 ], [ 10.562639811060372, 51.979891628009469 ], [ 10.564749340113428, 51.997400539833272 ], [ 10.541349648096896, 51.999999999749583 ], [ 10.530205810740474, 52.001251886554456 ], [ 10.545214742133295, 52.028739356018718 ], [ 10.60241321254154, 52.031939998496391 ], [ 10.614389181803524, 52.025432167249136 ], [ 10.638516913442073, 52.028752608184661 ], [ 10.662622671390455, 52.043147174752001 ], [ 10.749816515261205, 52.042071727358461 ], [ 10.756364842915289, 52.030997086133524 ], [ 10.755947332022373, 52.008387763707859 ], [ 10.7952372997435, 52.004866477578332 ], [ 10.81240616465997, 51.999999999749583 ], [ 10.820507692915024, 51.997729094568221 ], [ 10.821599277139262, 51.999999999749583 ], [ 10.826660484264671, 52.01064655526595 ], [ 10.83762563772793, 52.027291644501489 ], [ 10.853161436424779, 52.042828526630061 ], [ 10.911195443353513, 52.042934742924395 ], [ 10.96380180957266, 52.049174511585981 ], [ 10.990104993131393, 52.048205413669137 ], [ 10.999999999766354, 52.042842080926427 ], [ 11.003135726470747, 52.041142307036161 ], [ 10.999999999766354, 52.0337997024236 ], [ 10.997510317159787, 52.027969006416185 ], [ 10.999999999766354, 52.026719506570593 ], [ 11.006058301822842, 52.023678874015772 ], [ 11.000498815379004, 52.004773458515942 ], [ 11.015199592290022, 52.003245263000416 ], [ 11.027922685882233, 52.015442786081806 ], [ 11.022582941729937, 52.029390104404868 ], [ 11.024472727593137, 52.045351097851672 ], [ 11.020341567840944, 52.057590173906412 ], [ 11.032669125128718, 52.067835485754372 ], [ 11.057412136261558, 52.109442721626465 ], [ 11.06338913359831, 52.13374970842851 ], [ 11.064619691688577, 52.163909474012407 ], [ 11.03908560704855, 52.1633798353785 ], [ 11.045018656106659, 52.184335449829888 ], [ 11.057587930274455, 52.198534087586218 ], [ 11.075321153683333, 52.208693967672794 ], [ 11.089824161992976, 52.213204311648362 ], [ 11.089824161992976, 52.23681988732163 ], [ 11.061675141748003, 52.2350881552929 ], [ 11.060422609069256, 52.248926898403425 ], [ 11.04741385031838, 52.263963517542209 ], [ 11.044117711453703, 52.281372109278564 ], [ 11.03873401902276, 52.301189459158842 ], [ 11.022473070584168, 52.314875522100486 ], [ 11.019682340068009, 52.33234315894358 ], [ 11.032537279394468, 52.340296288536109 ], [ 11.058664668041988, 52.341931579686104 ], [ 11.066795142710443, 52.365306960350736 ], [ 11.048424665218793, 52.393939030180981 ], [ 11.030537622385495, 52.407201224425812 ], [ 10.999999999766354, 52.425681058867589 ], [ 10.984677352421805, 52.434950622868847 ], [ 10.977843358710743, 52.465680880448062 ], [ 10.986660799331478, 52.482848175455402 ], [ 10.988830485864165, 52.487071460051062 ], [ 10.999999999766354, 52.494593444054537 ], [ 11.008029466965947, 52.500000000004945 ], [ 11.011859505146699, 52.502608322843066 ], [ 10.999999999766354, 52.509577388886228 ], [ 10.990918040328742, 52.51491351983627 ], [ 10.972459666279802, 52.541784213204231 ], [ 10.973953915838567, 52.557038560556393 ], [ 10.988127309812583, 52.562599960495085 ], [ 10.998894694674467, 52.58058006609857 ], [ 10.981952544772772, 52.586005815865313 ], [ 10.954946185162461, 52.580009593824158 ], [ 10.926599396316114, 52.612090397713544 ], [ 10.896516641030976, 52.638609843219278 ], [ 10.88276075705156, 52.662160299909523 ], [ 10.859314227774426, 52.707767924812728 ], [ 10.839735165882674, 52.714183032052993 ], [ 10.785590601826112, 52.765601873719817 ], [ 10.773482787728193, 52.798905636745765 ], [ 10.769988881160453, 52.827052549824025 ], [ 10.865071481921323, 52.847863938202103 ], [ 10.922556133121207, 52.850738233990612 ], [ 10.970240266080975, 52.854495626549848 ], [ 10.992236495874614, 52.867914100077584 ], [ 10.999999999766354, 52.88212927093651 ], [ 11.006212122145572, 52.893500449930485 ], [ 11.087450942369733, 52.893553135176688 ], [ 11.102920818199458, 52.875530984665566 ], [ 11.147704349497294, 52.893605820358459 ], [ 11.192312086782239, 52.880551067870364 ], [ 11.205254923564306, 52.863749283243479 ], [ 11.238392099935785, 52.868770737315742 ], [ 11.243468152619581, 52.876242527975144 ], [ 11.257026267997622, 52.868665305681631 ], [ 11.311983879251532, 52.868783916184007 ], [ 11.381466474301879, 52.890036245079038 ], [ 11.404934978167493, 52.889772796182342 ], [ 11.47052812944735, 52.920993464966763 ], [ 11.499999999796566, 52.924792778484047 ], [ 11.500852600714193, 52.924902684809169 ], [ 11.499999999796566, 52.932550543801831 ], [ 11.499885734092425, 52.933575411779415 ], [ 11.478812423540219, 52.942456895053752 ], [ 11.494985475421526, 52.999294440110312 ], [ 11.499999999796566, 52.997915123097918 ], [ 11.535110464928485, 52.988256243788243 ], [ 11.553656735534716, 52.988939643008088 ], [ 11.557942871741412, 52.999999999855014 ], [ 11.562160772817439, 53.01100885392448 ], [ 11.53563784696717, 53.028640000564913 ], [ 11.517728828647078, 53.021213746314395 ], [ 11.499999999796566, 53.022651755336014 ], [ 11.487426331070401, 53.023671593332111 ], [ 11.442950439519709, 53.042346634001142 ], [ 11.402539783955771, 53.039969537732233 ], [ 11.378565872639951, 53.024216286437124 ], [ 11.351383719016743, 53.019247367169072 ], [ 11.303128254841331, 53.02134660624391 ], [ 11.231711926547451, 53.045878836061853 ], [ 11.215165312051875, 53.065367108889376 ], [ 11.214777389867789, 53.067159650342504 ], [ 11.255444121881563, 53.070370501824861 ], [ 11.295283446229858, 53.071272908456521 ], [ 11.326992295909696, 53.077230968893765 ], [ 11.358305609285098, 53.075360041346279 ], [ 11.384279178508201, 53.071737374589553 ], [ 11.385927247491384, 53.084660796295928 ], [ 11.402869398291395, 53.101625159983165 ], [ 11.446466319777612, 53.104555772544138 ], [ 11.482086586918104, 53.104237525912524 ], [ 11.496018264910417, 53.088600735725848 ], [ 11.499999999796566, 53.089279907507674 ], [ 11.525881277904011, 53.093694261568444 ], [ 11.544339651952955, 53.121313430396761 ], [ 11.559457938858573, 53.149245940251831 ], [ 11.564687811865101, 53.161007113804665 ], [ 11.620304650891946, 53.169177104390066 ], [ 11.663000628623521, 53.18294470230169 ], [ 11.686139519051823, 53.175386311093135 ], [ 11.721869657338086, 53.183050589798185 ], [ 11.760742114166298, 53.182137302245124 ], [ 11.77564065967869, 53.172725333067142 ], [ 11.793615599967591, 53.176670405599296 ], [ 11.824731144741618, 53.203151198372588 ], [ 11.830971833546872, 53.216603654841954 ], [ 11.839981278279804, 53.224339870824501 ], [ 11.85430849257655, 53.212701953612672 ], [ 11.862922400106731, 53.224379539809824 ], [ 11.871382488212493, 53.224657223829489 ], [ 11.880523778679676, 53.212728406648239 ], [ 11.918429367987807, 53.212794540513372 ], [ 11.944227143198017, 53.215082695051855 ], [ 11.975957967466336, 53.22042565325318 ], [ 11.989603980299982, 53.241737918418849 ], [ 11.999999999826779, 53.23985508324094 ], [ 12.007776689190258, 53.238446583379528 ], [ 12.02144467571407, 53.252812912521946 ], [ 12.009512654730729, 53.269565303548397 ], [ 12.027223904449446, 53.281412185527081 ], [ 12.024147508774622, 53.301413641622972 ], [ 12.046583223151343, 53.302258380241284 ], [ 12.057328633424747, 53.275786318399035 ], [ 12.107254141171824, 53.275654247132415 ], [ 12.122987707571731, 53.291024620477963 ], [ 12.137512690469853, 53.268785961692593 ], [ 12.159135356750909, 53.267795252049716 ], [ 12.166364886766408, 53.288186009225754 ], [ 12.197062920647518, 53.293731026546929 ], [ 12.227629109692696, 53.284990694495896 ], [ 12.225321812936578, 53.265945865919008 ], [ 12.274192555707966, 53.261890144931336 ], [ 12.313856086043362, 53.254425022422453 ], [ 12.370593612913021, 53.241711483384734 ], [ 12.377229837124393, 53.226918296937463 ], [ 12.426671911111427, 53.213932019928251 ], [ 12.461918616535966, 53.198983647587184 ], [ 12.484881712951374, 53.204751958872009 ], [ 12.499802232153931, 53.200716869252695 ], [ 12.499999999856989, 53.200761981769787 ], [ 12.535356576427297, 53.208826350766039 ], [ 12.576360535998731, 53.191057562892169 ], [ 12.606619085296764, 53.200253801614878 ], [ 12.63307608827991, 53.200809482176979 ], [ 12.667773437077283, 53.206101313709574 ], [ 12.706404177025474, 53.202489709852401 ], [ 12.709260830408756, 53.196694629111093 ], [ 12.706536022759721, 53.186319733690411 ], [ 12.724752679928644, 53.178867837992982 ], [ 12.764020673061291, 53.182296136125977 ], [ 12.816627040178755, 53.190051810593232 ], [ 12.835019491360573, 53.180045933097674 ], [ 12.877034266730732, 53.187722609276982 ], [ 12.910786722596502, 53.19170599539472 ], [ 12.93621093519244, 53.197475290759982 ], [ 12.962162530725383, 53.19793838856009 ], [ 12.966271715889098, 53.185882980001097 ], [ 12.945000637633832, 53.176299743086787 ], [ 12.940034455197493, 53.161629518162911 ], [ 12.967458325700719, 53.149709560899147 ], [ 12.993234127220765, 53.154001128749819 ], [ 12.999999999887205, 53.155117118373873 ], [ 13.001826060162465, 53.155418311034737 ], [ 13.011978166428372, 53.153073975005114 ], [ 13.016548811661963, 53.162463790837506 ], [ 13.028041347163906, 53.169309506543804 ], [ 13.025734050407788, 53.184043271426063 ], [ 13.036501435269672, 53.183778558618677 ], [ 13.043159634069525, 53.167151304406545 ], [ 13.055025732185738, 53.164410363172983 ], [ 13.061068652389617, 53.152663371448618 ], [ 13.071967882087433, 53.149153215410742 ], [ 13.084405310520978, 53.15516666536211 ], [ 13.103369092918442, 53.15915308971659 ], [ 13.123036051367485, 53.156941398571298 ], [ 13.13962661324339, 53.135599982095485 ], [ 13.120640857155763, 53.115679665288908 ], [ 13.110400854332564, 53.115984570609854 ], [ 13.107851840696426, 53.099688989247369 ], [ 13.104489779862938, 53.079858090674691 ], [ 13.121783518688739, 53.077695370451444 ], [ 13.132265238391957, 53.075771386825693 ], [ 13.149712796642172, 53.069667142414424 ], [ 13.173335120830513, 53.070635917480757 ], [ 13.191595726278083, 53.064623849332925 ], [ 13.213855646641909, 53.041802171507229 ], [ 13.253365357552891, 53.041430339069237 ], [ 13.282744935888131, 53.039132874476934 ], [ 13.318628894497122, 53.049623183448176 ], [ 13.34807439569949, 53.046861426949725 ], [ 13.39490153318326, 53.057163997114245 ], [ 13.406789604989639, 53.071392342838465 ], [ 13.369982728037524, 53.08856093992943 ], [ 13.328165721268741, 53.103667327482867 ], [ 13.295775669227487, 53.129663293457021 ], [ 13.277317295178545, 53.132737752805006 ], [ 13.257430594437961, 53.126244022543354 ], [ 13.248816686009466, 53.11272329934414 ], [ 13.216558479702462, 53.11007167551216 ], [ 13.210295817207045, 53.122493113250499 ], [ 13.197243110177524, 53.130498190328247 ], [ 13.186409802448516, 53.13664676794491 ], [ 13.181861131803407, 53.151325572264646 ], [ 13.19078267908073, 53.166144988724255 ], [ 13.190936498505147, 53.172301679592437 ], [ 13.182586281545152, 53.178563380968278 ], [ 13.189332377800611, 53.185128576933657 ], [ 13.203567466271707, 53.192168817546168 ], [ 13.203813412420088, 53.192102990507301 ], [ 13.221920198443238, 53.185287399683389 ], [ 13.233236939932286, 53.190739959208443 ], [ 13.210603456954189, 53.205730906765417 ], [ 13.187969973976092, 53.208455968029348 ], [ 13.187310387775359, 53.206867711155873 ], [ 13.139890304711889, 53.206828889335412 ], [ 13.118575277279664, 53.212172881905978 ], [ 13.115586778162131, 53.224300201263169 ], [ 13.125343348123602, 53.227447186198233 ], [ 13.123629356273296, 53.235789537124383 ], [ 13.122684462443379, 53.246535674087475 ], [ 13.13639639814415, 53.249258126809941 ], [ 13.149537002629277, 53.262048681891692 ], [ 13.187618385950302, 53.264069977719359 ], [ 13.202648776298629, 53.256129564052159 ], [ 13.216338737410922, 53.238697738833096 ], [ 13.2384668120405, 53.236080366337312 ], [ 13.250882266783877, 53.236503386759878 ], [ 13.258858921129603, 53.250619288170931 ], [ 13.259891710618495, 53.263488700071967 ], [ 13.271713860456062, 53.272114577117726 ], [ 13.296962279039109, 53.272074952038032 ], [ 13.324803660435251, 53.265298561596239 ], [ 13.362401609996235, 53.241843660007916 ], [ 13.38228831073682, 53.249773523489687 ], [ 13.390199043113734, 53.265404244684127 ], [ 13.417007634122671, 53.29501155900045 ], [ 13.437289871167689, 53.309926256995681 ], [ 13.453397000181869, 53.313014133764192 ], [ 13.477964217301816, 53.298958523597101 ], [ 13.499999999917415, 53.319711318672965 ], [ 13.502135897219008, 53.32172231894306 ], [ 13.517386030757189, 53.333106237755857 ], [ 13.520923885603576, 53.34374869406517 ], [ 13.509431350101632, 53.359318532022108 ], [ 13.521517190509387, 53.376740480629266 ], [ 13.538373851338754, 53.382780832473003 ], [ 13.538964748759602, 53.382188048405695 ], [ 13.538964748759602, 53.381523015709952 ], [ 13.552544838726122, 53.382616466857549 ], [ 13.568388276271801, 53.394695252280208 ], [ 13.584231713817481, 53.411167954191782 ], [ 13.597811803784003, 53.418855654903417 ], [ 13.595548455306529, 53.428726510098102 ], [ 13.592975780045807, 53.428414270625758 ], [ 13.591680986124521, 53.432239978695527 ], [ 13.593944334601993, 53.448961142084244 ], [ 13.60361300710786, 53.461415491905534 ], [ 13.624950008230249, 53.465978099288122 ], [ 13.65534040326253, 53.458614569060138 ], [ 13.671271738263814, 53.449434658796534 ], [ 13.687005304663723, 53.466832711448113 ], [ 13.707727027190138, 53.480425296693994 ], [ 13.753279657406683, 53.492344785280643 ], [ 13.736301688081349, 53.499999999893774 ], [ 13.727899393089389, 53.503833159776512 ], [ 13.74719278892416, 53.511329645828198 ], [ 13.748577167337158, 53.522027110425206 ], [ 13.762904381633904, 53.53229678015547 ], [ 13.78839451709697, 53.534023645769402 ], [ 13.802436066235051, 53.549907489598468 ], [ 13.824542166276148, 53.572262215317046 ], [ 13.842999061698134, 53.577542023212843 ], [ 13.853987668376828, 53.570855439008731 ], [ 13.831551954000107, 53.549509138184767 ], [ 13.843879510389568, 53.542391299795838 ], [ 13.858404493287688, 53.551832799158326 ], [ 13.90088072782941, 53.566595008685198 ], [ 13.917888801496543, 53.561856266325641 ], [ 13.908879356763613, 53.543506861455015 ], [ 13.937226145609962, 53.516100651821482 ], [ 13.93173258203325, 53.505508022259129 ], [ 13.939349445836326, 53.499999999893774 ], [ 13.942192327147989, 53.497968248330821 ], [ 13.946833094872657, 53.499999999893774 ], [ 13.962957998851364, 53.507142942776156 ], [ 13.983196287617739, 53.504138893348177 ], [ 13.98889494286202, 53.499999999893774 ], [ 13.999999999947628, 53.49202834518843 ], [ 14.00598359002025, 53.487732460519211 ], [ 14.03142977720467, 53.488428940642834 ], [ 14.057535192162026, 53.479531527910687 ], [ 14.081750820357867, 53.47905834892147 ], [ 14.080946752720093, 53.499999999893774 ], [ 14.080915799470349, 53.500815581019353 ], [ 14.1029779512328, 53.507422069241152 ], [ 14.119781125471835, 53.499999999893774 ], [ 14.120161818014518, 53.499833811312484 ], [ 14.129544825361718, 53.482620207161993 ], [ 14.168395308499763, 53.487101676020131 ], [ 14.160295430449887, 53.499999999893774 ], [ 14.16011101350858, 53.500297120802294 ], [ 14.160863641816551, 53.499999999893774 ], [ 14.206278923219413, 53.48227849213086 ], [ 14.245019535211691, 53.475088691288647 ], [ 14.275871389415531, 53.472288674849963 ], [ 14.288748302432156, 53.461021006766437 ], [ 14.278222634450294, 53.448382392173436 ], [ 14.259258852052831, 53.439529166714486 ], [ 14.302548134690218, 53.411325934581939 ], [ 14.318765134850169, 53.370046660611081 ], [ 14.315578868029576, 53.331549868343053 ], [ 14.277123921195964, 53.288489683895563 ], [ 14.2413937829097, 53.269552094401178 ], [ 14.186985527384641, 53.257794399055008 ], [ 14.144575215710045, 53.222078660376319 ], [ 14.128885597588782, 53.195516993522382 ], [ 14.13554379728695, 53.145814987679501 ], [ 14.140839592262285, 53.130074117455159 ], [ 14.154925089679011, 53.119338383035455 ], [ 14.209706907818342, 53.128510314146908 ], [ 14.241349834631057, 53.110946729848429 ], [ 14.287891306956162, 53.113107770730991 ], [ 14.319490285490229, 53.100763177087842 ], [ 14.361746777740413, 53.123208859962681 ], [ 14.369152101768803, 53.15847767542072 ], [ 14.394290649206077, 53.165310788489016 ], [ 14.406156746423976, 53.133519584855058 ], [ 14.45863126780719, 53.144397486881374 ], [ 14.448259419249743, 53.161801670924255 ], [ 14.484275223592986, 53.208376599842964 ], [ 14.49999999997784, 53.212556781132264 ], [ 14.561251038330701, 53.228835487728013 ], [ 14.663848834265737, 53.223810943538858 ], [ 14.704720949001233, 53.253698259060513 ], [ 14.74363735410809, 53.30035769446981 ], [ 14.761436501282413, 53.333013912850063 ], [ 14.74715323526431, 53.393602112293856 ], [ 14.705450483419881, 53.432905460898326 ], [ 14.698656054208877, 53.439305509675947 ], [ 14.698699783298592, 53.4404967972105 ], [ 14.727969710575307, 53.441476246143147 ], [ 14.729115895300827, 53.481765513051577 ], [ 14.734100528234791, 53.484039609556781 ], [ 14.758016588046312, 53.499999999893774 ], [ 14.766864141991999, 53.505973249859139 ], [ 14.792002689429273, 53.510013869952104 ], [ 14.814680120686015, 53.507355610828498 ], [ 14.818962058167074, 53.499999999893774 ], [ 14.826743986505292, 53.486786280504042 ], [ 14.8497949803763, 53.472367551561248 ], [ 14.878537305527086, 53.471854852984549 ], [ 14.859720036555833, 53.499999999893774 ], [ 14.855552235421515, 53.506305552299629 ], [ 14.852234122866671, 53.527793313052378 ], [ 14.848212834260247, 53.555656602070577 ], [ 14.828765618102743, 53.566727738682623 ], [ 14.817602696936424, 53.568997360507389 ], [ 14.796463463517091, 53.568877909862579 ], [ 14.772841139328753, 53.562958038458937 ], [ 14.741901388567618, 53.555895578057687 ], [ 14.715971767623159, 53.546720576009491 ], [ 14.688877511455553, 53.547304861747534 ], [ 14.634996637969181, 53.525415181907654 ], [ 14.634238311647362, 53.524510956785171 ], [ 14.632066205951613, 53.526927181714427 ], [ 14.585818255450647, 53.578340010706498 ], [ 14.615879036147303, 53.591448074086721 ], [ 14.607067360015748, 53.612189734736809 ], [ 14.55470271067662, 53.62388224591276 ], [ 14.545297728740939, 53.662648388916097 ], [ 14.564547176297069, 53.692261928277894 ], [ 14.60115628554612, 53.693876370082101 ], [ 14.634930715102056, 53.699552888735639 ], [ 14.625327965463313, 53.760120636664688 ], [ 14.628404361138138, 53.80179673999816 ], [ 14.644950975633712, 53.834253081790877 ], [ 14.668111839752182, 53.857062946892007 ], [ 14.733155635303188, 53.894915564144334 ], [ 14.753196155468187, 53.892136748581891 ], [ 14.778466548639713, 53.87796321838966 ], [ 14.803758916399721, 53.882574097095379 ], [ 14.800221060655018, 53.951452421135237 ], [ 14.788816422608681, 53.964798942140355 ], [ 14.792266380897777, 53.990598805017683 ], [ 14.824091327048299, 53.99999999987628 ], [ 14.842565450360803, 54.00552257876614 ], [ 14.817492825790653, 54.032526610476452 ], [ 15.000000000008052, 54.067799297819327 ], [ 15.256577156411341, 54.117384089921202 ], [ 15.500000000038265, 54.173891071246743 ], [ 15.516260679880588, 54.177662985361692 ], [ 15.694366388581853, 54.210666370607917 ], [ 15.758254594944633, 54.221299490208345 ], [ 15.921987592374956, 54.242383139967039 ], [ 16.000000000068475, 54.252752421485795 ], [ 16.007132570423785, 54.253700340372077 ], [ 16.222317108453016, 54.310098372897912 ], [ 16.338624768573776, 54.370266566144572 ], [ 16.427381255237449, 54.449156555831692 ], [ 16.469018711238817, 54.499999999751346 ], [ 16.478290553866241, 54.511453077223869 ], [ 16.500000000098691, 54.524178477628951 ], [ 16.530034071187004, 54.541776947804159 ], [ 16.572184072651826, 54.556664831696118 ], [ 16.619361339297367, 54.559984311238168 ], [ 16.730992983598338, 54.559307159467551 ], [ 16.841746503149515, 54.567233110955236 ], [ 16.949755881510114, 54.595578616118459 ], [ 17.0000000001289, 54.621107643787148 ], [ 17.045778853083448, 54.64435387077927 ], [ 17.226716515090938, 54.71970129041447 ], [ 17.312417724573805, 54.742245462144112 ], [ 17.341663081130868, 54.749935730406499 ], [ 17.500000000159112, 54.775213468887465 ], [ 17.503940585917043, 54.775842362466591 ], [ 17.615857620492203, 54.776304593559452 ], [ 17.732670202972916, 54.789905023569091 ], [ 17.833939971812722, 54.819559146520497 ], [ 17.998676226616968, 54.837180254345952 ], [ 18.000000000189324, 54.83715079484034 ], [ 18.069189666303622, 54.835611022495861 ], [ 18.07401935422412, 54.823437508046474 ], [ 18.092723416604951, 54.775498987333577 ], [ 18.000000000189324, 54.749590773523131 ], [ 17.99277083578815, 54.747570144040331 ], [ 18.000000000189324, 54.720547171669878 ], [ 18.004318180200521, 54.704396964918395 ], [ 18.087542479323528, 54.65789286704819 ], [ 18.094413807916116, 54.599995863548379 ], [ 18.000805679404717, 54.56358232051327 ], [ 18.032066930917829, 54.516676986639027 ], [ 18.043895114739161, 54.499999999751346 ], [ 18.082559120200639, 54.446105416109724 ], [ 18.000000000189324, 54.410268658773539 ], [ 17.987985053925478, 54.405050660354533 ], [ 17.946888803238387, 54.424438390328007 ], [ 17.857385909998396, 54.408407647339907 ], [ 17.897669895022439, 54.349402984320214 ], [ 17.850382862334015, 54.347847344611566 ], [ 17.849946955740712, 54.346825637252842 ], [ 17.839077003036319, 54.32133965109211 ], [ 17.761357809044799, 54.273610756770211 ], [ 17.719871530522589, 54.248110455570334 ], [ 17.640928090003989, 54.186161174625624 ], [ 17.580425275519257, 54.162555175087753 ], [ 17.587647854371088, 54.137345503866136 ], [ 17.650280121643561, 54.124277569233563 ], [ 17.656405043659831, 54.084319157706311 ], [ 17.640137777369844, 54.028580761735704 ], [ 17.578669026019668, 54.016049866836354 ], [ 17.532765040440992, 54.012501193542604 ], [ 17.500000000159112, 54.011490120672661 ], [ 17.448772380814447, 54.009909273965278 ], [ 17.332508627649826, 54.033948086382999 ], [ 17.313541127125404, 54.012368278929046 ], [ 17.242083702703905, 54.01644857500974 ], [ 17.239581046628007, 54.01639541428284 ], [ 17.181668701233146, 54.010959353567564 ], [ 17.178373937689166, 53.99999999987628 ], [ 17.169111512999184, 53.9695447975189 ], [ 17.100815339114249, 53.967139071694504 ], [ 17.091748697748862, 53.938088451871842 ], [ 17.028238305726592, 53.932115366416141 ], [ 17.0000000001289, 53.912043090163792 ], [ 16.979414553827716, 53.89740448788605 ], [ 16.936935256030878, 53.930075900380224 ], [ 16.824842596326096, 53.89258453232631 ], [ 16.814656345994557, 53.866407429307571 ], [ 16.823503455274178, 53.838684182934507 ], [ 16.899373457371873, 53.847584525163491 ], [ 16.908505957823998, 53.82202554743133 ], [ 16.849012987160854, 53.794734801795499 ], [ 16.851032674804031, 53.759724276517758 ], [ 16.890745879279695, 53.726257926807676 ], [ 16.919109317501523, 53.678549899165695 ], [ 16.912259942836165, 53.640381443018626 ], [ 16.928000333737288, 53.592084798790346 ], [ 16.920294786452732, 53.552775505033139 ], [ 16.931666505735485, 53.509681596722764 ], [ 16.925474377159549, 53.501913790102876 ] ], [ [ 11.224570293089243, 52.476673288814162 ], [ 11.208089602359108, 52.466811805618896 ], [ 11.201497325528063, 52.438200945475401 ], [ 11.203145394511248, 52.420433084092146 ], [ 11.209737671342289, 52.397719229554994 ], [ 11.22292222410606, 52.364120691786475 ], [ 11.231162569920285, 52.339399489969487 ], [ 11.241050984717692, 52.327528377072888 ], [ 11.282252712890504, 52.337421193431084 ], [ 11.321806372080129, 52.352256249264087 ], [ 11.367952307202483, 52.361154881421676 ], [ 11.395969481713207, 52.378946743683947 ], [ 11.394321412730024, 52.397719229554994 ], [ 11.41574631130802, 52.39574355614802 ], [ 11.42728279508861, 52.381911353678341 ], [ 11.450355763548103, 52.380923172757271 ], [ 11.458596108464011, 52.402658023890702 ], [ 11.454608221016484, 52.41009295691714 ], [ 11.451699488702916, 52.413312206032778 ], [ 11.447838172980601, 52.416633512912284 ], [ 11.443763486717058, 52.417471074193124 ], [ 11.425211942101795, 52.419828587377005 ], [ 11.421514553647473, 52.420309605602078 ], [ 11.399265620577888, 52.422407646448058 ], [ 11.391231173118358, 52.422870471337696 ], [ 11.383196946644388, 52.423888509754917 ], [ 11.374544583135211, 52.425369323620821 ], [ 11.374544583135211, 52.44905553971784 ], [ 11.326750579029675, 52.460893850253676 ], [ 11.297085334637455, 52.462866590513315 ], [ 11.278629597143871, 52.470332083895293 ], [ 11.274145531537362, 52.472308344439739 ], [ 11.260827814312506, 52.479631300463701 ], [ 11.254784894108628, 52.484378294273775 ], [ 11.245995191667239, 52.489489896318936 ], [ 11.224570293089243, 52.476673288814162 ] ], [ [ 12.503779571583394, 52.992409041088216 ], [ 12.499999999856989, 52.989470828102704 ], [ 12.483409437082772, 52.976571064401995 ], [ 12.47409235350101, 52.95007377487385 ], [ 12.499999999856989, 52.945914375221733 ], [ 12.524237603539625, 52.942022731741226 ], [ 12.549617867856922, 52.954243413005244 ], [ 12.614639687921132, 52.958478404595994 ], [ 12.65056759480877, 52.971509567828228 ], [ 12.665048629428247, 52.988781936293414 ], [ 12.654108019735181, 52.999999999855014 ], [ 12.648260298052653, 53.006064987724301 ], [ 12.609717454661752, 53.009733071716738 ], [ 12.578470064153475, 53.006822552298395 ], [ 12.564111265989652, 52.999999999855014 ], [ 12.551727396011662, 52.994183056248161 ], [ 12.515909360269795, 52.997441798139221 ], [ 12.503779571583394, 52.992409041088216 ] ], [ [ 11.128982283979854, 52.570058291084891 ], [ 11.160295597355256, 52.56408641957335 ], [ 11.175128220000525, 52.556122653542275 ], [ 11.177198194434991, 52.546951506443847 ], [ 11.180072426950067, 52.540190762549955 ], [ 11.184100967655784, 52.534362354364141 ], [ 11.189960841747476, 52.526245589347624 ], [ 11.199849256544882, 52.519271333683712 ], [ 11.229514500937103, 52.520267724363968 ], [ 11.254235537481463, 52.533218732277568 ], [ 11.227866431953922, 52.543178434776934 ], [ 11.219626086139696, 52.556122653542275 ], [ 11.228412052487821, 52.560865118688987 ], [ 11.242699053700875, 52.565081788515229 ], [ 11.249362307320832, 52.568555048991016 ], [ 11.245547576432521, 52.574676641443595 ], [ 11.242699053700875, 52.579014565908395 ], [ 11.234828754494897, 52.583896619434313 ], [ 11.230339194792114, 52.58425253688312 ], [ 11.227387173563322, 52.584121074928987 ], [ 11.226218362970741, 52.583989479615703 ], [ 11.227866431953922, 52.596921599794015 ], [ 11.221274155122877, 52.610844209275392 ], [ 11.208089602359108, 52.624762372092157 ], [ 11.186664703781112, 52.632713611283165 ], [ 11.163591736219933, 52.621780283139415 ], [ 11.145462975608304, 52.621780283139415 ], [ 11.140518768658758, 52.604877921311051 ], [ 11.133926491827713, 52.584984394049712 ], [ 11.128982283979854, 52.570058291084891 ] ], [ [ 12.550628683655647, 53.080242857826036 ], [ 12.544585763451769, 53.055531151486825 ], [ 12.536367392226024, 53.024322567305219 ], [ 12.586710409967701, 53.03014103717873 ], [ 12.607058569879845, 53.028653284386451 ], [ 12.620155226086325, 53.031084139894041 ], [ 12.615364838561193, 53.06354875490424 ], [ 12.589259423603837, 53.075612156820853 ], [ 12.550628683655647, 53.080242857826036 ] ], [ [ 11.036690413735142, 52.50830954110031 ], [ 11.064707588245865, 52.504322753037187 ], [ 11.084484417840679, 52.509306181059358 ], [ 11.107557385401858, 52.521264091786122 ], [ 11.119093869182446, 52.530230378855236 ], [ 11.115797731216082, 52.546165902658188 ], [ 11.110853524266538, 52.56408641957335 ], [ 11.084484417840679, 52.559109235995599 ], [ 11.061411450279504, 52.529234215266847 ], [ 11.043282689667871, 52.517278484739663 ], [ 11.036690413735142, 52.50830954110031 ] ], [ [ 11.249291330531916, 52.609849884856231 ], [ 11.25924083346359, 52.608634524102371 ], [ 11.269869121390251, 52.607950396728889 ], [ 11.290493058704726, 52.606866774910522 ], [ 11.298733403620634, 52.619792110218725 ], [ 11.282252712890504, 52.64364419509922 ], [ 11.27716611218864, 52.653762673307966 ], [ 11.276658067284759, 52.654807780365545 ], [ 11.272364298093095, 52.664504051403071 ], [ 11.264198005797631, 52.668279742003456 ], [ 11.258862656203705, 52.668557252407474 ], [ 11.255883606464645, 52.668476223676819 ], [ 11.251763434006689, 52.662393621246729 ], [ 11.249998022589519, 52.659328694039111 ], [ 11.247643261548737, 52.652585358557182 ], [ 11.246701225259738, 52.645840977197587 ], [ 11.245995191667239, 52.642774750873485 ], [ 11.244347122684056, 52.636688686706847 ], [ 11.244347122684056, 52.620786208296217 ], [ 11.249291330531916, 52.609849884856231 ] ] ], [ [ [ 20.528271813098179, 53.326537870549203 ], [ 20.509109019729298, 53.327696081250551 ], [ 20.500000000340389, 53.3146811578263 ], [ 20.468101348319113, 53.269073071556683 ], [ 20.442005557013395, 53.212628522423763 ], [ 20.412181796804454, 53.160633455407556 ], [ 20.37863006589566, 53.142533363533829 ], [ 20.311494198252511, 53.110627417757151 ], [ 20.11762613214648, 53.143682094757125 ], [ 20.014000772222566, 53.195794865560423 ], [ 20.000000000310173, 53.199434784626135 ], [ 19.978299335109629, 53.205042999927848 ], [ 19.940496053132577, 53.199817190534752 ], [ 19.920277223671889, 53.237970707018853 ], [ 19.875097691640608, 53.247764764098648 ], [ 19.888006129235499, 53.268310423791903 ], [ 19.886666989081899, 53.293466994501543 ], [ 19.927829099754049, 53.289057416929175 ], [ 19.957356052999852, 53.376964467893899 ], [ 19.856525347433259, 53.48785073173098 ], [ 19.823266361305883, 53.499229483145584 ], [ 19.823969833801506, 53.499999999893774 ], [ 19.850817534762967, 53.529746202940103 ], [ 19.785506985386661, 53.544370073164181 ], [ 19.785485032357744, 53.563661564204089 ], [ 19.736771046501751, 53.579919032578069 ], [ 19.675829169642121, 53.530078318094112 ], [ 19.649397606049508, 53.516937847853733 ], [ 19.575108229220092, 53.522478869021072 ], [ 19.500000000279961, 53.528195886901862 ], [ 19.489754476411029, 53.528975685661905 ], [ 19.46211549083829, 53.538645983972415 ], [ 19.425146427553205, 53.568785003333488 ], [ 19.383808691751433, 53.570444014575529 ], [ 19.369275722830434, 53.547118953795668 ], [ 19.388572519686875, 53.528630276940213 ], [ 19.356477050380111, 53.504936449806735 ], [ 19.247348062155041, 53.501786015155403 ], [ 19.236319715804804, 53.499999999893774 ], [ 19.17527595112734, 53.490229223179234 ], [ 19.160742981308022, 53.464965689752042 ], [ 19.101118292471401, 53.455326864965024 ], [ 19.057146181521937, 53.474562880857363 ], [ 19.026850867772591, 53.497810591462304 ], [ 19.028239548217481, 53.499999999893774 ], [ 19.050516337145712, 53.535524633041945 ], [ 19.047530712637084, 53.56279874782733 ], [ 19.007532116988923, 53.570921797342713 ], [ 19.000000000249752, 53.570306862400876 ], [ 18.934867271485611, 53.564988939978811 ], [ 18.86189508178089, 53.567909018933214 ], [ 18.815991096202215, 53.565387144442902 ], [ 18.732962260603568, 53.556652206765548 ], [ 18.730439765234614, 53.55638680263273 ], [ 18.724622186521444, 53.600029784803169 ], [ 18.708289061144718, 53.641865390539671 ], [ 18.725434452184498, 53.672513066403759 ], [ 18.731929486386033, 53.67306749988439 ], [ 18.880686957175691, 53.685763832558003 ], [ 19.000000000249752, 53.677791460126031 ], [ 19.022921258529113, 53.6762597115247 ], [ 19.04869422766107, 53.684850577697645 ], [ 19.092732198595591, 53.729391576875749 ], [ 19.141336418408702, 53.73059472990667 ], [ 19.200390326696947, 53.71425004213048 ], [ 19.21613071759807, 53.726694271925403 ], [ 19.193848295334689, 53.751161978455407 ], [ 19.250114156374533, 53.764969138970557 ], [ 19.302296736070186, 53.85548116248868 ], [ 19.338343768547656, 53.928141604641375 ], [ 19.414872364207692, 53.983779107915772 ], [ 19.429000033035436, 53.99999999987628 ], [ 19.454717287755152, 54.029869514724432 ], [ 19.500000000279961, 54.029072804657929 ], [ 19.524945336269298, 54.02863390681847 ], [ 19.560114243996967, 54.057309094368755 ], [ 19.530257993520834, 54.083642462312227 ], [ 19.5357901810615, 54.104747473139575 ], [ 19.62193424560639, 54.113897141664083 ], [ 19.649924481438376, 54.145043838772658 ], [ 19.649485616692839, 54.199288896338793 ], [ 19.770916777612385, 54.20735838648995 ], [ 19.836538223128748, 54.218003263993573 ], [ 19.846302365888068, 54.217709147360324 ], [ 19.857531129971445, 54.21888560126709 ], [ 19.875106585860241, 54.22212067590273 ], [ 19.892682042647348, 54.238586200947061 ], [ 19.906351842869718, 54.240056016639741 ], [ 19.903899091801112, 54.222330079780122 ], [ 19.92596308331326, 54.210428269062589 ], [ 19.93494191166468, 54.181409288332667 ], [ 19.95025443499598, 54.165835477451637 ], [ 19.966401318953054, 54.165322849381873 ], [ 19.965667142939335, 54.161945874532258 ], [ 19.962495662388314, 54.147354894387853 ], [ 19.958101797517802, 54.142935344209967 ], [ 19.955172554869669, 54.132915942710376 ], [ 19.956148969684595, 54.124957624761748 ], [ 19.974212632980848, 54.105202571461383 ], [ 19.990710403379477, 54.098142593592925 ], [ 20.000000000310173, 54.094166716142162 ], [ 20.009308920900949, 54.090158801915599 ], [ 20.018546229593905, 54.087351217757522 ], [ 20.04828896895074, 54.078382220508892 ], [ 20.053000145729062, 54.076711201613371 ], [ 20.078489111585629, 54.083210158244306 ], [ 20.09161019747626, 54.068341058231113 ], [ 20.096578055270605, 54.062709977452634 ], [ 20.093289156827119, 54.054206919858984 ], [ 20.121244796740875, 54.035694219243666 ], [ 20.141800415381368, 54.032190884843502 ], [ 20.151365435778175, 54.028551763719683 ], [ 20.154663146694602, 54.026747980446117 ], [ 20.155616293347034, 54.026240243555478 ], [ 20.148534048410571, 54.016272741119138 ], [ 20.144982207693531, 54.011534737464231 ], [ 20.14365774960493, 54.009767829009306 ], [ 20.145129958099886, 54.007575311953829 ], [ 20.150215952438934, 53.99999999987628 ], [ 20.160608694911573, 53.984702029690823 ], [ 20.167110426951869, 53.979039321672225 ], [ 20.171174010038502, 53.975193832396691 ], [ 20.17238749385016, 53.973759262936909 ], [ 20.188254141167835, 53.959423047421247 ], [ 20.191956122708202, 53.956077431191467 ], [ 20.198533920493496, 53.938239090067256 ], [ 20.205933942665084, 53.907499532676354 ], [ 20.216622864178479, 53.885174318847234 ], [ 20.20511171827879, 53.863830138951748 ], [ 20.166467156851638, 53.852408991429797 ], [ 20.154956010951953, 53.826078770420807 ], [ 20.158244909395442, 53.804207080037614 ], [ 20.192778347992814, 53.800229177233817 ], [ 20.193770377324, 53.798829257606513 ], [ 20.205801359413986, 53.781847792957031 ], [ 20.210045066393185, 53.775856247285994 ], [ 20.226489561305574, 53.739021178504473 ], [ 20.220999184951488, 53.724331798294962 ], [ 20.216622864178479, 53.712619353100777 ], [ 20.231833408063771, 53.710168856470467 ], [ 20.275420917900757, 53.70314588941342 ], [ 20.283867574396396, 53.704699463654919 ], [ 20.356719607245349, 53.664515572739639 ], [ 20.374092350205441, 53.648966412547665 ], [ 20.38002876525092, 53.620502092217187 ], [ 20.372455471535751, 53.616074342705822 ], [ 20.357767209953273, 53.585783450702742 ], [ 20.384044575930737, 53.559798663038357 ], [ 20.413617524715725, 53.544409913442223 ], [ 20.476102656029493, 53.535630895648595 ], [ 20.500000000340389, 53.537528357482408 ], [ 20.506046631484704, 53.5380084499308 ], [ 20.603866526477056, 53.588410232593716 ], [ 20.677111410566059, 53.606992018770846 ], [ 20.739705667423912, 53.645177584035743 ], [ 20.818406814344083, 53.663588612640353 ], [ 20.889425542903322, 53.707609842739998 ], [ 20.944861181855892, 53.764070821386561 ], [ 21.000000000370598, 53.799653236717539 ], [ 21.010423645787331, 53.806376461499312 ], [ 21.084105031154351, 53.861966096335799 ], [ 21.173893305685375, 53.949558577038822 ], [ 21.205271004012136, 53.99999999987628 ], [ 21.215666461193564, 54.016900440020258 ], [ 21.245042984358523, 54.05151987519266 ], [ 21.176686912607071, 54.069694769070409 ], [ 21.122429827374653, 54.076038832833312 ], [ 21.090412471971735, 54.097890522763485 ], [ 21.06131967360443, 54.109494945672978 ], [ 21.000000000370598, 54.127386272978562 ], [ 20.994753257003037, 54.128916762373706 ], [ 20.834579179912506, 54.117105675250478 ], [ 20.785538281853263, 54.130891575039144 ], [ 20.750138043566892, 54.159416398429848 ], [ 20.717749662392066, 54.167031160125966 ], [ 20.697321411384134, 54.16046268371435 ], [ 20.648935264792765, 54.19306962406651 ], [ 20.627459411076906, 54.194564978640102 ], [ 20.609431915750619, 54.188808227211673 ], [ 20.500000000340389, 54.206376436527378 ], [ 20.489590540220309, 54.208047181462092 ], [ 20.438803637947291, 54.218615513386197 ], [ 20.374768927141453, 54.241383083775986 ], [ 20.350543116541871, 54.268695443931911 ], [ 20.32097016775689, 54.279776408306709 ], [ 20.167998358609616, 54.287078434986661 ], [ 20.086045278021587, 54.29229337223493 ], [ 20.079781487242169, 54.306984045814559 ], [ 20.086438129261634, 54.330493999188491 ], [ 20.063019845711981, 54.348651538546292 ], [ 20.039492436618243, 54.350022587008965 ], [ 20.000000000310173, 54.329697440840441 ], [ 19.993644569693682, 54.326444705451124 ], [ 19.957926834446546, 54.333039441219199 ], [ 19.889389176345244, 54.353186369390784 ], [ 19.898741207984823, 54.371874056705892 ], [ 19.880871363397642, 54.389499601419281 ], [ 19.842563159060635, 54.395254578345053 ], [ 19.810094486465715, 54.391224862545371 ], [ 19.765902844328799, 54.398507032787023 ], [ 19.738044327568613, 54.393806033610346 ], [ 19.713284788332864, 54.405808325820445 ], [ 19.720372061139969, 54.408341826647039 ], [ 19.728362999597024, 54.424135733595016 ], [ 19.744893703132288, 54.426254284623646 ], [ 19.782872610238961, 54.423780438180053 ], [ 19.790270813322099, 54.435293075692954 ], [ 19.816812142957598, 54.458703042204348 ], [ 19.87090464425355, 54.475016307782298 ], [ 19.939442302354848, 54.485239986952351 ], [ 19.960478490926249, 54.499999999751346 ], [ 19.966927615826876, 54.504579889410671 ], [ 19.982338710395982, 54.536423413224774 ], [ 20.000000000310173, 54.542042325890442 ], [ 20.011665492047033, 54.545775033285388 ], [ 20.032988570180834, 54.535546588240059 ], [ 20.04597447758751, 54.521049667092207 ], [ 20.073124846121019, 54.519561148111087 ], [ 20.147199081829783, 54.55590795207717 ], [ 20.227908134089862, 54.573086965599721 ], [ 20.282514420524361, 54.598788795842815 ], [ 20.333039422569552, 54.61935709493418 ], [ 20.374616151559401, 54.653813098508877 ], [ 20.437603259657312, 54.666872206144959 ], [ 20.454845053401808, 54.675876030333853 ], [ 20.449672515368292, 54.694182034873485 ], [ 20.40957988946607, 54.689933874745492 ], [ 20.396790407679422, 54.70635497240734 ], [ 20.360953667216705, 54.697635817215044 ], [ 20.24824908502185, 54.699527994208715 ], [ 20.169678888215589, 54.695412726768033 ], [ 20.09726335664466, 54.642472359964657 ], [ 20.065311475849541, 54.63795372759634 ], [ 20.04588717751157, 54.653627644352653 ], [ 20.039841637820327, 54.68474548495201 ], [ 20.021137565558021, 54.700229267748007 ], [ 20.000000000310173, 54.700696753611162 ], [ 19.990571132171084, 54.700904066874102 ], [ 19.957773162345838, 54.677146997144966 ], [ 19.946774646351241, 54.659892862593615 ], [ 19.945786756456883, 54.648023889444502 ], [ 19.929936599512882, 54.642472359964657 ], [ 19.913340035992562, 54.64750719222635 ], [ 19.955226600212114, 54.688875074198037 ], [ 19.977860272734734, 54.709516689175508 ], [ 19.984204725938454, 54.738661608457441 ], [ 19.977706600634026, 54.771668834409056 ], [ 19.950418865320529, 54.825759069627303 ], [ 19.941725428141613, 54.869711509521906 ], [ 19.948991912152955, 54.915800612403672 ], [ 19.962712616309219, 54.953199152787114 ], [ 19.976806522855316, 54.974349434408104 ], [ 20.000000000310173, 54.964148586527259 ], [ 20.009592111201005, 54.959904305890028 ], [ 20.042875320400018, 54.963361622196437 ], [ 20.134584200195011, 54.953448972519205 ], [ 20.1798275386626, 54.957459027178828 ], [ 20.229239462493751, 54.97151076748483 ], [ 20.28085571638653, 54.970380501567512 ], [ 20.347400308418095, 54.949464815573769 ], [ 20.398492761855223, 54.952107815413804 ], [ 20.458358886399179, 54.961757885644779 ], [ 20.500000000340389, 54.972603125832038 ], [ 20.516042506349656, 54.976780539998636 ], [ 20.55448802536436, 54.999999999764796 ], [ 20.612662023950342, 55.031286713839634 ], [ 20.805180831279408, 55.150790983712767 ], [ 20.908282389849361, 55.232817092202453 ], [ 20.993203677510973, 55.320501619897144 ], [ 21.000000000370598, 55.339325981715817 ], [ 21.021030622980504, 55.397519444983701 ], [ 21.05330694201858, 55.500000000025729 ], [ 21.054401131357142, 55.503514005243815 ], [ 21.056409036697051, 55.538572431637022 ], [ 21.048835742083572, 55.732340272870232 ], [ 21.061887124996364, 55.720284881054972 ], [ 21.073061553581471, 55.603389287923761 ], [ 21.078583291918754, 55.503326756071715 ], [ 21.077959753313742, 55.500000000025729 ], [ 21.070835398051706, 55.462451654856544 ], [ 21.093380679045318, 55.451334316294528 ], [ 21.058024090796913, 55.437493981596383 ], [ 21.060359370972446, 55.42194672344192 ], [ 21.041567999532514, 55.389477943015144 ], [ 21.000209520732522, 55.30009994067899 ], [ 21.000000000370598, 55.29990292231787 ], [ 20.898592066148517, 55.204430546066845 ], [ 20.816660810130312, 55.141929521399021 ], [ 20.599847903172076, 54.999999999764796 ], [ 20.59391430165007, 54.995633013118855 ], [ 20.609148190054654, 54.975545294195555 ], [ 20.647101960503051, 54.964925861525742 ], [ 20.694680579146176, 54.968435317676203 ], [ 20.744834555419459, 54.96142924303129 ], [ 20.788855690128923, 54.971905038788691 ], [ 20.816137008776352, 54.970472500826084 ], [ 20.83970806790806, 54.959325866570069 ], [ 20.85476735616076, 54.941495310495874 ], [ 20.892175499787051, 54.929564390439744 ], [ 21.000000000370598, 54.919937348420326 ], [ 21.06710331306785, 54.913944904063783 ], [ 21.139846220372718, 54.930248508254614 ], [ 21.216648588395376, 54.955171373146939 ], [ 21.21921902146115, 54.999999999764796 ], [ 21.21924576969705, 55.000415445055907 ], [ 21.202418652660747, 55.03920247570705 ], [ 21.177210713961035, 55.087364701133289 ], [ 21.157611815471178, 55.13889751430176 ], [ 21.14074104749859, 55.19328684940055 ], [ 21.13209832650567, 55.239773870554316 ], [ 21.142792602876472, 55.248497199827618 ], [ 21.167847765994129, 55.253497708481213 ], [ 21.199755995852964, 55.240157737666848 ], [ 21.234523308139604, 55.250416074211088 ], [ 21.236007412125552, 55.281825861731136 ], [ 21.262132002520968, 55.294083090913681 ], [ 21.327476216262546, 55.321975891404826 ], [ 21.387211390692595, 55.307451333493319 ], [ 21.370406099124434, 55.316693796731478 ], [ 21.332037652866163, 55.328870573750933 ], [ 21.325315535340586, 55.363731777971978 ], [ 21.298186992275216, 55.38580426107599 ], [ 21.296440988061445, 55.391007577315044 ], [ 21.308706669392446, 55.39497044317455 ], [ 21.306502338432516, 55.403149835188458 ], [ 21.296724713757413, 55.40876783791866 ], [ 21.280465048113044, 55.411547583808328 ], [ 21.2625248528627, 55.40499170179649 ], [ 21.261455425584945, 55.396627312999826 ], [ 21.245544961142659, 55.386731405299692 ], [ 21.220511622594831, 55.380171388831556 ], [ 21.202222227040721, 55.381585477930351 ], [ 21.191091449391898, 55.38952429667534 ], [ 21.201480175496904, 55.398712784145161 ], [ 21.196438587577301, 55.407505305022788 ], [ 21.179087669187037, 55.404968534079515 ], [ 21.147703240682166, 55.382072283648078 ], [ 21.133429654909566, 55.386870475306075 ], [ 21.172452852635715, 55.471056465809923 ], [ 21.16976160874064, 55.500000000025729 ], [ 21.167651340374103, 55.522971387192037 ], [ 21.14074104749859, 55.533158380563663 ], [ 21.114987483773405, 55.624208800787393 ], [ 21.08951764484587, 55.677292598845675 ], [ 21.071686575139609, 55.732956905761995 ], [ 21.04776631480582, 55.745589908412207 ], [ 21.043052102620152, 55.833964011426197 ], [ 21.036507997946217, 55.916027531616294 ], [ 21.145673509874115, 55.905218013293762 ], [ 21.197748090513048, 55.869850887024697 ], [ 21.256784864335565, 55.779908591497716 ], [ 21.4280242435688, 55.60561881325102 ], [ 21.500000000400814, 55.502563230132026 ], [ 21.501787789750026, 55.500000000025729 ], [ 21.504259159301213, 55.496501322780766 ], [ 21.53514161192026, 55.414199741163877 ], [ 21.588023719609126, 55.332282647235616 ], [ 21.645423612965324, 55.342772345352309 ], [ 21.691430828444876, 55.31506839490352 ], [ 21.719476024104257, 55.262497030799757 ], [ 21.835323414422891, 55.211369029595474 ], [ 21.871945856467388, 55.235190445038207 ], [ 21.912431332711343, 55.227232171207277 ], [ 21.942397132736382, 55.19658254236554 ], [ 21.956212392661129, 55.170419077817165 ], [ 22.000000000431022, 55.16301174538124 ], [ 22.030614004103828, 55.157832104945236 ], [ 22.107241771076293, 55.159300790653973 ], [ 22.123108586378923, 55.207073366808856 ], [ 22.160734980195063, 55.226219820143811 ], [ 22.243364637719115, 55.263415451609276 ], [ 22.274858191768068, 55.26499647981656 ], [ 22.3433888636714, 55.252032508269757 ], [ 22.353035537334275, 55.210263144294423 ], [ 22.362529436313409, 55.17172416523556 ], [ 22.293431313018147, 55.143293848599079 ], [ 22.186575844894506, 55.132797815220478 ], [ 22.18277828620117, 55.110035227362964 ], [ 22.195655068063761, 55.091544893725178 ], [ 22.335160817590047, 55.088999465800697 ], [ 22.377763324717996, 55.074564511230186 ], [ 22.494680143212701, 55.075136870494219 ], [ 22.49999999956292, 55.072901169481284 ], [ 22.581762110897962, 55.038524377520105 ], [ 22.569455159166175, 54.999999999764796 ], [ 22.567379400479595, 54.992703909133155 ], [ 22.597781701782651, 54.964110887380592 ], [ 22.590011981549146, 54.920735589324046 ], [ 22.692786164385161, 54.898924980162178 ], [ 22.781374061524517, 54.858233674236843 ], [ 22.801169386532717, 54.784452198911147 ], [ 22.817276276595031, 54.735502174508603 ], [ 22.728077278025768, 54.716778440642074 ], [ 22.633465665764994, 54.668275875403999 ], [ 22.659568431590579, 54.612754098396053 ], [ 22.660288658564568, 54.552880293544192 ], [ 22.642708880880942, 54.499999999751346 ], [ 22.636106497104635, 54.480365005236202 ], [ 22.658487790643132, 54.419623094464782 ], [ 22.662602114170269, 54.408447139809475 ], [ 22.716553649136895, 54.389354728480001 ], [ 22.732114913275417, 54.355677675966838 ], [ 22.794709170133274, 54.337866113973085 ], [ 22.734973995703228, 54.263900248916165 ], [ 22.672641639073195, 54.271046601767779 ], [ 22.637088625204768, 54.244766733020867 ], [ 22.579754206456368, 54.246114827592372 ], [ 22.557230750032584, 54.133197612187665 ], [ 22.606817274015622, 54.060429094109736 ], [ 22.571984487121178, 54.056100860637144 ], [ 22.56567704630379, 54.023757546845161 ], [ 22.634316842852893, 54.008832583043962 ], [ 22.643761110810896, 53.99999999987628 ], [ 22.671943237567355, 53.973948361068373 ], [ 22.686347107802238, 53.955290185400493 ], [ 22.693135365587242, 53.946494048541204 ], [ 22.683706942114224, 53.897865383168892 ], [ 22.635429921066933, 53.879689064205373 ], [ 22.636608473888774, 53.861491623024719 ], [ 22.606599023825765, 53.844459732406122 ], [ 22.547518599965283, 53.818977998579093 ], [ 22.502297086965832, 53.773356909285909 ], [ 22.49999999956292, 53.772779662515021 ], [ 22.445901145381278, 53.759182578007952 ], [ 22.384621721163754, 53.713197824578536 ], [ 22.268310675292685, 53.625777663948973 ], [ 22.110297279124122, 53.5494958598821 ], [ 22.076293843849442, 53.518333137640013 ], [ 22.035109965201329, 53.521880951975618 ], [ 22.002241432710505, 53.50073581799407 ], [ 22.000000000431022, 53.501699374834715 ], [ 21.956845319559179, 53.520246602692083 ], [ 21.929127499633736, 53.50073581799407 ], [ 21.927683023928232, 53.499999999893774 ], [ 21.89113007914737, 53.48159505377189 ], [ 21.845428414831932, 53.491464408971282 ], [ 21.650050525075052, 53.495931800263804 ], [ 21.508864245942796, 53.493514212133121 ], [ 21.500000000400814, 53.492060267821742 ], [ 21.382933679784948, 53.472853951477191 ], [ 21.247945716824304, 53.429805584089536 ], [ 21.10638841192014, 53.364946524876117 ], [ 21.008764941649499, 53.298747324388756 ], [ 21.000000000370598, 53.291036589262909 ], [ 20.962801377106235, 53.258296479226601 ], [ 20.929031283718174, 53.243955041320369 ], [ 20.897882171596923, 53.249758818461416 ], [ 20.827290070034106, 53.268304051677248 ], [ 20.787332276764459, 53.278782566131923 ], [ 20.747374483494813, 53.298926302257591 ], [ 20.656803484398857, 53.327111502846094 ], [ 20.630164955252987, 53.33274629940415 ], [ 20.617068228079599, 53.3322940288406 ], [ 20.583547530370609, 53.331136433456322 ], [ 20.561414095493735, 53.328269984542821 ], [ 20.528548262440342, 53.328146759994475 ], [ 20.528271813098179, 53.326537870549203 ] ] ], [ [ [ 7.444618898221512, 51.638333120077213 ], [ 7.465005814149968, 51.645198400780153 ], [ 7.490083152180395, 51.632586521354902 ], [ 7.499999999554868, 51.637108236848881 ], [ 7.512834857941476, 51.64295978450496 ], [ 7.543989556685478, 51.649079288834031 ], [ 7.583262028818131, 51.642085502222017 ], [ 7.672382017863208, 51.671377985417053 ], [ 7.711193751273158, 51.684031957662839 ], [ 7.7632572017857, 51.694830026798307 ], [ 7.88526514399972, 51.711551335899244 ], [ 7.949768533737073, 51.716259697095197 ], [ 7.999999999585081, 51.704175067061193 ], [ 8.005737291369751, 51.702794589292161 ], [ 8.049309988886007, 51.697211605092299 ], [ 8.068156387526962, 51.686572913008149 ], [ 8.116687509628782, 51.670491015502542 ], [ 8.117194990390665, 51.666064638067283 ], [ 8.118376884047045, 51.655754164691423 ], [ 8.133076635980332, 51.635262865727299 ], [ 8.159843349327353, 51.630002770157532 ], [ 8.187334079640539, 51.616975764069998 ], [ 8.210590403232683, 51.62437100601241 ], [ 8.252056868512955, 51.616246776981725 ], [ 8.237927553971625, 51.588337598292178 ], [ 8.250894052378266, 51.578349747110614 ], [ 8.243917154671822, 51.559336226577543 ], [ 8.248063801379525, 51.539969516867963 ], [ 8.218071918770214, 51.515374202980034 ], [ 8.14692073092737, 51.519465494405232 ], [ 8.088801860153763, 51.51520151056377 ], [ 8.077020119232619, 51.513580825811658 ], [ 8.047620614467746, 51.526398592169897 ], [ 8.039195681930616, 51.543381526232636 ], [ 8.02155597943101, 51.54597023385751 ], [ 8.002885100816799, 51.540474032795238 ], [ 7.999999999585081, 51.541084516124499 ], [ 7.962603392123654, 51.548996842182355 ], [ 7.97583316877378, 51.603547255574462 ], [ 7.949724653730389, 51.611289350849191 ], [ 7.939237368065663, 51.641118472438919 ], [ 7.909069966327944, 51.640959506846443 ], [ 7.894984532691601, 51.614855041319132 ], [ 7.881996094730787, 51.610122818742497 ], [ 7.898143882393021, 51.563821643405916 ], [ 7.848120845453855, 51.559362768886331 ], [ 7.848757103304976, 51.537008693501015 ], [ 7.857467254538067, 51.529917862618944 ], [ 7.849173962020997, 51.514311469334963 ], [ 7.86990719376284, 51.51039242448941 ], [ 7.867991029769626, 51.500000000093614 ], [ 7.865958006636066, 51.489092159839473 ], [ 7.834276750506826, 51.487409449093782 ], [ 7.778439631995873, 51.47465562864172 ], [ 7.742655609165626, 51.467027919963421 ], [ 7.752462756972541, 51.447005664551028 ], [ 7.741646372605169, 51.437135996849904 ], [ 7.76863248418896, 51.42551335967439 ], [ 7.786842624978829, 51.431765997113963 ], [ 7.808058535895849, 51.427922372417719 ], [ 7.824623181375806, 51.442176374839626 ], [ 7.853561947417975, 51.44025504361904 ], [ 7.880262840305833, 51.417627229036668 ], [ 7.874799797889205, 51.397609538375498 ], [ 7.841165888199895, 51.396542558698791 ], [ 7.825829877517188, 51.382709079272423 ], [ 7.844325237901315, 51.350902492650533 ], [ 7.845334474461772, 51.314072457788086 ], [ 7.863149696089796, 51.294418490852479 ], [ 7.881337896427157, 51.296768436590142 ], [ 7.93726277495144, 51.310113306082165 ], [ 7.959619561550679, 51.298299796801295 ], [ 7.94889093629835, 51.260330689147629 ], [ 7.923352859545212, 51.246640870492008 ], [ 7.924537616132374, 51.225172908722072 ], [ 7.825149739659384, 51.192766839415619 ], [ 7.804526207485092, 51.183106720482193 ], [ 7.795947695373763, 51.161807571199283 ], [ 7.779141710306187, 51.143346489226616 ], [ 7.75737730065309, 51.135782454037752 ], [ 7.766153272345345, 51.103512027796278 ], [ 7.761611707374131, 51.065367950991302 ], [ 7.711617155114329, 51.060503588046501 ], [ 7.706652186301945, 51.06002047949837 ], [ 7.6572654072139, 51.069534036526925 ], [ 7.603973321005763, 51.05390263523401 ], [ 7.588286272066231, 51.054406956623119 ], [ 7.579773579515734, 51.085955886497963 ], [ 7.539820970423599, 51.091963387347988 ], [ 7.530342921319329, 51.086619005013617 ], [ 7.505901841139988, 51.105619905145971 ], [ 7.499999999554868, 51.132307396770507 ], [ 7.495019636313452, 51.154816011898767 ], [ 7.462351083177905, 51.175893386331289 ], [ 7.449231005197031, 51.207663250971727 ], [ 7.414039360211212, 51.213734200082392 ], [ 7.396909980743064, 51.233580454867564 ], [ 7.390592597372098, 51.243027977963784 ], [ 7.378738015657852, 51.268930979109726 ], [ 7.378450821566573, 51.281722600897467 ], [ 7.378079817354213, 51.290444431043227 ], [ 7.377421619948917, 51.302761570722666 ], [ 7.359365058733292, 51.317661791569755 ], [ 7.342098334943013, 51.311921361459611 ], [ 7.336174553803709, 51.29470894034182 ], [ 7.316494438629015, 51.295606680504257 ], [ 7.312567191056416, 51.304385125923538 ], [ 7.291000240984236, 51.305282675871311 ], [ 7.276344369057631, 51.314626711452966 ], [ 7.237752034782782, 51.310575224575814 ], [ 7.207101954768176, 51.307024929399667 ], [ 7.176364114740204, 51.311063533924518 ], [ 7.162366441117229, 51.32842809973193 ], [ 7.155784462572594, 51.353552790780142 ], [ 7.136345685188879, 51.361964159920717 ], [ 7.122567410701006, 51.356150197636111 ], [ 7.096766054806045, 51.380205429425615 ], [ 7.085379231250124, 51.388835853096353 ], [ 7.090206015815631, 51.397016774664898 ], [ 7.066905812216803, 51.39816277697691 ], [ 7.075879242591679, 51.41629737950143 ], [ 7.06359288294114, 51.42301206431403 ], [ 7.070328441060009, 51.441452595146899 ], [ 7.059446236233438, 51.445321392874519 ], [ 7.070262620600817, 51.469526793460211 ], [ 7.058831917936528, 51.486121081747768 ], [ 7.064489247084462, 51.500000000093614 ], [ 7.073421970302237, 51.522148542894215 ], [ 7.057208363079135, 51.531166141925205 ], [ 7.032021325481121, 51.537778791696198 ], [ 7.052271879844374, 51.567019553462785 ], [ 7.101834178060829, 51.568306615522765 ], [ 7.142927663733514, 51.568266809924623 ], [ 7.192051163679738, 51.586334899415206 ], [ 7.225465675132243, 51.587170473407383 ], [ 7.251047631892102, 51.586242056658307 ], [ 7.283233506750735, 51.610639808089751 ], [ 7.311119155327468, 51.628863223017419 ], [ 7.335384716378354, 51.633527234701717 ], [ 7.360220715719506, 51.626411773579555 ], [ 7.361936020906749, 51.617730394074982 ], [ 7.365376598987665, 51.600312151290524 ], [ 7.39455670371911, 51.590512614349642 ], [ 7.404232212404299, 51.567974902254178 ], [ 7.42233265362658, 51.537367189040616 ], [ 7.409651374814242, 51.52525643080763 ], [ 7.41357862148851, 51.500254474589269 ], [ 7.413884265179076, 51.500000000093614 ], [ 7.428804931705367, 51.487711815422479 ], [ 7.483896092797613, 51.489394514950945 ], [ 7.499999999554868, 51.494151240135992 ], [ 7.513668575373488, 51.498188232585989 ], [ 7.51440649197207, 51.500000000093614 ], [ 7.524572719754234, 51.525229868494634 ], [ 7.501338335716301, 51.55940258232043 ], [ 7.499999999554868, 51.561689373955687 ], [ 7.487055442499034, 51.583801556802996 ], [ 7.480627043528641, 51.612018418533808 ], [ 7.466190569838842, 51.624026451909074 ], [ 7.444618898221512, 51.638333120077213 ] ] ], [ [ [ 9.088538581072394, 52.397548007960403 ], [ 9.081386164237514, 52.363922977246823 ], [ 9.054860791376409, 52.358083408699997 ], [ 9.022411637375983, 52.202555985995595 ], [ 9.065677175743778, 52.18580448559333 ], [ 9.055146010072377, 52.159049801766443 ], [ 9.02930077417076, 52.131934434364773 ], [ 9.00977145019966, 52.11755674944559 ], [ 9.006439368842146, 52.115103172040783 ], [ 8.999999999645505, 52.113105456785767 ], [ 8.9746922922537, 52.105253258403359 ], [ 8.938359770687365, 52.105597976198496 ], [ 8.908675048124866, 52.107467359610425 ], [ 8.898078061994253, 52.091329732114382 ], [ 8.900184295128543, 52.074244240030893 ], [ 8.873593101808263, 52.05072767986443 ], [ 8.802990411803201, 52.05551959086177 ], [ 8.706674125916553, 52.052771937968458 ], [ 8.63973540434227, 52.031289258594839 ], [ 8.644175753435484, 51.999999999749583 ], [ 8.64493516761711, 51.9947062977039 ], [ 8.626878606401513, 51.969596016352057 ], [ 8.613759744739506, 51.946392161094387 ], [ 8.613231971035365, 51.945458412970801 ], [ 8.566938722087874, 51.940642483818962 ], [ 8.566429495899405, 51.941836382803416 ], [ 8.561102261685736, 51.950085820901528 ], [ 8.557103929526416, 51.953464205673846 ], [ 8.549628118290912, 51.95485192642689 ], [ 8.545884947198145, 51.954989788596571 ], [ 8.540123302086139, 51.954716958336149 ], [ 8.5234568550266, 51.951820695400428 ], [ 8.508754031753373, 51.948668743688934 ], [ 8.499999999615302, 51.949753336134926 ], [ 8.434421553756627, 51.957877427071757 ], [ 8.348417034406287, 51.957877427071757 ], [ 8.268555694432056, 51.968925338256504 ], [ 8.256269334781518, 51.994693154624798 ], [ 8.254792777542288, 51.999999999749583 ], [ 8.25012615450712, 52.016957277930722 ], [ 8.236711423723136, 52.022672027764706 ], [ 8.182551175081716, 52.035552098238441 ], [ 8.108833015381917, 52.02439613888982 ], [ 8.059687574983149, 52.028115102829922 ], [ 8.047401215332645, 52.046705260885837 ], [ 8.108833015381917, 52.057855626564958 ], [ 8.111978323517139, 52.056963700210105 ], [ 8.119251848523685, 52.056071755956395 ], [ 8.121525483609469, 52.056180330139021 ], [ 8.126449242208176, 52.057223714274691 ], [ 8.131942122166965, 52.061032703342221 ], [ 8.134217950938698, 52.072093231037123 ], [ 8.133405734682984, 52.080147967616327 ], [ 8.132805019574386, 52.086208488909868 ], [ 8.135757475587775, 52.097562309883955 ], [ 8.143869325485435, 52.101211377415247 ], [ 8.151298843839385, 52.102005223947579 ], [ 8.164323043731679, 52.100360764025588 ], [ 8.170264814532889, 52.098716375389024 ], [ 8.213267074657217, 52.117277016989995 ], [ 8.245825928225184, 52.105770334091716 ], [ 8.334287719864966, 52.10725523462461 ], [ 8.336744992154397, 52.129151752814636 ], [ 8.408488558739977, 52.127389297652208 ], [ 8.465137453332126, 52.135087928519994 ], [ 8.473321047179944, 52.154891511748559 ], [ 8.449450404392566, 52.167643246579978 ], [ 8.429726409211179, 52.167510848819589 ], [ 8.414258759406748, 52.17076772265748 ], [ 8.439336097437176, 52.205148858035244 ], [ 8.449165185696598, 52.241803197071974 ], [ 8.468933060884668, 52.316010337784654 ], [ 8.43165712321705, 52.393662417476257 ], [ 8.411077470151143, 52.399549940777284 ], [ 8.393270146511098, 52.410707331479308 ], [ 8.385386472288847, 52.414925428877076 ], [ 8.357368525226986, 52.429186300715749 ], [ 8.323844314206921, 52.453725477542008 ], [ 8.309186271950601, 52.483051410560748 ], [ 8.337534829579761, 52.488293838825896 ], [ 8.386833848654394, 52.475700387870262 ], [ 8.436791066032692, 52.476423491993351 ], [ 8.437718369052714, 52.500000000004945 ], [ 8.437888062606525, 52.504362622618068 ], [ 8.4855635268238, 52.52686989713817 ], [ 8.498820437087083, 52.530356589384091 ], [ 8.499999999615302, 52.52961456862743 ], [ 8.527841769083638, 52.5120966525526 ], [ 8.538680093903519, 52.504548680729698 ], [ 8.562462976677528, 52.5175574894661 ], [ 8.571041488788893, 52.51674704323144 ], [ 8.594539151968609, 52.537083366394853 ], [ 8.598313066105346, 52.536537962597286 ], [ 8.644803527597052, 52.529818634028445 ], [ 8.644432692267994, 52.500000000004945 ], [ 8.644408609333532, 52.498084779891947 ], [ 8.655488272842696, 52.48453458638101 ], [ 8.654391276268864, 52.450055342901415 ], [ 8.642258496192568, 52.412573445367556 ], [ 8.643377432320575, 52.403474517936573 ], [ 8.665273481095435, 52.404975773435602 ], [ 8.670824283525402, 52.399273363417088 ], [ 8.723414291423227, 52.403184795821652 ], [ 8.790001974740683, 52.396547007321921 ], [ 8.82802387072527, 52.397666546143085 ], [ 8.881688935642705, 52.40878135770366 ], [ 8.895269751447994, 52.407425080139994 ], [ 8.924713135321218, 52.426501289364538 ], [ 8.990840079915962, 52.488372700711828 ], [ 8.999999999645505, 52.489284572245815 ], [ 9.013152987406823, 52.490593921262544 ], [ 9.034237258303808, 52.495969071081078 ], [ 9.034616659967428, 52.500000000004945 ], [ 9.03616797230967, 52.516667326612378 ], [ 9.049485508973158, 52.526192456497782 ], [ 9.079301871555733, 52.524372613015558 ], [ 9.100781061614555, 52.517836491863996 ], [ 9.103062813877253, 52.508455716060723 ], [ 9.095667635421679, 52.500000000004945 ], [ 9.080025889420222, 52.482313058290067 ], [ 9.079214111542367, 52.472203024977162 ], [ 9.098696768034459, 52.46608854276591 ], [ 9.090381535064889, 52.406239949031253 ], [ 9.088538581072394, 52.397548007960403 ] ] ], [ [ [ 6.471324490136159, 51.642774333187255 ], [ 6.450262182149563, 51.643900282145886 ], [ 6.422771451836386, 51.614947824732958 ], [ 6.366692994636156, 51.614311589623824 ], [ 6.31603369984588, 51.607444982912924 ], [ 6.300280831345479, 51.621415705307498 ], [ 6.269279712175686, 51.627803153008308 ], [ 6.259231224781198, 51.640747551665434 ], [ 6.236764737716111, 51.626690053120434 ], [ 6.220792470080582, 51.615371976492014 ], [ 6.20396454545883, 51.620355460376892 ], [ 6.17596919641626, 51.608081314769294 ], [ 6.096217556009569, 51.64813889973891 ], [ 6.106858421248531, 51.723453545509216 ], [ 6.059709515314825, 51.727142590739689 ], [ 6.002907040250117, 51.727010372302509 ], [ 6.000000000362556, 51.727620988629589 ], [ 5.971181904114187, 51.733673707353397 ], [ 5.968944030959848, 51.73344896803151 ], [ 5.926183110423121, 51.74520000286163 ], [ 5.890223567566132, 51.759960446572364 ], [ 5.87988986147564, 51.768626809180681 ], [ 5.884804405156189, 51.783709688949457 ], [ 5.899262818400162, 51.79441783419648 ], [ 5.860034226274193, 51.821421110164891 ], [ 5.872605805519024, 51.830840714344255 ], [ 5.921795125026143, 51.810442267587668 ], [ 5.951589548054534, 51.824759095720786 ], [ 5.924778955599153, 51.843489419604417 ], [ 5.941892099815163, 51.852732981353341 ], [ 5.960760438010327, 51.85492161949719 ], [ 5.994460168158811, 51.838345955396285 ], [ 6.000000000362556, 51.841446781533513 ], [ 6.02313565416089, 51.854394246234527 ], [ 6.074409267248086, 51.851018912579782 ], [ 6.111399987118041, 51.87544478281324 ], [ 6.114515456812778, 51.891651033318617 ], [ 6.114954255082981, 51.910208537472862 ], [ 6.063285723732239, 51.92074166133262 ], [ 6.034895456426155, 51.936155044258825 ], [ 6.000000000362556, 51.933395048252336 ], [ 5.999286952724308, 51.933338649197275 ], [ 5.957228109599571, 51.918174441341328 ], [ 5.904352882107454, 51.913342401219694 ], [ 5.876291713504015, 51.929758675218032 ], [ 5.913501831610747, 51.958337811511178 ], [ 5.958368985281753, 51.960587049340077 ], [ 6.000000000362556, 51.973022021793916 ], [ 6.023091775052505, 51.979917922897236 ], [ 6.089986616620095, 51.979957365199738 ], [ 6.091478531457438, 51.953944236495296 ], [ 6.133230215433708, 51.946695207164183 ], [ 6.162212861482561, 51.917858465828317 ], [ 6.19711928777242, 51.891058225249168 ], [ 6.285054521128621, 51.883377356329319 ], [ 6.307433248180331, 51.873006749785517 ], [ 6.37369183189681, 51.833294235185797 ], [ 6.390739156551952, 51.847194984875678 ], [ 6.358465521679952, 51.869817337323319 ], [ 6.356820026370078, 51.891269001833379 ], [ 6.43635226764163, 51.876433136881907 ], [ 6.495633954549965, 51.86322692311704 ], [ 6.500000000392768, 51.863640427400675 ], [ 6.510641718132907, 51.864648277963077 ], [ 6.520448013438607, 51.841326598640954 ], [ 6.510816384760139, 51.814889550775824 ], [ 6.530913359549159, 51.806641272543146 ], [ 6.562945654833547, 51.818478727540047 ], [ 6.604148840073774, 51.812685759401162 ], [ 6.628480221583865, 51.774702834438472 ], [ 6.651278439415394, 51.784817592468407 ], [ 6.665119901400343, 51.786548718690014 ], [ 6.722799973903747, 51.782956985991504 ], [ 6.734159151806835, 51.78488322031977 ], [ 6.738202242525205, 51.791140304030705 ], [ 6.742246209999302, 51.797400211519964 ], [ 6.746272845378307, 51.803653834105418 ], [ 6.750299479858978, 51.809893122827397 ], [ 6.76154588775283, 51.811854360778227 ], [ 6.793358783902162, 51.811867557737514 ], [ 6.808431514544751, 51.79920992452859 ], [ 6.854132385647804, 51.816789739270426 ], [ 6.896542267029369, 51.807010827781959 ], [ 6.919820531074021, 51.790575871321337 ], [ 6.901127712007266, 51.761691210862935 ], [ 6.917538778811323, 51.754107063653137 ], [ 6.948188858825929, 51.750935612345785 ], [ 6.943581474293858, 51.723625443162632 ], [ 6.955297395654134, 51.702754902163498 ], [ 6.92065424850606, 51.691945501887709 ], [ 6.889850588917221, 51.699844425731371 ], [ 6.859419908037681, 51.689484247416658 ], [ 6.826334496186151, 51.64627130780886 ], [ 6.815342591792029, 51.617505929054424 ], [ 6.840990368112745, 51.590936995604004 ], [ 6.862974176900954, 51.575431233633267 ], [ 6.855646240937648, 51.537752236726789 ], [ 6.862974176900954, 51.517791828825615 ], [ 6.870389872877626, 51.513354988024986 ], [ 6.859683187179474, 51.503961798771684 ], [ 6.835677521316695, 51.500000000093614 ], [ 6.834079290865467, 51.499739115058134 ], [ 6.836843619895417, 51.489854559779054 ], [ 6.819598938067282, 51.48020463820518 ], [ 6.809309111983481, 51.473551005138987 ], [ 6.802222514709486, 51.457701962151084 ], [ 6.801476557290815, 51.44445291587207 ], [ 6.794148621327518, 51.421432227619363 ], [ 6.777999517633364, 51.415936206768031 ], [ 6.772064547078855, 51.415606105414589 ], [ 6.756017025775372, 51.417219061188895 ], [ 6.724248008734433, 51.422222152828859 ], [ 6.730588648589756, 51.432279333155314 ], [ 6.722229535613529, 51.453939468023741 ], [ 6.68256214521733, 51.463963324320339 ], [ 6.677998639793636, 51.474458376316612 ], [ 6.687718028485479, 51.484924707393738 ], [ 6.71046973424656, 51.498201375890183 ], [ 6.708536469025274, 51.500000000093614 ], [ 6.699719168541725, 51.508293270871775 ], [ 6.682386625190613, 51.515387487027908 ], [ 6.656146471025459, 51.522493874676464 ], [ 6.65127580645327, 51.53615891454298 ], [ 6.658954781571728, 51.553058551141845 ], [ 6.645834704489149, 51.564684172709946 ], [ 6.624816253153049, 51.562136347046653 ], [ 6.599629215555035, 51.561061439784247 ], [ 6.562616556130905, 51.557265884672852 ], [ 6.551120033007424, 51.586321636175875 ], [ 6.553884464445333, 51.616366066390171 ], [ 6.540544988227663, 51.636481742445888 ], [ 6.57393755922767, 51.676725913931186 ], [ 6.545152372759736, 51.688346202811047 ], [ 6.511342943043708, 51.668769978351413 ], [ 6.500000000392768, 51.645782185445889 ], [ 6.499934179933568, 51.645648759980112 ], [ 6.471324490136159, 51.642774333187255 ] ] ], [ [ [ 14.051162657622523, 51.700294239106022 ], [ 14.049558536917987, 51.730249616856156 ], [ 14.062677167712948, 51.731756777329075 ], [ 14.073862063467747, 51.747089927154249 ], [ 14.06817073128966, 51.759775475532869 ], [ 14.050239739279402, 51.771083735870405 ], [ 14.052590984314167, 51.802905953335156 ], [ 14.066940173199393, 51.829904119346331 ], [ 14.080981721439159, 51.844333418355475 ], [ 14.09445194025991, 51.855949978879259 ], [ 14.119348770817165, 51.860827771391712 ], [ 14.165318911926626, 51.857545207450123 ], [ 14.211882358840212, 51.856688273383249 ], [ 14.206586562966558, 51.875247109379167 ], [ 14.256841684150945, 51.893943150345898 ], [ 14.273564092659415, 51.909708152569763 ], [ 14.314150541337932, 51.908904890948826 ], [ 14.36594386035973, 51.921031287405171 ], [ 14.432284135969814, 51.939984529497295 ], [ 14.436788858336278, 51.953325944147721 ], [ 14.453928776839348, 51.960258220141938 ], [ 14.477463204470405, 51.956825102175578 ], [ 14.4874395158251, 51.943589999254556 ], [ 14.49999999997784, 51.938575597711257 ], [ 14.503920207453552, 51.937010455760948 ], [ 14.519236262960543, 51.945392624908251 ], [ 14.533761244960349, 51.939589752359659 ], [ 14.522224761179761, 51.917384497812215 ], [ 14.526092230361769, 51.883324652698171 ], [ 14.534772060759074, 51.850596977911465 ], [ 14.553538074555162, 51.832700653673356 ], [ 14.532201073432773, 51.811207706684797 ], [ 14.525652744880373, 51.782507999054232 ], [ 14.520378924493521, 51.758625995451823 ], [ 14.535694980000512, 51.732523559480228 ], [ 14.558833870428817, 51.720068348678353 ], [ 14.555911294178408, 51.706167858401543 ], [ 14.524949568828793, 51.695279890275437 ], [ 14.527168969027622, 51.656376573031203 ], [ 14.551208804108882, 51.647993203466534 ], [ 14.586213791755082, 51.635792816512755 ], [ 14.573578595618478, 51.601054654541784 ], [ 14.549428889391448, 51.600471260077512 ], [ 14.516159867285717, 51.601889956392199 ], [ 14.49999999997784, 51.603725768325617 ], [ 14.489900632005632, 51.604873050807385 ], [ 14.466629896741395, 51.599901117337609 ], [ 14.439184051649686, 51.600617109259993 ], [ 14.403497861642068, 51.60472721536518 ], [ 14.378425237071919, 51.60076295797159 ], [ 14.338739732148042, 51.598164125862532 ], [ 14.284858859559984, 51.600630368304067 ], [ 14.253193958158791, 51.591918361781509 ], [ 14.206762356979455, 51.600338668994453 ], [ 14.18533745840146, 51.635859059504106 ], [ 14.177844237815775, 51.650430236133772 ], [ 14.162176594282991, 51.653343906875186 ], [ 14.143872039658465, 51.64558253080363 ], [ 14.131500534092046, 51.629154738114416 ], [ 14.103812973018631, 51.631910785249843 ], [ 14.087244384832893, 51.644522853548771 ], [ 14.082124382972136, 51.672211986370066 ], [ 14.065401975361979, 51.671245603097788 ], [ 14.051162657622523, 51.700294239106022 ] ] ], [ [ [ 10.799082794337028, 51.511893657794467 ], [ 10.797381583716584, 51.500000000093614 ], [ 10.796973266182286, 51.497176187844701 ], [ 10.812003656530615, 51.484674910847382 ], [ 10.822155761898207, 51.46981612745423 ], [ 10.816376533162829, 51.441926342964486 ], [ 10.796138244396454, 51.425579181437094 ], [ 10.796094296117809, 51.411280467444342 ], [ 10.780119012837881, 51.399532672451507 ], [ 10.741202606832708, 51.385014951140775 ], [ 10.729512303627706, 51.378452792167877 ], [ 10.742455139511456, 51.358206922052986 ], [ 10.75882595909582, 51.345166244208862 ], [ 10.730391273692181, 51.333889445910245 ], [ 10.705450493957967, 51.349926721921655 ], [ 10.69033220705235, 51.37310221954197 ], [ 10.621860428699042, 51.377978382769726 ], [ 10.612829009377631, 51.364218353931214 ], [ 10.565013030683614, 51.345153056590163 ], [ 10.552311911679887, 51.369820400101275 ], [ 10.535941091197204, 51.373853446234108 ], [ 10.517812331483888, 51.406486890859483 ], [ 10.530205810740474, 51.412597296152391 ], [ 10.526404264425588, 51.436135750701801 ], [ 10.508407349548207, 51.435609296783156 ], [ 10.503704859478679, 51.447229351773181 ], [ 10.502496275078579, 51.457623032411618 ], [ 10.533809588453982, 51.464568368059162 ], [ 10.53833628540893, 51.479823330130799 ], [ 10.554838950727543, 51.48567408821895 ], [ 10.547741266446295, 51.496597866341972 ], [ 10.530833352238393, 51.500000000093614 ], [ 10.519196708998569, 51.502367287795174 ], [ 10.503485117187141, 51.518695084773412 ], [ 10.503836705212931, 51.542823939292191 ], [ 10.518647352371403, 51.55893809119641 ], [ 10.52422881340372, 51.572539065788988 ], [ 10.528689272182877, 51.573230043628563 ], [ 10.557629681243702, 51.577712997007808 ], [ 10.561585046983001, 51.628995729808118 ], [ 10.580966634920792, 51.630787174666693 ], [ 10.615773559318205, 51.634004208923358 ], [ 10.617773217225492, 51.607683608479583 ], [ 10.614235361480794, 51.568598521612124 ], [ 10.635440517767249, 51.564378972240576 ], [ 10.649789706652475, 51.5762139443828 ], [ 10.669214947323184, 51.576970109620952 ], [ 10.690420103609638, 51.57163688419616 ], [ 10.700550235287066, 51.560623507260267 ], [ 10.718613073031573, 51.560318279394203 ], [ 10.72076654946496, 51.579875259198715 ], [ 10.712811869707716, 51.592767093903689 ], [ 10.715800367926935, 51.609128591394622 ], [ 10.708790581101292, 51.627683893818798 ], [ 10.724084662019804, 51.64140990836929 ], [ 10.751486557934552, 51.649741523200277 ], [ 10.754980464502291, 51.669617266359005 ], [ 10.729402432481935, 51.678883437770708 ], [ 10.738764888172067, 51.681484268403025 ], [ 10.74950887551406, 51.684468694599332 ], [ 10.770296520907598, 51.68952394624479 ], [ 10.777789741493283, 51.676209680899831 ], [ 10.825737565921552, 51.679465819117347 ], [ 10.815975920478722, 51.669437089819276 ], [ 10.814025288128066, 51.667432819942427 ], [ 10.811234557611909, 51.655515793181408 ], [ 10.773592658873964, 51.662586942471165 ], [ 10.767901326695878, 51.650138859040567 ], [ 10.785964164440383, 51.627458625103962 ], [ 10.787678156290692, 51.611342374472422 ], [ 10.789677813299663, 51.593549504532994 ], [ 10.776141672510104, 51.564949563162429 ], [ 10.794248458533254, 51.558208167418115 ], [ 10.796709574713786, 51.541748573775209 ], [ 10.799368459495694, 51.513952791279571 ], [ 10.799082794337028, 51.511893657794467 ] ] ], [ [ [ -16.724622533150292, 20.81475828761662 ], [ -16.750160297289725, 20.868925391404147 ], [ -16.678817050537468, 20.898449279054869 ], [ -16.597790094379803, 20.898449279054869 ], [ -16.525766133051331, 20.876725524411132 ], [ -16.458243669137453, 20.811535200284769 ], [ -16.38621970780898, 20.681069019038723 ], [ -16.350207727593904, 20.580968011222264 ], [ -16.320801405514342, 20.499999999651138 ], [ -16.291688259407533, 20.420060963908128 ], [ -16.273682268850834, 20.337503949637224 ], [ -16.359386390671851, 20.282328018948043 ], [ -16.365359109332903, 20.291362795474654 ], [ -16.394212610881567, 20.383737147353425 ], [ -16.413103875879404, 20.499999999651138 ], [ -16.413184776357262, 20.500499345680421 ], [ -16.441730859144339, 20.563042589559309 ], [ -16.479148185349459, 20.607852149777603 ], [ -16.487426548764823, 20.664344156971644 ], [ -16.524053368299704, 20.660014066651041 ], [ -16.539446293543875, 20.538614714248379 ], [ -16.596604333476126, 20.586808180660359 ], [ -16.625721337847079, 20.639529350679677 ], [ -16.61300735137522, 20.686374741132717 ], [ -16.724622533150292, 20.81475828761662 ] ] ], [ [ [ 23.983650851925422, 54.151349836616802 ], [ 23.977823561525714, 54.119505283169111 ], [ 23.925377955114865, 54.094720289965018 ], [ 23.890414218106514, 54.077007610405047 ], [ 23.82048674229317, 54.080550753762296 ], [ 23.791350293887891, 54.115965480830852 ], [ 23.773868425383718, 54.144275394545552 ], [ 23.82048674229317, 54.176100821900988 ], [ 23.878759638205413, 54.186703834504264 ], [ 23.902797099039375, 54.183169800266825 ], [ 23.928111762086417, 54.180527547408843 ], [ 23.948687114018753, 54.179635463087969 ], [ 23.961496893239246, 54.178335491678162 ], [ 23.970897162612953, 54.171753326713578 ], [ 23.977095041305024, 54.165495077850942 ], [ 23.983650851925422, 54.151349836616802 ] ] ], [ [ [ 13.240818057973577, 51.918292931999126 ], [ 13.319134301947331, 51.899804640154585 ], [ 13.304894985106188, 51.865652308491633 ], [ 13.326253960817057, 51.85283846008295 ], [ 13.331000400063544, 51.83574762223175 ], [ 13.333373619686785, 51.795843633651451 ], [ 13.262177033684445, 51.785862085886507 ], [ 13.221832300987634, 51.798695096626538 ], [ 13.195726886030277, 51.848566361918088 ], [ 13.200473325276761, 51.881308697746498 ], [ 13.240818057973577, 51.918292931999126 ] ] ], [ [ [ -16.926337096700532, 21.160748841758366 ], [ -16.935402412152563, 21.096834947122691 ], [ -16.981185936346581, 21.05552564712082 ], [ -16.995985981588071, 21.015182133456388 ], [ -16.99736335314185, 20.99999999958332 ], [ -17.001717156743954, 20.952162163754085 ], [ -17.029670358630035, 20.907773622341072 ], [ -17.01728575023688, 20.864495242024699 ], [ -17.035445450623527, 20.802544115264165 ], [ -17.07286277682865, 20.858390322372703 ], [ -17.06699985026162, 20.945404098780291 ], [ -17.039639529276538, 20.99384771717542 ], [ -17.040904265568418, 20.99999999958332 ], [ -17.046893689300497, 21.029230802632938 ], [ -17.041086774488065, 21.033316821537095 ], [ -17.000114223612222, 21.084608000938832 ], [ -16.963961973262162, 21.140541593914264 ], [ -16.926337096700532, 21.160748841758366 ] ] ], [ [ [ 21.207394765074238, 55.370468442418144 ], [ 21.211672475981885, 55.37577811654706 ], [ 21.213595044963068, 55.375356151007708 ], [ 21.220915386568954, 55.375966492642796 ], [ 21.223651375548325, 55.376320637100321 ], [ 21.23015829715602, 55.377285099065816 ], [ 21.238713718971312, 55.375013011245208 ], [ 21.267173589542253, 55.381828881541367 ], [ 21.288518493144199, 55.381828881541367 ], [ 21.294193007961855, 55.378050160235937 ], [ 21.302936124670925, 55.372401571463769 ], [ 21.30408019386395, 55.371649269361654 ], [ 21.312700653705811, 55.36516964793239 ], [ 21.319815621573131, 55.353038871841335 ], [ 21.319815621573131, 55.338641779618904 ], [ 21.308422943696481, 55.323473324050632 ], [ 21.265733136492592, 55.299193987062061 ], [ 21.238713718971312, 55.290841975325527 ], [ 21.2230433292887, 55.282488197896186 ], [ 21.211672475981885, 55.290841975325527 ], [ 21.214509732941551, 55.310574970899275 ], [ 21.220206072329034, 55.315126446176066 ], [ 21.237273265023333, 55.321952675344662 ], [ 21.238713718971312, 55.328023312399765 ], [ 21.225902411716515, 55.360623943580826 ], [ 21.214509732941551, 55.362143102027375 ], [ 21.207394765074238, 55.370468442418144 ] ] ], [ [ [ 11.179896632937176, 51.20836429485604 ], [ 11.163943324245727, 51.183556688802263 ], [ 11.125378506266344, 51.189392645333157 ], [ 11.125378506266344, 51.202993760109464 ], [ 11.090043904284517, 51.202993760109464 ], [ 11.090558101749778, 51.208349216317174 ], [ 11.092263304483344, 51.213720974478463 ], [ 11.09241712390776, 51.214699658291103 ], [ 11.094291967194525, 51.222077862809599 ], [ 11.094424033016022, 51.22276176093294 ], [ 11.096811975128453, 51.232114084299234 ], [ 11.099904191932064, 51.236168962161337 ], [ 11.107993794153405, 51.240022435649266 ], [ 11.116667252800401, 51.240855559099806 ], [ 11.129217848298492, 51.238636904352951 ], [ 11.131751040805845, 51.237613391766857 ], [ 11.157175253401787, 51.21887866638734 ], [ 11.179896632937176, 51.20836429485604 ] ] ], [ [ [ 6.148215186961252, 51.963335963454504 ], [ 6.181168959691066, 51.989514494118673 ], [ 6.230511858772426, 51.976012973260232 ], [ 6.21530748810978, 51.947300434348435 ], [ 6.165174751603064, 51.944405795107251 ], [ 6.148215186961252, 51.963335963454504 ] ] ], [ [ [ 13.556019741434028, 53.414945263811099 ], [ 13.552544838726122, 53.405677765382343 ], [ 13.543491445714546, 53.395801533446139 ], [ 13.540017754833961, 53.389899187990054 ], [ 13.522242341149449, 53.396222966264439 ], [ 13.529735561735132, 53.408337370232339 ], [ 13.543601316860316, 53.417934257886749 ], [ 13.556019741434028, 53.414945263811099 ] ] ] ] } }
]
}
