{
"type": "FeatureCollection",
"name": "Republic of Venice",
"crs": { "type": "name", "properties": { "name": "urn:ogc:def:crs:OGC:1.3:CRS84" } },
"features": [
{ "type": "Feature", "properties": { "OBJECTID": 21.0, "YEAR": 1700.0, "OWNER_ID": 2490.0, "SHORT_NAME": "Venice", "LONG_NAME": "Republic of Venice", "VARIANTS": "Serenissima Repubblica di Venezia", "SHAPE_LENG": 9706996.0, "Shape__Are": 128351912067.22363, "Shape__Len": 9724874.4646900501 }, "geometry": { "type": "MultiPolygon", "coordinates": [ [ [ [ 12.533071617179035, 45.546238142101103 ], [ 12.526764642587281, 45.54758634143225 ], [ 12.508811675988545, 45.546650050833215 ], [ 12.50010987100276, 45.53980294959009 ], [ 12.503779571583394, 45.528652668460047 ], [ 12.499999999856989, 45.529617488212288 ], [ 12.489562229330735, 45.532281875384321 ], [ 12.481629523263654, 45.534418314893003 ], [ 12.471477416997747, 45.530262426737771 ], [ 12.459589345191368, 45.521437455535796 ], [ 12.462028487681735, 45.508175426838385 ], [ 12.456315180915169, 45.505920861988564 ], [ 12.435967021003025, 45.524803695328657 ], [ 12.426737833978553, 45.522725432016159 ], [ 12.421551910148986, 45.515714382899731 ], [ 12.426715859390074, 45.506901755359245 ], [ 12.445130285160371, 45.505057075506301 ], [ 12.43579122699013, 45.501601798687297 ], [ 12.435147837413968, 45.500000000291124 ], [ 12.432956548195326, 45.49459272634229 ], [ 12.435901098135899, 45.486827745631409 ], [ 12.449129600076631, 45.48749543082883 ], [ 12.442405477511338, 45.48312630079014 ], [ 12.431396375769433, 45.481645654053715 ], [ 12.427019906774397, 45.500000000291124 ], [ 12.426430194231408, 45.502494920088452 ], [ 12.421033834656646, 45.500000000291124 ], [ 12.416739548035375, 45.498032195891142 ], [ 12.410630704964372, 45.499584967376357 ], [ 12.411040534363295, 45.500000000291124 ], [ 12.420804784920447, 45.509976085510317 ], [ 12.416893367459791, 45.51972498614716 ], [ 12.410608730375893, 45.522930334614422 ], [ 12.390238596773585, 45.521247183960696 ], [ 12.369582797114296, 45.506535752325718 ], [ 12.353478122297471, 45.500000000291124 ], [ 12.345447245985747, 45.489594708467592 ], [ 12.321151538925987, 45.479308475469018 ], [ 12.291300908268408, 45.471545929228476 ], [ 12.277821440229069, 45.458980323429103 ], [ 12.27416599126925, 45.444130062029821 ], [ 12.265941231109652, 45.432935249590379 ], [ 12.265941231109652, 45.432935249590379 ], [ 12.256283538286189, 45.417606542678357 ], [ 12.244922848518497, 45.413479036943315 ], [ 12.24136301908363, 45.40592084650617 ], [ 12.24305503634546, 45.399437432979454 ], [ 12.252679760572681, 45.388562224888958 ], [ 12.240967482779196, 45.385915798992571 ], [ 12.243648341251269, 45.379502789307637 ], [ 12.24918585400494, 45.375808795720722 ], [ 12.247493835844798, 45.371561857938673 ], [ 12.238572288567473, 45.377045001626342 ], [ 12.23446310340376, 45.383661876930098 ], [ 12.213038204825763, 45.383283790551737 ], [ 12.205632880797369, 45.377335869687855 ], [ 12.212313054185701, 45.368580082629173 ], [ 12.230617608810229, 45.363939834747619 ], [ 12.225277864657933, 45.358251735719456 ], [ 12.201765411615359, 45.366630934309022 ], [ 12.199062578554805, 45.376128757609898 ], [ 12.184098111073602, 45.378586585380113 ], [ 12.172847292451682, 45.369903719594198 ], [ 12.170320252505709, 45.357844382069189 ], [ 12.172539652704536, 45.344196317474591 ], [ 12.18972351948625, 45.345971626543957 ], [ 12.207610563217861, 45.349900388884151 ], [ 12.209412452523775, 45.346932015808903 ], [ 12.179329697238639, 45.336847106990426 ], [ 12.176648837868248, 45.328769144545518 ], [ 12.166408835045052, 45.310338316010188 ], [ 12.160146172549634, 45.276387094965379 ], [ 12.162035958412838, 45.259542263451415 ], [ 12.163771924851623, 45.250680678683871 ], [ 12.172122141811618, 45.249004400300308 ], [ 12.183966265339354, 45.25834719651575 ], [ 12.186735021267031, 45.271593533314423 ], [ 12.188734678276004, 45.28802690555198 ], [ 12.1938107309598, 45.290007910532097 ], [ 12.19374480899099, 45.270588144862721 ], [ 12.201523694735339, 45.267280436680387 ], [ 12.197436483261791, 45.248260991095137 ], [ 12.199348243713471, 45.242050955845144 ], [ 12.209412452523775, 45.237371112188292 ], [ 12.223563872807624, 45.236583810042433 ], [ 12.23804490652879, 45.239893319084395 ], [ 12.245076667942913, 45.251861331876796 ], [ 12.255052980195924, 45.259367377451831 ], [ 12.26560062186795, 45.261874028347762 ], [ 12.272390667300369, 45.258930159128781 ], [ 12.265139162696389, 45.255432293709383 ], [ 12.253976241530072, 45.250564069972945 ], [ 12.258722680776557, 45.246453445453483 ], [ 12.267116846015197, 45.241351191055593 ], [ 12.256591178033334, 45.241453240588093 ], [ 12.252789631718452, 45.237954291554374 ], [ 12.248043192471963, 45.230139188240123 ], [ 12.258085426693787, 45.225297947103151 ], [ 12.263337274288792, 45.209852781633955 ], [ 12.270149293411375, 45.200604080353138 ], [ 12.282235132920816, 45.195731126799274 ], [ 12.290145865297729, 45.185050011930258 ], [ 12.301726297356964, 45.181956197276556 ], [ 12.317943297516912, 45.180774082084568 ], [ 12.3233709382265, 45.190463780150772 ], [ 12.317306044332458, 45.212959656045584 ], [ 12.319186161628258, 45.214481815905685 ], [ 12.327304330275636, 45.221054229110564 ], [ 12.340598754185176, 45.220791720643973 ], [ 12.345081502861476, 45.231757702865103 ], [ 12.356068630014899, 45.23662754972645 ], [ 12.351519959369789, 45.226712449326541 ], [ 12.350750860451084, 45.214768273640374 ], [ 12.355123737083298, 45.184860301641059 ], [ 12.371296788964603, 45.1798254531883 ], [ 12.378746061271642, 45.172089884348381 ], [ 12.3803282073877, 45.163433551386653 ], [ 12.374834643810988, 45.154060446640088 ], [ 12.377449580314249, 45.13944289801487 ], [ 12.37731773458, 45.131292816105997 ], [ 12.374768720943861, 45.131132139577623 ], [ 12.372329578453492, 45.141618976161944 ], [ 12.365517559330911, 45.138318315192066 ], [ 12.353409745232991, 45.121592983184179 ], [ 12.351322190768414, 45.115339801447533 ], [ 12.36540768818514, 45.113907900917631 ], [ 12.374197390626531, 45.118758682916756 ], [ 12.378174730055994, 45.125639651549292 ], [ 12.38188837981359, 45.113440333961293 ], [ 12.389733188425064, 45.110488726872802 ], [ 12.395754134040461, 45.101866817508068 ], [ 12.396281516977462, 45.094544472115246 ], [ 12.39902829831666, 45.09052481878242 ], [ 12.410323065217229, 45.089560059933646 ], [ 12.423199979132168, 45.081008068036503 ], [ 12.435131999217194, 45.070495392838517 ], [ 12.440515691648134, 45.054569149821816 ], [ 12.444273289684373, 45.051307301924275 ], [ 12.446316894971991, 45.060068522670214 ], [ 12.452777326068784, 45.057172642995141 ], [ 12.45622728435788, 45.047109043125651 ], [ 12.479300251919057, 45.012604284960261 ], [ 12.483167721101065, 45.005328981153504 ], [ 12.491559046765094, 45.000000000297035 ], [ 12.492089268378392, 44.999630848059255 ], [ 12.499999999856989, 44.996688867695944 ], [ 12.531708849536829, 44.984894902938713 ], [ 12.528412711570464, 44.962157469784053 ], [ 12.525775801377035, 44.958945236800339 ], [ 12.507592388161834, 44.969926272797707 ], [ 12.502702832917544, 44.977862683837749 ], [ 12.499999999856989, 44.97803513467575 ], [ 12.465961878832555, 44.980206853353529 ], [ 12.452500853370422, 44.971848474102082 ], [ 12.447239814213427, 44.968581393232171 ], [ 12.409422121462587, 44.979355898534848 ], [ 12.396713891395068, 44.976511412784582 ], [ 12.374702798076736, 44.971584329009154 ], [ 12.329523729576147, 44.976979581126059 ], [ 12.306736427173634, 44.98564945047022 ], [ 12.302464532857455, 44.995413207125445 ], [ 12.30045743959456, 45.000000000297035 ], [ 12.298540030536371, 45.003996783040641 ], [ 12.282241042038756, 45.018448034424758 ], [ 12.273313585643489, 45.026361872099592 ], [ 12.263968361437138, 45.02518383462634 ], [ 12.260370749759741, 45.019073692891148 ], [ 12.22989245817017, 45.038594547592702 ], [ 12.204600090410164, 45.025600901191396 ], [ 12.174715103726403, 45.041110991697728 ], [ 12.149071147940607, 45.042910473473768 ], [ 12.143753378376791, 45.026859425107475 ], [ 12.107166243716216, 45.021854433904451 ], [ 12.099189589370491, 45.007656594456321 ], [ 12.093467825863838, 45.000000000297035 ], [ 12.088927612857129, 44.993338841533443 ], [ 12.044627514421016, 44.982807805612602 ], [ 12.026432830942261, 44.992488082946537 ], [ 12.014654630281651, 44.986692956620359 ], [ 11.999999999826779, 44.988128274821158 ], [ 11.968596592614903, 44.991203895491317 ], [ 11.934668342736236, 44.977702120436973 ], [ 11.908475030323274, 44.982984409049401 ], [ 11.86265870863823, 44.991332315412905 ], [ 11.824467454171433, 44.999967899754161 ], [ 11.824375723604511, 45.000000000297035 ], [ 11.793967187993381, 45.0097059855716 ], [ 11.755973701229648, 45.016600182435141 ], [ 11.719113835353868, 45.000000000297035 ], [ 11.713783131846592, 44.997367731980574 ], [ 11.70121315429793, 45.000000000297035 ], [ 11.67546003074723, 45.004919077559762 ], [ 11.642916159281564, 45.01627817901047 ], [ 11.597671168812164, 45.012882396490063 ], [ 11.552931585792971, 45.015985447100448 ], [ 11.534824798871503, 45.032215155327755 ], [ 11.511180500992994, 45.04242769175454 ], [ 11.499999999796566, 45.036662021442162 ], [ 11.494611912807255, 45.033883230695785 ], [ 11.466045381669367, 45.033093095933829 ], [ 11.38276295525927, 45.058781483335785 ], [ 11.351229898694015, 45.074662680828261 ], [ 11.328486545468461, 45.082937860783247 ], [ 11.291174260167827, 45.088595284043514 ], [ 11.266936657383507, 45.094529855994544 ], [ 11.251005322382225, 45.103065195411361 ], [ 11.223032095251831, 45.101808359913655 ], [ 11.196860758325665, 45.122206576160487 ], [ 11.144825722423848, 45.143605122059142 ], [ 11.094460730093692, 45.154177254637233 ], [ 11.082374889685937, 45.146832459865173 ], [ 11.069014542909271, 45.140874153412966 ], [ 11.033306378313174, 45.147504190691478 ], [ 11.016803712994557, 45.157476991941422 ], [ 10.999999999766354, 45.167562677816534 ], [ 10.999509974168756, 45.167856767620322 ], [ 10.998652977794446, 45.18049679187439 ], [ 10.988896408731291, 45.188056103458649 ], [ 10.97489880877017, 45.190886936972248 ], [ 10.948419831198542, 45.196402277300727 ], [ 10.942486782140435, 45.2094443539061 ], [ 10.941893477234624, 45.246992799994921 ], [ 10.936927295696597, 45.262515246286434 ], [ 10.914491581319878, 45.279344621348351 ], [ 10.881464276094167, 45.279694269535526 ], [ 10.843580660476203, 45.293998840838 ], [ 10.839471475312488, 45.325362953044007 ], [ 10.800467172750027, 45.340165285258621 ], [ 10.775504419325648, 45.327691995295567 ], [ 10.734412562298608, 45.33740015029494 ], [ 10.680795380280733, 45.371154600122651 ], [ 10.627595709155775, 45.414438273269496 ], [ 10.553190881744362, 45.410310535059423 ], [ 10.5102312134426, 45.419815505172579 ], [ 10.49999999973614, 45.423883480610044 ], [ 10.449780037713662, 45.443846881571744 ], [ 10.437694197305907, 45.411705860870015 ], [ 10.459624504232425, 45.395163204253159 ], [ 10.474237383687838, 45.372012746195402 ], [ 10.484850948226988, 45.367343690454398 ], [ 10.498387089914864, 45.364768998348509 ], [ 10.49999999973614, 45.364543133626157 ], [ 10.515527008417934, 45.362368755175702 ], [ 10.528140230864375, 45.356578656162576 ], [ 10.530601347044907, 45.346349963398204 ], [ 10.517878253452698, 45.339117460769607 ], [ 10.49999999973614, 45.337298609540383 ], [ 10.489267774036165, 45.336206734066032 ], [ 10.474259357378001, 45.337720330875527 ], [ 10.456570082247765, 45.336817999230782 ], [ 10.439737803491841, 45.333703388891166 ], [ 10.430332822454472, 45.324751563416584 ], [ 10.413610413946005, 45.29255689503983 ], [ 10.369815723858411, 45.273633396885351 ], [ 10.320351676181213, 45.264657445863605 ], [ 10.27319492526013, 45.261626282682627 ], [ 10.191956104137654, 45.26844617121408 ], [ 10.133812225164835, 45.267426154497848 ], [ 10.098763289239987, 45.25967342775386 ], [ 10.07494319645027, 45.264278559772009 ], [ 10.039608594468442, 45.272118076583673 ], [ 9.999999999705929, 45.283607758549593 ], [ 9.977917461576421, 45.29002247620285 ], [ 9.957910879762856, 45.297442612151215 ], [ 9.913984510129341, 45.318928473430667 ], [ 9.912869962271495, 45.322928273027003 ], [ 9.915477522707961, 45.339273471503503 ], [ 9.918084863955498, 45.355594570798061 ], [ 9.918065337276166, 45.356389522148604 ], [ 9.901566072080902, 45.384542371441469 ], [ 9.891160402851323, 45.405871569706406 ], [ 9.886025362294395, 45.426793365721679 ], [ 9.885418723694823, 45.452692598948751 ], [ 9.866199346344514, 45.452852361027368 ], [ 9.84215318442871, 45.476259834946326 ], [ 9.816088549391992, 45.482487595138082 ], [ 9.792130147489553, 45.483910156511051 ], [ 9.763498540595853, 45.475054850389959 ], [ 9.756477763781024, 45.451646872734869 ], [ 9.729469711744716, 45.447754275287529 ], [ 9.712224928406954, 45.431701716894501 ], [ 9.707310383828091, 45.418681969429031 ], [ 9.714484741115466, 45.396965979704476 ], [ 9.695067904184244, 45.329380489890262 ], [ 9.66558064030432, 45.256073585517008 ], [ 9.630476754433543, 45.255199095053861 ], [ 9.582165032365147, 45.26276298804661 ], [ 9.55094451406028, 45.277232118337722 ], [ 9.525472256867998, 45.295542702050525 ], [ 9.519307137039391, 45.324343967063932 ], [ 9.518637091753805, 45.332094639806854 ], [ 9.519009631186966, 45.339752706347426 ], [ 9.520551788798151, 45.351580943019343 ], [ 9.522466486740813, 45.361525008990419 ], [ 9.531110818413035, 45.378746558641645 ], [ 9.542585401084025, 45.395962829291285 ], [ 9.564064591142847, 45.418929023645887 ], [ 9.585828999897638, 45.465907735756666 ], [ 9.550308256209158, 45.478364866442774 ], [ 9.536674564667949, 45.464709788933575 ], [ 9.528945347673973, 45.460010394311183 ], [ 9.524911033495931, 45.459532765462789 ], [ 9.521696395183717, 45.459899010887732 ], [ 9.51963053143999, 45.463006336340733 ], [ 9.518771144648708, 45.466679345495052 ], [ 9.519372956600257, 45.470016862791567 ], [ 9.519944711820719, 45.471461664199161 ], [ 9.521653392831066, 45.478965003887588 ], [ 9.520253844567867, 45.484548555256445 ], [ 9.51746988734895, 45.488183574499431 ], [ 9.512178415066762, 45.492109356140624 ], [ 9.502369511951784, 45.496029492960162 ], [ 9.503671305545765, 45.500000000291124 ], [ 9.507866781079041, 45.512909278336913 ], [ 9.512955088579941, 45.552919825275801 ], [ 9.512417999346297, 45.562652606897792 ], [ 9.499999999675717, 45.597654030095384 ], [ 9.499802540993114, 45.59821041247816 ], [ 9.473825665071448, 45.626763049802825 ], [ 9.431042804980537, 45.670031688017488 ], [ 9.437292784162459, 45.716885363256416 ], [ 9.445194059076064, 45.711618446313977 ], [ 9.459169793144852, 45.710057680937368 ], [ 9.454518528606091, 45.724044655599585 ], [ 9.447519691345445, 45.73802810570205 ], [ 9.433543956378339, 45.744238601949512 ], [ 9.431543466631098, 45.740896671094347 ], [ 9.416672151749912, 45.756074523173865 ], [ 9.427776607862592, 45.760887463995886 ], [ 9.435803769086851, 45.757779737268955 ], [ 9.431977222657611, 45.762707957738762 ], [ 9.441925008908777, 45.767019043713631 ], [ 9.471565852362934, 45.773969368608874 ], [ 9.465378792980141, 45.804863713912688 ], [ 9.467046227844218, 45.828492584622111 ], [ 9.499999999675717, 45.83404515266686 ], [ 9.501426094952194, 45.834285430486119 ], [ 9.499999999675717, 45.839654060612538 ], [ 9.486090085167795, 45.891991512139121 ], [ 9.499999999675717, 45.907616368908833 ], [ 9.522312907166576, 45.932670973735981 ], [ 9.499999999675717, 45.93808827637509 ], [ 9.461758704556022, 45.947371559426379 ], [ 9.477933487490876, 46.000000000240469 ], [ 9.478476930508529, 46.001783492270711 ], [ 9.499999999675717, 46.002085821376305 ], [ 9.521215910592755, 46.002383833632415 ], [ 9.539293490589388, 46.014086168231735 ], [ 9.54339481100279, 46.013579178367543 ], [ 9.578372267980479, 46.009142594518721 ], [ 9.591738466382907, 46.016532069089877 ], [ 9.593727374151189, 46.017595177821349 ], [ 9.625584150307178, 46.030314425672401 ], [ 9.666940916019927, 46.040221395752639 ], [ 9.695460654812983, 46.04009275419736 ], [ 9.712356567528689, 46.04001654292189 ], [ 9.734947831485062, 46.040025746686176 ], [ 9.749239528192106, 46.039984631272176 ], [ 9.772088667025514, 46.042808540892537 ], [ 9.775499681550412, 46.043206306795206 ], [ 9.79340402413945, 46.040963417125937 ], [ 9.795706355906992, 46.040674995416246 ], [ 9.803067521450966, 46.04077460461825 ], [ 9.810961453535436, 46.040620367144527 ], [ 9.834792312633835, 46.042209675241338 ], [ 9.846946050405709, 46.03648795112349 ], [ 9.882215493986719, 46.026626293627295 ], [ 9.91347989229827, 46.053330383176416 ], [ 9.93166809263562, 46.060995349272126 ], [ 9.936138304423817, 46.061874986411809 ], [ 9.949180436485811, 46.064296290777918 ], [ 9.95660745842158, 46.064534820705454 ], [ 9.973551416631942, 46.064856681948413 ], [ 9.999999999705929, 46.06780274271113 ], [ 10.005707049706542, 46.068437426669171 ], [ 10.007570130452978, 46.068644619474561 ], [ 10.088896848132746, 46.071978958200653 ], [ 10.10028281918748, 46.061748154711317 ], [ 10.108607754860433, 46.054266619879037 ], [ 10.131704200789878, 46.053121977948017 ], [ 10.14816141405006, 46.052306356617237 ], [ 10.150220456885835, 46.052845778241284 ], [ 10.182726917113184, 46.061361017232514 ], [ 10.185095759246046, 46.06260757260204 ], [ 10.219138257760859, 46.080518619532249 ], [ 10.219989807649604, 46.086208305778818 ], [ 10.221753194264124, 46.097988610398779 ], [ 10.219762830326767, 46.11066710061958 ], [ 10.217490188777679, 46.125140096165453 ], [ 10.222518226509539, 46.159161194270418 ], [ 10.337674312911387, 46.211049160050429 ], [ 10.355186672931254, 46.236367241394319 ], [ 10.361904992379811, 46.245682898722023 ], [ 10.363434308574011, 46.250717953458413 ], [ 10.370851033121674, 46.270906233944672 ], [ 10.396151265631993, 46.316467513625781 ], [ 10.412925130538252, 46.327751178976797 ], [ 10.41440148745319, 46.328681963641444 ], [ 10.417496322845851, 46.329970327596143 ], [ 10.446274368605591, 46.34144673365401 ], [ 10.464498553656595, 46.356582334979009 ], [ 10.474523048846502, 46.36470880063731 ], [ 10.47755549624268, 46.363021485738983 ], [ 10.49999999973614, 46.358594199079818 ], [ 10.582790203269457, 46.342260309811387 ], [ 10.60327020891585, 46.318477779559643 ], [ 10.615092357855104, 46.268797842398605 ], [ 10.554377491555982, 46.258684439826247 ], [ 10.504539881264511, 46.223972743279774 ], [ 10.503397219731536, 46.193485210308602 ], [ 10.543500235548331, 46.180818396434418 ], [ 10.570286851968785, 46.149576606169497 ], [ 10.54453302503722, 46.111843687863953 ], [ 10.522119285248978, 46.090782000548302 ], [ 10.49999999973614, 46.063790539167393 ], [ 10.49012476951216, 46.051735819209028 ], [ 10.473160645021984, 46.02889481669488 ], [ 10.466963905393694, 46.007786612096808 ], [ 10.465912455201405, 46.000000000240469 ], [ 10.463689741117493, 45.983684935428087 ], [ 10.488410777661853, 45.955431973854623 ], [ 10.495354642518686, 45.920553115317318 ], [ 10.49445369786573, 45.904900572613379 ], [ 10.48627927491863, 45.880882650887436 ], [ 10.4896633103406, 45.847251638074248 ], [ 10.49999999973614, 45.84228721642026 ], [ 10.518537481225634, 45.833383067417856 ], [ 10.51620408463109, 45.81087466369997 ], [ 10.513301859001459, 45.809041679091784 ], [ 10.504900679547266, 45.797432776573253 ], [ 10.504136935960519, 45.781241412534257 ], [ 10.504289684677866, 45.777269945883191 ], [ 10.501692956482936, 45.77177099205862 ], [ 10.494893183347127, 45.761219153917523 ], [ 10.485730715519962, 45.757855583908146 ], [ 10.479544392467325, 45.748576099329185 ], [ 10.469004730970244, 45.739640299364275 ], [ 10.462474723303576, 45.736547137837952 ], [ 10.466140692519952, 45.736547137837952 ], [ 10.471983330958549, 45.73860924552217 ], [ 10.477024038631068, 45.74112959935843 ], [ 10.480575446309432, 45.740900476282405 ], [ 10.486303523210019, 45.749034345481235 ], [ 10.510430183115295, 45.761406991586504 ], [ 10.522482056914136, 45.773435953077723 ], [ 10.537215598464432, 45.765722136576976 ], [ 10.552641525117194, 45.753451014602319 ], [ 10.573429170510735, 45.724584228121955 ], [ 10.600083942095258, 45.729790107563836 ], [ 10.626409099344153, 45.732954226641453 ], [ 10.631660946040844, 45.780161271254954 ], [ 10.705011009374886, 45.833557719787464 ], [ 10.780119012837881, 45.849652453774766 ], [ 10.833521392399962, 45.842022159558589 ], [ 10.822990783684038, 45.825232021842474 ], [ 10.735137712938666, 45.724117570788721 ], [ 10.65356927837888, 45.669097452486604 ], [ 10.648097688492333, 45.65792920447528 ], [ 10.636077770951704, 45.652059501384848 ], [ 10.605357762482111, 45.631233120356818 ], [ 10.604324972993222, 45.620568633768983 ], [ 10.597117417566203, 45.61744194515547 ], [ 10.588635354871958, 45.621766664442397 ], [ 10.54163242337529, 45.613555255893729 ], [ 10.53172203488772, 45.608104666898107 ], [ 10.540973195602357, 45.595754845645104 ], [ 10.569605649607372, 45.596792628338122 ], [ 10.577274665104262, 45.589191519934715 ], [ 10.557915346402366, 45.580989930901509 ], [ 10.550290280082432, 45.577173807901843 ], [ 10.551916374477132, 45.56651359708308 ], [ 10.570330800247431, 45.563003616928228 ], [ 10.574879470892542, 45.554944452873961 ], [ 10.555498178500478, 45.546430605315145 ], [ 10.551608735628303, 45.538617789147885 ], [ 10.516449927659371, 45.511483909740747 ], [ 10.518317738934092, 45.50000585698735 ], [ 10.518324632605584, 45.500000000291124 ], [ 10.533018515845113, 45.487626064012296 ], [ 10.546247016887527, 45.477029269583291 ], [ 10.573231401909359, 45.472238278976199 ], [ 10.598523769669365, 45.477508346220503 ], [ 10.6031383631816, 45.483532745586871 ], [ 10.601799732372761, 45.500000000291124 ], [ 10.601732011078438, 45.500840437186461 ], [ 10.611027120970036, 45.500957570496752 ], [ 10.611109811790254, 45.500000000291124 ], [ 10.612301627338946, 45.486319718454375 ], [ 10.616147121932476, 45.480600468365594 ], [ 10.64488944708326, 45.47158493042361 ], [ 10.697847402226515, 45.456701035502412 ], [ 10.717624231821327, 45.457920937884211 ], [ 10.729797968786372, 45.468245473819586 ], [ 10.733753334525671, 45.480716601353407 ], [ 10.747439583799208, 45.500000000291124 ], [ 10.750915227617222, 45.504939951412958 ], [ 10.752299606030219, 45.526501373999885 ], [ 10.743993337348869, 45.580039580057139 ], [ 10.73421479369723, 45.590960331546455 ], [ 10.716239853408332, 45.591267309712805 ], [ 10.718700969588863, 45.613789049108199 ], [ 10.732303034143865, 45.636053383053174 ], [ 10.868103929317503, 45.820733877134671 ], [ 10.886790005629717, 45.831317668202161 ], [ 10.904866857990969, 45.822233299558008 ], [ 10.872213115379532, 45.778660708769301 ], [ 10.872454832259551, 45.756963572464407 ], [ 10.855468733180896, 45.737328288118995 ], [ 10.864434228736867, 45.720121657330651 ], [ 10.908668404305855, 45.716942221391641 ], [ 10.946771762215361, 45.710582803216141 ], [ 10.967691253343149, 45.690303648956075 ], [ 10.992566109311927, 45.700342026188224 ], [ 10.999999999766354, 45.701315625844735 ], [ 11.031108952702825, 45.705389711048952 ], [ 11.063696772447139, 45.693513792221999 ], [ 11.08474810930918, 45.698197350938486 ], [ 11.121928548875564, 45.721171706561783 ], [ 11.136036019982457, 45.736395183856395 ], [ 11.153681346834048, 45.752372425090641 ], [ 11.184093715556495, 45.775207803999066 ], [ 11.1897630731461, 45.81766211824845 ], [ 11.237666949295724, 45.867749791881508 ], [ 11.26019056112805, 45.894492151506462 ], [ 11.301677954459524, 45.898533643088328 ], [ 11.341802943966481, 45.867109794543317 ], [ 11.363601404260434, 45.871516900832589 ], [ 11.372764669316094, 45.921294212228162 ], [ 11.384652741122474, 45.930099420565973 ], [ 11.393596262988279, 45.959062405840221 ], [ 11.45266306030422, 45.975686724785902 ], [ 11.482571114826161, 46.000000000240469 ], [ 11.489887448149249, 46.006000386493341 ], [ 11.499999999796566, 46.01056579483658 ], [ 11.514696382149214, 46.017199941330858 ], [ 11.538384628306368, 46.007889099038962 ], [ 11.543708033001961, 46.000000000240469 ], [ 11.554074246427632, 45.984773530693495 ], [ 11.606153230608093, 45.989737254064899 ], [ 11.624216068352599, 45.975948027777953 ], [ 11.675855567949982, 45.980360956535201 ], [ 11.719518412303323, 45.983946200431994 ], [ 11.710864010516767, 46.000000000240469 ], [ 11.704927506538075, 46.011110008742051 ], [ 11.718485621916118, 46.022586625980679 ], [ 11.711761500249139, 46.037397286726474 ], [ 11.777552419232059, 46.057601832682401 ], [ 11.812535433188096, 46.050506948585394 ], [ 11.840376814584237, 46.071203888942904 ], [ 11.87634866975052, 46.079173418911502 ], [ 11.897795542916997, 46.098149395893643 ], [ 11.895114683546609, 46.128237257422541 ], [ 11.910013228160684, 46.137162528465446 ], [ 11.910079151027812, 46.159301432610036 ], [ 11.923725163861457, 46.18627657744495 ], [ 11.912518293518181, 46.245551701726733 ], [ 11.885533908496347, 46.274276366069657 ], [ 11.86305424584098, 46.297335487642371 ], [ 11.842332523314566, 46.334198121281858 ], [ 11.806514487572699, 46.350583192154154 ], [ 11.797043583668207, 46.37147208047967 ], [ 11.800867103673255, 46.383396670056442 ], [ 11.831543163864202, 46.425053980250219 ], [ 11.876436567206127, 46.449617649665107 ], [ 11.958224744057453, 46.474460499188034 ], [ 11.98707694035401, 46.455034392318289 ], [ 11.999999999826779, 46.455152425124489 ], [ 12.014105274552801, 46.455281254830822 ], [ 12.031882446240326, 46.496607619294686 ], [ 12.057328633424747, 46.488568363858448 ], [ 12.078973275192599, 46.479366738009745 ], [ 12.100134482302094, 46.489279465202166 ], [ 12.126481614139468, 46.497579794671211 ], [ 12.150551107998147, 46.499999999857828 ], [ 12.180450384183134, 46.503034193911013 ], [ 12.199567986005011, 46.516767941445899 ], [ 12.205852623088909, 46.532898436835971 ], [ 12.187570043052862, 46.543654299701764 ], [ 12.165881453006365, 46.581465713461704 ], [ 12.262172638167337, 46.623181052517637 ], [ 12.285179683759704, 46.628762082644137 ], [ 12.318866216758348, 46.627739423883895 ], [ 12.366220735382491, 46.624627500958091 ], [ 12.41107019044577, 46.608188299756073 ], [ 12.440273974768115, 46.623940807800139 ], [ 12.438120498334728, 46.642901994913387 ], [ 12.499999999856989, 46.653894839947291 ], [ 12.509229186881463, 46.655534204945106 ], [ 12.510973212106665, 46.65494923101884 ], [ 12.573877445229718, 46.633845867744007 ], [ 12.61266200550064, 46.641762759707994 ], [ 12.674607429890031, 46.631946808549387 ], [ 12.723719889541437, 46.642040267777055 ], [ 12.845896747368226, 46.628557552200022 ], [ 12.87463907251901, 46.60602525761086 ], [ 12.963415062505815, 46.590647615656231 ], [ 12.999999999887205, 46.58516583105957 ], [ 13.028107269132716, 46.580953937058986 ], [ 13.155338205953134, 46.561985542613705 ], [ 13.184476067408353, 46.522184343848963 ], [ 13.245059088871541, 46.512507632276019 ], [ 13.289976237381369, 46.499999999857828 ], [ 13.307949406192531, 46.495040493305666 ], [ 13.35159027685571, 46.472166897621975 ], [ 13.436872360274776, 46.466897052247667 ], [ 13.471921297097939, 46.449152917135194 ], [ 13.48783065751074, 46.435761100964918 ], [ 13.481348252723782, 46.410231949734161 ], [ 13.476426019464403, 46.398473161150044 ], [ 13.470376891003596, 46.393003620857897 ], [ 13.450122835905672, 46.374686160844426 ], [ 13.438212789510812, 46.333877937374524 ], [ 13.449199917562549, 46.320952579368345 ], [ 13.45653931872382, 46.311926295328114 ], [ 13.493697783701723, 46.302359710251871 ], [ 13.499999999917415, 46.301108541257229 ], [ 13.545117540109249, 46.292150585653403 ], [ 13.559730419564662, 46.258422107492507 ], [ 13.579529223747954, 46.218270389728495 ], [ 13.619720136122037, 46.205011208307312 ], [ 13.631849924808439, 46.194214775557981 ], [ 13.627081510973472, 46.176833871849787 ], [ 13.603810775709235, 46.146130156283725 ], [ 13.572123899719561, 46.11618363950209 ], [ 13.556456256186777, 46.095708325139242 ], [ 13.532196678813978, 46.066363113206542 ], [ 13.505563880919622, 46.043381884779983 ], [ 13.499999999917415, 46.031618447250963 ], [ 13.486094691071955, 46.002208124552645 ], [ 13.485505732215486, 46.000000000240469 ], [ 13.474272542132699, 45.958249209942117 ], [ 13.464735715361082, 45.93843837070402 ], [ 13.443156997358672, 45.938612690943884 ], [ 13.42513810789281, 45.93689852015639 ], [ 13.421710124192197, 45.897821315392321 ], [ 13.385892088450328, 45.89232590687191 ], [ 13.374531398682635, 45.870556966588026 ], [ 13.378288996718876, 45.844283212584223 ], [ 13.328429411838925, 45.815521977012622 ], [ 13.254046559015991, 45.781079070828675 ], [ 13.228666294698698, 45.789513374132703 ], [ 13.192540619209684, 45.790634937702535 ], [ 13.126024549586703, 45.777844852060362 ], [ 13.109412013122318, 45.753086628541105 ], [ 13.12602608570584, 45.732476985395266 ], [ 13.115630727339092, 45.719640378652336 ], [ 13.10145733246676, 45.703113932927032 ], [ 13.064716378381771, 45.689048723955807 ], [ 13.068298181506799, 45.67319921292362 ], [ 13.073380972453542, 45.67014361266061 ], [ 13.090272436711961, 45.659987834448202 ], [ 13.13894541178029, 45.64737205446513 ], [ 13.160524129782699, 45.656264724958859 ], [ 13.203461824394296, 45.669316415485163 ], [ 13.199198818907853, 45.660747026746577 ], [ 13.153514342957056, 45.641837146546521 ], [ 13.14338421127963, 45.614022841341729 ], [ 13.127474850866825, 45.603618125120576 ], [ 13.067067623416534, 45.609829039277514 ], [ 13.042544355473547, 45.609142219042916 ], [ 12.999999999887205, 45.607786363020416 ], [ 12.997607003852979, 45.60771009912321 ], [ 12.992970435752266, 45.610413560508825 ], [ 12.987388974719948, 45.617222777983059 ], [ 12.977148971896751, 45.613862109641168 ], [ 12.975105366609133, 45.606774817718737 ], [ 12.942209907117673, 45.600461253723729 ], [ 12.931068959641522, 45.597888856129259 ], [ 12.928124409700947, 45.592729087679679 ], [ 12.900876333210615, 45.584425680699745 ], [ 12.777337071559312, 45.549751453081299 ], [ 12.731410878728498, 45.543138821591327 ], [ 12.706276067384488, 45.537429384564966 ], [ 12.652633174684869, 45.523091329076273 ], [ 12.615628530029694, 45.51618278942906 ], [ 12.580953154922488, 45.50179213712731 ], [ 12.575420754481097, 45.500000000291124 ], [ 12.551573576587247, 45.492343170061886 ], [ 12.533686532855636, 45.481950496624243 ], [ 12.505669357446598, 45.467766317915739 ], [ 12.499999999856989, 45.465790394429028 ], [ 12.487254931676301, 45.461348140024008 ], [ 12.483233643069877, 45.456032982976417 ], [ 12.467917587562884, 45.450339687520675 ], [ 12.466225570301054, 45.456468670282476 ], [ 12.472356387062222, 45.46381675717403 ], [ 12.471631236422162, 45.472949694425459 ], [ 12.480948320902238, 45.486043930774414 ], [ 12.492880340987263, 45.483619840787242 ], [ 12.499999999856989, 45.47954225882885 ], [ 12.502790730373148, 45.477943866476075 ], [ 12.517008073524128, 45.484447236219324 ], [ 12.519952623464699, 45.495245806364771 ], [ 12.518724598623535, 45.500000000291124 ], [ 12.518040863013018, 45.502670614764753 ], [ 12.521732538182132, 45.506169746896916 ], [ 12.529972883996356, 45.510488457436146 ], [ 12.536433315093149, 45.508058308644266 ], [ 12.54306953930452, 45.509258756926421 ], [ 12.556803448695458, 45.516109601542489 ], [ 12.558649286280017, 45.52414509932705 ], [ 12.559616153800098, 45.52629648449382 ], [ 12.54377271625442, 45.538866528500414 ], [ 12.533071617179035, 45.546238142101103 ] ] ], [ [ [ 22.556352717809268, 36.751725667676595 ], [ 22.552145512075008, 36.750278646016895 ], [ 22.548260652407414, 36.737323504668694 ], [ 22.537981051846494, 36.725061910100337 ], [ 22.53612592208864, 36.689204987698858 ], [ 22.550072132127301, 36.680329491491349 ], [ 22.538177476568201, 36.669677531878811 ], [ 22.514737368448724, 36.665482479933281 ], [ 22.511769160476828, 36.651154898762684 ], [ 22.533637865432731, 36.635675304709608 ], [ 22.531542660016882, 36.621446633667944 ], [ 22.519713480862212, 36.615907708150509 ], [ 22.49999999956292, 36.625850560073175 ], [ 22.495160294528688, 36.62829135557147 ], [ 22.484487842727717, 36.610577419152897 ], [ 22.480559332123836, 36.571390137013069 ], [ 22.481235909059855, 36.535147138874578 ], [ 22.490707982570843, 36.517551164610062 ], [ 22.49999999956292, 36.510760202258595 ], [ 22.514721408979383, 36.499999999919694 ], [ 22.519298805052333, 36.496675697470913 ], [ 22.517378199788364, 36.47327325316774 ], [ 22.510787033275012, 36.43860720486947 ], [ 22.509150154605326, 36.389329921643387 ], [ 22.49999999956292, 36.389613149209694 ], [ 22.494571017668616, 36.389781194541392 ], [ 22.488983803825221, 36.415638197569201 ], [ 22.472636837206593, 36.42790422288401 ], [ 22.459607279761943, 36.441226346324136 ], [ 22.426018520297138, 36.467048735548218 ], [ 22.40567756936515, 36.477451545206186 ], [ 22.379378378817858, 36.471903555892645 ], [ 22.370626532280852, 36.490643749723915 ], [ 22.369125845394755, 36.499999999919694 ], [ 22.366392471411178, 36.51715002023672 ], [ 22.372699912228565, 36.522539135441846 ], [ 22.377152223288089, 36.526933861767148 ], [ 22.389876230466946, 36.522190336921469 ], [ 22.391884134908544, 36.530316931527224 ], [ 22.382521186941634, 36.550350714850232 ], [ 22.383088638333568, 36.60146629427387 ], [ 22.388239350898942, 36.60698884570656 ], [ 22.379967655677934, 36.613678089898912 ], [ 22.373092763468613, 36.640777474588354 ], [ 22.381451758765564, 36.646802124161518 ], [ 22.392669837388645, 36.653052630778987 ], [ 22.395616219892396, 36.659824886108055 ], [ 22.386209620989206, 36.664107288082413 ], [ 22.374860592252215, 36.660190466724941 ], [ 22.365803194551106, 36.659911929167542 ], [ 22.344414640911186, 36.716468920767959 ], [ 22.284746631718303, 36.835160186839936 ], [ 22.28433026527906, 36.835987768700434 ], [ 22.212176634834272, 36.933292276530864 ], [ 22.179177152229538, 36.919448860360006 ], [ 22.156544570261673, 36.920750041058348 ], [ 22.144431664512727, 36.927272957230393 ], [ 22.138888100707298, 36.939952867224292 ], [ 22.142214751748917, 37.000000000102617 ], [ 22.142423760071129, 37.00379616645067 ], [ 22.127604547476423, 37.021099795141211 ], [ 22.110319103693953, 37.041276527966694 ], [ 22.076184718305356, 37.045862187451938 ], [ 22.039147600450974, 37.043403750714837 ], [ 22.000000000431022, 37.027684669505312 ], [ 21.97939060055279, 37.019407982794966 ], [ 21.961203873452501, 37.000000000102617 ], [ 21.947875221934009, 36.985867200071588 ], [ 21.938053947220936, 36.96223729045542 ], [ 21.953244185587554, 36.935703339058847 ], [ 21.94440503807629, 36.819677123717902 ], [ 21.956059617079077, 36.762762184686473 ], [ 21.990957879479634, 36.723044210215328 ], [ 21.960293677948755, 36.683914620056747 ], [ 21.904661613376156, 36.69987161920092 ], [ 21.867733621065859, 36.73848868813031 ], [ 21.831722280451263, 36.726140313888443 ], [ 21.806099665941669, 36.717321305250032 ], [ 21.749136273863499, 36.738575641393936 ], [ 21.730868702879217, 36.764396368164306 ], [ 21.699418798868233, 36.822473979565927 ], [ 21.677353668292302, 36.889168395987646 ], [ 21.685559888905512, 36.897429484415746 ], [ 21.666899467579494, 36.964057905725923 ], [ 21.644419661193684, 36.962653435248157 ], [ 21.637588419022336, 36.964526056985413 ], [ 21.630517101192993, 36.98283369304351 ], [ 21.620623898375118, 37.000000000102617 ], [ 21.616941916926237, 37.006430341658323 ], [ 21.607775393681042, 37.010198273939338 ], [ 21.600835026863923, 37.026785402777755 ], [ 21.588656645608861, 37.039358488990374 ], [ 21.575736213708296, 37.04512989601934 ], [ 21.571480328268795, 37.053132413995215 ], [ 21.57759134346615, 37.066607497907341 ], [ 21.57643461521414, 37.09567616830622 ], [ 21.570803751332775, 37.111477975080987 ], [ 21.564343534933332, 37.130254629563225 ], [ 21.559170996899816, 37.150558783685568 ], [ 21.564037984667539, 37.177384571922119 ], [ 21.577023892074219, 37.192072886545326 ], [ 21.595356937666299, 37.20174750128453 ], [ 21.612424130360594, 37.213595460071339 ], [ 21.629491323054893, 37.229198498503273 ], [ 21.649417598177006, 37.262724445180979 ], [ 21.661028527141816, 37.286138469822269 ], [ 21.668383570667132, 37.314722471909434 ], [ 21.667510569009401, 37.349286650757797 ], [ 21.655615914348619, 37.397406600269882 ], [ 21.641298677639735, 37.430388610952463 ], [ 21.610197974830829, 37.471469836760576 ], [ 21.575528819658654, 37.499999999942176 ], [ 21.500000000400814, 37.562537321541214 ], [ 21.482368629775475, 37.577128356805979 ], [ 21.45702974096185, 37.591070178189163 ], [ 21.43468088468995, 37.601071813028199 ], [ 21.416085937971737, 37.625112006532113 ], [ 21.394631909724016, 37.640559790392366 ], [ 21.372981454957962, 37.650363186279819 ], [ 21.35512856068188, 37.655656129651227 ], [ 21.334482058585778, 37.654611500031422 ], [ 21.330073397564224, 37.650154246809663 ], [ 21.32688693940247, 37.645313642673095 ], [ 21.324551659226941, 37.635823046729506 ], [ 21.31868071878926, 37.639898057923617 ], [ 21.31961919685142, 37.646933016989259 ], [ 21.313988332071734, 37.650589537060654 ], [ 21.313595481729998, 37.658720291134138 ], [ 21.318331518485493, 37.667407191633252 ], [ 21.324093332480775, 37.671898213424463 ], [ 21.323351280936958, 37.677711765060053 ], [ 21.318811669801487, 37.689302684821946 ], [ 21.310670923796074, 37.698316581933788 ], [ 21.304167057358661, 37.719454880688602 ], [ 21.275969087015543, 37.781425474858857 ], [ 21.226207961982308, 37.832715019597956 ], [ 21.179044019149064, 37.845497061398646 ], [ 21.140893823080646, 37.851314234831527 ], [ 21.126118261422224, 37.861106878858592 ], [ 21.13094159825366, 37.888064594950144 ], [ 21.133626079631274, 37.919973969504809 ], [ 21.138100216158946, 37.943441614909858 ], [ 21.145913585532107, 37.963156921156568 ], [ 21.154032506069377, 37.963607692564864 ], [ 21.164421232174384, 37.958336960642526 ], [ 21.180309872046841, 37.949441736358757 ], [ 21.193033879225698, 37.939591566310561 ], [ 21.219398545279102, 37.938845812561773 ], [ 21.233235629773684, 37.940597454612139 ], [ 21.248294918026385, 37.946823247529863 ], [ 21.260473298383133, 37.957279301226031 ], [ 21.284742759020688, 37.9733679413822 ], [ 21.300544098817205, 37.984929455421906 ], [ 21.317620252206464, 37.999999999985143 ], [ 21.322871129620967, 38.004665494273446 ], [ 21.324006032404832, 38.000303597511099 ], [ 21.32374140579012, 37.999999999985143 ], [ 21.320644974091202, 37.996471803748591 ], [ 21.326472263592596, 37.996593110180854 ], [ 21.331137868836553, 37.999999999985143 ], [ 21.34222995335114, 38.008154823593792 ], [ 21.341466076339184, 38.012429023845087 ], [ 21.335442361217765, 38.009166697647686 ], [ 21.329309520552261, 38.006968470611348 ], [ 21.333914607193847, 38.011504421978152 ], [ 21.34960682144628, 38.028058243096808 ], [ 21.384134058074931, 38.060282892592731 ], [ 21.408730894446421, 38.099811778321346 ], [ 21.415387536465886, 38.117791333683734 ], [ 21.421389427017477, 38.118313928256384 ], [ 21.421673152713442, 38.143742314887234 ], [ 21.411349901216237, 38.158020094186732 ], [ 21.408338044104685, 38.168918063200771 ], [ 21.404278583386894, 38.204577401610074 ], [ 21.411633626912206, 38.206491265592689 ], [ 21.419294221601625, 38.200053521686627 ], [ 21.430905150566439, 38.187994256856996 ], [ 21.437409017003848, 38.188394524290956 ], [ 21.42152037713139, 38.202820082259521 ], [ 21.428373443872566, 38.202437293774793 ], [ 21.448365194500791, 38.190117390033947 ], [ 21.464515734601072, 38.199253113105868 ], [ 21.474467959428058, 38.201201918255165 ], [ 21.485031286583261, 38.198922507419503 ], [ 21.500000000400814, 38.191728844614779 ], [ 21.504040909111357, 38.189786742526934 ], [ 21.530602000784789, 38.180910893272525 ], [ 21.590249875138895, 38.174314212278382 ], [ 21.619299022569916, 38.165175335352352 ], [ 21.718843097206211, 38.151386500855601 ], [ 21.761030928524278, 38.156540211560021 ], [ 21.782397656696048, 38.171825070997734 ], [ 21.798919223466555, 38.197478263264586 ], [ 21.806732592839722, 38.220165216938021 ], [ 21.813083683695076, 38.238358340209196 ], [ 21.822904958408145, 38.246322909261586 ], [ 21.840234052228585, 38.262770959125078 ], [ 21.848571222955709, 38.268890205944381 ], [ 21.854878663773093, 38.273548828482674 ], [ 21.871880380961279, 38.274539616628566 ], [ 21.888554723313838, 38.272870913695911 ], [ 21.904727088882268, 38.289191253689616 ], [ 21.91662174354305, 38.291745860126234 ], [ 21.932750459073503, 38.290338231276742 ], [ 21.944819713886169, 38.280484056431717 ], [ 21.992354683389642, 38.276416860859072 ], [ 22.000000000431022, 38.276499207671691 ], [ 22.019788776720802, 38.276712348575337 ], [ 22.077079545431229, 38.242323344610028 ], [ 22.128499374602292, 38.236497495118414 ], [ 22.170730855958332, 38.22486177776009 ], [ 22.195087616671831, 38.204159824557252 ], [ 22.215363092097704, 38.184374344669763 ], [ 22.237668298331634, 38.175149709086625 ], [ 22.291750784310484, 38.182668745736628 ], [ 22.321978484563346, 38.173147982159279 ], [ 22.348321326046921, 38.164931616095778 ], [ 22.376628421934129, 38.167368771691919 ], [ 22.3892433035689, 38.164078592937209 ], [ 22.40718349881924, 38.154207158334323 ], [ 22.434966793352483, 38.144543338379556 ], [ 22.47102178400505, 38.143324386220776 ], [ 22.49999999956292, 38.14632706425234 ], [ 22.507993426353316, 38.147155308759146 ], [ 22.54463769296764, 38.126013053773782 ], [ 22.604700244029942, 38.104672970565218 ], [ 22.636455698306719, 38.09292888778198 ], [ 22.701079685074316, 38.058888182743289 ], [ 22.747130550591837, 38.026366403259274 ], [ 22.777544077242684, 37.999999999985143 ], [ 22.833557767707539, 37.951748009884838 ], [ 22.862366839480565, 37.943302878131739 ], [ 22.901586462826742, 37.9382908281585 ], [ 22.939496583237162, 37.937371625345008 ], [ 22.963482318178748, 37.946701858140976 ], [ 22.967026467520327, 37.942016933133047 ], [ 22.989115514842389, 37.917706075990161 ], [ 22.989999759814211, 37.916851318908122 ], [ 22.9914851358146, 37.91509762674891 ], [ 22.993441944082843, 37.912943526157044 ], [ 22.999999999593133, 37.905723801990369 ], [ 23.009917281752195, 37.894804569089516 ], [ 22.999999999593133, 37.884941059333762 ], [ 22.992007665154123, 37.876991089946621 ], [ 22.993186217975964, 37.861193686730068 ], [ 22.999999999593133, 37.849440050437245 ], [ 23.002265440246902, 37.84553179211651 ], [ 23.080682862369422, 37.844924001816636 ], [ 23.119291384285692, 37.840061493302464 ], [ 23.165909701195144, 37.799829209413737 ], [ 23.175643675832276, 37.772195800749202 ], [ 23.148144106096684, 37.761330759056293 ], [ 23.115908500503913, 37.758496891626663 ], [ 23.124027421041184, 37.728343328249551 ], [ 23.136729602751899, 37.72959562546346 ], [ 23.155695575242021, 37.724447154641709 ], [ 23.168004906610996, 37.725612549739338 ], [ 23.178022606045779, 37.729543447255374 ], [ 23.182824118307391, 37.7271257958432 ], [ 23.185683200735202, 37.714758006568204 ], [ 23.186228826658994, 37.698246980169536 ], [ 23.17378854607442, 37.687684242473878 ], [ 23.174508772150091, 37.676301934241479 ], [ 23.186730803443126, 37.668747564618272 ], [ 23.190768438692775, 37.654071768587976 ], [ 23.18937163478277, 37.640768757794248 ], [ 23.252751594120731, 37.611925711552601 ], [ 23.272808819356747, 37.610497199690215 ], [ 23.283437621119752, 37.611019829121446 ], [ 23.290116087709048, 37.606647048651482 ], [ 23.293280720402652, 37.596454501800942 ], [ 23.349545711873297, 37.580073785790056 ], [ 23.368555334401393, 37.564229827179368 ], [ 23.383330896059817, 37.561859042118691 ], [ 23.393348596392912, 37.569040893743434 ], [ 23.398237408730463, 37.573799357557448 ], [ 23.395160076112795, 37.579028084776674 ], [ 23.380100787860094, 37.603824637971144 ], [ 23.358974135346315, 37.620112988762273 ], [ 23.349960387683176, 37.62230772111252 ], [ 23.347887007735466, 37.629431442800907 ], [ 23.35670432977858, 37.636066857529215 ], [ 23.404435724003761, 37.646950429753069 ], [ 23.414780800070798, 37.64672406778773 ], [ 23.438635584898471, 37.636554475994167 ], [ 23.443655347349932, 37.622464485361895 ], [ 23.438460984746587, 37.598284036850465 ], [ 23.427133781477746, 37.582809966885144 ], [ 23.417181555752446, 37.575228579242847 ], [ 23.406312679229764, 37.57214351651394 ], [ 23.413187571439082, 37.567681276137499 ], [ 23.42918533595731, 37.560586456741696 ], [ 23.437653457696662, 37.557744850717491 ], [ 23.438526459354385, 37.551468525503104 ], [ 23.412074493225042, 37.551677744645581 ], [ 23.409651912075251, 37.545871686111553 ], [ 23.417901782726432, 37.541163735219115 ], [ 23.448544159687483, 37.525799782258943 ], [ 23.499999999623348, 37.501755859339006 ], [ 23.503757018246226, 37.499999999942176 ], [ 23.505922228473853, 37.498994871238466 ], [ 23.574802101579269, 37.43186300383028 ], [ 23.557887683568708, 37.401606070390464 ], [ 23.499999999623348, 37.386810217013995 ], [ 23.485712227655778, 37.38315786823209 ], [ 23.39636045350446, 37.379859965031009 ], [ 23.372898519916838, 37.371649286926498 ], [ 23.357817407094309, 37.358576294283687 ], [ 23.364343098999861, 37.340412655535566 ], [ 23.383680097261895, 37.327160476003264 ], [ 23.402711544359818, 37.317745306554748 ], [ 23.405614276825602, 37.310048998327751 ], [ 23.386670129803619, 37.312550820278638 ], [ 23.371392591361065, 37.30891967669249 ], [ 23.349567536443125, 37.303463942072504 ], [ 23.337629231744373, 37.302404023434327 ], [ 23.325210775729627, 37.299293684203718 ], [ 23.31874837642405, 37.296865966178444 ], [ 23.315793918964207, 37.293369085689967 ], [ 23.314460408552485, 37.290102135378632 ], [ 23.31421094819472, 37.287806895015414 ], [ 23.315981178175072, 37.278962078428506 ], [ 23.315994491207583, 37.278918624943273 ], [ 23.317754899906937, 37.270412077472393 ], [ 23.316524403800422, 37.265488620665252 ], [ 23.283001119841732, 37.257734761457094 ], [ 23.266850578843133, 37.261768259742752 ], [ 23.268814834145072, 37.27932534624945 ], [ 23.262965719175533, 37.289266736186015 ], [ 23.251223840096813, 37.292620787853963 ], [ 23.227718255572899, 37.282714605707255 ], [ 23.217504130518094, 37.291525958338504 ], [ 23.210760188422686, 37.307911959701919 ], [ 23.187145479253005, 37.321028590721866 ], [ 23.167219204130895, 37.326100894273033 ], [ 23.151265089650639, 37.337529681923733 ], [ 23.194216797082351, 37.354773758176322 ], [ 23.214383147862456, 37.381751937869872 ], [ 23.189022433580689, 37.42584382840127 ], [ 23.135725650081941, 37.437760281757249 ], [ 23.094738197952168, 37.436442107744703 ], [ 23.07738727866359, 37.453715272985377 ], [ 23.060276435931318, 37.465852641522595 ], [ 23.02681862747874, 37.470186934411387 ], [ 23.003017438835862, 37.499999999942176 ], [ 22.999999999593133, 37.503804352161445 ], [ 22.99274971669794, 37.512944625971805 ], [ 22.951718613631879, 37.519939363981692 ], [ 22.920268710519213, 37.510659418595381 ], [ 22.90793755458041, 37.535304534224579 ], [ 22.878299129390996, 37.562399448054755 ], [ 22.825940823954408, 37.571934354605361 ], [ 22.806298274528263, 37.56151039054555 ], [ 22.785258921192113, 37.550317808202365 ], [ 22.779476605845421, 37.499999999942176 ], [ 22.779147905994755, 37.497157876160557 ], [ 22.790256859073747, 37.454859738327627 ], [ 22.8138497436736, 37.393068055289639 ], [ 22.855099096929511, 37.340238985369446 ], [ 22.880896311590984, 37.298112069473135 ], [ 22.906126074860524, 37.237424876435199 ], [ 22.9336911183056, 37.170404872410224 ], [ 22.96086331230725, 37.112470921574769 ], [ 22.936921226505316, 37.090257142638549 ], [ 22.943556043056638, 37.070407279190597 ], [ 22.96289304221699, 37.069605506117952 ], [ 22.979982059481117, 37.071313620439859 ], [ 22.993404468165814, 37.054666568432822 ], [ 22.986704177006693, 37.040369824801594 ], [ 22.999999999593133, 37.008657684702378 ], [ 23.003628900490192, 37.000000000102617 ], [ 23.009620483772213, 36.985797863858664 ], [ 23.032209415702109, 36.969848905227167 ], [ 23.043885820173038, 36.92746377842856 ], [ 23.070228660758303, 36.870056836296541 ], [ 23.084414946454963, 36.811668165124772 ], [ 23.106611027144805, 36.798497584546126 ], [ 23.101394839073322, 36.765891441600083 ], [ 23.085724450289028, 36.752712923332581 ], [ 23.061782364487094, 36.756103393777963 ], [ 23.047377828600581, 36.755912140100115 ], [ 23.033518918637863, 36.737393068641687 ], [ 23.030288811336455, 36.712606978126139 ], [ 23.030157860324231, 36.706309156757463 ], [ 23.034893897079719, 36.694738597389396 ], [ 23.038778757645634, 36.689500819876876 ], [ 23.042096165921294, 36.685306857389257 ], [ 23.046832202676793, 36.687255947094208 ], [ 23.050149610952456, 36.685011008938282 ], [ 23.04877463251059, 36.681425931918099 ], [ 23.044060420324922, 36.682696391538855 ], [ 23.040481111821435, 36.68132150997512 ], [ 23.036792676875553, 36.674951482269499 ], [ 23.034850247041753, 36.633655238637708 ], [ 23.040961263137426, 36.599079452550995 ], [ 23.090176761348555, 36.568096027089183 ], [ 23.087492279072631, 36.526340937024287 ], [ 23.110408586736458, 36.508882486895303 ], [ 23.118675367274552, 36.499999999919694 ], [ 23.130247561782628, 36.487644932163114 ], [ 23.152727368168438, 36.476983449381514 ], [ 23.163137918843272, 36.465817643251007 ], [ 23.149693685588751, 36.456661859735327 ], [ 23.125358749445077, 36.45898558988506 ], [ 23.108946308218655, 36.450765512253199 ], [ 23.090264061424495, 36.452222298790893 ], [ 23.07544484882979, 36.470395126792688 ], [ 23.069202883518521, 36.486258156429166 ], [ 23.072523225691896, 36.499999999919694 ], [ 23.072716717414206, 36.500805955082058 ], [ 23.051742839584168, 36.520463760598041 ], [ 23.030965387374156, 36.529654280334093 ], [ 23.012021240352176, 36.522242656655635 ], [ 22.999999999593133, 36.52277117895126 ], [ 22.996154425049543, 36.522940251634452 ], [ 22.984128820274854, 36.535461005158588 ], [ 22.973107167271795, 36.542191372740469 ], [ 22.954752296211577, 36.564313727143031 ], [ 22.948095655090427, 36.579406954182367 ], [ 22.942421140272774, 36.579284965306165 ], [ 22.945934974168459, 36.588869203163746 ], [ 22.931726863901975, 36.600717147286204 ], [ 22.917104076927291, 36.614270338725262 ], [ 22.903441592584596, 36.627559887827594 ], [ 22.897417877463177, 36.632558111061307 ], [ 22.890564810722001, 36.638687890144986 ], [ 22.888578730850234, 36.645792244579596 ], [ 22.891677888037727, 36.648160216099797 ], [ 22.898596430285014, 36.650058023278099 ], [ 22.903114216850661, 36.654393201967238 ], [ 22.901542812788772, 36.661322013334512 ], [ 22.897941678817141, 36.667762806689076 ], [ 22.886592650978468, 36.68372318500149 ], [ 22.880088784541055, 36.686994911203392 ], [ 22.875636473481524, 36.690266497022058 ], [ 22.864789420630355, 36.703490626334244 ], [ 22.852283664539666, 36.70985826981277 ], [ 22.847678577898087, 36.709231967502582 ], [ 22.844535769774311, 36.706831095367875 ], [ 22.843706418154547, 36.696670046051274 ], [ 22.837246201755114, 36.695121410981606 ], [ 22.830131233887794, 36.698009850899986 ], [ 22.83010940931797, 36.711232636728433 ], [ 22.834277994681528, 36.722887662043995 ], [ 22.83010940931797, 36.73610612990953 ], [ 22.817036200937036, 36.754816771490887 ], [ 22.808611730133968, 36.77597372649096 ], [ 22.802893566176657, 36.809826506161457 ], [ 22.795975023031055, 36.827928420619543 ], [ 22.763826717514224, 36.842240120576747 ], [ 22.706055797487807, 36.836161452082585 ], [ 22.655967297618947, 36.833121934744106 ], [ 22.635342620990993, 36.823828941347479 ], [ 22.600902684438289, 36.81361402007262 ], [ 22.57508364430867, 36.79733331973879 ], [ 22.570718633325086, 36.779258871398945 ], [ 22.57499634423273, 36.758137603211324 ], [ 22.574660020380247, 36.758021985161356 ], [ 22.560045841960935, 36.752995853715973 ], [ 22.556352717809268, 36.751725667676595 ] ] ], [ [ [ 15.256653453921681, 44.391830326881887 ], [ 15.280110907610981, 44.425617351954642 ], [ 15.323248798970168, 44.440273031427573 ], [ 15.355739425492317, 44.418689969757601 ], [ 15.448732865600878, 44.386356621188334 ], [ 15.478391538816796, 44.373859006995581 ], [ 15.494395366963195, 44.331504785973998 ], [ 15.500000000038265, 44.33078473205034 ], [ 15.540255446484043, 44.325612662395763 ], [ 15.58758638523029, 44.329846680434144 ], [ 15.629933964853654, 44.32669131981848 ], [ 15.660668340977894, 44.32141053844132 ], [ 15.729052327876801, 44.298301491632536 ], [ 15.766592172608577, 44.284012781197951 ], [ 15.846699128151165, 44.267609474141793 ], [ 15.887883191852227, 44.264031716719096 ], [ 15.936180068362239, 44.257101201280079 ], [ 15.959296709317581, 44.227113220560739 ], [ 15.984981866333884, 44.173402759291186 ], [ 16.000000000068475, 44.1643967890559 ], [ 16.035913117991594, 44.142855045629986 ], [ 16.110948902295636, 44.120321559185903 ], [ 16.17514074012276, 44.106650641532177 ], [ 16.20604650671838, 44.165270199705063 ], [ 16.224402655182935, 44.1248289490253 ], [ 16.260186250415124, 44.109237400514715 ], [ 16.29412578223544, 44.095161056827266 ], [ 16.319174298718313, 44.068388920429705 ], [ 16.319086486602657, 44.043367938215653 ], [ 16.318133053387651, 44.036131050550381 ], [ 16.316288493207427, 44.022127679067374 ], [ 16.313374672836094, 44.000000000164377 ], [ 16.311688283519526, 43.987297947156762 ], [ 16.334782971445957, 43.952398168266477 ], [ 16.333904846696161, 43.91948706846587 ], [ 16.326331017585087, 43.89056223530298 ], [ 16.350523362347079, 43.870954763063246 ], [ 16.398908051871057, 43.839350384849141 ], [ 16.416360786213936, 43.824878190858193 ], [ 16.447556174148733, 43.834247711733539 ], [ 16.466589538251476, 43.80481411286673 ], [ 16.481902182855332, 43.784634800309369 ], [ 16.488410945111042, 43.78150485437876 ], [ 16.500000000098691, 43.773611959455607 ], [ 16.530974180589716, 43.752511393102218 ], [ 16.533283133839216, 43.751110143482087 ], [ 16.586170103210407, 43.731146532490136 ], [ 16.591669382767268, 43.731487168330808 ], [ 16.630711105551207, 43.735632843743751 ], [ 16.680786185488031, 43.719087025021906 ], [ 16.73806189034946, 43.690790434331376 ], [ 16.746162593951084, 43.649870510460957 ], [ 16.731453999002149, 43.616823527803312 ], [ 16.736766656253682, 43.592018200347013 ], [ 16.755075562317447, 43.568188927201795 ], [ 16.784492751317, 43.549429225358445 ], [ 16.801067360910089, 43.515711675518347 ], [ 16.852052466569077, 43.499999999890157 ], [ 16.863150800663099, 43.496607779416244 ], [ 16.903105489355127, 43.457984265312369 ], [ 16.903014074995184, 43.450012959519853 ], [ 16.923170645816793, 43.444777513392154 ], [ 16.934256974825352, 43.416908488829407 ], [ 16.954996103108716, 43.397578999350827 ], [ 16.982422132263569, 43.38785244990509 ], [ 17.0000000001289, 43.377703653516789 ], [ 17.021564555292542, 43.365250756632726 ], [ 17.052496509575324, 43.363223429094887 ], [ 17.073795065498498, 43.376904692110735 ], [ 17.126939558505445, 43.377911967544364 ], [ 17.156510418707391, 43.378410639352467 ], [ 17.245310812327208, 43.314047889566488 ], [ 17.2944638605581, 43.307026440615438 ], [ 17.319863627300212, 43.321986296249385 ], [ 17.362123393909602, 43.343348785225025 ], [ 17.365921284979599, 43.347951917636372 ], [ 17.414833142743227, 43.368507353135769 ], [ 17.45912315489533, 43.356067990123471 ], [ 17.478035897713294, 43.35150864249173 ], [ 17.500000000159112, 43.335538389453127 ], [ 17.53906558758689, 43.307123071305476 ], [ 17.565519103310102, 43.297443098976565 ], [ 17.596451057592883, 43.274485213821357 ], [ 17.616409676556799, 43.259785632375227 ], [ 17.636010589967835, 43.248729782006379 ], [ 17.638941140563023, 43.244681064968546 ], [ 17.682814654223534, 43.184034989442203 ], [ 17.721056999473802, 43.133195253450246 ], [ 17.747681241813389, 43.116988023537715 ], [ 17.73141140993495, 43.102513406213241 ], [ 17.725360642048752, 43.098774060664226 ], [ 17.721785775714348, 43.096564702896302 ], [ 17.701817719050055, 43.084222459312443 ], [ 17.675679451804445, 43.070397865431779 ], [ 17.669071997038362, 43.066646998689336 ], [ 17.665643358465907, 43.065088916108664 ], [ 17.658295912891269, 43.061349284833547 ], [ 17.640716066037367, 43.052400732060491 ], [ 17.628789024415649, 43.045866987171713 ], [ 17.618909104985882, 43.037648756138211 ], [ 17.607564933439633, 43.028021479012878 ], [ 17.602132642151822, 43.021898318703258 ], [ 17.601937890093168, 43.019779345404046 ], [ 17.601873691093079, 43.014321304066399 ], [ 17.616736095584958, 43.003682319279903 ], [ 17.619326214331867, 43.001838801319806 ], [ 17.619863359261061, 43.001037010178571 ], [ 17.620558073182664, 43.00000000005209 ], [ 17.626302698813298, 42.991494247506274 ], [ 17.625030514589398, 42.986290600833286 ], [ 17.615445287488587, 42.980989125852176 ], [ 17.602106283784757, 42.975440145450484 ], [ 17.583106443910101, 42.970110835706684 ], [ 17.577812854298791, 42.968646671235724 ], [ 17.568744489066372, 42.963892668344904 ], [ 17.566363075909425, 42.964100451270724 ], [ 17.529537930817689, 42.967313428397766 ], [ 17.500000000159112, 42.988335282745588 ], [ 17.494017772830777, 42.992591892836423 ], [ 17.482484086403982, 43.00000000005209 ], [ 17.472745194388988, 43.006306080267592 ], [ 17.469627850808571, 43.016081157973026 ], [ 17.474040428484766, 43.023136365955466 ], [ 17.490527225962204, 43.033119060705239 ], [ 17.48536824170969, 43.04335892716864 ], [ 17.469518084765685, 43.037050208160771 ], [ 17.453448396634233, 43.030692300145255 ], [ 17.430924490154492, 43.046561565084254 ], [ 17.432702693581309, 43.076234566094755 ], [ 17.420145505347346, 43.076784229357905 ], [ 17.414262067547437, 43.057478383524483 ], [ 17.349939408963799, 43.107799805055201 ], [ 17.317602455440674, 43.133356768278013 ], [ 17.283684875750954, 43.154091682452901 ], [ 17.240854327694869, 43.168540568638612 ], [ 17.196772451600836, 43.176804752530394 ], [ 17.159781434388524, 43.18447071241529 ], [ 17.108323308240266, 43.212382752075662 ], [ 17.043364009123199, 43.273647287349164 ], [ 17.001323773701255, 43.301179978016343 ], [ 17.0000000001289, 43.301862594083005 ], [ 16.983519788200812, 43.31036012018879 ], [ 16.896058535632918, 43.398000342298012 ], [ 16.728995248984074, 43.409963329840977 ], [ 16.710466810834546, 43.417921257292221 ], [ 16.677515169806902, 43.449838838030963 ], [ 16.643268293785169, 43.450770718417878 ], [ 16.61824173033121, 43.455960061485996 ], [ 16.592446807272026, 43.469373158278195 ], [ 16.552777509752502, 43.499979130505551 ], [ 16.55135707925221, 43.499999999890157 ], [ 16.514535164502242, 43.500545534823672 ], [ 16.511273228992007, 43.499999999890157 ], [ 16.500000000098691, 43.498130256252963 ], [ 16.478334459924071, 43.494536712173719 ], [ 16.457215553582987, 43.495660556185875 ], [ 16.446887869798168, 43.499999999890157 ], [ 16.433220786979533, 43.505790183539332 ], [ 16.439367662024722, 43.509124506027895 ], [ 16.452649302907766, 43.510581190533166 ], [ 16.455151959881981, 43.51930437134321 ], [ 16.493613835421382, 43.529142725099639 ], [ 16.484283757709036, 43.537491112673472 ], [ 16.382904222826344, 43.541697223357161 ], [ 16.347713362069758, 43.526521479569446 ], [ 16.317000939872742, 43.519401468205295 ], [ 16.272458047476583, 43.514497877707633 ], [ 16.287056876382636, 43.505871115959877 ], [ 16.332477893528587, 43.505531199843873 ], [ 16.3452183371822, 43.499999999890157 ], [ 16.360665706620793, 43.493348626478998 ], [ 16.395417504104167, 43.485641550148863 ], [ 16.359041175294685, 43.485031364253238 ], [ 16.328548283386802, 43.482959897858677 ], [ 16.284685938480216, 43.490506757444713 ], [ 16.262820625562821, 43.483361350199431 ], [ 16.247958359411491, 43.486701331814054 ], [ 16.226619920984646, 43.495387624548506 ], [ 16.238430702642294, 43.49885536743637 ], [ 16.258539766060103, 43.494151390069163 ], [ 16.274023693337501, 43.499999999890157 ], [ 16.281151485553814, 43.50271467385528 ], [ 16.267979609815331, 43.507457368296357 ], [ 16.263369453980598, 43.512167318217728 ], [ 16.232920468130541, 43.509949964884278 ], [ 16.188794685978682, 43.50237473918623 ], [ 16.1142857770635, 43.511277149752651 ], [ 16.105021557539583, 43.505029414360173 ], [ 16.137336558932109, 43.501727239650911 ], [ 16.144614968078848, 43.499999999890157 ], [ 16.160870310131752, 43.496174305947399 ], [ 16.152220778112351, 43.484999249137466 ], [ 16.109038979797024, 43.486123271884452 ], [ 16.107063198211673, 43.482285451564351 ], [ 16.119620386445636, 43.476166912303832 ], [ 16.116261558648851, 43.47060990346997 ], [ 16.07779968221114, 43.475058764207404 ], [ 16.040501321695725, 43.485786066814121 ], [ 16.039118274585981, 43.47958758990697 ], [ 16.022543664992892, 43.481578880740429 ], [ 16.02730749292833, 43.487407842957651 ], [ 16.000000000068475, 43.492914200111471 ], [ 15.971568507277356, 43.49864666666334 ], [ 15.969721516255975, 43.499999999890157 ], [ 15.960482178268792, 43.506826109747067 ], [ 15.965816787650926, 43.515517469677832 ], [ 15.974554131785981, 43.509998521241158 ], [ 15.990206710571449, 43.509626257229939 ], [ 15.993280148094046, 43.536407182325554 ], [ 15.986057570140531, 43.53605126057947 ], [ 15.977188506933677, 43.524239931910692 ], [ 15.96875850700004, 43.524304657401032 ], [ 15.962940928286869, 43.537604357829757 ], [ 15.945268662756536, 43.540419244039846 ], [ 15.953786474805829, 43.55093345308385 ], [ 15.9505154591247, 43.568787199808135 ], [ 15.955850068506834, 43.597545751541126 ], [ 15.959717331974645, 43.597465750591226 ], [ 15.972863741373136, 43.600390139764365 ], [ 15.974005523455446, 43.603874977729653 ], [ 15.971748303284844, 43.612301645853506 ], [ 15.970270199146675, 43.615613396024834 ], [ 15.966782725414689, 43.623528085399997 ], [ 15.965182781876221, 43.633648602433432 ], [ 15.967616944106657, 43.645042205182683 ], [ 15.967880382250245, 43.658993162742917 ], [ 15.967419365948121, 43.682318200351332 ], [ 15.957342881659461, 43.682156812634432 ], [ 15.95137163084558, 43.668001422057728 ], [ 15.934994599411027, 43.667371856773997 ], [ 15.933655459257421, 43.683044439015113 ], [ 15.9077946771115, 43.686933699956938 ], [ 15.905796942497235, 43.690838843284247 ], [ 15.942787958811236, 43.702972200362055 ], [ 15.894337411098833, 43.732375648779943 ], [ 15.870935378970982, 43.755381813294647 ], [ 15.888168582126417, 43.761393870354532 ], [ 15.910077801999952, 43.756719669556261 ], [ 15.930516161749777, 43.77961973879578 ], [ 15.95898936601448, 43.78321268517864 ], [ 15.936377646520775, 43.792733746951761 ], [ 15.908431317644929, 43.796358115040682 ], [ 15.888497879356745, 43.809887133210594 ], [ 15.856621941237432, 43.811417006644419 ], [ 15.867466785131317, 43.800014475187069 ], [ 15.888651551457453, 43.795697690663559 ], [ 15.896137566656243, 43.772594337340934 ], [ 15.872120847922194, 43.77410905800371 ], [ 15.858114753491744, 43.758927872591947 ], [ 15.884041394724406, 43.729037645026629 ], [ 15.915258739281375, 43.709408974929161 ], [ 15.894952098603348, 43.699568011000423 ], [ 15.87703834795834, 43.703407793657192 ], [ 15.850540925278986, 43.71236094726455 ], [ 15.812979126619979, 43.732391773830855 ], [ 15.788479438554889, 43.73110174682661 ], [ 15.708130998795941, 43.751529264546818 ], [ 15.678033263205126, 43.772400965992531 ], [ 15.635070996077248, 43.794006328045619 ], [ 15.621964980323824, 43.802591510486707 ], [ 15.636739434359495, 43.804492002050466 ], [ 15.68040420110755, 43.784421026712074 ], [ 15.682050685462569, 43.794441254056835 ], [ 15.663917403630112, 43.803944409063369 ], [ 15.635663730552853, 43.823493569117375 ], [ 15.602799901640863, 43.839318192149442 ], [ 15.565391775082565, 43.863618385959022 ], [ 15.519685367662426, 43.904407403667989 ], [ 15.500000000038265, 43.915370676109696 ], [ 15.477798804341191, 43.927732635437756 ], [ 15.403843333099514, 44.000000000164377 ], [ 15.398701691721879, 44.005063775141544 ], [ 15.350317003096215, 44.025829116029996 ], [ 15.285599188195508, 44.080952003495106 ], [ 15.270363719654339, 44.105860032182861 ], [ 15.267597625434847, 44.134973347937795 ], [ 15.225689108186385, 44.164152939033741 ], [ 15.222857155778467, 44.186863237267453 ], [ 15.230167545847637, 44.204305607680325 ], [ 15.202835904476313, 44.224597399974016 ], [ 15.189312779376905, 44.236449838582473 ], [ 15.195832857710247, 44.248348236147912 ], [ 15.244283406320967, 44.214371732644537 ], [ 15.26755371937702, 44.225774687976838 ], [ 15.243668718816448, 44.245784965201629 ], [ 15.251571843361223, 44.256408104752417 ], [ 15.319977783289039, 44.226742304705795 ], [ 15.334115596791284, 44.239513343396723 ], [ 15.312601533234814, 44.252023674344628 ], [ 15.313413798897871, 44.26744831889819 ], [ 15.292712001004459, 44.288958649554878 ], [ 15.313062548638625, 44.287460434437691 ], [ 15.361030128816623, 44.252168752465757 ], [ 15.453628412608115, 44.212387681708478 ], [ 15.487063022966797, 44.203805482957598 ], [ 15.500000000038265, 44.204371293360524 ], [ 15.539443180820989, 44.206096343518837 ], [ 15.535623336722082, 44.21845253701683 ], [ 15.500000000038265, 44.235869387805458 ], [ 15.489412007840302, 44.241045035578871 ], [ 15.446713177957701, 44.279243729583115 ], [ 15.398526067490574, 44.301506707805558 ], [ 15.35486129984421, 44.314116476709977 ], [ 15.298244189443437, 44.351140893743171 ], [ 15.269081437468328, 44.379674672193723 ], [ 15.256653453921681, 44.391830326881887 ] ] ], [ [ [ 13.97896903148634, 45.600658850852554 ], [ 13.968385639560951, 45.537242386442536 ], [ 13.978691565251271, 45.525315931367778 ], [ 13.999999999947628, 45.524120231579275 ], [ 14.034506172879494, 45.522183900375197 ], [ 14.077785008110125, 45.500000000291124 ], [ 14.113130056600392, 45.482037593654958 ], [ 14.158968352873918, 45.447594498672153 ], [ 14.159363889178353, 45.411618653825712 ], [ 14.128116498670074, 45.381582371616794 ], [ 14.047075446148973, 45.335901099309588 ], [ 14.037626516832963, 45.298339021584368 ], [ 13.999999999947628, 45.298359872436137 ], [ 13.98506409889246, 45.29836814924834 ], [ 13.967506669496474, 45.331694810969537 ], [ 13.943642628428112, 45.332291569790506 ], [ 13.930172409607358, 45.351180815638493 ], [ 13.898661328528899, 45.345214943932319 ], [ 13.915889144487572, 45.301397337091522 ], [ 13.917778930350773, 45.274769860224808 ], [ 13.845747322562605, 45.243144321713245 ], [ 13.837463028469735, 45.176672971707028 ], [ 13.864557284637335, 45.139603550971955 ], [ 13.944323829891211, 45.112198339989924 ], [ 13.996446763248633, 45.118714851992053 ], [ 13.999999999947628, 45.118077084194397 ], [ 14.047646777364621, 45.109524307557507 ], [ 14.07282927308054, 45.1175460258562 ], [ 14.081179490040533, 45.132096191912616 ], [ 14.172438570796354, 45.149125073137945 ], [ 14.192347246125417, 45.163375156650758 ], [ 14.230322774668307, 45.174762855272903 ], [ 14.230274810022028, 45.174615007272564 ], [ 14.190281666249319, 45.099469986368639 ], [ 14.176657628004154, 45.075861632808291 ], [ 14.150222599609487, 45.053808556496854 ], [ 14.146421053294601, 45.032888244529488 ], [ 14.156705004396445, 45.011550375225248 ], [ 14.153184080996537, 45.000000000297035 ], [ 14.150618135913922, 44.990770475400197 ], [ 14.145915644946081, 44.969930325266731 ], [ 14.134511006899743, 44.967505437005336 ], [ 14.115305507622258, 44.975084878350081 ], [ 14.109548253475364, 44.963506553902562 ], [ 14.102318723459865, 44.965112564478673 ], [ 14.107526621877913, 44.977862683837749 ], [ 14.087090564510161, 44.99637257409298 ], [ 14.079226138489513, 45.000000000297035 ], [ 14.06502841274771, 45.005973110134789 ], [ 14.064149442683235, 45.017449091585412 ], [ 14.059490900892353, 45.029376388100737 ], [ 14.050569352716712, 45.033210153911696 ], [ 14.051030811888273, 45.013087320609451 ], [ 14.047163343604579, 45.001786142695835 ], [ 14.051131319893837, 45.000000000297035 ], [ 14.070060517152861, 44.990658107114719 ], [ 14.079531421057352, 44.978681548419708 ], [ 14.080102751374683, 44.961290184784957 ], [ 14.067072018035327, 44.952777241051344 ], [ 14.046613986977414, 44.90418095300209 ], [ 14.03523132262124, 44.88517472334285 ], [ 14.027957844327094, 44.861786135765151 ], [ 14.008181014732282, 44.850748032420476 ], [ 13.999999999947628, 44.850627910335305 ], [ 13.990645559924776, 44.850490558812062 ], [ 13.999999999947628, 44.842618031583747 ], [ 14.00317088491561, 44.839949226999103 ], [ 13.999999999947628, 44.822237228451023 ], [ 13.999830798670601, 44.821291943220409 ], [ 13.983240235896384, 44.816606545157136 ], [ 13.978405900092607, 44.799536218354653 ], [ 13.994842642544096, 44.791015256792967 ], [ 13.991898092603524, 44.782863586519362 ], [ 13.963133792864259, 44.790596424482992 ], [ 13.947597994167408, 44.796588656843994 ], [ 13.941994559444929, 44.810229924175196 ], [ 13.917822878629421, 44.815769251496633 ], [ 13.901869569937972, 44.818087880782087 ], [ 13.907538927527577, 44.822193556878929 ], [ 13.903847252358462, 44.828520551023864 ], [ 13.911538241545522, 44.837840727215188 ], [ 13.900067680632057, 44.844037240780686 ], [ 13.889585960928841, 44.835667764885152 ], [ 13.880290851037243, 44.844664902499197 ], [ 13.874841235739179, 44.858037281342241 ], [ 13.881719177728886, 44.871535224886856 ], [ 13.867238144007723, 44.885399876346447 ], [ 13.845747322562605, 44.899132537653706 ], [ 13.762135282715198, 44.986147124999832 ], [ 13.726141452960437, 44.996629390327278 ], [ 13.722023263084312, 45.000000000297035 ], [ 13.698431917298544, 45.017610090211335 ], [ 13.674282211071512, 45.040189283952621 ], [ 13.670085128452193, 45.062306147383552 ], [ 13.643781944893462, 45.073127399890872 ], [ 13.647715336942596, 45.085817808181439 ], [ 13.636112930294882, 45.10231986579781 ], [ 13.669733540426403, 45.108209162946423 ], [ 13.696630027992631, 45.105783372785915 ], [ 13.718318618039127, 45.113630283065113 ], [ 13.67261216749985, 45.126326241669645 ], [ 13.641342802403095, 45.117677519967891 ], [ 13.621543999118117, 45.127231943760677 ], [ 13.601899015257551, 45.209619394631645 ], [ 13.602865882777632, 45.252954507671618 ], [ 13.584737122166002, 45.27705728719571 ], [ 13.605986226731101, 45.289090247929607 ], [ 13.574870681957075, 45.298921570734642 ], [ 13.575442012274404, 45.307105748107027 ], [ 13.590406479755607, 45.309406423923647 ], [ 13.603678929974985, 45.321694516279109 ], [ 13.585264504204686, 45.326119902095677 ], [ 13.563883553905336, 45.324343967063932 ], [ 13.551336254326023, 45.347150284068114 ], [ 13.558389990328626, 45.366660026638165 ], [ 13.540437023729888, 45.386192080332272 ], [ 13.519693327513309, 45.461261010171214 ], [ 13.510727831059024, 45.476521153460773 ], [ 13.499999999917415, 45.487723937444152 ], [ 13.496312720204985, 45.491573945938022 ], [ 13.499999999917415, 45.495403285127743 ], [ 13.504426521243452, 45.500000000291124 ], [ 13.505871520666767, 45.501513949423561 ], [ 13.518660537126102, 45.501411458967759 ], [ 13.522294808151932, 45.500000000291124 ], [ 13.534569897538907, 45.495274832036834 ], [ 13.545249385843499, 45.496145593299751 ], [ 13.569706731817673, 45.487858300591711 ], [ 13.576255059471757, 45.498844866640759 ], [ 13.575846414950695, 45.500000000291124 ], [ 13.573903814436994, 45.505540211930537 ], [ 13.552017456687439, 45.509888250032049 ], [ 13.544326467500378, 45.521452091978297 ], [ 13.551555996617562, 45.524379267444871 ], [ 13.568937632898967, 45.520237269365104 ], [ 13.576738493231796, 45.530086818756352 ], [ 13.585747937964728, 45.533920795466727 ], [ 13.607502449980034, 45.528594130841199 ], [ 13.615237387445738, 45.531550199844077 ], [ 13.632706920284432, 45.539203056932507 ], [ 13.656900575688423, 45.542597487769513 ], [ 13.675644614896031, 45.543138821591327 ], [ 13.687598609569534, 45.537900828086215 ], [ 13.698036380994106, 45.538076411508449 ], [ 13.71346230764687, 45.544294625831768 ], [ 13.720559991928118, 45.5419537319288 ], [ 13.729459565515279, 45.535252382121094 ], [ 13.749258368800257, 45.532530643579861 ], [ 13.766266442467394, 45.536583937037811 ], [ 13.730162741566861, 45.570520554322151 ], [ 13.739699568338477, 45.581516272424139 ], [ 13.762289102139613, 45.579220803035767 ], [ 13.787493572444015, 45.572874872990354 ], [ 13.790776410852596, 45.577773551922348 ], [ 13.793582698392845, 45.577383687531629 ], [ 13.832035387760147, 45.572041367622262 ], [ 13.834558803003949, 45.572527155897582 ], [ 13.876774970779341, 45.580653654936121 ], [ 13.917295496590736, 45.602638929560257 ], [ 13.979658431873037, 45.604787291118008 ], [ 13.97896903148634, 45.600658850852554 ] ] ], [ [ [ 20.3739395755217, 38.157445555324713 ], [ 20.374179651179695, 38.189560509075491 ], [ 20.385244953322406, 38.196817033418689 ], [ 20.382887847678724, 38.240688676494841 ], [ 20.401373668852859, 38.251852376410781 ], [ 20.405433129570657, 38.315584482075813 ], [ 20.415014327727416, 38.316626806775567 ], [ 20.423569749542704, 38.308322531687935 ], [ 20.428982363234219, 38.318207637990746 ], [ 20.443605150208899, 38.318051293898236 ], [ 20.449301488698062, 38.300434319168311 ], [ 20.465081003924759, 38.297237088418044 ], [ 20.479332764229213, 38.283525612276328 ], [ 20.498015011023369, 38.282465427555984 ], [ 20.500000000340389, 38.284423083761375 ], [ 20.525929256568844, 38.309990412918658 ], [ 20.529574040578442, 38.331130929316693 ], [ 20.535401330079836, 38.354070994936087 ], [ 20.52553640532879, 38.369609117259273 ], [ 20.530316092122259, 38.371761619217303 ], [ 20.543301999528936, 38.369400806781627 ], [ 20.543323824997078, 38.382158686594344 ], [ 20.540333792455357, 38.427426501981223 ], [ 20.530250617514461, 38.442133687449456 ], [ 20.532062096336027, 38.454826611216987 ], [ 20.558470412427408, 38.462160430733981 ], [ 20.615652056492067, 38.38139501353259 ], [ 20.627372111000962, 38.381967768914258 ], [ 20.650332067804452, 38.323349441001447 ], [ 20.657599811253824, 38.301320482958339 ], [ 20.631671646478441, 38.285072411343947 ], [ 20.647014659528793, 38.251052543010651 ], [ 20.674688829416265, 38.224026855925459 ], [ 20.689137015340744, 38.228688379326101 ], [ 20.700922545355763, 38.253191209125276 ], [ 20.71781513699986, 38.251139481514876 ], [ 20.727265385941024, 38.24112343187867 ], [ 20.738396163589851, 38.237332272620492 ], [ 20.784097828803603, 38.160370434265012 ], [ 20.804307829621681, 38.136393383845295 ], [ 20.823732127959655, 38.117442935206995 ], [ 20.82362300241557, 38.080015170696875 ], [ 20.810178769161041, 38.066837672549326 ], [ 20.795446856642275, 38.059289164499191 ], [ 20.759588292508049, 38.065913763091828 ], [ 20.745620257001246, 38.056708893880064 ], [ 20.720979770591782, 38.060561831914399 ], [ 20.674601529340325, 38.078359399823242 ], [ 20.637389810435746, 38.094793431646735 ], [ 20.617092509541727, 38.105160813527789 ], [ 20.595922206989979, 38.102721563029725 ], [ 20.583831126709175, 38.095507870237931 ], [ 20.573769776338104, 38.081078329944823 ], [ 20.537562010103485, 38.091360542668596 ], [ 20.515104029185817, 38.104986584123274 ], [ 20.500000000340389, 38.128349028561331 ], [ 20.494021025811694, 38.137595037429598 ], [ 20.487037008956605, 38.174296806494404 ], [ 20.493344449773993, 38.181171962787865 ], [ 20.500000000340389, 38.175677514283386 ], [ 20.515060379147847, 38.163242968164532 ], [ 20.525776480986789, 38.16571499639555 ], [ 20.519687290359254, 38.174470869108809 ], [ 20.500132041907371, 38.191387759938131 ], [ 20.500000000340389, 38.191606045809088 ], [ 20.476320907117668, 38.230740745149916 ], [ 20.475469730029765, 38.248426939164744 ], [ 20.462876672964821, 38.255868799237682 ], [ 20.444347201752716, 38.247261905131587 ], [ 20.447926510256202, 38.235140961245783 ], [ 20.454277602009874, 38.218460463212303 ], [ 20.463269524204872, 38.203429058726371 ], [ 20.463989751178861, 38.183156063825855 ], [ 20.454888703439778, 38.140973492937754 ], [ 20.420514241494867, 38.135017553850908 ], [ 20.3739395755217, 38.157445555324713 ] ] ], [ [ [ 18.508449757699537, 42.479999195415388 ], [ 18.505144571003317, 42.474901780428965 ], [ 18.503211615700817, 42.471798646846644 ], [ 18.516858903243854, 42.461151115637826 ], [ 18.523970618311527, 42.455694089125203 ], [ 18.523916613393276, 42.455644119338878 ], [ 18.52092736148753, 42.452871984870669 ], [ 18.519459026528082, 42.451510307025771 ], [ 18.515291440091115, 42.447645284719343 ], [ 18.527053868131965, 42.437113463131965 ], [ 18.527175774007599, 42.437004983752971 ], [ 18.524607723273959, 42.436823688415416 ], [ 18.521028898962413, 42.436571034401844 ], [ 18.500361135540167, 42.447929564281637 ], [ 18.501727271864691, 42.45059266510787 ], [ 18.504410383311495, 42.45582262715098 ], [ 18.502250854029722, 42.457745852359416 ], [ 18.500000000219536, 42.459607045230314 ], [ 18.495036398643009, 42.463711166222879 ], [ 18.487732477342199, 42.471604801925309 ], [ 18.481732803832731, 42.477638177649986 ], [ 18.479554617440822, 42.499999999702688 ], [ 18.477912960632139, 42.516984591326398 ], [ 18.500000000219536, 42.513170051742165 ], [ 18.510425539284888, 42.511369428463532 ], [ 18.540325696717165, 42.52604545373012 ], [ 18.546582337805233, 42.543095701001846 ], [ 18.545001712536951, 42.590032432828806 ], [ 18.581136557130073, 42.596723233126575 ], [ 18.607612026780512, 42.617954458923947 ], [ 18.658148122121148, 42.631926895694896 ], [ 18.675666716449086, 42.63741808724955 ], [ 18.69390976342611, 42.636319887451407 ], [ 18.702142186099532, 42.62540143391896 ], [ 18.694875701189872, 42.596254577566413 ], [ 18.688794685231425, 42.559947218659602 ], [ 18.699485857922923, 42.53746672614043 ], [ 18.713711483540816, 42.53039743307685 ], [ 18.717267889496132, 42.522485987255834 ], [ 18.73393031210319, 42.522987560476032 ], [ 18.762513281512465, 42.512227109051885 ], [ 18.764363283686677, 42.499999999702688 ], [ 18.766925860086978, 42.483195260068371 ], [ 18.772809297886887, 42.46276330916988 ], [ 18.82914101801347, 42.443321019464108 ], [ 18.824816252452926, 42.420995061050903 ], [ 18.798604220047757, 42.409226105707624 ], [ 18.785607969438896, 42.384619876340956 ], [ 18.78742025943917, 42.382124424078306 ], [ 18.805409689553603, 42.35932805859661 ], [ 18.838896703134385, 42.343714235914121 ], [ 18.860907190988215, 42.333864994701038 ], [ 18.911706723574127, 42.302979913289576 ], [ 18.916316880307175, 42.291092013453252 ], [ 18.942629574329818, 42.286528302161528 ], [ 18.9443729752259, 42.276478719839361 ], [ 18.932727170966807, 42.260387938763955 ], [ 18.917787739532571, 42.239196949034245 ], [ 18.893423582091028, 42.239597049818165 ], [ 18.870594165769678, 42.239777336177298 ], [ 18.855133519231185, 42.245823218412831 ], [ 18.847735315249736, 42.253528799621037 ], [ 18.84044687820948, 42.266310235816995 ], [ 18.847164534701353, 42.278766803883542 ], [ 18.830699690252835, 42.298872561539945 ], [ 18.805980470101979, 42.312916978170932 ], [ 18.7786927356868, 42.317892969882301 ], [ 18.761832734921207, 42.313899325260905 ], [ 18.751185469185856, 42.318424362751664 ], [ 18.747694921418965, 42.308359330860981 ], [ 18.738189218576995, 42.301562504630866 ], [ 18.717860623971742, 42.306458871538574 ], [ 18.68754335719348, 42.319857491470067 ], [ 18.661133747528091, 42.345712567237207 ], [ 18.646688590722743, 42.358990121651239 ], [ 18.636348668290495, 42.360084387665466 ], [ 18.62455983966176, 42.386067570201512 ], [ 18.622606012003637, 42.403903621486911 ], [ 18.616107886699208, 42.403646329254336 ], [ 18.613495464580424, 42.409065312428972 ], [ 18.619796011726319, 42.413953248414728 ], [ 18.616042026714151, 42.419789327954568 ], [ 18.598830776587633, 42.422425834307347 ], [ 18.594264526810726, 42.416059444905891 ], [ 18.586800463742534, 42.415368105674254 ], [ 18.571872338504466, 42.418905108485248 ], [ 18.564342416349533, 42.422908110053363 ], [ 18.571718666403758, 42.429161279072396 ], [ 18.564825384782257, 42.429225576205809 ], [ 18.555605072214476, 42.442212143187042 ], [ 18.551719369028831, 42.451018321990418 ], [ 18.566384057021626, 42.455035325410215 ], [ 18.580280385409189, 42.452287723299634 ], [ 18.589610464019852, 42.444397734604401 ], [ 18.603506792407419, 42.438837182379721 ], [ 18.614373589330217, 42.43072045518111 ], [ 18.62598679282933, 42.428775498204352 ], [ 18.641858902802252, 42.421879250167287 ], [ 18.643615153200152, 42.435719198552782 ], [ 18.631936089715985, 42.452223450000616 ], [ 18.62635999611749, 42.46416099146176 ], [ 18.623023121349622, 42.47412057709434 ], [ 18.632748355379036, 42.479870707386752 ], [ 18.649322965870439, 42.47704389420695 ], [ 18.692482810258539, 42.463984274815722 ], [ 18.704052107699823, 42.450905842042431 ], [ 18.716741015005585, 42.426766180827656 ], [ 18.725873514559396, 42.42988461333438 ], [ 18.725807655472654, 42.46313281441833 ], [ 18.728376171533611, 42.480545268899284 ], [ 18.727673671015122, 42.496732544882867 ], [ 18.715336014866924, 42.497856504546455 ], [ 18.695841638953635, 42.487611662325662 ], [ 18.677401012919763, 42.487981019817667 ], [ 18.648905856524458, 42.494147360032493 ], [ 18.644154719987352, 42.499999999702688 ], [ 18.643900543474341, 42.500315620503024 ], [ 18.646776402838395, 42.508618298899492 ], [ 18.646754449809485, 42.515641529333848 ], [ 18.638719606192915, 42.517437665881708 ], [ 18.630553043504552, 42.510867761301839 ], [ 18.62025702713013, 42.507161769084085 ], [ 18.606207026641854, 42.505527178219786 ], [ 18.605967942723929, 42.499999999702688 ], [ 18.605899683338752, 42.49843453313499 ], [ 18.624779370849208, 42.488527022462982 ], [ 18.602167651355497, 42.472915872912509 ], [ 18.590137338510399, 42.47016906112578 ], [ 18.574967729055974, 42.465606836963708 ], [ 18.560654291322422, 42.467936183413016 ], [ 18.547855618872095, 42.47823245607298 ], [ 18.536747336834623, 42.472273354863411 ], [ 18.524365774628595, 42.473815387550957 ], [ 18.508449757699537, 42.479999195415388 ] ] ], [ [ [ 19.653590653436567, 39.772706676788225 ], [ 19.686191045103289, 39.797628305288377 ], [ 19.724740733656652, 39.785968062049534 ], [ 19.775650032285444, 39.794743840403889 ], [ 19.809216360817608, 39.790747091435932 ], [ 19.858084018774306, 39.788296794549197 ], [ 19.885086363813617, 39.816791260816473 ], [ 19.918081911797405, 39.815401563281675 ], [ 19.937773864970911, 39.7952477616127 ], [ 19.9703303505798, 39.787149816477111 ], [ 19.96053925656533, 39.751218809669801 ], [ 19.913757145338543, 39.743254760668421 ], [ 19.886162066721944, 39.721340144914201 ], [ 19.898082614422478, 39.690195403498343 ], [ 19.928992614778032, 39.6669407085027 ], [ 19.975950351134436, 39.661944097293329 ], [ 19.970593787825077, 39.638871394896213 ], [ 19.952504412948759, 39.608525512803887 ], [ 19.952855662309691, 39.553391330524882 ], [ 19.948396746836192, 39.50000000024815 ], [ 19.948377224648439, 39.499767839326786 ], [ 19.97188902281917, 39.472301526698452 ], [ 20.000000000310173, 39.461868234724527 ], [ 20.005947327191407, 39.45964774862837 ], [ 20.028077933273458, 39.472076205559247 ], [ 20.043595546475689, 39.448344057654246 ], [ 20.083469922188055, 39.469476295087759 ], [ 20.112148043847167, 39.418394207329634 ], [ 20.10199939340016, 39.39473037571392 ], [ 20.024258548213659, 39.417179984782919 ], [ 20.000000000310173, 39.42657033178012 ], [ 19.942010818415802, 39.448881545232354 ], [ 19.919091755618993, 39.470932256710185 ], [ 19.911374348776057, 39.50000000024815 ], [ 19.910442223599588, 39.50353558021191 ], [ 19.896282457966748, 39.54017208247565 ], [ 19.862738081565183, 39.582157959657195 ], [ 19.83891894009135, 39.605998988539234 ], [ 19.810950658186599, 39.601555563900874 ], [ 19.767088313280013, 39.666348794565678 ], [ 19.738571202957477, 39.665321637662721 ], [ 19.708978389726614, 39.692057526033921 ], [ 19.710646827110551, 39.718922149952625 ], [ 19.674555888575259, 39.726315031176938 ], [ 19.653590653436567, 39.772706676788225 ] ] ], [ [ [ 20.654849854370095, 37.868363700679161 ], [ 20.709979943056872, 37.924276069649004 ], [ 20.741844522877734, 37.915081757848881 ], [ 20.801405097155897, 37.837300139333095 ], [ 20.823535702339626, 37.821841579110895 ], [ 20.85998354423225, 37.828268568263695 ], [ 20.924149205151995, 37.801862199982573 ], [ 20.953831279481062, 37.78354587682685 ], [ 20.958938342008466, 37.752967926971458 ], [ 20.998921842366599, 37.716706375457662 ], [ 21.000000000370598, 37.713690180080604 ], [ 21.006757037207905, 37.694784240089412 ], [ 21.000000000370598, 37.690338452786101 ], [ 20.99289812724518, 37.685665490534227 ], [ 20.957607013604573, 37.704719605246396 ], [ 20.929278092249223, 37.711852751983983 ], [ 20.913127552148943, 37.702005348310117 ], [ 20.894117929620844, 37.694627629752432 ], [ 20.875326557282602, 37.656422181619966 ], [ 20.8780546895965, 37.641221517631607 ], [ 20.903000727170074, 37.633506807467697 ], [ 20.911577973555193, 37.620008476204333 ], [ 20.91430610497078, 37.601873279380129 ], [ 20.887679538689547, 37.590948198482664 ], [ 20.858390314702216, 37.601646778949082 ], [ 20.847106761471341, 37.628543192558759 ], [ 20.785472807245469, 37.670244575068871 ], [ 20.756685560042271, 37.673795501242111 ], [ 20.693654801906391, 37.743334710446554 ], [ 20.665194930437128, 37.811852571009851 ], [ 20.654849854370095, 37.868363700679161 ] ] ], [ [ [ 14.460103542777476, 45.056953251942552 ], [ 14.465663029221316, 45.071372742080719 ], [ 14.482780974034219, 45.073580677709053 ], [ 14.477902689053481, 45.08535000959688 ], [ 14.481572389634115, 45.094500623105631 ], [ 14.49999999997784, 45.089301187306042 ], [ 14.509391796441783, 45.08665106553363 ], [ 14.52618012691906, 45.086504880639197 ], [ 14.5357828765578, 45.104614280014253 ], [ 14.538485710516671, 45.121213137068516 ], [ 14.536112490893428, 45.147372765791175 ], [ 14.544440733264944, 45.157929595143699 ], [ 14.542001590774577, 45.168747208046149 ], [ 14.531453948204232, 45.20171283737664 ], [ 14.538090173313922, 45.238770732417741 ], [ 14.560174299664851, 45.238595781390295 ], [ 14.614099121429872, 45.187851811197852 ], [ 14.617439208573195, 45.178511940219693 ], [ 14.603661350005297, 45.172615353229105 ], [ 14.607550793775788, 45.16473281581365 ], [ 14.625371914640274, 45.167637804484158 ], [ 14.669232527594991, 45.153257382354539 ], [ 14.681801800864474, 45.150351655505503 ], [ 14.68362566386055, 45.142392996693658 ], [ 14.67149587517415, 45.128473608336947 ], [ 14.669100681860742, 45.118554139795791 ], [ 14.688877511455553, 45.095465297940606 ], [ 14.720432540812665, 45.08377115978859 ], [ 14.739638040090147, 45.080203968092896 ], [ 14.753745512095353, 45.085408484789951 ], [ 14.764359076634506, 45.082323842791695 ], [ 14.768644056709432, 45.064777668819858 ], [ 14.776796505068051, 45.050532036837424 ], [ 14.825930939307938, 45.012794572278651 ], [ 14.833527267623619, 45.000000000297035 ], [ 14.836039096396886, 44.995361347871167 ], [ 14.816306215979033, 44.990834686204757 ], [ 14.795540544275658, 44.994703238414132 ], [ 14.778071012335278, 44.99138047288853 ], [ 14.781301227434513, 44.982085330435226 ], [ 14.764820536704384, 44.974121445448191 ], [ 14.743395637228073, 44.972017895140624 ], [ 14.653103423992331, 44.982069275752195 ], [ 14.625020326614486, 44.998427074072779 ], [ 14.624624262100662, 45.000000000297035 ], [ 14.615922984425948, 45.031512793463065 ], [ 14.600013624013146, 45.036019466699386 ], [ 14.559427175334624, 45.02183979842934 ], [ 14.524488109657232, 45.019966471745043 ], [ 14.49999999997784, 45.028654523067445 ], [ 14.497965183806963, 45.029376388100737 ], [ 14.460103542777476, 45.056953251942552 ] ] ], [ [ [ 20.567942486836714, 38.563047769342013 ], [ 20.571456320732402, 38.595920445022031 ], [ 20.599021364177474, 38.719918917766577 ], [ 20.626673708596801, 38.766836245973728 ], [ 20.645770632099154, 38.77422402196872 ], [ 20.668337738560908, 38.788423768420415 ], [ 20.700355093963825, 38.826785316922752 ], [ 20.749941617946863, 38.832239027170566 ], [ 20.769409567221125, 38.803176664734181 ], [ 20.777113811050203, 38.745016077170149 ], [ 20.786891435725298, 38.706436178659885 ], [ 20.762752925201656, 38.653715826563818 ], [ 20.785669232865491, 38.611706484746733 ], [ 20.779732817820015, 38.580287770843135 ], [ 20.771461121700689, 38.572217389723093 ], [ 20.75511415598038, 38.573542179830902 ], [ 20.742411974269668, 38.565000334693515 ], [ 20.72211467337565, 38.565418735049263 ], [ 20.695924607474129, 38.556788739043476 ], [ 20.674230503568417, 38.565436168255971 ], [ 20.658931139657717, 38.615033999790718 ], [ 20.632195447832402, 38.615748263487674 ], [ 20.596598783027687, 38.588845211677693 ], [ 20.578833188827538, 38.565749965952698 ], [ 20.567942486836714, 38.563047769342013 ] ] ], [ [ [ 16.385275160728767, 43.181307613184885 ], [ 16.415460708435234, 43.184293196099674 ], [ 16.442924068878352, 43.189263462996664 ], [ 16.500000000098691, 43.195623647482613 ], [ 16.513876570939896, 43.197169864988908 ], [ 16.545840322073179, 43.176627213108198 ], [ 16.586826807615704, 43.170477587697789 ], [ 16.614202355044856, 43.171607486746773 ], [ 16.632006339646981, 43.177514903048348 ], [ 16.60961415223904, 43.203558774957713 ], [ 16.588495244999642, 43.2023165398966 ], [ 16.575762431636058, 43.210656773349996 ], [ 16.605596729981595, 43.213753821443689 ], [ 16.627286417769369, 43.195959768391759 ], [ 16.648515090153332, 43.201413079557796 ], [ 16.67389290386653, 43.197492553026343 ], [ 16.70181727971346, 43.201719612125387 ], [ 16.723880170789389, 43.194055833925503 ], [ 16.725351030913103, 43.17527144396324 ], [ 16.752155796895561, 43.169654362370807 ], [ 16.771584312823794, 43.151056172035183 ], [ 16.80558970462917, 43.141948729043641 ], [ 16.829123455828814, 43.147972066938237 ], [ 17.0000000001289, 43.128766422724631 ], [ 17.074691119723049, 43.120369616971338 ], [ 17.11084791734508, 43.1185602416138 ], [ 17.146038778101662, 43.111322199977202 ], [ 17.19086706077201, 43.108785449724451 ], [ 17.211590811694339, 43.095114261708602 ], [ 17.11519463683285, 43.091623253125931 ], [ 17.058533618577627, 43.092382887807219 ], [ 17.0000000001289, 43.096216129446347 ], [ 16.819639705117446, 43.108026019977657 ], [ 16.732090640433896, 43.099800949128429 ], [ 16.652071497006965, 43.108979345230317 ], [ 16.580789697715087, 43.124908974230209 ], [ 16.55178961895983, 43.126088182294147 ], [ 16.500000000098691, 43.145698541865585 ], [ 16.489772039191877, 43.149570654056397 ], [ 16.471902194604692, 43.147923624067623 ], [ 16.450058834716213, 43.149280005224206 ], [ 16.394210083022358, 43.173415282093444 ], [ 16.385275160728767, 43.181307613184885 ] ] ], [ [ [ 16.428061802727022, 43.325190347301458 ], [ 16.428786255376107, 43.331195470958463 ], [ 16.441167818480448, 43.333433153140099 ], [ 16.450168599860778, 43.34386383883804 ], [ 16.479102819529295, 43.342399144265144 ], [ 16.483295866916361, 43.348660061055817 ], [ 16.461672038215323, 43.360809854124057 ], [ 16.458796177952951, 43.36800202142642 ], [ 16.44336313125325, 43.373182423595487 ], [ 16.442485005605139, 43.381000448116687 ], [ 16.464877193911398, 43.38653358083198 ], [ 16.500000000098691, 43.386300494080942 ], [ 16.501231570590281, 43.386292320903834 ], [ 16.597496026379972, 43.384217447829954 ], [ 16.733868842962394, 43.366907966508414 ], [ 16.743242827630883, 43.359200751076763 ], [ 16.749718999906399, 43.363464781470114 ], [ 16.810134002275475, 43.355901954717709 ], [ 16.810419392549662, 43.345746964531514 ], [ 16.825457283830612, 43.344604219836228 ], [ 16.833887283764255, 43.349947572394811 ], [ 16.867497519252559, 43.336411233255276 ], [ 16.880449863803591, 43.321744777748535 ], [ 16.86598275396933, 43.307557909136207 ], [ 16.839748768535248, 43.29646051925436 ], [ 16.827367205430914, 43.289243705462084 ], [ 16.731936968333187, 43.282090476343008 ], [ 16.523404227709094, 43.288502644171736 ], [ 16.500000000098691, 43.297166831160446 ], [ 16.462440396922236, 43.311068704483581 ], [ 16.454186022118222, 43.319281236300498 ], [ 16.446919537208565, 43.3170752345994 ], [ 16.428061802727022, 43.325190347301458 ] ] ], [ [ [ 14.318501443381667, 45.109202830594825 ], [ 14.331444280163735, 45.142874929093786 ], [ 14.350100421915736, 45.170206916602282 ], [ 14.380271074656479, 45.16676194410158 ], [ 14.403190221894924, 45.158396795657765 ], [ 14.411518465164756, 45.140874153412966 ], [ 14.399938032207205, 45.123433742183302 ], [ 14.395301465004803, 45.096123021521507 ], [ 14.404772368909295, 45.07432638429723 ], [ 14.429229714883471, 45.02363989029697 ], [ 14.441293580702744, 45.005943831644949 ], [ 14.446503961165922, 45.000000000297035 ], [ 14.459927748764581, 44.98320917632573 ], [ 14.477924663641964, 44.983706872183049 ], [ 14.488428357035346, 44.972242705697184 ], [ 14.487857026718016, 44.965530119878245 ], [ 14.47218938318523, 44.959266468246035 ], [ 14.479814449505165, 44.939716236027529 ], [ 14.483352304351548, 44.902557148307295 ], [ 14.478759685427796, 44.860354198956749 ], [ 14.47941891320073, 44.829840599426902 ], [ 14.4871758243566, 44.79892416932659 ], [ 14.477595049306339, 44.79193345520811 ], [ 14.489505095701196, 44.762285937228647 ], [ 14.4913948815644, 44.74179764200121 ], [ 14.487637284426475, 44.719044006796253 ], [ 14.496426985969551, 44.67449434518646 ], [ 14.49999999997784, 44.662852359198396 ], [ 14.500668017765831, 44.660675490778445 ], [ 14.505919864462523, 44.632817838402865 ], [ 14.521939096021097, 44.619441380533544 ], [ 14.540529315804289, 44.617357087939737 ], [ 14.526619612400456, 44.600922467800459 ], [ 14.510336689373382, 44.596800959023035 ], [ 14.49999999997784, 44.60231480459651 ], [ 14.477067667267653, 44.614545597401481 ], [ 14.439337871972418, 44.669974523887305 ], [ 14.448105599825329, 44.682257923787418 ], [ 14.447446372052392, 44.719350459008645 ], [ 14.439030232225273, 44.787906159513447 ], [ 14.42966919946655, 44.796250402164326 ], [ 14.37073424788486, 44.919677121195463 ], [ 14.382600345102759, 44.938816474555203 ], [ 14.401278462341558, 44.930653706523799 ], [ 14.413034688413685, 44.914437186303374 ], [ 14.426438984367312, 44.908409058906948 ], [ 14.446875040836746, 44.905386718048383 ], [ 14.453928776839348, 44.912894046128692 ], [ 14.452720193337564, 44.923566577650632 ], [ 14.438832463623898, 44.939539497820078 ], [ 14.427669542457579, 44.96002135466609 ], [ 14.439535639675478, 44.965369522353164 ], [ 14.425625936271645, 44.977477331425533 ], [ 14.404728420630651, 44.982133495732178 ], [ 14.391983352449961, 44.996179960838198 ], [ 14.394529388170932, 45.000000000297035 ], [ 14.40050936342285, 45.008183587829976 ], [ 14.40268481444472, 45.022834977953025 ], [ 14.396773739975091, 45.043524917755548 ], [ 14.384534080142922, 45.058576724519241 ], [ 14.363834331306672, 45.064865413380566 ], [ 14.352913127020374, 45.077586910270846 ], [ 14.349660937332656, 45.090217851981905 ], [ 14.332674838253999, 45.090685610434925 ], [ 14.318501443381667, 45.109202830594825 ] ] ], [ [ [ 14.771632554928649, 44.701428345119474 ], [ 14.78393813852626, 44.716576203472066 ], [ 14.801363722187995, 44.711608016790962 ], [ 14.846081331517025, 44.654426858741822 ], [ 14.886074475289732, 44.617147039070041 ], [ 14.890491300200592, 44.636209924803893 ], [ 14.908356369343725, 44.636080706262867 ], [ 14.955996554024843, 44.575267351093025 ], [ 14.984826776631234, 44.557817946728761 ], [ 15.000000000008052, 44.545444683317982 ], [ 15.011119258559985, 44.536366883511242 ], [ 15.034279805573156, 44.523421216057869 ], [ 15.076975302706055, 44.500000000095532 ], [ 15.085211057230863, 44.495519923063178 ], [ 15.07102933856911, 44.489018299902192 ], [ 15.052662806478184, 44.500000000095532 ], [ 15.000000000008052, 44.531749443442884 ], [ 14.957315009570717, 44.557445937294972 ], [ 14.953579386122957, 44.541835557733684 ], [ 14.982958965356513, 44.523291744894713 ], [ 15.000000000008052, 44.509806458902496 ], [ 15.012377782103362, 44.500000000095532 ], [ 15.019000430075845, 44.494797556884684 ], [ 15.072917307140493, 44.444739706676074 ], [ 15.098339026911518, 44.435870288052627 ], [ 15.098470745084999, 44.461253777810249 ], [ 15.119106682993358, 44.454298521098991 ], [ 15.150565512665002, 44.412597691086468 ], [ 15.235655827330477, 44.345749671465839 ], [ 15.26489739120041, 44.325596562976187 ], [ 15.254140359422177, 44.313279131302274 ], [ 15.229969967689101, 44.327029402275976 ], [ 15.216534655603661, 44.332679919810722 ], [ 15.222286374331777, 44.310960264165203 ], [ 15.211178092294299, 44.31057377777001 ], [ 15.188259029497489, 44.320106369252052 ], [ 15.18369277882227, 44.311443369361754 ], [ 15.200311295371499, 44.28845924900628 ], [ 15.191837388481719, 44.284399444306494 ], [ 15.13669113730635, 44.327834353163922 ], [ 15.124616918403426, 44.349837390144295 ], [ 15.143738090130244, 44.370352115341156 ], [ 15.107756917637834, 44.378604234552206 ], [ 15.050129962517165, 44.417307608826349 ], [ 15.000274413767784, 44.467389131284392 ], [ 15.000000000008052, 44.467461673562212 ], [ 14.969686515137136, 44.475466891966398 ], [ 14.95001955668809, 44.474069825517262 ], [ 14.931077748879112, 44.488841702171321 ], [ 14.928100465227898, 44.500000000095532 ], [ 14.924837060972173, 44.512334185982972 ], [ 14.935011140928246, 44.527159575197345 ], [ 14.900247869263747, 44.553790413135616 ], [ 14.88091052515033, 44.582268271028092 ], [ 14.875526832719389, 44.601924516057608 ], [ 14.771632554928649, 44.701428345119474 ] ] ], [ [ [ 22.924655546072625, 36.323433076997453 ], [ 22.928322155550372, 36.342504668097085 ], [ 22.958026054449267, 36.373377456734595 ], [ 22.97282344157583, 36.369488651500212 ], [ 22.989563258536194, 36.348218280781524 ], [ 22.999999999593133, 36.32429463922486 ], [ 23.000694037083328, 36.322703469112838 ], [ 23.039564459227421, 36.307797113074677 ], [ 23.073895270236044, 36.279557499888355 ], [ 23.10503962308292, 36.261304882112277 ], [ 23.118592982779845, 36.23934388904884 ], [ 23.10039088640336, 36.222960377983974 ], [ 23.079307883927555, 36.222873407579762 ], [ 23.070054060606417, 36.204590033090355 ], [ 23.071603639200166, 36.188512412281284 ], [ 23.072258391566358, 36.155755271825178 ], [ 23.080224536521573, 36.126502375203764 ], [ 23.0648815225729, 36.119135180249913 ], [ 23.04390764474287, 36.124708536607173 ], [ 23.021056812585144, 36.130716863568956 ], [ 23.002723766993068, 36.130211833577469 ], [ 22.999999999593133, 36.128720286021526 ], [ 22.991592989344245, 36.124116385847955 ], [ 22.990458085662063, 36.130298908525731 ], [ 22.9576768541455, 36.153492047743391 ], [ 22.942595741322972, 36.182021260827703 ], [ 22.936310125075412, 36.225395514065923 ], [ 22.945105622548702, 36.235257031858055 ], [ 22.932905416723809, 36.241726340650644 ], [ 22.941002511792938, 36.266607276357874 ], [ 22.943490568448844, 36.285988349287919 ], [ 22.934869672025751, 36.307727612811384 ], [ 22.924655546072625, 36.323433076997453 ] ] ], [ [ [ 16.655122981500643, 42.986698803266414 ], [ 16.6885136858015, 42.987726521757345 ], [ 16.725175405783482, 42.985751359385119 ], [ 16.757666031407314, 42.980451827476671 ], [ 16.779597204309766, 42.967265238710276 ], [ 16.87941806695309, 42.952549434331672 ], [ 16.912479474023613, 42.953690196749179 ], [ 16.947450802694437, 42.961867713508909 ], [ 17.0000000001289, 42.965758516473919 ], [ 17.038358696073079, 42.968598481940461 ], [ 17.136489168303555, 42.956919563066478 ], [ 17.162854871911119, 42.932542467303172 ], [ 17.187398466932351, 42.919843887432087 ], [ 17.19172323249289, 42.912480718427993 ], [ 17.131461902224526, 42.911114094083111 ], [ 17.042968852806126, 42.920004645567268 ], [ 17.002026273321427, 42.917593231162044 ], [ 17.0000000001289, 42.917256417712728 ], [ 16.939547678149662, 42.907206987820089 ], [ 16.922665724355152, 42.912368174202328 ], [ 16.857684472209176, 42.908991746556921 ], [ 16.775821266268686, 42.923653738033835 ], [ 16.700192748387352, 42.925839874858823 ], [ 16.693277513736941, 42.920213630115327 ], [ 16.680127591925686, 42.921853331777953 ], [ 16.669809622522347, 42.939742515769233 ], [ 16.68899665423422, 42.947696940189765 ], [ 16.727238999484488, 42.951938876654665 ], [ 16.729148921084782, 42.961771324842708 ], [ 16.702497826304718, 42.9636026841522 ], [ 16.665550716048546, 42.979247324508265 ], [ 16.655122981500643, 42.986698803266414 ] ] ], [ [ [ 24.976188864924275, 37.651390465171517 ], [ 24.988891047533304, 37.661105373899616 ], [ 24.999999999713978, 37.656529265753043 ], [ 25.006853081726518, 37.653706142182649 ], [ 25.024444114402332, 37.661227237560354 ], [ 25.048364426838411, 37.663908182773 ], [ 25.07119348383365, 37.660774600701536 ], [ 25.071870061667976, 37.642771327658373 ], [ 25.085183374452996, 37.632862427032265 ], [ 25.107444979157982, 37.628490941916951 ], [ 25.135075558296297, 37.638052140336839 ], [ 25.169930247015682, 37.635091610918529 ], [ 25.182501505561937, 37.621767753686342 ], [ 25.195989419397154, 37.628891526842601 ], [ 25.242673313322349, 37.621419385021973 ], [ 25.276785947802974, 37.603807215731521 ], [ 25.282918801943207, 37.57528086762175 ], [ 25.260897273794534, 37.554205766400869 ], [ 25.246012553354362, 37.523567296837356 ], [ 25.223532698459525, 37.522869631505742 ], [ 25.200005238161815, 37.53492087966918 ], [ 25.157206211989052, 37.546080921096909 ], [ 25.128920879586236, 37.543134136558621 ], [ 25.086100028843646, 37.574967138222902 ], [ 25.046421992513039, 37.599643090949627 ], [ 25.021170348978124, 37.615618808556768 ], [ 24.999999999713978, 37.632290699342192 ], [ 24.999716274018013, 37.632514111516642 ], [ 24.976188864924275, 37.651390465171517 ] ] ], [ [ [ 20.644439303695265, 38.454098389380881 ], [ 20.646490858174829, 38.47540447805622 ], [ 20.672746399582469, 38.468002674925003 ], [ 20.690992145098605, 38.475179141885455 ], [ 20.689290741340375, 38.499999999878447 ], [ 20.689289790922807, 38.500013959658972 ], [ 20.689533438282368, 38.499999999878447 ], [ 20.716090958254235, 38.498489019467257 ], [ 20.712053323004582, 38.462177766977184 ], [ 20.747104360987194, 38.460912174161138 ], [ 20.761465246835733, 38.44003532316075 ], [ 20.737523161932117, 38.37703844957349 ], [ 20.782373649159659, 38.349678044023982 ], [ 20.79583970788233, 38.370893682703382 ], [ 20.815023931460622, 38.378062526350156 ], [ 20.846997635927256, 38.358932444692428 ], [ 20.861795023053819, 38.334430859397841 ], [ 20.868844516313334, 38.302241387121462 ], [ 20.872402000246993, 38.290876956811822 ], [ 20.894161579658817, 38.282952071846744 ], [ 20.864043004051727, 38.260736889902191 ], [ 20.826918586121405, 38.26630001989799 ], [ 20.797301986400132, 38.291050738313878 ], [ 20.767641737539208, 38.331929873345423 ], [ 20.75435027896842, 38.342940507847089 ], [ 20.712293398662577, 38.37146652190949 ], [ 20.644439303695265, 38.454098389380881 ] ] ], [ [ [ 13.568378118122569, 45.771046247568592 ], [ 13.582254031396989, 45.754179779540607 ], [ 13.590432392558295, 45.734821091940738 ], [ 13.601244087719882, 45.70921877130796 ], [ 13.593526823709077, 45.714535646557884 ], [ 13.57574965202155, 45.714973213721066 ], [ 13.563839605626692, 45.72818610705221 ], [ 13.555840976692489, 45.730402531789188 ], [ 13.567355485884597, 45.710772429869877 ], [ 13.550830846875815, 45.701100666905056 ], [ 13.556148616439634, 45.690828957382998 ], [ 13.572541410612477, 45.682058566491598 ], [ 13.569838577551923, 45.677329861301729 ], [ 13.520550322989303, 45.674658841443879 ], [ 13.499999999917415, 45.675166707199068 ], [ 13.491610229237144, 45.675374045254024 ], [ 13.489918211975318, 45.678541265819916 ], [ 13.490467568602483, 45.682350449119454 ], [ 13.486336407951974, 45.688523398069741 ], [ 13.481838278321378, 45.692756798648141 ], [ 13.477230936010116, 45.695865250811167 ], [ 13.474975718184281, 45.696752930971215 ], [ 13.46924703046342, 45.69786718010738 ], [ 13.464321061110772, 45.698613307292845 ], [ 13.452254338648892, 45.700181543061419 ], [ 13.4408936488812, 45.704981244354357 ], [ 13.438896850311462, 45.707190570523814 ], [ 13.443970044556021, 45.711881000694135 ], [ 13.436432875691695, 45.72744241812233 ], [ 13.431576565299439, 45.762326717807362 ], [ 13.447485925712241, 45.781705496906135 ], [ 13.469723871487588, 45.799810514285092 ], [ 13.492994607650143, 45.814968729846804 ], [ 13.499999999917415, 45.812236799864927 ], [ 13.519539507190579, 45.804616161659339 ], [ 13.55924698580462, 45.78214253376558 ], [ 13.568378118122569, 45.771046247568592 ] ] ], [ [ [ 14.872582282778813, 44.17320906060975 ], [ 14.891260399119297, 44.177292735513582 ], [ 14.929407706205762, 44.143630237304492 ], [ 15.000000000008052, 44.103563587773301 ], [ 15.009494727233877, 44.098167310570744 ], [ 15.039570508897464, 44.074015961460859 ], [ 15.054630353207326, 44.024372705941545 ], [ 15.100027455403785, 44.000000000164377 ], [ 15.132080980573303, 43.982930582393379 ], [ 15.198401373771203, 43.910002440414218 ], [ 15.244744421724775, 43.871308687468016 ], [ 15.229421140169638, 43.862894352144259 ], [ 15.198994107348492, 43.86553301038758 ], [ 15.041996438068319, 44.000000000164377 ], [ 15.039504649810725, 44.002149891029468 ], [ 15.004730898400123, 44.067952317112486 ], [ 15.000000000008052, 44.072294956270554 ], [ 14.963951234680405, 44.105342905838626 ], [ 14.903236368381281, 44.139834930494743 ], [ 14.873922712014851, 44.159261083047255 ], [ 14.872582282778813, 44.17320906060975 ] ] ], [ [ [ 20.002418149172353, 39.873052309918094 ], [ 20.016510654346611, 39.877597524865934 ], [ 20.067930482619364, 39.879211571111497 ], [ 20.08565242767985, 39.841523143384897 ], [ 20.107390181623526, 39.803952849524002 ], [ 20.107150105965534, 39.767978534901268 ], [ 20.083404446681939, 39.725845388984261 ], [ 20.066642804253437, 39.705595552281679 ], [ 20.06822425776841, 39.705074737955137 ], [ 20.034734574394601, 39.713494397028548 ], [ 20.000000000310173, 39.711254901708443 ], [ 19.996125273638985, 39.711006533695056 ], [ 19.98481941344297, 39.735620227655296 ], [ 20.000000000310173, 39.756214161854921 ], [ 20.00404854739558, 39.761737582281377 ], [ 20.004899724483483, 39.798184332560503 ], [ 20.027335880831323, 39.84266920658618 ], [ 20.01162184200906, 39.86183686455945 ], [ 20.002418149172353, 39.873052309918094 ] ] ], [ [ [ 20.328774412941709, 39.399352247877978 ], [ 20.345457878584295, 39.396673752216351 ], [ 20.387689359940335, 39.357188220060401 ], [ 20.405147566819931, 39.328939893019196 ], [ 20.438672687833378, 39.306752885187166 ], [ 20.500000000340389, 39.278785429699369 ], [ 20.504366101878727, 39.276793901438943 ], [ 20.516784557893473, 39.27112735061614 ], [ 20.556484332555637, 39.237674866054249 ], [ 20.581779571331293, 39.212905494947535 ], [ 20.571696396390397, 39.206798769767559 ], [ 20.536667182977613, 39.206224605169126 ], [ 20.51054832652866, 39.212912786566037 ], [ 20.509402015140687, 39.213647834254587 ], [ 20.501659795032971, 39.218611580502269 ], [ 20.500000000340389, 39.220034547097328 ], [ 20.486360432020593, 39.231726846157578 ], [ 20.480576792557166, 39.261531402242227 ], [ 20.411675094881922, 39.27938367393466 ], [ 20.361455644000841, 39.300550142574593 ], [ 20.334196150821565, 39.324419845726318 ], [ 20.33085691707776, 39.364149722112607 ], [ 20.328774412941709, 39.399352247877978 ] ] ], [ [ [ 16.050665618998355, 43.047855512396616 ], [ 16.063398431463622, 43.062863293092306 ], [ 16.162714372645308, 43.075992066559948 ], [ 16.175447185110578, 43.060987522725028 ], [ 16.19581968577366, 43.059111694556776 ], [ 16.218738749468788, 43.079742624002684 ], [ 16.234018124067784, 43.066614659764568 ], [ 16.231471561934057, 43.047855512396616 ], [ 16.218498142906455, 43.038389328844737 ], [ 16.209920397956356, 43.033329052197026 ], [ 16.198366248805705, 43.029090585075693 ], [ 16.172095162052074, 43.023403023852595 ], [ 16.168997576018011, 43.022653369042857 ], [ 16.142341871982225, 43.015951696727207 ], [ 16.099050307624019, 43.012197208272433 ], [ 16.065944994495666, 43.014074481397699 ], [ 16.086317495158749, 43.032844033189726 ], [ 16.060851869329895, 43.034720669891009 ], [ 16.050665618998355, 43.047855512396616 ] ] ], [ [ [ 14.714477518064392, 44.789452674781543 ], [ 14.72194876495991, 44.79710408849445 ], [ 14.740714778755997, 44.792465037412661 ], [ 14.753613666361103, 44.797297374248338 ], [ 14.753240103746833, 44.810213820475617 ], [ 14.720959923749664, 44.828327370593442 ], [ 14.726980869365061, 44.838709888920555 ], [ 14.741637697099119, 44.83455710782242 ], [ 14.761238732681038, 44.824270433541841 ], [ 14.76167821816243, 44.835361934181144 ], [ 14.784048009672031, 44.833671785949335 ], [ 14.797715996195841, 44.821919854381527 ], [ 14.781762686606076, 44.813531041613004 ], [ 14.813713253165933, 44.786665695582883 ], [ 14.851047513055047, 44.763446344992666 ], [ 14.873065716538855, 44.741313958708204 ], [ 14.865352752763316, 44.724769547504366 ], [ 14.835094203465285, 44.747246856143171 ], [ 14.797254537024278, 44.768635662620198 ], [ 14.777192041372487, 44.774742983990308 ], [ 14.761370578415288, 44.765589815590261 ], [ 14.739462246077251, 44.770795053503278 ], [ 14.714477518064392, 44.789452674781543 ] ] ], [ [ [ 15.295060985877964, 43.984632608545496 ], [ 15.311657548499968, 43.994217630584586 ], [ 15.343840830820699, 43.976362870171123 ], [ 15.454462631300084, 43.89295843685079 ], [ 15.479906304100023, 43.869024225390888 ], [ 15.470049350998812, 43.856104093063777 ], [ 15.438085599865527, 43.86694882758659 ], [ 15.317277549054603, 43.96333768859855 ], [ 15.295060985877964, 43.984632608545496 ] ] ], [ [ [ 24.120361185323024, 35.473428942888162 ], [ 24.116107108192189, 35.471349067744505 ], [ 24.078262464186196, 35.477123078687001 ], [ 24.053643802346564, 35.4886005004278 ], [ 24.046572484517213, 35.496661446760385 ], [ 24.047783230263892, 35.500000000299181 ], [ 24.052770799790519, 35.513838046772761 ], [ 24.072522474760746, 35.533037097997372 ], [ 24.070798295116802, 35.543829079877462 ], [ 24.063421426123348, 35.558977225905181 ], [ 24.076254558846284, 35.571944114132933 ], [ 24.103928727835441, 35.573042020124987 ], [ 24.142886450953789, 35.562079711710496 ], [ 24.158185813966174, 35.529689368480717 ], [ 24.143301126763667, 35.510349983767135 ], [ 24.11505583945959, 35.500000000299181 ], [ 24.113837302624457, 35.499556254160765 ], [ 24.112686659560179, 35.500000000299181 ], [ 24.087363511925279, 35.509826760579621 ], [ 24.064469028831272, 35.50916400715213 ], [ 24.059575013451596, 35.500000000299181 ], [ 24.057725087634179, 35.496557439987455 ], [ 24.11433927940859, 35.481839077175678 ], [ 24.120361185323024, 35.473428942888162 ] ] ], [ [ [ 16.18923374835358, 43.383622315489532 ], [ 16.191319295083495, 43.404142925914087 ], [ 16.218958280656235, 43.407021041774463 ], [ 16.263171875822064, 43.399109913147427 ], [ 16.277331641454904, 43.393272377229508 ], [ 16.288593594694774, 43.396183175158711 ], [ 16.290766954438663, 43.378844962602038 ], [ 16.301589845303635, 43.376335493953043 ], [ 16.314805627099943, 43.389219539964841 ], [ 16.321633048736388, 43.387530776834602 ], [ 16.322269690168135, 43.384265701032142 ], [ 16.349667190626196, 43.370753159892224 ], [ 16.372235004062077, 43.347147199463201 ], [ 16.391905004206674, 43.339839868284976 ], [ 16.385187347714798, 43.330004153786156 ], [ 16.37276187855263, 43.332821421029031 ], [ 16.36736141008376, 43.339662806976015 ], [ 16.358777738049412, 43.336910248663756 ], [ 16.275904688287333, 43.362740722098941 ], [ 16.18923374835358, 43.383622315489532 ] ] ], [ [ [ 14.384380259820192, 44.647612332817289 ], [ 14.385742663644709, 44.658754148843855 ], [ 14.387127042057704, 44.672944732624991 ], [ 14.396751765386611, 44.670926944596836 ], [ 14.414616834529744, 44.658754148843855 ], [ 14.431119500746671, 44.658754148843855 ], [ 14.426652133922982, 44.646669054745416 ], [ 14.426307138633062, 44.645831864316463 ], [ 14.421494776519452, 44.634433142385276 ], [ 14.428372718509159, 44.611103758191582 ], [ 14.427010314684642, 44.589785635615662 ], [ 14.436635038013549, 44.574572063298746 ], [ 14.444875383827775, 44.550199363032114 ], [ 14.45863126780719, 44.533939791456149 ], [ 14.484758656454712, 44.516672138352924 ], [ 14.49999999997784, 44.509700036192669 ], [ 14.513632827339746, 44.503463032386534 ], [ 14.531497897381195, 44.503463032386534 ], [ 14.531497897381195, 44.500000000095532 ], [ 14.531497897381195, 44.496386751099351 ], [ 14.520510769329452, 44.483270577906893 ], [ 14.50950166758755, 44.486305060865085 ], [ 14.49999999997784, 44.489088527811624 ], [ 14.49574578450645, 44.490334736879234 ], [ 14.487505438692224, 44.499404495742041 ], [ 14.486624150974315, 44.500000000095532 ], [ 14.469618394960612, 44.51158957940148 ], [ 14.449006543579967, 44.524796830480241 ], [ 14.435250660498868, 44.535978555421046 ], [ 14.404992111200833, 44.534959182421744 ], [ 14.399498547624125, 44.550199363032114 ], [ 14.407760867128514, 44.562378911903629 ], [ 14.413020625287912, 44.561734090587017 ], [ 14.419981849189298, 44.561182744810402 ], [ 14.423554203834168, 44.56108926271699 ], [ 14.428372718509159, 44.561376177172669 ], [ 14.40912327095303, 44.594861323706837 ], [ 14.396751765386611, 44.61617757150222 ], [ 14.388489445882222, 44.633415506120024 ], [ 14.384380259820192, 44.647612332817289 ] ] ], [ [ [ 23.456423004566759, 37.736830704794151 ], [ 23.471002140605151, 37.747195103840717 ], [ 23.499999999623348, 37.747195103840717 ], [ 23.505005575879842, 37.747195103840717 ], [ 23.563278472690392, 37.743839007304047 ], [ 23.572444995037273, 37.739300208001403 ], [ 23.575194951921002, 37.732674099800093 ], [ 23.566224855194147, 37.728169396590246 ], [ 23.566530405459943, 37.721281361754158 ], [ 23.55566152803895, 37.719106974146619 ], [ 23.551034616827536, 37.713609835542002 ], [ 23.548721161221827, 37.700526383525073 ], [ 23.540624065254384, 37.674596176193418 ], [ 23.517947834146867, 37.662915896501481 ], [ 23.499999999623348, 37.6642246846015 ], [ 23.498610834986515, 37.664325983780358 ], [ 23.487283631717666, 37.667650897887739 ], [ 23.484926526073991, 37.67412621592716 ], [ 23.492041493941304, 37.675884201218338 ], [ 23.493656548041166, 37.687562422622477 ], [ 23.487894733147574, 37.707068400667318 ], [ 23.482678545076084, 37.713801198625653 ], [ 23.472769970287072, 37.71733262665272 ], [ 23.459871362956335, 37.71820240985484 ], [ 23.456423004566759, 37.736830704794151 ] ] ], [ [ [ 15.113420824250298, 44.143274942527434 ], [ 15.139149887324427, 44.132841231590433 ], [ 15.181409653933816, 44.101739056340911 ], [ 15.214408495141432, 44.082163382916605 ], [ 15.218188823249305, 44.080003156116661 ], [ 15.246720203310126, 44.064960688897074 ], [ 15.264442742157019, 44.052703934258155 ], [ 15.277454578536059, 44.036653969887439 ], [ 15.285138172791697, 44.016831161450831 ], [ 15.303183642508504, 44.004642889610132 ], [ 15.281603719865293, 44.003542098149389 ], [ 15.265929188050913, 44.013998786586747 ], [ 15.233987389946543, 44.04406355839442 ], [ 15.183495200663733, 44.073466216818261 ], [ 15.154209731634289, 44.092817365705294 ], [ 15.114628245332105, 44.119804560245313 ], [ 15.113420824250298, 44.143274942527434 ] ] ], [ [ [ 15.256840593656612, 43.830545143812458 ], [ 15.286894423189603, 43.825328991033537 ], [ 15.308101142544652, 43.811030516220356 ], [ 15.366452550314406, 43.757654539523422 ], [ 15.400062785802712, 43.739405807147989 ], [ 15.380612316845562, 43.731601635985939 ], [ 15.364696300814822, 43.732891652147138 ], [ 15.341711378032953, 43.743323630734814 ], [ 15.272756609687358, 43.808421638680507 ], [ 15.256840593656612, 43.830545143812458 ] ] ], [ [ [ 14.957974237343651, 44.21224250481211 ], [ 14.979223341908753, 44.213549085845578 ], [ 15.000000000008052, 44.20169862661924 ], [ 15.034060274385709, 44.182247642487141 ], [ 15.057045197167575, 44.166606786164344 ], [ 15.055293118545853, 44.13960817311083 ], [ 15.040370481115856, 44.141532351394211 ], [ 15.025213165106086, 44.141805290229939 ], [ 15.014609805428563, 44.150945604534392 ], [ 15.000000000008052, 44.164661903228797 ], [ 14.995154676910037, 44.169205813905521 ], [ 14.979223341908753, 44.191381649447372 ], [ 14.957974237343651, 44.21224250481211 ] ] ], [ [ [ 14.798880631418983, 44.379971432051157 ], [ 14.80116595358662, 44.411906442550006 ], [ 14.822151367581533, 44.423142233634699 ], [ 14.83843429060861, 44.41065252878623 ], [ 14.840104334180273, 44.383847663110487 ], [ 14.862979533140074, 44.365107469924304 ], [ 14.849399443173551, 44.346296863076546 ], [ 14.811493853865423, 44.365284443795971 ], [ 14.798880631418983, 44.379971432051157 ] ] ], [ [ [ 20.793438952200681, 38.597941811342665 ], [ 20.803914978381627, 38.616758671595441 ], [ 20.820938521037959, 38.629300481769882 ], [ 20.834033553988718, 38.639750300355253 ], [ 20.849747592810981, 38.637660459503202 ], [ 20.849180141419048, 38.624998193330143 ], [ 20.865963609315692, 38.620625965879654 ], [ 20.872991276208751, 38.607978089536445 ], [ 20.862864451229886, 38.59937067326134 ], [ 20.846953985889282, 38.600294190586581 ], [ 20.817577462724326, 38.604737362541663 ], [ 20.807712537973284, 38.592626889429809 ], [ 20.809567667731137, 38.574814653301644 ], [ 20.814041803360492, 38.560362904034946 ], [ 20.834120854064658, 38.546605743854336 ], [ 20.829035616107081, 38.541461383458945 ], [ 20.818406814344083, 38.542315896146221 ], [ 20.803587602647688, 38.559316825408168 ], [ 20.794268303820441, 38.573699061359513 ], [ 20.793438952200681, 38.597941811342665 ] ] ], [ [ [ 20.906972886913614, 38.541461383458945 ], [ 20.907191137103467, 38.556492336587027 ], [ 20.916117584690667, 38.574361446071507 ], [ 20.931024097361313, 38.587869262011694 ], [ 20.955577283694833, 38.622158889131754 ], [ 20.9748706319189, 38.631077059138271 ], [ 20.984626431125857, 38.615852788765181 ], [ 20.96408905457384, 38.580008896447744 ], [ 20.951168622673279, 38.568312600250948 ], [ 20.939317618050467, 38.556997963274583 ], [ 20.926288060605817, 38.549814241283727 ], [ 20.906972886913614, 38.541461383458945 ] ] ], [ [ [ 23.469430737441581, 37.543465437637757 ], [ 23.474908825740894, 37.546882984484434 ], [ 23.485537627503895, 37.540867298741276 ], [ 23.497999733556611, 37.544651134748122 ], [ 23.499942163390411, 37.549934231549017 ], [ 23.496428329494723, 37.56677485049633 ], [ 23.499745737770379, 37.574845132621221 ], [ 23.499999999623348, 37.574321122268245 ], [ 23.503128621552158, 37.56787301865279 ], [ 23.505725802853831, 37.549498347027232 ], [ 23.515481602959103, 37.550143455034764 ], [ 23.528445684897637, 37.548940410830866 ], [ 23.539882013710571, 37.534606978877079 ], [ 23.544618050466063, 37.526549742824223 ], [ 23.55336989790138, 37.53490344045337 ], [ 23.561663418590538, 37.530473831569765 ], [ 23.546800555957859, 37.513241174368368 ], [ 23.533945598665092, 37.507152970431065 ], [ 23.521046991334355, 37.503367215979466 ], [ 23.508104733965652, 37.503838265502836 ], [ 23.501579042958411, 37.510170968144543 ], [ 23.499999999623348, 37.510947655882475 ], [ 23.49505335105286, 37.513380725975431 ], [ 23.486650705717935, 37.512211971350581 ], [ 23.484926526073991, 37.51758460085378 ], [ 23.480190489318495, 37.535478921675676 ], [ 23.469430737441581, 37.543465437637757 ] ] ], [ [ [ 20.197614958330888, 39.229691881128836 ], [ 20.213590898279289, 39.2420920722342 ], [ 20.241941644204466, 39.227639462161825 ], [ 20.263461147958296, 39.19818581167425 ], [ 20.267171407474006, 39.15957972766769 ], [ 20.228890261291674, 39.186456556404515 ], [ 20.197614958330888, 39.229691881128836 ] ] ], [ [ [ 14.671254158294129, 44.394429584822262 ], [ 14.681867723731598, 44.410025561431908 ], [ 14.708434597860515, 44.402228096064903 ], [ 14.740275293274602, 44.385343401337543 ], [ 14.738517353145651, 44.371043858214954 ], [ 14.7526687734295, 44.360634668676418 ], [ 14.75798654299332, 44.346329050468619 ], [ 14.731441642554566, 44.345041533170416 ], [ 14.717268248580551, 44.355437420781008 ], [ 14.713730393734163, 44.371043858214954 ], [ 14.690723348141796, 44.38273789722912 ], [ 14.671254158294129, 44.394429584822262 ] ] ], [ [ [ 15.536194118168774, 43.822736843697797 ], [ 15.548575681273116, 43.822736843697797 ], [ 15.568026150230263, 43.811030516220356 ], [ 15.617530448720398, 43.777186724093497 ], [ 15.644049824428665, 43.755043315284901 ], [ 15.631668262222639, 43.752431976300166 ], [ 15.575095056981384, 43.77978086225859 ], [ 15.555644588024236, 43.791509465622553 ], [ 15.536194118168774, 43.822736843697797 ] ] ], [ [ [ 23.315585926636583, 35.873104581178715 ], [ 23.326389328551468, 35.874771205689825 ], [ 23.350156813303201, 35.849177675644007 ], [ 23.376303228268437, 35.845270195353486 ], [ 23.380100787860094, 35.835040362308696 ], [ 23.382523369009881, 35.823957988265448 ], [ 23.378660334810434, 35.815097914137553 ], [ 23.367485906225323, 35.806254218924011 ], [ 23.350855214809052, 35.80851301754663 ], [ 23.338043907554251, 35.835474592134375 ], [ 23.319776336569973, 35.852980769403622 ], [ 23.315585926636583, 35.873104581178715 ] ] ], [ [ [ 14.897808727671697, 44.445077103365904 ], [ 14.917277917519364, 44.4619605011762 ], [ 14.936747107367029, 44.455471174937372 ], [ 14.954436382497267, 44.442490344625739 ], [ 14.973905572344936, 44.419107886397036 ], [ 14.970367717498553, 44.407421163658448 ], [ 14.943822817059798, 44.421711760190497 ], [ 14.915498002801931, 44.43858588803613 ], [ 14.897808727671697, 44.445077103365904 ] ] ], [ [ [ 14.825249737844837, 44.250024780819459 ], [ 14.83586330238399, 44.264354046269823 ], [ 14.850014722667842, 44.263048600695456 ], [ 14.874801682079326, 44.246123516842836 ], [ 14.899588642389126, 44.216146030067151 ], [ 14.885415247516795, 44.212226374095358 ], [ 14.871241852644463, 44.22396842774954 ], [ 14.850014722667842, 44.230467479168112 ], [ 14.83586330238399, 44.239593959945708 ], [ 14.825249737844837, 44.250024780819459 ] ] ], [ [ [ 21.729035397691188, 36.656900181027609 ], [ 21.739707849492159, 36.684419309316333 ], [ 21.750380301293131, 36.694494988264971 ], [ 21.755225463592712, 36.70107217364513 ], [ 21.762995182927902, 36.699140837261886 ], [ 21.766858218025668, 36.670843750182812 ], [ 21.761052753094109, 36.655733749613759 ], [ 21.754745312276722, 36.644869412577712 ], [ 21.753613972211269, 36.64306121500011 ], [ 21.752781712744937, 36.641731176957833 ], [ 21.74165027932596, 36.623937277836326 ], [ 21.741309236623287, 36.623580362635089 ], [ 21.735342838508572, 36.617336022942922 ], [ 21.729035397691188, 36.656900181027609 ] ] ], [ [ [ 15.665893185215463, 43.651323769804293 ], [ 15.68251170086638, 43.655909377903406 ], [ 15.697066623714605, 43.64978977271997 ], [ 15.709821389208786, 43.64478382389516 ], [ 15.738601936776595, 43.625256608232476 ], [ 15.755220453325828, 43.611443181964759 ], [ 15.734452796345675, 43.606837996160657 ], [ 15.713685139365522, 43.616048012688168 ], [ 15.686660842195616, 43.634447632503296 ], [ 15.672676700794081, 43.645155247377907 ], [ 15.665893185215463, 43.651323769804293 ] ] ], [ [ [ 14.572172242617002, 44.335931536165091 ], [ 14.577468038490654, 44.346329050468619 ], [ 14.586323662900853, 44.355437420781008 ], [ 14.614648478057036, 44.346329050468619 ], [ 14.62348212877707, 44.339826797325465 ], [ 14.627019983623455, 44.328124132193423 ], [ 14.632337753187272, 44.307304641523537 ], [ 14.593399373491936, 44.325532165253541 ], [ 14.572172242617002, 44.335931536165091 ] ] ], [ [ [ 16.101904213959166, 43.421907863472264 ], [ 16.103863530323668, 43.426312112926844 ], [ 16.104312691558992, 43.427249340696541 ], [ 16.10651437069221, 43.430716039690672 ], [ 16.112046558232876, 43.438173047991249 ], [ 16.133275230616842, 43.440888840341728 ], [ 16.134197262322779, 43.444279391602521 ], [ 16.126821011370239, 43.451043852400637 ], [ 16.138807418157509, 43.453759063547878 ], [ 16.175710622355851, 43.43478215209521 ], [ 16.158170074999003, 43.424624390938561 ], [ 16.138807418157509, 43.430041005652669 ], [ 16.136041324836331, 43.424624390938561 ], [ 16.129587105589728, 43.417165701390111 ], [ 16.118500777479479, 43.415124045370845 ], [ 16.101904213959166, 43.421907863472264 ] ] ], [ [ [ 15.3275516115018, 43.82663307258639 ], [ 15.347002081357262, 43.833136950363681 ], [ 15.371765206667627, 43.816231824744328 ], [ 15.400062785802712, 43.785001021443477 ], [ 15.391215676523091, 43.777186724093497 ], [ 15.377077863020846, 43.783696025003721 ], [ 15.352314737710481, 43.809726092119774 ], [ 15.3275516115018, 43.82663307258639 ] ] ], [ [ [ 20.804122581738735, 38.83424314974512 ], [ 20.816006058662438, 38.822946625354078 ], [ 20.815438607270501, 38.780446538113765 ], [ 20.78536368170138, 38.789779286046418 ], [ 20.780824070565913, 38.817978596758323 ], [ 20.804122581738735, 38.83424314974512 ] ] ], [ [ [ 21.803720735728167, 36.657666186185395 ], [ 21.818758197614414, 36.660764946186305 ], [ 21.839120974014545, 36.633620409306552 ], [ 21.846388717463913, 36.614235500558202 ], [ 21.846323453061892, 36.614236913435334 ], [ 21.844790857118593, 36.614270095400592 ], [ 21.840107902711548, 36.614371542905808 ], [ 21.832705280815532, 36.614531797188562 ], [ 21.810988478279221, 36.615001933669106 ], [ 21.810941854817663, 36.615279934769141 ], [ 21.807605595395763, 36.635170293018611 ], [ 21.803720735728167, 36.657666186185395 ] ] ], [ [ [ 25.195749342840845, 35.446028647210944 ], [ 25.212991174314581, 35.461100468979033 ], [ 25.231957188127208, 35.47206000450592 ], [ 25.244026469889334, 35.462470492951766 ], [ 25.25609575075314, 35.454249993795237 ], [ 25.25609575075314, 35.441917655791158 ], [ 25.252647385177045, 35.42958341134873 ], [ 25.235405553703306, 35.433695038217557 ], [ 25.228508821652799, 35.451509639088393 ], [ 25.212991174314581, 35.441917655791158 ], [ 25.195749342840845, 35.446028647210944 ] ] ], [ [ [ 23.884543277668833, 37.496014063845976 ], [ 23.926250957670913, 37.492859823551981 ], [ 23.940153517671604, 37.489705448917121 ], [ 23.948097837158677, 37.470776378730562 ], [ 23.928237037542676, 37.464465614590466 ], [ 23.906390158054911, 37.467621063815784 ], [ 23.896459757797757, 37.484973634726181 ], [ 23.884543277668833, 37.496014063845976 ] ] ], [ [ [ 19.41506994236623, 39.859423842084915 ], [ 19.428636974421782, 39.868398463869752 ], [ 19.439964786748391, 39.861211916792158 ], [ 19.462598460169328, 39.864805285514812 ], [ 19.4716651006364, 39.852236348263816 ], [ 19.43770361488885, 39.830669313670683 ], [ 19.41506994236623, 39.859423842084915 ] ] ], [ [ [ 22.962020039660946, 36.477642250497901 ], [ 22.966188625024508, 36.485946128637579 ], [ 22.975036502363697, 36.499999999919694 ], [ 22.980767761961221, 36.509161573953747 ], [ 22.995346897999614, 36.509213902573585 ], [ 22.999999999593133, 36.502297676551528 ], [ 23.001545739685668, 36.499999999919694 ], [ 23.009969684974294, 36.487558259549417 ], [ 23.001654338816998, 36.472649090100738 ], [ 22.999999999593133, 36.473143851809446 ], [ 22.984958171894608, 36.477642250497901 ], [ 22.972452415803922, 36.472649090100738 ], [ 22.962020039660946, 36.477642250497901 ] ] ], [ [ [ 15.992094679142831, 42.972469542858896 ], [ 16.000000000068475, 42.977819699676793 ], [ 16.004103038959016, 42.980596366525951 ], [ 16.01516741493867, 42.973144142808103 ], [ 16.02346569580051, 42.962992236929871 ], [ 16.027153820827625, 42.949432313934032 ], [ 16.017011477452222, 42.939951432875674 ], [ 16.009657180426913, 42.938601492988482 ], [ 16.002258976445461, 42.937235452162341 ], [ 16.000000000068475, 42.93841827904307 ], [ 15.996583289326361, 42.940207266736479 ], [ 15.995782804169945, 42.940626391970682 ], [ 16.000000000068475, 42.949511509239997 ], [ 16.003181008151397, 42.956212651620298 ], [ 16.000000000068475, 42.962050851225847 ], [ 15.997648820610731, 42.966365684300051 ], [ 15.992094679142831, 42.972469542858896 ] ] ], [ [ [ 12.382064173826485, 45.341038457632962 ], [ 12.39316117212568, 45.349463873501719 ], [ 12.409619889165649, 45.395352207769903 ], [ 12.422628647916525, 45.423317694518524 ], [ 12.437966678011996, 45.436394478888623 ], [ 12.444756723444415, 45.434534855780711 ], [ 12.431154658889414, 45.422387674122689 ], [ 12.42027740288176, 45.407330816791315 ], [ 12.414366328412134, 45.390001711494953 ], [ 12.403928556987561, 45.355516588122583 ], [ 12.398852504303767, 45.34352692392951 ], [ 12.391227437983831, 45.338215151536552 ], [ 12.382064173826485, 45.341038457632962 ] ] ], [ [ [ 14.752888515721041, 44.880317633599475 ], [ 14.754272894134036, 44.893440476957181 ], [ 14.76802877721514, 44.891430432733181 ], [ 14.784531442533755, 44.885367711868362 ], [ 14.795518570585495, 44.872243014333428 ], [ 14.781762686606076, 44.86466599021027 ], [ 14.763897617462947, 44.870216138191338 ], [ 14.752888515721041, 44.880317633599475 ] ] ], [ [ [ 14.308744874318512, 44.609067643458232 ], [ 14.308744874318512, 44.617179354182475 ], [ 14.312876034070708, 44.632397851888655 ], [ 14.319753976060415, 44.643558760622369 ], [ 14.336234667688863, 44.63950490324472 ], [ 14.322500758297929, 44.620233068892006 ], [ 14.327994321874639, 44.608049559463048 ], [ 14.336234667688863, 44.595879640407539 ], [ 14.312876034070708, 44.601973001832611 ], [ 14.308744874318512, 44.609067643458232 ] ] ], [ [ [ 12.354640303323258, 45.24471873074129 ], [ 12.359452665436869, 45.272744608545317 ], [ 12.365187945893599, 45.298834188555951 ], [ 12.37753747687154, 45.322553418098522 ], [ 12.387535762814716, 45.334285572187305 ], [ 12.393820399898615, 45.33074871664634 ], [ 12.390744004223789, 45.325959779021638 ], [ 12.383953959689686, 45.321417918428118 ], [ 12.374636875209612, 45.299839073207124 ], [ 12.370659534881829, 45.287313144029241 ], [ 12.361254553844466, 45.242546617401061 ], [ 12.354640303323258, 45.24471873074129 ] ] ], [ [ [ 21.074894857871186, 38.250461355851051 ], [ 21.081638799966591, 38.257398805864057 ], [ 21.083581229800391, 38.268646836694593 ], [ 21.082031650308327, 38.280484056431717 ], [ 21.094253681601359, 38.283038971862226 ], [ 21.100255571254639, 38.269411708407432 ], [ 21.100473822342806, 38.261953861537144 ], [ 21.103332903872303, 38.256651193257419 ], [ 21.099448044204703, 38.245749072588652 ], [ 21.094908433069236, 38.23802791292114 ], [ 21.085108983824306, 38.238132258954316 ], [ 21.074894857871186, 38.250461355851051 ] ] ], [ [ [ 20.994360405762983, 37.208324132924488 ], [ 21.000000000370598, 37.206922998977859 ], [ 21.033645504615272, 37.198563368584431 ], [ 21.022885752738357, 37.178376646198437 ], [ 21.000000000370598, 37.180318853142261 ], [ 20.998070665278696, 37.180482583937518 ], [ 20.994360405762983, 37.208324132924488 ] ] ], [ [ [ 13.401845398040093, 45.660309032405976 ], [ 13.405273381740708, 45.660732426822804 ], [ 13.413568223851644, 45.65627187935803 ], [ 13.416106689469716, 45.654906822624902 ], [ 13.422303429098006, 45.65833801708375 ], [ 13.436762489129006, 45.661768999289514 ], [ 13.447090388509491, 45.661082819526214 ], [ 13.460516659051599, 45.65833801708375 ], [ 13.468119750783053, 45.668090212595878 ], [ 13.485567309033268, 45.677665554589588 ], [ 13.488314091270782, 45.677913674056597 ], [ 13.489742417962422, 45.674658841443879 ], [ 13.476074431438612, 45.660017034682781 ], [ 13.459417945797266, 45.653475879304388 ], [ 13.442058284104339, 45.656834157948545 ], [ 13.418875445397394, 45.649898359990203 ], [ 13.41160196710325, 45.648613317223806 ], [ 13.40202119205299, 45.651314792922662 ], [ 13.397494495098043, 45.657096971257168 ], [ 13.401845398040093, 45.660309032405976 ] ] ], [ [ [ 15.877455457304324, 43.672924715597283 ], [ 15.880989910230728, 43.679445435968418 ], [ 15.898662176659373, 43.682059979924816 ], [ 15.909265536336898, 43.670325913294263 ], [ 15.915214833223551, 43.660155595336242 ], [ 15.910670536475557, 43.649773625289114 ], [ 15.900440380086188, 43.653358273132966 ], [ 15.896883973232558, 43.659881134174213 ], [ 15.882746160628631, 43.66380419499751 ], [ 15.877455457304324, 43.672924715597283 ] ] ], [ [ [ 15.70062302966992, 43.697712564633015 ], [ 15.716539045700667, 43.691193843677084 ], [ 15.728920608805005, 43.678154261039502 ], [ 15.73952396848253, 43.670325913294263 ], [ 15.762508891264398, 43.658589535349023 ], [ 15.728920608805005, 43.661188850016288 ], [ 15.716539045700667, 43.672924715597283 ], [ 15.705935686023142, 43.687272586351078 ], [ 15.70062302966992, 43.697712564633015 ] ] ], [ [ [ 20.282798146220326, 39.134382004961559 ], [ 20.298555835978874, 39.141592233581648 ], [ 20.314291700269283, 39.127171032012512 ], [ 20.32105746783283, 39.110952332350621 ], [ 20.301997647446658, 39.115197082844468 ], [ 20.291790069313638, 39.119959314771087 ], [ 20.282798146220326, 39.134382004961559 ] ] ], [ [ [ 23.409608262037278, 37.303707199491647 ], [ 23.425977053225733, 37.310657088114354 ], [ 23.439072086176495, 37.313263128968948 ], [ 23.453258371873151, 37.311525778282665 ], [ 23.457623382856742, 37.300232012969261 ], [ 23.442345844414188, 37.295018928462873 ], [ 23.424885800479831, 37.295018928462873 ], [ 23.409608262037278, 37.303707199491647 ] ] ], [ [ [ 12.316736740613829, 45.446871648749671 ], [ 12.325570742266727, 45.449308614722881 ], [ 12.335775537279559, 45.44671933837634 ], [ 12.341258710719291, 45.443673130909829 ], [ 12.344761849305785, 45.440779233816642 ], [ 12.35999288663837, 45.441236164936619 ], [ 12.361972921491606, 45.438189957470101 ], [ 12.363191404478213, 45.425243575737397 ], [ 12.346132642665719, 45.433163715150343 ], [ 12.331663157199761, 45.427832852083938 ], [ 12.310644325680796, 45.431640611417087 ], [ 12.316736740613829, 45.446871648749671 ] ] ], [ [ [ 16.019777570773396, 43.438173047991249 ], [ 16.025309758314066, 43.442238656470117 ], [ 16.041928274863299, 43.440213921231653 ], [ 16.070533197301486, 43.43478215209521 ], [ 16.069611166493864, 43.423949289136708 ], [ 16.058524837485301, 43.424624390938561 ], [ 16.029941868076026, 43.430716039690672 ], [ 16.019777570773396, 43.438173047991249 ] ] ], [ [ [ 14.778268780038337, 44.942592162657633 ], [ 14.782839425271929, 44.950929925060777 ], [ 14.797825867341611, 44.94916287097692 ], [ 14.819162868464, 44.938928945754746 ], [ 14.813691279475769, 44.926748662861584 ], [ 14.778268780038337, 44.942592162657633 ] ] ], [ [ [ 19.55761158792107, 39.857566277159712 ], [ 19.55818236936776, 39.878048767457138 ], [ 19.581101432164573, 39.874039545078986 ], [ 19.580376979515485, 39.849770897654835 ], [ 19.55761158792107, 39.857566277159712 ] ] ], [ [ [ 14.711972452706897, 44.285188872776686 ], [ 14.715510308451597, 44.299493401779131 ], [ 14.734979498299266, 44.300798032228876 ], [ 14.745593062838418, 44.299493401779131 ], [ 14.736759413016699, 44.286477712998028 ], [ 14.720828078015414, 44.278679795092252 ], [ 14.711972452706897, 44.285188872776686 ] ] ], [ [ [ 25.786554309081076, 35.267137194767557 ], [ 25.784917981078657, 35.272906624165898 ], [ 25.79144368645894, 35.272541578614472 ], [ 25.796725361714639, 35.280954582362767 ], [ 25.793778972922684, 35.29027043314511 ], [ 25.798013042775509, 35.302191753601285 ], [ 25.811828332344664, 35.30085373452075 ], [ 25.809842247981319, 35.287124716548682 ], [ 25.807310535897553, 35.27864283217442 ], [ 25.806874034619533, 35.267865375848523 ], [ 25.794870228363525, 35.26588355646436 ], [ 25.786554309081076, 35.267137194767557 ] ] ], [ [ [ 15.795570298334921, 43.020709207208824 ], [ 15.805734595637549, 43.026841641373821 ], [ 15.83062944001971, 43.033669113330347 ], [ 15.839871705616405, 43.030255472638096 ], [ 15.834317565046824, 43.020709207208824 ], [ 15.81495490820533, 43.015919331537589 ], [ 15.805734595637549, 43.014559974104877 ], [ 15.795570298334921, 43.020709207208824 ] ] ], [ [ [ 14.547385283205514, 44.445077103365904 ], [ 14.556240908514033, 44.460659481610385 ], [ 14.572172242617002, 44.459358432854138 ], [ 14.579247953208087, 44.45156759189441 ], [ 14.566854473053185, 44.442490344625739 ], [ 14.554460993796599, 44.435998840555108 ], [ 14.547385283205514, 44.445077103365904 ] ] ], [ [ [ 19.516954398710556, 39.776739244547372 ], [ 19.53958807123318, 39.780337067417378 ], [ 19.55089393142919, 39.77314123210077 ], [ 19.548632759569653, 39.755165712404029 ], [ 19.528260258906567, 39.764154063490196 ], [ 19.516954398710556, 39.776739244547372 ] ] ], [ [ [ 20.860354570004159, 38.491262904061038 ], [ 20.869935769059232, 38.498038491943774 ], [ 20.869866583510994, 38.498159094961643 ], [ 20.873202106314363, 38.499590894857484 ], [ 20.874695215911032, 38.499999999878447 ], [ 20.875215686311922, 38.500143607239849 ], [ 20.880564570822234, 38.501427336078137 ], [ 20.882569025733137, 38.499999999878447 ], [ 20.890145769877311, 38.494642113772521 ], [ 20.891215197155063, 38.48703433430817 ], [ 20.876308684484414, 38.477709800981827 ], [ 20.865679883619727, 38.481089651474292 ], [ 20.860354570004159, 38.491262904061038 ] ] ], [ [ [ 21.641364153145847, 36.951832930158162 ], [ 21.651294553403005, 36.947688127944332 ], [ 21.673163258358912, 36.903537944062712 ], [ 21.663843959531661, 36.901299389709607 ], [ 21.641364153145847, 36.951832930158162 ] ] ], [ [ [ 14.75976645771075, 44.265643346031929 ], [ 14.770380023148219, 44.277358557128885 ], [ 14.784553417122234, 44.27996877910001 ], [ 14.791629127713319, 44.27345911972678 ], [ 14.781015562275851, 44.263048600695456 ], [ 14.766842167403519, 44.259132088840971 ], [ 14.75976645771075, 44.265643346031929 ] ] ], [ [ [ 13.392572262736978, 45.689034131462215 ], [ 13.392748056749873, 45.701888475507481 ], [ 13.397450546819398, 45.707519520965953 ], [ 13.400241277335557, 45.70687766925704 ], [ 13.397516469686522, 45.699495837320569 ], [ 13.397516469686522, 45.691952518031918 ], [ 13.400614839949828, 45.683722274735374 ], [ 13.405778789190911, 45.67411878313078 ], [ 13.41089879105167, 45.669564572213993 ], [ 13.408503596839948, 45.66779825509186 ], [ 13.40415269479621, 45.668557340154464 ], [ 13.403141878997484, 45.665666922340812 ], [ 13.402109088610278, 45.661973391544883 ], [ 13.397208829939379, 45.659681234839283 ], [ 13.391913034964043, 45.668820098075372 ], [ 13.394857584904614, 45.671024295520141 ], [ 13.392572262736978, 45.689034131462215 ] ] ], [ [ [ 23.366547429061484, 37.67041864382616 ], [ 23.376063152610442, 37.68531742403313 ], [ 23.385622527095691, 37.687510214562927 ], [ 23.397931857566352, 37.68235879405696 ], [ 23.393130346203058, 37.676075662511437 ], [ 23.385797127247574, 37.672368188634373 ], [ 23.381606717314185, 37.666101610712317 ], [ 23.372614794220869, 37.663525196373627 ], [ 23.366547429061484, 37.67041864382616 ] ] ], [ [ [ 14.315534918852613, 44.513969049522728 ], [ 14.329686339136465, 44.513969049522728 ], [ 14.347397588855182, 44.512657924959385 ], [ 14.345832104691016, 44.500000000095532 ], [ 14.345617674137751, 44.498280885423121 ], [ 14.338580647697748, 44.500000000095532 ], [ 14.319072774597315, 44.504806743224343 ], [ 14.315534918852613, 44.513969049522728 ] ] ], [ [ [ 15.77842490729514, 43.695098707687478 ], [ 15.813791392283033, 43.688579700593543 ], [ 15.820860299034154, 43.680752722614756 ], [ 15.808478735929814, 43.676846918031103 ], [ 15.792584672927983, 43.682059979924816 ], [ 15.77842490729514, 43.695098707687478 ] ] ], [ [ [ 13.224007752907816, 45.680292646895815 ], [ 13.245696342055997, 45.689895071951966 ], [ 13.272548881343576, 45.693324107268417 ], [ 13.284942361498478, 45.692638316882466 ], [ 13.287007941374576, 45.687151690958679 ], [ 13.275780195980724, 45.68676512586066 ], [ 13.270807641794073, 45.686668667067849 ], [ 13.252925872071494, 45.68509406649266 ], [ 13.245914326344526, 45.683113859561672 ], [ 13.245428036840197, 45.682972007203958 ], [ 13.236401232164399, 45.680292646895815 ], [ 13.224007752907816, 45.680292646895815 ] ] ], [ [ [ 15.464363491357435, 43.667613998255284 ], [ 15.483682241242787, 43.663739619774475 ], [ 15.499510445157878, 43.653374419593248 ], [ 15.500000000038265, 43.652869421730593 ], [ 15.508291695350758, 43.644315503409729 ], [ 15.500000000038265, 43.645840355982635 ], [ 15.494241694862485, 43.64689929207799 ], [ 15.478413491845709, 43.658557245248126 ], [ 15.469229401146817, 43.665165904588655 ], [ 15.464363491357435, 43.667613998255284 ] ] ], [ [ [ 15.664641856279196, 43.680559052473846 ], [ 15.675179356869981, 43.683157408518916 ], [ 15.69452006068256, 43.671504266467622 ], [ 15.699788810977955, 43.663739619774475 ], [ 15.678691856767474, 43.670212918808822 ], [ 15.664641856279196, 43.680559052473846 ] ] ], [ [ [ 12.238792030859013, 45.356898727562232 ], [ 12.248240961073341, 45.363867100692495 ], [ 12.25138327961529, 45.367343690454398 ], [ 12.254484945797371, 45.3653288948409 ], [ 12.257689890389351, 45.364565344875267 ], [ 12.252438043692662, 45.36037574774943 ], [ 12.261886973008671, 45.355516588122583 ], [ 12.267116846015197, 45.348547179724591 ], [ 12.26502929155062, 45.341591459728889 ], [ 12.261886973008671, 45.338098723239192 ], [ 12.257689890389351, 45.341591459728889 ], [ 12.261886973008671, 45.346451822909927 ], [ 12.258722680776557, 45.352723108401271 ], [ 12.248240961073341, 45.356200387498312 ], [ 12.247657764011107, 45.356115858773968 ], [ 12.245906415719709, 45.35603118425292 ], [ 12.238792030859013, 45.356898727562232 ] ] ], [ [ [ 12.231452629697745, 45.286555673152996 ], [ 12.231452629697745, 45.294217314465868 ], [ 12.237759241370123, 45.307455224042727 ], [ 12.246153406608762, 45.308154168773299 ], [ 12.250350489228081, 45.303974931049424 ], [ 12.242989114376648, 45.303974931049424 ], [ 12.236704477292751, 45.29630005211262 ], [ 12.237759241370123, 45.287939506473528 ], [ 12.246153406608762, 45.283758768722151 ], [ 12.252438043692662, 45.278878420814287 ], [ 12.248768343112026, 45.278791007547071 ], [ 12.247682155966015, 45.278626670567391 ], [ 12.24509864253139, 45.278179112149004 ], [ 12.231452629697745, 45.286555673152996 ] ] ], [ [ [ 15.833307721225237, 43.709037951751441 ], [ 15.849113972111413, 43.705150134313847 ], [ 15.857895222304293, 43.698680630849459 ], [ 15.859651471803883, 43.692210423708772 ], [ 15.849113972111413, 43.69091952543679 ], [ 15.840332721918529, 43.699971360886856 ], [ 15.833307721225237, 43.709037951751441 ] ] ], [ [ [ 12.423925165841892, 45.473830584828377 ], [ 12.427466382021716, 45.472574024248445 ], [ 12.431350296541527, 45.471774394788476 ], [ 12.430779132641552, 45.469603971968588 ], [ 12.427352149241722, 45.465491591888792 ], [ 12.422097441361981, 45.460693815129019 ], [ 12.415015009002328, 45.454182546669344 ], [ 12.393310780803397, 45.444701225929812 ], [ 12.38702797790371, 45.453725615549359 ], [ 12.407932576642677, 45.459208788989102 ], [ 12.412730353402443, 45.461150746248997 ], [ 12.413986913982381, 45.462750005168921 ], [ 12.416043104022281, 45.464691962428823 ], [ 12.418556225182156, 45.467662014708679 ], [ 12.423925165841892, 45.473830584828377 ] ] ], [ [ [ 15.777085766243221, 43.670212918808822 ], [ 15.785867016436105, 43.668905401571756 ], [ 15.808720220146174, 43.661140416317835 ], [ 15.799917016924379, 43.657265617091639 ], [ 15.785867016436105, 43.658557245248126 ], [ 15.777085766243221, 43.670212918808822 ] ] ], [ [ [ 13.305598161157768, 45.714579403303517 ], [ 13.310762111297169, 45.724175903248621 ], [ 13.313460110523177, 45.719955397735191 ], [ 13.315476907387771, 45.715510395047978 ], [ 13.315926061436571, 45.713893875944223 ], [ 13.319468310841325, 45.709577627836907 ], [ 13.323155590553755, 45.708409349207507 ], [ 13.317991641312666, 45.703609943539959 ], [ 13.309729320909963, 45.707723745039758 ], [ 13.305598161157768, 45.714579403303517 ] ] ], [ [ [ 12.248159656353605, 45.325552773780515 ], [ 12.25372595472224, 45.327084706751855 ], [ 12.254481429791348, 45.327351087352085 ], [ 12.259447830518303, 45.329191265022097 ], [ 12.259447830518303, 45.323004700124166 ], [ 12.265644571044909, 45.320952065376069 ], [ 12.264611780657706, 45.314080291473381 ], [ 12.252218301401122, 45.316832013828765 ], [ 12.248159656353605, 45.325552773780515 ] ] ], [ [ [ 12.198930732820555, 45.289337872291561 ], [ 12.202073051362504, 45.306756270002509 ], [ 12.209434426213939, 45.307455224042727 ], [ 12.205237343594618, 45.299096334051228 ], [ 12.205237343594618, 45.292819069748226 ], [ 12.210467216601145, 45.28724031086773 ], [ 12.206270133981823, 45.283758768722151 ], [ 12.198930732820555, 45.289337872291561 ] ] ], [ [ [ 13.325221170429851, 45.688523398069741 ], [ 13.327286751204264, 45.69606718290796 ], [ 13.332450700445349, 45.700181543061419 ], [ 13.337614650584753, 45.694695662017246 ], [ 13.33658186109586, 45.683036365844899 ], [ 13.334326643270025, 45.683988171531389 ], [ 13.332071205356941, 45.685024018385576 ], [ 13.325221170429851, 45.688523398069741 ] ] ], [ [ [ 12.270281138247311, 45.368041891441472 ], [ 12.270281138247311, 45.376390543139543 ], [ 12.276565775331209, 45.377088632343153 ], [ 12.279708093873158, 45.37361264551884 ], [ 12.274478221764946, 45.371518222929438 ], [ 12.275511011253839, 45.366645480158894 ], [ 12.2818176220279, 45.36037574774943 ], [ 12.279708093873158, 45.354818231521961 ], [ 12.27236869271189, 45.36037574774943 ], [ 12.270281138247311, 45.368041891441472 ] ] ], [ [ [ 13.354139290491846, 45.675490811899586 ], [ 13.356204870367945, 45.680978589015254 ], [ 13.364467189872334, 45.675490811899586 ], [ 13.372729510275038, 45.667258130770811 ], [ 13.372729510275038, 45.661768999289514 ], [ 13.354139290491846, 45.675490811899586 ] ] ], [ [ [ 15.488950991538179, 43.844726250121127 ], [ 15.495997945260388, 43.852467283522969 ], [ 15.500000000038265, 43.849026758721777 ], [ 15.500543998214761, 43.848559073361677 ], [ 15.503722372437267, 43.844839878710516 ], [ 15.504647476381477, 43.843165046184808 ], [ 15.504917280885483, 43.841750591957251 ], [ 15.504903230336128, 43.841392466166077 ], [ 15.502573126253258, 43.838015517186946 ], [ 15.501991148204866, 43.838159258265556 ], [ 15.500000000038265, 43.839162043230452 ], [ 15.488950991538179, 43.844726250121127 ] ] ], [ [ [ 12.368579383934613, 45.432192736520427 ], [ 12.374405255714326, 45.437447444400171 ], [ 12.373262927914384, 45.442245221159929 ], [ 12.382630015873923, 45.448071092939642 ], [ 12.384213956091711, 45.441194894960773 ], [ 12.37314869513439, 45.431164641500473 ], [ 12.368579383934613, 45.432192736520427 ] ] ], [ [ [ 12.491627809206831, 45.490398319255497 ], [ 12.496879655903522, 45.495260319518565 ], [ 12.499999999856989, 45.497327269547142 ], [ 12.504035024602425, 45.500000000291124 ], [ 12.504219057064791, 45.500122991413654 ], [ 12.504237554274805, 45.500000000291124 ], [ 12.505273821142161, 45.493170436521204 ], [ 12.501076738522842, 45.486929350387072 ], [ 12.499999999856989, 45.487324662532536 ], [ 12.491627809206831, 45.490398319255497 ] ] ], [ [ [ 12.25349280777003, 45.264934323161519 ], [ 12.255580362234609, 45.271914088255357 ], [ 12.2608322089313, 45.273298281730206 ], [ 12.261886973008671, 45.278878420814287 ], [ 12.267116846015197, 45.273997650312147 ], [ 12.26502929155062, 45.267732161703847 ], [ 12.25349280777003, 45.264934323161519 ] ] ], [ [ [ 12.269775730797106, 45.386817342741999 ], [ 12.274961654626672, 45.390932268774023 ], [ 12.28115839515328, 45.384767037221813 ], [ 12.286322344394366, 45.379270104082003 ], [ 12.27702723450277, 45.380651658757266 ], [ 12.269775730797106, 45.386817342741999 ] ] ], [ [ [ 12.523094942006647, 45.519037056792214 ], [ 12.523094942006647, 45.523237687103354 ], [ 12.52940155278071, 45.526735532244857 ], [ 12.532543871322661, 45.522535164825563 ], [ 12.537795718917666, 45.518334481715868 ], [ 12.535516109136921, 45.517884828527606 ], [ 12.534051305454852, 45.517649901264889 ], [ 12.531624688174491, 45.517435172353935 ], [ 12.530456317756398, 45.517631897177587 ], [ 12.523094942006647, 45.519037056792214 ] ] ], [ [ [ 23.290989089366775, 37.700143588438848 ], [ 23.294153722958697, 37.705189370763613 ], [ 23.302840093989587, 37.705189370763613 ], [ 23.302054392407801, 37.698246980169536 ], [ 23.295725126122271, 37.697620567036843 ], [ 23.290989089366775, 37.700143588438848 ] ] ], [ [ [ 12.486375961611824, 45.513430845577503 ], [ 12.489540254742254, 45.519037056792214 ], [ 12.495824891826151, 45.518334481715868 ], [ 12.492682573284201, 45.5120255450435 ], [ 12.492682573284201, 45.507824072151791 ], [ 12.486375961611824, 45.513430845577503 ] ] ], [ [ [ 12.254525598157237, 45.292119934692636 ], [ 12.254525598157237, 45.29630005211262 ], [ 12.258722680776557, 45.298397276263316 ], [ 12.261886973008671, 45.293518196762051 ], [ 12.2608322089313, 45.28724031086773 ], [ 12.254525598157237, 45.292119934692636 ] ] ], [ [ [ 23.453760347758973, 37.676162689687892 ], [ 23.456903155882753, 37.679313021732121 ], [ 23.464803825331856, 37.679313021732121 ], [ 23.467182756443673, 37.674265463620607 ], [ 23.460853490158144, 37.673638846210984 ], [ 23.453760347758973, 37.676162689687892 ] ] ], [ [ [ 12.345218780425762, 45.458751857869117 ], [ 12.351273117765466, 45.465034660768815 ], [ 12.360982904064988, 45.458066461189148 ], [ 12.350473488305505, 45.451669425509465 ], [ 12.345218780425762, 45.458751857869117 ] ] ] ] } },
{ "type": "Feature", "properties": { "OBJECTID": null, "YEAR": null, "OWNER_ID": null, "SHORT_NAME": null, "LONG_NAME": null, "VARIANTS": null, "SHAPE_LENG": null, "Shape__Are": null, "Shape__Len": null }, "geometry": { "type": "MultiPolygon", "coordinates": [ [ [ [ 12.317845750519606, 45.462335911341448 ], [ 12.318531147199575, 45.462807121558917 ], [ 12.319901940559509, 45.46246442321894 ], [ 12.320415988069485, 45.461821863831474 ], [ 12.319430730342029, 45.461350653613984 ], [ 12.318531147199575, 45.460665256934028 ], [ 12.317460214887127, 45.460879443396514 ], [ 12.317374540302131, 45.461779026538977 ], [ 12.317845750519606, 45.462335911341448 ] ] ] ] } },
{ "type": "Feature", "properties": { "OBJECTID": null, "YEAR": null, "OWNER_ID": null, "SHORT_NAME": null, "LONG_NAME": null, "VARIANTS": null, "SHAPE_LENG": null, "Shape__Are": null, "Shape__Len": null }, "geometry": { "type": "MultiPolygon", "coordinates": [ [ [ [ 12.343548126018351, 45.471631603813485 ], [ 12.34440487186831, 45.471717278398479 ], [ 12.344490546453306, 45.471031881718531 ], [ 12.34401933623583, 45.470517834208543 ], [ 12.343248264970867, 45.470732020671036 ], [ 12.343034078508378, 45.471331742766012 ], [ 12.343548126018351, 45.471631603813485 ] ] ] ] } },
{ "type": "Feature", "properties": { "OBJECTID": null, "YEAR": null, "OWNER_ID": null, "SHORT_NAME": null, "LONG_NAME": null, "VARIANTS": null, "SHAPE_LENG": null, "Shape__Are": null, "Shape__Len": null }, "geometry": { "type": "MultiPolygon", "coordinates": [ [ [ [ 12.292443236068356, 45.37531195163195 ], [ 12.292978702224577, 45.37531195163195 ], [ 12.293278563272063, 45.374455205781992 ], [ 12.292614585238345, 45.374305275258259 ], [ 12.291886351265882, 45.374819322768232 ], [ 12.291993444497129, 45.375097765169457 ], [ 12.292443236068356, 45.37531195163195 ] ] ] ] } }
]
}
