{
"type": "FeatureCollection",
"name": "Scotland in PU with England",
"crs": { "type": "name", "properties": { "name": "urn:ogc:def:crs:OGC:1.3:CRS84" } },
"features": [
{ "type": "Feature", "properties": { "OBJECTID": 19.0, "YEAR": 1700.0, "OWNER_ID": 2165.0, "SHORT_NAME": "Scotland-England-Netherlands", "LONG_NAME": "Kingdom of Scotland in Personal Union with the Kingdom of England and Ireland an", "VARIANTS": null, "SHAPE_LENG": 12075360.000000002, "Shape__Are": 251257083739.86523, "Shape__Len": 12087878.050386025 }, "geometry": { "type": "MultiPolygon", "coordinates": [ [ [ [ -3.394564593380554, 55.987701837637886 ], [ -3.382195605791866, 55.997111282504399 ], [ -3.370002921560858, 55.998081915579007 ], [ -3.350231002157388, 55.986166853655824 ], [ -3.317695209241078, 55.980537408811216 ], [ -3.281358814139229, 55.977705036015948 ], [ -3.225206561236751, 55.982421688428182 ], [ -3.187837632665885, 55.985057212745211 ], [ -3.145415880047804, 55.967946206304838 ], [ -3.114549716579828, 55.959133385691111 ], [ -3.075642971955537, 55.956553924649526 ], [ -3.002682464841083, 55.976292960026726 ], [ -3.00002636214161, 55.977011361792798 ], [ -3.000000000181255, 55.977014599517211 ], [ -2.876803364064163, 55.992142180868555 ], [ -2.857822320538524, 55.998948531639876 ], [ -2.856228469374316, 56.000000000175547 ], [ -2.845036479623736, 56.00747911540514 ], [ -2.851341524634232, 56.021157803590029 ], [ -2.839654122987605, 56.02954514854256 ], [ -2.79723237036956, 56.050967265971295 ], [ -2.776032479108975, 56.056671580393214 ], [ -2.628248361675741, 56.048629187638035 ], [ -2.594570191094102, 56.037182240383139 ], [ -2.57673152613209, 56.017484108613395 ], [ -2.588528771076732, 56.005583139337723 ], [ -2.578886828840459, 56.000000000175547 ], [ -2.573853613219319, 55.997122837684159 ], [ -2.563514274691996, 56.000000000175547 ], [ -2.547403177819207, 56.004541482768929 ], [ -2.504051956342961, 56.000000000175547 ], [ -2.500000000151079, 55.999580968882086 ], [ -2.499247568574128, 55.999503155919669 ], [ -2.428002750227571, 55.986918154237429 ], [ -2.360822159957993, 55.942589449944293 ], [ -2.355092861382738, 55.94241252382632 ], [ -2.222550533935346, 55.938319268077734 ], [ -2.127293817214523, 55.925633230407477 ], [ -2.068131838902663, 55.881280371828652 ], [ -2.032146944690014, 55.826791927279025 ], [ -2.021232152578241, 55.816064408473636 ], [ -2.050886331522765, 55.802190181256321 ], [ -2.06035488363786, 55.784207913293834 ], [ -2.082169902577434, 55.780454747759435 ], [ -2.084674345402426, 55.764229460975628 ], [ -2.112442908463333, 55.761357947825793 ], [ -2.126217346246636, 55.746566875384524 ], [ -2.187466360695137, 55.730967356929604 ], [ -2.187158797304809, 55.704325521781357 ], [ -2.203152083721356, 55.692506023318657 ], [ -2.236808285104415, 55.680554782858025 ], [ -2.250824379580597, 55.665674674537385 ], [ -2.283711672487808, 55.652036382239174 ], [ -2.293531726390427, 55.637973455592821 ], [ -2.312029455631966, 55.634999301764026 ], [ -2.315522495325474, 55.621478622837436 ], [ -2.333031628596831, 55.614325584176605 ], [ -2.362667539401755, 55.615247501063386 ], [ -2.355857211806843, 55.601743325783438 ], [ -2.31435814846153, 55.57924156192955 ], [ -2.311875673936784, 55.565304291755183 ], [ -2.288874340731308, 55.560875569052442 ], [ -2.259018741533761, 55.549924306460611 ], [ -2.244695083667242, 55.541682541461348 ], [ -2.24542005464422, 55.510675632718758 ], [ -2.241368825189384, 55.500000000025729 ], [ -2.240455105594772, 55.497622320241732 ], [ -2.242805767622906, 55.480884922563149 ], [ -2.218332524163158, 55.478295073817605 ], [ -2.205063368964235, 55.470293212184217 ], [ -2.215981862135015, 55.448001972336009 ], [ -2.23076686508708, 55.431243403040995 ], [ -2.255371921043404, 55.432678809239512 ], [ -2.285754771125624, 55.433500671201294 ], [ -2.359855533186399, 55.416446407203075 ], [ -2.358932843913693, 55.39070629043399 ], [ -2.389293724797297, 55.376299770709217 ], [ -2.433275262667355, 55.374410190385518 ], [ -2.449949581663721, 55.382663396567715 ], [ -2.498874099384647, 55.376902562652276 ], [ -2.500000000151079, 55.375054229240568 ], [ -2.507771463116227, 55.3622938550348 ], [ -2.536264996255786, 55.339860109376239 ], [ -2.571217356999392, 55.309750540513626 ], [ -2.643582583812725, 55.272575237204471 ], [ -2.677502411087278, 55.26069500489087 ], [ -2.698262927359264, 55.243007542484136 ], [ -2.680380324000084, 55.231711805468294 ], [ -2.70175596615443, 55.220040426058176 ], [ -2.717705315072116, 55.210600733968157 ], [ -2.730666906880673, 55.187882717220646 ], [ -2.739696084007126, 55.182617639748393 ], [ -2.774736319748464, 55.162133102769545 ], [ -2.794640052546826, 55.137917893488428 ], [ -2.812280998314794, 55.125973906613346 ], [ -2.847892423337928, 55.101865053417676 ], [ -2.885459071102837, 55.100966232101229 ], [ -2.90041982405034, 55.093459695819817 ], [ -2.912832195775683, 55.073116055684253 ], [ -2.954441102418983, 55.053802174559564 ], [ -2.958637143890916, 55.043995600388342 ], [ -2.984714109203215, 55.035215560321035 ], [ -3.000000000181255, 55.035890212622654 ], [ -3.011735732986826, 55.03640816921903 ], [ -3.028717615373555, 55.030970986354887 ], [ -3.01597571105926, 55.020550571915685 ], [ -3.03951385861394, 54.999999999764796 ], [ -3.047654720501989, 54.992020858677293 ], [ -3.059825435534418, 54.982378090586366 ], [ -3.061096803189736, 54.981932356356857 ], [ -3.089659066431719, 54.981826254159742 ], [ -3.114945154967888, 54.970380501567512 ], [ -3.136891986404065, 54.979264056878883 ], [ -3.177731985469815, 54.982299257499051 ], [ -3.218462140339288, 54.973666070192962 ], [ -3.262641396505058, 54.976557147297235 ], [ -3.301438296933064, 54.986306420100803 ], [ -3.384019016037049, 54.974296868304961 ], [ -3.40948085546698, 54.98132696755922 ], [ -3.429604275759686, 54.991797551147982 ], [ -3.435975228365964, 54.994858069291659 ], [ -3.447970192504622, 54.973574077765591 ], [ -3.476705383235429, 54.965990560483469 ], [ -3.500000000211477, 54.970636128497034 ], [ -3.502079346769294, 54.971050779469245 ], [ -3.528222218779079, 54.982338674320445 ], [ -3.538811180259212, 54.978804158062871 ], [ -3.546851761415519, 54.953711939381314 ], [ -3.535098453071441, 54.938956835040557 ], [ -3.538767242760342, 54.917958917143459 ], [ -3.54650026052632, 54.906810813070862 ], [ -3.520533138512008, 54.879618550393744 ], [ -3.518380196576206, 54.863584256073047 ], [ -3.525322337565981, 54.85296146744215 ], [ -3.544083692699024, 54.840542686565399 ], [ -3.540524746308075, 54.828502560141231 ], [ -3.573609759307627, 54.831997601635877 ], [ -3.634770898758459, 54.835096723355939 ], [ -3.655685195827267, 54.837589035487603 ], [ -3.676511617898361, 54.834028542412767 ], [ -3.691032994958934, 54.824505970482612 ], [ -3.738112133236098, 54.794525482705005 ], [ -3.799932336068123, 54.770915968708962 ], [ -3.821769323307988, 54.781692498015303 ], [ -3.840860210131641, 54.787528580473278 ], [ -3.856348213963806, 54.810534571184903 ], [ -3.867706083919824, 54.800108930205852 ], [ -3.840398865944427, 54.768564823104164 ], [ -3.852701393473459, 54.768353477334742 ], [ -3.871880156193141, 54.781085074222382 ], [ -3.88044798733575, 54.770717843516856 ], [ -3.857161059938525, 54.75404544054431 ], [ -3.909139240567686, 54.731403794519174 ], [ -3.970695817508254, 54.722928082616939 ], [ -3.987150449010321, 54.712651703817485 ], [ -4.000000000241688, 54.714055921518707 ], [ -4.037986251974117, 54.718206827848554 ], [ -4.044884455465058, 54.730002317593815 ], [ -4.03732718769459, 54.748733131147851 ], [ -4.049190340234979, 54.777176215374972 ], [ -4.056220356222496, 54.777163009250451 ], [ -4.071620484158623, 54.761418082940345 ], [ -4.077617966677124, 54.72791323344758 ], [ -4.127069735282677, 54.726114947722827 ], [ -4.155717051015788, 54.739758760123486 ], [ -4.154662548348155, 54.747860894352186 ], [ -4.173995091864694, 54.751085434078213 ], [ -4.193217792083211, 54.764734010770582 ], [ -4.20806870083443, 54.779936225806154 ], [ -4.206992229866516, 54.801283599455445 ], [ -4.215977468595809, 54.80412114225517 ], [ -4.231992724210936, 54.788267933163169 ], [ -4.246404257075187, 54.785323644380064 ], [ -4.280258177652299, 54.791000780195816 ], [ -4.354842253098866, 54.810706109730106 ], [ -4.382435066164344, 54.826339438815531 ], [ -4.392211181669769, 54.847780850789604 ], [ -4.397395818213514, 54.869461166694244 ], [ -4.438389598974481, 54.895606937282679 ], [ -4.447264994405752, 54.897700496380928 ], [ -4.448736903761737, 54.898042828868164 ], [ -4.452273880954071, 54.893895141622536 ], [ -4.42731732410852, 54.882608626319161 ], [ -4.410511191717255, 54.870185838254862 ], [ -4.441553106079037, 54.85294828618084 ], [ -4.44548552165944, 54.831707458416389 ], [ -4.442234138658855, 54.800003340739607 ], [ -4.429360422746326, 54.788241528184834 ], [ -4.405700025261287, 54.779341981452674 ], [ -4.376854990334205, 54.766966493858135 ], [ -4.358445136090361, 54.753635809925569 ], [ -4.355391473182118, 54.737445453746631 ], [ -4.369407567658309, 54.736731607201996 ], [ -4.380963155910036, 54.733373713228652 ], [ -4.374262672511471, 54.722769393874408 ], [ -4.38212750277398, 54.706937064221457 ], [ -4.373296044841545, 54.669454390268022 ], [ -4.360532172227038, 54.668951208331009 ], [ -4.366046341359737, 54.648871789171821 ], [ -4.387509858511779, 54.642459109703083 ], [ -4.462181808956087, 54.655906017950493 ], [ -4.500000000271902, 54.669236980305548 ], [ -4.527780645673379, 54.679026895601957 ], [ -4.572465185321862, 54.702597631165489 ], [ -4.584504086959392, 54.746446772514588 ], [ -4.700059974866644, 54.820825591144491 ], [ -4.748676929197205, 54.827486962956897 ], [ -4.793581156339988, 54.871424337426575 ], [ -4.820053560040392, 54.878617418466767 ], [ -4.840682262917443, 54.884215535394461 ], [ -4.860146619828874, 54.87362455599289 ], [ -4.89672467162361, 54.857205648513535 ], [ -4.928271868569738, 54.82916202525314 ], [ -4.921197915083358, 54.79616231861872 ], [ -4.880138227624976, 54.742812120616271 ], [ -4.85994890063483, 54.689166247140733 ], [ -4.840528481222261, 54.667203264660493 ], [ -4.853512042229434, 54.654634383332827 ], [ -4.833849966123943, 54.618190379002463 ], [ -4.846218400350387, 54.591983443617096 ], [ -4.903469093419369, 54.629524666128049 ], [ -4.927393115897578, 54.652872573936534 ], [ -4.909840045127351, 54.664501747970789 ], [ -4.895252762267626, 54.685539669388078 ], [ -4.914607274982781, 54.728772679781336 ], [ -4.956238150824695, 54.74375055314141 ], [ -4.986423281712862, 54.773121693822056 ], [ -4.987258095987864, 54.784940738861494 ], [ -5.000000000302123, 54.782796080830096 ], [ -5.008279927684405, 54.781401992262552 ], [ -5.038544489406633, 54.806522998739183 ], [ -5.091825932375247, 54.83009844710115 ], [ -5.137662029572975, 54.856493922699734 ], [ -5.141900825462494, 54.876417473657597 ], [ -5.175459788707679, 54.917274588876296 ], [ -5.188571504271564, 54.959496769990551 ], [ -5.192458897188242, 54.974967080555395 ], [ -5.179962135928506, 54.98395472433026 ], [ -5.188615429194011, 54.996775699139 ], [ -5.184832261511542, 54.999999999764796 ], [ -5.16335835624152, 55.016304437678968 ], [ -5.132764353558525, 55.02267931785574 ], [ -5.095164258820615, 55.006874767348116 ], [ -5.087677119829422, 54.999999999764796 ], [ -5.071664199834044, 54.983494879483118 ], [ -5.080449268765198, 54.973850053896115 ], [ -5.075068414112213, 54.954487681167102 ], [ -5.062901092914954, 54.920564519822321 ], [ -5.041201972816698, 54.91231286207482 ], [ -5.016428078502714, 54.913642191394004 ], [ -5.000000000302123, 54.919455223327397 ], [ -4.998835653438178, 54.919867077291528 ], [ -4.987895191068811, 54.93064318633288 ], [ -5.000000000302123, 54.967459310014632 ], [ -5.002503744237842, 54.9750722109302 ], [ -5.027825592908832, 54.998299862437619 ], [ -5.029679591687737, 54.999999999764796 ], [ -5.037578132129624, 55.006453538919928 ], [ -5.063362309541389, 55.035086943612235 ], [ -5.063098757311748, 55.053206134361488 ], [ -5.047658998400231, 55.076001233844302 ], [ -5.031845874503824, 55.094790662628874 ], [ -5.000966357579122, 55.121878999356596 ], [ -5.004063094705257, 55.15844989196291 ], [ -5.000000000302123, 55.163311562845657 ], [ -4.989916320508037, 55.175371190842689 ], [ -4.964498419475274, 55.191493318243268 ], [ -4.947714256282588, 55.219819299554409 ], [ -4.914563337483909, 55.251020791173985 ], [ -4.893341476126422, 55.252962800349088 ], [ -4.884510019092311, 55.263961843518608 ], [ -4.867088760818685, 55.304257768606256 ], [ -4.859861025637125, 55.326990325390611 ], [ -4.869263671953059, 55.336321046988836 ], [ -4.86629788404252, 55.345707568397692 ], [ -4.82611694835801, 55.369239463633868 ], [ -4.794745502305608, 55.375696969541274 ], [ -4.774358456121436, 55.386893653677888 ], [ -4.765395185692433, 55.414234484325334 ], [ -4.745183889503735, 55.421564620892326 ], [ -4.705530205602148, 55.424945519042595 ], [ -4.670182407368806, 55.427122107803591 ], [ -4.655682998608489, 55.434172038614001 ], [ -4.647752262546836, 55.465620850352678 ], [ -4.6318688203266, 55.481832949207032 ], [ -4.640722246559319, 55.494490380733566 ], [ -4.646914261049199, 55.500000000025729 ], [ -4.65489212183236, 55.507188598488781 ], [ -4.686944601362903, 55.521813340911955 ], [ -4.706277144879443, 55.521930317131364 ], [ -4.699049409697882, 55.53171996469684 ], [ -4.728202007117004, 55.54962038532824 ], [ -4.758540920598686, 55.558725296033536 ], [ -4.799732419655337, 55.566367577800179 ], [ -4.820075528340638, 55.56703357752486 ], [ -4.835958971459207, 55.562055831870346 ], [ -4.85074397351294, 55.567535990579515 ], [ -4.862233655965523, 55.572232659045739 ], [ -4.859377711352999, 55.581939654464165 ], [ -4.887651556998286, 55.610626027467013 ], [ -4.913640647312889, 55.623613777985803 ], [ -4.905995505442977, 55.639897787184282 ], [ -4.891496097580993, 55.648806789094905 ], [ -4.871592364782622, 55.653517008933171 ], [ -4.851644694485389, 55.668564912998143 ], [ -4.847426684713202, 55.690863818539036 ], [ -4.85269919625469, 55.716595370146358 ], [ -4.874338464300502, 55.731013897255636 ], [ -4.893473289521313, 55.757346774994538 ], [ -4.888728028864498, 55.818364772707163 ], [ -4.883367641426982, 55.854857607407851 ], [ -4.883653235618731, 55.864888557567411 ], [ -4.892880131939236, 55.871300045024704 ], [ -4.893406980378635, 55.874430047641475 ], [ -4.894154322101168, 55.878869565262235 ], [ -4.86700088492262, 55.893505948069595 ], [ -4.872602929053052, 55.927913783732059 ], [ -4.859641337244492, 55.943758170887854 ], [ -4.798304447798233, 55.954170950189877 ], [ -4.748325428308007, 55.951290362916616 ], [ -4.709528527880037, 55.943353172420984 ], [ -4.682243278204923, 55.932578658158022 ], [ -4.591050789561106, 55.935414348568258 ], [ -4.517323497588146, 55.943503600746602 ], [ -4.503197558915634, 55.945054136493894 ], [ -4.601991251930466, 55.952863722514302 ], [ -4.683165967477655, 55.963227781148035 ], [ -4.717832734029476, 55.988906141604033 ], [ -4.756262178590505, 56.000000000175547 ], [ -4.760825675031055, 56.001334408967509 ], [ -4.788066987207299, 56.024550394916659 ], [ -4.827061606829322, 56.061872521627294 ], [ -4.836925598230765, 56.088252062412359 ], [ -4.843384425834777, 56.073347163263939 ], [ -4.842879143250396, 56.059394857750597 ], [ -4.819372527460538, 56.038375033502149 ], [ -4.806498810649721, 56.023368871464726 ], [ -4.776840930646181, 56.000269226383473 ], [ -4.777007769354009, 56.000000000175547 ], [ -4.784530010913254, 55.988016183609744 ], [ -4.82148153189747, 55.987103087671763 ], [ -4.846737658923978, 56.000000000175547 ], [ -4.863529815326062, 56.008684532967038 ], [ -4.900810868000898, 56.060528525825454 ], [ -4.879105694155933, 56.101831970739099 ], [ -4.867154666617803, 56.11020171066594 ], [ -4.799908170549108, 56.180635791882935 ], [ -4.821569406895202, 56.175579121204471 ], [ -4.829038798769641, 56.167351863605525 ], [ -4.868209169285435, 56.124170551838645 ], [ -4.882994171339168, 56.125372310897873 ], [ -4.895977732346342, 56.151171867895449 ], [ -4.884400174895998, 56.165475428571348 ], [ -4.887739432894316, 56.190723831246387 ], [ -4.899338958644913, 56.18590147490589 ], [ -4.910894547794983, 56.158400089251209 ], [ -4.894571728789519, 56.112804478999202 ], [ -4.917573062893293, 56.061673846998232 ], [ -4.89239681765511, 56.009339890085904 ], [ -4.905995604257658, 56.000000000175547 ], [ -4.918759378057482, 55.991344753593644 ], [ -4.964849920364499, 55.992223078000023 ], [ -4.928315806068607, 55.970941181069847 ], [ -4.948461195559892, 55.899901106127409 ], [ -4.989982227205488, 55.874951683042006 ], [ -5.000000000302123, 55.874759672192845 ], [ -5.020820612968257, 55.874360489090286 ], [ -5.027299601462198, 55.902611778158111 ], [ -5.043486091241847, 55.939997309023703 ], [ -5.051809943546576, 55.934314820018223 ], [ -5.042014592415974, 55.901870416603195 ], [ -5.048317878525152, 55.88626377495288 ], [ -5.090815649277512, 55.895116422868682 ], [ -5.119982078057082, 55.901963087575709 ], [ -5.143548025774834, 55.911530166186793 ], [ -5.145810181289573, 55.939696424433457 ], [ -5.151784028234641, 55.939314528879535 ], [ -5.158394792394231, 55.90588981483053 ], [ -5.21718886568149, 55.869514674587514 ], [ -5.195797222735312, 55.844313609342215 ], [ -5.17684343679034, 55.797579244645945 ], [ -5.196258439361737, 55.811340743259279 ], [ -5.214838860321828, 55.817830759117754 ], [ -5.276905371323319, 55.832594686857362 ], [ -5.297198880428514, 55.866477036243133 ], [ -5.312572751507184, 55.905009521116121 ], [ -5.284921747374266, 55.937173529167332 ], [ -5.290170825463234, 55.973993734685074 ], [ -5.27885232147959, 56.000000000175547 ], [ -5.245279123530477, 56.078043531999263 ], [ -5.195533671404005, 56.140373626536636 ], [ -5.134191927461958, 56.155742127875079 ], [ -5.086269376235877, 56.173866226254923 ], [ -5.000000000302123, 56.251333560065731 ], [ -4.981765896053743, 56.267682565115877 ], [ -5.000000000302123, 56.261309058153351 ], [ -5.035667379587691, 56.248835401594604 ], [ -5.149565797642304, 56.172141601644952 ], [ -5.223601966342583, 56.15626674016773 ], [ -5.276971260054454, 56.095375399900817 ], [ -5.303238615206385, 56.078464074227597 ], [ -5.326189607721654, 56.081466145537149 ], [ -5.312177423611894, 56.064396769613907 ], [ -5.314637242625138, 56.02559150975047 ], [ -5.332976074265997, 56.00059697801111 ], [ -5.377604223969115, 56.00227080821751 ], [ -5.423681910486065, 56.020701535920075 ], [ -5.43532212632579, 56.021801249015049 ], [ -5.428619599259936, 56.000000000175547 ], [ -5.422517888812273, 55.980398685168133 ], [ -5.39831502388, 55.933643513013664 ], [ -5.383621995836623, 55.874175014496323 ], [ -5.331526537452165, 55.824679507168405 ], [ -5.295815232345816, 55.796080862835332 ], [ -5.287249789823557, 55.783011122942163 ], [ -5.289468020415867, 55.763636574643137 ], [ -5.320501275916626, 55.747369365880274 ], [ -5.37551776994076, 55.714139382259134 ], [ -5.426559020305008, 55.667038241012719 ], [ -5.460447423612624, 55.601848389149929 ], [ -5.485302672952018, 55.500000000025729 ], [ -5.486077862448331, 55.496859583274905 ], [ -5.500000000332335, 55.480223361312952 ], [ -5.525061605268903, 55.450258277549693 ], [ -5.540391550526801, 55.447701121781165 ], [ -5.550384566054233, 55.437459258471662 ], [ -5.543400436909717, 55.430224695908201 ], [ -5.52813637948463, 55.432586203508365 ], [ -5.515222328317529, 55.404366172228329 ], [ -5.525918149790617, 55.380785712250749 ], [ -5.557961688389121, 55.358420480209539 ], [ -5.632437109907128, 55.363221553274265 ], [ -5.68007414599317, 55.343306038286542 ], [ -5.731269134933475, 55.341078401502543 ], [ -5.75204582267717, 55.364079654357852 ], [ -5.754747231908008, 55.408246613825447 ], [ -5.729599971710774, 55.440005508094117 ], [ -5.678053579797654, 55.461526294388179 ], [ -5.661669426519536, 55.48749751048274 ], [ -5.659858565738882, 55.500000000025729 ], [ -5.657452593540389, 55.516818142753237 ], [ -5.657891847256441, 55.543716840275557 ], [ -5.661449800110677, 55.559660212089412 ], [ -5.631888043435818, 55.58085343208954 ], [ -5.611726309996244, 55.610427618689215 ], [ -5.598922072482761, 55.636375604704696 ], [ -5.596703841890416, 55.648317079708718 ], [ -5.569184613423148, 55.66443926510123 ], [ -5.551438774972741, 55.684573883976967 ], [ -5.539930334798701, 55.703033120892201 ], [ -5.500000000332335, 55.723533201280887 ], [ -5.48737365978781, 55.730013268220894 ], [ -5.388695373337494, 55.810620853527311 ], [ -5.390518275136217, 55.821916937077717 ], [ -5.439011855744008, 55.785404666728006 ], [ -5.499475092253933, 55.752067672454231 ], [ -5.500000000332335, 55.752027247019754 ], [ -5.54054528910286, 55.748904518637836 ], [ -5.571710321167564, 55.758218804708655 ], [ -5.600942637779973, 55.786636238650424 ], [ -5.60289731614265, 55.833082078955407 ], [ -5.59358514275225, 55.864830582780925 ], [ -5.584163156606539, 55.902356936476266 ], [ -5.574433692410449, 55.921731666360358 ], [ -5.539513043993011, 55.953361168220361 ], [ -5.531233116610757, 55.965482983001799 ], [ -5.548825216485114, 55.962487583947741 ], [ -5.605642649397629, 55.941871999916927 ], [ -5.630416543711621, 55.946512046059404 ], [ -5.630460469532392, 55.967980898601112 ], [ -5.621609512768391, 55.992928034686351 ], [ -5.616895575467191, 56.000000000175547 ], [ -5.599888429759762, 56.025837161462782 ], [ -5.614691270558388, 56.023661330946631 ], [ -5.632867897001645, 56.000000000175547 ], [ -5.647152099962581, 55.981635619638432 ], [ -5.655871281060898, 55.99406056097159 ], [ -5.65276141505692, 56.000000000175547 ], [ -5.649282479811707, 56.006730098918851 ], [ -5.613109958078942, 56.048301845194153 ], [ -5.599163661801993, 56.060341531215506 ], [ -5.576739772847672, 56.105579318636082 ], [ -5.561585529076186, 56.119444821985368 ], [ -5.534615367978562, 56.111894113703251 ], [ -5.513619052927674, 56.117472678555835 ], [ -5.509929324407789, 56.135789866491194 ], [ -5.542280340158363, 56.14832683844282 ], [ -5.500000000332335, 56.206976878933794 ], [ -5.492051708495066, 56.217992468266011 ], [ -5.500000000332335, 56.218345490104959 ], [ -5.503582111579506, 56.218504587919718 ], [ -5.551021484167088, 56.180507635499026 ], [ -5.567647226764437, 56.189349405511528 ], [ -5.552053729276899, 56.221251292804105 ], [ -5.5279606779982, 56.245637086238382 ], [ -5.541863049352673, 56.25601028194761 ], [ -5.535362098846702, 56.263927828106695 ], [ -5.500000000332335, 56.268116041071195 ], [ -5.488054502823102, 56.269530736320306 ], [ -5.488164315578389, 56.281442895814791 ], [ -5.500000000332335, 56.280066196480192 ], [ -5.572479014946077, 56.271634520572526 ], [ -5.579265480592088, 56.29241040901784 ], [ -5.568481808375789, 56.302492156109444 ], [ -5.576432295695593, 56.312606063927561 ], [ -5.585524841778827, 56.321730657864123 ], [ -5.593914582814693, 56.30494250001815 ], [ -5.593892619904329, 56.272982740932434 ], [ -5.605137507848729, 56.265055450618647 ], [ -5.613900614767809, 56.270995261601122 ], [ -5.614295942663107, 56.28298829806382 ], [ -5.638037590968982, 56.286032440677396 ], [ -5.633117952942421, 56.300273936490875 ], [ -5.615547815080147, 56.317435638186588 ], [ -5.599295437467643, 56.316123819576646 ], [ -5.582384179730253, 56.327522361873143 ], [ -5.58007809929304, 56.340286529342222 ], [ -5.560948611861638, 56.353023214891621 ], [ -5.549791574660447, 56.363262824910457 ], [ -5.526994320721201, 56.360120497213053 ], [ -5.505470901211067, 56.369998819459468 ], [ -5.500000000332335, 56.372042239042905 ], [ -5.476699801225093, 56.380743792801617 ], [ -5.46277546696022, 56.389365389017563 ], [ -5.470330626384736, 56.39574920615464 ], [ -5.486780667495699, 56.38482307176853 ], [ -5.500000000332335, 56.38014208276001 ], [ -5.516693827143401, 56.37422994344012 ], [ -5.536548082532571, 56.374276309464676 ], [ -5.529563953388064, 56.388786042107235 ], [ -5.510083062983811, 56.400927302670617 ], [ -5.500000000332335, 56.407525814183721 ], [ -5.480455417577816, 56.420312818075608 ], [ -5.469034828146995, 56.43795265787454 ], [ -5.447138044550243, 56.448308183321579 ], [ -5.312660602250394, 56.457619950939581 ], [ -5.284262867249337, 56.451778675002799 ], [ -5.266077774184535, 56.456174174410222 ], [ -5.208293983096751, 56.490776668646063 ], [ -5.191173948802477, 56.499999999986564 ], [ -5.166279391881224, 56.513586457082596 ], [ -5.136080717093483, 56.536072517933889 ], [ -5.152355057616352, 56.538996358872907 ], [ -5.190284592416703, 56.511140494722518 ], [ -5.234737040633401, 56.503427069298397 ], [ -5.238624594348559, 56.499999999986564 ], [ -5.276553969248765, 56.466987242602642 ], [ -5.360231750503625, 56.468871985288146 ], [ -5.390606125879427, 56.462592999589226 ], [ -5.419047786701256, 56.467935406752851 ], [ -5.427305751173139, 56.488604105898354 ], [ -5.450739922326909, 56.492995326350048 ], [ -5.444184516846721, 56.499999999986564 ], [ -5.439451108561737, 56.505124391938281 ], [ -5.399083717658503, 56.520385165378336 ], [ -5.373211689503537, 56.511456489247621 ], [ -5.345077505833815, 56.514323725755908 ], [ -5.314022287422692, 56.524421684428802 ], [ -5.289599796081515, 56.540037191441868 ], [ -5.270953487288621, 56.54663236259924 ], [ -5.294607285749584, 56.546585592555573 ], [ -5.321533521924769, 56.536037430458293 ], [ -5.34494573016813, 56.526001074741458 ], [ -5.368687379372301, 56.521391410443897 ], [ -5.39177014755322, 56.536984780841372 ], [ -5.38149161688582, 56.544317168100349 ], [ -5.373541129566015, 56.553191308263067 ], [ -5.354763045107428, 56.579275493004033 ], [ -5.340487307869741, 56.591820319439826 ], [ -5.304446562700949, 56.60126706048014 ], [ -5.285778290997657, 56.610606376096285 ], [ -5.290829705588155, 56.62578948684947 ], [ -5.255996907913929, 56.638785373001497 ], [ -5.241369767703398, 56.639928422469531 ], [ -5.230981424280677, 56.647474009910681 ], [ -5.177041101187124, 56.647823845882392 ], [ -5.116731603253222, 56.65360732717771 ], [ -5.049042647381225, 56.670649423635112 ], [ -5.074409533987328, 56.665614533801666 ], [ -5.119433011585735, 56.656661951711619 ], [ -5.176689698214282, 56.654808220759328 ], [ -5.199596764908806, 56.661278393503757 ], [ -5.219758498348352, 56.661709698642071 ], [ -5.218221111689633, 56.671476852225538 ], [ -5.112317105877271, 56.77974722545116 ], [ -5.113986269099938, 56.78093246245691 ], [ -5.128174155594451, 56.79095899090936 ], [ -5.164061161288888, 56.796859791261767 ], [ -5.276861446400844, 56.80224868384483 ], [ -5.316921360151989, 56.798404531508339 ], [ -5.148182149559643, 56.788298679255426 ], [ -5.128789109898609, 56.772367700406974 ], [ -5.164105087109659, 56.744626253786059 ], [ -5.201112189555452, 56.733877600775081 ], [ -5.215585590291635, 56.697222908192998 ], [ -5.245388937184051, 56.6703930331769 ], [ -5.290434377692865, 56.666815043351413 ], [ -5.309563865124269, 56.656825169129476 ], [ -5.325420914841438, 56.653735579468162 ], [ -5.398622501032079, 56.5986633126508 ], [ -5.423352470423623, 56.582581471944174 ], [ -5.438726340604005, 56.589589654949535 ], [ -5.494884893391561, 56.559690670700249 ], [ -5.497674153365617, 56.54308935549308 ], [ -5.500000000332335, 56.542668589903919 ], [ -5.532902278935125, 56.536715782368915 ], [ -5.560838798208055, 56.513808809303285 ], [ -5.611770234918719, 56.505896941417333 ], [ -5.619397079004582, 56.499999999986564 ], [ -5.627561396803051, 56.493769515317069 ], [ -5.65354323771331, 56.495999551808715 ], [ -5.65838338292201, 56.499999999986564 ], [ -5.664656349992052, 56.505253151448002 ], [ -5.703047101418838, 56.508717782654948 ], [ -5.718223308100716, 56.51297790717792 ], [ -5.738516817205911, 56.525977676683418 ], [ -5.888807383402158, 56.53505496789036 ], [ -5.908112572319981, 56.539826688725249 ], [ -5.988737541371163, 56.578083867850474 ], [ -5.99607307438681, 56.588164763535069 ], [ -5.996248775873239, 56.606544058441742 ], [ -5.983246873962918, 56.615730340144431 ], [ -5.954212220849016, 56.617329247532453 ], [ -5.938091619800529, 56.628799705985941 ], [ -5.92069718342464, 56.62718961899153 ], [ -5.880505493109502, 56.611248368823446 ], [ -5.849582050364067, 56.609544145774315 ], [ -5.88483213974227, 56.627364631842262 ], [ -5.879802687163838, 56.633116266210166 ], [ -5.837524543718679, 56.631401368090437 ], [ -5.813607193028085, 56.636079239605657 ], [ -5.790766014166436, 56.649199835096638 ], [ -5.770889795866893, 56.658375696984841 ], [ -5.735793445064701, 56.655204623690942 ], [ -5.700213916522344, 56.635542655059048 ], [ -5.640058157164499, 56.624832700550364 ], [ -5.593431404176193, 56.62364251693058 ], [ -5.543290623256144, 56.623654185415262 ], [ -5.541445758547021, 56.632019673560862 ], [ -5.589873451321966, 56.635659304783623 ], [ -5.638740396914639, 56.634399472158528 ], [ -5.686948462382391, 56.641351353906543 ], [ -5.714884981655358, 56.659762957364215 ], [ -5.749014974282216, 56.671581736278661 ], [ -5.793072094603649, 56.669856939230726 ], [ -5.811630552653341, 56.659588095392472 ], [ -5.84084090635534, 56.642937509235011 ], [ -5.930865900438457, 56.640301655853129 ], [ -5.944285093154458, 56.648383576164534 ], [ -5.975779565281615, 56.634154499798633 ], [ -5.995853447079653, 56.632136333726848 ], [ -6.000000000362556, 56.634134571435084 ], [ -6.033036251910161, 56.650051057664349 ], [ -6.089985460488334, 56.646785989495527 ], [ -6.118646747718995, 56.649689582039471 ], [ -6.140433718560471, 56.657011702099034 ], [ -6.154863194374208, 56.669542271729163 ], [ -6.146100088353451, 56.68022783377296 ], [ -6.140126241408391, 56.693228185586925 ], [ -6.116296742359333, 56.708459421437624 ], [ -6.053944715319542, 56.714501293326954 ], [ -6.027369882117209, 56.711672561338098 ], [ -6.000000000362556, 56.719348064304889 ], [ -5.990802032489145, 56.721927152949085 ], [ -5.980677241296064, 56.73004968374731 ], [ -5.958363165995353, 56.714943626914966 ], [ -5.938508910606192, 56.710520053539668 ], [ -5.92421109098218, 56.71590975388245 ], [ -5.923222890270723, 56.716282237049938 ], [ -5.920763071257478, 56.724987855100181 ], [ -5.894254125887955, 56.727233762151648 ], [ -5.901391994506818, 56.734657098223948 ], [ -5.913888754868257, 56.738612506931673 ], [ -5.879253620692499, 56.74456809821028 ], [ -5.857400762018221, 56.743858595080447 ], [ -5.850197005566512, 56.750546000443244 ], [ -5.809983352341048, 56.747743250923989 ], [ -5.797881919874889, 56.753988094786514 ], [ -5.922366345749009, 56.768078771056764 ], [ -5.921114474230293, 56.795291755827236 ], [ -5.90881537736735, 56.803851265186815 ], [ -5.885578869712076, 56.809750028819053 ], [ -5.850724109127486, 56.813198283391216 ], [ -5.829486205655654, 56.816100608325428 ], [ -5.81626467643815, 56.823169726273242 ], [ -5.783342631305866, 56.825363318137988 ], [ -5.76203883910289, 56.841387713561218 ], [ -5.743524305975646, 56.844334246226666 ], [ -5.738033637669114, 56.851931513034991 ], [ -5.765970156942043, 56.84718775255616 ], [ -5.787581426297089, 56.830318735993799 ], [ -5.819010010591435, 56.827823701798422 ], [ -5.833988552876527, 56.833208125636517 ], [ -5.821535718335851, 56.84233898178676 ], [ -5.801066507744198, 56.852441808554673 ], [ -5.796761824021832, 56.862147685389253 ], [ -5.800956694090615, 56.866309885369894 ], [ -5.934226188895891, 56.851061675300613 ], [ -5.944065466745562, 56.859098201684276 ], [ -5.94536126408504, 56.870019532261779 ], [ -5.935653762799324, 56.875131284107795 ], [ -5.919840638902916, 56.870541171839839 ], [ -5.891223276594667, 56.872708795166986 ], [ -5.898602734532761, 56.883857891863961 ], [ -5.925111679902293, 56.881366439494009 ], [ -5.929196737215792, 56.892339166988044 ], [ -5.913098098179353, 56.915201171486245 ], [ -5.874333981767678, 56.94620570589553 ], [ -5.855511971488354, 56.958038239352405 ], [ -5.839764735424758, 56.951538331025667 ], [ -5.835020798884663, 56.961114311359211 ], [ -5.839962399821551, 56.969011479833661 ], [ -5.849713826029715, 56.977138142469663 ], [ -5.85311804030792, 56.989631003104101 ], [ -5.837326879321886, 56.997799357821343 ], [ -5.821944410467631, 56.999999999884416 ], [ -5.761423883900408, 57.0087744804176 ], [ -5.741811217830506, 57.006761040884946 ], [ -5.733691727761363, 56.999999999884416 ], [ -5.721298081418154, 56.98981587957158 ], [ -5.660768957075383, 56.973785965488261 ], [ -5.643176856302666, 56.979808108237876 ], [ -5.615899218052962, 56.986984855463618 ], [ -5.546563061868664, 56.995003603285681 ], [ -5.519021870491024, 56.989538564279414 ], [ -5.510892157593911, 56.999999999884416 ], [ -5.510851756762324, 57.000052688415629 ], [ -5.528290118060678, 57.00434945177939 ], [ -5.570038427964723, 56.999999999884416 ], [ -5.610101072594349, 56.995881631649375 ], [ -5.657825959423604, 56.991953448336112 ], [ -5.696370448528114, 56.999116293475147 ], [ -5.696197996248057, 56.999999999884416 ], [ -5.693383525055596, 57.014615177543618 ], [ -5.700894759557637, 57.0252992791373 ], [ -5.729050905239462, 57.026048103801685 ], [ -5.738802331447618, 57.016604783652703 ], [ -5.755098633982525, 57.028118993197999 ], [ -5.767836984561538, 57.041231936722575 ], [ -5.761336033157233, 57.058046199774324 ], [ -5.750530398928859, 57.074654177500207 ], [ -5.727996697219252, 57.07680413712918 ], [ -5.699818588627055, 57.089923190556021 ], [ -5.687058276036011, 57.115108520130917 ], [ -5.672650763132637, 57.119858762756714 ], [ -5.587040266425471, 57.132344198651651 ], [ -5.56490189261119, 57.128155630824544 ], [ -5.513904568067677, 57.089783029339259 ], [ -5.500000000332335, 57.084762511621797 ], [ -5.491744231342987, 57.081781281207249 ], [ -5.46997922341192, 57.089304141209723 ], [ -5.421331904228107, 57.10320104846852 ], [ -5.370729907579894, 57.108921783769318 ], [ -5.406199623366965, 57.112237069721004 ], [ -5.452848339265671, 57.104590451254865 ], [ -5.486626928919678, 57.097374326525234 ], [ -5.500000000332335, 57.105667910831393 ], [ -5.509446145769289, 57.111525008727071 ], [ -5.528663483943902, 57.122087781298539 ], [ -5.551394849151969, 57.13743050964019 ], [ -5.564199087563784, 57.148417346979826 ], [ -5.587172042091121, 57.154760694968438 ], [ -5.632371222074326, 57.152953418444298 ], [ -5.659846524720822, 57.149466873047956 ], [ -5.677811990478422, 57.163632554523872 ], [ -5.662460083208413, 57.19586102894808 ], [ -5.661405874289905, 57.207435881809083 ], [ -5.678404982770505, 57.217296085763969 ], [ -5.67385870972887, 57.232180332048372 ], [ -5.645482937638212, 57.245814081826936 ], [ -5.55695140529135, 57.2596869253777 ], [ -5.549481388189453, 57.26054323075811 ], [ -5.522975151240541, 57.263581541774961 ], [ -5.500000000332335, 57.251580058720151 ], [ -5.489899366633901, 57.24630256980786 ], [ -5.463610048571572, 57.232692270800214 ], [ -5.42879921290942, 57.223406454922106 ], [ -5.411690290775238, 57.228445290415486 ], [ -5.402795409088796, 57.239521316125064 ], [ -5.434245955395208, 57.23864885104657 ], [ -5.469825484835872, 57.252268571803761 ], [ -5.49178815716376, 57.271218440550612 ], [ -5.496839571754267, 57.280538649293767 ], [ -5.472373154592354, 57.292888343555482 ], [ -5.446874492320603, 57.302481752903219 ], [ -5.423088918193983, 57.309855123481533 ], [ -5.438660452771158, 57.314173952394412 ], [ -5.500000000332335, 57.290243687870536 ], [ -5.529300401158424, 57.278807268831244 ], [ -5.565187407751194, 57.28021329557864 ], [ -5.642364237601714, 57.273949669845017 ], [ -5.654663334464665, 57.279097774583875 ], [ -5.759227617116805, 57.276227475715046 ], [ -5.770450542150832, 57.281305543578206 ], [ -5.7531878814406, 57.3108071674041 ], [ -5.681853122869455, 57.337315122753118 ], [ -5.625211390545056, 57.327661207576369 ], [ -5.600964600690344, 57.329958884824471 ], [ -5.584558484501827, 57.33831285816126 ], [ -5.516474200734533, 57.341433506306736 ], [ -5.500000000332335, 57.352353865845387 ], [ -5.406397286865461, 57.414339028281908 ], [ -5.421441717881689, 57.418402433749371 ], [ -5.500000000332335, 57.374646028029268 ], [ -5.52200879396354, 57.362377878992675 ], [ -5.604193113482129, 57.351466499760164 ], [ -5.624552510420171, 57.36124167041892 ], [ -5.580890717994018, 57.383032165297735 ], [ -5.590729994945383, 57.401115356903077 ], [ -5.604302927135711, 57.401277497616178 ], [ -5.669246548854423, 57.371095365493197 ], [ -5.771944003887112, 57.345853001876982 ], [ -5.799045941548682, 57.373158508428652 ], [ -5.804712311341672, 57.440459634420669 ], [ -5.827531527292958, 57.447724247126338 ], [ -5.832714718447439, 57.499275224073443 ], [ -5.83218514272282, 57.50000000018067 ], [ -5.8032188496054, 57.54016956559439 ], [ -5.778071589408193, 57.552776846939629 ], [ -5.760062198728155, 57.553817512031287 ], [ -5.709086836196719, 57.525568653089564 ], [ -5.686443320833529, 57.523719721385099 ], [ -5.661383912277829, 57.507063393567407 ], [ -5.62380577955203, 57.526060125278441 ], [ -5.599405251121262, 57.527066452713953 ], [ -5.5645065647159, 57.519974761506454 ], [ -5.515749431878467, 57.521929210666038 ], [ -5.533275644818348, 57.533770689478153 ], [ -5.578167346751106, 57.547795271952687 ], [ -5.627012329433406, 57.543514781279576 ], [ -5.693778853849174, 57.575056927816611 ], [ -5.69397651734768, 57.604224766247441 ], [ -5.752660777879653, 57.613179497699093 ], [ -5.763027159290263, 57.631210662551503 ], [ -5.740383643927072, 57.695512744300522 ], [ -5.710909737995432, 57.718694481088349 ], [ -5.640892738775841, 57.7135727273876 ], [ -5.64128806667113, 57.724874537161 ], [ -5.658418950817388, 57.739709330734065 ], [ -5.690286788827759, 57.739651166822398 ], [ -5.708713470313495, 57.754584529882173 ], [ -5.736649989586425, 57.760897944266461 ], [ -5.734541573546032, 57.802599105342757 ], [ -5.75020095886638, 57.856162094150363 ], [ -5.678888161409004, 57.861124459168273 ], [ -5.665578782346614, 57.851430976281051 ], [ -5.65319183474046, 57.816682215481308 ], [ -5.596462252571184, 57.792436797832302 ], [ -5.585568767599598, 57.803702268730703 ], [ -5.573884625939137, 57.849030391032976 ], [ -5.590751957855756, 57.866677319611767 ], [ -5.625299241288267, 57.873376703912392 ], [ -5.645944153366314, 57.888092406809982 ], [ -5.634194123873041, 57.910884015736755 ], [ -5.563913572423781, 57.912261701814998 ], [ -5.548342037846615, 57.88065420047829 ], [ -5.500000000332335, 57.870088181455024 ], [ -5.487790950593472, 57.867419181552513 ], [ -5.481484575178005, 57.880038818582371 ], [ -5.472043714529875, 57.898922546521874 ], [ -5.454868904562854, 57.908336893767512 ], [ -5.392890243406278, 57.870096712336277 ], [ -5.323180722237062, 57.855686691451105 ], [ -5.317755941763339, 57.868647856982832 ], [ -5.363855591190663, 57.879877850293568 ], [ -5.386718732962748, 57.896629378491305 ], [ -5.467782955729956, 57.920781338400047 ], [ -5.44731374513833, 57.930780062730911 ], [ -5.41507254304134, 57.921082266592862 ], [ -5.408439815971378, 57.908070593192875 ], [ -5.372264453765684, 57.911345193084628 ], [ -5.346790594877252, 57.913650911802563 ], [ -5.273610970698687, 57.883238051488071 ], [ -5.210665952265118, 57.8793795864214 ], [ -5.195731334902464, 57.878464153832994 ], [ -5.322521842112141, 57.921417914595828 ], [ -5.330779806584024, 57.932515667683276 ], [ -5.320105948021335, 57.943101033520634 ], [ -5.328473726146801, 57.955244313386864 ], [ -5.401741201068577, 57.969972619798455 ], [ -5.413820420892706, 57.999999999985022 ], [ -5.429589868699989, 58.039715391375381 ], [ -5.47046240205042, 58.047131515919205 ], [ -5.466926412106566, 58.058837426356597 ], [ -5.4456885077364, 58.066401535792473 ], [ -5.457284798653688, 58.093885341015771 ], [ -5.4318080992923, 58.099830358961754 ], [ -5.391199118171546, 58.068996578622183 ], [ -5.359814459697936, 58.06339712833875 ], [ -5.35258874033589, 58.09578925653615 ], [ -5.328451763236429, 58.125059330330551 ], [ -5.329571859987784, 58.127451707886763 ], [ -5.357728005669582, 58.186929155702614 ], [ -5.408154300831374, 58.242387127630217 ], [ -5.397765957408652, 58.257912339471225 ], [ -5.375012628391888, 58.252947339605889 ], [ -5.356168656100491, 58.242235912124102 ], [ -5.329264381937381, 58.243492143430466 ], [ -5.307016195367813, 58.249842406537113 ], [ -5.266143662017383, 58.237443212311348 ], [ -5.177634093479208, 58.241956743335628 ], [ -5.098524547278058, 58.216892380986181 ], [ -5.066810448742032, 58.224783637242027 ], [ -5.023368283623081, 58.221792616102846 ], [ -5.000000000302123, 58.215681042683009 ], [ -4.949252072336022, 58.202408858939528 ], [ -5.000000000302123, 58.223019041358476 ], [ -5.003514027335577, 58.224446141416124 ], [ -5.000000000302123, 58.22498898222959 ], [ -4.956567682515315, 58.231695768383844 ], [ -4.951756515161015, 58.240781884793101 ], [ -5.000000000302123, 58.234762992948809 ], [ -5.015066393330416, 58.232882564072248 ], [ -5.081986655423918, 58.238280818088249 ], [ -5.119718526725738, 58.233510851568695 ], [ -5.164170974942471, 58.252342654953942 ], [ -5.176118668832563, 58.291393314573 ], [ -5.195467782672861, 58.322649164679795 ], [ -5.198015453327649, 58.353958471065702 ], [ -5.183981305409193, 58.3724015632407 ], [ -5.163094804011887, 58.367522214012446 ], [ -5.151256923775368, 58.382552148071277 ], [ -5.125011530635514, 58.394749827800325 ], [ -5.059672580123171, 58.389132239406464 ], [ -5.048493580011582, 58.39887268200868 ], [ -5.078977769041002, 58.410740557088225 ], [ -5.067908582582987, 58.427186850348107 ], [ -5.027782780100698, 58.439762309875249 ], [ -5.025828102636325, 58.459512986358675 ], [ -5.053566957512452, 58.471626159486149 ], [ -5.070434290327404, 58.498080257042254 ], [ -5.06942337301905, 58.500000000061064 ], [ -5.05747631333953, 58.523006030916441 ], [ -5.009136471307795, 58.538290125887848 ], [ -5.005095339815068, 58.561589592707151 ], [ -5.019436964885593, 58.588916226149266 ], [ -5.000000000302123, 58.591114131716296 ], [ -4.985544529939, 58.592748190659144 ], [ -4.953096612020396, 58.576704872301917 ], [ -4.906303067935008, 58.583634902057199 ], [ -4.849118282461783, 58.562057294226257 ], [ -4.842461735663756, 58.54026744096705 ], [ -4.841429202194702, 58.514787774620309 ], [ -4.844489695892376, 58.500000000061064 ], [ -4.846899433828539, 58.488517502265601 ], [ -4.835343516793436, 58.500000000061064 ], [ -4.825699541669658, 58.509717715808307 ], [ -4.820778530119072, 58.53846563153887 ], [ -4.805773839672708, 58.538968743759391 ], [ -4.791933496090278, 58.554713656570726 ], [ -4.807685125813911, 58.567704178655724 ], [ -4.727674756232377, 58.540524834726547 ], [ -4.721787117910197, 58.524270206954 ], [ -4.736734288330577, 58.500000000061064 ], [ -4.738812937795752, 58.496671416103524 ], [ -4.729673917371286, 58.479599149459943 ], [ -4.774468300317755, 58.438952618336543 ], [ -4.759221953178504, 58.435586415384954 ], [ -4.71220872159879, 58.477889153920465 ], [ -4.712823847481158, 58.496290326645038 ], [ -4.708599402178294, 58.500000000061064 ], [ -4.699884224871179, 58.507762092371699 ], [ -4.694677619128846, 58.526189793527365 ], [ -4.632308196213532, 58.528448684375697 ], [ -4.632681665403021, 58.549707871465856 ], [ -4.656957189668754, 58.562782219193579 ], [ -4.663855392261362, 58.571877579226502 ], [ -4.59843230643785, 58.566956091171015 ], [ -4.500000000271902, 58.552050005758176 ], [ -4.478746284654465, 58.548830615904265 ], [ -4.457941830883618, 58.532907516726887 ], [ -4.453416258619435, 58.516707881994392 ], [ -4.465803524229199, 58.500000000061064 ], [ -4.499396956730104, 58.455293197142133 ], [ -4.48518314305986, 58.457732644135532 ], [ -4.436107886237656, 58.500000000061064 ], [ -4.416069298348824, 58.517492285998379 ], [ -4.380128341635036, 58.53030952577916 ], [ -4.334630956910167, 58.531667058885397 ], [ -4.287332131138704, 58.511954252826165 ], [ -4.267362491642893, 58.528483795277587 ], [ -4.232959350982538, 58.52245586639313 ], [ -4.209628485188111, 58.537318977144743 ], [ -4.150180912684474, 58.534007508534359 ], [ -4.127684862063379, 58.545508540392952 ], [ -4.092842345516093, 58.550538320212048 ], [ -4.03948013052868, 58.540735428679447 ], [ -4.035525746647995, 58.560046133221746 ], [ -4.014281916990243, 58.573817927346745 ], [ -4.000000000241688, 58.562240503854881 ], [ -3.998288630573696, 58.560852949869407 ], [ -3.984184661099773, 58.550316089212686 ], [ -3.931086072003863, 58.558093325069535 ], [ -3.921925082380807, 58.555239924238634 ], [ -3.916279100751551, 58.54631569355989 ], [ -3.906942360234725, 58.545672312061832 ], [ -3.903932634825352, 58.547789576860644 ], [ -3.901098659411416, 58.549789747783734 ], [ -3.888752194383523, 58.5495675120196 ], [ -3.878185201203636, 58.547824668796729 ], [ -3.775898469393639, 58.54748544730549 ], [ -3.739737824287219, 58.568966854437356 ], [ -3.686990736080508, 58.58226770366246 ], [ -3.623039559612971, 58.584371063965357 ], [ -3.5620541710559, 58.586661245334398 ], [ -3.524487522392693, 58.582653328981742 ], [ -3.527233622808897, 58.576587996589993 ], [ -3.535779485651251, 58.574589361070842 ], [ -3.534505295489319, 58.56879150159439 ], [ -3.523323176427073, 58.557520324533229 ], [ -3.518555946571643, 58.554643486980204 ], [ -3.500000000211477, 58.560561494785368 ], [ -3.49263276295449, 58.56291083357538 ], [ -3.461590848592744, 58.566254635024933 ], [ -3.405196938997342, 58.564641232371478 ], [ -3.381866074101256, 58.556093629853834 ], [ -3.359699554272474, 58.556257351877314 ], [ -3.349132561990929, 58.574682867029608 ], [ -3.379976757158623, 58.582513102001023 ], [ -3.392411098082555, 58.602209468582423 ], [ -3.377472313435334, 58.617855820538033 ], [ -3.354449011929575, 58.621953069595236 ], [ -3.340147322363312, 58.596404519903579 ], [ -3.283116318585295, 58.596439562500329 ], [ -3.270660008462785, 58.60354084959247 ], [ -3.200447724483542, 58.607873325323432 ], [ -3.172151909639666, 58.611749909073261 ], [ -3.15501624555779, 58.593717797469019 ], [ -3.12687421330743, 58.594617288554353 ], [ -3.082167705358664, 58.609064370182793 ], [ -3.042052676371595, 58.606285202787689 ], [ -3.032650030055661, 58.584020512725871 ], [ -3.047808502197172, 58.563214828766085 ], [ -3.07182040057141, 58.555391955340767 ], [ -3.06004512392705, 58.540489735924069 ], [ -3.108763013861279, 58.500000000061064 ], [ -3.121513825869886, 58.489545508139365 ], [ -3.140868338585042, 58.475936421541988 ], [ -3.124018269593212, 58.45865750832094 ], [ -3.094448264587405, 58.455200702847982 ], [ -3.064394946195841, 58.464888146121986 ], [ -3.081618485275413, 58.386050871095748 ], [ -3.171163313669519, 58.31539498339076 ], [ -3.22006586219183, 58.293728011280962 ], [ -3.343838081250827, 58.270153255028127 ], [ -3.411699704100223, 58.241165754071368 ], [ -3.486942843826363, 58.169554477847868 ], [ -3.500000000211477, 58.164755502745194 ], [ -3.528046468783606, 58.154445217834834 ], [ -3.804018532445411, 58.052803691634381 ], [ -3.838289860609198, 58.029629791844407 ], [ -3.852701393473459, 58.000456750073916 ], [ -3.856601854182576, 57.999999999985022 ], [ -3.952813215047408, 57.988888539527821 ], [ -3.987545887398381, 57.980338907123212 ], [ -3.99545465515976, 57.958134962161395 ], [ -4.000000000241688, 57.948543593562491 ], [ -4.005340614861495, 57.937270793167862 ], [ -4.029638108325816, 57.948294236042571 ], [ -4.049388059428995, 57.949994296842618 ], [ -4.068413039555207, 57.940162896435524 ], [ -4.039106660440902, 57.926336530036806 ], [ -4.002264983652998, 57.922586870545139 ], [ -4.004373988089928, 57.902825226901264 ], [ -4.024914815969247, 57.883133774176088 ], [ -4.029638108325816, 57.857808562438358 ], [ -4.089964432603314, 57.861124459168273 ], [ -4.113624830088327, 57.859095537798389 ], [ -4.156485958593329, 57.864219792523166 ], [ -4.245503536102746, 57.858539013606439 ], [ -4.279379424980131, 57.877699344289887 ], [ -4.291440296714581, 57.876644807408766 ], [ -4.297437779233036, 57.876111732791585 ], [ -4.240560556251878, 57.848473710654204 ], [ -4.145655340420282, 57.848450515570747 ], [ -4.121819192041482, 57.838208368092872 ], [ -4.069775105613168, 57.829007662148044 ], [ -4.055253728552596, 57.812793367436129 ], [ -4.035635589945974, 57.814964209416281 ], [ -4.000000000241688, 57.822270200270594 ], [ -3.979812869632439, 57.826408296730484 ], [ -3.967642154600019, 57.815033859558959 ], [ -3.97522139067077, 57.802970700982577 ], [ -3.96955343984289, 57.793180195400275 ], [ -3.95019892712777, 57.79509669605936 ], [ -3.926582467141603, 57.801553971647266 ], [ -3.89202554568439, 57.80485184483107 ], [ -3.813509054657419, 57.843068822609411 ], [ -3.811795487710223, 57.828381046507943 ], [ -3.856941371545893, 57.795921340850818 ], [ -3.867420489728039, 57.780110419572686 ], [ -3.901713786192108, 57.753863590666768 ], [ -3.944882478087421, 57.731926188990357 ], [ -3.978253085278759, 57.670661131914507 ], [ -4.000000000241688, 57.66798467987681 ], [ -4.03857940955623, 57.663236118822326 ], [ -4.009514687134812, 57.691564194116431 ], [ -4.021004369587423, 57.699588965610658 ], [ -4.05775817227592, 57.702197505535473 ], [ -4.109121226124389, 57.672863864363876 ], [ -4.114811145252553, 57.662210251385822 ], [ -4.140251015483869, 57.657978240040286 ], [ -4.164878040638807, 57.663480923491669 ], [ -4.23392597865243, 57.661114406150197 ], [ -4.290012324857467, 57.648159931226694 ], [ -4.396714785633705, 57.58863334802728 ], [ -4.425845414752572, 57.560271307966481 ], [ -4.39948285435019, 57.563345810644968 ], [ -4.358489073589223, 57.593527557036538 ], [ -4.298821813591288, 57.621466779615893 ], [ -4.247766322234851, 57.64536087506994 ], [ -4.186605183682352, 57.648264891557126 ], [ -4.160528217471719, 57.64148848992572 ], [ -4.150224851081669, 57.630370574841926 ], [ -4.137263258374777, 57.623124008419083 ], [ -4.063492028902918, 57.628725346388677 ], [ -4.005845897445877, 57.645862388384749 ], [ -4.000000000241688, 57.640528946808182 ], [ -3.992818398939868, 57.633975813656974 ], [ -4.000000000241688, 57.627715610295631 ], [ -4.082231414837372, 57.555957212955221 ], [ -4.083132135809823, 57.555162147343637 ], [ -4.074827929660347, 57.539783559406992 ], [ -4.099630704810715, 57.538882862020138 ], [ -4.133989907972234, 57.517680782697624 ], [ -4.147896158252114, 57.522514354494255 ], [ -4.158441182233412, 57.517341355020136 ], [ -4.144556900253788, 57.506349212912411 ], [ -4.154271150582233, 57.50000000018067 ], [ -4.173292090984595, 57.487734612423928 ], [ -4.230147344767173, 57.492598519869823 ], [ -4.263935974891111, 57.50000000018067 ], [ -4.289419167275345, 57.505658435024301 ], [ -4.360450231500065, 57.50000000018067 ], [ -4.3934853718317, 57.497404022381311 ], [ -4.388871923671442, 57.493153033522269 ], [ -4.386784888433099, 57.491235305099856 ], [ -4.30956455676663, 57.480350859743162 ], [ -4.193459448776134, 57.482384719119459 ], [ -4.19545860991507, 57.462029447963822 ], [ -4.251501018621237, 57.428020828929263 ], [ -4.235463794705828, 57.428483744092546 ], [ -4.193459448776134, 57.455369034903697 ], [ -4.178828228417539, 57.467139563801432 ], [ -4.167536265158982, 57.473705356364455 ], [ -4.145809122115438, 57.475600893189629 ], [ -4.127860612058844, 57.480316190810164 ], [ -4.127421236171911, 57.488705135537636 ], [ -4.109444133638104, 57.50000000018067 ], [ -4.103519181993986, 57.503773363738773 ], [ -4.080166347899284, 57.506454584623896 ], [ -4.039568005526413, 57.525311212438389 ], [ -4.039128629639482, 57.532764547791395 ], [ -4.050244842004278, 57.54266096191116 ], [ -4.009954063021745, 57.551794618502626 ], [ -4.000000000241688, 57.551151425313201 ], [ -3.995476624358376, 57.550859138359975 ], [ -3.980999184796639, 57.548859468387974 ], [ -3.944047663812421, 57.543760397028812 ], [ -3.832182534792684, 57.546099509632441 ], [ -3.792858382581744, 57.555594758783954 ], [ -3.715309364539338, 57.589341887052818 ], [ -3.70737778226468, 57.592791715792991 ], [ -3.667526379169077, 57.603605909337347 ], [ -3.596281560822492, 57.615245659519637 ], [ -3.56877662365308, 57.618805718715166 ], [ -3.557726317087428, 57.61853726741257 ], [ -3.555331717560423, 57.60909351958977 ], [ -3.543007220832812, 57.60613965389004 ], [ -3.539711901231654, 57.613728151113925 ], [ -3.540524746308075, 57.622423780446816 ], [ -3.519434699243802, 57.624524424199905 ], [ -3.501002875801415, 57.633089121854752 ], [ -3.500000000211477, 57.640532536682578 ], [ -3.498146932087189, 57.65428211132609 ], [ -3.349330281184946, 57.674973233072379 ], [ -3.329865924273506, 57.675078116030356 ], [ -3.234960708441919, 57.643751319778161 ], [ -3.120810824091489, 57.61642460318479 ], [ -3.098248839823467, 57.616748593172581 ], [ -3.055783176656028, 57.617358392555246 ], [ -3.000000000181255, 57.629606511508378 ], [ -2.937415282533419, 57.643343087511589 ], [ -2.906131711478749, 57.648882985634884 ], [ -2.888600609008813, 57.6367757511089 ], [ -2.800593596668131, 57.640182049666073 ], [ -2.714278182076058, 57.643028162741274 ], [ -2.622690255044172, 57.637137393951519 ], [ -2.566801628033187, 57.629577141000652 ], [ -2.527653226715981, 57.617008224243712 ], [ -2.500000000151079, 57.618243112295936 ], [ -2.426553683232659, 57.621522740664943 ], [ -2.415260846811618, 57.622026978083746 ], [ -2.356648088583008, 57.62494453860733 ], [ -2.333954317869527, 57.634547485100917 ], [ -2.314446023459226, 57.638233966210059 ], [ -2.287731963065979, 57.629203754235078 ], [ -2.253131103211572, 57.628643666861727 ], [ -2.21494932866597, 57.622668861561394 ], [ -2.185467199556228, 57.614311815646992 ], [ -2.157544854800141, 57.623555809244365 ], [ -2.140321315720524, 57.636367440576556 ], [ -2.123932590915943, 57.639948752037043 ], [ -2.100162349234592, 57.638723913107633 ], [ -2.051325707409696, 57.632039063333607 ], [ -2.009760737366933, 57.64017038486854 ], [ -2.000000000120858, 57.639963076114192 ], [ -1.994382577731087, 57.639843767083129 ], [ -1.992141759899265, 57.632085733473318 ], [ -1.973512218161123, 57.623742532251718 ], [ -1.957343180850805, 57.630347238914197 ], [ -1.942602116295934, 57.618770703147362 ], [ -1.890821654860826, 57.5952678205458 ], [ -1.889811090590361, 57.582768771485519 ], [ -1.878057782246284, 57.561884577937477 ], [ -1.862415996718936, 57.555653219067544 ], [ -1.841985013035929, 57.505049602550287 ], [ -1.849292347934798, 57.50000000018067 ], [ -1.853320913793357, 57.497253859706895 ], [ -1.858329800341675, 57.480258409020415 ], [ -1.849564249106689, 57.472468581294983 ], [ -1.891151187449734, 57.415496739892923 ], [ -1.932166936510957, 57.392810480377896 ], [ -1.976851475261106, 57.35865608460329 ], [ -1.993613670153537, 57.348509082597822 ], [ -1.999720995970016, 57.365450102778219 ], [ -2.000000000120858, 57.367344747048165 ], [ -2.001566375413778, 57.377979782319656 ], [ -2.031487881308784, 57.387330775507046 ], [ -2.007519920433407, 57.373714841920673 ], [ -2.012616681979457, 57.364128498759285 ], [ -2.007739607927706, 57.344716279683965 ], [ -2.003126160665791, 57.333625585940766 ], [ -2.024435896122651, 57.281944610139035 ], [ -2.055258122091801, 57.221521077975588 ], [ -2.073316476344743, 57.156253089226446 ], [ -2.082609278464365, 57.117746322910932 ], [ -2.088826448477164, 57.106003151822719 ], [ -2.102139541174948, 57.105979802235474 ], [ -2.101370633597407, 57.101694829600653 ], [ -2.109301370557357, 57.094454781475697 ], [ -2.11026799732896, 57.085951751419707 ], [ -2.095702682769526, 57.086956332173905 ], [ -2.085531128876042, 57.085811575132077 ], [ -2.080983587413235, 57.078030960308375 ], [ -2.096647341240838, 57.066812775989966 ], [ -2.102622855459047, 57.052516343463338 ], [ -2.115694290565629, 57.037091509239566 ], [ -2.148974700614207, 56.999999999884416 ], [ -2.156666103026269, 56.991537498603513 ], [ -2.179645467931499, 56.972710892595238 ], [ -2.175822896547381, 56.953666540406871 ], [ -2.17492217557493, 56.936406023744716 ], [ -2.177338743402227, 56.912422346806615 ], [ -2.217190146497829, 56.870216597125101 ], [ -2.273210586005407, 56.83321972948994 ], [ -2.292982506307176, 56.81947862950723 ], [ -2.323101730497901, 56.805024125001616 ], [ -2.365874984005181, 56.794629677148222 ], [ -2.40346360096867, 56.783744344141638 ], [ -2.45425546643364, 56.768404235395217 ], [ -2.469260156880005, 56.747045438154274 ], [ -2.473104696564379, 56.735832130786015 ], [ -2.476729548754453, 56.725220597577191 ], [ -2.476795455451895, 56.713663172634625 ], [ -2.476378047865246, 56.701356939160952 ], [ -2.484792098211006, 56.699994506198038 ], [ -2.490723674032056, 56.707725948591779 ], [ -2.500000000151079, 56.706789135023243 ], [ -2.503289827452546, 56.706456890401164 ], [ -2.5263131298566, 56.70361590739919 ], [ -2.5374732806186, 56.699109480320502 ], [ -2.534639305204665, 56.69388041404784 ], [ -2.509792592555427, 56.692680770358493 ], [ -2.500000000151079, 56.69266064764475 ], [ -2.481452841111014, 56.692622534572578 ], [ -2.475323545197622, 56.689652373240463 ], [ -2.481980091995685, 56.677967456075827 ], [ -2.49986269535482, 56.674227047406845 ], [ -2.500000000151079, 56.67414160165962 ], [ -2.509375184968778, 56.668306885078614 ], [ -2.51128647110999, 56.660369139062169 ], [ -2.505882146173603, 56.651963322977338 ], [ -2.500000000151079, 56.650157624719377 ], [ -2.489625233865562, 56.646972572833711 ], [ -2.500000000151079, 56.636213757061313 ], [ -2.500455852936934, 56.635740958979355 ], [ -2.513351538048051, 56.612077106750284 ], [ -2.528949386076529, 56.594120918184821 ], [ -2.535276400285639, 56.586050685591047 ], [ -2.564516872702494, 56.56279968176645 ], [ -2.587298518413671, 56.550724530427892 ], [ -2.613331546227109, 56.540282777038513 ], [ -2.63407009330047, 56.523520817715188 ], [ -2.670670114293821, 56.510063753107339 ], [ -2.702041560346188, 56.503380245174114 ], [ -2.705142248262915, 56.499999999986564 ], [ -2.712586584327486, 56.491990013345529 ], [ -2.716650812404483, 56.463055575607953 ], [ -2.733786476486359, 56.456625262848561 ], [ -2.749757793704326, 56.459967773762031 ], [ -2.776120354106708, 56.475207731061062 ], [ -2.824891089234154, 56.471300042467774 ], [ -2.842861567591021, 56.466570967868421 ], [ -2.860788108449036, 56.460280035128669 ], [ -2.888249109017911, 56.466004364049176 ], [ -2.913337478360064, 56.467438201602633 ], [ -2.949783716759891, 56.462176676484361 ], [ -2.966062598266493, 56.454080592434039 ], [ -3.000000000181255, 56.45353264013233 ], [ -3.021226254300492, 56.453189917625551 ], [ -3.026784360932061, 56.453097378444767 ], [ -3.048313784781552, 56.445149759098243 ], [ -3.062263972560293, 56.428254077813264 ], [ -3.077466382200711, 56.413342586065973 ], [ -3.114989092466759, 56.387152235764219 ], [ -3.155697279035942, 56.366346922721355 ], [ -3.183839311286329, 56.357406987207469 ], [ -3.224174027767698, 56.355968980185352 ], [ -3.250932026558175, 56.351561844994151 ], [ -3.272966732992057, 56.348070566871414 ], [ -3.294957501028771, 56.345762203437168 ], [ -3.33182114791358, 56.357105474069812 ], [ -3.349198468688379, 56.359563895636519 ], [ -3.316596769074583, 56.347049800413814 ], [ -3.297198318860594, 56.341040641784986 ], [ -3.274790143237231, 56.339509198204624 ], [ -3.269012349111372, 56.339114725678819 ], [ -3.230896481263211, 56.340588176015622 ], [ -3.175974481023794, 56.345820204181237 ], [ -3.119756322322154, 56.361442393505058 ], [ -3.016437056144806, 56.407031219696442 ], [ -3.000000000181255, 56.40754883043244 ], [ -2.996577260845279, 56.407656613108458 ], [ -2.96841325939633, 56.417962534459257 ], [ -2.94626870876611, 56.431552799656878 ], [ -2.939678069563821, 56.439121411799469 ], [ -2.922520436283366, 56.443715076540165 ], [ -2.900859199937271, 56.444108462524724 ], [ -2.884162911742326, 56.441146395668405 ], [ -2.870959663240845, 56.432293525781155 ], [ -2.864127366447353, 56.428439276959224 ], [ -2.842707786794173, 56.431251875514299 ], [ -2.819267076803432, 56.439017267244111 ], [ -2.804591918946012, 56.436367260211021 ], [ -2.793871144070951, 56.43306895778553 ], [ -2.793849175770696, 56.413840502272635 ], [ -2.805470670719882, 56.372050683859094 ], [ -2.823045710688689, 56.365975916431694 ], [ -2.853099029080289, 56.362346822423461 ], [ -2.854724720131419, 56.35762732219785 ], [ -2.830009819978748, 56.355110788774184 ], [ -2.813840783566772, 56.349114504273778 ], [ -2.800439814972985, 56.349056508559556 ], [ -2.801208723448824, 56.361036553415722 ], [ -2.789697071797634, 56.360201667636169 ], [ -2.780118675486264, 56.34345369972722 ], [ -2.752965239206049, 56.334357526567061 ], [ -2.679940948113153, 56.323877985786318 ], [ -2.636860131215545, 56.317122199031097 ], [ -2.603138023135036, 56.29609264682211 ], [ -2.562891181651373, 56.282244653656157 ], [ -2.568954570867278, 56.271739125183039 ], [ -2.58782577019664, 56.26479970425828 ], [ -2.621679690773743, 56.251161280444023 ], [ -2.666583917916534, 56.228361547774178 ], [ -2.730161624296292, 56.20532696620679 ], [ -2.778932360322028, 56.177641484397071 ], [ -2.825198652624482, 56.173703089352543 ], [ -2.850243084467764, 56.178503682388062 ], [ -2.863907678054721, 56.175229556865204 ], [ -2.881834218912763, 56.178352216804903 ], [ -2.904835552118238, 56.196023062415357 ], [ -2.93680015665105, 56.19956323791795 ], [ -2.965359596488096, 56.196919782420117 ], [ -2.99541291487966, 56.189314461462146 ], [ -3.000000000181255, 56.185635685302621 ], [ -3.012944017349632, 56.17525286132075 ], [ -3.055343800769097, 56.152104618511515 ], [ -3.117449597792881, 56.122035294380055 ], [ -3.139616117621689, 56.103734875642786 ], [ -3.149348295628243, 56.089081240264882 ], [ -3.158069909364367, 56.07109223483252 ], [ -3.179906896604224, 56.058074151055976 ], [ -3.20589598691879, 56.049178648969132 ], [ -3.248954834617819, 56.049447531544295 ], [ -3.289091831905171, 56.049716411734614 ], [ -3.32536232030957, 56.040538338325831 ], [ -3.361325246221937, 56.026901636259126 ], [ -3.377516251832501, 56.02856262553518 ], [ -3.387534024030839, 56.021625765104119 ], [ -3.411062609019275, 56.01919230324399 ], [ -3.404098499729181, 56.005711881099344 ], [ -3.418641845090035, 56.004646820187233 ], [ -3.434613162308003, 56.0130260643596 ], [ -3.500000000211477, 56.026833416670463 ], [ -3.527914655388715, 56.032726480149378 ], [ -3.541711062370598, 56.041859648064765 ], [ -3.564404832185746, 56.047553624137734 ], [ -3.588526574756295, 56.048009573156996 ], [ -3.6068046165035, 56.044806123171277 ], [ -3.610539311991598, 56.036503969188018 ], [ -3.633123238508722, 56.041567327015571 ], [ -3.665856750619076, 56.034749763061491 ], [ -3.692307185120865, 56.039673031110993 ], [ -3.723371068681227, 56.055514421069816 ], [ -3.730663536462162, 56.060822121432949 ], [ -3.755006140625086, 56.078534164402079 ], [ -3.786904837562115, 56.090891354740705 ], [ -3.807841103829538, 56.096064308346172 ], [ -3.827173648244366, 56.098329445371711 ], [ -3.846594066758647, 56.096823260676992 ], [ -3.859226126876587, 56.10462208727418 ], [ -3.861927871179006, 56.104565964816395 ], [ -3.876647385150247, 56.104260200825308 ], [ -3.865882673674641, 56.097862417713529 ], [ -3.848131882812073, 56.09313344285642 ], [ -3.82701986654922, 56.09404425376043 ], [ -3.804545784228381, 56.090097250779891 ], [ -3.769044203401559, 56.077401027986518 ], [ -3.746218620191521, 56.06299443038948 ], [ -3.734860751133801, 56.052522009348728 ], [ -3.728160266836912, 56.038012521896981 ], [ -3.729807927086658, 56.02598923131081 ], [ -3.718647776324658, 56.017987214931637 ], [ -3.70267645910669, 56.018888109684006 ], [ -3.691604183342467, 56.02628167086187 ], [ -3.672711015712823, 56.022631862798683 ], [ -3.669152070220198, 56.009527132495201 ], [ -3.65006625618299, 56.005686632272081 ], [ -3.65001724589771, 56.005676769798278 ], [ -3.629300667124595, 56.006472621275513 ], [ -3.604168360283617, 56.014289814601234 ], [ -3.573148414222117, 56.01075589102264 ], [ -3.515344692213097, 56.000000000175547 ], [ -3.511130492196029, 55.999225844778827 ], [ -3.500000000211477, 55.997108493513537 ], [ -3.47960526444849, 55.993228504409529 ], [ -3.430461059233265, 55.98901016177679 ], [ -3.394564593380554, 55.987701837637886 ] ] ], [ [ [ -6.728638007255947, 57.988565076975611 ], [ -6.73795017974804, 57.979784265650771 ], [ -6.73037305831145, 57.96657431883321 ], [ -6.638327498931159, 57.887026590225716 ], [ -6.62293166494208, 57.871128261471185 ], [ -6.593260095511945, 57.853031277044408 ], [ -6.610566681144624, 57.844820281021768 ], [ -6.641028907263663, 57.850282890543006 ], [ -6.674697684162394, 57.853599483065643 ], [ -6.724355285545646, 57.872322039834863 ], [ -6.740080558698869, 57.880967053631828 ], [ -6.790506854758931, 57.878162867246132 ], [ -6.755388541944702, 57.871765720911888 ], [ -6.768610070263882, 57.853634270691721 ], [ -6.76305351412451, 57.844367925734907 ], [ -6.737510926032015, 57.85254423662689 ], [ -6.69898839893958, 57.829402192115737 ], [ -6.698307556802583, 57.814140001492355 ], [ -6.760088553562358, 57.81583483080842 ], [ -6.732854840235095, 57.797256993188917 ], [ -6.747833382520186, 57.796594980615218 ], [ -6.801070899668074, 57.807266996418583 ], [ -6.776165229688397, 57.792692342120247 ], [ -6.763558655673375, 57.776903242177291 ], [ -6.797249394584207, 57.779401611374482 ], [ -6.797161543840996, 57.762188395496636 ], [ -6.826591524850198, 57.772173296103851 ], [ -6.844622879338942, 57.757630919702919 ], [ -6.884638868167622, 57.752991467810375 ], [ -6.876227164221384, 57.732158892996445 ], [ -6.911784730751666, 57.740209534768603 ], [ -6.923117469439313, 57.727190331084486 ], [ -6.957862417268626, 57.71002199431652 ], [ -6.984964354930232, 57.708485174958064 ], [ -7.000000000422981, 57.721111316909351 ], [ -7.020895286445439, 57.738650735822944 ], [ -7.09187864294204, 57.773230905873667 ], [ -7.091505277957115, 57.7883246020236 ], [ -7.114148792422007, 57.802889414704779 ], [ -7.090516957769743, 57.812932676963186 ], [ -7.059066410565033, 57.803830001064583 ], [ -7.042418705057275, 57.796989866691334 ], [ -7.020543883472589, 57.813280947458701 ], [ -7.000000000422981, 57.821354372326333 ], [ -6.983888183999649, 57.827684793975102 ], [ -6.954787643052899, 57.853970551253582 ], [ -6.929398793536424, 57.859849150482525 ], [ -6.880312221534882, 57.852590621964325 ], [ -6.927356265328842, 57.868346487869545 ], [ -6.935306752648645, 57.880179122461691 ], [ -6.91933989017619, 57.889424632469165 ], [ -6.878203804596155, 57.890166023650181 ], [ -6.859623384534397, 57.884593629883327 ], [ -6.825361615343557, 57.888289347603603 ], [ -6.873415942235289, 57.903809515503433 ], [ -6.87260332353431, 57.921116989226292 ], [ -6.918285681257673, 57.939758015813432 ], [ -7.000000000422981, 57.957314010079237 ], [ -7.005060199638632, 57.958400890171269 ], [ -7.034819620710286, 57.954492706424411 ], [ -7.062185110601533, 57.979853596425407 ], [ -7.076372996197712, 57.993370501433006 ], [ -7.094069672547566, 57.999999999985022 ], [ -7.105846903027685, 58.004473557953723 ], [ -7.095853886601956, 58.017691866509601 ], [ -7.077141689976217, 58.016462735358857 ], [ -7.036554671765789, 58.006604741301544 ], [ -7.023245292703399, 58.018745373625293 ], [ -7.000000000422981, 58.022833870658125 ], [ -6.983383042450749, 58.025756256121952 ], [ -6.931177770412709, 58.031619057425992 ], [ -6.935191149353039, 58.032859979037624 ], [ -6.982833975081104, 58.030682946086834 ], [ -7.000000000422981, 58.028763529728749 ], [ -7.01579994603417, 58.026996769553982 ], [ -7.029109325994885, 58.029898934466893 ], [ -7.037696730529219, 58.046125633913206 ], [ -7.044944412801655, 58.080706983357068 ], [ -7.039519632327934, 58.102948467125231 ], [ -7.029614467543757, 58.121756417078331 ], [ -7.010089651318741, 58.1224216928766 ], [ -7.000000000422981, 58.142200949912535 ], [ -6.993090543736465, 58.15573955024535 ], [ -6.953447919892676, 58.164868498397801 ], [ -6.924325416933887, 58.160624937548278 ], [ -6.916704369676516, 58.135922928884703 ], [ -6.897135628529061, 58.127241651757956 ], [ -6.841745768621675, 58.130684078694841 ], [ -6.816488695669191, 58.120904379329971 ], [ -6.799138185114066, 58.115418165310906 ], [ -6.802959689299599, 58.124277396214765 ], [ -6.821825625399694, 58.136926272734257 ], [ -6.835530332357375, 58.155436377299623 ], [ -6.854132716227838, 58.184156304708502 ], [ -6.852002337277036, 58.204330246028924 ], [ -6.832653222538441, 58.233022184586297 ], [ -6.77243157534775, 58.261237452276575 ], [ -6.699471578476376, 58.284155934106984 ], [ -6.602747969490468, 58.314675287076675 ], [ -6.565103948931822, 58.321256477591952 ], [ -6.521573933069652, 58.340285100221266 ], [ -6.500000000392768, 58.377917432121052 ], [ -6.492649093609323, 58.390730737364983 ], [ -6.416218994626933, 58.448193556019845 ], [ -6.329272620447293, 58.500000000061064 ], [ -6.319561273473828, 58.50586491626111 ], [ -6.280357903346099, 58.509776265479921 ], [ -6.265890823156263, 58.500000000061064 ], [ -6.232281614442329, 58.477600294838631 ], [ -6.23847508779623, 58.466460079817061 ], [ -6.233357785372911, 58.449789365983968 ], [ -6.205553041765639, 58.427499266652504 ], [ -6.240232101762142, 58.367209263278738 ], [ -6.235004985685214, 58.353367112032075 ], [ -6.221519905136401, 58.339995107171262 ], [ -6.253453630081313, 58.309741489695838 ], [ -6.270694327881155, 58.283087045927623 ], [ -6.294194386867761, 58.279136525331296 ], [ -6.294392051264555, 58.258319275559231 ], [ -6.314949112599391, 58.251470495186375 ], [ -6.318221550313614, 58.236163497985345 ], [ -6.265181697562547, 58.22721583758635 ], [ -6.238870415691519, 58.228775150535519 ], [ -6.222178785261323, 58.242724451722893 ], [ -6.196196943452774, 58.251656557844854 ], [ -6.172718847376567, 58.246586004111457 ], [ -6.192924505738542, 58.223980625120113 ], [ -6.203971729286159, 58.216310360235035 ], [ -6.228701698677702, 58.209465077237624 ], [ -6.247721372455522, 58.209721217316634 ], [ -6.265335436138577, 58.218172793021608 ], [ -6.289867741133319, 58.215460592521289 ], [ -6.311347233924383, 58.223107765605633 ], [ -6.343764138406136, 58.215553718798212 ], [ -6.358369315706303, 58.202408858939528 ], [ -6.350177239067231, 58.172479986620388 ], [ -6.349474433121529, 58.142222525411619 ], [ -6.361685679241271, 58.117052445218278 ], [ -6.377696466636166, 58.111320461157902 ], [ -6.411562907931716, 58.099176338888135 ], [ -6.479844856095831, 58.086852818468202 ], [ -6.500000000392768, 58.082138688661196 ], [ -6.564467031717292, 58.067056159048271 ], [ -6.562095063447231, 58.06003002026565 ], [ -6.500000000392768, 58.071106971478223 ], [ -6.477165409775366, 58.075179498595972 ], [ -6.417075538250351, 58.089890291355779 ], [ -6.379651144998871, 58.095088440550697 ], [ -6.367374011046326, 58.083639824163548 ], [ -6.365770735656472, 58.050581709605865 ], [ -6.353032385975792, 58.029150011298896 ], [ -6.352285655107661, 58.006030973662305 ], [ -6.372401436127144, 57.999999999985022 ], [ -6.390368929382367, 57.994687259330767 ], [ -6.420846266062783, 57.999999999985022 ], [ -6.437940076737266, 58.003021469627669 ], [ -6.456690608967738, 57.999999999985022 ], [ -6.485906552885787, 57.995357170075856 ], [ -6.500000000392768, 57.996778997095646 ], [ -6.531929332575949, 57.999999999985022 ], [ -6.547270259738196, 58.001569322175392 ], [ -6.563536383371151, 57.999999999985022 ], [ -6.598860576573754, 57.996639205852695 ], [ -6.536903878327559, 57.993474457720673 ], [ -6.500000000392768, 57.988043728629677 ], [ -6.478658871511637, 57.984902817278943 ], [ -6.455400401844299, 57.952839115261582 ], [ -6.469983616234057, 57.920723467101318 ], [ -6.500000000392768, 57.907888978818242 ], [ -6.500929020991604, 57.907491672314642 ], [ -6.533367888383732, 57.900219626979293 ], [ -6.581861468093155, 57.900428081836409 ], [ -6.603318998872179, 57.925931493316817 ], [ -6.614146596010926, 57.929426232306916 ], [ -6.601627873637439, 57.899756389352603 ], [ -6.631804584616446, 57.900856568989973 ], [ -6.68460284894657, 57.937201380181548 ], [ -6.709552444746983, 57.965233403440713 ], [ -6.705906641149546, 57.977299828239808 ], [ -6.707444027808256, 57.983377727278793 ], [ -6.702647319736805, 57.999999999985022 ], [ -6.702370651205719, 58.000972050905702 ], [ -6.70111877878867, 58.014659933032704 ], [ -6.716486340100801, 57.999999999985022 ], [ -6.728638007255947, 57.988565076975611 ] ] ], [ [ [ -6.010590400943765, 57.011068731731157 ], [ -6.024295107901446, 57.026878813519893 ], [ -6.01928761913171, 57.04822516632116 ], [ -6.003057203531325, 57.049464630852093 ], [ -6.001827294024684, 57.065363511945058 ], [ -6.000000000362556, 57.068354316204982 ], [ -5.990516518247438, 57.083872416304004 ], [ -6.000000000362556, 57.090240687848386 ], [ -6.000553459595597, 57.090612308516327 ], [ -6.000000000362556, 57.09395726806887 ], [ -5.999169810614611, 57.09897413935515 ], [ -5.966423466968749, 57.111583374875188 ], [ -5.94902903059285, 57.121597642250471 ], [ -5.877035390998486, 57.148673900654408 ], [ -5.885227467637558, 57.151997275169073 ], [ -5.981841262969892, 57.134887442097011 ], [ -5.994228209677723, 57.139401849940946 ], [ -6.000000000362556, 57.165400009285847 ], [ -6.002530099970379, 57.176790680097653 ], [ -6.027787172922862, 57.191877692261947 ], [ -6.02012220074306, 57.173329698054346 ], [ -6.016081068352, 57.141151472334727 ], [ -6.027523620693229, 57.133242520060016 ], [ -6.08060739926506, 57.09839027430651 ], [ -6.109071022997297, 57.095716053226646 ], [ -6.112980378824375, 57.112960789566593 ], [ -6.123171058748555, 57.131387520139107 ], [ -6.131802389103697, 57.15101778501576 ], [ -6.145111768166079, 57.160158677352229 ], [ -6.171049684153865, 57.168749514655275 ], [ -6.174234271124877, 57.153314881036458 ], [ -6.192177774870411, 57.142061242556252 ], [ -6.293799058972472, 57.14158303294726 ], [ -6.325864560481338, 57.157698787858813 ], [ -6.305021984904832, 57.175403995466155 ], [ -6.311325271912352, 57.175695320445399 ], [ -6.349320694545517, 57.172280851215405 ], [ -6.371612806935856, 57.193624822873453 ], [ -6.361773529984482, 57.210148574738731 ], [ -6.383011433456304, 57.209927375390613 ], [ -6.429748000098184, 57.251012651956238 ], [ -6.460715367766104, 57.2908322863019 ], [ -6.449031226105644, 57.303898483890215 ], [ -6.4800644825047, 57.308485066076329 ], [ -6.482590189350782, 57.339484582395301 ], [ -6.482172898545093, 57.360256155126329 ], [ -6.446329817773131, 57.36520665322702 ], [ -6.418415261410574, 57.354296117903758 ], [ -6.368384294144072, 57.316182266685416 ], [ -6.395749784035318, 57.35383226119432 ], [ -6.414769457813128, 57.367919288002483 ], [ -6.434491937536613, 57.374757944143397 ], [ -6.469676138183681, 57.373691661446699 ], [ -6.479691116621486, 57.38438784650404 ], [ -6.495394427762598, 57.406384557020814 ], [ -6.500000000392768, 57.403219438037588 ], [ -6.523989827160458, 57.386728305452806 ], [ -6.576832016413055, 57.3921270103206 ], [ -6.627324199407658, 57.41227821069684 ], [ -6.689764077190696, 57.460746025269458 ], [ -6.68005657590497, 57.497011288741454 ], [ -6.610874158296693, 57.483551825564206 ], [ -6.564510957538037, 57.463983400557552 ], [ -6.547533811967836, 57.482222938880803 ], [ -6.559260777216197, 57.50000000018067 ], [ -6.576897904245893, 57.52708985522225 ], [ -6.61445407406133, 57.551794618502626 ], [ -6.606876951726406, 57.576061897466609 ], [ -6.579665201309551, 57.587979179358506 ], [ -6.562182914190441, 57.571901609779154 ], [ -6.537694534118129, 57.541187198817042 ], [ -6.500000000392768, 57.525889598022978 ], [ -6.495086950610528, 57.523895256968075 ], [ -6.488366372797355, 57.506068220027245 ], [ -6.470400907039755, 57.515995318395532 ], [ -6.453577500045576, 57.504300256574318 ], [ -6.427837247556259, 57.512507095474412 ], [ -6.414060028588836, 57.50000000018067 ], [ -6.380595540263804, 57.470018023453505 ], [ -6.378772638465081, 57.476710429807568 ], [ -6.398371686075285, 57.50000000018067 ], [ -6.400493720575413, 57.50255562593545 ], [ -6.40941056607055, 57.547491210165809 ], [ -6.404534852966473, 57.563240603895181 ], [ -6.380990868159093, 57.568792768909645 ], [ -6.38610817058244, 57.582184598478591 ], [ -6.400779235715416, 57.584205797612114 ], [ -6.407455887707845, 57.609362040930662 ], [ -6.420260126119669, 57.629227090900429 ], [ -6.346048256831284, 57.652591327233601 ], [ -6.336165054059148, 57.665287766321526 ], [ -6.300914964680934, 57.671943161863595 ], [ -6.289955591876538, 57.659167450353799 ], [ -6.264039637900792, 57.655867878380398 ], [ -6.243702203873158, 57.647658449779762 ], [ -6.228701698677702, 57.613529703048357 ], [ -6.194066564501972, 57.609046819792269 ], [ -6.167206216159634, 57.574250595214785 ], [ -6.177440821904587, 57.556307971671195 ], [ -6.174124458369592, 57.515480299578911 ], [ -6.196109092709555, 57.500108317539585 ], [ -6.196002614500603, 57.50000000018067 ], [ -6.183941772410594, 57.487896368154978 ], [ -6.173773055396741, 57.462595989388042 ], [ -6.167557619132449, 57.443178249939599 ], [ -6.168985193035874, 57.424629794794498 ], [ -6.194988996856497, 57.406014000824165 ], [ -6.163472561818941, 57.40062893092685 ], [ -6.143069239958461, 57.394710228382266 ], [ -6.143179052713746, 57.377064252942262 ], [ -6.114429914739839, 57.369889879781603 ], [ -6.096925664710366, 57.351141775165175 ], [ -6.078455057403894, 57.333718408919729 ], [ -6.094729397926726, 57.323413606580168 ], [ -6.058930242077203, 57.326628366464462 ], [ -6.039163837431252, 57.319142297589693 ], [ -6.031806341505224, 57.310435641143286 ], [ -6.039405426750521, 57.297859575925422 ], [ -6.047773204875987, 57.283977928575773 ], [ -6.02102267018725, 57.293759519217723 ], [ -6.006044127003833, 57.292214619787764 ], [ -6.000000000362556, 57.291232331690018 ], [ -5.985816506629781, 57.288927135815442 ], [ -5.967214122759319, 57.274739945170509 ], [ -5.942769668507813, 57.265615878972262 ], [ -5.894122349324008, 57.24583734337633 ], [ -5.854106360495293, 57.257884798767947 ], [ -5.771351011594994, 57.269986415391898 ], [ -5.76203883910289, 57.258431259361323 ], [ -5.703684018633361, 57.258605659934396 ], [ -5.685323224980499, 57.254780282588193 ], [ -5.679678818097881, 57.246256047283865 ], [ -5.693888666604461, 57.233239106475395 ], [ -5.700916721569713, 57.226874365122349 ], [ -5.699796625716692, 57.214106651363316 ], [ -5.726613048238257, 57.19290268571779 ], [ -5.738428966462701, 57.171581603715083 ], [ -5.788701523048444, 57.149256970323222 ], [ -5.841455861557831, 57.138760301281323 ], [ -5.820459546506934, 57.131084178248521 ], [ -5.815386169904361, 57.114618288353533 ], [ -5.869831634546813, 57.06837885174938 ], [ -5.884634475345476, 57.074969668534699 ], [ -5.906443409097315, 57.035559199850759 ], [ -5.954761287320354, 57.012040234167877 ], [ -5.982807620246893, 57.009863096989044 ], [ -6.000000000362556, 57.010609165827432 ], [ -6.010590400943765, 57.011068731731157 ] ] ], [ [ [ -5.76987951276912, 56.488557880150729 ], [ -5.742799538017915, 56.485657079875317 ], [ -5.717608352898233, 56.469369171586202 ], [ -5.714270026452875, 56.455295115381382 ], [ -5.716729846364443, 56.443402678435994 ], [ -5.699071857758915, 56.446804204543 ], [ -5.691275109015168, 56.43938755885609 ], [ -5.697292880882674, 56.420023382386198 ], [ -5.71578545109952, 56.394428504572474 ], [ -5.737835974170618, 56.387233348388314 ], [ -5.74618178938572, 56.392169303172544 ], [ -5.748707497130136, 56.413736287678233 ], [ -5.762939308547088, 56.416515242618715 ], [ -5.778357104548197, 56.398877000254487 ], [ -5.794302004110262, 56.38131167295704 ], [ -5.822282448305658, 56.362764243773142 ], [ -5.808577741347977, 56.361419203158619 ], [ -5.784814130131729, 56.367367170573146 ], [ -5.76168743613004, 56.374855877997966 ], [ -5.755384149122538, 56.369743777875819 ], [ -5.856126926690808, 56.329564916711249 ], [ -5.887555510985155, 56.318468809090326 ], [ -5.905037798104255, 56.322833354891337 ], [ -5.900118159179405, 56.329054288540519 ], [ -5.870468551761344, 56.342804045568784 ], [ -5.880527455121578, 56.352501303490556 ], [ -5.894693378705683, 56.352802853185949 ], [ -5.942593967021392, 56.33545985737554 ], [ -5.958429053828163, 56.324121728931807 ], [ -5.995897372900424, 56.32210209598761 ], [ -6.000000000362556, 56.320139263532944 ], [ -6.011424981656819, 56.314672639578049 ], [ -6.095871456690157, 56.29884538082046 ], [ -6.117614502609184, 56.304570894280168 ], [ -6.153237956972314, 56.295035637181051 ], [ -6.181613729062971, 56.302271501290001 ], [ -6.194725444626902, 56.302143753493567 ], [ -6.214909140078478, 56.29637141369269 ], [ -6.23454376905878, 56.299170585280876 ], [ -6.245239590531869, 56.306614682173389 ], [ -6.274713497361843, 56.304977337760775 ], [ -6.284706512889239, 56.313743855279263 ], [ -6.281214447867822, 56.325781461493683 ], [ -6.259888692754483, 56.348395350559798 ], [ -6.235905455129367, 56.349160900482119 ], [ -6.220948874856385, 56.348058967117545 ], [ -6.205047900216741, 56.331282435079743 ], [ -6.193297870723432, 56.331560944151249 ], [ -6.189124963565048, 56.339903666635159 ], [ -6.164614620582372, 56.334670824153754 ], [ -6.121831335588341, 56.339161134100991 ], [ -6.001278227553374, 56.367912064062082 ], [ -6.000000000362556, 56.371883598285919 ], [ -5.998379154824033, 56.376919070249251 ], [ -6.000000000362556, 56.377362684580476 ], [ -6.015488076059919, 56.381601404852134 ], [ -6.058293324862654, 56.379225539587772 ], [ -6.119305627843925, 56.37181884007159 ], [ -6.145880461944592, 56.365454183044463 ], [ -6.164592658570297, 56.372073868209746 ], [ -6.160156198283984, 56.394498016066649 ], [ -6.109795790955029, 56.424480450790703 ], [ -6.086910686272571, 56.461505923650719 ], [ -6.066748953731358, 56.459377940531603 ], [ -6.035561958756245, 56.466640347060412 ], [ -6.009624042768468, 56.479692982667139 ], [ -6.003716084554579, 56.486604776354298 ], [ -6.001937107678295, 56.494982763899998 ], [ -6.000000000362556, 56.494791679543958 ], [ -5.987178191802071, 56.493526860825291 ], [ -5.978678638010919, 56.482224371393542 ], [ -5.961679529530356, 56.475138367588045 ], [ -5.932425250007539, 56.464767057237793 ], [ -5.919884563825365, 56.469392296452121 ], [ -5.960559432778992, 56.487529334810517 ], [ -5.977734242745986, 56.495156081803302 ], [ -5.999455325754652, 56.499927793426423 ], [ -6.000000000362556, 56.499821495503937 ], [ -6.061258285424798, 56.487864481683019 ], [ -6.078301318827837, 56.485472160633094 ], [ -6.116823845920273, 56.490649553895217 ], [ -6.122424327880425, 56.488118729497238 ], [ -6.117658427531623, 56.476560298815819 ], [ -6.13459164817942, 56.47686086280077 ], [ -6.158750587290922, 56.474502527501393 ], [ -6.20825445099645, 56.480005080680712 ], [ -6.247479783136254, 56.487355981916316 ], [ -6.246030247220745, 56.494301038402661 ], [ -6.224111499815331, 56.499454115485115 ], [ -6.188685709848986, 56.49925771071829 ], [ -6.156093103880847, 56.493630855869313 ], [ -6.137556608741529, 56.493365090298177 ], [ -6.126701813310934, 56.499999999986564 ], [ -6.124532743920844, 56.501343354477989 ], [ -6.134745386755442, 56.507020621038883 ], [ -6.176716053048522, 56.518606619856122 ], [ -6.22141009148282, 56.522619929494169 ], [ -6.253826995964537, 56.519577809556573 ], [ -6.278908367430598, 56.52374311141655 ], [ -6.283235014063366, 56.537581248008166 ], [ -6.265994316263497, 56.546012652951099 ], [ -6.24442697183089, 56.551075267072761 ], [ -6.244470897651663, 56.553986254781215 ], [ -6.26880553824962, 56.558136069467331 ], [ -6.266016279173898, 56.568713106835339 ], [ -6.229118989483355, 56.574695706887042 ], [ -6.203246961328417, 56.575910806848995 ], [ -6.193934788836324, 56.583913127297052 ], [ -6.188510008362601, 56.597519007992901 ], [ -6.126201907143545, 56.612940842351513 ], [ -6.116560293690668, 56.610337902926666 ], [ -6.09861679084344, 56.601418842756686 ], [ -6.087657417140711, 56.603800578844272 ], [ -6.054471819778787, 56.576670223983285 ], [ -6.04526946004197, 56.579602599661506 ], [ -6.024624547963924, 56.567369227958721 ], [ -6.009096939207529, 56.553810900409381 ], [ -6.00024598154523, 56.554547383288913 ], [ -6.000000000362556, 56.55432083679581 ], [ -5.959285598349922, 56.516804586772068 ], [ -5.948018747495114, 56.51256830047987 ], [ -5.841631563044253, 56.504574233762483 ], [ -5.833241822008386, 56.501776495544483 ], [ -5.804624460598461, 56.502314988361988 ], [ -5.802881370519462, 56.499999999986564 ], [ -5.800693141860984, 56.49713185148584 ], [ -5.76987951276912, 56.488557880150729 ] ] ], [ [ [ -6.044940019979518, 55.739134328697567 ], [ -6.036747943340446, 55.711613393817743 ], [ -6.043973662702518, 55.691224876749345 ], [ -6.021132482942508, 55.676779944928413 ], [ -6.025766606727354, 55.660278211561923 ], [ -6.017684343741855, 55.641122312683038 ], [ -6.035254481604174, 55.618398192444538 ], [ -6.039010098855231, 55.594971973396923 ], [ -6.136853803694168, 55.576414788891043 ], [ -6.174300159856013, 55.5833528670506 ], [ -6.176210911499649, 55.560349697984464 ], [ -6.189849731522815, 55.544394916388484 ], [ -6.254112510206244, 55.539683213398732 ], [ -6.278249487305669, 55.545949771169617 ], [ -6.252882600699603, 55.576461514086169 ], [ -6.217632512219687, 55.583165998879331 ], [ -6.209813800565533, 55.593897788635552 ], [ -6.219301674544056, 55.611898154090895 ], [ -6.245942396477534, 55.638731537069567 ], [ -6.2676634794862, 55.647256022537874 ], [ -6.306998625279577, 55.657014328895315 ], [ -6.293755134050033, 55.670487735189191 ], [ -6.25255316063716, 55.689908745783306 ], [ -6.236498447421486, 55.699318684594807 ], [ -6.25171857902581, 55.710309593849857 ], [ -6.300453748952834, 55.72136722592073 ], [ -6.331025788725456, 55.717049303824282 ], [ -6.350067425413648, 55.708120973896463 ], [ -6.374863282638004, 55.65331881814447 ], [ -6.479317751636558, 55.614500633560603 ], [ -6.500000000392768, 55.624178834752136 ], [ -6.500687431672337, 55.624500475128606 ], [ -6.504245384526609, 55.645530285363748 ], [ -6.500000000392768, 55.6519004424961 ], [ -6.472113995184895, 55.693717250124529 ], [ -6.474134560482078, 55.713894938998934 ], [ -6.486960761804293, 55.722263338519255 ], [ -6.483688323191737, 55.728535548014513 ], [ -6.461286398046113, 55.736726297691774 ], [ -6.448394308891086, 55.78829763689626 ], [ -6.431351275488048, 55.791852557793931 ], [ -6.407961029256717, 55.792421779565203 ], [ -6.364321199740973, 55.820918649172064 ], [ -6.349276769623069, 55.823147349628556 ], [ -6.348376299280583, 55.791631836724669 ], [ -6.335813651086332, 55.762718164790719 ], [ -6.303243008028557, 55.753311931278816 ], [ -6.290768210577482, 55.786880224597688 ], [ -6.288528017973104, 55.81904969235206 ], [ -6.259295701360696, 55.825341101286043 ], [ -6.230678339052474, 55.839197169751273 ], [ -6.207397906474736, 55.866882841154577 ], [ -6.180295968813121, 55.891953340356004 ], [ -6.120667313914548, 55.91597700862237 ], [ -6.097913985796072, 55.911669137797105 ], [ -6.106699054727226, 55.887978844077331 ], [ -6.10571073364153, 55.853013484916175 ], [ -6.085043859551408, 55.829809470537583 ], [ -6.0808929144051, 55.802132112528405 ], [ -6.071866256154677, 55.77911839381369 ], [ -6.066485401501726, 55.751707179222656 ], [ -6.044940019979518, 55.739134328697567 ] ] ], [ [ [ -2.98181422709182, 58.986229350612689 ], [ -2.970280607140348, 58.980638680005555 ], [ -2.950904126124938, 58.986067649801257 ], [ -2.94134836107051, 59.000000000010452 ], [ -2.941193916418676, 59.000228440001983 ], [ -2.939010217964185, 59.000000000010452 ], [ -2.91935692917881, 58.997973722743517 ], [ -2.918895584093291, 58.98723418881093 ], [ -2.927749011224315, 58.976976528352154 ], [ -2.938337972704449, 58.963237091025434 ], [ -2.929045169686493, 58.949688716434622 ], [ -2.901386450821934, 58.938945637549409 ], [ -2.871640695820663, 58.93010812427886 ], [ -2.846508388979676, 58.93235242021165 ], [ -2.815905850504861, 58.880314236899935 ], [ -2.790553855271241, 58.884959771374398 ], [ -2.797276307868421, 58.905943754431121 ], [ -2.790707636966396, 58.92087489411572 ], [ -2.739849864803976, 58.93546411362847 ], [ -2.714300151274645, 58.947017715405586 ], [ -2.703864970591362, 58.905295434274343 ], [ -2.747670757567649, 58.889940570700823 ], [ -2.795365022625515, 58.874300758186266 ], [ -2.810677276462208, 58.864241188488812 ], [ -2.83655652258049, 58.853935199897073 ], [ -2.843938039457234, 58.84081930579265 ], [ -2.893104212972741, 58.865145279436462 ], [ -2.933812399541933, 58.854190278374979 ], [ -2.955913012673292, 58.877765298973621 ], [ -2.980166567740407, 58.926995946280321 ], [ -2.986647363644709, 58.96617263841101 ], [ -3.000000000181255, 58.966049146581753 ], [ -3.017886997200508, 58.965883717943839 ], [ -3.046710062030678, 58.958105058733821 ], [ -3.08298055133341, 58.942264901889452 ], [ -3.098622336860722, 58.952544492245345 ], [ -3.112792212133762, 58.937893120815723 ], [ -3.166725616403033, 58.926590995619819 ], [ -3.19792131245997, 58.92965693403297 ], [ -3.215540289927648, 58.943213204211283 ], [ -3.228545819235067, 58.964473749602334 ], [ -3.228479912537617, 58.975682551810863 ], [ -3.225755781319993, 58.983942368335072 ], [ -3.206071736914264, 58.989613343023855 ], [ -3.198844001732703, 58.999901863884283 ], [ -3.198974729962739, 59.000000000010452 ], [ -3.219253017115445, 59.015442645775941 ], [ -3.236366711998742, 59.019095860886793 ], [ -3.266793499579795, 59.03307283904558 ], [ -3.259719546093417, 59.011191780475954 ], [ -3.277240762603669, 59.000000000010452 ], [ -3.277690024450293, 58.999717136515152 ], [ -3.260268766176668, 58.979575887649347 ], [ -3.271626636132676, 58.967559423939825 ], [ -3.295243096118853, 58.963167744353534 ], [ -3.31242269769959, 58.970355938249227 ], [ -3.313938544554409, 58.991634339842321 ], [ -3.31362485375551, 59.000000000010452 ], [ -3.312927979385647, 59.018849983774963 ], [ -3.311126538339079, 59.066961465227934 ], [ -3.295638534506913, 59.093293505330848 ], [ -3.274834080736102, 59.12594369511465 ], [ -3.179950834103058, 59.148637960302942 ], [ -3.157366907585934, 59.143330371650393 ], [ -3.111210458581502, 59.115682567387445 ], [ -3.038076324190619, 59.087953936159614 ], [ -3.030123618032053, 59.067698056197777 ], [ -3.000531644725991, 59.058787749140308 ], [ -3.008879789272599, 59.04120589253742 ], [ -3.045128308478418, 59.045453036315514 ], [ -3.060879938202051, 59.014611250769605 ], [ -3.085704682551034, 59.00628447910799 ], [ -3.095506104496318, 59.000000000010452 ], [ -3.096227737333717, 58.999543953934904 ], [ -3.079289792445885, 58.99329724205829 ], [ -3.037011388489268, 59.000000000010452 ], [ -3.02706995512381, 59.00159904939602 ], [ -3.000000000181255, 59.000506467894567 ], [ -2.996884824235643, 59.000380732948024 ], [ -2.996484992187501, 59.000000000010452 ], [ -2.98181422709182, 58.986229350612689 ] ] ], [ [ [ -7.356419030165769, 57.408943608129633 ], [ -7.33696010267189, 57.405863461430833 ], [ -7.336547423816897, 57.40589495856436 ], [ -7.335458733964497, 57.40592645615564 ], [ -7.332106352478212, 57.405602910602887 ], [ -7.330129931292361, 57.404963106199581 ], [ -7.327973416756683, 57.403602861398582 ], [ -7.327252601386174, 57.400721583878102 ], [ -7.327252601386174, 57.394765945014377 ], [ -7.327252601386174, 57.384283564971632 ], [ -7.319455852642418, 57.375024509712588 ], [ -7.3097483513567, 57.367826551796377 ], [ -7.292244102225526, 57.367826551796377 ], [ -7.263077673445966, 57.363711139963243 ], [ -7.270852459279384, 57.351362124242605 ], [ -7.270987529965486, 57.350272427718593 ], [ -7.266276755632401, 57.340529589922106 ], [ -7.262167979202142, 57.33556379942511 ], [ -7.253348209249875, 57.326651576304137 ], [ -7.235843959220404, 57.3112019100178 ], [ -7.220294387553637, 57.297801504689851 ], [ -7.218339710089229, 57.289566069042387 ], [ -7.239731353035405, 57.277192014192742 ], [ -7.245573423416493, 57.265848367358359 ], [ -7.268897780916679, 57.252431372739615 ], [ -7.27635257157449, 57.23809197531773 ], [ -7.28058192257714, 57.233855740987288 ], [ -7.293075388816424, 57.221017596237417 ], [ -7.293109650561351, 57.220976162809336 ], [ -7.298064209696239, 57.215259070436971 ], [ -7.304330160025588, 57.20567135945867 ], [ -7.3097483513567, 57.19356658653939 ], [ -7.294176816779535, 57.168749514655275 ], [ -7.274739852196054, 57.149093711550599 ], [ -7.264044030722966, 57.143918621328766 ], [ -7.259280107566114, 57.140658553810965 ], [ -7.25428250116282, 57.136424735761437 ], [ -7.253348209249875, 57.132530864425995 ], [ -7.251834761795173, 57.122413720406875 ], [ -7.250427173610198, 57.117002271278778 ], [ -7.247506138868791, 57.107684312127788 ], [ -7.239731353035405, 57.085916707519978 ], [ -7.245573423416493, 57.079701710853492 ], [ -7.27862724511276, 57.081769598266128 ], [ -7.3097483513567, 57.077622023937465 ], [ -7.313635744273406, 57.070365569041982 ], [ -7.298064209696239, 57.069325477485386 ], [ -7.272785174731681, 57.071405631820646 ], [ -7.241686030499779, 57.071405631820646 ], [ -7.237674547903023, 57.067897349052089 ], [ -7.231859271571924, 57.060702574661818 ], [ -7.224181780470307, 57.048575962300042 ], [ -7.224143565239822, 57.048346542257022 ], [ -7.224105130820375, 57.047727965870628 ], [ -7.224920385178369, 57.044899921798688 ], [ -7.226457552648159, 57.04335624112904 ], [ -7.229440742722372, 57.04169460677393 ], [ -7.23522571079409, 57.041223516010177 ], [ -7.237798637583101, 57.041313804986338 ], [ -7.251098353467981, 57.043222335463938 ], [ -7.252861297213064, 57.043617735879444 ], [ -7.270852459279384, 57.0454654544858 ], [ -7.287755151580513, 57.0454654544858 ], [ -7.317523138088418, 57.0454654544858 ], [ -7.322120364471247, 57.043826369007725 ], [ -7.335934885082537, 57.042187210423442 ], [ -7.340847495588604, 57.042354685130945 ], [ -7.351371348973574, 57.043987988362844 ], [ -7.363856469863887, 57.047494096893296 ], [ -7.377810673111957, 57.052726796935609 ], [ -7.387518174397637, 57.067256893612615 ], [ -7.384238268988477, 57.071303379699806 ], [ -7.380958143492024, 57.080379686873044 ], [ -7.381004484882594, 57.081342127945355 ], [ -7.383630781480959, 57.086956332173905 ], [ -7.390231003012347, 57.096978450004585 ], [ -7.392481518157672, 57.10034945593442 ], [ -7.394584663782329, 57.103146988723275 ], [ -7.399202316058098, 57.105606200475776 ], [ -7.403498873620423, 57.107980375074817 ], [ -7.411376883964816, 57.114380640378556 ], [ -7.420593958105988, 57.124246650133905 ], [ -7.419652199396404, 57.123402372308838 ], [ -7.417159435568402, 57.122558075647845 ], [ -7.415520581503404, 57.12268807638219 ], [ -7.412897799114451, 57.124653903637991 ], [ -7.409039616715856, 57.13218821520428 ], [ -7.403089708974804, 57.158409957692697 ], [ -7.406977101891518, 57.172886855071447 ], [ -7.420593958105988, 57.191493312597444 ], [ -7.438076245225087, 57.206993449140363 ], [ -7.453647779802252, 57.214234699927779 ], [ -7.440030923587756, 57.220427049617655 ], [ -7.438076245225087, 57.230749192356029 ], [ -7.442196442835844, 57.232566846051796 ], [ -7.446316640446635, 57.237770200189651 ], [ -7.443918316504462, 57.242115322620215 ], [ -7.428368744837695, 57.256559306907704 ], [ -7.410864494808195, 57.274089131462624 ], [ -7.404304463902609, 57.281048984693946 ], [ -7.401135030612107, 57.285441847967789 ], [ -7.397063810048929, 57.292239478332185 ], [ -7.393425474146459, 57.30168510765715 ], [ -7.392546089060303, 57.30833017701552 ], [ -7.39529296023102, 57.324597413522277 ], [ -7.39692280958361, 57.331996850173667 ], [ -7.399202316058098, 57.348277117786196 ], [ -7.399796845367651, 57.355920962027277 ], [ -7.4001686733351, 57.35894734935377 ], [ -7.401135030612107, 57.365763107307927 ], [ -7.410864494808195, 57.381189748749861 ], [ -7.426414066474989, 57.390447241402782 ], [ -7.443918316504462, 57.400721583878102 ], [ -7.430301459391667, 57.409974125414081 ], [ -7.412797210260529, 57.411004614077825 ], [ -7.399202316058098, 57.408943608129633 ], [ -7.39950935393403, 57.409679794189813 ], [ -7.39981661189718, 57.411399317951073 ], [ -7.399756873032471, 57.412079764342131 ], [ -7.39906526907838, 57.413424757403988 ], [ -7.397406867672774, 57.414858961139124 ], [ -7.393539679663447, 57.415215535135019 ], [ -7.391405567314351, 57.415114698895309 ], [ -7.377151792987026, 57.412598918871801 ], [ -7.374059228535377, 57.411905514928293 ], [ -7.357429532452435, 57.408574699154443 ], [ -7.356419030165769, 57.408943608129633 ] ] ], [ [ [ -5.716246666827647, 56.042198738399691 ], [ -5.737673818380366, 56.000000000175547 ], [ -5.738582705038758, 55.998232130367178 ], [ -5.786768807596138, 55.959434118642498 ], [ -5.804690348431271, 55.925320656547349 ], [ -5.848571767266285, 55.873444699508056 ], [ -5.889202711297448, 55.838953512951804 ], [ -5.918610729396286, 55.830262082028263 ], [ -5.925748598015148, 55.791864174524349 ], [ -5.948479963223215, 55.768809491139656 ], [ -6.000000000362556, 55.766458502837359 ], [ -6.014455830950107, 55.765798821556814 ], [ -6.052670880890464, 55.782302326685496 ], [ -6.036989532659677, 55.81749409405532 ], [ -6.017882008138685, 55.907441862009975 ], [ -6.000000000362556, 55.928939352787026 ], [ -5.998291304080857, 55.930992895792762 ], [ -5.908002758666407, 55.951290362916616 ], [ -5.874751272573338, 55.952539800683375 ], [ -5.835482014612763, 55.972270921499586 ], [ -5.841565675211415, 55.977207903965137 ], [ -5.90859575095849, 55.96101871240905 ], [ -5.954629511654704, 55.958716981997227 ], [ -5.988473990039856, 55.96179363568821 ], [ -5.967521599911398, 55.990362392909248 ], [ -5.957391267011356, 56.000000000175547 ], [ -5.939936483611318, 56.016817190023453 ], [ -5.88577653410887, 56.049073433492353 ], [ -5.814331960985854, 56.067995873345495 ], [ -5.717959755871084, 56.116025597555883 ], [ -5.688529774861883, 56.096449624630388 ], [ -5.716246666827647, 56.042198738399691 ] ] ], [ [ [ -1.211150923699237, 60.242830246541004 ], [ -1.249903886628337, 60.216236550077234 ], [ -1.247904725489401, 60.187699080484748 ], [ -1.294786144572548, 60.173098616898628 ], [ -1.261195849886904, 60.150319752199337 ], [ -1.28503199736738, 60.133607446732888 ], [ -1.231076624797854, 60.112217767007763 ], [ -1.23395453771066, 60.100021222591799 ], [ -1.253089362931481, 60.090723415203499 ], [ -1.275299819360827, 60.091675994396141 ], [ -1.295005832965145, 60.073368029138386 ], [ -1.282813148734137, 60.065299759147798 ], [ -1.296082303933059, 60.04793094313132 ], [ -1.288327317866835, 60.041946227506401 ], [ -1.303397914112317, 60.038686541054567 ], [ -1.315173190756676, 60.021815062880975 ], [ -1.326618935710425, 60.00540110582758 ], [ -1.299377623534181, 59.999260821467146 ], [ -1.303441851611187, 59.99280091776015 ], [ -1.336373082915593, 59.989274732043121 ], [ -1.347423389481237, 59.975120698495836 ], [ -1.350323270694334, 59.964239356268934 ], [ -1.331474040563596, 59.953024179326171 ], [ -1.332550511531475, 59.934775724535953 ], [ -1.348148359559952, 59.922547496775465 ], [ -1.362911393313403, 59.909345508657402 ], [ -1.361703108950624, 59.893046672142233 ], [ -1.351839118447477, 59.878086655597833 ], [ -1.337976805666441, 59.864809832055599 ], [ -1.335516299441977, 59.852144518229437 ], [ -1.339185089130914, 59.83578323135918 ], [ -1.359308510321916, 59.860813186377804 ], [ -1.37328066640094, 59.867036326082449 ], [ -1.402938546404443, 59.864512955186555 ], [ -1.407617901262141, 59.895989952778166 ], [ -1.394963871945623, 59.898990004771164 ], [ -1.384638536356956, 59.914522045160844 ], [ -1.376949456089876, 59.931277523151842 ], [ -1.39487599694789, 59.961256604973421 ], [ -1.381650779247865, 59.993528857398857 ], [ -1.332528543231184, 60.075841448008859 ], [ -1.346742356901427, 60.086720012238274 ], [ -1.368513437443834, 60.090473925387641 ], [ -1.36576733702763, 60.10830765854616 ], [ -1.349554363116784, 60.126312957896175 ], [ -1.350652803283242, 60.140956928481877 ], [ -1.362406110729022, 60.151666782326359 ], [ -1.343864443988621, 60.165960001572493 ], [ -1.344106100681535, 60.174014871371021 ], [ -1.378509241341889, 60.156205527018145 ], [ -1.394656309453583, 60.152289340626318 ], [ -1.408892091424073, 60.169535160299937 ], [ -1.421062806456537, 60.17417323398567 ], [ -1.41108897175707, 60.147376468305261 ], [ -1.450786593157491, 60.134626733769572 ], [ -1.486551798977508, 60.12145284037021 ], [ -1.491516748026956, 60.105984040001516 ], [ -1.500000000090646, 60.10146627416399 ], [ -1.503160212174712, 60.099783140551288 ], [ -1.515001394618233, 60.117566494645914 ], [ -1.536377037670876, 60.121611457168243 ], [ -1.530291680154679, 60.130379495797186 ], [ -1.506367656778138, 60.140888990355592 ], [ -1.505840405893511, 60.147263260040702 ], [ -1.542879801875424, 60.145972655409423 ], [ -1.570846084130383, 60.144885790779242 ], [ -1.588706718290939, 60.156861951425761 ], [ -1.619748632652685, 60.172352019906164 ], [ -1.628404340589692, 60.189519440823432 ], [ -1.629832312446806, 60.206869964308282 ], [ -1.610345986336751, 60.212802070309067 ], [ -1.580644168834386, 60.215366666409466 ], [ -1.523305601665997, 60.213265294054196 ], [ -1.512189388402877, 60.205095772944638 ], [ -1.500000000090646, 60.210370045658756 ], [ -1.491297059634323, 60.214135233648442 ], [ -1.47398564555701, 60.223228668193698 ], [ -1.462517932302979, 60.21294894676511 ], [ -1.452236533314886, 60.220099908189326 ], [ -1.4304215152736, 60.219207535561289 ], [ -1.424599783648871, 60.200518593291633 ], [ -1.408452715537178, 60.200936781832816 ], [ -1.403773360679479, 60.220167682544968 ], [ -1.381475029252392, 60.230670974881278 ], [ -1.327735393386572, 60.242818959254762 ], [ -1.211150923699237, 60.242830246541004 ] ] ], [ [ [ -7.47275530522159, 57.636262445708411 ], [ -7.450682819240109, 57.639388830527331 ], [ -7.450682819240109, 57.631572361034607 ], [ -7.43302483063458, 57.624536094043442 ], [ -7.413895343203178, 57.627663492854275 ], [ -7.408009347001329, 57.638607259778119 ], [ -7.412423844377306, 57.643296432377191 ], [ -7.416838341753256, 57.649547716274419 ], [ -7.396237354597656, 57.657360301466795 ], [ -7.380050865716333, 57.662828106552055 ], [ -7.365335874762584, 57.664390184694689 ], [ -7.368278873312661, 57.659703748150221 ], [ -7.374164869514475, 57.655797919415775 ], [ -7.372693370688603, 57.651110368496575 ], [ -7.366807374486781, 57.644859354317397 ], [ -7.349149385881259, 57.643296432377191 ], [ -7.319719404872059, 57.644859354317397 ], [ -7.29617542006468, 57.648766365074074 ], [ -7.281460430009254, 57.652672953173202 ], [ -7.274102934981533, 57.659703748150221 ], [ -7.259387944027747, 57.665952195307071 ], [ -7.241729955422254, 57.669076013948128 ], [ -7.219657470339079, 57.662047042397013 ], [ -7.204942479385331, 57.655016703303588 ], [ -7.219657470339079, 57.645640790436779 ], [ -7.225543466540929, 57.633917479141331 ], [ -7.212299975311349, 57.627663492854275 ], [ -7.200527982907677, 57.633135790157958 ], [ -7.182869994302147, 57.637044067128016 ], [ -7.168155003348399, 57.647203611530401 ], [ -7.143139519715148, 57.635480806916355 ], [ -7.11370953960428, 57.626881668732665 ], [ -7.100466047476403, 57.619062495939765 ], [ -7.115181038430152, 57.605766025274818 ], [ -7.138725023237495, 57.600289588406397 ], [ -7.163740506870746, 57.605766025274818 ], [ -7.18434149312802, 57.615934354242668 ], [ -7.199056483183473, 57.612023796106932 ], [ -7.212299975311349, 57.612023796106932 ], [ -7.227014965366801, 57.615152276216421 ], [ -7.231429462742751, 57.608112816015264 ], [ -7.221128969164951, 57.597159823958229 ], [ -7.204942479385331, 57.585420799384607 ], [ -7.204942479385331, 57.578375558745272 ], [ -7.190227489329879, 57.580724124286732 ], [ -7.178455496926199, 57.584638062224435 ], [ -7.165212005696618, 57.58228975027604 ], [ -7.157854510668933, 57.573677970681949 ], [ -7.169626503072605, 57.559581555043245 ], [ -7.18434149312802, 57.54469606015887 ], [ -7.182869994302147, 57.535291548108042 ], [ -7.178455496926199, 57.525884600156516 ], [ -7.190227489329879, 57.514906747635607 ], [ -7.219657470339079, 57.511769609412084 ], [ -7.240258456596345, 57.506278965257394 ], [ -7.252035939503052, 57.50000000018067 ], [ -7.257916445201874, 57.496907328984513 ], [ -7.262330942577861, 57.490715421750153 ], [ -7.275574433807406, 57.482974054435665 ], [ -7.297646918890577, 57.48916727997802 ], [ -7.297646918890577, 57.497681243630325 ], [ -7.295642825102409, 57.50000000018067 ], [ -7.290289423862857, 57.506278965257394 ], [ -7.287346426211077, 57.512553919235508 ], [ -7.306475913642478, 57.514906747635607 ], [ -7.332962896101602, 57.512553919235508 ], [ -7.356506880908981, 57.517259424193092 ], [ -7.371221870964405, 57.527452594105235 ], [ -7.391822858120005, 57.539210391103687 ], [ -7.412423844377306, 57.550180900297534 ], [ -7.434496330358786, 57.559581555043245 ], [ -7.441853825386516, 57.560364832801412 ], [ -7.458040314267832, 57.565847305027262 ], [ -7.469812306671511, 57.562714565086239 ], [ -7.483055798799389, 57.572111973211726 ], [ -7.499999999554868, 57.582629544728 ], [ -7.500713786506585, 57.583072538152855 ], [ -7.513957278634463, 57.586203519157209 ], [ -7.518371775112115, 57.593247238348027 ], [ -7.499999999554868, 57.608597333873604 ], [ -7.497770788854806, 57.610459455150043 ], [ -7.481584299075183, 57.628445300082802 ], [ -7.47275530522159, 57.636262445708411 ] ] ], [ [ [ -5.163204617665471, 55.595637485968318 ], [ -5.170737814179622, 55.568026714006479 ], [ -5.139858297254913, 55.560092603082005 ], [ -5.127581163302368, 55.546510906136753 ], [ -5.153189639227702, 55.535847959478126 ], [ -5.151366737428979, 55.525486218738955 ], [ -5.128547520579368, 55.521228456104886 ], [ -5.113678791947867, 55.507504550808818 ], [ -5.113246518141582, 55.500000000025729 ], [ -5.111899815071583, 55.476907584567606 ], [ -5.129645654420322, 55.468107448523426 ], [ -5.17789764481055, 55.468385012932586 ], [ -5.237965553425186, 55.461468458571034 ], [ -5.288150260166042, 55.468315621759167 ], [ -5.324937736202938, 55.481728898826582 ], [ -5.3405853059824, 55.500000000025729 ], [ -5.344418625708894, 55.504532159864119 ], [ -5.332888223522778, 55.564462989704062 ], [ -5.353093881884764, 55.582301722220897 ], [ -5.364646246981241, 55.609003713694626 ], [ -5.365436903670155, 55.635384205020905 ], [ -5.322587729944979, 55.671385019906886 ], [ -5.255535691287505, 55.689745682449974 ], [ -5.201463592528267, 55.671816175276689 ], [ -5.167048084761404, 55.649296491822874 ], [ -5.154507399477517, 55.617429673791413 ], [ -5.163204617665471, 55.595637485968318 ] ] ], [ [ [ -3.212750252012573, 58.817277058663116 ], [ -3.263959525064184, 58.803462161880191 ], [ -3.285115478825897, 58.784611597021623 ], [ -3.336698221066998, 58.787783113319136 ], [ -3.339070851395423, 58.816174391413476 ], [ -3.35629439047504, 58.840192958078703 ], [ -3.387907494118618, 58.863452987704683 ], [ -3.426726362846879, 58.869514716225368 ], [ -3.417147966535472, 58.916245775958906 ], [ -3.393180005660095, 58.921198909035624 ], [ -3.370332454149811, 58.931045193517853 ], [ -3.345309990606811, 58.92903219898551 ], [ -3.326878168062712, 58.91840996621719 ], [ -3.306710809372848, 58.895233329401457 ], [ -3.24337475878767, 58.870105764365604 ], [ -3.237135619576292, 58.847673590984108 ], [ -3.212750252012573, 58.817277058663116 ] ] ], [ [ [ -5.142471854844215, 55.89705122065682 ], [ -5.083458154249791, 55.860401043776847 ], [ -5.086071712737381, 55.846772972575771 ], [ -5.067974470415825, 55.846796173629151 ], [ -5.06303286947891, 55.829287220209572 ], [ -5.041355711392719, 55.829449699136184 ], [ -5.005885996503972, 55.824122365983463 ], [ -5.000000000302123, 55.814642506689523 ], [ -4.999824249408351, 55.814359490630338 ], [ -5.000000000302123, 55.814018706863045 ], [ -5.015351907572096, 55.784231151836572 ], [ -5.006259361488862, 55.746601766752491 ], [ -5.026135579788394, 55.740797760795338 ], [ -5.015703310544947, 55.720831876251374 ], [ -5.007423383162656, 55.69577857855716 ], [ -5.034569245746709, 55.695603893759667 ], [ -5.033558963547261, 55.721181018594869 ], [ -5.062044549291538, 55.746462201599236 ], [ -5.086972182181578, 55.74322880262568 ], [ -5.109879248876067, 55.783371326104422 ], [ -5.126548917294224, 55.78928514768949 ], [ -5.11622646170435, 55.808298537137553 ], [ -5.143438212121214, 55.834056845254679 ], [ -5.164236862775309, 55.845276492186926 ], [ -5.180621016951759, 55.865792954703537 ], [ -5.172121462262275, 55.880700864755603 ], [ -5.142471854844215, 55.89705122065682 ] ] ], [ [ [ -6.309150967140779, 57.028867760832689 ], [ -6.299794868827904, 57.017798496312096 ], [ -6.312643032162168, 57.01236796444222 ], [ -6.291684278368272, 56.999999999884416 ], [ -6.291317277048828, 56.999786295245677 ], [ -6.28589249747344, 56.986476404015484 ], [ -6.290702322744671, 56.971473942556131 ], [ -6.318616879107227, 56.944366293351109 ], [ -6.337768328550704, 56.939113632527913 ], [ -6.399944654104066, 56.948045027826574 ], [ -6.400889049369026, 56.961033365503965 ], [ -6.471608853635987, 56.995130687322451 ], [ -6.473519606177921, 56.999728536771947 ], [ -6.473028752333652, 56.999999999884416 ], [ -6.405259620924205, 57.03796875737023 ], [ -6.388743691082105, 57.038951250236643 ], [ -6.309150967140779, 57.028867760832689 ] ] ], [ [ [ -7.455580495254559, 57.038202686562492 ], [ -7.440030923587756, 57.044424662341711 ], [ -7.438076245225087, 57.036132361257394 ], [ -7.443755792404962, 57.020996402892706 ], [ -7.445872993968844, 57.018477256507666 ], [ -7.445872993968844, 57.010167435869704 ], [ -7.422526673558285, 57.010167435869704 ], [ -7.410611923584606, 57.00964654680795 ], [ -7.408909816445517, 57.009125650912253 ], [ -7.39529296023102, 57.007053698690555 ], [ -7.381698066028625, 57.001855750345989 ], [ -7.381216236659702, 56.999999999884416 ], [ -7.380720726847279, 56.998117044113606 ], [ -7.379850346473558, 56.992780711939297 ], [ -7.379743388564253, 56.990555376713019 ], [ -7.380469693539455, 56.988420385244439 ], [ -7.385545267421195, 56.986722195047363 ], [ -7.390439209139018, 56.985557706424196 ], [ -7.401135030612107, 56.984407858197358 ], [ -7.432256137754374, 56.977219053198461 ], [ -7.453647779802252, 56.972098203035834 ], [ -7.455580495254559, 56.962860389481946 ], [ -7.451693102337845, 56.949514106150808 ], [ -7.463355281087943, 56.940282240188409 ], [ -7.486701602396825, 56.940282240188409 ], [ -7.499999999554868, 56.941451311914484 ], [ -7.521710101557473, 56.94335978399473 ], [ -7.539214351586946, 56.949514106150808 ], [ -7.546989137420329, 56.940282240188409 ], [ -7.541147066140955, 56.933096456164023 ], [ -7.533372280307571, 56.925909282128096 ], [ -7.529484887390857, 56.915629555060029 ], [ -7.556696638706045, 56.909469617995079 ], [ -7.570189406138761, 56.920747431356681 ], [ -7.574200887837229, 56.925909282128096 ], [ -7.579060129432257, 56.936948371161023 ], [ -7.578679296752366, 56.93962493162865 ], [ -7.578088280753899, 56.94335978399473 ], [ -7.569883905280298, 56.951605186387802 ], [ -7.565448763720787, 56.954522416043247 ], [ -7.552809245789341, 56.961831254269114 ], [ -7.541147066140955, 56.969023040912113 ], [ -7.521710101557473, 56.980305093562436 ], [ -7.521710101557473, 56.991583715307435 ], [ -7.527023335527412, 56.999999999884416 ], [ -7.531417602843191, 57.007053698690555 ], [ -7.521710101557473, 57.012250917898463 ], [ -7.499999999554868, 57.012250917898463 ], [ -7.490588995313539, 57.012250917898463 ], [ -7.47892681566511, 57.018477256507666 ], [ -7.463355281087943, 57.026785213487734 ], [ -7.455580495254559, 57.038202686562492 ] ] ], [ [ [ -7.446268322762456, 57.550180900297534 ], [ -7.422724337955077, 57.543912443626738 ], [ -7.397708854321862, 57.534507729041636 ], [ -7.390021040679323, 57.529827273939595 ], [ -7.385654421711378, 57.526480446149506 ], [ -7.382993863368112, 57.523532482559503 ], [ -7.381706411377634, 57.521743834971495 ], [ -7.378441441358341, 57.51823966097507 ], [ -7.372693370688603, 57.51333821213322 ], [ -7.368278873312661, 57.507847804950146 ], [ -7.367052166300009, 57.50000000018067 ], [ -7.366807374486781, 57.498455141321813 ], [ -7.363864375936675, 57.488393184624421 ], [ -7.359449878560725, 57.477554117469559 ], [ -7.338848892303461, 57.475231040133281 ], [ -7.331491397275729, 57.476005416044508 ], [ -7.32523752659198, 57.477263683145758 ], [ -7.315304907496072, 57.479877046520023 ], [ -7.305004414816605, 57.480651323574627 ], [ -7.302061416266528, 57.472907814505355 ], [ -7.277374933419572, 57.469530551038162 ], [ -7.272631435257326, 57.46980994981044 ], [ -7.268325872982603, 57.471617031072626 ], [ -7.267481188917594, 57.472714205716123 ], [ -7.266082825532245, 57.473514063674287 ], [ -7.262330942577861, 57.472133373169356 ], [ -7.256460320143767, 57.468619398050983 ], [ -7.247615951624075, 57.462064134318076 ], [ -7.266745439055477, 57.457415853877492 ], [ -7.285874927385204, 57.451992110269487 ], [ -7.283367448254551, 57.449225458639617 ], [ -7.274102934981533, 57.446567558983681 ], [ -7.261513491838952, 57.445218466699949 ], [ -7.257616215657517, 57.444717012117827 ], [ -7.243201455146423, 57.442692384680171 ], [ -7.229957963018546, 57.441142199462966 ], [ -7.231429462742751, 57.431839704228871 ], [ -7.241485511257013, 57.431428326474496 ], [ -7.249725905580271, 57.430989171341167 ], [ -7.257754799654704, 57.430556954187558 ], [ -7.265273940229606, 57.428738345024144 ], [ -7.271480371781498, 57.426570014260619 ], [ -7.271895686293544, 57.426412152359461 ], [ -7.282931928835126, 57.42408581128273 ], [ -7.297033282414933, 57.421414965771774 ], [ -7.297646918890577, 57.421309285148652 ], [ -7.30941891129426, 57.419432683870369 ], [ -7.327658032633482, 57.417576013328024 ], [ -7.33259502161971, 57.417796656029381 ], [ -7.338848892303461, 57.418657105075297 ], [ -7.344381728427734, 57.420059386064935 ], [ -7.350663711888284, 57.422360750968615 ], [ -7.359449878560725, 57.426412152359461 ], [ -7.368278873312661, 57.431064389282447 ], [ -7.381522364542205, 57.444242503954278 ], [ -7.391822858120005, 57.459740068262725 ], [ -7.396480481832683, 57.461077638604479 ], [ -7.401138325632588, 57.465089938680258 ], [ -7.397708854321862, 57.469035442562365 ], [ -7.387408360744055, 57.476779774995222 ], [ -7.377107867166255, 57.482974054435665 ], [ -7.374164869514475, 57.48916727997802 ], [ -7.377343307517395, 57.496690629893415 ], [ -7.37773973315397, 57.497669692505013 ], [ -7.3786080222497, 57.50000000018067 ], [ -7.380050865716333, 57.503925577794078 ], [ -7.380704913803331, 57.50627170617058 ], [ -7.382257235851956, 57.510036575016017 ], [ -7.383772879687529, 57.513627928253143 ], [ -7.388879859569927, 57.516475215437524 ], [ -7.39514734781504, 57.519786215760185 ], [ -7.396717898477438, 57.520755032465694 ], [ -7.408009347001329, 57.525884600156516 ], [ -7.418800266825349, 57.529368965381465 ], [ -7.421146978961189, 57.530212099214424 ], [ -7.434496330358786, 57.535291548108042 ], [ -7.458040314267832, 57.543128810660733 ], [ -7.463926310469654, 57.550964381019561 ], [ -7.446268322762456, 57.550180900297534 ] ] ], [ [ [ -6.020956781456078, 57.498616849380028 ], [ -6.006834392925605, 57.50000000018067 ], [ -6.000000000362556, 57.500678611962471 ], [ -5.99607307438681, 57.501068525356082 ], [ -5.995255809599208, 57.50000000018067 ], [ -5.987573519697361, 57.490091551728291 ], [ -5.998906259283303, 57.467047079514884 ], [ -6.000000000362556, 57.466431177169206 ], [ -6.019046029812478, 57.455704397402712 ], [ -6.022516131923494, 57.418367705813679 ], [ -6.000000000362556, 57.378420904840205 ], [ -5.984279119072766, 57.350503915650116 ], [ -6.000000000362556, 57.344544814501837 ], [ -6.006768895859898, 57.341978722238544 ], [ -6.038153554333508, 57.34284873116269 ], [ -6.056997526624871, 57.361264858791202 ], [ -6.057436780340931, 57.382985816158502 ], [ -6.063300813632381, 57.423738583583479 ], [ -6.071273263862593, 57.447169041497652 ], [ -6.057173228111291, 57.459901948455915 ], [ -6.03204793172279, 57.466561532066954 ], [ -6.030400730512164, 57.484730449326626 ], [ -6.020956781456078, 57.498616849380028 ] ] ], [ [ [ -6.719721161760837, 56.530551688165417 ], [ -6.723608554677514, 56.536470173543485 ], [ -6.696177176953458, 56.54999966468462 ], [ -6.686579489321351, 56.561747789330205 ], [ -6.601100769178167, 56.589648050671165 ], [ -6.504772488985845, 56.608785391179985 ], [ -6.500000000392768, 56.60910319404563 ], [ -6.485664963566518, 56.610057755139721 ], [ -6.480196258170348, 56.598546548595046 ], [ -6.485840665052939, 56.585303138012804 ], [ -6.500000000392768, 56.578359010166821 ], [ -6.51063652227733, 56.573141724720401 ], [ -6.541757628521263, 56.562998368932085 ], [ -6.610347053837422, 56.549111100325057 ], [ -6.677464980327743, 56.544726429753993 ], [ -6.697934190919369, 56.535394154453826 ], [ -6.710167399051168, 56.536505260616465 ], [ -6.711770674441023, 56.531814999935548 ], [ -6.719721161760837, 56.530551688165417 ] ] ], [ [ [ -2.473719823345071, 59.275656311728852 ], [ -2.467876122521762, 59.259441628978067 ], [ -2.45375018384926, 59.246127014677619 ], [ -2.487889698618111, 59.248313528026415 ], [ -2.500000000151079, 59.244492180811903 ], [ -2.533189364148963, 59.234017232503383 ], [ -2.535408213680539, 59.222694580307952 ], [ -2.512187192082431, 59.212602256935682 ], [ -2.553686254529446, 59.217247193049516 ], [ -2.553796098725767, 59.200573698045609 ], [ -2.577478465409385, 59.207397778207962 ], [ -2.590593838913126, 59.208806675152225 ], [ -2.617461681001555, 59.203671487823726 ], [ -2.648064219476406, 59.174708967409202 ], [ -2.672779118730745, 59.170407925584911 ], [ -2.662146219751714, 59.189601063394811 ], [ -2.636706349520399, 59.211216802368355 ], [ -2.60208352136571, 59.227873445214293 ], [ -2.587737894300602, 59.240299502376551 ], [ -2.58765001930287, 59.254662922575214 ], [ -2.583256259535254, 59.266242277640622 ], [ -2.543053355550416, 59.282430476070786 ], [ -2.554608944700477, 59.267346527900351 ], [ -2.558651203578902, 59.243428570735432 ], [ -2.530772796321703, 59.246836484096043 ], [ -2.500000000151079, 59.262384141035412 ], [ -2.473719823345071, 59.275656311728852 ] ] ], [ [ [ -3.08298055133341, 59.133844645497092 ], [ -3.093679357009854, 59.155414142205011 ], [ -3.063428319424238, 59.185033914229663 ], [ -3.037021821522995, 59.178531660068742 ], [ -3.020479315023232, 59.152638519767883 ], [ -3.005760219666914, 59.159017449411614 ], [ -3.000000000181255, 59.161049252441714 ], [ -2.977793937411982, 59.168880866872335 ], [ -2.972455518274757, 59.159868660814197 ], [ -2.985592860977077, 59.143097052125086 ], [ -2.977706061515952, 59.12304894517488 ], [ -3.000000000181255, 59.115606310549531 ], [ -3.037153634019598, 59.103199292175347 ], [ -3.057870212792678, 59.112203123538201 ], [ -3.08298055133341, 59.133844645497092 ] ] ], [ [ [ -6.880224370791672, 56.520935093181755 ], [ -6.85079438978247, 56.517799225986742 ], [ -6.833817244212234, 56.523158125076037 ], [ -6.804101748961362, 56.533978908426739 ], [ -6.784906372798824, 56.530072086153147 ], [ -6.782468516695917, 56.524246193031935 ], [ -6.821847587411769, 56.518700229787704 ], [ -6.831335462288625, 56.513024718904553 ], [ -6.817960194495064, 56.500933622044435 ], [ -6.820865432362173, 56.499999999986564 ], [ -6.840801374255074, 56.49367707541051 ], [ -6.875678097750073, 56.490637998213401 ], [ -6.901154797111425, 56.496692800487253 ], [ -6.916309040882902, 56.492683335607509 ], [ -6.925621214273328, 56.480201585552109 ], [ -6.91360763255039, 56.466628784036381 ], [ -6.930804404529486, 56.461552182985869 ], [ -6.947232483628374, 56.472733679226721 ], [ -6.982702199415456, 56.467010368925258 ], [ -6.992892879339673, 56.478224930392251 ], [ -6.991860633331529, 56.499812262841715 ], [ -6.99158255803869, 56.499999999986564 ], [ -6.961486257955699, 56.520584076645164 ], [ -6.942005367551446, 56.522116826693647 ], [ -6.911652955086017, 56.514194997177057 ], [ -6.880224370791672, 56.520935093181755 ] ] ], [ [ [ -3.003980746920601, 58.789107396606376 ], [ -3.005364781278844, 58.794729228241088 ], [ -3.000000000181255, 58.794517628478651 ], [ -2.97474027360545, 58.793521308076528 ], [ -2.946993679743114, 58.774095882730272 ], [ -2.9429514199664, 58.788526576845094 ], [ -2.946927773045664, 58.80691059863581 ], [ -2.935745653983418, 58.818797520958896 ], [ -2.915358607799255, 58.808234149574545 ], [ -2.927287666138796, 58.803160262172064 ], [ -2.904374207931025, 58.791918426417737 ], [ -2.91863195910013, 58.783333614126093 ], [ -2.942248419086299, 58.750822139631431 ], [ -2.952024534591723, 58.716941489235452 ], [ -2.934998714706123, 58.717244141550161 ], [ -2.931857176800183, 58.703354336280242 ], [ -2.948026213212167, 58.686383300297855 ], [ -2.986757207840985, 58.702515879655458 ], [ -2.980518068629606, 58.728870975555694 ], [ -2.972543394170786, 58.74637951801347 ], [ -3.000000000181255, 58.745619390512068 ], [ -3.003211838444754, 58.745530470832669 ], [ -3.014020488317519, 58.754368849840397 ], [ -3.000000000181255, 58.756406694382029 ], [ -2.976981091437273, 58.759752178070002 ], [ -2.978606782488403, 58.780882079570553 ], [ -3.000000000181255, 58.787817112659724 ], [ -3.003980746920601, 58.789107396606376 ] ] ], [ [ [ -3.013361424037956, 59.299656088584051 ], [ -3.032078841672127, 59.316246193739126 ], [ -3.030431181422418, 59.326075684598592 ], [ -3.00094905231264, 59.322234747319975 ], [ -3.000000000181255, 59.330130813200711 ], [ -2.998554452785635, 59.342154153705309 ], [ -2.975575087880441, 59.34678138846634 ], [ -2.971401016505421, 59.332920987793777 ], [ -2.977266685629021, 59.316547968074907 ], [ -2.9617567134966, 59.305705625790239 ], [ -2.926694508556683, 59.296009588378794 ], [ -2.89989257226737, 59.292176856582117 ], [ -2.85588906609703, 59.243079618139532 ], [ -2.876891239061895, 59.229339677156489 ], [ -2.88677719876363, 59.237577327982073 ], [ -2.881394843025831, 59.249209027141625 ], [ -2.897673723634127, 59.274831235356949 ], [ -2.925420318394752, 59.282151634976962 ], [ -2.942512044079468, 59.284405535101982 ], [ -2.958351548800834, 59.269961714250499 ], [ -2.989239681467398, 59.269647902913427 ], [ -3.000000000181255, 59.283037347421036 ], [ -3.013361424037956, 59.299656088584051 ] ] ], [ [ [ -2.79266286060647, 59.209458706935642 ], [ -2.779882071816822, 59.213893240377409 ], [ -2.767069208679973, 59.218341396553988 ], [ -2.758827174033013, 59.213239430417353 ], [ -2.758723700688679, 59.213182500882901 ], [ -2.750394888785274, 59.208049836991805 ], [ -2.752616154784938, 59.204527522300694 ], [ -2.752082312961071, 59.202183885244189 ], [ -2.752075942109058, 59.202165251678366 ], [ -2.751548471137168, 59.199841367318868 ], [ -2.753756115982179, 59.196334160821429 ], [ -2.771440999249009, 59.181328480625723 ], [ -2.771440999249009, 59.153175002409824 ], [ -2.744023937077293, 59.137216872310219 ], [ -2.736949983590923, 59.118916497761198 ], [ -2.763422387291282, 59.112798623585384 ], [ -2.781986023230271, 59.133494568061622 ], [ -2.803251822086639, 59.147074932023109 ], [ -2.834183892252065, 59.160253447762294 ], [ -2.825308496820794, 59.167691811797894 ], [ -2.802373069414444, 59.162095701631287 ], [ -2.796199836900507, 59.181328480625723 ], [ -2.79266286060647, 59.209458706935642 ] ] ], [ [ [ -6.248446141311587, 56.004939422054797 ], [ -6.254419987358323, 56.033580248163744 ], [ -6.242472294366517, 56.055841702051275 ], [ -6.212603059641255, 56.084444621700229 ], [ -6.164812284979193, 56.10350139519425 ], [ -6.188707672759396, 56.046302658236755 ], [ -6.206629212696223, 56.024035676441272 ], [ -6.248446141311587, 56.004939422054797 ] ] ], [ [ [ -2.631302024583976, 59.119196679446794 ], [ -2.605598529359491, 59.112074680800049 ], [ -2.574644489995449, 59.117620627442768 ], [ -2.576445931042008, 59.105593538571178 ], [ -2.599051826757748, 59.101096889001987 ], [ -2.585299358173024, 59.084670329764876 ], [ -2.568251569088889, 59.081713645620447 ], [ -2.546963801932267, 59.08687891125259 ], [ -2.532815894959482, 59.074665655830501 ], [ -2.52949860615978, 59.058869613019091 ], [ -2.550676529120073, 59.062202471729229 ], [ -2.569525759250812, 59.053805385146745 ], [ -2.599095764256619, 59.069603765407287 ], [ -2.61864799616579, 59.068458014614315 ], [ -2.627655204093655, 59.058928086900004 ], [ -2.64523024406247, 59.062915778538802 ], [ -2.632927715635142, 59.077237230104259 ], [ -2.614298173897, 59.080533237646563 ], [ -2.626622670624611, 59.097604277213868 ], [ -2.631302024583976, 59.119196679446794 ] ] ], [ [ [ -6.178912320730459, 56.859492445443422 ], [ -6.190310947250917, 56.874157670998137 ], [ -6.186599255820632, 56.886708372244293 ], [ -6.167425843466791, 56.889072019593776 ], [ -6.148076728728196, 56.894748794592807 ], [ -6.138435115275318, 56.906389266528372 ], [ -6.128354249004711, 56.907836831715343 ], [ -6.106545315252872, 56.88671995895551 ], [ -6.112607012941124, 56.862252035939356 ], [ -6.121457969705117, 56.85763714420343 ], [ -6.145001954512471, 56.846422198994958 ], [ -6.178912320730459, 56.859492445443422 ] ] ], [ [ [ -2.921421996116871, 59.05272928657768 ], [ -2.902462921789813, 59.053091888902998 ], [ -2.881219093030394, 59.041814331048656 ], [ -2.869443815487711, 59.046166691766452 ], [ -2.85432928174335, 59.066341781390292 ], [ -2.840694785311654, 59.072351073849994 ], [ -2.840674793305016, 59.072361127554316 ], [ -2.827044032068245, 59.078359310810576 ], [ -2.826634533249339, 59.076405697467322 ], [ -2.828236058721021, 59.069017566581067 ], [ -2.829834069983319, 59.061636376392627 ], [ -2.82941666239667, 59.059664850813199 ], [ -2.842729755094428, 59.047710944700455 ], [ -2.838357963627094, 59.032569579443702 ], [ -2.85516409601835, 59.01945881940096 ], [ -2.884404568435204, 59.025616818712471 ], [ -2.917994864019147, 59.02418863598146 ], [ -2.916325234570849, 59.038420977624142 ], [ -2.921421996116871, 59.05272928657768 ] ] ], [ [ [ -4.952525423636889, 55.706921837456207 ], [ -4.928689275258089, 55.720354710452405 ], [ -4.902502465749468, 55.725545028843676 ], [ -4.905731879551475, 55.695394271373821 ], [ -4.899404865342363, 55.677851849969421 ], [ -4.911004391991294, 55.65826163042103 ], [ -4.92732721009846, 55.671944355847337 ], [ -4.940178957710699, 55.67300474114387 ], [ -4.960961442282931, 55.663926442028924 ], [ -4.952525423636889, 55.706921837456207 ] ] ], [ [ [ -5.979710883120767, 57.292156539606296 ], [ -6.000000000362556, 57.304077829415696 ], [ -6.006988522268767, 57.308183182411021 ], [ -6.008503946915447, 57.319397661605208 ], [ -6.000000000362556, 57.327743435738007 ], [ -5.997895976185569, 57.32980803132056 ], [ -5.985772580809011, 57.333010626725226 ], [ -5.960010366307654, 57.32980803132056 ], [ -5.949925327362526, 57.326840855529596 ], [ -5.940309849494542, 57.321800317291029 ], [ -5.937360042612926, 57.313980893082949 ], [ -5.935763576452943, 57.304978414468948 ], [ -5.943340697889532, 57.294560982731802 ], [ -5.979710883120767, 57.292156539606296 ] ] ], [ [ [ -5.43532212632579, 56.538715679914823 ], [ -5.425087521479136, 56.533253720711706 ], [ -5.44043942874911, 56.522339128665777 ], [ -5.486342541165328, 56.499999999986564 ], [ -5.500000000332335, 56.493438390200538 ], [ -5.517155042871529, 56.485194780321585 ], [ -5.544432682019537, 56.477103623834914 ], [ -5.55187802779047, 56.47902254050215 ], [ -5.552954198721052, 56.481600208943128 ], [ -5.541006505729283, 56.49059177445713 ], [ -5.522324460157758, 56.499999999986564 ], [ -5.503516223746668, 56.509595595022091 ], [ -5.500000000332335, 56.511096547527579 ], [ -5.469408194030209, 56.524152596856268 ], [ -5.43532212632579, 56.538715679914823 ] ] ], [ [ [ -7.011846665284645, 57.87336511442372 ], [ -7.045251889953734, 57.884593629883327 ], [ -7.054366398947377, 57.87657527628258 ], [ -7.054366398947377, 57.868555128257917 ], [ -7.075604303317497, 57.868555128257917 ], [ -7.081687963017815, 57.881384186282851 ], [ -7.063458945030611, 57.887802786000719 ], [ -7.042221041558779, 57.892610189308655 ], [ -7.037663786612796, 57.897015868477318 ], [ -7.033106532565172, 57.908637926626888 ], [ -7.032331688920206, 57.911233305086697 ], [ -7.030311562899171, 57.912304884039344 ], [ -7.02786294408087, 57.912533181113581 ], [ -7.020961174278251, 57.91144111681718 ], [ -7.015661581225902, 57.90978090291302 ], [ -7.008815816889663, 57.907028528774994 ], [ -7.000000000422981, 57.897725242348358 ], [ -6.993639610207777, 57.891011654650967 ], [ -7.000000000422981, 57.885970178106732 ], [ -7.005784967596374, 57.881384186282851 ], [ -7.011846665284645, 57.87336511442372 ] ] ], [ [ [ -5.731884090135957, 56.128335711428463 ], [ -5.731884090135957, 56.152594303057299 ], [ -5.709042910375946, 56.15986888339701 ], [ -5.70662701628514, 56.175404339183764 ], [ -5.686201731514297, 56.169566172080607 ], [ -5.676274603819712, 56.152594303057299 ], [ -5.67385870972887, 56.134751738045559 ], [ -5.731884090135957, 56.128335711428463 ] ] ], [ [ [ -6.509977642152401, 57.049651716479858 ], [ -6.56240254059931, 57.034319268934595 ], [ -6.605361527978095, 57.065083002600879 ], [ -6.546809043111771, 57.068671022682274 ], [ -6.509977642152401, 57.049651716479858 ] ] ], [ [ [ -1.206976851425911, 60.126448894865767 ], [ -1.183733861527521, 60.123764035071133 ], [ -1.182020294580361, 60.112342429571591 ], [ -1.172837336657023, 60.0941707141967 ], [ -1.183909611522985, 60.080084403097516 ], [ -1.200737712214505, 60.085222863382114 ], [ -1.204867846988952, 60.095089177116805 ], [ -1.204472408600892, 60.108987710810744 ], [ -1.222618636953232, 60.119730668207353 ], [ -1.206976851425911, 60.126448894865767 ] ] ], [ [ [ -2.077468579419445, 60.10698151577035 ], [ -2.049963641351735, 60.107684264814743 ], [ -2.035310451794569, 60.095497374465232 ], [ -2.047810699415941, 60.082659405214073 ], [ -2.058201941702058, 60.071268880745329 ], [ -2.079094270470611, 60.079006698632924 ], [ -2.084344813711807, 60.092481129188599 ], [ -2.077468579419445, 60.10698151577035 ] ] ], [ [ [ -6.901242647854635, 58.179134328141785 ], [ -6.882442600485684, 58.175801486462433 ], [ -6.866783215165299, 58.165801080813957 ], [ -6.857383191929986, 58.154130372845643 ], [ -6.851123829844913, 58.145803464076884 ], [ -6.888701962570748, 58.1441355149218 ], [ -6.907502009939708, 58.145803464076884 ], [ -6.9043833099032, 58.15746525313191 ], [ -6.89498328666786, 58.167468011018826 ], [ -6.901242647854635, 58.179134328141785 ] ] ], [ [ [ -2.453113088768276, 59.327352032619565 ], [ -2.463724019447024, 59.344160526263835 ], [ -2.449576111575943, 59.362826843542429 ], [ -2.417743321336355, 59.37029048693487 ], [ -2.415107065116436, 59.355361552492617 ], [ -2.435428204603149, 59.346027621181143 ], [ -2.431891228309112, 59.334823504524707 ], [ -2.453113088768276, 59.327352032619565 ] ] ], [ [ [ -2.912151163195829, 58.846200788629538 ], [ -2.903561361956307, 58.834079670962986 ], [ -2.897827505329309, 58.826503261908123 ], [ -2.867089199974002, 58.819540549822598 ], [ -2.860568420954729, 58.817416340414582 ], [ -2.909295218583305, 58.818925190067752 ], [ -2.929352733076857, 58.824994743219619 ], [ -2.95228816048318, 58.82195429719787 ], [ -2.963733905436929, 58.832571483192162 ], [ -2.935086589703855, 58.832571483192162 ], [ -2.912151163195829, 58.846200788629538 ] ] ], [ [ [ -1.62014407104079, 59.513137094085884 ], [ -1.613970838526825, 59.529380403410912 ], [ -1.60070168332793, 59.541407849930557 ], [ -1.590991473621632, 59.534466359100819 ], [ -1.580380543841216, 59.52522803129542 ], [ -1.578732883591471, 59.514348691527921 ], [ -1.599844899854323, 59.503350403114098 ], [ -1.62014407104079, 59.513137094085884 ] ] ], [ [ [ -7.247676348953887, 57.679322806202592 ], [ -7.252030449000052, 57.686252187863943 ], [ -7.241729955422254, 57.695617567124572 ], [ -7.225543466540929, 57.708881028928111 ], [ -7.207885477935399, 57.708100960007393 ], [ -7.200527982907677, 57.698738820396734 ], [ -7.206884858913472, 57.693850795265057 ], [ -7.208877092244927, 57.692134838769711 ], [ -7.212299975311349, 57.688593760373891 ], [ -7.216968800117305, 57.683294599491539 ], [ -7.217715091709263, 57.682511647459911 ], [ -7.224071967715021, 57.676103618119832 ], [ -7.235238009628645, 57.67771674374157 ], [ -7.235958165635727, 57.677818588869172 ], [ -7.247676348953887, 57.679322806202592 ] ] ], [ [ [ -5.666962430429276, 55.667061549691276 ], [ -5.660703069242536, 55.650404130260597 ], [ -5.679481153701088, 55.617056262444592 ], [ -5.698281201070039, 55.602035167996469 ], [ -5.70454056315511, 55.613718741184812 ], [ -5.695162501931836, 55.63039183100841 ], [ -5.687496650301382, 55.639605761493918 ], [ -5.676362454562923, 55.64873683076997 ], [ -5.666962430429276, 55.667061549691276 ] ] ], [ [ [ -5.495983027232544, 56.432038902950303 ], [ -5.49725686255992, 56.422801876208332 ], [ -5.500000000332335, 56.421285252721525 ], [ -5.536350419034076, 56.401182134672872 ], [ -5.565890212798561, 56.409127404543916 ], [ -5.554249996958837, 56.422361961595172 ], [ -5.531233116610757, 56.421887310784108 ], [ -5.500000000332335, 56.430882201657994 ], [ -5.495983027232544, 56.432038902950303 ] ] ], [ [ [ -2.850968055444751, 58.938760582037133 ], [ -2.864522804835422, 58.94741086274805 ], [ -2.849474176890223, 58.961017927627459 ], [ -2.82427596335175, 58.964057682449031 ], [ -2.809666711293446, 58.957735152949986 ], [ -2.81074318226136, 58.947514930177455 ], [ -2.850968055444751, 58.938760582037133 ] ] ], [ [ [ -2.955693324280659, 59.154597805956442 ], [ -2.933988150435694, 59.152416926628142 ], [ -2.934405557124045, 59.125850319930713 ], [ -2.939722007062691, 59.114515008378078 ], [ -2.958351548800834, 59.125850319930713 ], [ -2.966326223259653, 59.138593671959242 ], [ -2.955693324280659, 59.154597805956442 ] ] ], [ [ [ -3.207917116358017, 58.792650186189199 ], [ -3.196493340602857, 58.783809958783408 ], [ -3.22639287640094, 58.775130166184276 ], [ -3.255303817127221, 58.775130166184276 ], [ -3.259741515292005, 58.793498078438049 ], [ -3.207917116358017, 58.792650186189199 ] ] ], [ [ [ -7.118124036081923, 58.011194550543856 ], [ -7.144310788996663, 58.009398623915374 ], [ -7.160294783239892, 58.007985961516404 ], [ -7.160621806834246, 58.007951302728486 ], [ -7.172767165121178, 58.01605301523859 ], [ -7.163674619037944, 58.027394661246369 ], [ -7.151529260751014, 58.035480255326078 ], [ -7.133300242763773, 58.025767959289638 ], [ -7.118124036081923, 58.011194550543856 ] ] ], [ [ [ -5.618995954280755, 56.266717761371055 ], [ -5.602062734531327, 56.255184716130941 ], [ -5.602062734531327, 56.248777252855419 ], [ -5.611748272906643, 56.239798015436122 ], [ -5.614164166997449, 56.229536764787767 ], [ -5.60933237881581, 56.221833196443455 ], [ -5.611748272906643, 56.212859255818273 ], [ -5.623827742462393, 56.221833196443455 ], [ -5.633491317927347, 56.230816663559771 ], [ -5.631075423836541, 56.241077569473099 ], [ -5.6262436365532, 56.247497956654804 ], [ -5.6262436365532, 56.259033327658109 ], [ -5.618995954280755, 56.266717761371055 ] ] ], [ [ [ -6.0022226228183, 57.513783027672332 ], [ -6.0022226228183, 57.541584886662655 ], [ -6.000000000362556, 57.545735091662927 ], [ -5.995282417697933, 57.554542452260797 ], [ -5.974461805031764, 57.561954718104744 ], [ -5.977931907142815, 57.54714036621705 ], [ -5.981402009253832, 57.526762217284535 ], [ -6.000000000362556, 57.515168791012222 ], [ -6.0022226228183, 57.513783027672332 ] ] ], [ [ [ -3.181884088544553, 58.809778228514212 ], [ -3.184542313064727, 58.818240412855388 ], [ -3.176545669407318, 58.828104540426416 ], [ -3.157938095969468, 58.832432262538468 ], [ -3.132542163236986, 58.839241815743861 ], [ -3.150578548291303, 58.822766656178899 ], [ -3.137463174787563, 58.815733314753651 ], [ -3.181884088544553, 58.809778228514212 ] ] ], [ [ [ -2.947718649821803, 59.322234747319975 ], [ -2.939722007062691, 59.337723476295331 ], [ -2.942380231582866, 59.351802207823141 ], [ -2.947718649821803, 59.36869127344039 ], [ -2.934405557124045, 59.363058658470379 ], [ -2.92643088266519, 59.350399236525838 ], [ -2.923750688946426, 59.334904707223266 ], [ -2.923750688946426, 59.323638886821172 ], [ -2.947718649821803, 59.322234747319975 ] ] ], [ [ [ -6.626226066465, 57.836456586954732 ], [ -6.604988162094881, 57.834855546331092 ], [ -6.589789992502594, 57.833254434772606 ], [ -6.592842804706283, 57.82039654282741 ], [ -6.614080708178114, 57.813977479279941 ], [ -6.626226066465, 57.82361144747567 ], [ -6.626226066465, 57.836456586954732 ] ] ], [ [ [ -7.210828475587143, 57.494585487188218 ], [ -7.211064574403387, 57.493903923426878 ], [ -7.209289551911001, 57.487636865787522 ], [ -7.208739386800071, 57.48620783554189 ], [ -7.206413979109526, 57.480651323574627 ], [ -7.21209813824007, 57.479427727285938 ], [ -7.221482129242489, 57.478272739259261 ], [ -7.22398323841948, 57.478204205986202 ], [ -7.227014965366801, 57.478328443951519 ], [ -7.236579709082485, 57.480070617207232 ], [ -7.246144452798203, 57.482974054435665 ], [ -7.249720195888316, 57.485503352173396 ], [ -7.249687031884676, 57.485812785540446 ], [ -7.247196684524806, 57.48853321630358 ], [ -7.24467295397233, 57.489941358858644 ], [ -7.241729955422254, 57.496907328984513 ], [ -7.226254837024523, 57.496068710893589 ], [ -7.218185971513209, 57.495531453813783 ], [ -7.210779718626783, 57.494638163770546 ], [ -7.210828475587143, 57.494585487188218 ] ] ], [ [ [ -6.285826608742259, 56.347583386131909 ], [ -6.299465428765425, 56.329170340954441 ], [ -6.317650520931903, 56.325166324428388 ], [ -6.334320189350051, 56.329170340954441 ], [ -6.326743067913461, 56.336376507988028 ], [ -6.311588823243651, 56.341980360513986 ], [ -6.307042550202016, 56.349184098814455 ], [ -6.285826608742259, 56.347583386131909 ] ] ], [ [ [ -7.517822708640769, 56.902277874382946 ], [ -7.499999999554868, 56.893580299512557 ], [ -7.492543672777913, 56.889940969541165 ], [ -7.482814208581824, 56.881714094066794 ], [ -7.494476388230209, 56.876568475818743 ], [ -7.499999999554868, 56.879265476950273 ], [ -7.519755424093101, 56.888909813100753 ], [ -7.537259673224241, 56.89507315548142 ], [ -7.531181504026956, 56.898675689093004 ], [ -7.517888377284685, 56.902277758382411 ], [ -7.517822708640769, 56.902277874382946 ] ] ], [ [ [ -6.217368959990083, 57.133149189092286 ], [ -6.203488550647658, 57.116520818626697 ], [ -6.231249368434193, 57.116520818626697 ], [ -6.252091944909024, 57.112820716275372 ], [ -6.245151739788658, 57.127607231691677 ], [ -6.217368959990083, 57.133149189092286 ] ] ], [ [ [ -3.307677436144451, 58.935440979401953 ], [ -3.273274295484088, 58.930906370090611 ], [ -3.25607272560306, 58.935440979401953 ], [ -3.250360837276354, 58.927886821698401 ], [ -3.264684495142864, 58.920331004837671 ], [ -3.293331809977641, 58.923351216412975 ], [ -3.307677436144451, 58.935440979401953 ] ] ], [ [ [ -5.918654654318724, 56.760394662740666 ], [ -5.899327503388826, 56.759104135415846 ], [ -5.88483213974227, 56.755267170546581 ], [ -5.872752669288194, 56.752697346398186 ], [ -5.887248032934778, 56.74884809419877 ], [ -5.904159290672167, 56.746289459963528 ], [ -5.921070548409557, 56.743719019078391 ], [ -5.925902336591169, 56.7514181827664 ], [ -5.918654654318724, 56.760394662740666 ] ] ], [ [ [ -7.115181038430152, 57.708881028928111 ], [ -7.11370953960428, 57.71668078744748 ], [ -7.101937547200608, 57.727597615863424 ], [ -7.098114064924792, 57.729407883429616 ], [ -7.09605155099875, 57.730228798551664 ], [ -7.091849871700131, 57.731218176842994 ], [ -7.090165554796901, 57.72993650603668 ], [ -7.090165554796901, 57.728234018251563 ], [ -7.090165554796901, 57.721359832708643 ], [ -7.091637053622799, 57.709661080498215 ], [ -7.090522448272768, 57.708076160575743 ], [ -7.089613852668537, 57.706150714619817 ], [ -7.089408062111665, 57.704957112427778 ], [ -7.093108552448672, 57.702640007111675 ], [ -7.102100948954131, 57.704258118948509 ], [ -7.106903965893842, 57.705760652985653 ], [ -7.115181038430152, 57.708881028928111 ] ] ], [ [ [ -5.585700543265249, 55.335021377138453 ], [ -5.558291128451564, 55.335021377138453 ], [ -5.56285936440357, 55.322950970504195 ], [ -5.585700543265249, 55.320536445774806 ], [ -5.603973487073261, 55.327779576341008 ], [ -5.585700543265249, 55.335021377138453 ] ] ], [ [ [ -7.265273940229606, 57.73071610268692 ], [ -7.282931928835126, 57.734613831547897 ], [ -7.288817925036948, 57.74084932079468 ], [ -7.275574433807406, 57.749421357016409 ], [ -7.259387944027747, 57.746304488878494 ], [ -7.253501947825924, 57.740069943833561 ], [ -7.265273940229606, 57.73071610268692 ] ] ], [ [ [ -2.99029418413503, 59.104589143354929 ], [ -2.974322866917098, 59.100337655715947 ], [ -2.976981091437273, 59.090407670944671 ], [ -3.000000000181255, 59.089048611113704 ], [ -3.000927083114061, 59.088993873621838 ], [ -3.011581951291644, 59.097499143029424 ], [ -3.000000000181255, 59.101356754075276 ], [ -2.99029418413503, 59.104589143354929 ] ] ], [ [ [ -4.948153632169528, 55.65352866706403 ], [ -4.948153632169528, 55.637028748794734 ], [ -4.950526262497953, 55.628140388124407 ], [ -4.974406348375625, 55.630683459139647 ], [ -4.964849920364499, 55.644644066064785 ], [ -4.948153632169528, 55.65352866706403 ] ] ], [ [ [ -2.971664641498591, 59.073379796185762 ], [ -2.968406229180917, 59.069281205368945 ], [ -2.966760986297592, 59.06753565691799 ], [ -2.961009774219305, 59.062027066107426 ], [ -2.971664641498591, 59.054928235008077 ], [ -2.987613990416267, 59.064868525192566 ], [ -2.992952408655204, 59.076220312548237 ], [ -2.971664641498591, 59.073379796185762 ] ] ], [ [ [ -7.27862724511276, 57.036132361257394 ], [ -7.259190280529287, 57.03405022210417 ], [ -7.261122995083287, 57.021590033570178 ], [ -7.27862724511276, 57.016405827802181 ], [ -7.284469316392142, 57.024702548501921 ], [ -7.27862724511276, 57.036132361257394 ] ] ], [ [ [ -7.572290135295296, 58.337501066146672 ], [ -7.55076671668346, 58.330377576356085 ], [ -7.553468125914271, 58.321836770491288 ], [ -7.574969581615734, 58.324691672305761 ], [ -7.588410737242106, 58.333231785931957 ], [ -7.572290135295296, 58.337501066146672 ] ] ], [ [ [ -5.597230946349687, 56.234667735132199 ], [ -5.577903794521501, 56.235947461280013 ], [ -5.57548790043066, 56.228256823580764 ], [ -5.584249030157799, 56.217396306167551 ], [ -5.589983264077252, 56.212859255818273 ], [ -5.597230946349687, 56.225685175259208 ], [ -5.597230946349687, 56.234667735132199 ] ] ], [ [ [ -3.198756126734962, 58.838627038839199 ], [ -3.213101752901772, 58.846200788629538 ], [ -3.207367896274774, 58.855280138366361 ], [ -3.193022270107964, 58.85377287624749 ], [ -3.181554555955636, 58.843173807805137 ], [ -3.190294623782633, 58.841656390348639 ], [ -3.195585369327739, 58.840476091899916 ], [ -3.198756126734962, 58.838627038839199 ] ] ], [ [ [ -2.834777049834187, 59.177342941756677 ], [ -2.846244763088218, 59.187993310270485 ], [ -2.846244763088218, 59.200166073110864 ], [ -2.83189913692138, 59.19560034112024 ], [ -2.826165280294374, 59.186467039708084 ], [ -2.834777049834187, 59.177342941756677 ] ] ], [ [ [ -7.231429462742751, 57.42408581128273 ], [ -7.23265673659234, 57.419566730090274 ], [ -7.23290096156866, 57.418851001320213 ], [ -7.234372460394532, 57.414778962741146 ], [ -7.246144452798203, 57.408573077919939 ], [ -7.259387944027747, 57.412451880003147 ], [ -7.256444946376003, 57.420983792468988 ], [ -7.231429462742751, 57.42408581128273 ] ] ], [ [ [ -6.378091795429788, 57.874744244441203 ], [ -6.362410447199038, 57.873086964136149 ], [ -6.368691771296142, 57.861483856177621 ], [ -6.396869879888339, 57.863141672953837 ], [ -6.378091795429788, 57.874744244441203 ] ] ], [ [ [ -3.12138201337332, 58.62894412670483 ], [ -3.09844658596696, 58.651798232923952 ], [ -3.095590642252769, 58.638092237338782 ], [ -3.101324498879767, 58.630472868811694 ], [ -3.12138201337332, 58.62894412670483 ] ] ], [ [ [ -2.745754639388524, 59.216506723234644 ], [ -2.736973489806971, 59.21325735917523 ], [ -2.733117746334365, 59.212271382760157 ], [ -2.720121882899375, 59.209284057135839 ], [ -2.717265939185184, 59.200166073110864 ], [ -2.74020136569321, 59.203205672891251 ], [ -2.745754639388524, 59.216506723234644 ] ] ], [ [ [ -1.367063496388141, 60.077214228384214 ], [ -1.351114147470464, 60.068953988658194 ], [ -1.367063496388141, 60.057921970786118 ], [ -1.380376589085898, 60.056548384244053 ], [ -1.367063496388141, 60.067569514565236 ], [ -1.367063496388141, 60.077214228384214 ] ] ], [ [ [ -7.340320391129333, 57.689374251113016 ], [ -7.331491397275729, 57.694837211863543 ], [ -7.330019898449857, 57.686252187863943 ], [ -7.335905894651679, 57.677665121830898 ], [ -7.343263389679401, 57.673761234996057 ], [ -7.352092383533003, 57.679226558508141 ], [ -7.340320391129333, 57.689374251113016 ] ] ], [ [ [ -2.562495743263267, 59.032452541062888 ], [ -2.539560316755241, 59.021753564644307 ], [ -2.545294173382275, 59.012573662316072 ], [ -2.559617830350497, 59.020219849073975 ], [ -2.562495743263267, 59.032452541062888 ] ] ], [ [ [ -7.537259673224241, 56.862170874097636 ], [ -7.541903461084894, 56.858530831418591 ], [ -7.542857519527367, 56.857538578869971 ], [ -7.546989137420329, 56.852905707196243 ], [ -7.560584031622759, 56.848788404160054 ], [ -7.558651316170427, 56.85805459518464 ], [ -7.554763923253749, 56.866286698745881 ], [ -7.537259673224241, 56.862170874097636 ] ] ], [ [ [ -7.591705137866701, 56.83438006361245 ], [ -7.581975674568937, 56.831293495033989 ], [ -7.578088280753899, 56.823053659757164 ], [ -7.589772422414396, 56.817899936214495 ], [ -7.593975638730475, 56.82124726775443 ], [ -7.597547209146076, 56.827173804653029 ], [ -7.597861713818649, 56.829054296708406 ], [ -7.594783426291837, 56.833411999163225 ], [ -7.591705137866701, 56.83438006361245 ] ] ], [ [ [ -5.696326523605665, 56.176895783871558 ], [ -5.703574204979777, 56.184608420662428 ], [ -5.703574204979777, 56.197455475679156 ], [ -5.691494735424027, 56.196162812378574 ], [ -5.691494735424027, 56.184608420662428 ], [ -5.696326523605665, 56.176895783871558 ] ] ], [ [ [ -7.602901268850768, 57.517230397091858 ], [ -7.602756974263301, 57.519921978076177 ], [ -7.602574245256421, 57.521732015034978 ], [ -7.602247220763769, 57.524316538519777 ], [ -7.589003729534189, 57.521964319387564 ], [ -7.584589232158238, 57.517259424193092 ], [ -7.589003729534189, 57.510200938503523 ], [ -7.602247220763769, 57.515690990240692 ], [ -7.602519118342372, 57.51552688602851 ], [ -7.602901268850768, 57.517230397091858 ] ] ], [ [ [ -7.463355281087943, 56.918709140683269 ], [ -7.455580495254559, 56.915629555060029 ], [ -7.455580495254559, 56.908439002211288 ], [ -7.461422566533944, 56.903297078372745 ], [ -7.473084745284032, 56.908439002211288 ], [ -7.463355281087943, 56.918709140683269 ] ] ], [ [ [ -2.651337570777282, 59.095057599634167 ], [ -2.654215482791756, 59.08742811309866 ], [ -2.668539140658275, 59.08742811309866 ], [ -2.668539140658275, 59.098106581187281 ], [ -2.651337570777282, 59.095057599634167 ] ] ], [ [ [ -1.55333695085899, 60.137752349552606 ], [ -1.534707408222551, 60.141885405382681 ], [ -1.545362276400161, 60.132259674304272 ], [ -1.561333593618093, 60.128136732317522 ], [ -1.55333695085899, 60.137752349552606 ] ] ], [ [ [ -7.58393035203331, 56.810690493252423 ], [ -7.568380780366516, 56.809657141944349 ], [ -7.570313494920517, 56.804501568102381 ], [ -7.580042959116604, 56.801412527636266 ], [ -7.591705137866701, 56.804501568102381 ], [ -7.58393035203331, 56.810690493252423 ] ] ], [ [ [ -7.40904247156183, 57.0378485168727 ], [ -7.405763444704998, 57.035674534477693 ], [ -7.401209703968425, 57.034109178477323 ], [ -7.393360244778725, 57.03197966449877 ], [ -7.39529296023102, 57.025743895883949 ], [ -7.412797210260529, 57.027826501803851 ], [ -7.40904247156183, 57.0378485168727 ] ] ], [ [ [ -3.058331557878188, 58.685288109461837 ], [ -3.043985930813053, 58.697461423208907 ], [ -3.041129987098862, 58.683773427574174 ], [ -3.058331557878188, 58.685288109461837 ] ] ], [ [ [ -7.33696010267189, 57.010167435869704 ], [ -7.321410531005123, 57.007053698690555 ], [ -7.327252601386174, 57.000813731665183 ], [ -7.340847495588604, 57.001855750345989 ], [ -7.33696010267189, 57.010167435869704 ] ] ], [ [ [ -7.626774693720563, 57.513381874670863 ], [ -7.643449194176641, 57.514122488588797 ], [ -7.640506195626563, 57.518043615540833 ], [ -7.630205702048763, 57.518043615540833 ], [ -7.629757005242445, 57.515652597553292 ], [ -7.626774693720563, 57.513381874670863 ] ] ], [ [ [ -2.422905988681521, 56.465934983690445 ], [ -2.413151841476362, 56.465946546926645 ], [ -2.413151841476362, 56.461505923650719 ], [ -2.421082578436347, 56.459586117811305 ], [ -2.422905988681521, 56.465934983690445 ] ] ] ] } }
]
}
