{
"type": "FeatureCollection",
"name": "SecondaryRoads",
"crs": { "type": "name", "properties": { "name": "urn:ogc:def:crs:OGC:1.3:CRS84" } },
"features": [
{ "type": "Feature", "properties": { "id": null }, "geometry": { "type": "MultiLineString", "coordinates": [ [ [ -1.308, 51.062 ], [ -1.236950021767273, 51.042505337493907 ], [ -1.212675863588112, 51.036565497511546 ], [ -1.177302548929516, 51.042649891535227 ], [ -1.140306692781543, 51.051231367300439 ], [ -1.112141044570765, 51.04366319864819 ], [ -1.076872003575669, 51.033759466983597 ] ] ] } },
{ "type": "Feature", "properties": { "id": null }, "geometry": { "type": "MultiLineString", "coordinates": [ [ [ -0.941446531326334, 51.00041810993293 ], [ -0.898270704504974, 51.00532125265034 ], [ -0.859919647149016, 51.006190054158651 ], [ -0.825948445262468, 51.003329041663392 ], [ -0.786401400513782, 50.99161640847781 ], [ -0.753655686515828, 50.986417279698372 ], [ -0.739440452319153, 50.985541010106814 ] ] ] } },
{ "type": "Feature", "properties": { "id": null }, "geometry": { "type": "MultiLineString", "coordinates": [ [ [ -0.810203057577694, 50.826490578879536 ], [ -0.777564065764402, 50.825373366853555 ], [ -0.751466313899516, 50.82947323164472 ], [ -0.744290027404892, 50.843640058661087 ], [ -0.720536541783571, 50.854122029054835 ], [ -0.671064705790335, 50.853496835113987 ], [ -0.651291257642568, 50.856709012408658 ], [ -0.616708139768925, 50.85247609606197 ], [ -0.595841108937332, 50.858532961551617 ], [ -0.575798540568083, 50.854873236545053 ], [ -0.566324684754589, 50.851615183556852 ], [ -0.554477151929989, 50.85132778461228 ] ] ] } },
{ "type": "Feature", "properties": { "id": null }, "geometry": { "type": "MultiLineString", "coordinates": [ [ [ -0.554477151929989, 50.85132778461228 ], [ -0.535651171381614, 50.84110751444387 ], [ -0.515609159858969, 50.827802668018194 ], [ -0.486245434049967, 50.817549370213975 ], [ -0.449511798472634, 50.815117783236808 ], [ -0.398135920279626, 50.815378097735717 ], [ -0.35018685776015, 50.811453456465564 ], [ -0.309645522761116, 50.821155419866002 ], [ -0.275431351625962, 50.831927176986341 ] ] ] } },
{ "type": "Feature", "properties": { "id": null }, "geometry": { "type": "MultiLineString", "coordinates": [ [ [ 0.1243172375995, 50.799537450326234 ], [ 0.103966094941885, 50.801086022308056 ], [ 0.080586340295107, 50.804569880263287 ], [ 0.048813019912412, 50.810622983562816 ], [ 0.024415999332381, 50.822809974017225 ], [ 0.009585254532983, 50.823721794436139 ], [ -0.006388987805943, 50.825082311823216 ], [ -0.031617208177011, 50.828934065537752 ], [ -0.084713791307123, 50.828687177972199 ], [ -0.12536864412887, 50.827312073214166 ], [ -0.149806318913402, 50.83065819464538 ], [ -0.229506251933597, 50.832393719995338 ], [ -0.275431351625963, 50.831927176986348 ] ] ] } },
{ "type": "Feature", "properties": { "id": null }, "geometry": { "type": "MultiLineString", "coordinates": [ [ [ 1.34655510208723, 51.111119970623442 ], [ 1.375700618565905, 51.137453920860047 ], [ 1.38345685696401, 51.156698275788983 ], [ 1.402999689719867, 51.169131305050129 ], [ 1.421644200408514, 51.195767455909916 ], [ 1.418640963315621, 51.225108911888249 ], [ 1.396942758123039, 51.252678821903899 ], [ 1.39220812430671, 51.263856549585377 ], [ 1.381089112414078, 51.275383580810335 ], [ 1.363890092305196, 51.293045802100806 ], [ 1.361626064617677, 51.314289245807714 ], [ 1.399157125856896, 51.334094616694209 ], [ 1.38927489149893, 51.32875071462967 ], [ 1.420660685351011, 51.339308342054188 ], [ 1.437023890248565, 51.350397201020201 ], [ 1.444320217155408, 51.363011877401881 ], [ 1.449175135905924, 51.372262310197812 ], [ 1.440963456195857, 51.380880430917038 ], [ 1.426177932958869, 51.392636759314364 ] ] ] } },
{ "type": "Feature", "properties": { "id": null }, "geometry": { "type": "MultiLineString", "coordinates": [ [ [ 0.892812477739409, 51.311290828747595 ], [ 0.930951552119839, 51.318343219594176 ], [ 0.970884114491001, 51.329696736292732 ], [ 1.016269458851742, 51.349147314461213 ], [ 1.041749313788533, 51.362650257260064 ], [ 1.100367618968097, 51.373197337184131 ], [ 1.164606725187435, 51.377550600088725 ], [ 1.216448573073567, 51.373243553547731 ], [ 1.288602403611762, 51.377576615340217 ], [ 1.311626241309128, 51.375346867868942 ] ] ] } },
{ "type": "Feature", "properties": { "id": null }, "geometry": { "type": "MultiLineString", "coordinates": [ [ [ 0.394240050563157, 51.099771372057567 ], [ 0.427056257883968, 51.108350504124466 ] ] ] } },
{ "type": "Feature", "properties": { "id": null }, "geometry": { "type": "MultiLineString", "coordinates": [ [ [ 0.1243172375995, 50.799537450326234 ], [ 0.175168906221516, 50.794204751737119 ], [ 0.22068862313445, 50.78262197192042 ], [ 0.258239716163103, 50.771584292100918 ], [ 0.296139777504006, 50.749429707099367 ], [ 0.346506573826026, 50.784606271893239 ], [ 0.362275155434902, 50.807580535605581 ], [ 0.40066953354101, 50.820691019694578 ], [ 0.4372778319991, 50.875696445317331 ], [ 0.453621166034683, 50.910451580790337 ], [ 0.442170463732355, 50.943642053835006 ] ] ] } },
{ "type": "Feature", "properties": { "id": null }, "geometry": { "type": "MultiLineString", "coordinates": [ [ [ 2.374436473620142, 51.035493810050284 ], [ 2.422288180944779, 51.037616621684805 ], [ 2.466192438936253, 51.039023683244025 ], [ 2.498107901029168, 51.049870703340815 ], [ 2.547743759686118, 51.052227588577772 ], [ 2.570633114585173, 51.061130525379049 ], [ 2.626170464475023, 51.069799958171401 ], [ 2.661311090209917, 51.071470279273562 ], [ 2.690814288923242, 51.072439718853403 ], [ 2.734661173517063, 51.089085888249649 ], [ 2.755754467328729, 51.110138669321451 ], [ 2.760169797866739, 51.122411369731978 ], [ 2.793404333251943, 51.159254851259561 ], [ 2.795972447850014, 51.17256765662038 ], [ 2.831987983973704, 51.187952449997063 ], [ 2.862567457094917, 51.193491729668992 ], [ 2.879228111351947, 51.206206274012807 ], [ 2.917, 51.217 ] ] ] } },
{ "type": "Feature", "properties": { "id": null }, "geometry": { "type": "MultiLineString", "coordinates": [ [ [ 2.917, 51.217 ], [ 2.947696412446948, 51.216963506999825 ], [ 2.975588282397474, 51.221212130027993 ], [ 3.00538248817112, 51.224472619682075 ], [ 3.02498123125534, 51.229669962706431 ], [ 3.049229685900269, 51.231124398377936 ], [ 3.067371673804267, 51.226730426146993 ], [ 3.099441316253584, 51.238137434049506 ], [ 3.114979211563569, 51.239425063862534 ], [ 3.146689125196863, 51.241666174548179 ], [ 3.167821094874955, 51.236702816784664 ], [ 3.187739693168774, 51.232029860243571 ], [ 3.206833315941664, 51.221097066312261 ], [ 3.217408742674186, 51.21258562081394 ], [ 3.226431435035902, 51.2087150531638 ], [ 3.229598511450381, 51.223158811442545 ], [ 3.207987986006559, 51.221164632531249 ] ] ] } },
{ "type": "Feature", "properties": { "id": null }, "geometry": { "type": "MultiLineString", "coordinates": [ [ [ 3.226029084944703, 51.208751635981223 ], [ 3.223012724355335, 51.189613710841584 ], [ 3.231706660353682, 51.174052882872054 ], [ 3.237972337786056, 51.163097521806925 ], [ 3.258488286657305, 51.154066980420538 ], [ 3.275325685635421, 51.146280566608269 ], [ 3.306414584112507, 51.132377721207597 ], [ 3.325750410277165, 51.123268407304373 ], [ 3.356967422759801, 51.116298607448826 ], [ 3.380578511712512, 51.105600327454056 ], [ 3.413386160841958, 51.091404698888233 ], [ 3.431753907606163, 51.088796577891813 ], [ 3.447600891032081, 51.083487272307174 ], [ 3.480894203208218, 51.086096337385008 ], [ 3.490232556449165, 51.089867149501963 ], [ 3.511755499718329, 51.081257693736035 ], [ 3.53815653052226, 51.075067104472247 ], [ 3.572437699174324, 51.06638799898905 ], [ 3.594317746931333, 51.059204186167008 ], [ 3.61929311343029, 51.0547425666417 ], [ 3.651744693372665, 51.050686036164223 ], [ 3.670429485456399, 51.045503659174095 ], [ 3.693199631300255, 51.048571680766059 ], [ 3.717, 51.05 ] ] ] } },
{ "type": "Feature", "properties": { "id": null }, "geometry": { "type": "MultiLineString", "coordinates": [ [ [ 2.25, 50.75 ], [ 2.251214819399818, 50.768152663187585 ], [ 2.239180252979402, 50.78489134554134 ], [ 2.22249667975289, 50.808627783912819 ], [ 2.196158767822824, 50.834634000531743 ], [ 2.163534890107958, 50.856551875629528 ], [ 2.11506136286831, 50.869334079518218 ], [ 2.053443441583919, 50.87753486152824 ], [ 2.020025244954123, 50.88327134613035 ], [ 1.996069302332943, 50.891850488193846 ], [ 1.969080179671842, 50.901823164047101 ], [ 1.938199365212385, 50.919418450218608 ], [ 1.910858510256598, 50.936523591170079 ], [ 1.906542312836495, 50.947925385968894 ], [ 1.880493743498231, 50.966193550826119 ] ] ] } },
{ "type": "Feature", "properties": { "id": null }, "geometry": { "type": "MultiLineString", "coordinates": [ [ [ 2.126838394212129, 50.987071903026731 ], [ 2.138476143249719, 50.956498947035541 ], [ 2.146502654778034, 50.936568572371982 ], [ 2.1359044831071, 50.910250229432656 ], [ 2.129488799324777, 50.879827783256566 ], [ 2.11506136286831, 50.869334079518218 ] ] ] } },
{ "type": "Feature", "properties": { "id": null }, "geometry": { "type": "MultiLineString", "coordinates": [ [ [ 1.857203571927472, 50.935235601135417 ], [ 1.84568026854639, 50.912766332791449 ], [ 1.864128013355785, 50.900169607117611 ], [ 1.878497682559196, 50.890941019730498 ], [ 1.869938184253104, 50.866726801328099 ], [ 1.91722769371657, 50.84830865690634 ], [ 1.951024816795148, 50.84701811688992 ], [ 1.976581485510638, 50.853190263802382 ], [ 1.999168810084256, 50.843058078768756 ], [ 2.037604426640322, 50.828167639728989 ], [ 2.062482532705791, 50.824765568964729 ], [ 2.078424309661697, 50.812698516172631 ], [ 2.102885549360634, 50.804871480060932 ], [ 2.135215468699938, 50.798309087994063 ], [ 2.150517886128655, 50.789846568910448 ], [ 2.18054511614782, 50.783115325699775 ], [ 2.18837251958098, 50.777796664986113 ], [ 2.20372822913655, 50.762018793542907 ], [ 2.217984667502204, 50.752746480226733 ], [ 2.25, 50.75 ] ] ] } },
{ "type": "Feature", "properties": { "id": null }, "geometry": { "type": "MultiLineString", "coordinates": [ [ [ 2.25, 50.75 ], [ 2.26760344543013, 50.771010382557797 ], [ 2.284503594726764, 50.78750045191601 ], [ 2.293652841963782, 50.802006298080457 ], [ 2.298713203891559, 50.81331287461601 ], [ 2.318165447823306, 50.828504710597798 ], [ 2.333172587925938, 50.842665615455722 ], [ 2.344038448411132, 50.860935838174299 ], [ 2.378960167268771, 50.880797355333655 ], [ 2.391277394472527, 50.890384205783938 ], [ 2.399687713011287, 50.90263641316578 ], [ 2.403399328487609, 50.915309499248764 ], [ 2.415374479321154, 50.9270636624682 ], [ 2.429212350952278, 50.934552046855188 ], [ 2.439968932731971, 50.939643563118011 ], [ 2.441990780943781, 50.948548632973768 ], [ 2.435681513144969, 50.965573993054896 ] ] ] } },
{ "type": "Feature", "properties": { "id": null }, "geometry": { "type": "MultiLineString", "coordinates": [ [ [ 2.25, 50.75 ], [ 2.286521739966716, 50.750270988191495 ], [ 2.305808490520136, 50.745347844793734 ], [ 2.320890479305255, 50.744893637141594 ], [ 2.341907800995601, 50.736424523445912 ], [ 2.355095859433857, 50.736936586487033 ], [ 2.393204245502897, 50.743850714257299 ], [ 2.40629758402479, 50.752027119486101 ], [ 2.426425767955475, 50.759568516801004 ], [ 2.440260025214156, 50.770348010561811 ], [ 2.463521579059419, 50.783570871143354 ], [ 2.466500455981499, 50.796193744042704 ], [ 2.480579412497486, 50.800221164948368 ], [ 2.486732632231455, 50.814329717532409 ], [ 2.485508528432725, 50.836180713656269 ], [ 2.484778575380035, 50.847829540596102 ], [ 2.473158016957662, 50.862422776420829 ], [ 2.465757851389998, 50.879484232813766 ], [ 2.466959680923566, 50.893452496453335 ], [ 2.460022565303734, 50.907619974915121 ], [ 2.44643933609817, 50.919890204257314 ], [ 2.439968932731971, 50.939643563118011 ] ] ] } },
{ "type": "Feature", "properties": { "id": null }, "geometry": { "type": "MultiLineString", "coordinates": [ [ [ 2.463521579059422, 50.783570871143361 ], [ 2.468162798371509, 50.769180616048608 ], [ 2.476890242091756, 50.758054903412869 ], [ 2.481778202887863, 50.749236461818825 ], [ 2.474045050523635, 50.739958131189738 ], [ 2.470588970963382, 50.732786900793201 ], [ 2.469269495130337, 50.719541511957189 ], [ 2.4704386317699, 50.712307553354321 ], [ 2.467524907368619, 50.698226532903121 ], [ 2.461176699121358, 50.687575305885339 ], [ 2.461058861024206, 50.674042840517195 ], [ 2.4566441624096, 50.665711196413874 ], [ 2.446414709765401, 50.65772798811529 ], [ 2.433573999015518, 50.648109408869864 ], [ 2.418148645245094, 50.643801701569849 ], [ 2.402452749155586, 50.637725387057991 ] ] ] } },
{ "type": "Feature", "properties": { "id": null }, "geometry": { "type": "MultiLineString", "coordinates": [ [ [ 3.264319990287442, 50.830172600753926 ], [ 3.335117130419249, 50.837423861447334 ], [ 3.421418889237289, 50.831426572297239 ], [ 3.495230723675382, 50.831963905421688 ], [ 3.522989041857281, 50.823303986466662 ], [ 3.609375938116022, 50.843843943783789 ] ] ] } },
{ "type": "Feature", "properties": { "id": null }, "geometry": { "type": "MultiLineString", "coordinates": [ [ [ 3.609375938116022, 50.843843943783789 ], [ 3.643928867520293, 50.860499402382814 ], [ 3.690140345347162, 50.868876881999057 ], [ 3.738198998193103, 50.872225097278253 ], [ 3.780566565951205, 50.857726242289814 ], [ 3.814915030399092, 50.863368822402116 ], [ 3.842645868116861, 50.885874991203004 ], [ 3.867976654552381, 50.895252831147928 ], [ 3.909384443607484, 50.905473773491721 ], [ 3.950513049962751, 50.909095497795079 ], [ 3.987337957487115, 50.910288766107691 ], [ 4.005423099718914, 50.91341844163113 ], [ 4.028784204667097, 50.920467194476153 ], [ 4.033, 50.933 ] ] ] } },
{ "type": "Feature", "properties": { "id": null }, "geometry": { "type": "MultiLineString", "coordinates": [ [ [ 3.717, 51.05 ], [ 3.751351526707632, 51.066100244264661 ], [ 3.800411414694264, 51.080781557039849 ], [ 3.839562030567913, 51.096009164749837 ], [ 3.873170673912326, 51.100710772046348 ], [ 3.913464248279195, 51.111957625563647 ], [ 3.939545383156176, 51.112229416838296 ], [ 3.964426385040329, 51.112797775833684 ], [ 3.983, 51.1 ], [ 4.019389096620658, 51.100685340496497 ], [ 4.039621010343266, 51.10574149916394 ], [ 4.063985801099219, 51.110275867345905 ], [ 4.082486303225902, 51.124357571734613 ], [ 4.093414907102223, 51.12965822753943 ], [ 4.117081529059877, 51.13523971974125 ], [ 4.131938463785695, 51.146208618249098 ], [ 4.133, 51.167 ], [ 4.163894591286094, 51.178103564114373 ], [ 4.194523142976046, 51.184017619094348 ], [ 4.226366678709483, 51.193267172766525 ], [ 4.261498368474386, 51.200481074093588 ], [ 4.312734825745489, 51.20446079638571 ], [ 4.344864754166851, 51.212595948983719 ], [ 4.355666282408976, 51.214580462646623 ], [ 4.380111959586033, 51.200080157354002 ], [ 4.403980056969849, 51.204515647756551 ], [ 4.417, 51.217 ] ] ] } },
{ "type": "Feature", "properties": { "id": null }, "geometry": { "type": "MultiLineString", "coordinates": [ [ [ 4.333372851156062, 50.832768306442603 ], [ 4.371230008398141, 50.863821161353961 ], [ 4.400553460982986, 50.888594278377774 ], [ 4.413192286046746, 50.898690965233413 ], [ 4.441308242391582, 50.916535563333582 ], [ 4.467402193803444, 50.930190205771325 ], [ 4.481474326953142, 50.938158320431619 ], [ 4.486757355876042, 50.96175519600655 ], [ 4.487962294191749, 50.980780163689353 ], [ 4.48513747966266, 51.0142033742422 ], [ 4.467, 51.033 ], [ 4.460879987892141, 51.052439604215799 ], [ 4.452768681946575, 51.071748735148674 ], [ 4.437733284346666, 51.090725427412053 ], [ 4.433867501259085, 51.113155508590225 ], [ 4.438950246218393, 51.128719558475709 ], [ 4.420690246705361, 51.145351614513338 ], [ 4.406506028023556, 51.166555084070254 ], [ 4.418602760695002, 51.18172819744904 ], [ 4.411593935249031, 51.191604613953501 ], [ 4.403980056969849, 51.204515647756551 ] ] ] } },
{ "type": "Feature", "properties": { "id": null }, "geometry": { "type": "MultiLineString", "coordinates": [ [ [ 3.067, 50.367 ], [ 3.110760606868351, 50.355970670802172 ], [ 3.14274544766931, 50.344379353250197 ], [ 3.16517873442934, 50.33549612713314 ], [ 3.215925068563517, 50.32829417102991 ], [ 3.24316745019259, 50.32954375676033 ], [ 3.255632821520938, 50.326262883009512 ], [ 3.274946822552112, 50.314983955932675 ], [ 3.289721744166624, 50.303435508097095 ], [ 3.300834695210917, 50.28947929858667 ], [ 3.319093401892742, 50.281371702738966 ] ] ] } },
{ "type": "Feature", "properties": { "id": null }, "geometry": { "type": "MultiLineString", "coordinates": [ [ [ 3.222492287432801, 50.174599651269844 ], [ 3.194474860129544, 50.184224173298389 ], [ 3.170264181935582, 50.188863225109863 ], [ 3.140594810588578, 50.197065287267471 ], [ 3.107806202737286, 50.203123252055299 ], [ 3.092922344243272, 50.208797568354285 ], [ 3.064410705997545, 50.21719738156947 ], [ 3.032998224467692, 50.224049418827143 ], [ 3.001076929035682, 50.234271882833738 ], [ 2.960922219967254, 50.243490982623946 ], [ 2.926244818550955, 50.2515751736547 ], [ 2.881927275217803, 50.262945622046203 ], [ 2.852572825954657, 50.270853714444058 ], [ 2.817175041693894, 50.278374418106111 ], [ 2.803546435143434, 50.282874925159327 ], [ 2.774699039559812, 50.291449915500486 ] ] ] } },
{ "type": "Feature", "properties": { "id": null }, "geometry": { "type": "MultiLineString", "coordinates": [ [ [ 3.092922344243272, 50.208797568354285 ], [ 3.064628863287444, 50.197532189302706 ], [ 3.037908788648259, 50.193223466204948 ], [ 3.025839697637417, 50.190049700175692 ], [ 2.998679379287265, 50.186191564100774 ], [ 2.988924741933878, 50.180233109317641 ], [ 2.975499640073251, 50.175995905997702 ], [ 2.963348178611399, 50.165746355287475 ], [ 2.944197050266407, 50.159202448774657 ], [ 2.924766463661221, 50.149471069219778 ], [ 2.905874085362744, 50.146346443396581 ], [ 2.888081558627614, 50.134371693634876 ], [ 2.879283396385605, 50.127244317664633 ], [ 2.863016623433929, 50.114288530306055 ], [ 2.853344205530469, 50.102426619378399 ] ] ] } },
{ "type": "Feature", "properties": { "id": null }, "geometry": { "type": "MultiLineString", "coordinates": [ [ [ 2.33965935622633, 50.157742028233059 ], [ 2.358943777058517, 50.146071567843073 ], [ 2.370773877250752, 50.141015780408701 ], [ 2.391012161070787, 50.137984057778894 ], [ 2.40304780406844, 50.136351184216458 ], [ 2.432267062100721, 50.122213175112698 ], [ 2.443860903463932, 50.116159945851713 ], [ 2.44441411825595, 50.107910252939881 ], [ 2.463781273660799, 50.100665600874173 ], [ 2.488284749789201, 50.094488630010787 ], [ 2.512687392939621, 50.094685054355097 ], [ 2.530560234996284, 50.096835598259574 ], [ 2.54238799298334, 50.098830564460762 ], [ 2.554637087336642, 50.093297485301655 ], [ 2.569662364013408, 50.086970005826267 ], [ 2.580814523057471, 50.085992683718537 ], [ 2.600789527528223, 50.082908524137714 ], [ 2.613254847900947, 50.084693995193462 ], [ 2.63177016596301, 50.092474731944115 ], [ 2.641347478989741, 50.094313382887904 ], [ 2.653666374733851, 50.095597384602911 ], [ 2.665461405631224, 50.097820857512964 ], [ 2.676476811910639, 50.105109588022145 ], [ 2.689824011465047, 50.112059663793005 ], [ 2.701857231336987, 50.11770542134834 ], [ 2.712606444638676, 50.119369196680637 ], [ 2.732486374277859, 50.120884724754589 ], [ 2.748343975565702, 50.121409472405603 ], [ 2.757960088990945, 50.12056028705446 ], [ 2.768593065814191, 50.120505843072237 ], [ 2.778612063685231, 50.117000668527012 ], [ 2.787502250245126, 50.11342311495271 ], [ 2.804767055243204, 50.109644187985516 ], [ 2.823265511524455, 50.10520979820263 ], [ 2.834440527367291, 50.101529423471334 ], [ 2.853344205530469, 50.102426619378399 ] ] ] } },
{ "type": "Feature", "properties": { "id": null }, "geometry": { "type": "MultiLineString", "coordinates": [ [ [ 3.803675219952545, 50.303707836239901 ], [ 3.809230736092253, 50.325765113279289 ], [ 3.833060667772711, 50.340559627084708 ], [ 3.854143759798052, 50.349068572086018 ], [ 3.870781104237362, 50.355801990597385 ], [ 3.881121921942639, 50.364142682823932 ], [ 3.893607667926965, 50.370650144388811 ], [ 3.898121622498468, 50.376974389680427 ], [ 3.901914729650692, 50.385936605548039 ], [ 3.911385567407889, 50.395200909287979 ], [ 3.91691044639806, 50.3996313458535 ], [ 3.915342566000041, 50.405874474398253 ], [ 3.902604998244943, 50.410063060935109 ], [ 3.903719625723741, 50.419125607354005 ], [ 3.908617812983388, 50.425469567713208 ], [ 3.919955578330105, 50.432155419392359 ], [ 3.929750179980005, 50.439001519580913 ], [ 3.945026173290206, 50.452720005528029 ] ] ] } },
{ "type": "Feature", "properties": { "id": null }, "geometry": { "type": "MultiLineString", "coordinates": [ [ [ 4.522938481580409, 50.091664477189468 ], [ 4.511926987316678, 50.075061951049932 ], [ 4.502363415051489, 50.066168792193011 ], [ 4.494436068794294, 50.060596800087367 ], [ 4.488163332039998, 50.053807168813321 ], [ 4.478288136301179, 50.052031070685665 ], [ 4.458240172030428, 50.051056153471727 ], [ 4.439496035762065, 50.047546939035975 ], [ 4.395152588395037, 50.038883973017967 ], [ 4.376531608149078, 50.034397082635834 ], [ 4.345284921078094, 50.038685564907155 ], [ 4.316577735806398, 50.046984776215638 ], [ 4.288554605838329, 50.05368974033356 ], [ 4.269353947179494, 50.058238058184571 ], [ 4.243599636563557, 50.05855948280206 ], [ 4.230113136674134, 50.053335031482924 ], [ 4.211071150019849, 50.052367444717653 ], [ 4.193424572146734, 50.04822409669417 ], [ 4.173383188104212, 50.047199056181555 ], [ 4.16287737376219, 50.05477000701022 ], [ 4.135580849530557, 50.055312193451293 ], [ 4.116404287179902, 50.059512213651175 ], [ 4.100829677279371, 50.059029918665082 ], [ 4.069869706069979, 50.057355053095854 ], [ 4.05469529011911, 50.061753554779315 ], [ 4.033786561032289, 50.063578556620186 ], [ 4.02205851085388, 50.064584927285331 ], [ 4.018734660028148, 50.079009502726855 ], [ 4.009321104102905, 50.08565171594141 ], [ 3.998806808897991, 50.088990879301761 ], [ 3.984333219631562, 50.095688722072872 ], [ 3.969272294565243, 50.103002659850389 ], [ 3.953326326235835, 50.109294453428831 ], [ 3.946477936708431, 50.111526045266586 ], [ 3.931899787189249, 50.124461850738946 ] ] ] } },
{ "type": "Feature", "properties": { "id": null }, "geometry": { "type": "MultiLineString", "coordinates": [ [ [ 3.931899787189249, 50.124461850738946 ], [ 3.911907290627408, 50.122011753679161 ], [ 3.882267178510441, 50.12074738696424 ], [ 3.861912733827409, 50.125816774923756 ], [ 3.84105120131409, 50.12696155002746 ], [ 3.821944237562005, 50.13014467687043 ], [ 3.798862649135589, 50.132783840214891 ], [ 3.776697566778784, 50.136117535485241 ], [ 3.761644668701621, 50.135293864031077 ], [ 3.755672055077227, 50.13074793423403 ], [ 3.746019479955193, 50.127297579028593 ], [ 3.733817705154637, 50.124030567697929 ], [ 3.714179029394604, 50.119702724302023 ], [ 3.70473460521115, 50.118531771136119 ], [ 3.687012340640857, 50.125264858757582 ] ] ] } },
{ "type": "Feature", "properties": { "id": null }, "geometry": { "type": "MultiLineString", "coordinates": [ [ [ 3.687012340640857, 50.125264858757582 ], [ 3.669675758612177, 50.124570931600203 ], [ 3.665826555130244, 50.119326550005852 ], [ 3.652937138717894, 50.117472680941809 ], [ 3.647728384270712, 50.118642539493131 ], [ 3.638981082610997, 50.116044515059436 ], [ 3.622933555587734, 50.115146532119823 ], [ 3.599996242954622, 50.112885375390526 ], [ 3.595256864386681, 50.116188887044046 ], [ 3.587608468079994, 50.124196763070664 ], [ 3.584918575945955, 50.131023224687233 ], [ 3.581758062921776, 50.135713484570587 ], [ 3.571889090326004, 50.139538314166863 ], [ 3.551551298865331, 50.127352946554083 ], [ 3.54130456985257, 50.120929715142331 ], [ 3.539520731624515, 50.107560740552586 ], [ 3.557278325056342, 50.101873990221456 ], [ 3.567708119750216, 50.105060592211309 ], [ 3.576853792429462, 50.110283359429765 ], [ 3.587383372749868, 50.11087716259005 ] ] ] } },
{ "type": "Feature", "properties": { "id": null }, "geometry": { "type": "MultiLineString", "coordinates": [ [ [ 3.587383372749868, 50.11087716259005 ], [ 3.599996242954622, 50.112885375390526 ] ] ] } },
{ "type": "Feature", "properties": { "id": null }, "geometry": { "type": "MultiLineString", "coordinates": [ [ [ 3.86042941914041, 50.205361676122507 ], [ 3.867577154422114, 50.192345927097058 ], [ 3.880864548470498, 50.187381879845113 ], [ 3.893840703075151, 50.186779914738786 ], [ 3.901580375407682, 50.18362525369475 ], [ 3.918904070575206, 50.180657423231899 ], [ 3.923220819025695, 50.172614194339204 ], [ 3.925445036075703, 50.165108212166984 ], [ 3.930973096187081, 50.157453802118773 ], [ 3.93365190265663, 50.148349694648296 ], [ 3.93345006563344, 50.142012189588208 ], [ 3.931899787189249, 50.124461850738946 ] ] ] } },
{ "type": "Feature", "properties": { "id": null }, "geometry": { "type": "MultiLineString", "coordinates": [ [ [ 3.635580011467488, 50.247580293234442 ], [ 3.630560512345255, 50.255774961848303 ], [ 3.631402486917871, 50.264584389822843 ], [ 3.630622279672126, 50.270382462741573 ], [ 3.627195823868543, 50.277006423566512 ], [ 3.607234623544417, 50.293415405380472 ], [ 3.59380183291746, 50.302723370516418 ], [ 3.58189553745758, 50.308221215228784 ], [ 3.573511210545615, 50.313916164731893 ], [ 3.564905477403965, 50.321220872652248 ], [ 3.559122883481039, 50.326412372692459 ], [ 3.557618709735347, 50.333905875991853 ] ] ] } },
{ "type": "Feature", "properties": { "id": null }, "geometry": { "type": "MultiLineString", "coordinates": [ [ [ 3.642794014565369, 50.3007067943648 ], [ 3.628769632437773, 50.290919410278896 ], [ 3.627195823868543, 50.277006423566512 ] ] ] } },
{ "type": "Feature", "properties": { "id": null }, "geometry": { "type": "MultiLineString", "coordinates": [ [ [ 3.29, 49.85 ], [ 3.299649260022153, 49.839694188419465 ], [ 3.319812012603447, 49.839262076392608 ], [ 3.33712412523447, 49.841256003144203 ], [ 3.363098990896089, 49.846027791163223 ], [ 3.394364974709785, 49.845258502562814 ], [ 3.410351536854475, 49.842294115807157 ], [ 3.447596564690858, 49.841858040965391 ], [ 3.464619460364523, 49.838621553321296 ], [ 3.489222618812136, 49.838740196695568 ], [ 3.508965692973735, 49.845067167923034 ], [ 3.533895370419952, 49.85395879608653 ], [ 3.560722349429147, 49.867496552735801 ], [ 3.593157346982981, 49.876800279257978 ], [ 3.622723147960932, 49.888853837043229 ], [ 3.631549202781054, 49.89811319031282 ] ] ] } },
{ "type": "Feature", "properties": { "id": null }, "geometry": { "type": "MultiLineString", "coordinates": [ [ [ 3.631549202781052, 49.898113190312841 ], [ 3.644231846298853, 49.893502079828082 ], [ 3.653243300640075, 49.88621756276882 ], [ 3.676543020809807, 49.884923250585331 ], [ 3.69459597431666, 49.885279751157817 ], [ 3.707603953086612, 49.879641558051539 ], [ 3.721754306634107, 49.875233621114994 ], [ 3.733821812712385, 49.871357960879777 ], [ 3.750451800599154, 49.874872385091223 ], [ 3.759816430744604, 49.868573332089909 ], [ 3.769673956324856, 49.86619496834151 ], [ 3.780486558567161, 49.864192730645769 ], [ 3.794334973435179, 49.858137101606467 ], [ 3.800323557405925, 49.850676594977841 ], [ 3.804938275932505, 49.846061332116136 ], [ 3.817074454260288, 49.841532172586824 ], [ 3.834693838871423, 49.837300382369953 ], [ 3.844042342212354, 49.834888294693634 ], [ 3.863490799428754, 49.835943562873084 ], [ 3.876909120308912, 49.833100268777777 ], [ 3.892408997380014, 49.833612584533036 ], [ 3.896603328178868, 49.832216233188184 ], [ 3.906454003002541, 49.833720031606944 ] ] ] } },
{ "type": "Feature", "properties": { "id": null }, "geometry": { "type": "MultiLineString", "coordinates": [ [ [ 3.631549202781052, 49.898113190312841 ], [ 3.646618378841739, 49.905839194302132 ], [ 3.659600562084472, 49.906565796825269 ], [ 3.673132832219433, 49.918356211890291 ], [ 3.698511068810785, 49.924312484052308 ], [ 3.714987390867973, 49.92912092456698 ], [ 3.726217038511677, 49.935584002121239 ], [ 3.742699846180614, 49.940388462794708 ], [ 3.759916429177106, 49.940362951751091 ], [ 3.773985536024839, 49.948275032143918 ], [ 3.771394895080524, 49.95657024569519 ], [ 3.768471320363441, 49.963549094542145 ], [ 3.778838262035149, 49.972879453756022 ], [ 3.779331694930293, 49.980694714991486 ], [ 3.781119353294274, 49.986309269113875 ], [ 3.778653403629481, 49.993637909767862 ], [ 3.774937629980374, 49.998950983117936 ], [ 3.777638490361393, 50.009158700241848 ], [ 3.781887336336822, 50.015232419489976 ], [ 3.788642879152393, 50.017548921272905 ], [ 3.777395348637632, 50.028031675323 ], [ 3.771837810496865, 50.035839945859742 ], [ 3.77070137961266, 50.044539364789088 ], [ 3.773159155544255, 50.048892583922601 ], [ 3.787888121830278, 50.055863805043217 ], [ 3.795024665475896, 50.059173937156444 ], [ 3.803707113914295, 50.06224331780556 ], [ 3.80913317170652, 50.067081730883366 ], [ 3.821575981967803, 50.072301180094378 ], [ 3.828591946581961, 50.076575888372254 ], [ 3.832058869641408, 50.080982226581995 ], [ 3.838701732401634, 50.088156318055859 ], [ 3.848144905157299, 50.093209988036165 ], [ 3.856753555878056, 50.096919828808886 ], [ 3.86285631103599, 50.100493850829999 ], [ 3.890606785153651, 50.104582625828549 ], [ 3.90231248745375, 50.107806038501899 ], [ 3.908543710159037, 50.110410893423264 ], [ 3.914693163852698, 50.113659918969219 ], [ 3.931899787189249, 50.124461850738946 ] ] ] } },
{ "type": "Feature", "properties": { "id": null }, "geometry": { "type": "MultiLineString", "coordinates": [ [ [ 3.906454003002541, 49.833720031606944 ], [ 3.906692516849773, 49.849243079538205 ], [ 3.902224781039477, 49.860684070783819 ], [ 3.902157285312557, 49.869116943736877 ], [ 3.910582903281624, 49.881900060554223 ], [ 3.921518028832433, 49.89871052386404 ], [ 3.918211170045995, 49.908916361360127 ], [ 3.907826764083083, 49.919391235917026 ], [ 3.902858955529428, 49.934699178945976 ], [ 3.903625979804671, 49.9444746188965 ], [ 3.915063756264181, 49.957418266699328 ], [ 3.920506169430206, 49.970039608574254 ], [ 3.921194894395143, 49.980459396977324 ], [ 3.920062652107288, 49.997270986903779 ], [ 3.922589175046461, 50.009086859232383 ], [ 3.927529412611114, 50.017786970704087 ], [ 3.926627093429003, 50.024876889909528 ], [ 3.924558754512916, 50.03320232997855 ], [ 3.92616804335891, 50.044319950949131 ], [ 3.931194216192084, 50.052375312960102 ], [ 3.931967381598142, 50.062150262034756 ], [ 3.928977765788777, 50.06977767584106 ], [ 3.928238500214734, 50.075578429625253 ], [ 3.929586241566615, 50.080841640066872 ], [ 3.932446776774564, 50.090078940033031 ], [ 3.931296634257633, 50.099102306858377 ], [ 3.930474770985751, 50.105547543927813 ], [ 3.933911884200227, 50.110273098364445 ], [ 3.931899787189249, 50.124461850738946 ] ] ] } },
{ "type": "Feature", "properties": { "id": null }, "geometry": { "type": "MultiLineString", "coordinates": [ [ [ 4.437745405139206, 49.777755293249101 ], [ 4.422845189511842, 49.774427475338683 ], [ 4.412847502169577, 49.776366996326054 ], [ 4.401946132322507, 49.777450123492152 ], [ 4.39326795954456, 49.778804529228857 ], [ 4.385558083976019, 49.77615196845904 ], [ 4.374448704615933, 49.779006087796489 ], [ 4.366769826011176, 49.78251645649749 ], [ 4.358789353222795, 49.777902443639029 ], [ 4.357485116754527, 49.772355822039593 ], [ 4.344795960168793, 49.769452010841853 ], [ 4.337787928516611, 49.773642691165698 ], [ 4.330972946108381, 49.780437557574352 ], [ 4.328219197283082, 49.786786887629646 ], [ 4.322512026447187, 49.792663749952261 ], [ 4.310015188019691, 49.796577563876767 ], [ 4.301349936438031, 49.797763640995818 ], [ 4.291265325606162, 49.798228779864537 ], [ 4.276693522709167, 49.802683211089132 ], [ 4.263959318212904, 49.808526485163064 ], [ 4.257513966745339, 49.812092426079019 ], [ 4.247117022089281, 49.81513301529413 ], [ 4.233150619318204, 49.818639803584041 ], [ 4.226890259460243, 49.824808676447411 ], [ 4.212880633393194, 49.828635331381399 ], [ 4.200708197854473, 49.833851985399747 ], [ 4.200649593752656, 49.84098567797092 ], [ 4.200408404145674, 49.847136830987189 ], [ 4.193905822911044, 49.85523815231204 ], [ 4.189935611059309, 49.863144606889342 ], [ 4.18869440324418, 49.869244507098692 ], [ 4.178123856241779, 49.873568134808643 ], [ 4.164830442226414, 49.875479942217702 ], [ 4.142286600968721, 49.874966244253095 ], [ 4.13247230195138, 49.881271383319827 ], [ 4.122655359330052, 49.887575637933153 ], [ 4.114952152116043, 49.893015603650781 ], [ 4.09886153768454, 49.904507416287117 ], [ 4.084582655323358, 49.918362682646148 ], [ 4.059303581475284, 49.913375792170804 ], [ 4.055148652364354, 49.902289680281065 ], [ 4.045111477282381, 49.896085536155141 ], [ 4.031598384763837, 49.891579238800276 ], [ 4.024670994192934, 49.886672236503209 ], [ 4.01828443531476, 49.881468833156099 ], [ 4.016592940669142, 49.874890669575983 ], [ 4.006916426996287, 49.867890549502754 ], [ 3.995422821196878, 49.863388837171321 ], [ 3.984605912673603, 49.861517432646309 ], [ 3.978941528528666, 49.85862098343199 ], [ 3.957863172988325, 49.858472538259001 ], [ 3.94970606295329, 49.855441604564682 ], [ 3.935807687210708, 49.850156097806767 ], [ 3.92719526799444, 49.846774569856827 ], [ 3.925322359225002, 49.845700743350918 ], [ 3.919785789864965, 49.841834508279497 ], [ 3.916530971046535, 49.83581916177193 ], [ 3.906454003002541, 49.833720031606944 ] ] ] } },
{ "type": "Feature", "properties": { "id": null }, "geometry": { "type": "MultiLineString", "coordinates": [ [ [ 4.536518436729427, 49.653683523067883 ], [ 4.542131000189684, 49.659306048806499 ], [ 4.551959230745684, 49.663023552607143 ], [ 4.558684010232298, 49.665455639847735 ], [ 4.572280601801998, 49.669028364249343 ], [ 4.579766427531993, 49.673603650931909 ], [ 4.590396256603683, 49.679139666606545 ], [ 4.598360671322671, 49.686168721491306 ], [ 4.600944609030951, 49.692129525245662 ], [ 4.603334473539325, 49.697594527003616 ], [ 4.609565348762133, 49.702269752220602 ], [ 4.623595503784016, 49.705661805726614 ], [ 4.631373850268353, 49.712192842721507 ], [ 4.643885508840318, 49.716677523773065 ], [ 4.652058766241513, 49.724198482237497 ], [ 4.658883617035263, 49.730357967193299 ], [ 4.659698268468511, 49.736557702540622 ], [ 4.667130951587481, 49.741772423703217 ], [ 4.673818636490927, 49.744681613539257 ], [ 4.682570873913522, 49.747038867043997 ], [ 4.692320262005858, 49.749442182658974 ], [ 4.701893159785718, 49.75345768116798 ], [ 4.705274190440581, 49.754588702326551 ], [ 4.717658956573151, 49.755815942703471 ], [ 4.718224084723095, 49.77127346389409 ] ] ] } },
{ "type": "Feature", "properties": { "id": null }, "geometry": { "type": "MultiLineString", "coordinates": [ [ [ 4.95, 49.7 ], [ 4.977624047515538, 49.704949052674692 ], [ 4.991060373947917, 49.7104078668998 ], [ 4.989825087945802, 49.717485443520758 ], [ 4.994465124997417, 49.725795684919539 ], [ 5.002794263914099, 49.732323499675147 ], [ 5.016936877468772, 49.740727675255592 ], [ 5.01939241482891, 49.746022729902002 ], [ 5.031050064702742, 49.754315492246086 ], [ 5.043575386610549, 49.75907892817915 ], [ 5.056301902096757, 49.761904624370068 ], [ 5.073681114095731, 49.763310527279927 ], [ 5.079233852297183, 49.767766189564199 ], [ 5.076048342756491, 49.774435239778732 ], [ 5.078145243942329, 49.778416408846205 ], [ 5.073129296935137, 49.783384988989191 ], [ 5.066150555500029, 49.787943726109944 ], [ 5.066219115421203, 49.792160910609937 ] ] ] } },
{ "type": "Feature", "properties": { "id": null }, "geometry": { "type": "MultiLineString", "coordinates": [ [ [ 5.066219115421203, 49.792160910609937 ], [ 5.080725515781813, 49.796292806474177 ], [ 5.085787992619626, 49.805589102462704 ], [ 5.089929518565171, 49.823921674120719 ], [ 5.088676441467133, 49.836185458813418 ], [ 5.093084898440109, 49.851935929146507 ], [ 5.116136248969434, 49.862007296344849 ], [ 5.156900051896377, 49.86570012147692 ], [ 5.189999820848038, 49.865812042461833 ], [ 5.212915262923686, 49.867429714775923 ], [ 5.256794448608933, 49.88029290067005 ], [ 5.335809890777776, 49.903662368666147 ], [ 5.356247473991448, 49.910333904221446 ], [ 5.359623574004775, 49.92732451327533 ], [ 5.352556167259769, 49.93805449796546 ], [ 5.350552874509157, 49.948343316188094 ], [ 5.36550585224913, 49.959973138186506 ], [ 5.379215125224865, 49.974142777981818 ], [ 5.379410091561883, 49.992947193714585 ], [ 5.381667573541156, 50.000816733149414 ], [ 5.379307764594528, 50.022109812809603 ], [ 5.373948393948582, 50.025489219901729 ] ] ] } },
{ "type": "Feature", "properties": { "id": null }, "geometry": { "type": "MultiLineString", "coordinates": [ [ [ 5.373948393948582, 50.025489219901729 ], [ 5.346597069335828, 50.035554456516024 ], [ 5.33602763877772, 50.05100171182341 ], [ 5.317334231183188, 50.061901171470453 ], [ 5.295661027066311, 50.067165220331454 ], [ 5.288365667189027, 50.079827135475796 ], [ 5.277990635047699, 50.093009211663343 ], [ 5.269639143870265, 50.095903574641248 ], [ 5.265996216716107, 50.112280975760825 ], [ 5.254261439252901, 50.123784271363427 ], [ 5.226071841438786, 50.133302070836507 ], [ 5.222131176979852, 50.140396796550391 ], [ 5.219643304745222, 50.147584755006285 ], [ 5.222788483297167, 50.156467287926588 ], [ 5.21146478264092, 50.15113073107009 ], [ 5.19809179052871, 50.148623598702464 ], [ 5.195532953136853, 50.143978293423494 ], [ 5.187170729087121, 50.141842929053759 ], [ 5.18298558401815, 50.135832155984488 ], [ 5.188961745708892, 50.129116233896482 ], [ 5.185416561417309, 50.12426690545508 ], [ 5.180077652843297, 50.124689421228666 ], [ 5.173345369956406, 50.116463657925024 ], [ 5.170294040731086, 50.114227599769862 ], [ 5.154368774400751, 50.109661925360285 ], [ 5.13818304924632, 50.107675785596392 ], [ 5.133022130656022, 50.098963316096388 ], [ 5.123247164244018, 50.095952157859912 ], [ 5.115276735623874, 50.090100357991808 ], [ 5.11028591302291, 50.084700049777481 ], [ 5.093187996042915, 50.079426593878317 ], [ 5.076765946687058, 50.082283186408162 ], [ 5.055658679754306, 50.081692666474872 ], [ 5.03933234568916, 50.088437923693341 ], [ 5.02086275521514, 50.09152161963528 ], [ 5.006535615458306, 50.098349853607488 ], [ 4.991308994354817, 50.099301990855928 ], [ 4.98221404725599, 50.103310237318816 ], [ 4.967044104584171, 50.108475861864498 ], [ 4.95776911540252, 50.110334826088398 ], [ 4.955774100298894, 50.119647366718112 ], [ 4.943358501285568, 50.117800275004846 ], [ 4.931776267857872, 50.117609744989998 ], [ 4.920785269685847, 50.121334515331704 ], [ 4.903160976768147, 50.125734273843051 ], [ 4.896183320789486, 50.129636276053084 ], [ 4.872943896033475, 50.129889658716444 ], [ 4.856664978473209, 50.131101117750568 ], [ 4.841716957471498, 50.133991520632762 ], [ 4.82557842032336, 50.137965364069082 ] ] ] } },
{ "type": "Feature", "properties": { "id": null }, "geometry": { "type": "MultiLineString", "coordinates": [ [ [ 4.544119153044691, 50.195965195347618 ], [ 4.590692973534872, 50.213530745527535 ], [ 4.601443126387291, 50.225712994055193 ], [ 4.604419677112749, 50.244011760293553 ], [ 4.60547869599707, 50.252492272517053 ], [ 4.625359796274386, 50.273532907711072 ], [ 4.63470125980389, 50.280456875438119 ], [ 4.651741201918156, 50.290982946593758 ], [ 4.660066990994238, 50.304276734177975 ], [ 4.6770904218375, 50.308313155343122 ], [ 4.700308835040501, 50.313606991088569 ], [ 4.72743906496566, 50.31794166436498 ], [ 4.74391495904954, 50.322428774062196 ], [ 4.74455295462205, 50.337209438330419 ], [ 4.747458697359685, 50.3475553508475 ], [ 4.765830217310519, 50.362500155380161 ], [ 4.76910139019232, 50.371889347968576 ], [ 4.782951109443722, 50.377384509165708 ], [ 4.785644359449815, 50.38285640193503 ], [ 4.79984038926247, 50.387554621902375 ], [ 4.803843956070115, 50.388060627208716 ], [ 4.813246327209868, 50.392539356145953 ], [ 4.822592587864905, 50.395231715562801 ], [ 4.828010944007235, 50.399042600039827 ], [ 4.825513350808595, 50.403306151825028 ], [ 4.817277480886994, 50.406661713014842 ], [ 4.809652021387721, 50.409071848307811 ], [ 4.811215402707303, 50.415626331933716 ], [ 4.811352135847632, 50.421305693415398 ], [ 4.817299931004061, 50.42724812706544 ], [ 4.815788358116457, 50.429448976289301 ], [ 4.821609013694972, 50.43425074208745 ], [ 4.830658083881132, 50.437414915653036 ], [ 4.832449901955817, 50.439602882036795 ], [ 4.847266759146376, 50.445781106058178 ], [ 4.85054102553846, 50.448359565775093 ], [ 4.844556417135808, 50.451980506882016 ], [ 4.844203377199421, 50.455206321517601 ], [ 4.850300406081884, 50.459856722302291 ], [ 4.867, 50.467 ] ] ] } },
{ "type": "Feature", "properties": { "id": null }, "geometry": { "type": "MultiLineString", "coordinates": [ [ [ 3.347919560291859, 49.661798512009405 ], [ 3.318103307482213, 49.654388085379907 ], [ 3.298469566059634, 49.655172202468009 ], [ 3.27034167476036, 49.64505641628805 ], [ 3.250617727086337, 49.635760766945658 ], [ 3.241637991626598, 49.628404308410296 ], [ 3.219491650707656, 49.615060764053837 ], [ 3.18171053904243, 49.610509888581944 ], [ 3.153266618999587, 49.602941164360089 ], [ 3.130598563120241, 49.59701590080941 ], [ 3.096230825365395, 49.585498423423324 ], [ 3.083664214857263, 49.582454645776849 ], [ 3.047571965012301, 49.579584468534442 ], [ 3.032980926578168, 49.576734686120354 ], [ 2.993498416852228, 49.573629447485764 ] ] ] } },
{ "type": "Feature", "properties": { "id": null }, "geometry": { "type": "MultiLineString", "coordinates": [ [ [ 3.219491650707655, 49.615060764053844 ], [ 3.20733959714839, 49.633163495979815 ], [ 3.205351255335008, 49.651552946157693 ], [ 3.202659467960304, 49.659995991694707 ], [ 3.182069364034196, 49.663949791933881 ], [ 3.168864424920736, 49.663476161214497 ], [ 3.152889843562094, 49.671925666671612 ], [ 3.146334974870261, 49.67574952781316 ], [ 3.137639251638321, 49.677007390527081 ], [ 3.135235887122685, 49.68157005836148 ], [ 3.130813832022567, 49.689744462449234 ], [ 3.123349877909489, 49.697798530397513 ], [ 3.113761872416282, 49.692992593535898 ], [ 3.10901741711754, 49.701633827808131 ], [ 3.105362448416951, 49.707905800137389 ], [ 3.102198338362959, 49.715993797503394 ], [ 3.094072533229396, 49.720206305602993 ], [ 3.092605126380679, 49.72693643711132 ], [ 3.087147697938573, 49.730012626051405 ], [ 3.082360004486557, 49.735402880955334 ], [ 3.076658464459099, 49.736677526960271 ], [ 3.070452899336645, 49.739707179902823 ], [ 3.071902467997648, 49.745316960864734 ] ] ] } },
{ "type": "Feature", "properties": { "id": null }, "geometry": { "type": "MultiLineString", "coordinates": [ [ [ 2.842456406424761, 49.419775122059271 ], [ 2.87649869508897, 49.417455253810374 ], [ 2.907099058303016, 49.416142461945135 ], [ 2.939574172251379, 49.40876741609798 ], [ 2.963104027497106, 49.401148386083868 ], [ 3.005179828514577, 49.403418591794754 ], [ 3.025334061873428, 49.400124248469865 ], [ 3.093410255980807, 49.390851134327264 ], [ 3.129235865258404, 49.396035839474912 ], [ 3.161875783192801, 49.39770238398733 ], [ 3.196091967985853, 49.393804211391959 ], [ 3.226216947620631, 49.388480252688822 ], [ 3.270112719725705, 49.38072714374244 ], [ 3.299422759149706, 49.381180407945095 ], [ 3.325535273620053, 49.383835648016564 ] ] ] } },
{ "type": "Feature", "properties": { "id": null }, "geometry": { "type": "MultiLineString", "coordinates": [ [ [ 3.093410255980807, 49.390851134327264 ], [ 3.100315458779886, 49.405370881602572 ], [ 3.110883814025044, 49.418685521760516 ], [ 3.109156830075134, 49.427348551980877 ], [ 3.100564608085502, 49.431693148435251 ], [ 3.100199373600012, 49.451806809520832 ], [ 3.099265487809853, 49.465390025753621 ], [ 3.084312272778086, 49.477202954389796 ], [ 3.078619949506519, 49.485621939499524 ], [ 3.07087716518977, 49.487418862383485 ], [ 3.049142632093834, 49.489326217708715 ], [ 3.042439394580647, 49.501253983184036 ], [ 3.037231591104525, 49.509701288220754 ], [ 3.027720443761588, 49.513334880058046 ], [ 3.025571685177837, 49.521321630521093 ], [ 3.026763849683248, 49.526916963983318 ], [ 3.035508476940607, 49.535577930219368 ], [ 3.037322024547291, 49.543809782635641 ], [ 3.043099071693323, 49.552286405639272 ], [ 3.043488067060386, 49.556532634018254 ], [ 3.029401263308241, 49.56410640416528 ], [ 3.021674818693939, 49.569149574193155 ], [ 3.004903337665027, 49.571032804752413 ], [ 2.993498416852225, 49.573629447485771 ] ] ] } },
{ "type": "Feature", "properties": { "id": null }, "geometry": { "type": "MultiLineString", "coordinates": [ [ [ 3.021674818693939, 49.569149574193155 ], [ 3.032980926578168, 49.576734686120354 ] ] ] } },
{ "type": "Feature", "properties": { "id": null }, "geometry": { "type": "MultiLineString", "coordinates": [ [ [ 4.033, 49.25 ], [ 4.025222880111148, 49.226001230922215 ], [ 4.043682426361556, 49.210109726344427 ], [ 4.089920398677663, 49.204770076296661 ], [ 4.140715897405014, 49.188834464659998 ], [ 4.176139167039854, 49.168617960740505 ], [ 4.214758223955436, 49.145095713681535 ], [ 4.227977804987502, 49.136477083986115 ], [ 4.268844255871493, 49.094928313307157 ], [ 4.313112390142197, 49.042682217024563 ], [ 4.332681202002397, 49.009934889628262 ], [ 4.367, 48.95 ] ] ] } },
{ "type": "Feature", "properties": { "id": null }, "geometry": { "type": "MultiLineString", "coordinates": [ [ [ 4.257109973038119, 48.683414712624142 ], [ 4.283183779167364, 48.709637031072674 ], [ 4.299015784910533, 48.728404907684798 ], [ 4.313216747751253, 48.738650203544836 ], [ 4.299798064055673, 48.766646680525092 ], [ 4.332716790843573, 48.77936048057618 ], [ 4.38274811661647, 48.797254837736318 ], [ 4.367423699559149, 48.813957430804727 ], [ 4.355952464523612, 48.834141382354005 ], [ 4.343203137894765, 48.848203066740084 ], [ 4.319952582901482, 48.856537336823912 ], [ 4.30698895856395, 48.872314976527889 ], [ 4.327291898204874, 48.88978933651881 ], [ 4.350872293392235, 48.907425390455472 ], [ 4.357295764231987, 48.925919350649117 ], [ 4.367, 48.95 ] ] ] } },
{ "type": "Feature", "properties": { "id": null }, "geometry": { "type": "MultiLineString", "coordinates": [ [ [ 3.722042593211596, 48.723577793742457 ], [ 3.740619854063127, 48.711207358661802 ], [ 3.76102874212201, 48.699802803158803 ], [ 3.781701485199052, 48.691439569859632 ], [ 3.808907680665111, 48.677810420863196 ], [ 3.841410176938103, 48.66879742525272 ], [ 3.862055934215864, 48.660418881087622 ], [ 3.882272186166084, 48.655475589490116 ], [ 3.917084828817284, 48.664746361905316 ], [ 3.936365577747137, 48.683545290916499 ], [ 3.938765418028541, 48.70142029940768 ], [ 3.967124501598461, 48.699501890891987 ], [ 4.019206069327615, 48.690633886985111 ], [ 4.052070327073937, 48.683743879474093 ], [ 4.088516244092897, 48.679631614519892 ], [ 4.126600193248577, 48.678190574086443 ], [ 4.178373802183018, 48.677022363766497 ], [ 4.203710631048537, 48.672722761808991 ], [ 4.257109973038119, 48.683414712624142 ] ] ] } },
{ "type": "Feature", "properties": { "id": null }, "geometry": { "type": "MultiLineString", "coordinates": [ [ [ 5.198017535421787, 49.493428565312037 ], [ 5.218936130988379, 49.496695174233039 ], [ 5.237726609890387, 49.49122373081979 ], [ 5.277950432628961, 49.504153467178369 ], [ 5.301372587693112, 49.515936914061825 ], [ 5.325986467809674, 49.518904827115016 ], [ 5.339483089559792, 49.52702655352784 ], [ 5.367271547452607, 49.521241945411113 ] ] ] } },
{ "type": "Feature", "properties": { "id": null }, "geometry": { "type": "MultiLineString", "coordinates": [ [ [ 5.341203256519974, 49.25641657887104 ], [ 5.36537070133453, 49.263208620241095 ], [ 5.402486711522071, 49.279429310782866 ], [ 5.414726740561183, 49.30391592850777 ], [ 5.46277362340795, 49.297612410340449 ], [ 5.486753296714848, 49.31348795881933 ], [ 5.510075293766528, 49.336678040918031 ], [ 5.532711147907255, 49.353136977336661 ], [ 5.528788899364056, 49.393774818936386 ], [ 5.57394352733759, 49.428833236379134 ], [ 5.595437940864556, 49.443935774368917 ], [ 5.584353044579429, 49.452143897734302 ], [ 5.544392370225494, 49.473688587169129 ], [ 5.511749822707702, 49.486005007126508 ], [ 5.489756677163421, 49.487071534342903 ], [ 5.465406881614276, 49.495601446556606 ], [ 5.43430547311729, 49.513014617422655 ], [ 5.403023466407669, 49.517361461489109 ], [ 5.381876458437965, 49.512823899608925 ], [ 5.367271547452607, 49.521241945411113 ] ] ] } },
{ "type": "Feature", "properties": { "id": null }, "geometry": { "type": "MultiLineString", "coordinates": [ [ [ 5.595437940864556, 49.443935774368917 ], [ 5.600451909199533, 49.455193672393783 ], [ 5.633260156254422, 49.473754091787399 ], [ 5.646379331217087, 49.47166921350339 ], [ 5.668935457581694, 49.47901973328598 ], [ 5.688255919560618, 49.48926629536443 ], [ 5.71285932263532, 49.492365140294588 ], [ 5.750358576939827, 49.496723114725803 ] ] ] } },
{ "type": "Feature", "properties": { "id": null }, "geometry": { "type": "MultiLineString", "coordinates": [ [ [ 6.131099811315479, 49.610202858813011 ], [ 6.145538039412267, 49.587465503371185 ], [ 6.162246065520626, 49.569461277004358 ], [ 6.174594737426917, 49.539212885245583 ], [ 6.192881817591736, 49.509163913160869 ], [ 6.179072666334371, 49.460362217257078 ], [ 6.179072666334371, 49.460362217257078 ], [ 6.179072666334371, 49.460362217257078 ], [ 6.179072666334371, 49.460362217257078 ], [ 6.154022669087007, 49.409186807258379 ], [ 6.166158961916122, 49.357975433946166 ] ] ] } },
{ "type": "Feature", "properties": { "id": null }, "geometry": { "type": "MultiLineString", "coordinates": [ [ [ 6.166158961916122, 49.357975433946166 ], [ 6.117342974929207, 49.361836006776052 ], [ 6.092895325623652, 49.378052802902083 ], [ 6.071244129405965, 49.38399466274624 ], [ 6.033234923587204, 49.379421158137404 ], [ 5.991944082298368, 49.39070201759241 ], [ 5.942867970304492, 49.41572844167699 ], [ 5.920657839606478, 49.440544622219122 ], [ 5.894002309123082, 49.446272382856186 ], [ 5.860734600498952, 49.459527824630342 ], [ 5.83297458261961, 49.474057843514615 ], [ 5.80932475877664, 49.494566916336446 ], [ 5.768071967684596, 49.512956888204592 ] ] ] } },
{ "type": "Feature", "properties": { "id": null }, "geometry": { "type": "MultiLineString", "coordinates": [ [ [ 5.942867970304492, 49.41572844167699 ], [ 5.928990081031277, 49.405074978480322 ], [ 5.901305606654253, 49.372099992367104 ], [ 5.919251935204155, 49.327605159994604 ], [ 5.942260721331041, 49.317205334838576 ], [ 5.967327103661787, 49.290544339209234 ], [ 6.007172153888185, 49.291967598735056 ], [ 6.005338822405611, 49.273973663814481 ], [ 6.047171577817932, 49.250613200256666 ], [ 6.084166104135102, 49.258389697304722 ], [ 6.100549283273914, 49.255719886784526 ], [ 6.143154676161202, 49.255247554156767 ], [ 6.171128816124226, 49.253656315446783 ] ] ] } },
{ "type": "Feature", "properties": { "id": null }, "geometry": { "type": "MultiLineString", "coordinates": [ [ [ 6.131099811315479, 49.610202858813011 ], [ 6.201851862127096, 49.626864402338128 ], [ 6.227617754947558, 49.646083706244085 ], [ 6.304612328300837, 49.667457126304932 ], [ 6.355498889404029, 49.68098497782232 ], [ 6.381221556383883, 49.693039332742117 ], [ 6.410815042953819, 49.706937717651584 ], [ 6.47114003927304, 49.704343505578422 ], [ 6.491691438093972, 49.728517635825611 ], [ 6.533075003550971, 49.73670158295203 ], [ 6.563116513057799, 49.749924147858756 ], [ 6.604489086142081, 49.739728992768377 ], [ 6.633, 49.75 ] ] ] } },
{ "type": "Feature", "properties": { "id": null }, "geometry": { "type": "MultiLineString", "coordinates": [ [ [ 6.131099811315479, 49.610202858813011 ], [ 6.063176822406419, 49.62138383871163 ], [ 6.037524617876508, 49.621999005846419 ], [ 5.995922981094898, 49.642562958447478 ], [ 5.918891460033298, 49.660543256943448 ], [ 5.915419104251728, 49.687460307204432 ], [ 5.911695859278345, 49.7078451242743 ], [ 5.922378665472687, 49.723349913028116 ], [ 5.884049142285609, 49.731250304362369 ], [ 5.856485351326195, 49.757244377777759 ], [ 5.856908149590752, 49.786462441068899 ], [ 5.868957881277009, 49.809365586026601 ], [ 5.852255942562744, 49.828843031770433 ], [ 5.819782075746533, 49.841258289250057 ], [ 5.790656331051562, 49.839662619643761 ], [ 5.745526956465645, 49.837719359602517 ], [ 5.726746728499108, 49.857318063798047 ], [ 5.699550619283439, 49.896036334565061 ], [ 5.725574426367095, 49.975601279599232 ], [ 5.715305384055537, 50.000486902200642 ] ] ] } },
{ "type": "Feature", "properties": { "id": null }, "geometry": { "type": "MultiLineString", "coordinates": [ [ [ 5.715305384055537, 50.000486902200642 ], [ 5.637951151464198, 50.012796598986128 ], [ 5.566584475542887, 50.046847283985635 ], [ 5.538132473940356, 50.060425017518938 ], [ 5.542544703805254, 50.077879628779328 ], [ 5.532563354017426, 50.087641553901278 ], [ 5.493864314565283, 50.091949755526485 ], [ 5.45544348863266, 50.128488202888775 ], [ 5.447125106417047, 50.148679280482924 ], [ 5.423298396909104, 50.151613941546863 ], [ 5.403369985642637, 50.162910381662854 ], [ 5.37360516499194, 50.16797195151009 ], [ 5.367849511114416, 50.212545337506562 ], [ 5.341315703938641, 50.22550825830038 ], [ 5.246590354016329, 50.266327140853619 ], [ 5.175042005425911, 50.289342042812507 ], [ 5.114020226354682, 50.324778632471393 ], [ 5.072604066865195, 50.348887933846967 ], [ 5.052548356941455, 50.366173282676719 ], [ 4.987063454700022, 50.390766984207225 ], [ 4.94022267265841, 50.419435530966062 ], [ 4.867, 50.467 ] ] ] } },
{ "type": "Feature", "properties": { "id": null }, "geometry": { "type": "MultiLineString", "coordinates": [ [ [ 5.341315703938641, 50.22550825830038 ], [ 5.343277819731536, 50.253587430287112 ], [ 5.353708803029588, 50.298516249296796 ], [ 5.337219900387258, 50.322041303602951 ], [ 5.346023843369181, 50.35610166532183 ], [ 5.337668095713914, 50.395598593540811 ], [ 5.344795563126689, 50.433046250701516 ], [ 5.370362002332445, 50.462165586155017 ], [ 5.397270184830197, 50.505589163418207 ], [ 5.44109359912541, 50.540172602266786 ], [ 5.493979372117515, 50.547444347552812 ], [ 5.547376291288636, 50.563782807875356 ], [ 5.547836454522678, 50.587559974812542 ], [ 5.541547832145052, 50.603731705375338 ], [ 5.567, 50.633 ] ] ] } },
{ "type": "Feature", "properties": { "id": null }, "geometry": { "type": "MultiLineString", "coordinates": [ [ [ 5.567667368258099, 50.632360674063001 ], [ 5.472713531068992, 50.641390600951453 ], [ 5.374608281341583, 50.664273322664236 ], [ 5.250850129775377, 50.690772812060523 ], [ 5.173840884656441, 50.728661781965251 ], [ 5.089040521983659, 50.744738805180951 ], [ 5.045323826171678, 50.764300766477909 ], [ 5.00818536729951, 50.770476775028605 ], [ 4.990350766729248, 50.761924389267591 ], [ 4.970704050286138, 50.748104054982299 ], [ 4.958385458640648, 50.761178691089377 ], [ 4.955958538581759, 50.771012145545541 ], [ 4.942507159383855, 50.788141366936664 ], [ 4.933596383551161, 50.806434234558246 ] ] ] } },
{ "type": "Feature", "properties": { "id": null }, "geometry": { "type": "MultiLineString", "coordinates": [ [ [ 5.567667368258099, 50.632360674063001 ], [ 5.573721633107045, 50.6693823751134 ], [ 5.58373190243019, 50.718967799122808 ], [ 5.567607600261588, 50.766944656021558 ], [ 5.571450287414157, 50.801130828381027 ], [ 5.616099838899777, 50.819465972570342 ], [ 5.683, 50.85 ] ] ] } },
{ "type": "Feature", "properties": { "id": null }, "geometry": { "type": "MultiLineString", "coordinates": [ [ [ 6.1, 50.767 ], [ 6.055181443624325, 50.740218089418832 ], [ 6.018735687608282, 50.716509335018188 ], [ 5.960979713209301, 50.687939767976538 ], [ 5.919465563753859, 50.672656235397241 ], [ 5.877937408242554, 50.649323316961144 ], [ 5.825571365191088, 50.645923770770359 ] ] ] } },
{ "type": "Feature", "properties": { "id": null }, "geometry": { "type": "MultiLineString", "coordinates": [ [ [ 6.1, 50.767 ], [ 6.13049598823677, 50.78763561898478 ], [ 6.172037181646461, 50.804565948912384 ], [ 6.188608128314136, 50.835339437631283 ], [ 6.22235837044621, 50.864945612075282 ], [ 6.271101905710859, 50.895456928238666 ], [ 6.324168480891196, 50.915289667993356 ], [ 6.361176855543597, 50.92421354392328 ] ] ] } },
{ "type": "Feature", "properties": { "id": null }, "geometry": { "type": "MultiLineString", "coordinates": [ [ [ 5.683, 50.85 ], [ 5.674062282631983, 50.89831954134786 ] ] ] } },
{ "type": "Feature", "properties": { "id": null }, "geometry": { "type": "MultiLineString", "coordinates": [ [ [ 5.694392238648796, 50.951771908784636 ], [ 5.724206574341377, 51.002373199662578 ], [ 5.735487694198386, 51.03604484841415 ], [ 5.773352481046674, 51.08666618384165 ], [ 5.788782402843879, 51.098024206178557 ], [ 5.80830504893572, 51.147531669160408 ], [ 5.771384929143385, 51.144119986291187 ], [ 5.742655445601217, 51.146525102579815 ], [ 5.737891449756597, 51.172047143119343 ], [ 5.727203243304841, 51.183531215988488 ], [ 5.720070997267181, 51.203308019236211 ], [ 5.721534977291155, 51.220853051369467 ], [ 5.704088086562771, 51.253412311007764 ] ] ] } },
{ "type": "Feature", "properties": { "id": null }, "geometry": { "type": "MultiLineString", "coordinates": [ [ [ 5.704088086562771, 51.253412311007764 ], [ 5.753854246794197, 51.28366530458694 ], [ 5.742290474148179, 51.348886500307415 ], [ 5.735732590682607, 51.389673783142925 ], [ 5.69759535070606, 51.413321750610393 ], [ 5.693622755426583, 51.440814991612463 ], [ 5.657153142800134, 51.475310020537385 ] ] ] } },
{ "type": "Feature", "properties": { "id": null }, "geometry": { "type": "MultiLineString", "coordinates": [ [ [ 5.657153142800134, 51.475310020537385 ], [ 5.639523081998147, 51.527256529642045 ], [ 5.616362975850871, 51.555542869338275 ], [ 5.519053367552194, 51.620054926409992 ], [ 5.40966755691088, 51.658149046903638 ], [ 5.307274303868375, 51.697547791407274 ] ] ] } },
{ "type": "Feature", "properties": { "id": null }, "geometry": { "type": "MultiLineString", "coordinates": [ [ [ 5.307274303868375, 51.697547791407274 ], [ 5.353170033084536, 51.700846245813281 ], [ 5.428988736223195, 51.71462379100565 ], [ 5.526752803307452, 51.739123093667544 ], [ 5.577000726884108, 51.730661867492906 ], [ 5.664122446692391, 51.736503708470366 ], [ 5.712831860505057, 51.743906721327477 ], [ 5.743246659964044, 51.756099085133414 ] ] ] } },
{ "type": "Feature", "properties": { "id": null }, "geometry": { "type": "MultiLineString", "coordinates": [ [ [ 4.453565984280899, 51.673635507463935 ], [ 4.534575380538252, 51.663289920920185 ] ] ] } },
{ "type": "Feature", "properties": { "id": null }, "geometry": { "type": "MultiLineString", "coordinates": [ [ [ 4.427766753874486, 51.232757738185391 ], [ 4.457580249113524, 51.263506385614278 ], [ 4.500960380075945, 51.270081411543515 ], [ 4.520339903689083, 51.292609828966192 ], [ 4.587492093483728, 51.319958920440783 ], [ 4.641615374756248, 51.364820763640701 ], [ 4.682206758604805, 51.396070582507072 ], [ 4.718224838629883, 51.431418924578175 ], [ 4.747270905235294, 51.515708432988717 ], [ 4.743198895216634, 51.550963660477279 ], [ 4.771929487874641, 51.588602403464691 ] ] ] } },
{ "type": "Feature", "properties": { "id": null }, "geometry": { "type": "MultiLineString", "coordinates": [ [ [ 4.417, 51.217 ], [ 4.484112523643693, 51.231220464947206 ], [ 4.541638006957369, 51.234260792756132 ], [ 4.585939265204195, 51.239899023329009 ], [ 4.627713591052988, 51.25837027828743 ], [ 4.646154225436412, 51.273160159224901 ], [ 4.698193979236033, 51.297262294302875 ], [ 4.734483483711245, 51.302086625761483 ], [ 4.806305911191689, 51.303045006660696 ], [ 4.859023558044944, 51.312840067773919 ], [ 4.950613155025269, 51.322358095723722 ], [ 5.189668905669925, 51.287097849324375 ], [ 5.249469405342549, 51.305058241770197 ], [ 5.274143355067349, 51.31157055977112 ], [ 5.290024165090424, 51.307548394504437 ], [ 5.318886585537546, 51.316164312922041 ], [ 5.349842259434147, 51.311896764035772 ], [ 5.381381896404078, 51.296628967389616 ], [ 5.415702661460211, 51.263644230455718 ], [ 5.477387841757581, 51.253747886312134 ], [ 5.484533415959794, 51.229922770008741 ], [ 5.4668401208857, 51.199915289734506 ], [ 5.497290529704982, 51.18927455442784 ], [ 5.516786752901014, 51.190352430654862 ], [ 5.524734362841921, 51.182883893899152 ], [ 5.578834735848143, 51.171626910983228 ] ] ] } },
{ "type": "Feature", "properties": { "id": null }, "geometry": { "type": "MultiLineString", "coordinates": [ [ [ 5.862404893118945, 51.848250339055973 ], [ 5.911408896054023, 51.835559714650394 ], [ 5.959543868985111, 51.839408886954516 ], [ 5.988870124506351, 51.836040961671998 ], [ 6.015795828466893, 51.859784986419882 ], [ 6.056677043538294, 51.858976271130501 ], [ 6.0985627774897, 51.832930486094959 ], [ 6.112991933997997, 51.824762854171503 ], [ 6.17361293302726, 51.817280080978797 ], [ 6.189006584954257, 51.825307875377568 ], [ 6.225922373966084, 51.824555613806218 ], [ 6.244217662059041, 51.832187580852668 ], [ 6.2292985805557, 51.840447815930375 ], [ 6.176947939384996, 51.863041872828902 ], [ 6.158843695477953, 51.86828052305178 ], [ 6.129235722483733, 51.902279870003774 ], [ 6.087815836638391, 51.91791065464318 ], [ 6.083205502007462, 51.934756827282996 ], [ 6.036498612911271, 51.950049304951769 ], [ 5.986414666745087, 51.9604977416015 ], [ 5.917, 51.983 ] ] ] } },
{ "type": "Feature", "properties": { "id": null }, "geometry": { "type": "MultiLineString", "coordinates": [ [ [ 5.133, 52.083 ], [ 5.048415985449796, 52.118309466688096 ], [ 4.996133187644549, 52.16179725839698 ], [ 4.985909183374068, 52.224552387306474 ], [ 4.952960445926483, 52.277592919783366 ], [ 4.923503709293126, 52.313277411824586 ], [ 4.917, 52.35 ] ] ] } },
{ "type": "Feature", "properties": { "id": null }, "geometry": { "type": "MultiLineString", "coordinates": [ [ [ 4.7, 52.017 ], [ 4.770022374257877, 51.977193720049499 ], [ 4.779989714753328, 51.938937582489437 ], [ 4.858191766597506, 51.936543933183259 ], [ 4.888783256351632, 51.902875240266525 ], [ 4.916475671980432, 51.845741768428951 ], [ 4.953755154773817, 51.842486660300537 ], [ 4.977485142254406, 51.824145699231487 ] ] ] } },
{ "type": "Feature", "properties": { "id": null }, "geometry": { "type": "MultiLineString", "coordinates": [ [ [ 4.77850866387616, 51.589750077584164 ], [ 4.765385133809035, 51.624805667052392 ], [ 4.755572882685462, 51.669095513692511 ], [ 4.687313247963272, 51.657268647656331 ], [ 4.649830551186892, 51.69640570230883 ], [ 4.630152989260245, 51.736835654223299 ], [ 4.667, 51.8 ], [ 4.603248188061678, 51.836057903324125 ], [ 4.531250049902457, 51.872603517518257 ], [ 4.5, 51.917 ] ] ] } },
{ "type": "Feature", "properties": { "id": null }, "geometry": { "type": "MultiLineString", "coordinates": [ [ [ 4.977485142254406, 51.824145699231494 ], [ 5.00408201841969, 51.816174845840088 ] ] ] } },
{ "type": "Feature", "properties": { "id": null }, "geometry": { "type": "MultiLineString", "coordinates": [ [ [ 5.743246659964044, 51.756099085133414 ], [ 5.73343826190682, 51.767928051296558 ], [ 5.74524661890929, 51.775643574994021 ], [ 5.75870528616476, 51.79920610201205 ], [ 5.773144823713136, 51.81872112375531 ], [ 5.827581015344964, 51.826689185393185 ], [ 5.817593352833692, 51.837118818642331 ] ] ] } },
{ "type": "Feature", "properties": { "id": null }, "geometry": { "type": "MultiLineString", "coordinates": [ [ [ 5.827581015344964, 51.826689185393185 ], [ 5.854388900556505, 51.833709467669856 ], [ 5.862404893118945, 51.848250339055973 ] ] ] } },
{ "type": "Feature", "properties": { "id": null }, "geometry": { "type": "MultiLineString", "coordinates": [ [ [ 5.307274303868375, 51.697547791407274 ], [ 5.263821648147641, 51.734769594655425 ], [ 5.274559200052168, 51.761924699919113 ], [ 5.259603185635048, 51.792424656007228 ], [ 5.177457761886601, 51.790539281865719 ], [ 5.090405699430582, 51.804916779603786 ], [ 5.043875451956141, 51.790665958892269 ], [ 5.030851694879741, 51.784282932982705 ], [ 5.00408201841969, 51.816174845840088 ] ] ] } },
{ "type": "Feature", "properties": { "id": null }, "geometry": { "type": "MultiLineString", "coordinates": [ [ [ 5.567667368258099, 50.632360674063001 ], [ 5.599892495294572, 50.636033886737543 ], [ 5.621655890499728, 50.628117156668033 ], [ 5.67785914152847, 50.615421892072426 ], [ 5.739788951473059, 50.631824609535009 ], [ 5.82557136519109, 50.645923770770359 ] ] ] } },
{ "type": "Feature", "properties": { "id": null }, "geometry": { "type": "MultiLineString", "coordinates": [ [ [ 6.633, 49.75 ], [ 6.668055705827769, 49.763956919374422 ], [ 6.69929305262545, 49.778715318846189 ], [ 6.712894299654999, 49.799269323626852 ], [ 6.748843264067239, 49.811477933588506 ], [ 6.778708072013318, 49.79144365638426 ], [ 6.83453446741723, 49.781116047294859 ], [ 6.881866552912146, 49.774170926323166 ], [ 6.902892416715893, 49.779604557607868 ] ] ] } },
{ "type": "Feature", "properties": { "id": null }, "geometry": { "type": "MultiLineString", "coordinates": [ [ [ 8.117563700079653, 49.19554514546121 ], [ 8.1538556284771, 49.166195947171737 ], [ 8.163156721816978, 49.140127195929459 ], [ 8.18000234831046, 49.104711365217469 ], [ 8.203690210050222, 49.078507654493258 ], [ 8.228987094464024, 49.05305286528683 ], [ 8.284240338096348, 49.037743227372545 ] ] ] } },
{ "type": "Feature", "properties": { "id": null }, "geometry": { "type": "MultiLineString", "coordinates": [ [ [ 7.780220849778789, 48.81855733777855 ], [ 7.821957854963298, 48.829871386075929 ], [ 7.909430454728052, 48.834823705635173 ], [ 7.950374848698224, 48.831576846684207 ], [ 7.994692497838789, 48.857989022910097 ], [ 8.040808576430438, 48.856804954101072 ], [ 8.08258071737175, 48.860881557649606 ] ] ] } },
{ "type": "Feature", "properties": { "id": null }, "geometry": { "type": "MultiLineString", "coordinates": [ [ [ 7.953268764840712, 48.758632604923598 ], [ 7.95550429316827, 48.784645505923216 ], [ 7.955445833448636, 48.812874401431422 ], [ 7.950374848698224, 48.831576846684207 ] ] ] } },
{ "type": "Feature", "properties": { "id": null }, "geometry": { "type": "MultiLineString", "coordinates": [ [ [ 8.055088024587512, 48.80205255080935 ], [ 8.041321073486518, 48.818641311601418 ], [ 8.034996431385075, 48.828191647244644 ] ] ] } },
{ "type": "Feature", "properties": { "id": null }, "geometry": { "type": "MultiLineString", "coordinates": [ [ [ 6.747689377313684, 49.315535753583951 ], [ 6.801289645130852, 49.273000294832855 ], [ 6.839534881457498, 49.262708088006917 ], [ 6.857766626359196, 49.249385629542715 ], [ 6.876379326273377, 49.22992255239339 ], [ 6.845503406024981, 49.22106608024108 ], [ 6.828648506114097, 49.213212789910187 ], [ 6.893194702064944, 49.186735309154145 ] ] ] } },
{ "type": "Feature", "properties": { "id": null }, "geometry": { "type": "MultiLineString", "coordinates": [ [ [ 6.706925918080671, 49.104249873890097 ], [ 6.745060177255739, 49.10813159279418 ], [ 6.764633811068058, 49.123763704907894 ], [ 6.798368257336828, 49.13795275614919 ], [ 6.826120402835225, 49.15073216911648 ], [ 6.858741995590806, 49.160873953112059 ], [ 6.893194702064944, 49.186735309154145 ] ] ] } },
{ "type": "Feature", "properties": { "id": null }, "geometry": { "type": "MultiLineString", "coordinates": [ [ [ 6.706925918080671, 49.104249873890097 ], [ 6.711930287681543, 49.127456278248623 ], [ 6.708268688302238, 49.161168932157565 ], [ 6.680484502874635, 49.176952473073023 ], [ 6.696140479247962, 49.209082386904939 ], [ 6.69761441154832, 49.242945136629238 ], [ 6.708316712886628, 49.269545858177715 ], [ 6.747689377313684, 49.315535753583951 ] ] ] } },
{ "type": "Feature", "properties": { "id": null }, "geometry": { "type": "MultiLineString", "coordinates": [ [ [ 6.893194702064944, 49.186735309154145 ], [ 6.918081739183292, 49.177215429733806 ], [ 6.948215029479924, 49.167587175250908 ], [ 6.972367906474474, 49.155945237836612 ], [ 7.02339541058904, 49.149011464170925 ], [ 7.045878434443216, 49.141306160759257 ], [ 7.042081231235393, 49.118765146234203 ], [ 7.068808879828647, 49.110245285604897 ] ] ] } },
{ "type": "Feature", "properties": { "id": null }, "geometry": { "type": "MultiLineString", "coordinates": [ [ [ 7.068808879828647, 49.110245285604897 ], [ 7.086774833013974, 49.105672432470513 ], [ 7.117243993102654, 49.112916046162987 ], [ 7.16131866469542, 49.103589907361695 ], [ 7.207332558675279, 49.092758162339059 ], [ 7.262369132202467, 49.095961145327607 ], [ 7.299801008734998, 49.104554180906803 ], [ 7.348022074585794, 49.095562695161227 ], [ 7.378953711422103, 49.08584012848042 ], [ 7.387747645922315, 49.061148519419376 ], [ 7.428486866116216, 49.051026434357965 ] ] ] } },
{ "type": "Feature", "properties": { "id": null }, "geometry": { "type": "MultiLineString", "coordinates": [ [ [ 7.262369132202467, 49.095961145327607 ], [ 7.285892619095555, 49.079227972061226 ], [ 7.264829647237421, 49.071030837034861 ], [ 7.259912628656733, 49.054311653332086 ], [ 7.240353961034629, 49.052908982957703 ], [ 7.223701145495673, 49.045580797883986 ], [ 7.18818214806974, 49.041312641031944 ], [ 7.16091571534303, 49.029373219965159 ], [ 7.131793237335875, 48.999733867004387 ], [ 7.083947679913344, 49.01110054536619 ], [ 7.054021648765525, 48.995867468282171 ], [ 7.028863900951391, 49.002580024623072 ], [ 7.038504751691851, 49.02097371358051 ], [ 7.025716860011229, 49.047072746814827 ], [ 7.024179664739641, 49.072547707520329 ], [ 7.027064247644395, 49.086765519389672 ], [ 7.068808879828647, 49.110245285604897 ] ] ] } },
{ "type": "Feature", "properties": { "id": null }, "geometry": { "type": "MultiLineString", "coordinates": [ [ [ 7.428486866116215, 49.051026434357972 ], [ 7.478217738917444, 49.03654378232563 ], [ 7.494495287154427, 49.010476081567852 ], [ 7.529253946152084, 48.987889643419088 ], [ 7.591046164190337, 48.965263966593476 ], [ 7.625020978141571, 48.957385031324414 ], [ 7.653363534018668, 48.930321723344797 ], [ 7.649172946420596, 48.900727109200034 ], [ 7.669534058629953, 48.883941792793571 ], [ 7.695663623158203, 48.862969115254721 ], [ 7.727515080409956, 48.8486847385998 ], [ 7.74190692527524, 48.839295204527389 ], [ 7.780220849778791, 48.81855733777855 ] ] ] } },
{ "type": "Feature", "properties": { "id": null }, "geometry": { "type": "MultiLineString", "coordinates": [ [ [ 7.727725973408956, 48.766745825605383 ], [ 7.673877861631183, 48.7893021677842 ], [ 7.650508636069443, 48.811557526531864 ], [ 7.680339631299917, 48.840152579427986 ], [ 7.695663623158203, 48.862969115254721 ] ] ] } },
{ "type": "Feature", "properties": { "id": null }, "geometry": { "type": "MultiLineString", "coordinates": [ [ [ 7.028863900951391, 49.002580024623072 ], [ 7.027294896987566, 48.986736604051622 ], [ 7.043444604481453, 48.9665672951405 ], [ 7.088879721856897, 48.940091960489681 ], [ 7.111729163000889, 48.919472913366896 ], [ 7.134923265444274, 48.889328153998783 ], [ 7.184597216080533, 48.85985024233991 ], [ 7.236429754764935, 48.865757465796953 ], [ 7.276000640369171, 48.866115753202472 ], [ 7.31841267999495, 48.865606107709311 ], [ 7.319774196746758, 48.857646321650712 ], [ 7.3212598287468, 48.849966148610825 ], [ 7.315970225284198, 48.840155696945807 ], [ 7.307221494859463, 48.829800322353101 ], [ 7.305580265415463, 48.817156861584969 ], [ 7.304228513783166, 48.804335852440566 ], [ 7.310566986478246, 48.798955558443652 ], [ 7.287908223632526, 48.792258145970607 ], [ 7.265128740961088, 48.779404623477078 ], [ 7.258078197431589, 48.764832458445596 ] ] ] } },
{ "type": "Feature", "properties": { "id": null }, "geometry": { "type": "MultiLineString", "coordinates": [ [ [ 6.834799831768225, 48.845122866085873 ], [ 6.881087024593352, 48.852576256621965 ], [ 6.934101268735759, 48.86142501265418 ], [ 6.992976290522757, 48.850729644981499 ], [ 7.022917372250231, 48.848458393548505 ], [ 7.062767958978391, 48.820308151248874 ], [ 7.113900346782632, 48.813342850957696 ], [ 7.15865819291905, 48.815876124206049 ], [ 7.180566956326956, 48.839796716885608 ], [ 7.206633670291722, 48.84813817097686 ], [ 7.184597216080533, 48.85985024233991 ] ] ] } },
{ "type": "Feature", "properties": { "id": null }, "geometry": { "type": "MultiLineString", "coordinates": [ [ [ 6.834799831768224, 48.84512286608588 ], [ 6.718660396956221, 48.811847093065708 ], [ 6.744832818302761, 48.839304399119335 ], [ 6.765976453360273, 48.863211269808197 ], [ 6.771064293050135, 48.913861468363102 ], [ 6.799986031648651, 48.953434834342502 ], [ 6.794394513505206, 48.991092395912148 ], [ 6.832937780036672, 48.998601322915242 ], [ 6.889166862824127, 49.029233247499164 ], [ 6.929272899741616, 49.049479092273025 ], [ 6.933366174615208, 49.056969721404215 ], [ 6.95947005112002, 49.065936320998333 ], [ 6.989856678166873, 49.062376716885659 ], [ 7.027064247644395, 49.086765519389672 ] ] ] } },
{ "type": "Feature", "properties": { "id": null }, "geometry": { "type": "MultiLineString", "coordinates": [ [ [ 6.718660396956221, 48.811847093065708 ], [ 6.649261294873548, 48.801187468540647 ], [ 6.609606577427575, 48.78981036838173 ], [ 6.560333293009933, 48.769878412537693 ], [ 6.539274404227003, 48.731630806858973 ], [ 6.502396852429604, 48.700862125028884 ], [ 6.498129015712689, 48.682275410258192 ], [ 6.48804785139917, 48.66719534932917 ], [ 6.483352708826668, 48.644903525727983 ], [ 6.493269112857574, 48.622612093855935 ], [ 6.5, 48.6 ] ] ] } },
{ "type": "Feature", "properties": { "id": null }, "geometry": { "type": "MultiLineString", "coordinates": [ [ [ 6.2, 48.683 ], [ 6.247858992629117, 48.713051072347142 ], [ 6.331478752650773, 48.741675265555017 ], [ 6.346874674280893, 48.740936030639126 ], [ 6.378466154685389, 48.757192309104326 ], [ 6.430230726383789, 48.764861159267099 ], [ 6.503741612119917, 48.825660903438525 ] ] ] } },
{ "type": "Feature", "properties": { "id": null }, "geometry": { "type": "MultiLineString", "coordinates": [ [ [ 5.542575016977696, 48.890793960972132 ], [ 5.543774287654865, 48.90468799019235 ], [ 5.527097050882713, 48.918789924394794 ], [ 5.518864001371935, 48.951690415689612 ], [ 5.514171203178705, 48.975594134166997 ], [ 5.474889039059738, 48.991086869852516 ], [ 5.436481846178613, 49.034756858336301 ], [ 5.430107620925654, 49.086835850364729 ], [ 5.422928399576277, 49.126235000157145 ], [ 5.41621408183721, 49.141299619370052 ] ] ] } },
{ "type": "Feature", "properties": { "id": null }, "geometry": { "type": "MultiLineString", "coordinates": [ [ [ 5.622186536449812, 48.689903847999837 ], [ 5.607904887270283, 48.71827973318404 ], [ 5.594768937547771, 48.760314980074128 ], [ 5.613112887872758, 48.777885622806849 ], [ 5.579651031726862, 48.785100687140599 ], [ 5.56351649542427, 48.801536290252457 ], [ 5.535297905537769, 48.804562672010853 ], [ 5.51766117201881, 48.825778359775093 ], [ 5.510559255772505, 48.850185748893779 ], [ 5.542575016977696, 48.890793960972132 ] ] ] } },
{ "type": "Feature", "properties": { "id": null }, "geometry": { "type": "MultiLineString", "coordinates": [ [ [ 5.542575016977696, 48.890793960972132 ], [ 5.571419852302692, 48.873481620115811 ], [ 5.597091180154958, 48.868036783150409 ], [ 5.637345740187497, 48.855773537984504 ], [ 5.674526801577566, 48.854453264191555 ], [ 5.739954817101102, 48.841743475534678 ], [ 5.792675238248649, 48.854821182638389 ], [ 5.846424792604031, 48.874279414182695 ], [ 5.903866172136839, 48.888493314464476 ], [ 5.943589600387607, 48.890406144878888 ], [ 5.985810283833356, 48.894332538537689 ], [ 6.047741261605914, 48.896404969028069 ] ] ] } },
{ "type": "Feature", "properties": { "id": null }, "geometry": { "type": "MultiLineString", "coordinates": [ [ [ 6.14670918702173, 48.762745592035515 ], [ 6.113621391895652, 48.7571199301428 ], [ 6.061617158898934, 48.744218302301192 ], [ 6.060728141230469, 48.76425825099281 ], [ 6.05039678301326, 48.788024000123691 ], [ 6.014886594468288, 48.795526007606881 ], [ 5.978369557208583, 48.793752120736251 ], [ 5.938656856599583, 48.805462121649668 ], [ 5.892833903919509, 48.839267395060631 ], [ 5.847950016329002, 48.845218521450199 ], [ 5.846424792604031, 48.874279414182695 ] ] ] } },
{ "type": "Feature", "properties": { "id": null }, "geometry": { "type": "MultiLineString", "coordinates": [ [ [ 6.5, 48.6 ], [ 6.549708123420364, 48.553198145749093 ], [ 6.598181376524769, 48.52470937844015 ], [ 6.634236064130096, 48.52534810039689 ], [ 6.673653050775674, 48.506701302343409 ], [ 6.711023839170799, 48.487057788038982 ], [ 6.738854103978298, 48.459049159445442 ], [ 6.746125059466041, 48.443117530190186 ], [ 6.790238179455233, 48.430565960101831 ], [ 6.832028596537426, 48.414932495377776 ], [ 6.844733324193521, 48.405608352447281 ], [ 6.853059355969707, 48.393160058178204 ], [ 6.857478094935264, 48.383367985665068 ], [ 6.866082613011859, 48.373002456629763 ], [ 6.862019587898188, 48.349361525667703 ], [ 6.853100533243468, 48.326043290404236 ], [ 6.869151112811965, 48.3102614069739 ], [ 6.899592015607616, 48.309735693111847 ], [ 6.917887754951138, 48.298715221901425 ], [ 6.941197951211265, 48.284601792833129 ], [ 6.964532483886056, 48.261812145310131 ], [ 7.00178098136768, 48.262368435130519 ], [ 7.04707313775559, 48.267048310699835 ], [ 7.063748701240194, 48.250979524759508 ], [ 7.089419844863497, 48.25465741925904 ], [ 7.107128580942959, 48.258812849196303 ], [ 7.127837232802583, 48.246668850571588 ], [ 7.158399596664608, 48.249304661491898 ], [ 7.183236937258886, 48.243252992025411 ], [ 7.204357572426384, 48.254398389707163 ], [ 7.228804351343054, 48.261702512823753 ], [ 7.283852459885437, 48.271372075993099 ], [ 7.313980420647134, 48.269572095068959 ], [ 7.362036435894317, 48.281337987588785 ], [ 7.392952206731251, 48.284377838302746 ], [ 7.41612480919259, 48.27685123452946 ], [ 7.450677499646014, 48.26211535658873 ] ] ] } },
{ "type": "Feature", "properties": { "id": null }, "geometry": { "type": "MultiLineString", "coordinates": [ [ [ 6.844733324193521, 48.405608352447281 ], [ 6.853059355969707, 48.393160058178204 ], [ 6.857478094935264, 48.383367985665068 ], [ 6.866082613011857, 48.373002456629763 ], [ 6.881393776612802, 48.37717150369555 ], [ 6.918959537557857, 48.379607781208904 ], [ 6.932399787855039, 48.369141322344653 ], [ 6.964657708674237, 48.367724749704742 ], [ 7.012933867808845, 48.341132596940554 ], [ 7.058104199425771, 48.337269745645983 ], [ 7.073808108617465, 48.340684565189342 ], [ 7.106603174414079, 48.347543664672898 ], [ 7.136341715734704, 48.35721951539756 ], [ 7.180119824065912, 48.359727872316959 ], [ 7.227114904147601, 48.366681041047926 ], [ 7.237867987409977, 48.35980121995577 ], [ 7.246420505501158, 48.355171702050569 ], [ 7.264564405067617, 48.352162802475753 ], [ 7.29061036912141, 48.350036630778561 ], [ 7.30448288759903, 48.342765709668598 ], [ 7.32657487163864, 48.336845135198793 ], [ 7.330664613015948, 48.331409510102851 ], [ 7.333372953877448, 48.32594042976865 ], [ 7.347504977076428, 48.320054158859165 ], [ 7.353794184657539, 48.31213385690193 ], [ 7.355191336196654, 48.305249258873239 ], [ 7.353314609952231, 48.301514703209378 ], [ 7.358946832007453, 48.29288656447104 ], [ 7.373078467903253, 48.286766572249888 ], [ 7.392952206731251, 48.284377838302746 ] ] ] } },
{ "type": "Feature", "properties": { "id": null }, "geometry": { "type": "MultiLineString", "coordinates": [ [ [ 6.635942173044191, 48.346682389142181 ], [ 6.593189305138283, 48.395844859978652 ], [ 6.583367329594905, 48.423222611249187 ], [ 6.577933473667391, 48.43689499087678 ], [ 6.564888035293626, 48.445256574367207 ], [ 6.556175464990348, 48.461132935156904 ], [ 6.571412882780047, 48.481673564253683 ], [ 6.542295545494638, 48.481460926385253 ], [ 6.516734541888633, 48.494962107562777 ], [ 6.485233704385641, 48.516758314266298 ], [ 6.459529888175005, 48.536701348511698 ], [ 6.47114379467482, 48.564059998890627 ], [ 6.481789764904259, 48.575700768730997 ], [ 6.5, 48.6 ] ] ] } },
{ "type": "Feature", "properties": { "id": null }, "geometry": { "type": "MultiLineString", "coordinates": [ [ [ 6.635942173044191, 48.346682389142181 ], [ 6.627780430269305, 48.31358584072666 ], [ 6.588259832132795, 48.289766074072567 ], [ 6.552863925806734, 48.266751893478336 ], [ 6.536454666769854, 48.254242480549848 ], [ 6.515202243823501, 48.221968356775449 ], [ 6.473950772120936, 48.196987614788348 ], [ 6.452363225474225, 48.175300872384234 ] ] ] } },
{ "type": "Feature", "properties": { "id": null }, "geometry": { "type": "MultiLineString", "coordinates": [ [ [ 6.597330036004593, 48.018426141925872 ], [ 6.577388043794527, 48.039032549714641 ], [ 6.598708709971143, 48.080066971512615 ], [ 6.611423628918879, 48.090609880491648 ], [ 6.598479112670981, 48.104052729819777 ], [ 6.571923907671573, 48.114995094653594 ], [ 6.603885388747789, 48.135409830338055 ], [ 6.630139422609274, 48.158085438158736 ], [ 6.668540121233847, 48.17147902883584 ], [ 6.691938613714147, 48.193175512122572 ], [ 6.718034547151538, 48.205488924250403 ], [ 6.722183923568106, 48.221298149073817 ], [ 6.733775388982622, 48.237327522016194 ], [ 6.729392988821297, 48.251729997259297 ], [ 6.723945504319233, 48.271867398352349 ], [ 6.689273968355618, 48.295053945843684 ], [ 6.679032870784976, 48.319428283849525 ], [ 6.676295521701995, 48.329495425835283 ], [ 6.635942173044191, 48.346682389142181 ] ] ] } },
{ "type": "Feature", "properties": { "id": null }, "geometry": { "type": "MultiLineString", "coordinates": [ [ [ 6.453483198365771, 47.964043642778577 ], [ 6.446617253500558, 47.978819281469754 ], [ 6.42776645553087, 48.012586950458854 ], [ 6.408268620197072, 48.045407522626427 ], [ 6.414534249386084, 48.063839266753689 ], [ 6.433616328737469, 48.087992934524749 ], [ 6.445778456702915, 48.101075757359169 ], [ 6.429147998771647, 48.127070322620696 ], [ 6.455008362894207, 48.146362564388028 ], [ 6.445977180438508, 48.167066467753699 ], [ 6.452363225474225, 48.175300872384234 ] ] ] } },
{ "type": "Feature", "properties": { "id": null }, "geometry": { "type": "MultiLineString", "coordinates": [ [ [ 6.453483198365771, 47.964043642778577 ], [ 6.470788663256818, 47.967969539507408 ], [ 6.477434413163907, 47.981103494569197 ], [ 6.505559632238374, 47.986615835442819 ], [ 6.543681787747858, 47.992181819100026 ], [ 6.554159198951258, 48.002316166130029 ], [ 6.571081136256275, 48.000999545329478 ], [ 6.57983182228687, 48.003694601024179 ], [ 6.590981331738358, 48.014192109874735 ], [ 6.597330036004593, 48.018426141925872 ] ] ] } },
{ "type": "Feature", "properties": { "id": null }, "geometry": { "type": "MultiLineString", "coordinates": [ [ [ 6.453483198365771, 47.964043642778577 ], [ 6.460112178574357, 47.950644334515275 ], [ 6.446947917012092, 47.932683535916134 ], [ 6.419181279379061, 47.9225520296459 ], [ 6.405445167321758, 47.888645509232916 ], [ 6.393745212151204, 47.873724582019825 ], [ 6.389264823255031, 47.84981006662759 ], [ 6.402749709770754, 47.833408567248448 ], [ 6.384542884825985, 47.805119145192428 ], [ 6.430372444336274, 47.79379198183716 ], [ 6.473336643375389, 47.76610927029467 ], [ 6.495409464273143, 47.748358123097567 ], [ 6.486306225621807, 47.721530012868179 ], [ 6.49062196574391, 47.698362481891913 ], [ 6.494373431835318, 47.688421897725526 ] ] ] } },
{ "type": "Feature", "properties": { "id": null }, "geometry": { "type": "MultiLineString", "coordinates": [ [ [ 6.156014392183655, 47.619904905444578 ], [ 6.171808409310002, 47.632276582617969 ], [ 6.209895480051447, 47.661761314286672 ], [ 6.270196763369495, 47.686913798107483 ], [ 6.293396938561299, 47.706164857420468 ], [ 6.321145465648104, 47.738486519299471 ], [ 6.345030121088529, 47.76790164875397 ], [ 6.377818616483633, 47.787913344948095 ], [ 6.384542884825985, 47.805119145192428 ] ] ] } },
{ "type": "Feature", "properties": { "id": null }, "geometry": { "type": "MultiLineString", "coordinates": [ [ [ 6.597330036004593, 48.018426141925872 ], [ 6.623662024454625, 47.982001649732339 ], [ 6.627036052260518, 47.946575879437503 ], [ 6.651249738448139, 47.927937096660685 ], [ 6.673956687140082, 47.911093305890027 ], [ 6.71026130951246, 47.906419578681174 ], [ 6.742177988608744, 47.893021658165729 ], [ 6.770565672239869, 47.877711493215728 ], [ 6.820992188631554, 47.854730009605142 ], [ 6.854079359226357, 47.884751569892039 ], [ 6.886024467612031, 47.8891230521035 ], [ 6.936335253414327, 47.87877410331361 ], [ 6.979793780452475, 47.89128218174379 ], [ 7.004531127633988, 47.884347756283667 ], [ 7.050565838029101, 47.859666814242068 ], [ 7.073635278430441, 47.83952393158529 ], [ 7.086698000476197, 47.814497403695334 ], [ 7.106246258675853, 47.807633572233371 ], [ 7.124727298082981, 47.789204581846832 ], [ 7.136174861320261, 47.774049098505863 ], [ 7.153312551916966, 47.760932052106845 ] ] ] } },
{ "type": "Feature", "properties": { "id": null }, "geometry": { "type": "MultiLineString", "coordinates": [ [ [ 6.633, 49.75 ], [ 6.638886884904107, 49.771379119531218 ], [ 6.685378699210663, 49.783814807888909 ], [ 6.693252267265579, 49.809174096938051 ], [ 6.705211038412169, 49.827043335435839 ], [ 6.732306041366414, 49.826904978339947 ], [ 6.764689598895737, 49.837146803207233 ], [ 6.808611075543584, 49.862826672043269 ], [ 6.84934921363468, 49.883328534739256 ], [ 6.858146448674608, 49.91791949398155 ], [ 6.908656220623927, 49.946320806178768 ], [ 6.917865382387792, 49.956436616340561 ], [ 6.966971561390623, 49.982190342448959 ], [ 7.027107970586887, 50.008532874000444 ], [ 7.072981256632798, 50.01871094419635 ], [ 7.104936063425265, 50.034509560806974 ], [ 7.099489802599396, 50.053501013847587 ], [ 7.108903857496954, 50.057658534620309 ], [ 7.126256136409716, 50.054870921273647 ], [ 7.14073663443555, 50.072521125106221 ], [ 7.154940587352785, 50.134643467043901 ], [ 7.164508710767866, 50.166686443772264 ], [ 7.205114028824164, 50.166904434479264 ], [ 7.242017920350432, 50.174024580279095 ], [ 7.286284765476548, 50.178081445514295 ], [ 7.316489345497748, 50.183404493862611 ], [ 7.370704163238533, 50.183052758269021 ], [ 7.388186173883811, 50.211107350355626 ], [ 7.446229002188917, 50.224264209489469 ], [ 7.456562610330645, 50.239242609151852 ], [ 7.450104677697658, 50.259146592671279 ], [ 7.461524237082408, 50.274148443491654 ], [ 7.46553728983293, 50.306728283371186 ], [ 7.482414268795957, 50.314151963644576 ], [ 7.511795971172631, 50.309725171418513 ], [ 7.543188506422893, 50.321924585894514 ], [ 7.56185234367508, 50.329927548859978 ], [ 7.561050638955149, 50.352491613107688 ], [ 7.59691349259136, 50.356699493941861 ] ] ] } },
{ "type": "Feature", "properties": { "id": null }, "geometry": { "type": "MultiLineString", "coordinates": [ [ [ 7.608091975515812, 49.852007492915661 ], [ 7.63228609152024, 49.84159155339308 ], [ 7.625606407695611, 49.814489501225559 ], [ 7.646042893084802, 49.784323312786661 ], [ 7.691578109611691, 49.779832554352112 ], [ 7.70555803807268, 49.766462419388404 ], [ 7.725423153855789, 49.735579753073054 ], [ 7.773018262187678, 49.726846760833318 ], [ 7.819107950574439, 49.733343266456565 ], [ 7.809721825643174, 49.705163485733152 ], [ 7.863452416403603, 49.707227097614911 ], [ 7.8665131933856, 49.674101496894806 ], [ 7.912751116493546, 49.663902752542903 ], [ 7.973026730119173, 49.661196461151086 ], [ 8.015983704411015, 49.678203239284144 ], [ 8.035760073875645, 49.637070799519215 ], [ 8.098547757855227, 49.650586902700162 ], [ 8.178397138372162, 49.636001774290364 ], [ 8.214618756600183, 49.634851231347142 ] ] ] } },
{ "type": "Feature", "properties": { "id": null }, "geometry": { "type": "MultiLineString", "coordinates": [ [ [ 7.807845367635779, 53.217368280979322 ], [ 7.781361505754687, 53.217576006907159 ], [ 7.736107390813811, 53.217197574816694 ], [ 7.67206205735678, 53.209532640274517 ] ] ] } },
{ "type": "Feature", "properties": { "id": null }, "geometry": { "type": "MultiLineString", "coordinates": [ [ [ 7.67206205735678, 53.209532640274524 ], [ 7.642517260595386, 53.219461967041688 ], [ 7.639825457374631, 53.240597690938742 ], [ 7.602367872739261, 53.279013588702114 ], [ 7.583626584336812, 53.2979870283664 ], [ 7.492050756072579, 53.299349155976643 ], [ 7.456811371718683, 53.310130222086116 ], [ 7.414376091115676, 53.350690466206288 ], [ 7.338570293566471, 53.368858189132787 ], [ 7.289459829034321, 53.365927407301051 ], [ 7.217438077208984, 53.366891258866289 ] ] ] } },
{ "type": "Feature", "properties": { "id": null }, "geometry": { "type": "MultiLineString", "coordinates": [ [ [ 5.479162442684183, 53.186351878596724 ], [ 5.451477757983244, 53.091967833383826 ], [ 5.512406509599719, 53.058742947823042 ], [ 5.461827911931629, 52.981581887295455 ], [ 5.457956276206784, 52.901650385704407 ], [ 5.518988923424724, 52.872123861868701 ], [ 5.646672382906987, 52.896100057706569 ] ] ] } },
{ "type": "Feature", "properties": { "id": null }, "geometry": { "type": "MultiLineString", "coordinates": [ [ [ 5.783243068438637, 53.199804265350814 ], [ 5.743861148690481, 53.182787168228096 ], [ 5.662231493388448, 53.032324298563346 ], [ 5.646596689918616, 52.944146440945588 ], [ 5.703406243431187, 52.910225309894379 ], [ 5.646672382906984, 52.896100057706569 ] ] ] } },
{ "type": "Feature", "properties": { "id": null }, "geometry": { "type": "MultiLineString", "coordinates": [ [ [ 5.703406243431185, 52.910225309894386 ], [ 5.740294388593813, 52.885718436817911 ], [ 5.74347565720135, 52.868770844979736 ], [ 5.715971699256022, 52.846119961121978 ], [ 5.764029006402805, 52.82984476223421 ] ] ] } },
{ "type": "Feature", "properties": { "id": null }, "geometry": { "type": "MultiLineString", "coordinates": [ [ [ 6.110708447472536, 52.52549212909198 ], [ 6.044913296110488, 52.547530063567137 ], [ 6.077222834860994, 52.558508923364634 ], [ 6.081506808501544, 52.591150258476873 ], [ 6.041236931227783, 52.622091929002693 ], [ 6.070644561434373, 52.642728027799123 ], [ 5.970176250984274, 52.680478609119042 ], [ 5.905483981878032, 52.701978075244199 ], [ 5.850423492396444, 52.74618657337809 ], [ 5.841693957724297, 52.784708763446105 ], [ 5.843796589954611, 52.807139949646462 ], [ 5.809203837899536, 52.818614645754799 ], [ 5.764029006402804, 52.82984476223421 ] ] ] } },
{ "type": "Feature", "properties": { "id": null }, "geometry": { "type": "MultiLineString", "coordinates": [ [ [ 6.55, 53.217 ], [ 6.581301497581743, 53.176585571745548 ], [ 6.609882999399587, 53.086145289685362 ], [ 6.557537818670272, 52.993412316624614 ], [ 6.510097193550821, 52.86115837334367 ], [ 6.433804845130253, 52.773188924154923 ], [ 6.466304649793019, 52.709627908387027 ], [ 6.346242636073369, 52.674678476263139 ], [ 6.20505101630593, 52.693327513988486 ], [ 6.201463668290883, 52.647117406621142 ], [ 6.193113970612101, 52.568487303102756 ], [ 6.15387717741952, 52.533346658653642 ] ] ] } },
{ "type": "Feature", "properties": { "id": null }, "geometry": { "type": "MultiLineString", "coordinates": [ [ [ 6.621213002079793, 52.573750791547681 ], [ 6.657279787167425, 52.548152772755529 ], [ 6.682160221972175, 52.554147136661328 ], [ 6.713668426162912, 52.532208174168261 ], [ 6.80570271293099, 52.503374051006332 ], [ 6.868223586360274, 52.49512627638196 ], [ 6.966327103448108, 52.49605151419393 ], [ 7.037957021842416, 52.441318266616051 ], [ 7.072028909319983, 52.427877804963899 ], [ 7.156537992056627, 52.463099818920313 ], [ 7.22956141552593, 52.489699669145786 ], [ 7.32308093529468, 52.518360060499099 ] ] ] } },
{ "type": "Feature", "properties": { "id": null }, "geometry": { "type": "MultiLineString", "coordinates": [ [ [ 7.157190623399795, 52.302640213066866 ], [ 7.231102565715941, 52.321664143174559 ], [ 7.338774602393245, 52.331957290365544 ], [ 7.292853602636777, 52.418915520850156 ], [ 7.302976567264245, 52.463050618906259 ], [ 7.288038499250906, 52.497494762477622 ], [ 7.303271942963105, 52.495306563341906 ], [ 7.32308093529468, 52.518360060499099 ] ] ] } },
{ "type": "Feature", "properties": { "id": null }, "geometry": { "type": "MultiLineString", "coordinates": [ [ [ 7.157190623399795, 52.302640213066866 ], [ 7.083955235688756, 52.295979996193836 ], [ 7.061973927969762, 52.287374636686089 ], [ 7.031161565775475, 52.270480920604172 ], [ 6.999110868412776, 52.261150207551758 ], [ 6.933027529361881, 52.250013779064972 ], [ 6.897069764045009, 52.227190296587978 ], [ 6.89372324340165, 52.218669927239546 ] ] ] } },
{ "type": "Feature", "properties": { "id": null }, "geometry": { "type": "MultiLineString", "coordinates": [ [ [ 6.89372324340165, 52.218669927239546 ], [ 6.92593451976895, 52.168913985132995 ], [ 6.89803685965735, 52.128096172088767 ], [ 6.864090369448287, 52.099552269598995 ], [ 6.828215378096418, 52.035461924170576 ], [ 6.839209259906849, 51.974927073111154 ], [ 6.869246202366718, 51.944483985556275 ], [ 6.851624392139288, 51.908530680281977 ], [ 6.868070171174815, 51.843530852271094 ], [ 6.939043691688203, 51.826320340840518 ] ] ] } },
{ "type": "Feature", "properties": { "id": null }, "geometry": { "type": "MultiLineString", "coordinates": [ [ [ 7.356678770420442, 47.360171441055208 ], [ 7.447580385868095, 47.347154786740283 ], [ 7.56305841618394, 47.409842860340319 ], [ 7.632345234373447, 47.501125493828077 ], [ 7.59025386015299, 47.557060091744553 ] ] ] } },
{ "type": "Feature", "properties": { "id": null }, "geometry": { "type": "MultiLineString", "coordinates": [ [ [ 8.343030026660092, 48.781171965109998 ], [ 8.359306929980804, 48.721453326575237 ], [ 8.352708185391325, 48.645567763796251 ], [ 8.383502326808884, 48.582879690196222 ], [ 8.402858644271351, 48.527560214721106 ], [ 8.373164293618704, 48.506664190187763 ] ] ] } },
{ "type": "Feature", "properties": { "id": null }, "geometry": { "type": "MultiLineString", "coordinates": [ [ [ 7.978119450862022, 48.544057076194804 ], [ 8.039458961072402, 48.536577318851634 ], [ 8.127471036737186, 48.510623436941444 ], [ 8.171462667333698, 48.436387560309832 ], [ 8.228101891726707, 48.436387560309832 ], [ 8.268244254646024, 48.467181701727391 ], [ 8.296288919151301, 48.470481074022132 ], [ 8.358427097368875, 48.461682747902827 ], [ 8.411766949467147, 48.455633898695808 ], [ 8.434312660147858, 48.46608191096248 ], [ 8.38372228496187, 48.479279400141429 ], [ 8.373164293618704, 48.506664190187763 ] ] ] } },
{ "type": "Feature", "properties": { "id": null }, "geometry": { "type": "MultiLineString", "coordinates": [ [ [ 8.434312660147858, 48.46608191096248 ], [ 8.492601570688237, 48.470920990328104 ], [ 8.533403808066501, 48.514912620924619 ], [ 8.564747844866517, 48.530584639324623 ], [ 8.596641777048987, 48.584749334496578 ], [ 8.654380792206911, 48.590358267397633 ], [ 8.677476398270079, 48.58265973204324 ], [ 8.697822527420966, 48.593107744309911 ], [ 8.70937033045255, 48.625001676492381 ], [ 8.742913948782391, 48.624176833418694 ], [ 8.775907671729774, 48.650131895470636 ], [ 8.792404533203467, 48.6751521353724 ], [ 8.828147733063133, 48.698247741435573 ], [ 8.892100566042814, 48.727172238552775 ], [ 8.965786547291973, 48.740369727731725 ], [ 8.969635814969168, 48.722223180110667 ], [ 9.005104067137605, 48.72139833703698 ], [ 9.039472528541131, 48.748618158468574 ], [ 9.091712589874488, 48.754392059984362 ], [ 9.117007777467483, 48.764290176868577 ], [ 9.183177215765951, 48.766899440685755 ] ] ] } },
{ "type": "Feature", "properties": { "id": null }, "geometry": { "type": "MultiLineString", "coordinates": [ [ [ 8.492601570688237, 48.470920990328104 ], [ 8.559688807347918, 48.456403752231246 ], [ 8.614678345593559, 48.450354903024227 ], [ 8.696062862197106, 48.441006681522467 ], [ 8.769968801599248, 48.503804734198987 ], [ 8.827157921374713, 48.526900340262159 ], [ 8.861251435087011, 48.574741238535864 ], [ 8.868400075058943, 48.598936635363948 ], [ 8.914591287185281, 48.639628893665723 ], [ 8.969580825430922, 48.669323244318363 ], [ 9.007523606820413, 48.690769164234169 ], [ 9.049865551269557, 48.703416758030663 ], [ 9.076810425009921, 48.726512364093828 ], [ 9.112113708563623, 48.743339162797014 ], [ 9.117007777467483, 48.764290176868577 ] ] ] } },
{ "type": "Feature", "properties": { "id": null }, "geometry": { "type": "MultiLineString", "coordinates": [ [ [ 8.742913948782391, 48.624176833418694 ], [ 8.732245978362739, 48.584859313573062 ], [ 8.722897756860981, 48.559014230597612 ], [ 8.708050581534657, 48.508423855411621 ], [ 8.686054766236401, 48.462232643285283 ], [ 8.696062862197106, 48.441006681522467 ] ] ] } },
{ "type": "Feature", "properties": { "id": null }, "geometry": { "type": "MultiLineString", "coordinates": [ [ [ 8.696062862197106, 48.441006681522467 ], [ 8.748412902606956, 48.432978208938607 ], [ 8.800652963940315, 48.43352810432107 ], [ 8.842719960698231, 48.418241012688775 ], [ 8.883137271308776, 48.411092372716844 ], [ 8.913381517343879, 48.422365228057195 ], [ 8.921355000389497, 48.452334526401074 ], [ 8.94829987412986, 48.471030969404588 ], [ 9.02297566706744, 48.492641857935141 ], [ 9.054869599249912, 48.51821199321936 ] ] ] } },
{ "type": "Feature", "properties": { "id": null }, "geometry": { "type": "MultiLineString", "coordinates": [ [ [ 9.112223687640117, 48.854308050976705 ], [ 9.082089420681505, 48.825933449241944 ], [ 9.018301556316564, 48.789090458617366 ], [ 9.039472528541131, 48.748618158468574 ] ] ] } },
{ "type": "Feature", "properties": { "id": null }, "geometry": { "type": "MultiLineString", "coordinates": [ [ [ 8.523560680720534, 48.93607749434797 ], [ 8.633594746750063, 48.911057254446177 ], [ 8.720478217178176, 48.911057254446177 ], [ 8.785365872308031, 48.892360811442664 ], [ 8.824958339844892, 48.839570854726844 ], [ 8.926139090216871, 48.810976294839115 ], [ 9.018301556316564, 48.789090458617366 ] ] ] } },
{ "type": "Feature", "properties": { "id": null }, "geometry": { "type": "MultiLineString", "coordinates": [ [ [ 9.112223687640117, 48.854308050976705 ], [ 9.138980901976762, 48.910725987092107 ] ] ] } },
{ "type": "Feature", "properties": { "id": null }, "geometry": { "type": "MultiLineString", "coordinates": [ [ [ 8.920200220086342, 49.140326969238323 ], [ 8.8841270829972, 49.170387916812608 ], [ 8.875328756877899, 49.203381639759989 ], [ 8.872689259042108, 49.252542286951595 ] ] ] } },
{ "type": "Feature", "properties": { "id": null }, "geometry": { "type": "MultiLineString", "coordinates": [ [ [ 8.920200220086342, 49.140326969238323 ], [ 8.889699356206092, 49.121410568081835 ], [ 8.836909399490278, 49.108213078902878 ], [ 8.764469847774688, 49.072286580582393 ], [ 8.736975078651867, 49.051023959127413 ], [ 8.706914131077584, 49.034160500732085 ], [ 8.708747115685773, 49.012164685433831 ], [ 8.727076961767652, 48.987969288605747 ], [ 8.750942421366256, 48.983753424006942 ] ] ] } },
{ "type": "Feature", "properties": { "id": null }, "geometry": { "type": "MultiLineString", "coordinates": [ [ [ 8.598731379502322, 49.131015407428791 ], [ 8.671647507216047, 49.108652995208828 ], [ 8.764469847774688, 49.072286580582393 ] ] ] } },
{ "type": "Feature", "properties": { "id": null }, "geometry": { "type": "MultiLineString", "coordinates": [ [ [ 8.216480769310802, 48.293634719024134 ], [ 8.16808997565464, 48.281903617531725 ], [ 8.087438652894367, 48.277504454472073 ], [ 8.032449114648728, 48.314897340479114 ], [ 8.028783145432351, 48.379418398687328 ], [ 7.947691906366114, 48.466081910962444 ], [ 7.922030121851481, 48.527670193797562 ], [ 7.934127820265511, 48.554285130308507 ] ] ] } },
{ "type": "Feature", "properties": { "id": null }, "geometry": { "type": "MultiLineString", "coordinates": [ [ [ 8.216480769310802, 48.293634719024134 ], [ 8.28129510505633, 48.290115388576396 ], [ 8.339217418675071, 48.290115388576396 ], [ 8.400072507666913, 48.341438957605661 ], [ 8.429400261397921, 48.386896975888718 ], [ 8.435265812144122, 48.437487351074708 ], [ 8.434312660147858, 48.46608191096248 ] ] ] } },
{ "type": "Feature", "properties": { "id": null }, "geometry": { "type": "MultiLineString", "coordinates": [ [ [ 8.435265812144122, 48.437487351074708 ], [ 8.473391891994433, 48.451418034096939 ], [ 8.492601570688237, 48.470920990328104 ] ] ] } },
{ "type": "Feature", "properties": { "id": null }, "geometry": { "type": "MultiLineString", "coordinates": [ [ [ 7.639825457374631, 53.240597690938742 ], [ 7.732976089362965, 53.246579088501072 ], [ 7.844421553540796, 53.286904749881209 ], [ 7.944135916226223, 53.259043383836747 ], [ 8.115703275552621, 53.252444639247273 ], [ 8.206619312118745, 53.24217992544142 ], [ 8.288590383796913, 53.24672572726972 ], [ 8.367775318870635, 53.2738538994709 ], [ 8.427897214019202, 53.320778305440513 ], [ 8.481420364578291, 53.324444274656891 ] ] ] } },
{ "type": "Feature", "properties": { "id": null }, "geometry": { "type": "MultiLineString", "coordinates": [ [ [ 8.288590383796913, 53.24672572726972 ], [ 8.311759309244415, 53.211312464639477 ], [ 8.342663429738467, 53.179271893688359 ], [ 8.382439195736145, 53.186970429042752 ], [ 8.390137731090535, 53.196318650544512 ] ] ] } },
{ "type": "Feature", "properties": { "id": null }, "geometry": { "type": "MultiLineString", "coordinates": [ [ [ 8.390137731090535, 53.196318650544512 ], [ 8.44344092349664, 53.198114975460506 ], [ 8.497697267899005, 53.191516230871031 ], [ 8.561851729185586, 53.165487849434761 ] ] ] } },
{ "type": "Feature", "properties": { "id": null }, "geometry": { "type": "MultiLineString", "coordinates": [ [ [ 8.581761948172245, 53.549331593590161 ], [ 8.633631406442229, 53.49571835644592 ], [ 8.748009645993159, 53.432663685924247 ], [ 8.781736562783818, 53.372541790775685 ], [ 8.844791233305486, 53.311979979321173 ] ] ] } },
{ "type": "Feature", "properties": { "id": null }, "geometry": { "type": "MultiLineString", "coordinates": [ [ [ 9.373415847708625, 53.921842471559152 ], [ 9.362988201937601, 53.89864095971862 ], [ 9.348128806713889, 53.875113583947737 ], [ 9.361489227858016, 53.853932428475339 ], [ 9.410694681340042, 53.822323627231924 ], [ 9.443120475962118, 53.789678644907767 ] ] ] } },
{ "type": "Feature", "properties": { "id": null }, "geometry": { "type": "MultiLineString", "coordinates": [ [ [ 9.443120475962118, 53.789678644907767 ], [ 9.550164443527507, 53.715375085292855 ], [ 9.627068331088818, 53.617615906189499 ], [ 9.701365307207373, 53.581119145990904 ], [ 9.933, 53.55 ] ] ] } },
{ "type": "Feature", "properties": { "id": null }, "geometry": { "type": "MultiLineString", "coordinates": [ [ [ 10.11711677659858, 54.319120137865987 ], [ 10.111432477152936, 54.345986963295658 ], [ 9.999335285114414, 54.402035559314918 ], [ 9.912264442926354, 54.439314392946322 ], [ 9.854912391185714, 54.445831671553208 ], [ 9.828843276758152, 54.470597330259395 ], [ 9.754806991783873, 54.485456725483118 ], [ 9.644795328899555, 54.452088259015845 ], [ 9.571801808502377, 54.461212449065492 ], [ 9.547036149796192, 54.443224760110468 ] ] ] } },
{ "type": "Feature", "properties": { "id": null }, "geometry": { "type": "MultiLineString", "coordinates": [ [ [ 11.565567679922429, 53.275589124899987 ], [ 11.541844785793348, 53.277804999626319 ], [ 11.492639332311322, 53.279760183208381 ], [ 11.473087496490651, 53.286929189675966 ], [ 11.439197647734819, 53.310065528730426 ], [ 11.401397431814852, 53.324729405595932 ], [ 11.388688738531414, 53.327988044899378 ], [ 11.345544354153796, 53.328509427187932 ], [ 11.305137226791073, 53.350668174451357 ], [ 11.291450941716603, 53.365657915247212 ], [ 11.268640466592485, 53.376085561018236 ], [ 11.226278155647694, 53.39433394111753 ], [ 11.188477939727727, 53.425616878430603 ], [ 11.089545650475126, 53.515946359922111 ], [ 10.844235283711756, 53.515424977633558 ], [ 10.713889711573939, 53.540190636339744 ], [ 10.604399430978173, 53.557135560717661 ], [ 10.479267681725869, 53.504997331862533 ], [ 10.373687768294237, 53.523245711961827 ], [ 10.256376753370203, 53.531066446290097 ], [ 10.22066206660444, 53.485575841613993 ], [ 10.147668546207262, 53.490137936638817 ], [ 10.094226861630757, 53.521420873951897 ], [ 10.002513254381418, 53.550258326465027 ] ] ] } },
{ "type": "Feature", "properties": { "id": null }, "geometry": { "type": "MultiLineString", "coordinates": [ [ [ 10.700344481028727, 53.867117766738538 ], [ 10.743347810877083, 53.963292363499093 ], [ 10.725099430777789, 54.072782644094858 ], [ 10.800699862617723, 54.11970705006447 ], [ 10.894548674556951, 54.182272924690622 ], [ 10.894548674556951, 54.244838799316774 ], [ 10.873932144632468, 54.294617735539489 ] ] ] } },
{ "type": "Feature", "properties": { "id": null }, "geometry": { "type": "MultiLineString", "coordinates": [ [ [ 9.717, 52.367 ], [ 9.716746084719636, 52.318070551975659 ], [ 9.758456667803738, 52.276359968891562 ], [ 9.801210015464942, 52.274274439737354 ], [ 9.827279129892506, 52.301647009886295 ], [ 9.857258611484204, 52.259936426802192 ], [ 9.885934637354524, 52.225394850185673 ], [ 9.930252131881382, 52.1817290835195 ], [ 9.967, 52.15 ] ] ] } },
{ "type": "Feature", "properties": { "id": null }, "geometry": { "type": "MultiLineString", "coordinates": [ [ [ 9.474955048403984, 52.192938802723411 ], [ 9.560461743726393, 52.210144418245605 ], [ 9.628893169098745, 52.221875519738006 ], [ 9.623679346213233, 52.262282647100726 ], [ 9.628893169098745, 52.298127679438629 ], [ 9.673210663625603, 52.322241610284124 ], [ 9.703841873077991, 52.346355541129618 ], [ 9.717, 52.367 ] ] ] } },
{ "type": "Feature", "properties": { "id": null }, "geometry": { "type": "MultiLineString", "coordinates": [ [ [ 8.91646520938496, 52.290903426711111 ], [ 8.969605265225669, 52.293565584413813 ], [ 9.058240254279385, 52.263586102822117 ], [ 9.180765092088933, 52.300082863020705 ], [ 9.248544789600597, 52.330062344612401 ], [ 9.376283450295658, 52.332669256055162 ], [ 9.498808288105204, 52.288351761528304 ], [ 9.592657100044432, 52.284441394364165 ], [ 9.628893169098745, 52.298127679438629 ] ] ] } },
{ "type": "Feature", "properties": { "id": null }, "geometry": { "type": "MultiLineString", "coordinates": [ [ [ 8.432296377078865, 52.896259070184165 ], [ 8.472206561947756, 52.940601004505908 ], [ 8.522389607220816, 52.975142581122419 ], [ 8.558234639558716, 53.012942797042385 ], [ 8.590821032593169, 53.036405000027194 ], [ 8.620213959110288, 53.052136081264521 ] ] ] } },
{ "type": "Feature", "properties": { "id": null }, "geometry": { "type": "MultiLineString", "coordinates": [ [ [ 8.432296377078865, 52.896259070184165 ], [ 8.393738527520791, 52.841277678536905 ], [ 8.395041983242168, 52.791746361124531 ], [ 8.299889715581562, 52.752642689483189 ], [ 8.283010447170813, 52.726637161998248 ] ] ] } },
{ "type": "Feature", "properties": { "id": null }, "geometry": { "type": "MultiLineString", "coordinates": [ [ [ 7.32308093529468, 52.518360060499099 ], [ 7.482362287133178, 52.67626018421042 ], [ 7.587942200564809, 52.702329298637984 ], [ 7.619225137877885, 52.693205108588337 ], [ 7.663542632404743, 52.721881134458656 ], [ 7.771729457279131, 52.737522603115195 ], [ 7.924233776680377, 52.725791501622794 ], [ 8.016779132898227, 52.784447009084808 ], [ 8.061096627425083, 52.84701288371096 ], [ 8.174497275184985, 52.882206188188171 ], [ 8.234456238368381, 52.857440529481984 ], [ 8.329608506028986, 52.903061479730226 ], [ 8.432296377078865, 52.896259070184165 ] ] ] } },
{ "type": "Feature", "properties": { "id": null }, "geometry": { "type": "MultiLineString", "coordinates": [ [ [ 8.62171293318983, 52.302950465607758 ], [ 8.638136475279195, 52.311683618941011 ], [ 8.692881615577077, 52.305166340334118 ], [ 8.748930211596338, 52.299952517448602 ], [ 8.795854617565952, 52.288873143816893 ], [ 8.859723947913482, 52.273231675160353 ], [ 8.892962068808625, 52.274535130881731 ], [ 8.91646520938496, 52.290903426711111 ] ] ] } },
{ "type": "Feature", "properties": { "id": null }, "geometry": { "type": "MultiLineString", "coordinates": [ [ [ 7.676837880762796, 51.598823684919282 ], [ 7.736796843946191, 51.600127140640659 ], [ 7.800666174293721, 51.640534268003385 ], [ 7.811945056727162, 51.680627524098178 ] ] ] } },
{ "type": "Feature", "properties": { "id": null }, "geometry": { "type": "MultiLineString", "coordinates": [ [ [ 7.811945056727162, 51.680627524098178 ], [ 7.854107858870226, 51.731776168499856 ], [ 7.90885299916811, 51.764362561534305 ], [ 7.981846519565287, 51.768272928698444 ], [ 8.024469521654352, 51.765926708399952 ] ] ] } },
{ "type": "Feature", "properties": { "id": null }, "geometry": { "type": "MultiLineString", "coordinates": [ [ [ 12.582090772109494, 52.73813337376658 ], [ 12.710741851809521, 52.79766871384053 ] ] ] } },
{ "type": "Feature", "properties": { "id": null }, "geometry": { "type": "MultiLineString", "coordinates": [ [ [ 12.769886155167056, 52.814776570183618 ], [ 12.819059022256045, 52.762670927721501 ], [ 12.798529594644339, 52.708903379214654 ], [ 12.828834940166381, 52.671754891155381 ], [ 12.880158509195645, 52.598826543544284 ] ] ] } },
{ "type": "Feature", "properties": { "id": null }, "geometry": { "type": "MultiLineString", "coordinates": [ [ [ 17.037387245610425, 54.454858478030346 ], [ 17.221643653175981, 54.508161070612111 ], [ 17.403475726308233, 54.535533640761052 ], [ 17.550114494963275, 54.49642996911971 ], [ 17.729991384513461, 54.52575772285072 ], [ 17.886406071078842, 54.574637312402402 ], [ 18.074103694957294, 54.553130292999661 ], [ 18.181638791970993, 54.603965066133405 ], [ 18.24224948301508, 54.596144331805142 ], [ 18.333165519581208, 54.606506804790087 ], [ 18.363470865103249, 54.665162312252107 ], [ 18.400619353162526, 54.716974677176886 ], [ 18.416554099356375, 54.666530940759564 ], [ 18.432097808833809, 54.652111461841805 ], [ 18.439429747266562, 54.629871248595791 ], [ 18.448228073385863, 54.61594056557356 ], [ 18.456293205661893, 54.603965066133398 ], [ 18.482443786072043, 54.601521086655815 ], [ 18.498818448571853, 54.576836893932217 ], [ 18.506297025773264, 54.555476513298125 ], [ 18.498476291444995, 54.534947085686419 ], [ 18.535624779504271, 54.513928862179199 ], [ 18.537091167190823, 54.489977863298876 ], [ 18.552732635847356, 54.470719305015514 ], [ 18.562997349653209, 54.435037204642789 ], [ 18.625669112119244, 54.405182879775879 ], [ 18.667, 54.35 ] ] ] } },
{ "type": "Feature", "properties": { "id": null }, "geometry": { "type": "MultiLineString", "coordinates": [ [ [ 12.512388477408868, 52.340449033174266 ], [ 12.514050383453629, 52.374273709144049 ], [ 12.55, 52.417 ], [ 12.590302543154252, 52.40164627929299 ], [ 12.599100869273554, 52.378184076308187 ], [ 12.609170064721194, 52.348269767502536 ] ] ] } },
{ "type": "Feature", "properties": { "id": null }, "geometry": { "type": "MultiLineString", "coordinates": [ [ [ 6.616305791869154, 51.655733671010076 ], [ 6.647033249565372, 51.693820942995472 ], [ 6.650699218781749, 51.71663141811959 ], [ 6.666585085386045, 51.728851315507512 ], [ 6.686136921206717, 51.728036655681649 ], [ 6.697542158768776, 51.739441893243708 ], [ 6.697949488681707, 51.750032470979903 ], [ 6.728988028047025, 51.759645456925071 ] ] ] } },
{ "type": "Feature", "properties": { "id": null }, "geometry": { "type": "MultiLineString", "coordinates": [ [ [ 7.59691349259136, 50.356699493941861 ], [ 7.618840955835381, 50.400385537475408 ], [ 7.649390699305182, 50.426861981815897 ], [ 7.678718453036191, 50.449672456940014 ], [ 7.717822124677536, 50.457819055198634 ], [ 7.745927888669753, 50.479407540583956 ], [ 7.770856479341112, 50.498470580509121 ], [ 7.796518263855745, 50.518022416329792 ], [ 7.815662769763487, 50.510690477897043 ], [ 7.826253347499684, 50.5273910043272 ], [ 7.846212513233288, 50.533093623108229 ], [ 7.869022988357406, 50.529834983804783 ], [ 7.881242885745326, 50.526576344501336 ], [ 7.886130844700495, 50.548979489712529 ], [ 7.916273258257365, 50.551016139277181 ], [ 7.940713053033206, 50.548979489712529 ], [ 7.963034732261803, 50.560792057187513 ] ] ] } },
{ "type": "Feature", "properties": { "id": null }, "geometry": { "type": "MultiLineString", "coordinates": [ [ [ 7.689742092404442, 51.530783296263344 ], [ 7.810204548930211, 51.539524371977365 ], [ 7.94706739967492, 51.539524371977365 ], [ 8.085559570071352, 51.578628043618714 ], [ 8.117, 51.583 ], [ 8.207758543950556, 51.594921240135939 ], [ 8.315293640964255, 51.666611304811738 ], [ 8.347164115657154, 51.673412897921537 ], [ 8.448897852405517, 51.656835386901399 ], [ 8.546657031508881, 51.65357674759796 ], [ 8.636269612353631, 51.674757903070351 ], [ 8.714151091705977, 51.721030581179257 ] ] ] } },
{ "type": "Feature", "properties": { "id": null }, "geometry": { "type": "MultiLineString", "coordinates": [ [ [ 9.35772882792903, 52.102837431345378 ], [ 9.327671406562168, 52.076466663202559 ], [ 9.301602292134605, 52.064654095727569 ], [ 9.26901589910015, 52.046324249645693 ], [ 9.233985526588112, 52.02799440356381 ], [ 9.211582381376925, 52.011293877133653 ], [ 9.144943207621461, 51.989542459783181 ], [ 9.10258089667667, 51.948809468490118 ], [ 9.055330626776712, 51.917852395107381 ], [ 9.009709676528475, 51.903188518241876 ], [ 8.988528521056079, 51.872231444859146 ], [ 8.949424849414735, 51.852679609038475 ], [ 8.887510702649271, 51.839645051824689 ], [ 8.846777711356202, 51.810317298093686 ], [ 8.807674039714856, 51.797282740879901 ], [ 8.794639482501076, 51.76795498714889 ], [ 8.714151091705977, 51.721030581179257 ] ] ] } },
{ "type": "Feature", "properties": { "id": null }, "geometry": { "type": "MultiLineString", "coordinates": [ [ [ 7.94706739967492, 51.539524371977365 ], [ 7.90828959196392, 51.489993054565005 ], [ 7.97997965663972, 51.434596186406431 ], [ 7.986496935246611, 51.388975236158196 ], [ 7.930774203157693, 51.364861305312694 ], [ 7.891670531516348, 51.351826748098908 ], [ 7.868860056392229, 51.324128314019624 ], [ 7.846864241093973, 51.294800560288614 ], [ 7.793911352412985, 51.278507363771389 ], [ 7.774359516592312, 51.261399507428294 ], [ 7.815907167711241, 51.246735630562796 ], [ 7.854196179526725, 51.231257093871427 ], [ 7.895743830645655, 51.231257093871427 ], [ 7.953584678281811, 51.218222536657642 ], [ 7.979653792709375, 51.193782741881805 ], [ 7.969063214973177, 51.16934294710596 ], [ 8.030162701912777, 51.123396132927382 ], [ 8.080671611116182, 51.103844297106711 ], [ 8.066007734250677, 51.069628584420535 ], [ 8.010610866092104, 51.045188789644691 ], [ 7.97802447305765, 51.014231716261961 ], [ 7.97802447305765, 50.970240085665445 ], [ 8.010610866092106, 50.910932850342753 ], [ 8.030162701912779, 50.873458498353131 ], [ 8.066007734250679, 50.834354826711781 ], [ 8.136068479274755, 50.775699319249767 ], [ 8.167025552657488, 50.749630204822203 ], [ 8.285462594247839, 50.738923757069479 ], [ 8.315293640964256, 50.664905582932619 ], [ 8.375578468077997, 50.619284632684383 ], [ 8.453785811360687, 50.594844837908539 ], [ 8.524902724865015, 50.608663240197984 ] ] ] } },
{ "type": "Feature", "properties": { "id": null }, "geometry": { "type": "MultiLineString", "coordinates": [ [ [ 10.186567260967815, 49.373180963046977 ], [ 10.238542557857768, 49.422549348494158 ], [ 10.25157711507155, 49.463282339787227 ], [ 10.247503815942242, 49.49912737212513 ], [ 10.233654598902598, 49.543933662547502 ], [ 10.196994906738837, 49.56674413767162 ], [ 10.157891235097493, 49.59607189140263 ], [ 10.130192801018206, 49.608291788790552 ], [ 10.087015830247553, 49.639248862173282 ], [ 10.065834674775157, 49.6620593372974 ] ] ] } },
{ "type": "Feature", "properties": { "id": null }, "geometry": { "type": "MultiLineString", "coordinates": [ [ [ 10.065834674775157, 49.6620593372974 ], [ 10.078502635067302, 49.678067402875577 ], [ 10.082372269240144, 49.694767929305733 ], [ 10.07992828976256, 49.70983913608417 ], [ 10.088685882890569, 49.728372647122512 ], [ 10.100498450365558, 49.734482595816473 ], [ 10.123512590446142, 49.734482595816473 ], [ 10.155691653567667, 49.73774123511992 ] ] ] } },
{ "type": "Feature", "properties": { "id": null }, "geometry": { "type": "MultiLineString", "coordinates": [ [ [ 11.473566853863604, 48.645038010692097 ], [ 11.456296065555344, 48.678276131587246 ], [ 11.456296065555344, 48.702715926363091 ], [ 11.436744229734671, 48.730414360442374 ], [ 11.424161464367479, 48.76426163942245 ] ] ] } },
{ "type": "Feature", "properties": { "id": null }, "geometry": { "type": "MultiLineString", "coordinates": [ [ [ 12.061506850187783, 50.781157540083285 ], [ 12.115926126555324, 50.720546849039216 ], [ 12.128960683769106, 50.683072497049594 ], [ 12.141995240982888, 50.653744743318583 ], [ 12.171322994713897, 50.639080866453078 ], [ 12.210426666355241, 50.642339505756524 ], [ 12.236495780782805, 50.624416989587573 ], [ 12.252951909265175, 50.609508714774215 ] ] ] } },
{ "type": "Feature", "properties": { "id": null }, "geometry": { "type": "MultiLineString", "coordinates": [ [ [ 11.430908203125, 48.77167389530662 ], [ 11.443342974324192, 48.865077629657364 ], [ 11.472670728055201, 48.917215858512492 ], [ 11.420532499200075, 48.979130005277952 ], [ 11.358618352434611, 49.03126823413308 ], [ 11.306480123579485, 49.06059598786409 ], [ 11.290186927062258, 49.125768773932997 ], [ 11.267376451938139, 49.171389724181232 ], [ 11.241307337510577, 49.197458838608796 ], [ 11.176134551441667, 49.210493395822574 ], [ 11.137030879800323, 49.226786592339806 ], [ 11.110961765372759, 49.243079788857031 ], [ 11.101185847462423, 49.282183460498381 ], [ 11.078375372338304, 49.334321689353501 ], [ 11.08163401164175, 49.360390803781065 ], [ 11.083, 49.45 ] ] ] } },
{ "type": "Feature", "properties": { "id": null }, "geometry": { "type": "MultiLineString", "coordinates": [ [ [ 8.131261986302258, 47.902964375315122 ], [ 8.105518735805045, 47.950377577180262 ], [ 8.159286284311895, 47.986222609518165 ], [ 8.18698471839118, 47.997627847080224 ], [ 8.18698471839118, 48.035102199069847 ], [ 8.222829750729082, 48.106792263745646 ], [ 8.247269545504921, 48.136120017476649 ], [ 8.247269545504921, 48.186628926680058 ], [ 8.232605668639417, 48.224103278669681 ], [ 8.16808997565464, 48.281903617531725 ] ] ] } },
{ "type": "Feature", "properties": { "id": null }, "geometry": { "type": "MultiLineString", "coordinates": [ [ [ 8.506005506198484, 47.909318721956851 ], [ 8.478632936049546, 47.888463430414802 ], [ 8.463969059184043, 47.875428873201017 ], [ 8.452563821621982, 47.852618398076899 ], [ 8.450934501970261, 47.826549283649335 ], [ 8.47700361639782, 47.768056708152486 ] ] ] } },
{ "type": "Feature", "properties": { "id": null }, "geometry": { "type": "MultiLineString", "coordinates": [ [ [ 8.247269545504921, 48.136120017476649 ], [ 8.309183692270384, 48.13286137817321 ], [ 8.343399404956562, 48.124714779914591 ], [ 8.385761715901353, 48.113309542352532 ], [ 8.403684232070303, 48.083981788621529 ], [ 8.431382666149588, 48.069317911756023 ], [ 8.450934501970261, 48.054654034890518 ], [ 8.477003616397823, 48.044878116980179 ], [ 8.535333259929493, 48.031517695836051 ] ] ] } },
{ "type": "Feature", "properties": { "id": null }, "geometry": { "type": "MultiLineString", "coordinates": [ [ [ 9.054869599249912, 48.51821199321936 ], [ 9.076267384301442, 48.459051172448099 ], [ 9.06323282708766, 48.429723418717089 ], [ 9.035534393008374, 48.405283623941244 ], [ 9.00946527858081, 48.388990427424019 ], [ 8.981766844501525, 48.37921450951368 ], [ 8.970361606939466, 48.353145395086116 ], [ 8.960585689029129, 48.340110837872338 ], [ 8.918223378084338, 48.315671043096494 ], [ 8.875861067139548, 48.299377846579269 ], [ 8.849791952711985, 48.270050092848258 ], [ 8.851421272363707, 48.245610298072421 ], [ 8.88889562435333, 48.224429142600023 ], [ 8.914964738780894, 48.209765265734518 ], [ 8.957327049725684, 48.209765265734518 ], [ 9.020870516142869, 48.199989347824186 ], [ 9.056715548480769, 48.180437512003515 ], [ 9.108853777335897, 48.175549553048342 ], [ 9.149586768628964, 48.142963160013892 ], [ 9.175655883056528, 48.118523365238048 ], [ 9.20263671875, 48.088983465619116 ], [ 9.234311390518545, 48.046833300562248 ], [ 9.257121865642649, 48.026303872950557 ] ] ] } },
{ "type": "Feature", "properties": { "id": null }, "geometry": { "type": "MultiLineString", "coordinates": [ [ [ 11.269005771589875, 47.443007437633831 ], [ 11.245543568605068, 47.480481789623411 ], [ 11.15104302880515, 47.500033625444082 ], [ 11.121715275074141, 47.5228441005682 ], [ 11.07283568552246, 47.55217185429921 ], [ 11.046766571094897, 47.62386191897501 ], [ 11.020697456667333, 47.676000147830138 ], [ 10.994628342239769, 47.695551983650809 ], [ 10.968559227812207, 47.721621098078373 ], [ 10.945748752688088, 47.770500687630054 ], [ 10.887093245226071, 47.796569802057618 ], [ 10.870800048708844, 47.81612163787829 ], [ 10.890351884529517, 47.881294423947196 ], [ 10.870800048708844, 47.939949931409217 ], [ 10.854506852191616, 47.962760406533334 ], [ 10.861024130798508, 48.014898635388462 ], [ 10.851248212888171, 48.047485028422919 ], [ 10.831696377067498, 48.086588700064262 ], [ 10.838213655674389, 48.161537404043507 ], [ 10.854506852191616, 48.184347879167625 ], [ 10.877317327315735, 48.233227468719306 ], [ 10.88057596661918, 48.295141615484766 ], [ 10.883276514938338, 48.366796209858684 ] ] ] } },
{ "type": "Feature", "properties": { "id": null }, "geometry": { "type": "MultiLineString", "coordinates": [ [ [ 8.626982490338928, 46.874537811147768 ], [ 8.619813483871345, 46.937103685773934 ], [ 8.61003756596101, 46.968060759156671 ], [ 8.62796008212996, 47.005535111146287 ], [ 8.624701442826513, 47.031604225573851 ], [ 8.631218721433404, 47.046268102439356 ], [ 8.645882598298909, 47.077225175822093 ], [ 8.676839671681641, 47.10329429024965 ], [ 8.698020827154036, 47.13262204398066 ], [ 8.725719261233321, 47.145656601194446 ], [ 8.707796745064371, 47.176613674577176 ], [ 8.686615589591977, 47.201053469353013 ], [ 8.619813483871345, 47.238527821342636 ], [ 8.58722709083689, 47.254821017859868 ], [ 8.549752738847269, 47.285778091242598 ], [ 8.535088861981764, 47.306959246714996 ], [ 8.525312944071429, 47.33465768079428 ], [ 8.55, 47.367 ] ] ] } },
{ "type": "Feature", "properties": { "id": null }, "geometry": { "type": "MultiLineString", "coordinates": [ [ [ 8.55, 47.367 ], [ 8.558062269071051, 47.39901580703733 ], [ 8.601239239841703, 47.409606384773525 ], [ 8.628937673920991, 47.414494343728691 ], [ 8.658265427651999, 47.425084921464887 ], [ 8.684334542079563, 47.432416859897643 ], [ 8.70062773859679, 47.447895396589011 ], [ 8.707145017203681, 47.472335191364849 ], [ 8.707959677029542, 47.489443047707937 ], [ 8.722623553895046, 47.501662945095859 ], [ 8.707145017203681, 47.52528808004584 ], [ 8.693295800164037, 47.539951956911338 ], [ 8.690851820686454, 47.561947772209599 ], [ 8.694110459989899, 47.581499608030271 ], [ 8.694110459989899, 47.593719505418193 ], [ 8.687593181383008, 47.610827361761281 ], [ 8.672929304517503, 47.634452496711262 ], [ 8.65256280887097, 47.644228414621594 ], [ 8.644416210612356, 47.655633652183653 ], [ 8.632196313224435, 47.671926848700885 ], [ 8.630143878919815, 47.701903415672604 ] ] ] } },
{ "type": "Feature", "properties": { "id": null }, "geometry": { "type": "MultiLineString", "coordinates": [ [ [ 7.59025386015299, 47.557060091744553 ], [ 7.638637189603926, 47.536041589747214 ], [ 7.670408922812518, 47.527894991488601 ], [ 7.692404738110775, 47.518119073578262 ], [ 7.708697934628002, 47.518119073578262 ], [ 7.739655008010733, 47.531153630792048 ], [ 7.764909462612436, 47.54092954870238 ], [ 7.790056416441101, 47.560099269969278 ] ] ] } },
{ "type": "Feature", "properties": { "id": null }, "geometry": { "type": "MultiLineString", "coordinates": [ [ [ 7.790056416441101, 47.560099269969278 ], [ 7.860550526168562, 47.541907140493429 ], [ 7.928981951540916, 47.541907140493429 ], [ 7.966456303530538, 47.537019181538255 ], [ 8.039775687858061, 47.509320747458972 ], [ 8.070732761240791, 47.49139823129002 ], [ 8.127758949051087, 47.473475715121069 ], [ 8.165233301040709, 47.465329116862456 ], [ 8.204336972682054, 47.476734354424515 ], [ 8.227147447806173, 47.489768911638301 ], [ 8.26788043909924, 47.489768911638301 ], [ 8.30253333746905, 47.473073814885232 ], [ 8.344458462730207, 47.444147961390065 ], [ 8.383562134371553, 47.427854764872833 ], [ 8.434071043574956, 47.409932248703889 ], [ 8.466657436609411, 47.408302929052162 ], [ 8.51390770650937, 47.388751093231491 ], [ 8.550104775918951, 47.367077177359604 ] ] ] } },
{ "type": "Feature", "properties": { "id": null }, "geometry": { "type": "MultiLineString", "coordinates": [ [ [ 7.456490814012168, 46.951700959620922 ], [ 7.484829414481304, 47.008793750449762 ], [ 7.546743561246767, 47.06093197930489 ], [ 7.56629539706744, 47.093518372339339 ], [ 7.57281267567433, 47.126104765373796 ], [ 7.589105872191557, 47.165208437015139 ], [ 7.582588593584666, 47.191277551442703 ], [ 7.540951082816599, 47.20523295640043 ], [ 7.484829414481304, 47.201053469353042 ], [ 7.445725742839958, 47.191277551442703 ], [ 7.38055295677105, 47.168467076318585 ], [ 7.338190645826259, 47.161949797711699 ], [ 7.279535138364242, 47.15217387980136 ], [ 7.259983302543569, 47.165208437015139 ], [ 7.214362352295333, 47.188018912139256 ], [ 7.204586434384996, 47.217346665870267 ], [ 7.233914188116006, 47.243415780297831 ], [ 7.312121531398696, 47.243415780297831 ], [ 7.367518399557268, 47.256450337511616 ], [ 7.374035678164159, 47.279260812635734 ], [ 7.38055295677105, 47.308588566366737 ], [ 7.356678770420442, 47.360171441055208 ] ] ] } },
{ "type": "Feature", "properties": { "id": null }, "geometry": { "type": "MultiLineString", "coordinates": [ [ [ 7.374035678164159, 47.279260812635734 ], [ 7.45876030005374, 47.269484894725394 ], [ 7.491346693088195, 47.240157140994384 ], [ 7.540951082816599, 47.20523295640043 ] ] ] } },
{ "type": "Feature", "properties": { "id": null }, "geometry": { "type": "MultiLineString", "coordinates": [ [ [ 7.540951082816599, 47.20523295640043 ], [ 7.57721183873398, 47.207244884029578 ], [ 7.590246395947762, 47.208059543855441 ], [ 7.614686190723603, 47.223538080546803 ], [ 7.644828604280473, 47.239016617238171 ], [ 7.665195099927007, 47.24634855567092 ], [ 7.693708193832155, 47.253680494103676 ], [ 7.710001390349381, 47.262641752188152 ], [ 7.726294586866609, 47.28137892818296 ], [ 7.758880979901063, 47.298486784526048 ], [ 7.792282032761379, 47.309077362262251 ], [ 7.810204548930328, 47.31070668191397 ], [ 7.849308220571674, 47.308262702436387 ], [ 7.880265293954405, 47.307448042610524 ], [ 7.901707934369594, 47.32172425047694 ] ] ] } },
{ "type": "Feature", "properties": { "id": null }, "geometry": { "type": "MultiLineString", "coordinates": [ [ [ 7.25, 43.7 ], [ 7.288501488072585, 43.718797681144636 ], [ 7.311413795674937, 43.743542973355176 ], [ 7.33570084173343, 43.773787219390286 ], [ 7.358154903183735, 43.79972395159615 ], [ 7.351739457055077, 43.829968197631253 ], [ 7.359071395487829, 43.845548566800858 ], [ 7.375018361579066, 43.857646265214889 ], [ 7.382121176935795, 43.864978203647645 ], [ 7.395868561497206, 43.872310142080394 ], [ 7.416718761415346, 43.871851895928344 ], [ 7.428404038292546, 43.857646265214889 ], [ 7.442609669006004, 43.8597083728991 ], [ 7.449025115134662, 43.877809095904958 ] ] ] } },
{ "type": "Feature", "properties": { "id": null }, "geometry": { "type": "MultiLineString", "coordinates": [ [ [ 7.491102295140458, 43.77052094265089 ], [ 7.491321234968603, 43.794133348541166 ], [ 7.483531050383804, 43.805589502342343 ], [ 7.47940683501538, 43.825752333032412 ], [ 7.462222604313617, 43.84133270220201 ], [ 7.448246096676182, 43.854621840611379 ], [ 7.442609669006004, 43.8597083728991 ] ] ] } },
{ "type": "Feature", "properties": { "id": null }, "geometry": { "type": "MultiLineString", "coordinates": [ [ [ 7.449025115134662, 43.877809095904958 ], [ 7.480414976549883, 43.879917028204389 ], [ 7.495995345719483, 43.891373182005566 ], [ 7.510659222584987, 43.912452504999727 ], [ 7.52119888408207, 43.927574628017283 ], [ 7.517166317944056, 43.937106147979854 ], [ 7.518999302552245, 43.950395286389217 ], [ 7.525414748680903, 43.964830040178697 ], [ 7.539849502470385, 43.971932855535428 ], [ 7.548556179359278, 43.987971470857076 ], [ 7.563632477761625, 44.020506947652407 ], [ 7.585170046907836, 44.036545562974055 ], [ 7.589752508428306, 44.058999624424359 ], [ 7.599375677621294, 44.074579993593957 ], [ 7.592960231492635, 44.090618608915605 ], [ 7.589752508428306, 44.099325285804497 ], [ 7.57371389310666, 44.105740731933153 ], [ 7.567298446978001, 44.111697931909767 ], [ 7.566381954673908, 44.120862854950708 ], [ 7.567298446978001, 44.135068485664164 ], [ 7.573530594645841, 44.1618300609437 ], [ 7.568031640821276, 44.181992891633769 ], [ 7.577196563862217, 44.195740276195181 ], [ 7.570781117733559, 44.222318553013906 ], [ 7.553367763955771, 44.238815414487604 ], [ 7.525872994832949, 44.25806175287358 ], [ 7.515791579487915, 44.28280704508412 ], [ 7.495628748797845, 44.305719352686474 ], [ 7.489213302669186, 44.327715167984728 ], [ 7.501127702622409, 44.349710983282989 ], [ 7.516708071792008, 44.357042921715738 ], [ 7.533221349135069, 44.382791072489205 ], [ 7.557766927015422, 44.415148533795318 ], [ 7.566015357752269, 44.44081031830995 ], [ 7.57518028079321, 44.471971056649146 ], [ 7.57976274231368, 44.493050379643314 ], [ 7.600842065307844, 44.521461641070225 ], [ 7.623754372910195, 44.559037825538084 ], [ 7.632919295951136, 44.571868717795404 ], [ 7.654915111249394, 44.590198563877287 ], [ 7.663163541986241, 44.599363486918222 ], [ 7.667, 44.633 ] ] ] } },
{ "type": "Feature", "properties": { "id": null }, "geometry": { "type": "MultiLineString", "coordinates": [ [ [ 7.667, 44.633 ], [ 7.668845794271624, 44.663151351283183 ], [ 7.679843701920753, 44.688813135797815 ], [ 7.684426163441223, 44.716307904920633 ], [ 7.683509671137129, 44.734637751002516 ], [ 7.693591086482164, 44.750218120172114 ], [ 7.70183951721901, 44.777712889294939 ], [ 7.696340563394446, 44.797875719985008 ], [ 7.709171455651763, 44.822621012195548 ], [ 7.717, 44.85 ], [ 7.730250778645927, 44.871195104312534 ], [ 7.738499209382773, 44.895940396523073 ], [ 7.739415701686868, 44.921602181037706 ], [ 7.720169363300892, 44.948180457856438 ], [ 7.713753917172234, 44.962844334721943 ], [ 7.70028148030205, 44.988597768466995 ], [ 7.681493388068122, 45.003261645332501 ], [ 7.67416144963537, 45.022966229870519 ], [ 7.667, 45.05 ] ] ] } },
{ "type": "Feature", "properties": { "id": null }, "geometry": { "type": "MultiLineString", "coordinates": [ [ [ 7.667, 44.633 ], [ 7.707338471043575, 44.579200656228146 ], [ 7.717, 44.55 ], [ 7.743998163207338, 44.509547241116998 ], [ 7.765993978505596, 44.483885456602366 ], [ 7.778824870762913, 44.42706293374853 ], [ 7.816949058608554, 44.383023289280459 ], [ 7.894302901078766, 44.375739364719266 ], [ 7.952958408540787, 44.384904287760207 ], [ 7.991451085312738, 44.386737272368393 ], [ 8.050106592774759, 44.372073395502888 ], [ 8.094098223371274, 44.370240410894702 ], [ 8.13808985396779, 44.372073395502888 ], [ 8.149087761616919, 44.361075487853761 ], [ 8.218741176728068, 44.357409518637382 ], [ 8.270064745757336, 44.364741457070132 ], [ 8.35621502234218, 44.33174773412275 ], [ 8.392874714505943, 44.326248780298187 ], [ 8.429534406669706, 44.306085949608111 ], [ 8.458156257512876, 44.309985958533581 ] ] ] } },
{ "type": "Feature", "properties": { "id": null }, "geometry": { "type": "MultiLineString", "coordinates": [ [ [ 7.667, 45.05 ], [ 7.605607825289133, 45.026815497547702 ], [ 7.56894813312537, 45.002070205337162 ], [ 7.5487853024353, 44.976408420822523 ], [ 7.507543148751068, 44.96266103626111 ], [ 7.495628748797845, 44.948913651699705 ], [ 7.480048379628245, 44.924168359489165 ], [ 7.459885548938176, 44.917752913360502 ], [ 7.419559887558036, 44.906755005711375 ], [ 7.394814595347497, 44.89209112884587 ], [ 7.36640333392058, 44.884759190413121 ], [ 7.327910657148629, 44.882009713500835 ] ] ] } },
{ "type": "Feature", "properties": { "id": null }, "geometry": { "type": "MultiLineString", "coordinates": [ [ [ 7.053215001304221, 45.141262474021318 ], [ 7.047234889019817, 45.133311903283428 ], [ 7.033487504458407, 45.128271195610914 ], [ 7.017907135288807, 45.126438211002721 ], [ 6.999348166130902, 45.123917857166461 ], [ 6.982622181581185, 45.11773153411383 ], [ 6.929809835887343, 45.096077947070505 ] ] ] } },
{ "type": "Feature", "properties": { "id": null }, "geometry": { "type": "MultiLineString", "coordinates": [ [ [ 6.929809835887343, 45.096077947070505 ], [ 6.890927126556574, 45.072456814291584 ], [ 6.84968497287234, 45.051377491297423 ], [ 6.833142286783443, 45.032589399063504 ], [ 6.823106696053612, 45.018383768350034 ], [ 6.819440726837236, 45.007385860700907 ], [ 6.803860357667636, 44.985390045402646 ], [ 6.797444911538978, 44.965227214712577 ], [ 6.794695434626695, 44.952396322455265 ], [ 6.81577475762086, 44.938648937893852 ], [ 6.860682880521469, 44.945064384022508 ], [ 6.876263249691069, 44.956978783975728 ], [ 6.903758018813891, 44.975308630057611 ], [ 6.936751741761277, 45.009218845309093 ], [ 6.955081587843159, 45.02571570678279 ], [ 6.997240233831485, 45.04954450668923 ], [ 7.032066941387061, 45.045878537472859 ], [ 7.050619789749596, 45.035531439866759 ], [ 7.080641033504047, 45.02571570678279 ], [ 7.124632664100562, 45.011051829917285 ], [ 7.159459371656137, 44.981724076186275 ], [ 7.207116971469029, 44.95422930706345 ], [ 7.238277709808227, 44.926734537940625 ], [ 7.252025094369638, 44.898323276513707 ], [ 7.278603371188367, 44.883659399648202 ], [ 7.306098140311189, 44.879993430431831 ], [ 7.327910657148629, 44.882009713500835 ] ] ] } },
{ "type": "Feature", "properties": { "id": null }, "geometry": { "type": "MultiLineString", "coordinates": [ [ [ 6.643025500728369, 44.899973459837732 ], [ 6.67637627816815, 44.911429116462266 ], [ 6.692598191950616, 44.924076710258774 ], [ 6.721467699529579, 44.930033910235387 ], [ 6.752628437868777, 44.936907602516087 ], [ 6.766834068582235, 44.950654987077499 ], [ 6.766834068582235, 44.950654987077499 ], [ 6.786996899272305, 44.950654987077499 ], [ 6.794695434626695, 44.952396322455265 ] ] ] } },
{ "type": "Feature", "properties": { "id": null }, "geometry": { "type": "MultiLineString", "coordinates": [ [ [ 6.84968497287234, 45.051377491297423 ], [ 6.823839889896886, 45.040242109802676 ], [ 6.786492828505052, 45.042762463638937 ], [ 6.760143674762348, 45.047344925159408 ], [ 6.739522597920231, 45.054218617440114 ], [ 6.710653090341268, 45.079422155802696 ], [ 6.698074233467576, 45.071379935834287 ], [ 6.690169487344765, 45.069432389688089 ], [ 6.683410356602071, 45.06038202818516 ], [ 6.675047364327212, 45.051789912834273 ], [ 6.659925241309661, 45.050644297454156 ], [ 6.656350921323694, 45.038454949809697 ], [ 6.657038290551764, 45.024478442172267 ], [ 6.653372321335388, 45.021041596031914 ], [ 6.637104582937718, 45.017604749891561 ], [ 6.616689716864023, 45.018062996043618 ], [ 6.602713209226589, 45.019094049885723 ], [ 6.589538632355237, 45.021041596031928 ], [ 6.572354401653473, 45.023332826792164 ], [ 6.562272986308438, 45.027457042160584 ], [ 6.55138964019732, 45.03181038060503 ], [ 6.535144814107255, 45.04972780515007 ], [ 6.524605152610174, 45.060725712799197 ], [ 6.509024783440574, 45.063933435863525 ], [ 6.509024783440575, 45.080980192719679 ], [ 6.495964768107234, 45.086708269620267 ], [ 6.475801937417164, 45.086479146544242 ], [ 6.465376837458094, 45.086250023468224 ], [ 6.449223660598435, 45.084646161936043 ], [ 6.434330660656907, 45.088312131152421 ], [ 6.427456968376202, 45.0832714234799 ], [ 6.419437660715379, 45.080292823491597 ], [ 6.412563968434672, 45.073648254286915 ], [ 6.407294137686132, 45.060817362029596 ], [ 6.396296230037003, 45.051744088219081 ], [ 6.400420445405427, 45.040746180569947 ], [ 6.399045706949285, 45.033414242137198 ], [ 6.407752383838179, 45.032497749833105 ], [ 6.411418353054556, 45.038913195961761 ], [ 6.425165737615966, 45.040287934417904 ], [ 6.437996629873283, 45.036621965201526 ], [ 6.453576999042883, 45.025165811400349 ], [ 6.454035245194929, 45.024249319096256 ], [ 6.468240875908388, 45.0169173806635 ], [ 6.474198075884999, 44.99996227303776 ], [ 6.494360906575069, 44.981632426955883 ], [ 6.509483029592621, 44.973383996219034 ], [ 6.525979891066314, 44.966510303938328 ], [ 6.539727275627726, 44.958261873201479 ], [ 6.554391152493231, 44.949096950160545 ], [ 6.569055029358736, 44.943597996335974 ], [ 6.580969429311959, 44.93397482714299 ], [ 6.59929927539384, 44.927101134862284 ], [ 6.609380690738876, 44.922518673341813 ], [ 6.623128075300286, 44.916561473365199 ], [ 6.629543521428945, 44.905105319564029 ], [ 6.643025500728369, 44.899973459837732 ] ] ] } },
{ "type": "Feature", "properties": { "id": null }, "geometry": { "type": "MultiLineString", "coordinates": [ [ [ 6.792600784810978, 44.757279165729457 ], [ 6.768667053190423, 44.748614258639954 ], [ 6.748962468652401, 44.756862689376803 ], [ 6.73911017638339, 44.76786059702593 ], [ 6.733382099482802, 44.78229535081541 ], [ 6.73063262257052, 44.795584489224773 ], [ 6.733382099482802, 44.801312566125361 ], [ 6.734069468710873, 44.804749412265714 ], [ 6.735902453319061, 44.808415381482092 ], [ 6.736589822547131, 44.811393981470395 ], [ 6.734298591786896, 44.819642412207244 ], [ 6.733840345634849, 44.821246273739412 ], [ 6.73063262257052, 44.825370489107833 ], [ 6.723942228750634, 44.833527270614283 ], [ 6.722109244142445, 44.841317455199082 ], [ 6.725316967206775, 44.852315362848209 ], [ 6.726416757971688, 44.859555652050545 ], [ 6.723896404135429, 44.868033205863412 ], [ 6.711523758030158, 44.868491452015462 ], [ 6.698005496544771, 44.871928298155815 ], [ 6.687236711971666, 44.878343744284471 ], [ 6.666157388977502, 44.883155328880967 ], [ 6.649431404427785, 44.886821298097345 ], [ 6.643155042661103, 44.899707493233883 ], [ 6.643025500728369, 44.899973459837732 ] ] ] } },
{ "type": "Feature", "properties": { "id": null }, "geometry": { "type": "MultiLineString", "coordinates": [ [ [ 6.792600784810978, 44.757279165729457 ], [ 6.813254403784601, 44.761490975512487 ], [ 6.823564942205659, 44.76240746781658 ], [ 6.825856172965895, 44.754617283231781 ], [ 6.830896880638412, 44.74957657555926 ], [ 6.8327298652466, 44.741786390974461 ], [ 6.838228819071165, 44.733767083313637 ], [ 6.846248126731988, 44.725518652576795 ], [ 6.856558665153046, 44.722540052588485 ], [ 6.88153308043961, 44.723914791044628 ], [ 6.894363972696927, 44.719561452600182 ], [ 6.911089957246643, 44.717041098763922 ], [ 6.925524711036125, 44.704897575734677 ], [ 6.941563326357771, 44.699169498834088 ], [ 6.956456326299301, 44.695274406541692 ], [ 6.978452141597558, 44.690921068097239 ], [ 6.979139510825629, 44.677173683535834 ], [ 6.986196501567153, 44.67916705429726 ], [ 6.991008086163647, 44.674470031238776 ], [ 6.987227555409259, 44.669429323566256 ], [ 6.987914924637329, 44.661868262057482 ], [ 6.986998432333236, 44.656942115922973 ], [ 6.992955632309847, 44.661982823595494 ], [ 6.989862470783529, 44.655338254390813 ], [ 6.992955632309847, 44.651786846712447 ], [ 7.008650563017458, 44.6415908698294 ], [ 7.016898993754305, 44.632769631402496 ], [ 7.022856193730916, 44.62337558528553 ], [ 7.038115790594082, 44.619526317608333 ], [ 7.049113698243211, 44.614256486859787 ], [ 7.05621651359994, 44.607841040731131 ], [ 7.066297928944975, 44.599363486918264 ], [ 7.070422144313398, 44.589511194649248 ] ] ] } },
{ "type": "Feature", "properties": { "id": null }, "geometry": { "type": "MultiLineString", "coordinates": [ [ [ 5.9, 45.6 ], [ 5.918987038064809, 45.640865341290798 ], [ 5.926318976497561, 45.664694141197245 ], [ 5.929984945713938, 45.694021894928255 ], [ 5.928151961105749, 45.734347556308393 ], [ 5.959312699444948, 45.778339186904908 ], [ 5.983141499351394, 45.804000971419548 ], [ 6.017968206906969, 45.827829771325987 ], [ 6.045462976029791, 45.846159617407871 ], [ 6.072957745152613, 45.877320355747074 ], [ 6.109617437316376, 45.921311986343589 ], [ 6.126114298790069, 45.96713660154829 ], [ 6.127947283398258, 46.00379629371205 ], [ 6.102285498883623, 46.029458078226689 ], [ 6.085055443566654, 46.059519025800974 ], [ 6.08872141278303, 46.101677671789304 ], [ 6.086888428174842, 46.12000751787118 ], [ 6.093487172764321, 46.147044040841962 ], [ 6.103568588109356, 46.164457394619745 ], [ 6.118690711126908, 46.163999148467703 ], [ 6.12923037262399, 46.17453880996478 ], [ 6.149633751807857, 46.199273439245864 ] ] ] } },
{ "type": "Feature", "properties": { "id": null }, "geometry": { "type": "MultiLineString", "coordinates": [ [ [ 5.809374558495157, 45.826546682100236 ], [ 5.822205450752474, 45.837086343597321 ], [ 5.834578096857744, 45.838461082053456 ], [ 5.852907942939625, 45.841210558965741 ], [ 5.870504595178232, 45.84936734047217 ], [ 5.883793733587595, 45.851429448156381 ], [ 5.882418995131454, 45.864947709641768 ], [ 5.883335487435549, 45.877091232671013 ], [ 5.882877241283501, 45.894275463372779 ], [ 5.897082871996959, 45.895879324904946 ], [ 5.908539025798135, 45.897941432589157 ], [ 5.914496225774747, 45.904815124869863 ], [ 5.929389225716275, 45.906877232554073 ], [ 5.933009370317448, 45.937442250895614 ], [ 5.924760939580601, 45.950273143152934 ], [ 5.917429001147848, 45.961729296954104 ], [ 5.914679524235567, 45.975476681515516 ], [ 5.924302693428555, 45.994723019901492 ], [ 5.920636724212178, 46.013969358287468 ], [ 5.923019604202821, 46.016673010584526 ], [ 5.931038911863644, 46.016902133660551 ] ] ] } },
{ "type": "Feature", "properties": { "id": null }, "geometry": { "type": "MultiLineString", "coordinates": [ [ [ 5.931038911863644, 46.016902133660551 ], [ 5.946619281033243, 46.022401087485115 ], [ 5.953492973313948, 46.030191272069914 ], [ 5.963116142506936, 46.030649518221963 ], [ 5.973655804004018, 46.040730933566998 ], [ 5.980529496284724, 46.047604625847704 ], [ 5.984882834729171, 46.060893764257067 ], [ 5.993131265466017, 46.070058687298001 ], [ 6.007336896179475, 46.074641148818472 ], [ 6.017647434600534, 46.086097302619649 ], [ 6.024062880729192, 46.096178717964683 ], [ 6.040788865278909, 46.112217333286331 ], [ 6.044454834495285, 46.114966810198617 ], [ 6.053848880612249, 46.118174533262945 ], [ 6.066908895945589, 46.126422963999786 ], [ 6.073782588226296, 46.136733502420846 ], [ 6.08386400357133, 46.142232456245409 ], [ 6.093487172764321, 46.147044040841962 ] ] ] } },
{ "type": "Feature", "properties": { "id": null }, "geometry": { "type": "MultiLineString", "coordinates": [ [ [ 6.149606955296915, 46.19925523378425 ], [ 6.122448329573697, 46.22558743130277 ], [ 6.134820975678966, 46.256748169641966 ], [ 6.165523467866118, 46.302572784846667 ], [ 6.194851221597128, 46.33281703088177 ], [ 6.224912169171414, 46.376075467634998 ], [ 6.270736784376117, 46.41456814440695 ], [ 6.316561399580821, 46.470474174956685 ], [ 6.398129214645193, 46.469557682652592 ], [ 6.45586822980312, 46.494302974863132 ], [ 6.492023851199632, 46.510891485567242 ], [ 6.539269029475681, 46.541044082371933 ], [ 6.562181337078033, 46.543793559284211 ] ] ] } },
{ "type": "Feature", "properties": { "id": null }, "geometry": { "type": "MultiLineString", "coordinates": [ [ [ 6.224912169171414, 46.376075467634998 ], [ 6.211897978453279, 46.401553953688818 ], [ 6.206857270780761, 46.416217830554324 ], [ 6.211897978453279, 46.431798199723922 ], [ 6.224270624558549, 46.454252261174226 ], [ 6.244891701400666, 46.474873338016344 ], [ 6.265512778242782, 46.490453707185942 ], [ 6.274036156670857, 46.502826353291212 ], [ 6.305196895010056, 46.508096184039751 ], [ 6.317202944193689, 46.507088042505252 ], [ 6.344697713316511, 46.514649104014026 ], [ 6.35569562096564, 46.519231565534497 ], [ 6.33553279027557, 46.535270180856145 ], [ 6.345614205620604, 46.540310888528666 ], [ 6.368068267070909, 46.546497211581297 ], [ 6.375171082427639, 46.552683534633935 ] ] ] } },
{ "type": "Feature", "properties": { "id": null }, "geometry": { "type": "MultiLineString", "coordinates": [ [ [ 6.492023851199632, 46.510891485567242 ], [ 6.483317174310739, 46.515703070163731 ], [ 6.472090143585586, 46.52601360858479 ], [ 6.454218543655752, 46.528075716269008 ], [ 6.446428359070952, 46.526242731660815 ], [ 6.439096420638199, 46.532199931637429 ], [ 6.433368343737611, 46.541135731602346 ], [ 6.428556759141117, 46.550300654643287 ], [ 6.417100605339941, 46.550988023871355 ], [ 6.399687251562154, 46.55167539309943 ], [ 6.375171082427639, 46.552683534633935 ] ] ] } },
{ "type": "Feature", "properties": { "id": null }, "geometry": { "type": "MultiLineString", "coordinates": [ [ [ 12.245612108526457, 45.666774423005151 ], [ 12.163293503805519, 45.66290188958039 ], [ 12.099750037388331, 45.670233828013139 ], [ 12.067978304179737, 45.665345869057973 ], [ 12.004434837762549, 45.660457910102799 ], [ 11.931115453435023, 45.658013930625216 ], [ 11.887123822838507, 45.670233828013139 ], [ 11.833356274331656, 45.706893520176905 ], [ 11.779588725824803, 45.731333314952742 ], [ 11.73, 45.77 ], [ 11.727287565004501, 45.801719923907164 ], [ 11.704069759967451, 45.831047677638175 ], [ 11.658856139632144, 45.865263390324358 ], [ 11.688183893363155, 45.890925174838991 ], [ 11.722399606049333, 45.912920990137245 ], [ 11.724843585526916, 45.948358692562216 ], [ 11.69795981127349, 45.963022569427721 ], [ 11.660078129370936, 46.005792210285449 ], [ 11.624640426945966, 46.024122056367325 ], [ 11.545211093924479, 46.041229912710413 ], [ 11.502441453066757, 46.049783840881965 ], [ 11.443785945604736, 46.046117871665587 ], [ 11.366800592060834, 46.02534404610612 ], [ 11.306923094860021, 46.007014200024237 ], [ 11.277595341129011, 46.005792210285449 ], [ 11.239713659226457, 46.03878593323283 ], [ 11.217717843928199, 46.065669707486258 ], [ 11.178614172286851, 46.080333584351763 ], [ 11.129245786839601, 46.059366277083377 ] ] ] } },
{ "type": "Feature", "properties": { "id": null }, "geometry": { "type": "MultiLineString", "coordinates": [ [ [ 15.110854952746005, 47.382608048982632 ], [ 15.142626685954598, 47.389328992545991 ], [ 15.163400511514062, 47.39604993610935 ], [ 15.197616224200242, 47.403381874542106 ], [ 15.213502090804539, 47.403992869411496 ], [ 15.237941885580382, 47.394827946370562 ], [ 15.261159690617431, 47.400937895064523 ], [ 15.271546603397164, 47.403992869411496 ] ] ] } },
{ "type": "Feature", "properties": { "id": null }, "geometry": { "type": "MultiLineString", "coordinates": [ [ [ 8.950728393010857, 44.416998513092629 ], [ 8.970407431554754, 44.444934533678648 ], [ 9.007525369870566, 44.449058749047069 ], [ 9.054266477379365, 44.442185056766363 ], [ 9.076949661905694, 44.44287242599443 ], [ 9.088634938782894, 44.449058749047069 ], [ 9.092759154151317, 44.461431395152339 ], [ 9.112005492537294, 44.466242979748834 ], [ 9.125065507870634, 44.477928256626036 ], [ 9.130564461695199, 44.491675641187442 ], [ 9.140875000116258, 44.499924071924291 ], [ 9.158746600046094, 44.509547241117282 ], [ 9.182804523028564, 44.508859871889207 ], [ 9.208305921389982, 44.511059453419037 ], [ 9.223428044407536, 44.517933145699743 ], [ 9.235113321284736, 44.522057361068164 ], [ 9.241643328951405, 44.527556314892728 ], [ 9.249891759688252, 44.52686894566466 ], [ 9.255734398126853, 44.52686894566466 ], [ 9.260545982723347, 44.531336845647118 ], [ 9.261577036565452, 44.539585276383967 ], [ 9.263295459635629, 44.545084230208531 ], [ 9.273949682670724, 44.549208445576951 ], [ 9.281785691870727, 44.551889185566424 ], [ 9.284535168783009, 44.56082498553134 ], [ 9.284535168783009, 44.566323939355904 ], [ 9.278348845730374, 44.57319763163661 ], [ 9.275943053432128, 44.577321847005038 ] ] ] } },
{ "type": "Feature", "properties": { "id": null }, "geometry": { "type": "MultiLineString", "coordinates": [ [ [ 9.112005492537294, 44.466242979748834 ], [ 9.123415821723261, 44.465968032057624 ], [ 9.134413729372392, 44.468373824355872 ], [ 9.13750689089871, 44.465280662829549 ], [ 9.131664252460109, 44.45668854747867 ], [ 9.128227406319755, 44.450158539812001 ], [ 9.139225313968886, 44.44259747830322 ], [ 9.149192167775908, 44.438129578320762 ], [ 9.163970606179426, 44.437442209092694 ], [ 9.172906406144344, 44.434005362952341 ], [ 9.181842206109261, 44.43022483219795 ], [ 9.190434321460144, 44.42610061682953 ], [ 9.202119598337344, 44.422663770689176 ], [ 9.208649606004014, 44.420601663004966 ], [ 9.212773821372437, 44.418883239934786 ], [ 9.224802782863673, 44.415102709180402 ], [ 9.232020159758413, 44.411665863040049 ], [ 9.236144375126838, 44.408572701513727 ], [ 9.248517021232107, 44.403073747689163 ], [ 9.258483875039131, 44.39963690154881 ], [ 9.260889667337379, 44.395856370794426 ], [ 9.266388621161942, 44.392763209268104 ], [ 9.274980736512825, 44.388295309285645 ], [ 9.277730213425107, 44.38520214775933 ], [ 9.291065176449679, 44.378603403169841 ], [ 9.303437822554951, 44.372417080117209 ], [ 9.317872576344433, 44.368980233976856 ], [ 9.329901537835667, 44.364856018608428 ], [ 9.339181022414621, 44.362793910924218 ], [ 9.34502366085322, 44.356263903257549 ], [ 9.35017893006375, 44.3480154725207 ], [ 9.350522614677786, 44.342172834082099 ], [ 9.346398399309361, 44.328769134134724 ], [ 9.340899445484796, 44.322239126468055 ], [ 9.335744176274268, 44.314678064959281 ], [ 9.327152060923385, 44.315021749573312 ] ] ] } },
{ "type": "Feature", "properties": { "id": null }, "geometry": { "type": "MultiLineString", "coordinates": [ [ [ 9.428057863604145, 44.270205275903116 ], [ 9.433969238965545, 44.263537794390807 ], [ 9.446685569684851, 44.260788317478529 ], [ 9.46215137731644, 44.258038840566243 ], [ 9.471087177281357, 44.253570940583785 ], [ 9.480366661860311, 44.249790409829394 ], [ 9.495488784877862, 44.247040932917116 ], [ 9.504768269456816, 44.23844881756623 ], [ 9.514047754035769, 44.230544071443418 ], [ 9.524358292456828, 44.22401406377675 ], [ 9.53879304624631, 44.219889848408329 ], [ 9.553227800035792, 44.212672471513585 ], [ 9.562163600000709, 44.206486148460947 ], [ 9.580378884544579, 44.199956140794278 ], [ 9.592751530649849, 44.197894033110067 ], [ 9.597563115246343, 44.189645602373218 ], [ 9.595157322948097, 44.181397171636377 ], [ 9.604436807527049, 44.17280505628549 ], [ 9.613716292106002, 44.168680840917069 ], [ 9.631587892035837, 44.175210848583738 ], [ 9.646022645825319, 44.172117687057423 ], [ 9.657364238088483, 44.163525571706536 ], [ 9.66423793036919, 44.159745040952153 ], [ 9.675785733400778, 44.157407985576718 ], [ 9.685752587207801, 44.153971139436365 ], [ 9.700874710225353, 44.150190608681974 ], [ 9.709466825576236, 44.145379024085486 ], [ 9.716340517856942, 44.137130593348637 ], [ 9.727682110120107, 44.128538477997751 ], [ 9.736961594699059, 44.123383208787224 ], [ 9.744178971593801, 44.116509516506518 ], [ 9.753458456172753, 44.108261085769669 ], [ 9.7617068869096, 44.104136870401248 ], [ 9.774766902242941, 44.101387393488963 ], [ 9.783359017593824, 44.098981601190722 ], [ 9.794356925242953, 44.098981601190722 ], [ 9.798824825225411, 44.09795054734861 ], [ 9.812572209786824, 44.098637916576685 ], [ 9.82150800975174, 44.101387393488963 ], [ 9.828381702032447, 44.104136870401248 ] ] ] } },
{ "type": "Feature", "properties": { "id": null }, "geometry": { "type": "MultiLineString", "coordinates": [ [ [ 9.828381702032447, 44.104136870401248 ], [ 9.819102217453498, 44.115547199587226 ], [ 9.821508009751744, 44.123108261096 ], [ 9.831131178944732, 44.131013007218812 ], [ 9.851064886558779, 44.132044061060917 ], [ 9.863437532664049, 44.12104615341179 ], [ 9.87443544031318, 44.112110353446873 ], [ 9.881996501821956, 44.107986138078445 ], [ 9.899180732523719, 44.098019284271423 ], [ 9.909834955558814, 44.090114538148612 ], [ 9.914302855541273, 44.084959268938086 ], [ 9.923926024734261, 44.093207699674927 ], [ 9.930799717014967, 44.099737707341603 ], [ 9.935954986225497, 44.102143499639844 ], [ 9.948327632330766, 44.105580345780197 ], [ 9.960356593822002, 44.11073561499073 ] ] ] } },
{ "type": "Feature", "properties": { "id": null }, "geometry": { "type": "MultiLineString", "coordinates": [ [ [ 10.057805183866732, 44.867193087917855 ], [ 10.059578341893975, 44.852063327464833 ], [ 10.065420980332576, 44.844502265956059 ], [ 10.07384125337644, 44.841065419815706 ], [ 10.083636264876445, 44.83848778521044 ], [ 10.092400222534346, 44.832129619850789 ], [ 10.093603118683468, 44.818725919903414 ], [ 10.088276007165922, 44.80944643532446 ], [ 10.08037126104311, 44.802572743043754 ], [ 10.078824680279951, 44.792605889236732 ], [ 10.071263618771175, 44.788309831561293 ], [ 10.060403184967662, 44.782123508508661 ], [ 10.047343169634321, 44.778514820061297 ], [ 10.042531585037827, 44.776280870070067 ], [ 10.032392888923786, 44.770953758552515 ], [ 10.028612358169399, 44.769579020096373 ], [ 10.032908415844839, 44.760643220131456 ], [ 10.042875269651862, 44.757206373991103 ], [ 10.036860788906244, 44.75376952785075 ], [ 10.033939469686946, 44.750332681710397 ], [ 10.028612358169399, 44.748270574026186 ], [ 10.032564731230805, 44.744661885578815 ], [ 10.039782108125545, 44.74139688174548 ], [ 10.04528106195011, 44.732804766394601 ], [ 10.053873177300991, 44.728336866412143 ], [ 10.064871084950122, 44.725931074113895 ], [ 10.071401092616792, 44.725587389499857 ], [ 10.084461107950133, 44.723525281815647 ], [ 10.08978821946768, 44.722150543359504 ], [ 10.096661911748386, 44.716136062613892 ], [ 10.100442442502773, 44.710293424175291 ], [ 10.101817180958914, 44.705825524192832 ], [ 10.106456923248391, 44.70221683574546 ], [ 10.115289617829101, 44.699811043447227 ] ] ] } },
{ "type": "Feature", "properties": { "id": null }, "geometry": { "type": "MultiLineString", "coordinates": [ [ [ 10.120169939348399, 44.602754508443638 ], [ 10.115083407060679, 44.606947460734865 ], [ 10.115255249367696, 44.609868779954169 ], [ 10.113536826297519, 44.611759045331361 ], [ 10.112162087841378, 44.612446414559436 ], [ 10.105288395560672, 44.610384306875218 ], [ 10.100648653271195, 44.607806672269959 ], [ 10.092228380227331, 44.607806672269959 ], [ 10.086557584095749, 44.610040622261188 ], [ 10.079855734122061, 44.617257999155925 ], [ 10.076934414902761, 44.620351160682247 ], [ 10.077278099516796, 44.624647218357687 ], [ 10.078824680279954, 44.630661699103307 ], [ 10.079512049508025, 44.639253814454186 ], [ 10.078996522586973, 44.642862502901558 ], [ 10.078652837972937, 44.643893556743663 ], [ 10.080714945657149, 44.647502245191035 ], [ 10.084151791797503, 44.654375937471741 ], [ 10.089650745622066, 44.657469098998057 ], [ 10.091712853306278, 44.662624368208583 ], [ 10.091712853306278, 44.663655422050688 ], [ 10.09446233021856, 44.666061214348936 ], [ 10.097211807130844, 44.670357272024383 ], [ 10.097727334051896, 44.672591222015612 ], [ 10.095837068674701, 44.676199910462977 ], [ 10.091231694846631, 44.676440489692823 ] ] ] } },
{ "type": "Feature", "properties": { "id": null }, "geometry": { "type": "MultiLineString", "coordinates": [ [ [ 8.617, 44.9 ], [ 8.60816384836154, 44.874677775068356 ], [ 8.587542771519423, 44.866429344331507 ], [ 8.555923787028178, 44.858180913594659 ], [ 8.54630061783519, 44.847183005945531 ], [ 8.540801664010624, 44.838934575208683 ], [ 8.540801664010624, 44.82518719064727 ], [ 8.551799571659753, 44.811439806085865 ], [ 8.551799571659753, 44.803191375349016 ], [ 8.543551140922906, 44.786694513875318 ], [ 8.539426925554483, 44.774321867770048 ], [ 8.539426925554483, 44.770197652401627 ], [ 8.52257618624793, 44.750857884439903 ], [ 8.525679540993071, 44.726206021805112 ], [ 8.532553233273777, 44.704210206506851 ], [ 8.533927971729918, 44.695961775770002 ], [ 8.518805848712365, 44.682214391208589 ], [ 8.499559510326389, 44.676715437384026 ], [ 8.477563695028131, 44.671216483559462 ], [ 8.467940525835143, 44.668467006647184 ], [ 8.456942618186014, 44.664342791278756 ], [ 8.444569972080743, 44.672453748169993 ], [ 8.419824679870201, 44.670391640485782 ], [ 8.389580433835095, 44.659393732836655 ], [ 8.361398295484202, 44.654582148240159 ], [ 8.357961449343849, 44.638772655994536 ], [ 8.360710926256131, 44.625025271433124 ], [ 8.352462495519283, 44.611965256099786 ], [ 8.350400387835073, 44.604404194591005 ], [ 8.352462495519283, 44.589282071573457 ], [ 8.350400387835073, 44.575534687012045 ], [ 8.345588803238579, 44.564536779362918 ], [ 8.337340372501732, 44.555600979397994 ], [ 8.327029834080673, 44.542540964064656 ], [ 8.321187195642072, 44.541853594836589 ], [ 8.313626134133296, 44.527418841047101 ], [ 8.308745812613992, 44.520888833380432 ], [ 8.300497381877145, 44.516420933397974 ], [ 8.315963189508734, 44.498549333468141 ], [ 8.306408757238556, 44.486176687362871 ], [ 8.302284541870131, 44.480677733538307 ], [ 8.30420917570873, 44.464318345910215 ], [ 8.297335483428025, 44.457444653629508 ], [ 8.292867583445565, 44.448165169050561 ], [ 8.296991798813989, 44.44232253061196 ], [ 8.302834437252589, 44.428918830664585 ], [ 8.299053906498202, 44.425481984524232 ], [ 8.291836529603458, 44.419570609162818 ], [ 8.283588098866611, 44.413727970724217 ], [ 8.281869675796434, 44.406510593829481 ], [ 8.283588098866611, 44.3989495323207 ], [ 8.281182306568363, 44.392419524654031 ], [ 8.280838621954329, 44.387607940057535 ], [ 8.28221336041047, 44.379359509320693 ], [ 8.283931783480647, 44.372485817039987 ], [ 8.283931783480647, 44.372485817039987 ], [ 8.281525991182402, 44.368017917057536 ], [ 8.270064745757336, 44.364741457070132 ] ] ] } },
{ "type": "Feature", "properties": { "id": null }, "geometry": { "type": "MultiLineString", "coordinates": [ [ [ 6.149606955296915, 46.19925523378425 ], [ 6.187386900942566, 46.222058935932374 ], [ 6.226566946942588, 46.256083712721868 ], [ 6.262653831416294, 46.281860058774512 ], [ 6.295647554363682, 46.303512189458736 ], [ 6.321423900416328, 46.304543243300841 ], [ 6.361635000258458, 46.288046381827151 ], [ 6.412156638521646, 46.281860058774512 ], [ 6.438964038416398, 46.303512189458736 ], [ 6.452367738363774, 46.314853781721901 ], [ 6.481237245942738, 46.329288535511388 ], [ 6.497734107416433, 46.350940666195605 ], [ 6.520417291942762, 46.366406473827197 ], [ 6.533820991890138, 46.369499635353513 ], [ 6.602901599311231, 46.372592796879829 ], [ 6.624553729995455, 46.374654904564046 ], [ 6.661671668311266, 46.379810173774572 ], [ 6.715286468100771, 46.382903335300888 ], [ 6.759621783311323, 46.381872281458783 ], [ 6.804988152363982, 46.376717012248257 ], [ 6.843137144521899, 46.372592796879829 ], [ 6.87839918592192, 46.343104656995607 ], [ 6.916548178079837, 46.299800395627159 ], [ 6.936138201079848, 46.268868780363981 ], [ 6.957790331764071, 46.244123488153441 ], [ 6.983566677816718, 46.194632903732362 ], [ 7.010374077711471, 46.158546019258658 ], [ 7.036150423764117, 46.120397027100736 ], [ 7.05780255444834, 46.099775950258618 ] ] ] } },
{ "type": "Feature", "properties": { "id": null }, "geometry": { "type": "MultiLineString", "coordinates": [ [ [ 7.05780255444834, 46.099775950258618 ], [ 7.087703115869409, 46.14081189317443 ], [ 7.134512960301016, 46.163598183084979 ], [ 7.161835887116821, 46.173393194584982 ], [ 7.192767502379997, 46.188343475295518 ], [ 7.226792279169491, 46.199685067558683 ], [ 7.265456798248461, 46.213604294427107 ], [ 7.297419467353743, 46.223399305927117 ], [ 7.338146094116925, 46.236287478953436 ], [ 7.348972159459036, 46.238865113558703 ] ] ] } },
{ "type": "Feature", "properties": { "id": null }, "geometry": { "type": "MultiLineString", "coordinates": [ [ [ 6.862108535216646, 45.896245921826925 ], [ 6.882729612058764, 45.92408437556378 ], [ 6.898195419690352, 45.937488075511162 ], [ 6.92603387342721, 45.956047044669063 ], [ 6.932220196479846, 45.980792336879603 ], [ 6.942530734900904, 45.996258144511195 ], [ 6.934282304164057, 46.018941329037524 ], [ 6.941499681058798, 46.069462967300709 ], [ 6.962120757900916, 46.077711398037557 ], [ 6.982741834743033, 46.073587182669137 ], [ 7.005425019269362, 46.066369805774393 ], [ 7.029139257637797, 46.072556128827031 ], [ 7.05780255444834, 46.099775950258618 ] ] ] } },
{ "type": "Feature", "properties": { "id": null }, "geometry": { "type": "MultiLineString", "coordinates": [ [ [ 6.862108535216646, 45.896245921826925 ], [ 6.902319635058776, 45.863045988111125 ], [ 6.921909658058786, 45.843455965111112 ], [ 6.944592842585116, 45.830052265163737 ], [ 6.966244973269339, 45.784685896111078 ], [ 6.987897103953562, 45.762002711584749 ], [ 6.970369188637763, 45.743443742426841 ], [ 6.947686004111434, 45.716636342532091 ], [ 6.917785442690363, 45.705294750268926 ], [ 6.903350688900881, 45.694984211847867 ], [ 6.884791719742975, 45.675394188847854 ], [ 6.868294858269282, 45.65374205816363 ], [ 6.84870483526927, 45.645493627426788 ], [ 6.847673781427164, 45.631058873637301 ], [ 6.838394296848211, 45.619717281374136 ], [ 6.8012763585324, 45.61662411984782 ], [ 6.772406850953436, 45.6124999044794 ], [ 6.772406850953436, 45.611468850637294 ] ] ] } },
{ "type": "Feature", "properties": { "id": null }, "geometry": { "type": "MultiLineString", "coordinates": [ [ [ 7.865117712817236, 45.462790886605646 ], [ 7.859962443606706, 45.52362306328989 ], [ 7.825937666817213, 45.555585732395173 ], [ 7.807378697659307, 45.574144701553081 ], [ 7.790881836185613, 45.592703670710982 ], [ 7.745374935192243, 45.60955138511337 ], [ 7.723863336448732, 45.633945824395219 ], [ 7.700149098080296, 45.649411632026805 ], [ 7.687776451975026, 45.665908493500503 ], [ 7.683652236606603, 45.693746947237358 ], [ 7.684683290448708, 45.70921275486895 ], [ 7.673341698185544, 45.728802777868957 ], [ 7.665093267448697, 45.749423854711075 ], [ 7.632099544501309, 45.739113316290016 ], [ 7.587764229290757, 45.741175423974234 ], [ 7.565081044764428, 45.741175423974234 ], [ 7.521776783395981, 45.745299639342655 ], [ 7.485689898922276, 45.738082262447911 ], [ 7.450634068290676, 45.730864885553174 ], [ 7.392895053132747, 45.729833831711069 ], [ 7.360932384027466, 45.729833831711069 ], [ 7.322783391869549, 45.730864885553174 ], [ 7.293913884290584, 45.723647508658431 ], [ 7.251640676764243, 45.710243808711056 ], [ 7.208336415395797, 45.699933270289996 ], [ 7.126883161869433, 45.70921275486895 ], [ 7.084609954343092, 45.739113316290016 ], [ 7.021715669974634, 45.740144370132121 ], [ 6.987897103953562, 45.762002711584749 ] ] ] } },
{ "type": "Feature", "properties": { "id": null }, "geometry": { "type": "MultiLineString", "coordinates": [ [ [ 7.896777430299964, 45.409496859122001 ], [ 7.88336736582251, 45.435674170558293 ], [ 7.865117712817236, 45.462790886605646 ] ] ] } },
{ "type": "Feature", "properties": { "id": null }, "geometry": { "type": "MultiLineString", "coordinates": [ [ [ 6.562181337078033, 46.543793559284211 ], [ 6.569701665595419, 46.613859395932657 ], [ 6.569701665595419, 46.659225764985315 ], [ 6.573825880963843, 46.696343703301125 ], [ 6.544956373384878, 46.731399533932724 ], [ 6.487217358226949, 46.731399533932724 ], [ 6.439788881490079, 46.725213210880085 ], [ 6.406795158542692, 46.723151103195875 ], [ 6.375863543279515, 46.770579579932743 ], [ 6.346994035700551, 46.791200656774862 ], [ 6.371739327911092, 46.828318595090671 ], [ 6.36279296875, 46.86859772343162 ], [ 6.353859812205989, 46.899709321940009 ] ] ] } },
{ "type": "Feature", "properties": { "id": null }, "geometry": { "type": "MultiLineString", "coordinates": [ [ [ 6.573825880963843, 46.696343703301125 ], [ 6.596509065490172, 46.743772180037993 ], [ 6.627440680753347, 46.752020610774842 ], [ 6.699614449700759, 46.768517472248533 ], [ 6.767664003279746, 46.805635410564342 ], [ 6.79653351085871, 46.813883841301191 ], [ 6.846024095279792, 46.83450491814331 ], [ 6.901701002753509, 46.840691241195948 ], [ 6.930570510332474, 46.840691241195948 ], [ 6.998620063911461, 46.84687756424858 ], [ 7.05635907906939, 46.886057610248606 ], [ 7.101725448122048, 46.906678687090718 ], [ 7.147091817174706, 46.945858733090745 ], [ 7.202768724648423, 46.960293486880225 ], [ 7.287315139701104, 46.956169271511804 ], [ 7.371861554753785, 46.949982948459166 ], [ 7.456490814012168, 46.951700959620922 ] ] ] } },
{ "type": "Feature", "properties": { "id": null }, "geometry": { "type": "MultiLineString", "coordinates": [ [ [ 7.456490814012168, 46.951700959620922 ], [ 7.510022769595974, 46.916164382438126 ], [ 7.532705954122303, 46.889356982543369 ], [ 7.555389138648632, 46.858425367280198 ], [ 7.571886000122325, 46.81718321359596 ], [ 7.573948107806537, 46.786251598332782 ], [ 7.594569184648654, 46.761506306122243 ], [ 7.604879723069713, 46.736761013911703 ], [ 7.629625015280254, 46.714077829385374 ], [ 7.650246092122371, 46.691394644859045 ], [ 7.662618738227642, 46.681084106437986 ], [ 7.670867168964489, 46.660463029595867 ], [ 7.677053492017125, 46.635717737385328 ], [ 7.662618738227642, 46.610972445174788 ], [ 7.662618738227642, 46.586227152964248 ], [ 7.670867168964489, 46.561481860753702 ], [ 7.6729292766487, 46.55323343001686 ], [ 7.674991384332913, 46.520239707069472 ], [ 7.695612461175029, 46.501680737911563 ], [ 7.687364030438183, 46.470749122648385 ], [ 7.693550353490818, 46.446003830437846 ], [ 7.720357753385571, 46.421258538227306 ], [ 7.743865780985587, 46.393626295258869 ], [ 7.757269480932963, 46.357539410785158 ], [ 7.766548965511916, 46.345166764679888 ], [ 7.694375196564505, 46.342073603153572 ], [ 7.641791450617106, 46.340011495469362 ], [ 7.587145596985494, 46.338980441627257 ], [ 7.565493466301271, 46.328669903206197 ], [ 7.533530797195989, 46.314235149416717 ], [ 7.463419135932789, 46.298769341785125 ], [ 7.44073595140646, 46.28742774952196 ], [ 7.363406913248521, 46.253402972732466 ], [ 7.348972159459036, 46.238865113558703 ] ] ] } },
{ "type": "Feature", "properties": { "id": null }, "geometry": { "type": "MultiLineString", "coordinates": [ [ [ 6.954710817862986, 46.414996972561269 ], [ 6.958821385606176, 46.433012552027314 ], [ 6.944902158737746, 46.443838617369423 ], [ 6.927889770343, 46.454664682711531 ], [ 6.912423962711411, 46.463944167290485 ], [ 6.885616562816659, 46.476316813395755 ], [ 6.855716001395589, 46.478894448001022 ], [ 6.81571111232188, 46.489308091806294 ], [ 6.764158420216587, 46.500649684069458 ], [ 6.733742331874463, 46.504773899437886 ], [ 6.701264135848128, 46.513022330174728 ], [ 6.686829382058646, 46.520755233990528 ], [ 6.661053036006, 46.519208653227366 ], [ 6.632183528427036, 46.519208653227366 ], [ 6.608469290058601, 46.525394976280005 ], [ 6.581661890163848, 46.533643407016847 ], [ 6.562181337078033, 46.543793559284211 ] ] ] } },
{ "type": "Feature", "properties": { "id": null }, "geometry": { "type": "MultiLineString", "coordinates": [ [ [ 6.885616562816659, 46.476316813395755 ], [ 6.888400408190344, 46.48982361872735 ], [ 6.89819541969035, 46.504773899437886 ], [ 6.910052538874567, 46.51869312630631 ], [ 6.910052538874567, 46.533643407016847 ], [ 6.91056806579562, 46.549109214648439 ], [ 6.919847550374573, 46.561481860753709 ], [ 6.926549400348262, 46.571276872253712 ], [ 6.933869882627212, 46.591382422174767 ], [ 6.947273582574589, 46.605817175964248 ], [ 6.980267305521976, 46.615096660543202 ], [ 6.995733113153564, 46.619220875911623 ], [ 7.023571566890423, 46.622314037437945 ], [ 7.045223697574646, 46.619220875911623 ], [ 7.058627397522022, 46.620251929753728 ], [ 7.069968989785187, 46.643966168122162 ], [ 7.073062151311505, 46.659431975753755 ], [ 7.07924847436414, 46.665618298806386 ], [ 7.091002488164147, 46.689126326406402 ], [ 7.097188811216783, 46.709747403248521 ], [ 7.087909326637829, 46.735523749301166 ], [ 7.093064595848359, 46.755113772301179 ], [ 7.094095649690464, 46.773672741459087 ], [ 7.103375134269418, 46.785014333722252 ], [ 7.139462018743123, 46.791200656774883 ], [ 7.161557958092356, 46.806569157530191 ], [ 7.174517849374722, 46.821101218195956 ], [ 7.197201033901051, 46.83038070277491 ], [ 7.229163703006334, 46.841722295038075 ], [ 7.26525058748004, 46.852032833459134 ], [ 7.291026933532686, 46.86956074877493 ], [ 7.303399579637956, 46.876778125669674 ], [ 7.321958548795862, 46.882964448722305 ], [ 7.341548571795873, 46.885026556406515 ], [ 7.369387025532732, 46.885026556406515 ], [ 7.388977048532744, 46.892243933301259 ], [ 7.410629179216967, 46.905647633248634 ], [ 7.417846556111708, 46.913896063985483 ], [ 7.429188148374872, 46.923175548564437 ], [ 7.456490814012168, 46.951700959620922 ] ] ] } },
{ "type": "Feature", "properties": { "id": null }, "geometry": { "type": "MultiLineString", "coordinates": [ [ [ 7.901707934369594, 47.32172425047694 ], [ 7.937016534073417, 47.306452630136626 ], [ 7.981008164669935, 47.317450537785753 ], [ 7.99887976459977, 47.322949491610316 ], [ 8.027749272178735, 47.329823183891023 ], [ 8.064867210494546, 47.357317953013848 ], [ 8.088237764248944, 47.372440076031403 ], [ 8.118482010284051, 47.387562199048951 ], [ 8.150100994775297, 47.391686414417379 ], [ 8.188593671547249, 47.391686414417379 ], [ 8.214713702213931, 47.402684322066506 ], [ 8.243583209792897, 47.431553829645473 ], [ 8.254581117442026, 47.443926475750743 ], [ 8.272452717371861, 47.45492438339987 ], [ 8.30253333746905, 47.473073814885232 ] ] ] } },
{ "type": "Feature", "properties": { "id": null }, "geometry": { "type": "MultiLineString", "coordinates": [ [ [ 8.165233301040709, 47.465329116862456 ], [ 8.206465271477086, 47.4425517372946 ], [ 8.229835825231484, 47.449425429575307 ], [ 8.254581117442026, 47.443926475750743 ] ] ] } },
{ "type": "Feature", "properties": { "id": null }, "geometry": { "type": "MultiLineString", "coordinates": [ [ [ 8.306253363178548, 47.04858393705144 ], [ 8.277951671196426, 47.074121831048771 ], [ 8.244957948249038, 47.096117646347025 ], [ 8.229835825231484, 47.119488200101429 ], [ 8.196842102284096, 47.142858753855826 ], [ 8.154225210143721, 47.157980876873381 ], [ 8.108858841091063, 47.174477738347072 ], [ 8.103359887266498, 47.174477738347072 ], [ 8.073115641231393, 47.182726169083921 ], [ 8.048370349020852, 47.201972507469897 ], [ 8.020875579898028, 47.20747146129446 ], [ 7.98788185695064, 47.212970415119024 ], [ 7.976883949301511, 47.225343061224294 ], [ 7.9631365647401, 47.245964138066412 ], [ 7.9397660109857, 47.267959953364674 ], [ 7.932892318704994, 47.283082076382222 ], [ 7.920519672599723, 47.295454722487499 ], [ 7.901707934369594, 47.32172425047694 ] ] ] } },
{ "type": "Feature", "properties": { "id": null }, "geometry": { "type": "MultiLineString", "coordinates": [ [ [ 8.722623553895046, 47.501662945095859 ], [ 8.81107524448797, 47.52091182929464 ], [ 8.827572105961664, 47.526410783119211 ], [ 8.926553274803826, 47.515412875470076 ], [ 8.967795428488062, 47.493417060171822 ], [ 9.042031305119684, 47.468671767961276 ], [ 9.066776597330225, 47.463172814136712 ], [ 9.146511427786413, 47.4494254295753 ], [ 9.215248350593471, 47.435678045013894 ], [ 9.245492596628576, 47.416431706627918 ], [ 9.289484227225094, 47.410932752803348 ], [ 9.338974811646175, 47.408183275891069 ], [ 9.349972719295305, 47.405433798978784 ], [ 9.396713826804104, 47.405433798978784 ], [ 9.418709642102362, 47.408183275891069 ] ] ] } },
{ "type": "Feature", "properties": { "id": null }, "geometry": { "type": "MultiLineString", "coordinates": [ [ [ 9.321642923850895, 46.54419325176103 ], [ 9.22459657209523, 46.537698885462476 ], [ 9.199851279884689, 46.512953593251936 ], [ 9.197101802972407, 46.479959870304548 ], [ 9.22459657209523, 46.444216670444881 ], [ 9.232845002832077, 46.405723993672929 ], [ 9.208099710621536, 46.34248602469043 ], [ 9.194352326060123, 46.309492301743049 ], [ 9.177855464586431, 46.281997532620224 ], [ 9.158609126200455, 46.260001717321963 ], [ 9.114617495603937, 46.224258517462296 ], [ 9.07062586500742, 46.210511132900884 ], [ 9.031315331825642, 46.188920813471185 ] ] ] } },
{ "type": "Feature", "properties": { "id": null }, "geometry": { "type": "MultiLineString", "coordinates": [ [ [ 7.571886000122325, 46.81718321359596 ], [ 7.595806449259181, 46.873684964143351 ], [ 7.637048602943415, 46.890181825617042 ], [ 7.68928866427678, 46.906678687090739 ], [ 7.722282387224167, 46.939672410038128 ], [ 7.777821820852271, 46.936922933125842 ], [ 7.798442897694389, 46.9355481946697 ], [ 7.82456292836107, 46.920426071652145 ], [ 7.846558743659329, 46.916301856283724 ], [ 7.885051420431282, 46.903929210178454 ], [ 7.915295666466387, 46.901179733266169 ], [ 7.937291481764646, 46.909428164003018 ], [ 7.96616098934361, 46.928674502388994 ], [ 7.990906281554151, 46.943796625406549 ], [ 8.012902096852409, 46.953419794599533 ], [ 8.03627265060681, 46.971291394529374 ], [ 8.052769512080502, 46.991912471371485 ], [ 8.052769512080502, 46.996036686739913 ], [ 8.076140065834903, 47.013908286669746 ], [ 8.074765327378762, 47.042777794248714 ], [ 8.080264281203327, 47.052400963441698 ], [ 8.129754865624408, 47.045527271160992 ], [ 8.158624373203372, 47.041403055792571 ], [ 8.206740219168314, 47.042777794248714 ], [ 8.230110772922712, 47.046902009617135 ], [ 8.286475049624499, 47.04965148652942 ], [ 8.306253363178548, 47.04858393705144 ] ] ] } },
{ "type": "Feature", "properties": { "id": null }, "geometry": { "type": "MultiLineString", "coordinates": [ [ [ 8.306253363178548, 47.04858393705144 ], [ 8.370334095449111, 47.052400963441698 ], [ 8.377207787729816, 47.052400963441698 ], [ 8.401953079940357, 47.068897824915396 ], [ 8.41570046450177, 47.077146255652238 ], [ 8.42944784906318, 47.088144163301372 ], [ 8.444569972080734, 47.096392594038214 ], [ 8.45144366436144, 47.096392594038214 ], [ 8.478938433484263, 47.082645209476802 ], [ 8.509182679519368, 47.067523086459254 ], [ 8.543551140922897, 47.051026224985556 ], [ 8.558673263940451, 47.045527271160992 ], [ 8.586168033063274, 47.04965148652942 ], [ 8.624701442826513, 47.031604225573851 ] ] ] } },
{ "type": "Feature", "properties": { "id": null }, "geometry": { "type": "MultiLineString", "coordinates": [ [ [ 6.122448329573697, 46.22558743130277 ], [ 6.110813968935501, 46.236081268185089 ], [ 6.091567630549525, 46.24020548355351 ], [ 6.070259184479337, 46.247079175834216 ], [ 6.040702307672302, 46.253952868114922 ], [ 6.030391769251243, 46.264950775764049 ], [ 6.041389676900373, 46.287633960290378 ], [ 6.051700215321431, 46.311004514044775 ], [ 6.055824430689855, 46.330938221658826 ], [ 6.055137061461784, 46.335749806255322 ], [ 6.044826523040726, 46.356370883097433 ], [ 6.029017030795102, 46.365306683062357 ], [ 6.005646477040703, 46.370805636886921 ], [ 5.980901184830161, 46.371493006114989 ], [ 5.956843261847691, 46.370805636886921 ], [ 5.934847446549433, 46.379741436851837 ], [ 5.913539000479245, 46.372867744571131 ], [ 5.897729508233621, 46.360495098465861 ], [ 5.872984216023081, 46.373555113799199 ], [ 5.864048416058163, 46.384553021448333 ] ] ] } },
{ "type": "Feature", "properties": { "id": null }, "geometry": { "type": "MultiLineString", "coordinates": [ [ [ 13.064841891718649, 47.742639321585628 ], [ 13.089536267690484, 47.721348696199954 ], [ 13.114281559901023, 47.695228665533271 ], [ 13.130778421374718, 47.670483373322732 ], [ 13.140401590567706, 47.647112819568335 ], [ 13.145900544392271, 47.629241219638502 ], [ 13.145900544392271, 47.612744358164804 ], [ 13.145900544392271, 47.593498019778828 ], [ 13.154148975129118, 47.577001158305137 ], [ 13.162397405865965, 47.557754819919161 ], [ 13.172020575058953, 47.537133743077042 ], [ 13.177519528883517, 47.505514758585797 ], [ 13.200890082637917, 47.467022081813845 ], [ 13.206389036462483, 47.450525220340147 ], [ 13.211887990287046, 47.435403097322592 ], [ 13.217386944111611, 47.425779928129607 ] ] ] } },
{ "type": "Feature", "properties": { "id": null }, "geometry": { "type": "MultiLineString", "coordinates": [ [ [ 12.767934026559768, 46.842661699649234 ], [ 12.72907984449027, 46.853338834992421 ], [ 12.697460859999024, 46.868460958009969 ], [ 12.669966090876201, 46.889082034852088 ], [ 12.641096583297236, 46.895955727132794 ], [ 12.603978644981424, 46.920701019343333 ], [ 12.577858614314742, 46.938572619273174 ], [ 12.554488060560343, 46.966067388395992 ], [ 12.536616460630508, 46.988063203694253 ], [ 12.525618552981378, 47.010059018992514 ], [ 12.525618552981378, 47.038928526571475 ], [ 12.531117506805943, 47.059549603413593 ], [ 12.52699329143752, 47.074671726431148 ], [ 12.51599538378839, 47.091168587904839 ], [ 12.506372214595402, 47.140659172325918 ], [ 12.531117506805943, 47.151657079975053 ], [ 12.542115414455072, 47.164029726080322 ], [ 12.520119599156814, 47.194273972115425 ], [ 12.50362273768312, 47.217644525869829 ], [ 12.481626922384862, 47.24651403344879 ], [ 12.478877445472579, 47.253387725729496 ], [ 12.484376399297144, 47.276758279483893 ] ] ] } },
{ "type": "Feature", "properties": { "id": null }, "geometry": { "type": "MultiLineString", "coordinates": [ [ [ 12.840795164735246, 46.825706592023494 ], [ 12.851569040932445, 46.843578191953796 ], [ 12.855693256300869, 46.847702407322224 ], [ 12.860504840897363, 46.855950838059066 ], [ 12.867034848564034, 46.863855584181877 ], [ 12.875626963914915, 46.867979799550305 ], [ 12.894185933072821, 46.858700314971351 ], [ 12.905527525335986, 46.855263468830998 ], [ 12.923742809879856, 46.853888730374855 ], [ 12.928210709862315, 46.853545045760818 ], [ 12.937490194441267, 46.855263468830998 ], [ 12.951237579002679, 46.859043999585388 ], [ 12.966016017406197, 46.862824530339772 ], [ 12.972889709686903, 46.864886638023982 ], [ 12.982169194265856, 46.869698222620478 ], [ 12.992479732686913, 46.873478753374869 ], [ 13.012413440300961, 46.878977707199432 ], [ 13.023755032564125, 46.882070868725748 ], [ 13.033721886371149, 46.884132976409958 ], [ 13.050218747844843, 46.888944561006454 ], [ 13.063278763178184, 46.897880360971371 ], [ 13.069808770844855, 46.908534584006468 ], [ 13.072901932371172, 46.917126699357347 ], [ 13.076338778511525, 46.922969337795948 ], [ 13.081837732336089, 46.930186714690691 ], [ 13.086305632318549, 46.932592506988939 ], [ 13.096959855353642, 46.93465461467315 ], [ 13.107614078388735, 46.935341983901218 ], [ 13.111394609143124, 46.935341983901218 ], [ 13.124454624476465, 46.935341983901218 ], [ 13.146794124388759, 46.934998299287187 ], [ 13.158479401265959, 46.93293619160297 ], [ 13.163634670476489, 46.93293619160297 ], [ 13.181506270406324, 46.937747776199465 ], [ 13.196628393423877, 46.933967245445082 ], [ 13.196628393423877, 46.933967245445082 ] ] ] } },
{ "type": "Feature", "properties": { "id": null }, "geometry": { "type": "MultiLineString", "coordinates": [ [ [ 12.484376399297144, 47.276758279483893 ], [ 12.523968866834004, 47.28748123944176 ], [ 12.567960497430521, 47.277858070248769 ], [ 12.628448989500733, 47.275108593336491 ], [ 12.683438527746379, 47.275108593336491 ], [ 12.728804896799037, 47.279232808704911 ], [ 12.767297573570989, 47.290230716354046 ], [ 12.793417604237671, 47.298479147090887 ], [ 12.808539727255223, 47.29985388554703 ], [ 12.842908188658752, 47.277858070248769 ], [ 12.869028219325434, 47.281982285617197 ], [ 12.914394588378093, 47.28748123944176 ], [ 12.939139880588634, 47.288855977897903 ], [ 12.979007295816727, 47.290230716354046 ], [ 13.014750495676397, 47.301228624003173 ], [ 13.062866341641339, 47.302603362459315 ], [ 13.117855879886985, 47.29985388554703 ], [ 13.18384332578176, 47.321849700845291 ], [ 13.200340187255454, 47.336971823862839 ], [ 13.222336002553712, 47.389211885196204 ], [ 13.227834956378278, 47.402959269757616 ], [ 13.217386944111611, 47.425779928129607 ] ] ] } },
{ "type": "Feature", "properties": { "id": null }, "geometry": { "type": "MultiLineString", "coordinates": [ [ [ 13.062866341641339, 47.302603362459315 ], [ 13.062866341641339, 47.302603362459315 ], [ 13.082112680027315, 47.265485424143499 ], [ 13.101359018413291, 47.246239085757523 ], [ 13.110982187606279, 47.224243270459269 ], [ 13.105483233781714, 47.19124954751188 ], [ 13.084862156939597, 47.178876901406611 ], [ 13.087611633851878, 47.163754778389055 ], [ 13.098609541501009, 47.150007393827643 ], [ 13.11235692606242, 47.139009486178516 ], [ 13.126104310623832, 47.130761055441667 ], [ 13.130228525992255, 47.122512624704818 ], [ 13.132978002904537, 47.108765240143413 ], [ 13.123354833711549, 47.095017855582 ], [ 13.123354833711549, 47.085394686389009 ], [ 13.134352741360679, 47.081270471020588 ], [ 13.141226433641384, 47.073022040283739 ], [ 13.14810012592209, 47.060649394178469 ], [ 13.157723295115082, 47.031504938908292 ], [ 13.16734646430807, 47.012258600522316 ], [ 13.174907525816845, 46.995761739048618 ], [ 13.178344371957198, 46.981326985259138 ], [ 13.194841233430893, 46.971016446838078 ], [ 13.190717018062468, 46.95589432382053 ], [ 13.19277912574668, 46.942834308487186 ], [ 13.196628393423877, 46.933967245445082 ] ] ] } },
{ "type": "Feature", "properties": { "id": null }, "geometry": { "type": "MultiLineString", "coordinates": [ [ [ 12.693357011125871, 47.591927253801273 ], [ 12.718998429145239, 47.546665263039571 ], [ 12.731829321402557, 47.532001386174066 ], [ 12.74832618287625, 47.51367154009219 ], [ 12.79964975190552, 47.50084064783487 ], [ 12.81981258259559, 47.480677817144802 ], [ 12.841808397893848, 47.445851109589221 ], [ 12.863804213192108, 47.433020217331908 ], [ 12.849140336326601, 47.401859478992705 ], [ 12.828977505636532, 47.3871956021272 ], [ 12.812480644162838, 47.363366802220753 ], [ 12.795983782689143, 47.341370986922499 ], [ 12.793417604237671, 47.298479147090887 ], [ 12.793417604237671, 47.298479147090887 ] ] ] } },
{ "type": "Feature", "properties": { "id": null }, "geometry": { "type": "MultiLineString", "coordinates": [ [ [ 12.863804213192108, 47.433020217331908 ], [ 12.916960766829565, 47.394527540559956 ], [ 12.937123597519635, 47.389028586735392 ], [ 12.955453443601517, 47.385362617519014 ], [ 12.986614181940716, 47.390861571343578 ], [ 13.019607904888103, 47.389028586735392 ], [ 13.054434612443679, 47.383529632910822 ], [ 13.100259227648385, 47.378030679086258 ], [ 13.129586981379395, 47.381696648302636 ], [ 13.16624667354316, 47.385362617519014 ], [ 13.19557442727417, 47.392694555951763 ], [ 13.227834956378278, 47.402959269757616 ] ] ] } },
{ "type": "Feature", "properties": { "id": null }, "geometry": { "type": "MultiLineString", "coordinates": [ [ [ 13.227834956378278, 47.402959269757616 ], [ 13.24689799630344, 47.42935424811553 ], [ 13.267060826993511, 47.42935424811553 ], [ 13.290889626899956, 47.422022309682774 ], [ 13.318384396022779, 47.418356340466403 ], [ 13.347712149753791, 47.422022309682774 ], [ 13.369707965052049, 47.418356340466403 ], [ 13.391703780350307, 47.409191417425461 ], [ 13.397202734174872, 47.392694555951763 ] ] ] } },
{ "type": "Feature", "properties": { "id": null }, "geometry": { "type": "MultiLineString", "coordinates": [ [ [ 13.200340187255454, 47.336971823862839 ], [ 13.237733073262499, 47.343203971530684 ], [ 13.285390673075392, 47.343203971530684 ], [ 13.336714242104662, 47.348702925355248 ], [ 13.362376026619296, 47.363366802220753 ], [ 13.397202734174872, 47.392694555951763 ], [ 13.397202734174872, 47.392694555951763 ] ] ] } },
{ "type": "Feature", "properties": { "id": null }, "geometry": { "type": "MultiLineString", "coordinates": [ [ [ 13.397202734174872, 47.392694555951763 ], [ 13.400502106469606, 47.356768057631271 ], [ 13.393170168036853, 47.329273288508446 ], [ 13.395003152645042, 47.301778519385628 ], [ 13.409667029510548, 47.285281657911931 ], [ 13.413332998726924, 47.252287934964542 ], [ 13.427996875592429, 47.222960181233532 ], [ 13.440827767849747, 47.193632427502521 ], [ 13.449992690890689, 47.173469596812453 ], [ 13.464656567756194, 47.153306766122384 ], [ 13.482986413838075, 47.144141843081442 ], [ 13.52881102904278, 47.123979012391374 ], [ 13.54897385973285, 47.114814089350432 ], [ 13.584900358053341, 47.101983197093105 ], [ 13.591132505721179, 47.090985289443985 ], [ 13.594798474937555, 47.081820366403043 ], [ 13.589299521112991, 47.056158581888404 ], [ 13.607629367194873, 47.02133187433283 ], [ 13.614961305627626, 47.001169043642761 ], [ 13.618627274844002, 46.977340243736315 ], [ 13.602130413370308, 46.937014582356177 ], [ 13.556305798165603, 46.915018767057916 ], [ 13.517813121393651, 46.872860121069586 ], [ 13.49765029070358, 46.850864305771331 ], [ 13.49765029070358, 46.832534459689448 ], [ 13.484539359130904, 46.804673093644524 ] ] ] } },
{ "type": "Feature", "properties": { "id": null }, "geometry": { "type": "MultiLineString", "coordinates": [ [ [ 13.033417205161978, 47.799844513542276 ], [ 13.122255042946639, 47.828944892700555 ], [ 13.191908458057792, 47.823445938875992 ], [ 13.254229934736189, 47.799617138969545 ], [ 13.285390673075389, 47.781287292887662 ], [ 13.323883349847341, 47.777621323671283 ], [ 13.365308801992393, 47.74646058533208 ], [ 13.40636765721581, 47.720798800817455 ], [ 13.465023164677833, 47.696970000911008 ], [ 13.59883104107557, 47.70613492395195 ], [ 13.627425600963306, 47.685972093261867 ], [ 13.621926647138741, 47.651145385706293 ], [ 13.650337908565659, 47.615402185846627 ], [ 13.655836862390224, 47.611736216630248 ], [ 13.698912000682645, 47.611736216630248 ], [ 13.721824308284997, 47.62090113967119 ], [ 13.740154154366881, 47.62090113967119 ], [ 13.77131489270608, 47.609903232022056 ] ] ] } },
{ "type": "Feature", "properties": { "id": null }, "geometry": { "type": "MultiLineString", "coordinates": [ [ [ 13.77131489270608, 47.609903232022056 ], [ 13.798626363368085, 47.578192598300426 ], [ 13.835286055531848, 47.569027675259484 ], [ 13.857281870830107, 47.552530813785793 ], [ 13.884776639952928, 47.556196783002164 ], [ 13.926935285941259, 47.556196783002164 ], [ 13.959929008888645, 47.559862752218542 ], [ 13.972759901145963, 47.556196783002164 ], [ 14.009419593309726, 47.552530813785793 ], [ 14.038747347040738, 47.536033952312096 ], [ 14.075407039204501, 47.530534998487532 ], [ 14.099235839110948, 47.530534998487532 ], [ 14.11756568519283, 47.53420096770391 ], [ 14.154225377356594, 47.550697829177601 ], [ 14.181720146479417, 47.559862752218542 ], [ 14.192718054128546, 47.559862752218542 ], [ 14.251373561590569, 47.558029767610357 ], [ 14.273369376888827, 47.552530813785793 ], [ 14.308196084444402, 47.547031859961223 ], [ 14.322859961309909, 47.530534998487532 ], [ 14.363185622690049, 47.525036044662968 ], [ 14.383348453380119, 47.523203060054776 ] ] ] } },
{ "type": "Feature", "properties": { "id": null }, "geometry": { "type": "MultiLineString", "coordinates": [ [ [ 13.397202734174872, 47.392694555951763 ], [ 13.47125531234567, 47.386095811362317 ], [ 13.526244850591317, 47.393427749795066 ], [ 13.617894081000726, 47.400759688227822 ], [ 13.66371869620543, 47.387928795970502 ], [ 13.727873157492018, 47.391594765186881 ], [ 13.768198818872158, 47.400759688227822 ], [ 13.793860603386793, 47.411757595876949 ], [ 13.838402129365765, 47.42477178659508 ], [ 13.903014836804399, 47.440352155764678 ], [ 13.930051359775176, 47.465097447975218 ], [ 13.962586836570516, 47.477470094080488 ], [ 13.995122313365856, 47.487093263273479 ], [ 14.024450067096867, 47.494425201706228 ], [ 14.053319574675832, 47.510005570875826 ], [ 14.099235839110948, 47.530534998487532 ] ] ] } },
{ "type": "Feature", "properties": { "id": null }, "geometry": { "type": "MultiLineString", "coordinates": [ [ [ 13.594798474937555, 47.081820366403043 ], [ 13.635307434778509, 47.082828507937613 ], [ 13.666926419269755, 47.08145376948147 ], [ 13.717791742146979, 47.086952723306034 ], [ 13.774156018848766, 47.110323277060438 ], [ 13.808799427943523, 47.098775474028841 ], [ 13.823234181733005, 47.06990596644988 ], [ 13.876840893646465, 47.070464938060489 ], [ 13.927026935171662, 47.063032274169174 ], [ 13.974455411908531, 47.079529135642865 ], [ 14.025320734785755, 47.100837581713051 ], [ 14.050753396224366, 47.115272335502532 ], [ 14.108492411382294, 47.099462843256909 ], [ 14.166918795768293, 47.104274427853404 ], [ 14.21159779559288, 47.105649166309547 ], [ 14.260401010785891, 47.110460750906043 ], [ 14.29545684141749, 47.12352076623938 ], [ 14.33120004127716, 47.133143935432372 ], [ 14.367274196691007, 47.136316017129047 ] ] ] } },
{ "type": "Feature", "properties": { "id": null }, "geometry": { "type": "MultiLineString", "coordinates": [ [ [ 15.110854952746005, 47.382608048982632 ], [ 15.089024615224966, 47.377228748320249 ], [ 15.06324826917232, 47.382384017530775 ], [ 15.042970876944239, 47.388226655969376 ], [ 15.033004023137217, 47.398285159006832 ], [ 15.019256638575804, 47.413750966638418 ], [ 15.007456800160593, 47.41638588201269 ], [ 15.001041354031933, 47.4098787866536 ], [ 14.995886084821404, 47.401630355916751 ], [ 14.986675337165259, 47.406327378975263 ], [ 14.971324091071683, 47.408274925121461 ], [ 14.950473891153543, 47.408504048197486 ], [ 14.93798668351026, 47.401859478992804 ], [ 14.928478075855283, 47.393840171331981 ], [ 14.907215454400299, 47.389601394425519 ], [ 14.872572045305544, 47.388845288274659 ], [ 14.83132989162131, 47.398468457467644 ], [ 14.796961430217781, 47.398468457467644 ], [ 14.758468753445829, 47.421839011222048 ], [ 14.725475030498442, 47.428712703502754 ], [ 14.693856046007195, 47.428712703502754 ], [ 14.647114938498396, 47.46445590336242 ], [ 14.604498046358021, 47.478203287923833 ], [ 14.549508508112375, 47.478203287923833 ], [ 14.512390569796564, 47.48920119557296 ], [ 14.47114841611233, 47.502948580134372 ], [ 14.427156785515812, 47.508447533958936 ], [ 14.383348453380119, 47.523203060054776 ] ] ] } },
{ "type": "Feature", "properties": { "id": null }, "geometry": { "type": "MultiLineString", "coordinates": [ [ [ 18.740279626636994, 47.787311653631001 ], [ 18.732837630149877, 47.745452443797639 ], [ 18.738336583974441, 47.727122597715756 ], [ 18.764914860793169, 47.702377305505216 ], [ 18.773163291530018, 47.679464997902862 ], [ 18.795159106828276, 47.65380321338823 ], [ 18.830902306687946, 47.632723890394061 ], [ 18.863896029635335, 47.621725982744934 ], [ 18.924384521705544, 47.613477552008085 ], [ 18.962877198477496, 47.605229121271243 ], [ 18.987622490688036, 47.582316813668889 ], [ 19.032897210510281, 47.556471730693424 ] ] ] } },
{ "type": "Feature", "properties": { "id": null }, "geometry": { "type": "MultiLineString", "coordinates": [ [ [ 12.371281248971906, 50.101570859162827 ], [ 12.413989790342686, 50.091856040739444 ], [ 12.420405236471344, 50.08635708691488 ], [ 12.468979328588333, 50.090023056131258 ], [ 12.509304989968472, 50.103770440692664 ], [ 12.538632743699484, 50.105603425300856 ], [ 12.567044005126402, 50.11110237912542 ], [ 12.596371758857412, 50.12851573290321 ], [ 12.611952128027012, 50.141346625160523 ], [ 12.63853040484574, 50.151428040505557 ], [ 12.650444804798964, 50.154177517417843 ], [ 12.661442712448093, 50.158759978938313 ], [ 12.681605543138163, 50.177089825020197 ], [ 12.708183819956892, 50.195419671102073 ], [ 12.745760004424749, 50.206417578751207 ], [ 12.784252681196701, 50.211916532575771 ], [ 12.808081481103148, 50.21924847100852 ], [ 12.822745357968655, 50.227496901745369 ], [ 12.852439708621308, 50.233729049413185 ] ] ] } },
{ "type": "Feature", "properties": { "id": null }, "geometry": { "type": "MultiLineString", "coordinates": [ [ [ 15.747455598793755, 49.19680965656115 ], [ 15.82407435541602, 49.217888979555312 ], [ 15.868065986012535, 49.217888979555312 ], [ 15.963381185638323, 49.203225102689807 ], [ 16.011038785451216, 49.210557041122556 ], [ 16.044032508398601, 49.217888979555312 ], [ 16.143013677240766, 49.203225102689807 ], [ 16.205335153919165, 49.181229287391545 ], [ 16.282320507463069, 49.170231379742418 ], [ 16.329978107275959, 49.16656541052604 ], [ 16.373969737872478, 49.173897348958789 ], [ 16.454621060632757, 49.151901533660535 ], [ 16.487614783580145, 49.151901533660535 ], [ 16.527940444960286, 49.159233472093284 ], [ 16.564600137124049, 49.170231379742418 ], [ 16.633, 49.2 ] ] ] } },
{ "type": "Feature", "properties": { "id": null }, "geometry": { "type": "MultiLineString", "coordinates": [ [ [ 15.638897085373808, 49.172614259733066 ], [ 15.560857765680193, 49.185628450451198 ], [ 15.478373458311726, 49.196626358100325 ], [ 15.450878689188903, 49.18196248123482 ], [ 15.37206035103681, 49.176463527410256 ], [ 15.34089961269761, 49.180129496626627 ], [ 15.274912166802835, 49.178296512018441 ], [ 15.223588597773565, 49.172797558193878 ], [ 15.183262936393426, 49.1691315889775 ], [ 15.150269213446037, 49.163632635152936 ], [ 15.102611613633144, 49.158133681328373 ], [ 15.047622075387499, 49.145302789071053 ], [ 14.996298506358229, 49.145302789071053 ], [ 14.939475983504394, 49.163632635152936 ], [ 14.871655553001432, 49.174630542802063 ], [ 14.814833030147598, 49.183795465843005 ], [ 14.776340353375646, 49.203958296533074 ], [ 14.728682753562753, 49.209457250357644 ] ] ] } },
{ "type": "Feature", "properties": { "id": null }, "geometry": { "type": "MultiLineString", "coordinates": [ [ [ 5.933, 43.117 ], [ 5.960234283372876, 43.123581754251227 ], [ 5.986812560191606, 43.131830184988075 ], [ 6.008808375489863, 43.142828092637203 ], [ 6.033553667700404, 43.146494061853581 ], [ 6.044551575349534, 43.154742492590429 ], [ 6.050050529174098, 43.165740400239557 ], [ 6.050967021478192, 43.174905323280498 ], [ 6.042718590741345, 43.189569200146003 ], [ 6.050050529174098, 43.203316584707416 ], [ 6.06379791373551, 43.216147476964728 ], [ 6.078461790601015, 43.227145384613863 ], [ 6.090376190554238, 43.240892769175275 ], [ 6.096791636682897, 43.251890676824402 ], [ 6.111455513548402, 43.262888584473529 ], [ 6.122453421197532, 43.273886492122656 ], [ 6.133451328846661, 43.283051415163598 ], [ 6.149948190320354, 43.293132830508632 ], [ 6.160946097969484, 43.299548276637296 ], [ 6.187524374788213, 43.300464768941389 ], [ 6.188440867092307, 43.300464768941389 ], [ 6.202188251653718, 43.303214245853667 ], [ 6.214102651606941, 43.303214245853667 ], [ 6.2205180977356, 43.303214245853667 ], [ 6.243430405337953, 43.306880215070045 ], [ 6.254428312987082, 43.30962969198233 ], [ 6.277340620589435, 43.313295661198708 ], [ 6.279173605197623, 43.314212153502801 ], [ 6.291088005150845, 43.325210061151928 ], [ 6.293837482063128, 43.328876030368306 ], [ 6.295670466671316, 43.333458491888777 ], [ 6.297503451279504, 43.338957445713341 ], [ 6.300252928191787, 43.35087184566656 ], [ 6.296403660514591, 43.364344282536749 ], [ 6.299153137426874, 43.37350920557769 ], [ 6.30281910664325, 43.380382897858397 ], [ 6.302269211260794, 43.395413371645517 ] ] ] } },
{ "type": "Feature", "properties": { "id": null }, "geometry": { "type": "MultiLineString", "coordinates": [ [ [ 7.111890243967267, 43.713301922839918 ], [ 7.108232543481144, 43.697626708920573 ], [ 7.105941312720908, 43.690982139715892 ], [ 7.102733589656579, 43.686399678195421 ], [ 7.09173568200745, 43.682962832055068 ], [ 7.082112512814462, 43.680900724370858 ], [ 7.077530051293992, 43.680900724370858 ], [ 7.071801974393403, 43.684566693587229 ], [ 7.069052497481121, 43.686857924347464 ], [ 7.063553543656557, 43.686628801271446 ], [ 7.057367220603921, 43.682733708979043 ], [ 7.053013882159474, 43.680900724370858 ], [ 7.046598436030815, 43.679067739762665 ], [ 7.03903737452204, 43.678609493610622 ], [ 7.029643328405075, 43.679067739762665 ], [ 7.025519113036651, 43.678151247458572 ], [ 7.022082266896299, 43.676089139774362 ], [ 7.01635418999571, 43.675630893622312 ], [ 7.006960143878746, 43.675401770546294 ], [ 7.002148559282252, 43.673568785938102 ], [ 6.994816620849499, 43.673568785938102 ], [ 6.988630297796864, 43.674943524394244 ], [ 6.982214851668205, 43.676318262850387 ], [ 6.971904313247147, 43.678609493610622 ], [ 6.971216944019076, 43.680442478218808 ], [ 6.962235319438952, 43.682183813596588 ], [ 6.952153904093918, 43.679892582836352 ], [ 6.946196704117306, 43.675310121315889 ], [ 6.941614242596835, 43.668894675187225 ], [ 6.936115288772271, 43.664312213666754 ], [ 6.929241596491565, 43.661562736754476 ], [ 6.923742642667, 43.658813259842191 ], [ 6.918701934994483, 43.651939567561485 ], [ 6.915035965778107, 43.645065875280778 ], [ 6.912744735017871, 43.643691136824636 ], [ 6.902205073520789, 43.645065875280778 ], [ 6.893956642783943, 43.645982367584871 ], [ 6.883875227438907, 43.645524121432828 ], [ 6.878376273614343, 43.640941659912357 ], [ 6.871502581333637, 43.638192183000072 ], [ 6.867378365965213, 43.637275690695979 ], [ 6.862337658292696, 43.637275690695979 ], [ 6.85867168907632, 43.635442706087794 ], [ 6.852256242947661, 43.634067967631651 ], [ 6.845382550666955, 43.632234983023466 ], [ 6.841716581450579, 43.630401998415273 ], [ 6.837134119930108, 43.627652521502995 ], [ 6.83530113532192, 43.626736029198895 ], [ 6.833926396865779, 43.625361290742759 ], [ 6.827969196889168, 43.623528306134567 ], [ 6.823386735368697, 43.619404090766146 ], [ 6.820637258456415, 43.614821629245675 ], [ 6.817887781544132, 43.611613906181347 ], [ 6.811930581567521, 43.608406183117019 ], [ 6.811930581567521, 43.608406183117019 ], [ 6.807806366199097, 43.605198460052684 ], [ 6.805056889286815, 43.601532490836313 ], [ 6.800016181614297, 43.597866521619935 ], [ 6.796350212397921, 43.595575290859699 ], [ 6.795891966245874, 43.596491783163792 ], [ 6.77939510477218, 43.599241260076077 ], [ 6.775729135555804, 43.597408275467885 ], [ 6.767618178664571, 43.604052844672573 ], [ 6.752954301799066, 43.606344075432808 ], [ 6.745393240290289, 43.608864429269062 ], [ 6.732333224956949, 43.610926536953272 ], [ 6.723168301916007, 43.610697413877254 ], [ 6.715148994255184, 43.610010044649179 ], [ 6.707587932746407, 43.608177060040994 ], [ 6.703463717377984, 43.607260567736901 ] ] ] } },
{ "type": "Feature", "properties": { "id": null }, "geometry": { "type": "MultiLineString", "coordinates": [ [ [ 6.46907081060592, 43.532703918798845 ], [ 6.475761204425806, 43.520606220384806 ], [ 6.476677696729901, 43.515565512712286 ], [ 6.47988541979423, 43.509608312735679 ], [ 6.483551389010606, 43.504109358911109 ], [ 6.489050342835171, 43.498610405086545 ], [ 6.497298773572018, 43.494027943566074 ], [ 6.507380188917053, 43.490820220501746 ], [ 6.513795635045712, 43.482113543612854 ], [ 6.517461604262088, 43.478905820548526 ], [ 6.528459511911217, 43.475239851332148 ], [ 6.536707942648064, 43.468366159051442 ], [ 6.540832158016488, 43.466074928291206 ], [ 6.55302150566094, 43.460484325236202 ] ] ] } },
{ "type": "Feature", "properties": { "id": null }, "geometry": { "type": "MultiLineString", "coordinates": [ [ [ 6.46907081060592, 43.532703918798845 ], [ 6.467971019841007, 43.540769051074875 ], [ 6.483093142858559, 43.537103081858497 ], [ 6.502797727396582, 43.535270097250311 ], [ 6.510587911981382, 43.53801957416259 ], [ 6.517003358110041, 43.541227297226925 ], [ 6.524793542694841, 43.546726251051489 ], [ 6.525251788846888, 43.552225204876052 ], [ 6.524335296542794, 43.557265912548566 ], [ 6.528459511911217, 43.56780557404565 ], [ 6.531667234975546, 43.572846281718171 ], [ 6.543123388776722, 43.574221020174306 ], [ 6.560078496402464, 43.574679266326356 ], [ 6.566952188683169, 43.574679266326356 ], [ 6.586656773221192, 43.576970497086592 ], [ 6.599029419326463, 43.577428743238642 ], [ 6.609110834671498, 43.578345235542734 ], [ 6.616442773104251, 43.576970497086592 ], [ 6.621483480776768, 43.576512250934542 ], [ 6.62744068075338, 43.58063646630297 ], [ 6.634772619186132, 43.581552958607062 ], [ 6.638896834554556, 43.582469450911155 ], [ 6.640271573010697, 43.585677173975483 ], [ 6.65218597296392, 43.584760681671391 ], [ 6.661350896004861, 43.584760681671391 ], [ 6.670057572893755, 43.583844189367298 ], [ 6.678764249782649, 43.587510158583676 ], [ 6.679680742086743, 43.588884897039819 ], [ 6.681513726694932, 43.591176127800054 ], [ 6.68334671130312, 43.592092620104147 ], [ 6.692053388192014, 43.593925604712332 ], [ 6.696177603560437, 43.596675081624618 ], [ 6.698010588168625, 43.59759157392871 ], [ 6.698010588168625, 43.600341050840989 ], [ 6.699385326624767, 43.603548773905324 ], [ 6.703463717377984, 43.607260567736901 ] ] ] } },
{ "type": "Feature", "properties": { "id": null }, "geometry": { "type": "MultiLineString", "coordinates": [ [ [ 5.717, 45.167 ], [ 5.701600155157521, 45.136382152502691 ], [ 5.701600155157521, 45.116219321812622 ], [ 5.711681570502556, 45.098805968034831 ], [ 5.719930001239402, 45.093307014210268 ], [ 5.741009324233566, 45.086891568081604 ], [ 5.753840216490884, 45.079559629648855 ], [ 5.760255662619542, 45.067645229695628 ], [ 5.756589693403166, 45.053897845134223 ], [ 5.763921631835919, 45.03556799905234 ], [ 5.768504093356389, 45.028236060619584 ], [ 5.775836031789142, 45.017238152970457 ], [ 5.776752524093236, 44.991576368455824 ], [ 5.77308655487686, 44.984244430023068 ], [ 5.77308655487686, 44.977828983894412 ], [ 5.780418493309613, 44.965914583941185 ], [ 5.783167970221895, 44.954000183987965 ], [ 5.782251477917801, 44.943918768642931 ], [ 5.782251477917801, 44.917340491824199 ], [ 5.779502001005519, 44.902676614958693 ], [ 5.789583416350554, 44.895344676525944 ], [ 5.814328708561095, 44.900843630350508 ], [ 5.815245200865188, 44.899927138046408 ], [ 5.829909077730695, 44.883430276572717 ], [ 5.836324523859353, 44.870599384315398 ], [ 5.85373787763714, 44.866933415099027 ], [ 5.861069816069893, 44.866016922794927 ], [ 5.86473578528627, 44.859601476666271 ], [ 5.86931824680674, 44.847687076713051 ], [ 5.878483169847682, 44.840355138280295 ], [ 5.910560400490975, 44.832106707543446 ], [ 5.926140769660575, 44.828440738327075 ], [ 5.953635538783398, 44.815609846069755 ], [ 5.958218000303868, 44.805528430724721 ], [ 5.97654784638575, 44.799112984596057 ], [ 5.98113030790622, 44.787198584642837 ], [ 5.99671067707582, 44.77528418468961 ], [ 6.013207538549514, 44.772534707777332 ], [ 6.017790000069985, 44.767952246256861 ], [ 6.010458061637231, 44.756954338607734 ], [ 6.009541569333138, 44.737708000221758 ], [ 6.008625077029043, 44.737708000221758 ], [ 6.039602516907424, 44.710579828020578 ], [ 6.046934455340176, 44.702331397283729 ], [ 6.057015870685212, 44.695915951155072 ], [ 6.065264301422059, 44.689500505026409 ], [ 6.068013778334341, 44.684001551201845 ], [ 6.07901168598347, 44.66933767433634 ], [ 6.082677655199847, 44.660172751295399 ], [ 6.090009593632599, 44.645508874429893 ], [ 6.089093101328505, 44.629012012956203 ], [ 6.079928178287564, 44.609765674570227 ], [ 6.078095193679376, 44.600600751529285 ], [ 6.082677655199847, 44.580437920839216 ], [ 6.081761162895752, 44.569440013190082 ], [ 6.078095193679376, 44.563024567061426 ] ] ] } },
{ "type": "Feature", "properties": { "id": null }, "geometry": { "type": "MultiLineString", "coordinates": [ [ [ 6.078095193679376, 44.563024567061426 ], [ 6.060773489131996, 44.556975717854421 ], [ 6.052983304547196, 44.555600979398278 ], [ 6.042443643050114, 44.553767994790093 ], [ 6.036944689225549, 44.549643779421665 ], [ 6.031445735400984, 44.550560271725764 ], [ 6.023655550816184, 44.546436056357336 ], [ 6.023655550816184, 44.546436056357336 ], [ 6.023197304664137, 44.541853594836866 ], [ 6.017240104687526, 44.540937102532773 ], [ 6.007158689342491, 44.543228333293008 ], [ 6.006700443190444, 44.543228333293008 ], [ 5.994327797085173, 44.547810794813479 ], [ 5.986995858652421, 44.546894302509386 ], [ 5.986079366348327, 44.546894302509386 ], [ 5.968207766418492, 44.552851502486 ], [ 5.960875827985739, 44.554226240942135 ], [ 5.957668104921409, 44.556517471702371 ], [ 5.955376874161175, 44.560641687070799 ], [ 5.94208773575181, 44.562932917831034 ], [ 5.936588781927245, 44.560183440918749 ], [ 5.923299643517881, 44.560641687070799 ], [ 5.912301735868752, 44.563391163983077 ], [ 5.897637859003246, 44.562932917831034 ], [ 5.887556443658211, 44.559266948614656 ], [ 5.874267305248846, 44.555600979398278 ], [ 5.865560628359953, 44.55239325633395 ], [ 5.853187982254682, 44.549643779421665 ], [ 5.846314289973977, 44.544144825597101 ], [ 5.842648320757601, 44.54047885638073 ], [ 5.837149366933036, 44.535438148708209 ], [ 5.825693213131859, 44.533146917947974 ], [ 5.818819520851154, 44.531313933339788 ], [ 5.813778813178637, 44.528564456427503 ], [ 5.803239151681554, 44.52352374875499 ], [ 5.797281951704942, 44.520316025690654 ], [ 5.794532474792661, 44.518941287234519 ], [ 5.788117028664002, 44.515275318018141 ], [ 5.778493859471014, 44.51023461034562 ], [ 5.773911397950543, 44.507485133433342 ], [ 5.762455244149367, 44.507485133433342 ], [ 5.757872782628896, 44.514358825714048 ], [ 5.751915582652284, 44.517566548778376 ] ] ] } },
{ "type": "Feature", "properties": { "id": null }, "geometry": { "type": "MultiLineString", "coordinates": [ [ [ 5.751915582652284, 44.517566548778376 ], [ 5.751892670344682, 44.521736588761996 ] ] ] } },
{ "type": "Feature", "properties": { "id": null }, "geometry": { "type": "MultiLineString", "coordinates": [ [ [ 5.751892670344682, 44.521736588761996 ], [ 5.764013281066326, 44.526364874897659 ], [ 5.770428727194985, 44.53186382872223 ], [ 5.775011188715456, 44.538279274850886 ], [ 5.777302419475691, 44.54377822867545 ], [ 5.777302419475691, 44.546985951739778 ], [ 5.776385927171597, 44.549277182500013 ], [ 5.769970481042938, 44.552943151716391 ], [ 5.768595742586797, 44.554776136324577 ], [ 5.764471527218373, 44.56027509014914 ], [ 5.755306604177433, 44.563941059365519 ], [ 5.745683434984445, 44.565774043973711 ], [ 5.736518511943504, 44.567607028581897 ], [ 5.734227281183268, 44.570356505494182 ], [ 5.725978850446421, 44.578604936231024 ], [ 5.723687619686186, 44.583187397751495 ], [ 5.72002165046981, 44.587769859271965 ], [ 5.713606204341152, 44.595101797704721 ], [ 5.712689712037057, 44.596018290008814 ], [ 5.710856727428869, 44.599226013073142 ], [ 5.708107250516586, 44.607474443809991 ], [ 5.702150050539974, 44.616639366850933 ], [ 5.697109342867457, 44.62809552065211 ], [ 5.695734604411316, 44.632677982172581 ], [ 5.697109342867457, 44.636343951388952 ], [ 5.700317065931786, 44.64000992060533 ], [ 5.702608296692022, 44.645050628277851 ], [ 5.691610389042893, 44.65742327438312 ], [ 5.691152142890846, 44.657881520535163 ], [ 5.694818112107222, 44.661089243599491 ], [ 5.69665109671541, 44.666588197424062 ], [ 5.698484081323598, 44.671628905096576 ], [ 5.696192850563364, 44.680793828137517 ], [ 5.695276358259269, 44.68171032044161 ], [ 5.683545256766865, 44.690966892712957 ], [ 5.679879287550489, 44.709296738794841 ], [ 5.678046302942301, 44.716628677227597 ], [ 5.680795779854583, 44.732209046397195 ], [ 5.682628764462772, 44.742290461742229 ], [ 5.675296826030018, 44.753288369391356 ], [ 5.667964887597265, 44.760620307824112 ], [ 5.667964887597265, 44.760620307824112 ], [ 5.65788347225223, 44.767952246256861 ], [ 5.656966979948137, 44.777117169297803 ], [ 5.656966979948137, 44.778033661601896 ], [ 5.644136087690819, 44.782616123122367 ], [ 5.636804149258066, 44.789948061555123 ], [ 5.635887656953972, 44.795447015379686 ], [ 5.635887656953972, 44.80094596920425 ], [ 5.628555718521219, 44.811943876853384 ], [ 5.625806241608937, 44.81835932298204 ], [ 5.621223780088466, 44.822941784502511 ], [ 5.613891841655714, 44.83027372293526 ], [ 5.611142364743431, 44.833023199847545 ], [ 5.619390795480278, 44.845854092104865 ], [ 5.621223780088466, 44.848603569017143 ], [ 5.610225872439337, 44.857768492058085 ], [ 5.602893934006585, 44.865100430490841 ], [ 5.610225872439337, 44.866933415099027 ], [ 5.61755781087209, 44.867849907403119 ], [ 5.628555718521219, 44.870599384315405 ], [ 5.632221687737596, 44.877014830444061 ], [ 5.621223780088466, 44.887096245789095 ], [ 5.621223780088466, 44.888929230397288 ], [ 5.621223780088466, 44.895344676525944 ], [ 5.626722733913031, 44.901760122654601 ], [ 5.634054672345784, 44.908175568783264 ], [ 5.639553626170349, 44.920089968736484 ], [ 5.639553626170349, 44.925588922561047 ], [ 5.640470118474442, 44.936586830210175 ], [ 5.646885564603101, 44.946668245555216 ], [ 5.640470118474442, 44.955833168596158 ], [ 5.639553626170349, 44.964081599332999 ], [ 5.643219595386725, 44.979661968502597 ], [ 5.646885564603101, 44.983327937718975 ], [ 5.650551533819478, 44.995242337672202 ], [ 5.654217503035854, 45.006240245321329 ], [ 5.659716456860418, 45.015405168362271 ], [ 5.661549441468607, 45.020904122186835 ], [ 5.665215410684984, 45.033735014444154 ], [ 5.671630856813642, 45.044732922093282 ], [ 5.676213318334113, 45.047482399005567 ], [ 5.680795779854583, 45.050231875917845 ], [ 5.672547349117736, 45.072227691216106 ], [ 5.672547349117736, 45.075893660432484 ], [ 5.682628764462772, 45.08964104499389 ], [ 5.68446174907096, 45.093307014210268 ], [ 5.68446174907096, 45.097889475730739 ], [ 5.686294733679148, 45.101555444947117 ], [ 5.701600155157521, 45.116219321812622 ] ] ] } },
{ "type": "Feature", "properties": { "id": null }, "geometry": { "type": "MultiLineString", "coordinates": [ [ [ 6.055916079920298, 44.461568868998214 ], [ 6.049729756867662, 44.469840212042662 ], [ 6.049271510715615, 44.47144407357483 ], [ 6.049042387639592, 44.473964427411083 ], [ 6.049844318405674, 44.477057588937406 ], [ 6.051677303013862, 44.479005135083604 ], [ 6.052593795317956, 44.480379873539746 ], [ 6.052479233779944, 44.481525488919864 ], [ 6.05156274147585, 44.483014788914012 ], [ 6.050302564557721, 44.48507689659823 ], [ 6.050188003019709, 44.48713900428244 ], [ 6.051791864551873, 44.489659358118701 ], [ 6.05351028762205, 44.490804973498818 ], [ 6.055916079920297, 44.494585504253202 ], [ 6.056488887610356, 44.495731119633319 ], [ 6.057519941452462, 44.498938842697648 ], [ 6.057863626066497, 44.501000950381865 ], [ 6.057978187604508, 44.502604811914026 ], [ 6.056878396839595, 44.505972921131573 ], [ 6.05584734299749, 44.507920467277771 ], [ 6.055732781459477, 44.510326259576019 ], [ 6.055732781459477, 44.512961174950291 ], [ 6.057336642991642, 44.515596090324557 ], [ 6.058596819909772, 44.519147498002923 ], [ 6.059169627599831, 44.522011536453221 ], [ 6.059513312213866, 44.524073644137431 ], [ 6.061460858360066, 44.528312421043864 ], [ 6.062377350664161, 44.531634705646205 ], [ 6.062377350664161, 44.534269621020478 ], [ 6.064164510657144, 44.539745662537428 ], [ 6.065081002961238, 44.543411631753806 ], [ 6.066913987569426, 44.547994093274276 ], [ 6.068746972177614, 44.55143093941463 ], [ 6.073329433698085, 44.554867785554983 ], [ 6.078095193679376, 44.563024567061426 ] ] ] } },
{ "type": "Feature", "properties": { "id": null }, "geometry": { "type": "MultiLineString", "coordinates": [ [ [ 6.491586012480849, 44.567166157779674 ], [ 6.470353899831649, 44.565499096282444 ], [ 6.455231776814095, 44.565040850130394 ], [ 6.441026146100637, 44.563207865522209 ], [ 6.428195253843319, 44.561833127066066 ], [ 6.41719734619419, 44.561374880914023 ], [ 6.407115930849155, 44.559083650153788 ], [ 6.391077315527509, 44.555875927089453 ], [ 6.379621161726333, 44.553126450177174 ], [ 6.365873777164921, 44.548543988656704 ], [ 6.358083592580122, 44.54304503483214 ], [ 6.35212639260351, 44.534338357943241 ], [ 6.346169192626898, 44.527922911814585 ], [ 6.336087777281863, 44.526548173358442 ], [ 6.327381100392969, 44.53021414257482 ], [ 6.314550208135651, 44.533880111791198 ], [ 6.306760023550852, 44.532047127183006 ], [ 6.296678608205816, 44.534338357943241 ], [ 6.290263162077158, 44.538004327159619 ], [ 6.281098239036217, 44.541212050223947 ], [ 6.270558577539135, 44.544878019440326 ], [ 6.256994491438543, 44.550468622495295 ], [ 6.245996583789414, 44.55275985325553 ], [ 6.239122891508708, 44.554592837863723 ], [ 6.230416214619814, 44.555967576319865 ], [ 6.225375506947296, 44.557342314776001 ], [ 6.214835845450215, 44.560091791688286 ], [ 6.204754430105179, 44.561008283992379 ], [ 6.199255476280615, 44.561924776296472 ], [ 6.194214768608097, 44.563757760904664 ], [ 6.188715814783532, 44.566965483968993 ], [ 6.18138387635078, 44.571089699337413 ], [ 6.170385968701651, 44.572922683945606 ], [ 6.168552984093463, 44.574297422401742 ], [ 6.159571359513341, 44.577321847005244 ], [ 6.151322928776493, 44.577321847005244 ], [ 6.136659051910988, 44.578238339309344 ], [ 6.122911667349577, 44.576405354701151 ], [ 6.117412713525012, 44.573655877788873 ], [ 6.108247790484071, 44.566323939356117 ], [ 6.104581821267694, 44.565407447052024 ], [ 6.081761162895752, 44.569440013190082 ], [ 6.078095193679376, 44.563024567061426 ] ] ] } },
{ "type": "Feature", "properties": { "id": null }, "geometry": { "type": "MultiLineString", "coordinates": [ [ [ 6.491586012480849, 44.567166157779674 ], [ 6.512420896589568, 44.581583536219284 ], [ 6.515628619653898, 44.586165997739755 ], [ 6.517461604262086, 44.589831966956133 ], [ 6.520211081174368, 44.593727059248529 ], [ 6.52296055808665, 44.596476536160814 ], [ 6.529376004215309, 44.603121105365496 ], [ 6.532812850355662, 44.606099705353799 ], [ 6.533500219583733, 44.61114041302632 ], [ 6.53464583496385, 44.615951997622808 ], [ 6.537853558028179, 44.621221828371354 ], [ 6.544039881080814, 44.6255751668158 ], [ 6.550455327209473, 44.630157628336271 ], [ 6.55480866565392, 44.632219736020481 ], [ 6.561682357934626, 44.634052720628674 ], [ 6.566035696379073, 44.635885705236859 ], [ 6.567868680987261, 44.638635182149137 ], [ 6.571534650203637, 44.641842905213473 ], [ 6.576117111724108, 44.645967120581894 ], [ 6.579783080940484, 44.650549582102364 ], [ 6.58207431170072, 44.65238256671055 ], [ 6.584365542460954, 44.653986428242717 ], [ 6.599258542402484, 44.657194151307046 ], [ 6.620192399168473, 44.670038575337635 ], [ 6.610302274666818, 44.699948517293031 ], [ 6.606636305450441, 44.706363963421687 ], [ 6.604345074690206, 44.710488178790115 ], [ 6.601137351625876, 44.715528886462629 ], [ 6.597929628561547, 44.723777317199477 ], [ 6.594263659345171, 44.730192763328134 ], [ 6.591514182432888, 44.735691717152704 ], [ 6.586473474760371, 44.740732424825218 ], [ 6.583265751696041, 44.747606117105924 ], [ 6.581432767087853, 44.754021563234581 ], [ 6.581432767087853, 44.761811747819387 ], [ 6.581432767087853, 44.768685440100086 ], [ 6.5818910132399, 44.776475624684892 ], [ 6.582349259391948, 44.785640547725826 ], [ 6.582349259391948, 44.800762670743381 ], [ 6.58051627478376, 44.808094609176138 ], [ 6.58051627478376, 44.813593563000701 ], [ 6.580974520935807, 44.819550762977315 ], [ 6.582349259391948, 44.826424455258014 ], [ 6.584182244000136, 44.831006916778485 ], [ 6.590597690128795, 44.838797101363291 ], [ 6.592430674736983, 44.841088332123526 ], [ 6.599304367017688, 44.848420270556275 ], [ 6.603886828538159, 44.851627993620603 ], [ 6.606636305450441, 44.855293962836981 ], [ 6.61460978849606, 44.86784990740307 ], [ 6.621941726928813, 44.874265353531726 ], [ 6.629273665361566, 44.882513784268575 ], [ 6.634772619186131, 44.886179753484953 ], [ 6.643155042661103, 44.899707493233883 ], [ 6.643155042661103, 44.899707493233883 ] ] ] } },
{ "type": "Feature", "properties": { "id": null }, "geometry": { "type": "MultiLineString", "coordinates": [ [ [ 6.641463013006017, 44.38238393392443 ], [ 6.624507905380277, 44.386508149292851 ], [ 6.617634213099572, 44.384675164684666 ], [ 6.604345074690206, 44.384675164684666 ], [ 6.597929628561548, 44.386049903140808 ], [ 6.587389967064466, 44.390174118509229 ], [ 6.576850305567384, 44.392465349269465 ], [ 6.56035344409369, 44.39429833387765 ], [ 6.543398336467949, 44.395673072333793 ], [ 6.53240042881882, 44.397964303094028 ], [ 6.509946367368515, 44.401630272310406 ], [ 6.490241782830491, 44.401172026158356 ], [ 6.475577905964986, 44.401630272310406 ], [ 6.466871229076092, 44.403921503070642 ], [ 6.45633156757901, 44.40667097998292 ], [ 6.45312384451468, 44.408503964591112 ], [ 6.448999629146257, 44.413086426111583 ], [ 6.438185019957947, 44.426008967599302 ], [ 6.424437635396536, 44.4337991521841 ], [ 6.415272712355595, 44.437923367552528 ], [ 6.409315512378983, 44.443422321377092 ], [ 6.402441820098278, 44.445713552137327 ], [ 6.395568127817572, 44.44663004444142 ], [ 6.382737235560255, 44.445713552137327 ], [ 6.370614629919893, 44.444273733082568 ], [ 6.356158958741526, 44.424634229143159 ], [ 6.348827020308773, 44.419135275318595 ], [ 6.341953328028067, 44.414094567646082 ], [ 6.337829112659644, 44.410428598429704 ], [ 6.335079635747362, 44.405846136909233 ], [ 6.332788404987126, 44.398514198476477 ], [ 6.324998220402327, 44.386141552371207 ], [ 6.323623481946186, 44.382475583154836 ], [ 6.319957512729808, 44.37514364472208 ], [ 6.319957512729808, 44.365978721681138 ], [ 6.325456466554374, 44.36231275246476 ], [ 6.334163143443267, 44.358646783248389 ], [ 6.338745604963738, 44.355439060184054 ], [ 6.357001198467926, 44.348022161533571 ], [ 6.357001198467926, 44.348022161533571 ] ] ] } },
{ "type": "Feature", "properties": { "id": null }, "geometry": { "type": "MultiLineString", "coordinates": [ [ [ 6.491586012480849, 44.567166157779674 ], [ 6.489875185908855, 44.54634440712686 ], [ 6.483459739780196, 44.539012468694111 ], [ 6.449549524528715, 44.527098068740884 ], [ 6.434885647663209, 44.528931053349076 ], [ 6.413806324669045, 44.525265084132698 ], [ 6.402808417019916, 44.525265084132698 ], [ 6.382645586329845, 44.523432099524506 ], [ 6.366148724856152, 44.516100161091757 ], [ 6.357900294119305, 44.5096847149631 ], [ 6.349651863382458, 44.501436284226251 ], [ 6.336820971125141, 44.495020838097588 ], [ 6.32470703125, 44.49359772343162 ], [ 6.319407617347353, 44.481273453536183 ], [ 6.321240601955541, 44.478523976623897 ], [ 6.337737463429234, 44.470275545887048 ], [ 6.346902386470176, 44.46752606897477 ], [ 6.362482755639776, 44.464776592062485 ], [ 6.375313647897093, 44.462027115150207 ], [ 6.378979617113469, 44.460194130542014 ], [ 6.382645586329845, 44.459277638237921 ], [ 6.395568127817572, 44.44663004444142 ], [ 6.402441820098278, 44.445713552137327 ] ] ] } },
{ "type": "Feature", "properties": { "id": null }, "geometry": { "type": "MultiLineString", "coordinates": [ [ [ 6.055916079920298, 44.461568868998214 ], [ 6.064072861426738, 44.467801016666009 ], [ 6.072779538315633, 44.474216462794665 ], [ 6.079194984444291, 44.477882432011043 ], [ 6.088818153637279, 44.479715416619229 ], [ 6.091567630549561, 44.479257170467186 ], [ 6.099816061286409, 44.478798924315136 ], [ 6.105315015110973, 44.478798924315136 ], [ 6.115396430456008, 44.477882432011043 ], [ 6.126394338105137, 44.477424185858993 ], [ 6.158929814900477, 44.473758216642622 ], [ 6.196047753216289, 44.472841724338522 ], [ 6.229499722315723, 44.47192523203443 ], [ 6.239581137660759, 44.459094339777117 ], [ 6.251037291461935, 44.46001083208121 ], [ 6.26111870680697, 44.460927324385302 ], [ 6.266617660631534, 44.462760308993488 ], [ 6.272116614456099, 44.463218555145538 ], [ 6.273033106760193, 44.463218555145538 ], [ 6.283572768257275, 44.461385570537345 ], [ 6.286780491321604, 44.460469078233253 ], [ 6.29365418360231, 44.456803109016882 ], [ 6.300986122035063, 44.453137139800504 ], [ 6.308318060467816, 44.456344862864832 ], [ 6.319774214268992, 44.454511878256646 ], [ 6.327106152701745, 44.452678893648454 ], [ 6.328939137309933, 44.449929416736175 ], [ 6.335812829590639, 44.446263447519797 ], [ 6.34177002956725, 44.445805201367747 ], [ 6.351393198760238, 44.444888709063655 ], [ 6.370614629919893, 44.444273733082568 ], [ 6.370614629919893, 44.444273733082568 ] ] ] } },
{ "type": "Feature", "properties": { "id": null }, "geometry": { "type": "MultiLineString", "coordinates": [ [ [ 6.22977467000695, 44.091947522757025 ], [ 6.259102423737961, 44.103861922710252 ], [ 6.260935408346149, 44.107527891926622 ], [ 6.27010033138709, 44.116692814967564 ], [ 6.277432269819843, 44.121275276488035 ], [ 6.286597192860784, 44.127690722616698 ], [ 6.288430177468972, 44.130440199528977 ], [ 6.289346669773066, 44.133189676441262 ], [ 6.30126106972629, 44.150603030219045 ], [ 6.304010546638572, 44.157934968651801 ], [ 6.306760023550854, 44.160684445564087 ], [ 6.321423900416359, 44.16160093786818 ], [ 6.348002177235088, 44.168016383996836 ], [ 6.359000084884218, 44.176264814733685 ], [ 6.367248515621064, 44.184513245470534 ], [ 6.372747469445629, 44.194594660815568 ], [ 6.372747469445629, 44.201926599248317 ], [ 6.369997992533347, 44.207425553072881 ], [ 6.362666054100594, 44.216590476113822 ], [ 6.3617495617965, 44.223922414546578 ], [ 6.3617495617965, 44.226671891458857 ], [ 6.3617495617965, 44.234003829891613 ], [ 6.3617495617965, 44.235836814499798 ], [ 6.369081500229253, 44.245918229844833 ], [ 6.369997992533347, 44.250500691365303 ], [ 6.365415531012877, 44.255083152885774 ], [ 6.365415531012877, 44.261498599014438 ], [ 6.365415531012877, 44.261498599014438 ], [ 6.365415531012877, 44.261498599014438 ], [ 6.373663961749723, 44.269747029751279 ], [ 6.38191239248657, 44.276162475879943 ], [ 6.385578361702946, 44.278911952792221 ], [ 6.393826792439794, 44.288076875833163 ], [ 6.399325746264358, 44.298158291178197 ], [ 6.400242238568453, 44.308239706523231 ], [ 6.400242238568453, 44.317404629564173 ], [ 6.392910300135699, 44.326569552605115 ], [ 6.387411346311135, 44.331152014125585 ], [ 6.385578361702946, 44.334817983341964 ], [ 6.375496946357911, 44.34123342947062 ], [ 6.357001198467926, 44.348022161533571 ] ] ] } },
{ "type": "Feature", "properties": { "id": null }, "geometry": { "type": "MultiLineString", "coordinates": [ [ [ 5.433, 43.533 ], [ 5.447456839232228, 43.549384078733318 ], [ 5.452955793056793, 43.557632509470167 ], [ 5.469452654530486, 43.572296386335672 ], [ 5.48136705448371, 43.581461309376614 ], [ 5.491448469828745, 43.590626232417556 ], [ 5.496030931349216, 43.603457124674875 ], [ 5.507028838998345, 43.616288016932188 ], [ 5.524442192776132, 43.630951893797693 ], [ 5.54185554655392, 43.635534355318164 ], [ 5.567517331068555, 43.638283832230449 ], [ 5.59776157710366, 43.640116816838635 ], [ 5.627089330834671, 43.64286629375092 ], [ 5.648972977877576, 43.663724016708791 ], [ 5.673830438343471, 43.681358970522872 ], [ 5.692160284425352, 43.68502493973925 ], [ 5.721488038156363, 43.689607401259721 ], [ 5.742567361150527, 43.696022847388377 ], [ 5.756314745711939, 43.698772324300663 ], [ 5.774644591793821, 43.719851647294824 ], [ 5.784726007138857, 43.731766047248044 ], [ 5.794807422483891, 43.738181493376707 ], [ 5.803055853220738, 43.749179401025835 ], [ 5.822118893145896, 43.774474588618837 ], [ 5.836782770011401, 43.789138465484342 ], [ 5.844970101261307, 43.797814592629685 ], [ 5.855112616093283, 43.81754972691126 ], [ 5.861528062221942, 43.825798157648109 ], [ 5.874358954479259, 43.838629049905428 ], [ 5.87894141599973, 43.845044496034085 ], [ 5.888106339040671, 43.858791880595497 ], [ 5.900020738993894, 43.873455757461002 ], [ 5.912851631251211, 43.891785603542885 ], [ 5.915601108163494, 43.899117541975635 ], [ 5.917434092771682, 43.915614403449332 ], [ 5.921100061988058, 43.922946341882081 ], [ 5.922933046596246, 43.926612311098459 ], [ 5.924766031204435, 43.932111264923023 ], [ 5.930264985028999, 43.941276187963965 ], [ 5.933930954245375, 43.950441111004906 ], [ 5.93942990806994, 43.965104987870411 ], [ 5.95042781571907, 43.984351326256387 ], [ 5.958676246455916, 43.995349233905515 ], [ 5.970590646409139, 44.012762587683305 ], [ 5.987087507882833, 44.030175941461096 ], [ 6.001751384748339, 44.04025735680613 ], [ 6.016415261613845, 44.044839818326601 ], [ 6.03107913847935, 44.046672802934786 ], [ 6.053074953777609, 44.046672802934786 ], [ 6.077820245988149, 44.043006833718408 ], [ 6.128227322713324, 44.037507879893845 ], [ 6.141974707274736, 44.039340864502037 ], [ 6.157555076444336, 44.047589295238879 ], [ 6.174051937918029, 44.054004741367542 ], [ 6.186882830175347, 44.060420187496199 ], [ 6.192381783999911, 44.064086156712577 ], [ 6.218043568514546, 44.08241600279446 ], [ 6.22977467000695, 44.091947522757025 ] ] ] } },
{ "type": "Feature", "properties": { "id": null }, "geometry": { "type": "MultiLineString", "coordinates": [ [ [ 6.218043568514546, 44.08241600279446 ], [ 6.208695347012786, 44.053271547524275 ], [ 6.206862362404598, 44.048689086003805 ], [ 6.20502937779641, 44.043190132179241 ], [ 6.204571131644363, 44.041357147571055 ], [ 6.204571131644363, 44.030817486073971 ], [ 6.20502937779641, 44.025776778401458 ], [ 6.211903070077115, 44.018444839968701 ], [ 6.216027285445539, 44.012945886144138 ], [ 6.226108700790574, 44.012487639992088 ], [ 6.24077257765608, 44.014778870752323 ], [ 6.249021008392926, 44.013404132296188 ], [ 6.256352946825679, 44.011112901535952 ], [ 6.263684885258432, 44.006988686167524 ], [ 6.271016823691185, 44.002406224647054 ], [ 6.283847715948502, 44.000114993886818 ], [ 6.294845623597632, 43.992783055454069 ], [ 6.300344577422196, 43.987284101629506 ], [ 6.30446879279062, 43.981785147804935 ], [ 6.31225897737542, 43.974453209372186 ], [ 6.323256885024549, 43.966663024787387 ], [ 6.331505315761396, 43.962080563266916 ], [ 6.344336208018713, 43.961164070962823 ], [ 6.360833069492407, 43.957039855594395 ], [ 6.368165007925159, 43.951999147921882 ], [ 6.389244330919323, 43.933760951070397 ], [ 6.406657684697111, 43.920930058813077 ], [ 6.415822607738051, 43.913598120380328 ], [ 6.420405069258522, 43.904433197339387 ], [ 6.426820515387181, 43.890685812777974 ], [ 6.435985438428122, 43.881520889737033 ], [ 6.450649315293627, 43.873272459000184 ], [ 6.466229684463227, 43.865940520567435 ], [ 6.47814408441645, 43.865024028263342 ], [ 6.501972884322897, 43.857692089830586 ], [ 6.515720268884309, 43.852193136006022 ], [ 6.522135715012967, 43.844861197573266 ] ] ] } },
{ "type": "Feature", "properties": { "id": null }, "geometry": { "type": "MultiLineString", "coordinates": [ [ [ 6.810029298777741, 43.947704720598765 ], [ 6.778753560159315, 43.969045904778028 ], [ 6.778295314007268, 43.969962397082121 ], [ 6.766380914054045, 43.971795381690313 ], [ 6.757215991013104, 43.973170120146449 ], [ 6.757215991013104, 43.97821082781897 ], [ 6.76019459100141, 43.983938904719558 ], [ 6.764089683293809, 43.988292243164004 ], [ 6.768443021738256, 43.992416458532425 ], [ 6.773025483258727, 43.99562418159676 ], [ 6.779211806311362, 43.999290150813131 ], [ 6.789064098580374, 44.006622089245887 ], [ 6.795250421633009, 44.010288058462265 ], [ 6.800978498533597, 44.013037535374544 ], [ 6.808081313890326, 44.019452981503207 ], [ 6.810143421574538, 44.023348073795603 ], [ 6.815184129247055, 44.028159658392099 ], [ 6.82389080613595, 44.033200366064612 ], [ 6.827327652276303, 44.035491596824848 ], [ 6.833284852252913, 44.040074058345319 ], [ 6.838783806077479, 44.044427396789764 ], [ 6.841991529141808, 44.048551612158192 ], [ 6.854501649092691, 44.064865175171064 ], [ 6.854959895244738, 44.066239913627207 ], [ 6.855876387548832, 44.070822375147678 ], [ 6.855876387548832, 44.077925190504409 ], [ 6.854959895244738, 44.086173621241251 ], [ 6.851981295256432, 44.0944220519781 ], [ 6.850606556800291, 44.098317144270503 ], [ 6.846482341431868, 44.103816098095066 ], [ 6.843503741443562, 44.106107328855302 ], [ 6.834338818402621, 44.110689790375773 ], [ 6.826777756893844, 44.110689790375773 ], [ 6.812572126180386, 44.112293651907933 ], [ 6.808906156964009, 44.114126636516126 ], [ 6.792180172414293, 44.123978928785135 ], [ 6.785993849361657, 44.125582790317303 ], [ 6.777058049396739, 44.130165251837774 ], [ 6.774537695560481, 44.132227359521984 ], [ 6.768580495583869, 44.13658069796643 ], [ 6.761935926379187, 44.141163159486901 ], [ 6.757261815628308, 44.142767021019054 ], [ 6.748784261815437, 44.148265974843618 ], [ 6.733433015721861, 44.156514405580467 ], [ 6.720831246540567, 44.158576513264677 ], [ 6.713041061955767, 44.163617220937191 ], [ 6.706854738903132, 44.167741436305619 ], [ 6.702043154306638, 44.169574420913804 ], [ 6.689212262049321, 44.179197590106789 ], [ 6.678901723628263, 44.181717943943049 ], [ 6.672715400575627, 44.183092682399192 ], [ 6.662863108306616, 44.186071282387495 ], [ 6.658051523710122, 44.187446020843637 ], [ 6.651636077581463, 44.186529528539545 ], [ 6.645908000680875, 44.186071282387495 ], [ 6.642471154540522, 44.184238297779309 ], [ 6.626547511724328, 44.180570279935445 ] ] ] } },
{ "type": "Feature", "properties": { "id": null }, "geometry": { "type": "MultiLineString", "coordinates": [ [ [ 6.641463013006017, 44.38238393392443 ], [ 6.666513802651256, 44.389135427231281 ], [ 6.670790766737028, 44.390051919535374 ], [ 6.675067730822801, 44.390968411839467 ], [ 6.680261187212667, 44.392495899012957 ], [ 6.684232653863742, 44.393106893882354 ], [ 6.688204120514816, 44.395856370794633 ], [ 6.691564592296494, 44.398300350272216 ], [ 6.697980038425153, 44.401355324619196 ], [ 6.70470098198851, 44.404410298966177 ], [ 6.711116428117168, 44.406548781009064 ], [ 6.716920879376431, 44.407465273313157 ], [ 6.722114335766298, 44.409909252790747 ], [ 6.72791878702556, 44.414186216876516 ], [ 6.731890253676635, 44.418768678396987 ], [ 6.745637638238046, 44.417241191223496 ], [ 6.752053084366705, 44.413269724572423 ], [ 6.758774027930062, 44.409603755356045 ], [ 6.762439997146438, 44.405021293835574 ], [ 6.763967484319928, 44.402271816923296 ], [ 6.770688427883285, 44.397383857968123 ], [ 6.771604920187379, 44.393106893882354 ], [ 6.778325863750736, 44.389440924665976 ], [ 6.782908325271206, 44.380886996494432 ], [ 6.784435812444697, 44.375082545235166 ], [ 6.785963299618187, 44.370500083714695 ], [ 6.786879791922281, 44.369278093975907 ], [ 6.786268797052885, 44.363168145281946 ], [ 6.786574294487583, 44.358891181196171 ], [ 6.783213822705904, 44.352475735067515 ], [ 6.784435812444697, 44.347893273547044 ], [ 6.785657802183489, 44.344838299200063 ], [ 6.785657802183489, 44.340255837679592 ], [ 6.796044714963222, 44.340561335114288 ], [ 6.801543668787787, 44.341172329983685 ], [ 6.806737125177653, 44.338117355636705 ], [ 6.808875607220539, 44.332618401812141 ], [ 6.812847073871613, 44.332618401812141 ], [ 6.822622991781951, 44.332618401812141 ], [ 6.829343935345308, 44.333840391550936 ], [ 6.837286868647457, 44.336895365897917 ], [ 6.840952837863833, 44.339950340244897 ], [ 6.85072875577417, 44.339950340244897 ], [ 6.856533207033433, 44.337506360767307 ], [ 6.858671689076319, 44.334451386420326 ], [ 6.864476140335581, 44.331701909508048 ], [ 6.867225617247864, 44.331396412073346 ], [ 6.865392632639676, 44.327424945422273 ], [ 6.858977186511017, 44.325897458248782 ], [ 6.85531121729464, 44.32498096594469 ], [ 6.857449699337526, 44.322842483901802 ], [ 6.861421165988601, 44.322231489032411 ], [ 6.866309124943769, 44.320398504424219 ], [ 6.874252058245919, 44.320398504424219 ], [ 6.882500488982766, 44.321925991597709 ], [ 6.890137924850216, 44.322842483901802 ], [ 6.899302847891157, 44.320398504424219 ], [ 6.902968817107534, 44.312455571122072 ], [ 6.902357822238137, 44.309400596775092 ], [ 6.903274314542232, 44.304512637819926 ], [ 6.903274314542232, 44.303596145515826 ], [ 6.901135832499346, 44.292537138379764 ], [ 6.902357822238137, 44.286732687120505 ], [ 6.902968817107534, 44.28398321020822 ], [ 6.90510729915042, 44.280011743557147 ], [ 6.911217247844381, 44.275734779471371 ], [ 6.914272222191361, 44.273290799993788 ], [ 6.91916018114653, 44.268402841038622 ], [ 6.921298663189416, 44.263820379518151 ], [ 6.923131647797604, 44.259543415432375 ], [ 6.925270129840491, 44.254655456477209 ], [ 6.928019606752772, 44.248851005217944 ], [ 6.940545001575392, 44.236447809369217 ], [ 6.946654950269354, 44.233392835022237 ], [ 6.95184840665922, 44.229726865805858 ], [ 6.956736365614389, 44.227282886328275 ], [ 6.95795835535318, 44.225755399154785 ], [ 6.960402334830765, 44.22453340941599 ], [ 6.962846314308349, 44.2230059222425 ], [ 6.963151811743047, 44.2230059222425 ], [ 6.967123278394122, 44.221783932503712 ], [ 6.970789247610498, 44.216590476113844 ], [ 6.973844221957479, 44.214146496636261 ], [ 6.976288201435063, 44.211397019723975 ], [ 6.979648673216741, 44.208953040246392 ], [ 6.981176160390231, 44.206814558203504 ], [ 6.98300914499842, 44.204981573595319 ], [ 6.994251450595308, 44.201743300787513 ], [ 7.000666896723967, 44.198688326440532 ], [ 7.005554855679136, 44.195938849528247 ], [ 7.010442814634304, 44.193800367485366 ], [ 7.014108783850681, 44.192578377746571 ], [ 7.020829727414037, 44.188912408530193 ], [ 7.031216640193771, 44.187690418791405 ], [ 7.041298055538806, 44.187690418791405 ], [ 7.049240988840954, 44.18646842905261 ], [ 7.055045440100217, 44.185857434183212 ], [ 7.058405911881894, 44.194105864920068 ], [ 7.06207188109827, 44.195938849528254 ], [ 7.069403819531024, 44.199299321309937 ], [ 7.075819265659682, 44.20021581361403 ], [ 7.07765225026787, 44.20021581361403 ], [ 7.088650157917, 44.20174330078752 ], [ 7.09323261943747, 44.20327078796101 ], [ 7.098426075827336, 44.206020264873288 ], [ 7.101175552739619, 44.207853249481481 ], [ 7.115839429605124, 44.204187280265103 ], [ 7.124393357776669, 44.196549844397651 ], [ 7.126837337254254, 44.195022357224161 ], [ 7.135391265425799, 44.193800367485366 ], [ 7.141195716685061, 44.192578377746578 ], [ 7.148527655117814, 44.191661885442485 ], [ 7.15219362433419, 44.191661885442485 ], [ 7.154637603811775, 44.194105864920068 ], [ 7.155554096115869, 44.195938849528254 ], [ 7.154026608942379, 44.199604818744632 ], [ 7.151582629464794, 44.203881782830408 ], [ 7.148833152552513, 44.207547752046779 ], [ 7.145778178205532, 44.210297228959064 ], [ 7.142723203858552, 44.212741208436647 ], [ 7.139057234642175, 44.214268695610137 ], [ 7.134169275687007, 44.218851157130608 ], [ 7.132030793644121, 44.220684141738793 ], [ 7.128670321862442, 44.221906131477589 ], [ 7.12286587060318, 44.224655608389874 ], [ 7.120727388560293, 44.227099587867457 ], [ 7.117977911648011, 44.233820531430808 ], [ 7.117366916778614, 44.235348018604299 ], [ 7.114311942431635, 44.237791998081889 ], [ 7.112173460388748, 44.238097495516584 ], [ 7.111562465519352, 44.24145796729826 ], [ 7.111256968084654, 44.24390194677585 ], [ 7.114617439866333, 44.250928387773904 ], [ 7.117061419343917, 44.253677864686182 ], [ 7.12286587060318, 44.259176818510745 ], [ 7.125615347515462, 44.264981269770011 ], [ 7.128364824427744, 44.267730746682297 ], [ 7.13050330647063, 44.269563731290482 ], [ 7.141195716685061, 44.278117659462026 ], [ 7.145167183336135, 44.280256141504914 ], [ 7.149444147421908, 44.285449597894782 ], [ 7.152499121768889, 44.289726561980551 ], [ 7.155554096115869, 44.292781536327531 ], [ 7.157081583289359, 44.294920018370419 ], [ 7.159220065332246, 44.302862951672566 ], [ 7.162580537113924, 44.305917926019546 ], [ 7.17082896785077, 44.307750910627739 ], [ 7.180910383195806, 44.309583895235924 ], [ 7.190380803671445, 44.311111382409415 ], [ 7.199240229277688, 44.312027874713507 ], [ 7.209016147188025, 44.312638869582905 ], [ 7.218486567663664, 44.314166356756395 ], [ 7.227040495835209, 44.3138608593217 ], [ 7.237427408614942, 44.313555361886998 ], [ 7.248119818829373, 44.315693843929886 ], [ 7.256979244435616, 44.316915833668673 ], [ 7.264616680303067, 44.317221331103376 ], [ 7.27347610590931, 44.315693843929886 ], [ 7.280502546907365, 44.313555361886998 ], [ 7.286917993036024, 44.313555361886998 ], [ 7.291805951991192, 44.313555361886998 ], [ 7.306469828856697, 44.315999341364581 ], [ 7.315023757028241, 44.316610336233978 ], [ 7.326021664677371, 44.315999341364581 ], [ 7.330604126197841, 44.31447185419109 ], [ 7.336408577457104, 44.313555361886998 ], [ 7.343740515889857, 44.312638869582898 ], [ 7.351072454322609, 44.312333372148203 ], [ 7.364819838884021, 44.310194890105315 ], [ 7.376123243967848, 44.311722377278805 ], [ 7.382233192661809, 44.313860859321693 ], [ 7.389565131094562, 44.319665310580959 ], [ 7.391703613137448, 44.322109290058542 ], [ 7.395369582353824, 44.325775259274913 ], [ 7.399341049004899, 44.329441228491291 ], [ 7.401479531047785, 44.330968715664781 ], [ 7.407894977176444, 44.334329187446464 ], [ 7.417365397652083, 44.336773166924047 ], [ 7.422864351476647, 44.336773166924047 ], [ 7.430501787344098, 44.335551177185252 ], [ 7.436000741168663, 44.334634684881159 ], [ 7.443943674470812, 44.333718192577066 ], [ 7.449442628295376, 44.333107197707669 ], [ 7.456163571858733, 44.333412695142364 ], [ 7.463190012856788, 44.334634684881159 ], [ 7.472660433332427, 44.334329187446464 ], [ 7.482436351242764, 44.331885207968874 ], [ 7.489213302669186, 44.327715167984728 ] ] ] } },
{ "type": "Feature", "properties": { "id": null }, "geometry": { "type": "MultiLineString", "coordinates": [ [ [ 6.626547511724328, 44.180570279935445 ], [ 6.634864268416541, 44.195022357224168 ], [ 6.634864268416541, 44.198688326440546 ], [ 6.634864268416541, 44.201132305918129 ], [ 6.633031283808352, 44.203576285395719 ], [ 6.632420288938956, 44.208464244350886 ], [ 6.635475263285937, 44.211519218697866 ], [ 6.635475263285937, 44.217629167391827 ], [ 6.635475263285937, 44.223128121216391 ], [ 6.633031283808352, 44.231071054518537 ], [ 6.631198299200164, 44.23595901347371 ], [ 6.621483480776767, 44.245307234975463 ], [ 6.615373532082806, 44.246834722148954 ], [ 6.608652588519449, 44.249278701626537 ], [ 6.603764629564282, 44.25019519393063 ], [ 6.600098660347904, 44.252944670842908 ], [ 6.594905203958038, 44.256610640059286 ], [ 6.591239234741662, 44.259054619536869 ], [ 6.586351275786493, 44.262720588753247 ], [ 6.581463316831325, 44.26913603488191 ], [ 6.57749185018025, 44.274940486141169 ], [ 6.575047870702666, 44.279828445096335 ], [ 6.573520383529176, 44.286549388659694 ], [ 6.570159911747497, 44.29235383991896 ], [ 6.568021429704611, 44.295714311700635 ], [ 6.569854414312799, 44.298158291178218 ], [ 6.571687398920988, 44.299074783482311 ], [ 6.577186352745552, 44.299685778351709 ], [ 6.582074311700721, 44.300907768090504 ], [ 6.590628239872266, 44.300296773221106 ], [ 6.594294209088642, 44.299380280917013 ], [ 6.595516198827434, 44.299380280917013 ], [ 6.596738188566226, 44.305184732176272 ], [ 6.593988711653944, 44.310989183435538 ], [ 6.592766721915152, 44.315877142390704 ], [ 6.598571173174415, 44.32015410647648 ], [ 6.602848137260187, 44.321987091084665 ], [ 6.599182168043811, 44.326264055170441 ], [ 6.593988711653944, 44.328402537213329 ], [ 6.586962270655889, 44.330846516690912 ], [ 6.583296301439513, 44.333290496168495 ], [ 6.586351275786493, 44.336039973080773 ], [ 6.597043686000925, 44.334817983341985 ], [ 6.600404157782603, 44.334817983341985 ], [ 6.606514106476563, 44.334817983341985 ], [ 6.611463164918673, 44.33946154434939 ], [ 6.614518139265654, 44.343127513565761 ], [ 6.616045626439144, 44.348015472520935 ], [ 6.616351123873842, 44.354125421214896 ], [ 6.61971159565552, 44.359318877604757 ], [ 6.622766570002501, 44.36267934938644 ], [ 6.623683062306594, 44.365123328864023 ], [ 6.623377564871896, 44.370011287819189 ], [ 6.623072067437199, 44.372455267296779 ], [ 6.61971159565552, 44.377954221121342 ], [ 6.617634213099572, 44.384675164684666 ] ] ] } },
{ "type": "Feature", "properties": { "id": null }, "geometry": { "type": "MultiLineString", "coordinates": [ [ [ 6.522135715012967, 43.844861197573266 ], [ 6.54187084929446, 43.845533291929605 ], [ 6.548897290292515, 43.847671773972493 ], [ 6.552257762074193, 43.855309209839945 ], [ 6.554090746682381, 43.857753189317528 ], [ 6.560811690245738, 43.862030153403303 ], [ 6.562644674853926, 43.864474132880886 ], [ 6.55897870563755, 43.875166543095318 ], [ 6.551952264639495, 43.877305025138206 ], [ 6.545231321076138, 43.879443507181087 ], [ 6.54034336212097, 43.883720471266862 ], [ 6.537593885208688, 43.890746912264916 ], [ 6.542481844163857, 43.900522830175255 ], [ 6.545231321076138, 43.904188799391626 ], [ 6.548591792857817, 43.907854768608004 ], [ 6.557145721029362, 43.912742727563177 ], [ 6.570282110721378, 43.913964717301965 ], [ 6.580669023501111, 43.91518670704076 ], [ 6.597471382409502, 43.915797701910158 ], [ 6.618245207968968, 43.920074665995926 ], [ 6.625577146401722, 43.926184614689888 ], [ 6.631687095095682, 43.931378071079756 ], [ 6.637797043789643, 43.932905558253246 ], [ 6.654904900132733, 43.933516553122644 ], [ 6.669568776998238, 43.939626501816605 ], [ 6.674456735953407, 43.9399319992513 ], [ 6.683927156429046, 43.944514460771771 ], [ 6.688509617949516, 43.949096922292242 ], [ 6.688204120514818, 43.953679383812712 ], [ 6.695230561512873, 43.957345353029091 ], [ 6.698591033294552, 43.957956347898481 ], [ 6.719120460906257, 43.958017447385423 ], [ 6.7279798865125, 43.95862844225482 ], [ 6.741116276204515, 43.962294411471198 ], [ 6.748448214637269, 43.964738390948781 ], [ 6.757215991013104, 43.973170120146449 ] ] ] } },
{ "type": "Feature", "properties": { "id": null }, "geometry": { "type": "MultiLineString", "coordinates": [ [ [ 6.557145721029362, 43.912742727563177 ], [ 6.547736400040661, 43.919097074204878 ], [ 6.544070430824285, 43.922763043421256 ], [ 6.537960482130324, 43.927651002376429 ], [ 6.523907600134215, 43.936815925417363 ], [ 6.522685610395422, 43.939870899764344 ], [ 6.516575661701462, 43.946591843327703 ], [ 6.509243723268709, 43.952090797152266 ], [ 6.506188748921729, 43.96003373045442 ], [ 6.506188748921729, 43.963699699670791 ], [ 6.512909692485086, 43.972253627842342 ], [ 6.521341421682752, 43.980440959092242 ], [ 6.524396396029733, 43.98410692830862 ], [ 6.535088806244164, 43.988994887263786 ], [ 6.537838283156446, 43.996326825696542 ], [ 6.540893257503426, 44.000298292347615 ], [ 6.549447185674971, 44.003964261563993 ], [ 6.558001113846516, 44.007019235910974 ], [ 6.560139595889402, 44.010685205127352 ], [ 6.55739011897712, 44.020155625602989 ], [ 6.553724149760744, 44.025043584558155 ], [ 6.55433514463014, 44.029320548643931 ], [ 6.558001113846516, 44.034208507599097 ], [ 6.564722057409873, 44.039401963988965 ], [ 6.575781064545941, 44.061642177234972 ], [ 6.575781064545941, 44.06378065927786 ], [ 6.573948079937753, 44.069890607971821 ], [ 6.570587608156075, 44.079666525882153 ], [ 6.569365618417282, 44.083332495098531 ], [ 6.566921638939698, 44.088220454053697 ], [ 6.563255669723322, 44.098301869398732 ], [ 6.571809597894866, 44.10502281296209 ], [ 6.577919546588827, 44.108688782178469 ], [ 6.579752531197015, 44.114187736003032 ], [ 6.57914153632762, 44.122130669305179 ], [ 6.580363526066411, 44.12824061799914 ], [ 6.584029495282788, 44.133128576954313 ], [ 6.590750438846144, 44.140766012821764 ], [ 6.59624939267071, 44.146264966646328 ], [ 6.60235934136467, 44.159095858903648 ], [ 6.604497823407556, 44.16001235120774 ], [ 6.609691279797422, 44.163983817858814 ], [ 6.6133572490138, 44.169482771683377 ], [ 6.617023218230176, 44.17345423833445 ], [ 6.626547511724328, 44.180570279935445 ] ] ] } },
{ "type": "Feature", "properties": { "id": null }, "geometry": { "type": "MultiLineString", "coordinates": [ [ [ 6.761935926379187, 44.141163159486901 ], [ 6.758590729469242, 44.148953344071657 ], [ 6.757674237165148, 44.15139732354924 ], [ 6.757063242295752, 44.156896277373804 ], [ 6.757063242295752, 44.159034759416691 ], [ 6.757063242295752, 44.160256749155479 ], [ 6.755535755122262, 44.163006226067765 ], [ 6.751564288471188, 44.170643661935216 ], [ 6.747287324385415, 44.178892092672065 ], [ 6.746981826950717, 44.184391046496629 ], [ 6.747287324385415, 44.19202848236408 ], [ 6.747287324385415, 44.198443928492736 ], [ 6.745759837211924, 44.206692359229585 ], [ 6.746065334646622, 44.213718800227639 ], [ 6.748203816689509, 44.21830126174811 ], [ 6.749120308993603, 44.223189220703276 ], [ 6.753397273079376, 44.235409118091198 ], [ 6.757979734599846, 44.239991579611669 ], [ 6.755535755122262, 44.254960953911869 ], [ 6.753397273079376, 44.255571948781267 ], [ 6.750036801297697, 44.255877446215969 ], [ 6.748203816689509, 44.257710430824154 ], [ 6.742704862864944, 44.26351488208342 ], [ 6.74178837056085, 44.265958861561003 ], [ 6.745454339777227, 44.274390590758671 ], [ 6.746065334646624, 44.275918077932161 ], [ 6.746065334646624, 44.281417031756725 ], [ 6.743621355169039, 44.286304990711898 ], [ 6.743010360299643, 44.293331431709952 ], [ 6.744537847473134, 44.300357872708005 ], [ 6.74056638082206, 44.306773318836662 ], [ 6.733845437258703, 44.311355780357133 ], [ 6.730790462911722, 44.315632744442908 ], [ 6.725902503956553, 44.318382221355186 ], [ 6.718265068089103, 44.321131698267472 ], [ 6.703601191223597, 44.322659185440962 ], [ 6.695963755356146, 44.322659185440962 ], [ 6.687104329749904, 44.322659185440962 ], [ 6.67671741697017, 44.322048190571564 ], [ 6.666636001625135, 44.322048190571564 ], [ 6.655638093976005, 44.322048190571564 ], [ 6.647389663239159, 44.322048190571564 ], [ 6.637308247894124, 44.320215205963379 ], [ 6.63333678124305, 44.319909708528677 ], [ 6.629365314591975, 44.319909708528677 ], [ 6.618061909508148, 44.321131698267472 ], [ 6.615006935161167, 44.323270180310359 ], [ 6.614090442857073, 44.328463636700228 ], [ 6.615312432595865, 44.333046098220692 ], [ 6.611463164918673, 44.33946154434939 ], [ 6.611463164918673, 44.33946154434939 ] ] ] } },
{ "type": "Feature", "properties": { "id": null }, "geometry": { "type": "MultiLineString", "coordinates": [ [ [ 6.522135715012967, 43.844861197573266 ], [ 6.501850685349018, 43.845105595520998 ], [ 6.49054728026519, 43.839912139131137 ], [ 6.486881311048814, 43.838079154522944 ], [ 6.481993352093646, 43.834107687871871 ], [ 6.474050418791497, 43.831969205828983 ], [ 6.461830521403575, 43.830136221220798 ], [ 6.460303034230085, 43.828914231482003 ], [ 6.448388634276862, 43.830441718655493 ], [ 6.441056695844109, 43.831969205828983 ], [ 6.430058788194979, 43.832885698133076 ], [ 6.424865331805113, 43.831358210959586 ], [ 6.428225803586791, 43.820971298179856 ], [ 6.431280777933772, 43.819138313571671 ], [ 6.435863239454243, 43.815472344355292 ], [ 6.437390726627733, 43.810584385400119 ], [ 6.438612716366524, 43.804779934140861 ], [ 6.438307218931826, 43.798975482881595 ], [ 6.429753290760281, 43.792865534187634 ], [ 6.42853130102149, 43.792254539318243 ], [ 6.417227895937662, 43.792254539318243 ], [ 6.412645434417191, 43.794698518795826 ], [ 6.406229988288533, 43.795615011099919 ], [ 6.400731034463968, 43.794087523926429 ], [ 6.393704593465913, 43.793782026491733 ], [ 6.389427629380141, 43.794393021361124 ], [ 6.379040716600408, 43.791949041883541 ], [ 6.375069249949334, 43.788283072667163 ], [ 6.369570296124769, 43.785533595754885 ], [ 6.356739403867452, 43.780951134234414 ], [ 6.351851444912283, 43.777896159887433 ], [ 6.343603014175436, 43.774230190671055 ], [ 6.331994111656911, 43.774230190671055 ] ] ] } },
{ "type": "Feature", "properties": { "id": null }, "geometry": { "type": "MultiLineString", "coordinates": [ [ [ 5.616335821133295, 43.33437498419282 ], [ 5.62928891236449, 43.356859595386581 ], [ 5.634176871319658, 43.361747554341754 ], [ 5.637842840536035, 43.364191533819337 ], [ 5.657394676356708, 43.375189441468464 ], [ 5.679390491654967, 43.381299390162425 ], [ 5.697720337736849, 43.384965359378803 ], [ 5.708718245385978, 43.386187349117598 ], [ 5.733158040161821, 43.388631328595181 ], [ 5.805255434750557, 43.389853318333969 ], [ 5.840693137175529, 43.39596326702793 ], [ 5.86391094221258, 43.397185256766726 ], [ 5.881018798555669, 43.400851225983104 ], [ 5.893238695943591, 43.403295205460687 ], [ 5.901578775910854, 43.424374528454884 ], [ 5.886914899045349, 43.441787882232674 ] ] ] } },
{ "type": "Feature", "properties": { "id": null }, "geometry": { "type": "MultiLineString", "coordinates": [ [ [ 5.886914899045349, 43.441787882232674 ], [ 5.880346704199336, 43.453457884238105 ], [ 5.873014765766582, 43.459262335497364 ], [ 5.871487278593092, 43.462928304713742 ], [ 5.869654293984904, 43.468732755973001 ], [ 5.869654293984904, 43.473315217493472 ], [ 5.873625760635979, 43.482785637969116 ], [ 5.881568693938127, 43.486757104620189 ], [ 5.889817124674974, 43.49133956614066 ], [ 5.898371052846519, 43.496838519965223 ], [ 5.914256919450817, 43.50478145326737 ], [ 5.917311893797797, 43.507225432744953 ], [ 5.926476816838738, 43.513640878873616 ], [ 5.931975770663303, 43.517917842959385 ], [ 5.943584673181828, 43.524944283957439 ], [ 5.944195668051224, 43.525249781392141 ], [ 5.961181325420434, 43.526532870617878 ], [ 5.963625304898017, 43.527449362921971 ], [ 5.974012217677751, 43.524699886009685 ], [ 5.976456197155335, 43.525310880879083 ], [ 5.9819551509799, 43.528671352660758 ], [ 5.985621120196276, 43.535086798789422 ], [ 5.985010125326879, 43.540585752613985 ], [ 5.990203581716746, 43.546084706438549 ], [ 5.997230022714802, 43.550056173089622 ], [ 6.003950966278158, 43.553722142306 ], [ 6.008227930363931, 43.556166121783583 ], [ 6.010671909841514, 43.564720049955127 ], [ 6.012199397015005, 43.56808052173681 ], [ 6.01464337649259, 43.571135496083791 ], [ 6.014948873927287, 43.578161937081845 ], [ 6.012199397015005, 43.588548849861574 ], [ 6.012504894449703, 43.593131311382045 ], [ 6.019225838013059, 43.595269793424933 ], [ 6.031140237966283, 43.597102778033118 ], [ 6.042443643050111, 43.597102778033118 ], [ 6.050692073786957, 43.599241260076006 ], [ 6.064439458348368, 43.603212726727079 ], [ 6.069327417303537, 43.605656706204662 ], [ 6.069327417303537, 43.613905136941511 ], [ 6.069021919868839, 43.623375557417148 ], [ 6.068105427564745, 43.629180008676414 ], [ 6.063217468609577, 43.637428439413263 ], [ 6.062911971174879, 43.642316398368429 ], [ 6.063217468609577, 43.646593362454205 ], [ 6.080325324952667, 43.646593362454212 ], [ 6.085213283907835, 43.647815352193007 ], [ 6.092545222340588, 43.649037341931795 ], [ 6.108125591510188, 43.652703311148173 ], [ 6.117901509420524, 43.655452788060458 ], [ 6.124011458114485, 43.657591270103339 ], [ 6.135925858067709, 43.659118757276829 ], [ 6.14967324262912, 43.654841793191061 ], [ 6.156088688757778, 43.652092316278775 ], [ 6.160671150278249, 43.651481321409378 ], [ 6.171669057927378, 43.650564829105285 ], [ 6.182972463011206, 43.644149382976629 ], [ 6.193053878356241, 43.640177916325555 ], [ 6.207717755221746, 43.636206449674482 ], [ 6.218410165436177, 43.632845977892799 ], [ 6.225742103868931, 43.643232890672536 ], [ 6.225742103868931, 43.650564829105285 ], [ 6.228186083346515, 43.656369280364551 ], [ 6.226964093607722, 43.664923208536095 ], [ 6.226047601303629, 43.672255146968844 ], [ 6.224520114130138, 43.677143105924017 ], [ 6.222076134652554, 43.687835516138449 ], [ 6.220243150044366, 43.691806982789522 ], [ 6.218410165436177, 43.705248869916232 ], [ 6.220854144913762, 43.714719290391876 ], [ 6.22421461669544, 43.719607249347042 ], [ 6.221098542861522, 43.730605156996162 ], [ 6.221098542861522, 43.735187618516633 ], [ 6.222320532600313, 43.739464582602409 ], [ 6.222320532600313, 43.74557453129637 ], [ 6.222015035165615, 43.748629505643343 ], [ 6.225986501816689, 43.751073485120934 ], [ 6.226291999251388, 43.751684479990324 ], [ 6.222320532600313, 43.754433956902609 ], [ 6.218654563383937, 43.7559614440761 ], [ 6.217127076210446, 43.761765895335365 ], [ 6.217127076210446, 43.768486838898717 ], [ 6.216210583906353, 43.772763802984493 ], [ 6.21346110699407, 43.778262756809056 ], [ 6.21498859416756, 43.78528919780711 ], [ 6.218654563383937, 43.7868166849806 ], [ 6.22904147616367, 43.792926633674561 ], [ 6.233012942814744, 43.792926633674561 ], [ 6.233929435118839, 43.792926633674561 ], [ 6.238206399204611, 43.795676110586847 ], [ 6.242483363290384, 43.799342079803218 ], [ 6.242788860725081, 43.79964757723792 ], [ 6.246454829941458, 43.800564069542013 ], [ 6.24920430685374, 43.800869566976708 ], [ 6.254703260678305, 43.80117506441141 ], [ 6.260202214502869, 43.797509095195032 ], [ 6.262035199111057, 43.795370613152144 ], [ 6.265090173458038, 43.790788151631673 ], [ 6.26631216319683, 43.787733177284693 ], [ 6.26936713754381, 43.784983700372415 ], [ 6.279448552888845, 43.780095741417242 ], [ 6.284642009278712, 43.777346264504963 ], [ 6.289529968233881, 43.774291290157983 ], [ 6.295639916927842, 43.77337479785389 ], [ 6.301138870752406, 43.771236315811002 ], [ 6.309081804054554, 43.770625320941605 ], [ 6.316413742487308, 43.770014326072207 ], [ 6.331994111656911, 43.774230190671055 ] ] ] } },
{ "type": "Feature", "properties": { "id": null }, "geometry": { "type": "MultiLineString", "coordinates": [ [ [ 5.433, 43.533 ], [ 5.372426669270387, 43.546023606951564 ], [ 5.340654936061792, 43.543579627473974 ], [ 5.338210956584208, 43.543579627473974 ], [ 5.328435038673871, 43.543579627473974 ], [ 5.284443408077355, 43.546023606951564 ], [ 5.272223510689432, 43.546023606951564 ], [ 5.238007798003253, 43.550911565906731 ], [ 5.213079207331893, 43.577795340160165 ], [ 5.197193340727596, 43.583905288854126 ], [ 5.188639412556051, 43.59245921702567 ], [ 5.166643597257792, 43.602235134936009 ], [ 5.155645689608663, 43.609567073368758 ], [ 5.145869771698326, 43.615677022062719 ], [ 5.139759823004366, 43.623008960495476 ], [ 5.101878141101809, 43.625452939973059 ], [ 5.072550387370798, 43.630340898928225 ], [ 5.072550387370798, 43.630340898928225 ], [ 5.059108500244085, 43.630340898928225 ], [ 5.046888602856163, 43.636450847622186 ], [ 5.032224725990657, 43.637672837360981 ], [ 5.028558756774281, 43.637672837360981 ], [ 5.001674982520854, 43.641338806577359 ], [ 4.969903249312258, 43.638894827099769 ], [ 4.929577587932118, 43.638894827099769 ], [ 4.888029936813186, 43.635228857883398 ], [ 4.819598511440826, 43.636450847622186 ], [ 4.782938819277062, 43.636450847622186 ], [ 4.759721014240012, 43.632784878405815 ], [ 4.716951373382287, 43.641338806577359 ], [ 4.672959742785769, 43.656002683442864 ], [ 4.633, 43.667 ], [ 4.636300050622006, 43.704882272994546 ], [ 4.636300050622006, 43.714658190904885 ], [ 4.641188009577174, 43.737875995941934 ], [ 4.650963927487512, 43.773313698366906 ], [ 4.667, 43.8 ], [ 4.720617342598663, 43.836857164784099 ], [ 4.735281219464168, 43.841745123739265 ], [ 4.753611065546051, 43.851521041649605 ], [ 4.773162901366724, 43.87962680564182 ], [ 4.786604788493438, 43.890624713290954 ], [ 4.7956475125605, 43.914086916275757 ] ] ] } },
{ "type": "Feature", "properties": { "id": null }, "geometry": { "type": "MultiLineString", "coordinates": [ [ [ 4.667, 43.8 ], [ 4.693000374501961, 43.793354330083098 ], [ 4.707664251367466, 43.788466371127925 ], [ 4.719884148755387, 43.782967417303361 ], [ 4.733937030751497, 43.782356422433963 ], [ 4.755932846049755, 43.786022391650341 ], [ 4.789537563866539, 43.792132340344303 ], [ 4.801757461254461, 43.795187314691283 ], [ 4.843305112373393, 43.787855376258534 ], [ 4.873854855843197, 43.784800401911554 ], [ 4.899516640357831, 43.784800401911554 ], [ 4.952673193995289, 43.788466371127925 ], [ 4.97894597337932, 43.794576319821886 ], [ 5.011939696326708, 43.813517160773166 ], [ 5.012550691196105, 43.824270670474533 ] ] ] } },
{ "type": "Feature", "properties": { "id": null }, "geometry": { "type": "MultiLineString", "coordinates": [ [ [ 5.524442192776132, 43.630951893797693 ], [ 5.510633708727779, 43.679953682323173 ], [ 5.507975881045906, 43.696633842257697 ], [ 5.520348527151176, 43.70213279608226 ], [ 5.531346434800305, 43.70213279608226 ], [ 5.551051019338328, 43.699841565322025 ], [ 5.560674188531316, 43.699841565322025 ], [ 5.584961234589811, 43.700299811474075 ], [ 5.591834926870516, 43.70213279608226 ], [ 5.621162680601527, 43.703507534538403 ], [ 5.639950772835457, 43.706715257602731 ], [ 5.66423781889395, 43.707173503754774 ], [ 5.698606280297478, 43.711297719123202 ], [ 5.726101049420302, 43.721837380620286 ], [ 5.742139664741948, 43.738334242093977 ], [ 5.75130458778289, 43.752081626655389 ], [ 5.76688495695249, 43.775910426561836 ], [ 5.781548833817995, 43.800655718772376 ], [ 5.786131295338466, 43.817152580246066 ], [ 5.788880772250748, 43.826775749439058 ], [ 5.807852162945496, 43.81247846949519 ], [ 5.819308316746673, 43.805146531062434 ], [ 5.829847978243754, 43.801480561846063 ], [ 5.844970101261307, 43.797814592629685 ] ] ] } },
{ "type": "Feature", "properties": { "id": null }, "geometry": { "type": "MultiLineString", "coordinates": [ [ [ 5.507975881045906, 43.696633842257697 ], [ 5.442538330533589, 43.700849706856516 ], [ 5.422833745995566, 43.708181645289272 ], [ 5.399921438393213, 43.718721306786357 ], [ 5.392131253808413, 43.72422026061092 ], [ 5.377925623094955, 43.730177460587534 ], [ 5.36463648468559, 43.732468691347769 ], [ 5.366240346217754, 43.751210958966489 ], [ 5.363719992381496, 43.756022543562985 ], [ 5.362803500077402, 43.76083412815948 ], [ 5.357533669328861, 43.768166066592229 ], [ 5.350201730896108, 43.773435897340775 ], [ 5.347910500135873, 43.781226081925574 ], [ 5.345390146299614, 43.785350297293995 ], [ 5.34447365399552, 43.791307497270608 ], [ 5.344702777071543, 43.79841031262734 ], [ 5.342869792463355, 43.804138389527928 ], [ 5.343786284767449, 43.812157697188752 ], [ 5.345802567836458, 43.818435669471796 ], [ 5.349468537052834, 43.821414269460099 ], [ 5.354738367801375, 43.824163746372385 ], [ 5.354280121649328, 43.827829715588763 ], [ 5.35175976781307, 43.831495684805134 ], [ 5.348781167824764, 43.834932530945487 ], [ 5.347406429368622, 43.839514992465958 ], [ 5.348322921672716, 43.843410084758361 ], [ 5.354050998573304, 43.846846930898714 ], [ 5.358633460093775, 43.85165851549521 ], [ 5.359320829321845, 43.856240977015673 ], [ 5.360695567777987, 43.860594315460126 ], [ 5.366652767754598, 43.867009761588783 ], [ 5.372380844655186, 43.870675730805161 ], [ 5.380400152316009, 43.876862053857792 ], [ 5.388648583052857, 43.877091176933817 ], [ 5.395522275333563, 43.876174684629724 ] ] ] } },
{ "type": "Feature", "properties": { "id": null }, "geometry": { "type": "MultiLineString", "coordinates": [ [ [ 5.395522275333563, 43.876174684629724 ], [ 5.383974472301974, 43.889097226117471 ], [ 5.383516226149927, 43.892763195333849 ], [ 5.383057979997879, 43.901469872222741 ], [ 5.383057979997879, 43.903302856830933 ], [ 5.385807456910162, 43.90926005680754 ], [ 5.385807456910162, 43.918883226000531 ], [ 5.383516226149927, 43.92621516443328 ], [ 5.382141487693786, 43.931255872105801 ], [ 5.380308503085597, 43.937671318234457 ], [ 5.379392010781503, 43.939962548994693 ], [ 5.379392010781503, 43.944545010515164 ], [ 5.378475518477409, 43.948210979731542 ], [ 5.381683241541738, 43.955084672012248 ], [ 5.389931672278585, 43.962416610444997 ], [ 5.392681149190867, 43.96883205657366 ], [ 5.389473426126538, 43.976163995006409 ], [ 5.38764044151835, 43.978913471918695 ], [ 5.388098687670397, 43.985787164199401 ], [ 5.390848164582679, 43.989911379567822 ], [ 5.39543062610315, 43.996326825696478 ], [ 5.398638349167479, 44.003200517977184 ], [ 5.401387826079762, 44.011448948714033 ], [ 5.401846072231809, 44.016489656386554 ], [ 5.393780939955781, 44.032711570169013 ], [ 5.393093570727711, 44.035690170157316 ], [ 5.394926555335899, 44.040960000905855 ], [ 5.397217786096134, 44.043938600894165 ], [ 5.395613924563969, 44.049666677794754 ], [ 5.394239186107828, 44.05562387777136 ], [ 5.39630129379204, 44.058373354683646 ], [ 5.402945862996722, 44.064330554660259 ], [ 5.404320601452864, 44.070287754636865 ], [ 5.401800247616604, 44.077619693069622 ], [ 5.402487616844676, 44.085639000730446 ], [ 5.404320601452864, 44.089763216098866 ], [ 5.40798657066924, 44.091367077631034 ], [ 5.409361309125381, 44.10126519451525 ], [ 5.41325640141778, 44.106305902187771 ], [ 5.418297109090298, 44.11363784062052 ], [ 5.419900970622463, 44.117074686760873 ], [ 5.421733955230651, 44.120511532901226 ], [ 5.424941678294981, 44.125781363649764 ], [ 5.426545539827145, 44.12853084056205 ], [ 5.425170801371004, 44.132196809778428 ], [ 5.418755355242345, 44.135633655918781 ], [ 5.417838862938251, 44.138154009755034 ], [ 5.417609739862228, 44.142049102047437 ], [ 5.419442724470416, 44.146402440491883 ], [ 5.423566939838839, 44.150068409708261 ], [ 5.431357124423639, 44.153047009696564 ], [ 5.435023093640016, 44.1553382404568 ], [ 5.433419232107851, 44.161295440433413 ], [ 5.432502739803756, 44.166794394257977 ], [ 5.437085201324227, 44.172064225006515 ], [ 5.438918185932415, 44.174126332690733 ], [ 5.428011927513695, 44.184482695726992 ], [ 5.426637189057553, 44.186544803411209 ], [ 5.425491573677435, 44.18814866494337 ], [ 5.420450866004918, 44.19273112646384 ], [ 5.41793051216866, 44.194793234148051 ], [ 5.415410158332401, 44.198000957212386 ], [ 5.418159635244683, 44.203270787960925 ], [ 5.420221742928895, 44.20556201872116 ], [ 5.422742096765154, 44.208540618709463 ], [ 5.423887712145271, 44.213581326381984 ], [ 5.424345958297318, 44.216330803294262 ], [ 5.427782804437671, 44.219080280206548 ], [ 5.432823512110189, 44.223433618650994 ], [ 5.43419825056633, 44.227786957095439 ], [ 5.435572989022471, 44.233973280148078 ], [ 5.438322465934753, 44.238555741668549 ], [ 5.440155450542941, 44.24267995703697 ], [ 5.441301065923059, 44.248178910861533 ], [ 5.443134050531247, 44.251386633925861 ], [ 5.441071942847035, 44.255052603142239 ], [ 5.437176850554636, 44.25711471082645 ], [ 5.431907019806094, 44.260551556966803 ], [ 5.428928419817789, 44.263301033879088 ], [ 5.426637189057553, 44.266050510791366 ], [ 5.42640806598153, 44.267425249247509 ], [ 5.421367358309013, 44.271091218463887 ], [ 5.418847004472753, 44.27406981845219 ], [ 5.41861788139673, 44.278194033820618 ], [ 5.41861788139673, 44.282547372265064 ], [ 5.417243142940589, 44.286213341481442 ], [ 5.418388758320707, 44.28942106454577 ] ] ] } },
{ "type": "Feature", "properties": { "id": null }, "geometry": { "type": "MultiLineString", "coordinates": [ [ [ 4.793936726926193, 44.129951403633399 ], [ 4.801268665358945, 44.135450357457962 ], [ 4.811808326856028, 44.138199834370241 ], [ 4.824180972961298, 44.140032818978433 ], [ 4.83472063445838, 44.142782295890711 ], [ 4.841594326739086, 44.144615280498904 ], [ 4.852133988236168, 44.148281249715275 ], [ 4.855799957452544, 44.150114234323468 ], [ 4.861757157429156, 44.152863711235746 ], [ 4.862215403581203, 44.153321957387796 ], [ 4.870967905085301, 44.154192625076682 ], [ 4.877612474289983, 44.153276132772589 ], [ 4.881507566582384, 44.1553382404568 ], [ 4.884027920418642, 44.158087717369085 ], [ 4.887006520406948, 44.16083719428137 ], [ 4.889297751167184, 44.162441055813531 ], [ 4.893192843459583, 44.163815794269674 ], [ 4.89754618190403, 44.164732286573766 ], [ 4.904878120336783, 44.165648778877859 ], [ 4.913355674149654, 44.165877901953884 ], [ 4.934205874067794, 44.175959317298918 ], [ 4.939704827892359, 44.178021424983129 ], [ 4.9488697509333, 44.182374763427582 ], [ 4.95734730474617, 44.187415471100095 ], [ 4.963991873950852, 44.191081440316474 ], [ 4.972240304687699, 44.195434778760919 ], [ 4.975448027752028, 44.196580394141037 ], [ 4.976822766208169, 44.197038640293087 ], [ 4.986675058477181, 44.211977464849816 ], [ 4.987591550781276, 44.214039572534027 ], [ 4.98919541231344, 44.224808357107136 ], [ 4.993548750757888, 44.227786957095439 ], [ 4.998589458430405, 44.231223803235793 ], [ 5.002484550722804, 44.235118895528188 ], [ 5.006150519939181, 44.238555741668542 ], [ 5.011878596839769, 44.24222171088492 ], [ 5.014169827600004, 44.244054695493112 ], [ 5.02425124294504, 44.248178910861533 ], [ 5.030437565997675, 44.250699264697793 ], [ 5.042122842874875, 44.249553649317676 ], [ 5.047163550547392, 44.245429433949248 ], [ 5.051058642839791, 44.243825572417087 ], [ 5.054495488980145, 44.240388726276734 ], [ 5.058161458196521, 44.240388726276734 ], [ 5.070992350453839, 44.241305218580827 ] ] ] } },
{ "type": "Feature", "properties": { "id": null }, "geometry": { "type": "MultiLineString", "coordinates": [ [ [ 5.070992350453839, 44.241305218580827 ], [ 5.089597144226948, 44.246529224714152 ], [ 5.095096098051513, 44.252028178538716 ], [ 5.100595051876077, 44.261193101579657 ], [ 5.104261021092453, 44.269899778468549 ], [ 5.105635759548594, 44.27906470150949 ], [ 5.105635759548594, 44.286854886094289 ], [ 5.103802774940406, 44.294186824527046 ], [ 5.100595051876077, 44.302893501415937 ], [ 5.093263113443324, 44.312516670608929 ], [ 5.090971882683089, 44.318015624433492 ], [ 5.087305913466713, 44.329471778234669 ], [ 5.08776415961876, 44.331763008994905 ], [ 5.106094005700641, 44.344135655100175 ], [ 5.113884190285441, 44.347801624316553 ], [ 5.123965605630477, 44.352384085837024 ], [ 5.1358800055837, 44.357883039661587 ] ] ] } },
{ "type": "Feature", "properties": { "id": null }, "geometry": { "type": "MultiLineString", "coordinates": [ [ [ 4.818166492215679, 44.752066379652454 ], [ 4.828477030636738, 44.757565333477025 ], [ 4.831570192163055, 44.758080860398074 ], [ 4.838100199829726, 44.760314810389303 ], [ 4.847035999794644, 44.759799283468254 ], [ 4.852706795926226, 44.756362437327901 ], [ 4.861642595891143, 44.754472171950702 ], [ 4.870406553549043, 44.752238221959473 ], [ 4.877623930443784, 44.750347956582281 ], [ 4.886387888101684, 44.747598479669996 ], [ 4.892058684233266, 44.745192687371748 ], [ 4.898932376513972, 44.741927683538414 ], [ 4.90786817647889, 44.739521891240166 ], [ 4.920756349505213, 44.734882148950696 ], [ 4.924880564873636, 44.732476356652448 ], [ 4.938696686357854, 44.730036195892808 ], [ 4.941102478656101, 44.728661457436665 ], [ 4.947288801708736, 44.725052768989293 ], [ 4.95141301707716, 44.723678030533158 ], [ 4.958630393971901, 44.722646976691053 ], [ 4.965847770866642, 44.722475134384034 ], [ 4.975814624673665, 44.722303292077015 ], [ 4.981657263112265, 44.72161592284894 ], [ 4.986125163094724, 44.720756711313854 ], [ 4.992655170761394, 44.720584869006835 ], [ 5.003653078410523, 44.721444080541929 ], [ 5.008464663007017, 44.722303292077015 ], [ 5.015682039901758, 44.722475134384034 ], [ 5.027573527547378, 44.72034428977701 ], [ 5.034447219828084, 44.719485078241924 ], [ 5.039946173652648, 44.715532705180522 ], [ 5.045273285170195, 44.714329809031398 ], [ 5.05438092744213, 44.711580332119112 ], [ 5.058505142810554, 44.71020559366297 ], [ 5.060739092801783, 44.709518224434902 ], [ 5.068128312003542, 44.708143485978759 ], [ 5.074314635056177, 44.707799801364722 ], [ 5.083250435021094, 44.705737693680511 ], [ 5.087374650389518, 44.704706639838406 ], [ 5.094248342670223, 44.701957162926128 ], [ 5.098028873424612, 44.700582424469985 ], [ 5.098028873424612, 44.700582424469985 ], [ 5.111088888757953, 44.69748926294367 ], [ 5.11710336950357, 44.696801893715595 ], [ 5.12294600794217, 44.695083470645422 ], [ 5.127070223310594, 44.694567943724365 ], [ 5.135490496354458, 44.692849520654192 ], [ 5.138411815573758, 44.692333993733136 ], [ 5.143051557863235, 44.692333993733136 ], [ 5.148722353994817, 44.692333993733136 ], [ 5.152502884749205, 44.692677678347174 ], [ 5.16161052702114, 44.691818466812087 ], [ 5.167109480845705, 44.690271886048926 ], [ 5.176732650038693, 44.689240832206821 ], [ 5.184465553854486, 44.689068989899802 ], [ 5.189448980757998, 44.689584516820858 ], [ 5.19443240766151, 44.692333993733136 ], [ 5.197525569187827, 44.693193205268223 ] ] ] } },
{ "type": "Feature", "properties": { "id": null }, "geometry": { "type": "MultiLineString", "coordinates": [ [ [ 5.611142364743431, 44.833023199847545 ], [ 5.607781892961748, 44.829739102424462 ], [ 5.599533462224901, 44.827333310126214 ], [ 5.595409246856478, 44.826302256284109 ], [ 5.59231608533016, 44.824927517827966 ], [ 5.588191869961737, 44.823552779371823 ], [ 5.580974493066996, 44.814960664020944 ], [ 5.581661862295067, 44.810836448652523 ], [ 5.587504500733666, 44.80568117944199 ], [ 5.588535554575772, 44.802588017915674 ], [ 5.593347139172266, 44.792277479494615 ], [ 5.594378193014372, 44.789184317968299 ], [ 5.595409246856478, 44.786434841056014 ], [ 5.591285031488055, 44.77681167186303 ], [ 5.591285031488055, 44.774062194950744 ], [ 5.594034508400337, 44.76443902575776 ], [ 5.599533462224901, 44.759283756547227 ], [ 5.605376100663501, 44.755159541178806 ], [ 5.600908200681043, 44.753097433494595 ], [ 5.592659769944196, 44.748973218126167 ], [ 5.584067654593314, 44.745880056599852 ], [ 5.580287123838925, 44.744849002757746 ], [ 5.578568700768749, 44.744849002757746 ], [ 5.569976585417867, 44.744161633529671 ], [ 5.558291308540667, 44.744161633529671 ], [ 5.553136039330138, 44.744505318143709 ], [ 5.548668139347679, 44.735569518178792 ], [ 5.549699193189785, 44.733507410494582 ], [ 5.547293400891538, 44.725946348985801 ], [ 5.541794447066973, 44.719760025933169 ], [ 5.532514962488021, 44.715292125950711 ], [ 5.528459484042403, 44.706150115217369 ], [ 5.528459484042403, 44.704775376761226 ], [ 5.527772114814333, 44.703400638305091 ], [ 5.526397376358192, 44.700307476778768 ], [ 5.523304214831875, 44.696870630638415 ], [ 5.520554737919592, 44.693090099884031 ], [ 5.516430522551168, 44.689309569129641 ], [ 5.511618937954674, 44.688278515287536 ], [ 5.501308399533616, 44.689653253743678 ], [ 5.498902607235369, 44.689653253743678 ], [ 5.489966807270451, 44.692402730655957 ], [ 5.485842591902028, 44.692746415269994 ], [ 5.479999953463428, 44.692402730655957 ] ] ] } },
{ "type": "Feature", "properties": { "id": null }, "geometry": { "type": "MultiLineString", "coordinates": [ [ [ 5.479999953463428, 44.692402730655957 ], [ 5.479999953463428, 44.692402730655957 ], [ 5.46865836120026, 44.689034621438402 ], [ 5.466596253516048, 44.688003567596297 ], [ 5.461784668919554, 44.686972513754192 ], [ 5.458347822779201, 44.685597775298049 ], [ 5.452161499726566, 44.684566721455944 ], [ 5.443225699761649, 44.684910406069974 ], [ 5.436008322866908, 44.685597775298049 ], [ 5.432571476726554, 44.68765988298226 ], [ 5.426728838287954, 44.692471467578756 ], [ 5.42122988446339, 44.697283052175251 ], [ 5.418824092165143, 44.698657790631387 ], [ 5.415043561410755, 44.701063582929635 ], [ 5.413668822954613, 44.70175095215771 ], [ 5.411606715270402, 44.702438321385777 ], [ 5.408857238358119, 44.704844113684025 ], [ 5.404733022989696, 44.709312013666484 ], [ 5.404045653761625, 44.71618570594719 ], [ 5.404389338375661, 44.717560444403333 ], [ 5.401296176849343, 44.723403082841926 ], [ 5.398890384551096, 44.72683992898228 ], [ 5.396140907638814, 44.730964144350708 ], [ 5.392704061498461, 44.737837836631414 ], [ 5.390985638428284, 44.741962051999835 ], [ 5.385830369217755, 44.747804690438436 ], [ 5.382393523077402, 44.750554167350721 ], [ 5.376894569252838, 44.751928905806857 ], [ 5.372082984656344, 44.754334698105104 ], [ 5.371051930814238, 44.754678382719142 ], [ 5.364521923147567, 44.761070916540191 ], [ 5.361085077007214, 44.762101970382297 ], [ 5.350774538586156, 44.76588250113668 ], [ 5.346306638603697, 44.767257239592823 ], [ 5.342869792463344, 44.768631978048965 ], [ 5.336683469410708, 44.769319347277033 ], [ 5.330497146358073, 44.769663031891071 ], [ 5.323623454077368, 44.771381454961251 ], [ 5.322248715621226, 44.771725139575281 ], [ 5.315375023340521, 44.771037770347213 ], [ 5.315375023340521, 44.771037770347213 ], [ 5.30815764644578, 44.770006716505108 ], [ 5.301283954165074, 44.769663031891071 ], [ 5.295785000340509, 44.768975662663003 ], [ 5.290973415744015, 44.768631978048965 ], [ 5.29062973112998, 44.768631978048965 ], [ 5.285818146533486, 44.768631978048965 ], [ 5.281006561936992, 44.768288293434928 ], [ 5.279631823480851, 44.767257239592823 ], [ 5.277913400410674, 44.76588250113668 ], [ 5.275507608112427, 44.764164078066507 ], [ 5.273789185042251, 44.762445654996327 ], [ 5.272070761972074, 44.759696178084049 ], [ 5.271039708129968, 44.757290385785801 ], [ 5.270352338901898, 44.754197224259485 ], [ 5.270008654287863, 44.752135116575275 ], [ 5.270008654287863, 44.750760378119132 ], [ 5.269321285059792, 44.748698270434922 ], [ 5.269664969673827, 44.746636162750704 ], [ 5.271039708129968, 44.743886685838426 ], [ 5.271383392744004, 44.73907510124193 ], [ 5.271727077358039, 44.733576147417367 ], [ 5.271727077358039, 44.730826670505081 ], [ 5.272758131200145, 44.725671401294555 ], [ 5.272070761972074, 44.720516132084022 ], [ 5.271383392744004, 44.717422970557706 ], [ 5.271039708129968, 44.71226770134718 ], [ 5.269664969673827, 44.706768747522609 ], [ 5.265540754305404, 44.700582424469978 ], [ 5.261760223551016, 44.697832947557693 ], [ 5.256604954340486, 44.696458209101557 ], [ 5.251793369743992, 44.694739786031377 ], [ 5.249731262059781, 44.693708732189272 ], [ 5.245263362077321, 44.691646624505061 ], [ 5.24320125439311, 44.688209778364708 ], [ 5.238389669796616, 44.68580398606646 ], [ 5.234265454428193, 44.684429247610318 ], [ 5.229453869831699, 44.68374187838225 ], [ 5.221892808322922, 44.684772932224355 ], [ 5.214675431428181, 44.686147670680498 ], [ 5.209863846831687, 44.687522409136633 ], [ 5.206427000691334, 44.689240832206814 ], [ 5.204021208393087, 44.690615570662956 ], [ 5.197525569187827, 44.693193205268223 ], [ 5.197525569187827, 44.693193205268223 ] ] ] } },
{ "type": "Feature", "properties": { "id": null }, "geometry": { "type": "MultiLineString", "coordinates": [ [ [ 5.1358800055837, 44.357883039661587 ], [ 5.159617156259728, 44.365421188862776 ], [ 5.16236663317201, 44.370920142687339 ], [ 5.169927694680786, 44.376419096511903 ], [ 5.181612971557986, 44.382605419564541 ], [ 5.194672986891328, 44.38741700416103 ], [ 5.19810983303168, 44.388104373389105 ], [ 5.200171940715892, 44.389479111845247 ], [ 5.204983525312386, 44.394290696441736 ], [ 5.200378151484313, 44.406044710241737 ], [ 5.202096574554489, 44.408450502539985 ], [ 5.204502366852736, 44.412231033294368 ], [ 5.205533420694842, 44.413605771750511 ], [ 5.20862658222116, 44.418073671732969 ], [ 5.211719743747477, 44.42185420248736 ], [ 5.213438166817654, 44.424947364013676 ], [ 5.213781851431689, 44.429415263996134 ], [ 5.212063428361512, 44.436632640890878 ], [ 5.212063428361512, 44.441444225487373 ], [ 5.211719743747477, 44.445224756241757 ], [ 5.211032374519407, 44.452442133136501 ], [ 5.210688689905371, 44.459659510031244 ], [ 5.211719743747477, 44.467220571540018 ], [ 5.217218697572042, 44.479249533031251 ], [ 5.217218697572042, 44.481999009943536 ], [ 5.216187643729936, 44.487497963768099 ], [ 5.211376059133442, 44.497464817575121 ], [ 5.210345005291336, 44.502620086785655 ], [ 5.211719743747477, 44.511899571364602 ], [ 5.213781851431689, 44.516711155961097 ], [ 5.22897271137205, 44.512655677515497 ], [ 5.23550271903872, 44.510593569831286 ], [ 5.241689042091355, 44.509218831375144 ], [ 5.245813257459779, 44.508875146761106 ], [ 5.24718799591592, 44.510937254445317 ], [ 5.24718799591592, 44.516436208269887 ], [ 5.245125888231708, 44.526403062076909 ], [ 5.243063780547496, 44.533276754357615 ], [ 5.243063780547496, 44.541181500480427 ], [ 5.245469572845743, 44.547024138919028 ], [ 5.250968526670308, 44.551835723515516 ], [ 5.258529588179084, 44.55699099272605 ], [ 5.269527495828214, 44.564895738848861 ], [ 5.274339080424708, 44.569363638831319 ], [ 5.27777592656506, 44.577612069568168 ], [ 5.279150665021202, 44.584829446462905 ], [ 5.279150665021202, 44.591015769515543 ], [ 5.28293119577559, 44.598576831024317 ], [ 5.292210680354543, 44.606825261761166 ], [ 5.296678580337002, 44.615073692498015 ], [ 5.300802795705425, 44.619885277094504 ], [ 5.305270695687883, 44.622634754006789 ], [ 5.297091001873843, 44.630745710898033 ], [ 5.296747317259808, 44.633495187810318 ], [ 5.295028894189631, 44.635557295494529 ], [ 5.291592048049278, 44.640368880091017 ], [ 5.291592048049278, 44.643805726231371 ], [ 5.290217309593137, 44.647242572371724 ], [ 5.28712414806682, 44.649992049284009 ], [ 5.282999932698396, 44.656522056950678 ], [ 5.277844663487866, 44.660646272319106 ], [ 5.270627286593125, 44.664770487687527 ], [ 5.267534125066808, 44.668894703055948 ], [ 5.264784648154526, 44.676455764564729 ], [ 5.260316748172067, 44.682985772231397 ], [ 5.258254640487856, 44.691234202968246 ], [ 5.261760223551016, 44.697832947557693 ] ] ] } },
{ "type": "Feature", "properties": { "id": null }, "geometry": { "type": "MultiLineString", "coordinates": [ [ [ 5.418388758320707, 44.28942106454577 ], [ 5.415971509868649, 44.292422576841709 ], [ 5.413050190649349, 44.293281788376795 ], [ 5.411847294500225, 44.294484684525919 ], [ 5.41081624065812, 44.296546792210137 ], [ 5.409613344508996, 44.29826521528031 ], [ 5.408066763745837, 44.301014692192595 ], [ 5.406863867596713, 44.302389430648731 ], [ 5.400677544544078, 44.30427969602593 ], [ 5.395178590719514, 44.305310749868035 ], [ 5.388992267666878, 44.305826276789084 ], [ 5.383493313842314, 44.307029172938208 ], [ 5.381774890772137, 44.309434965236456 ], [ 5.381259363851084, 44.312528126762771 ], [ 5.38005646770196, 44.316652342131199 ], [ 5.386242790754596, 44.320604715192601 ], [ 5.388820425359861, 44.322323138262782 ], [ 5.388304898438808, 44.324900772868048 ], [ 5.384868052298455, 44.326962880552259 ], [ 5.382805944614243, 44.328337619008401 ], [ 5.372804722345817, 44.331568254380322 ], [ 5.366618399293182, 44.332083781301371 ], [ 5.360088391626511, 44.333802204371551 ], [ 5.358369968556335, 44.333802204371551 ], [ 5.353042857038788, 44.334489573599619 ], [ 5.34994969551247, 44.33861378896804 ], [ 5.348574957056329, 44.341191423573306 ], [ 5.351668118582647, 44.346518535090851 ], [ 5.352699172424753, 44.349096169696118 ], [ 5.352699172424753, 44.353220385064539 ], [ 5.3521836455037, 44.357000915818929 ], [ 5.349090483977382, 44.361812500415425 ], [ 5.347887587828259, 44.362328027336474 ], [ 5.345825480144047, 44.362328027336474 ], [ 5.343247845538782, 44.364046450406654 ], [ 5.346512849372117, 44.365764873476827 ], [ 5.349090483977382, 44.365764873476827 ], [ 5.353042857038788, 44.367483296547007 ], [ 5.353386541652823, 44.36885803500315 ], [ 5.354245753187912, 44.37143566960841 ], [ 5.357682599328264, 44.373325934985608 ], [ 5.360260233933529, 44.374872515748763 ], [ 5.36455629160897, 44.379855942652277 ], [ 5.363009710845811, 44.380199627266315 ], [ 5.358541810863352, 44.381746208029469 ], [ 5.357510757021247, 44.381746208029469 ], [ 5.354245753187912, 44.382261734950525 ], [ 5.351324433968611, 44.384152000327717 ], [ 5.347200218600188, 44.388104373389126 ], [ 5.345138110915976, 44.390682007994386 ], [ 5.3434196878458, 44.393947011827727 ], [ 5.346169164758082, 44.396180961818956 ], [ 5.348403114749312, 44.397212015661061 ], [ 5.350637064740541, 44.399789650266321 ], [ 5.351668118582646, 44.409069134845254 ], [ 5.354761280108963, 44.413193350213682 ], [ 5.361634972389669, 44.422129150178598 ], [ 5.366102872372128, 44.429346527073342 ], [ 5.368164980056339, 44.432439688599658 ], [ 5.371601826196692, 44.443093911634747 ], [ 5.370914456968622, 44.447905496231243 ], [ 5.367821295442305, 44.45649761158213 ], [ 5.367133926214233, 44.461652880792656 ], [ 5.367477610828269, 44.467495519231257 ], [ 5.368508664670375, 44.475400265354068 ], [ 5.370914456968622, 44.479524480722489 ], [ 5.373663933880904, 44.482273957634774 ], [ 5.377444464635293, 44.48536711916109 ], [ 5.389473426126528, 44.484679749933022 ], [ 5.399783964547586, 44.479524480722489 ], [ 5.408719764512504, 44.471963419213715 ], [ 5.41628082602128, 44.470588680757572 ], [ 5.430371895196727, 44.468526573073362 ], [ 5.442744541301997, 44.468182888459324 ], [ 5.452711395109021, 44.473338157669858 ], [ 5.453398764337091, 44.480899219178632 ], [ 5.447212441284456, 44.487772911459338 ], [ 5.444462964372174, 44.491209757599691 ], [ 5.443088225916033, 44.495677657582149 ], [ 5.44033874900375, 44.500832926792683 ], [ 5.43312137210901, 44.514030415971632 ], [ 5.43312137210901, 44.518842000568128 ], [ 5.433808741337081, 44.526403062076902 ], [ 5.433808741337081, 44.533964123585676 ], [ 5.426935049056375, 44.540150446638314 ], [ 5.423154518301987, 44.544618346620773 ], [ 5.415593456793211, 44.551148354287442 ], [ 5.410438187582681, 44.554241515813757 ], [ 5.408719764512504, 44.561458892708501 ], [ 5.405970287600223, 44.567645215761139 ], [ 5.401502387617763, 44.573487854199733 ], [ 5.399783964547587, 44.580017861866409 ], [ 5.399783964547587, 44.582767338778687 ], [ 5.405282918372152, 44.585516815690973 ], [ 5.412843979880928, 44.589641031059394 ], [ 5.418342933705493, 44.5965147233401 ], [ 5.419373987547599, 44.602013677164663 ], [ 5.426247679828305, 44.607512630989227 ], [ 5.432090318266905, 44.612324215585723 ], [ 5.434839795179187, 44.618166854024324 ], [ 5.43827664131954, 44.622978438620819 ], [ 5.43896401054761, 44.62504054630503 ], [ 5.43896401054761, 44.627446338603278 ], [ 5.437589272091469, 44.634320030883984 ], [ 5.436214533635328, 44.637756877024337 ], [ 5.432090318266905, 44.642224777006795 ], [ 5.430715579810763, 44.644286884691006 ], [ 5.427278733670411, 44.649442153901539 ], [ 5.422467149073916, 44.652535315427855 ], [ 5.416968195249352, 44.655972161568208 ], [ 5.41490608756514, 44.659752692322591 ], [ 5.410094502968646, 44.662845853848914 ], [ 5.407345026056364, 44.665251646147162 ], [ 5.401846072231799, 44.672125338427868 ], [ 5.395316064565129, 44.676936923024357 ], [ 5.392910272266882, 44.68037376916471 ], [ 5.392910272266882, 44.688622199901559 ], [ 5.395591012256357, 44.696870630638408 ], [ 5.396965750712498, 44.700651161392798 ], [ 5.399543385317763, 44.704431692147182 ], [ 5.401089966080922, 44.706321957524381 ], [ 5.404733022989696, 44.709312013666484 ] ] ] } },
{ "type": "Feature", "properties": { "id": null }, "geometry": { "type": "MultiLineString", "coordinates": [ [ [ 5.788880772250748, 43.826775749439058 ], [ 5.824303199803977, 43.844807735522117 ], [ 5.844924276646094, 43.862679335451958 ], [ 5.860046399663648, 43.884675150750212 ], [ 5.877917999593483, 43.908045704504616 ], [ 5.877917999593483, 43.908045704504616 ], [ 5.887541168786471, 43.925917304434449 ], [ 5.887541168786471, 43.941039427452004 ], [ 5.887541168786471, 43.964409981206401 ], [ 5.890290645698752, 43.975407888855528 ], [ 5.901288553347882, 43.996028965697647 ], [ 5.924659107102282, 44.023523734820472 ], [ 5.93428227629527, 44.031772165557321 ], [ 5.943905445488258, 44.040020596294163 ], [ 5.965901260786517, 44.05651745776786 ], [ 5.974149691523364, 44.067515365416988 ], [ 5.987897076084775, 44.086761703802964 ], [ 5.98102338380407, 44.115631211381931 ], [ 5.971400214611081, 44.133502811311764 ], [ 5.957240408512829, 44.156460943529325 ], [ 5.957240408512829, 44.156460943529325 ], [ 5.948217224561142, 44.184127301958227 ] ] ] } },
{ "type": "Feature", "properties": { "id": null }, "geometry": { "type": "MultiLineString", "coordinates": [ [ [ 5.948217224561142, 44.184127301958227 ], [ 5.930158060926844, 44.20993826947322 ], [ 5.92465910710228, 44.214062484841648 ], [ 5.916410676365433, 44.219561438666211 ], [ 5.910911722540868, 44.230559346315339 ], [ 5.890290645698751, 44.244306730876751 ], [ 5.871044307312775, 44.253929900069735 ], [ 5.86554535348821, 44.258054115438163 ], [ 5.858671661207504, 44.271801499999576 ], [ 5.847673753558375, 44.288298361473267 ], [ 5.838050584365387, 44.300671007578536 ], [ 5.821553722891693, 44.317167869052234 ], [ 5.798183169137293, 44.330915253613647 ], [ 5.79405895376887, 44.335039468982067 ], [ 5.763814707733764, 44.352911068911901 ], [ 5.762439969277623, 44.354285807368043 ], [ 5.755566276996917, 44.372157407297877 ], [ 5.721197815593388, 44.407900607157551 ], [ 5.719823077137248, 44.409275345613686 ], [ 5.715698861768823, 44.429896422455805 ], [ 5.719823077137248, 44.436770114736511 ], [ 5.725322030961812, 44.453266976210209 ], [ 5.725322030961812, 44.464264883859336 ], [ 5.725322030961812, 44.484885960701455 ], [ 5.725322030961812, 44.491759652982161 ], [ 5.707450431031977, 44.513755468280415 ], [ 5.706075692575835, 44.515130206736558 ], [ 5.688204092646, 44.52887759129797 ], [ 5.67583144654073, 44.534376545122534 ], [ 5.66345880043546, 44.539875498947097 ], [ 5.660709323523177, 44.545374452771668 ], [ 5.657959846610895, 44.548123929683946 ], [ 5.631839815944213, 44.556372360420795 ], [ 5.620841908295084, 44.557747098876938 ], [ 5.59334713917226, 44.561871314245359 ], [ 5.554854462400308, 44.572869221894486 ], [ 5.542481816295037, 44.561871314245359 ], [ 5.530109170189767, 44.559121837333073 ], [ 5.523235477909061, 44.561871314245359 ], [ 5.503989139523085, 44.574243960350628 ], [ 5.472370155031839, 44.581117652631335 ], [ 5.46274698583885, 44.590740821824326 ], [ 5.458622770470427, 44.598989252561168 ], [ 5.436214533635328, 44.637756877024337 ] ] ] } },
{ "type": "Feature", "properties": { "id": null }, "geometry": { "type": "MultiLineString", "coordinates": [ [ [ 6.275181772051209, 45.553065378558372 ], [ 6.313572616344605, 45.626606248526684 ], [ 6.363063200765687, 45.643103110000382 ], [ 6.387808492976228, 45.651351540737224 ], [ 6.43729907739731, 45.638978894631954 ], [ 6.445547508134156, 45.618357817789843 ], [ 6.449671723502581, 45.593612525579296 ], [ 6.462044369607851, 45.568867233368756 ], [ 6.482665446449968, 45.539997725789796 ], [ 6.511534954028932, 45.519376648947677 ], [ 6.548652892344744, 45.507004002842407 ], [ 6.581646615292132, 45.511128218210828 ], [ 6.643509845818484, 45.552370371895066 ], [ 6.684751999502719, 45.552370371895066 ], [ 6.70949729171326, 45.568867233368756 ], [ 6.772406850953436, 45.611468850637294 ], [ 6.772406850953436, 45.6124999044794 ] ] ] } },
{ "type": "Feature", "properties": { "id": null }, "geometry": { "type": "MultiLineString", "coordinates": [ [ [ 3.325535273620053, 49.383835648016564 ], [ 3.33119388586294, 49.334444825906708 ], [ 3.34511311273137, 49.284954241485629 ], [ 3.355939178073481, 49.261755530038243 ], [ 3.371404985705069, 49.243196560880335 ], [ 3.36985840494191, 49.206078622564526 ], [ 3.359032339599799, 49.192159395696095 ], [ 3.366765243415593, 49.175147007301348 ], [ 3.386870793336658, 49.147308553564493 ], [ 3.400790020205087, 49.111737196011838 ], [ 3.393057116389293, 49.073072676932846 ], [ 3.393057116389293, 49.073072676932846 ] ] ] } },
{ "type": "Feature", "properties": { "id": null }, "geometry": { "type": "MultiLineString", "coordinates": [ [ [ 2.083, 49.433 ], [ 2.132593794414851, 49.429404884764686 ], [ 2.17280489425698, 49.412392496369939 ], [ 2.234668124783333, 49.407752754080462 ], [ 2.271786063099145, 49.412392496369939 ], [ 2.318183485993909, 49.412392496369939 ], [ 2.376953554993945, 49.396926688738347 ], [ 2.421804397125551, 49.396617372585702 ] ] ] } },
{ "type": "Feature", "properties": { "id": null }, "geometry": { "type": "MultiLineString", "coordinates": [ [ [ 2.083, 49.433 ], [ 2.084340474604295, 49.458480603112086 ], [ 2.06423492468323, 49.478586153033149 ], [ 2.050315697814801, 49.490958799138419 ], [ 2.022477244077942, 49.512610929822642 ], [ 2.002371694156877, 49.531169898980551 ], [ 1.98535930576213, 49.551275448901613 ], [ 1.963707175077907, 49.569834418059521 ], [ 1.95906743278843, 49.593033129506907 ], [ 1.948241367446319, 49.620871583243762 ], [ 1.945148205920001, 49.642523713927986 ], [ 1.945148205920001, 49.662629263849048 ], [ 1.951334528972636, 49.687374556059595 ], [ 1.95906743278843, 49.698200621401703 ], [ 1.965253755841065, 49.712119848270135 ], [ 1.962160594314748, 49.72758565590172 ], [ 1.965253755841065, 49.750784367349105 ], [ 1.982266144235813, 49.777076240322806 ], [ 1.968346917367383, 49.80769853943336 ], [ 1.960614013551589, 49.823164347064946 ], [ 1.955974271262113, 49.840176735459693 ], [ 1.962160594314748, 49.864922027670232 ], [ 1.962160594314748, 49.878841254538663 ], [ 1.94669478668316, 49.90822628903868 ], [ 1.94669478668316, 49.93297158124922 ], [ 1.94669478668316, 49.946890808117651 ], [ 1.945148205920001, 49.957716873459766 ], [ 1.937415302104207, 49.980915584907144 ], [ 1.914216590656824, 50.007207457880845 ], [ 1.901843944551554, 50.021126684749277 ], [ 1.900297363788395, 50.031952750091385 ], [ 1.90648368684103, 50.045871976959816 ], [ 1.908030267604189, 50.058244623065086 ], [ 1.908756910426409, 50.085810447292268 ] ] ] } },
{ "type": "Feature", "properties": { "id": null }, "geometry": { "type": "MultiLineString", "coordinates": [ [ [ 1.908756910426409, 50.085810447292268 ], [ 1.924937401823349, 50.123298704505579 ], [ 1.931228979051572, 50.152586049617774 ], [ 1.937415302104207, 50.166505276486205 ], [ 1.935868721341048, 50.181971084117791 ], [ 1.926589236762095, 50.200530053275699 ], [ 1.911123429130507, 50.219089022433607 ], [ 1.900297363788395, 50.233008249302031 ], [ 1.886441392293433, 50.254833750113328 ] ] ] } },
{ "type": "Feature", "properties": { "id": null }, "geometry": { "type": "MultiLineString", "coordinates": [ [ [ 4.083, 48.3 ], [ 4.107577428968668, 48.340921343653541 ], [ 4.109124009731826, 48.379585862732512 ], [ 4.113763752021303, 48.404331154943051 ], [ 4.113763752021303, 48.427529866390429 ], [ 4.126136398126573, 48.45382173936413 ], [ 4.140055624995003, 48.489393096916785 ], [ 4.141602205758161, 48.507952066074694 ], [ 4.144695367284479, 48.534243939048395 ], [ 4.155521432626591, 48.568268715837888 ], [ 4.164800917205544, 48.596107169574744 ], [ 4.180266724837132, 48.633225107890553 ], [ 4.203710631048537, 48.672722761808991 ] ] ] } },
{ "type": "Feature", "properties": { "id": null }, "geometry": { "type": "MultiLineString", "coordinates": [ [ [ 4.083, 48.3 ], [ 4.133869301942367, 48.324836903716694 ], [ 4.226664147731896, 48.337209549821964 ], [ 4.257595762995074, 48.349582195927233 ], [ 4.347297447258285, 48.37896723042725 ], [ 4.399881193205685, 48.411445426453589 ], [ 4.435452550758338, 48.423818072558859 ], [ 4.497315781284691, 48.400619361111474 ], [ 4.545259784942615, 48.392886457295681 ], [ 4.59011062707422, 48.39907278034832 ], [ 4.610216176995285, 48.405259103400951 ], [ 4.655067019126891, 48.426911234085175 ], [ 4.690638376679543, 48.433097557137813 ], [ 4.721569991942721, 48.440830460953606 ], [ 4.746315284153262, 48.454749687822037 ], [ 4.770514589274883, 48.477810693138828 ] ] ] } },
{ "type": "Feature", "properties": { "id": null }, "geometry": { "type": "MultiLineString", "coordinates": [ [ [ 4.770514589274883, 48.477810693138828 ], [ 4.769320673005253, 48.455406984646359 ], [ 4.766058354207965, 48.449534810811244 ], [ 4.755836421976462, 48.437572975221187 ], [ 4.745179513905321, 48.420173941635653 ], [ 4.741699707188213, 48.411474424842879 ], [ 4.746266953504417, 48.403209883889751 ], [ 4.738437388390925, 48.387985729502404 ], [ 4.733000190395445, 48.375371430152896 ], [ 4.73713246087201, 48.367541865039399 ], [ 4.741830199940105, 48.339964396806316 ], [ 4.74313512745902, 48.316475701465841 ], [ 4.737915417383359, 48.29820671620103 ], [ 4.725518605953664, 48.283200049733502 ], [ 4.726171069713121, 48.253839180557911 ], [ 4.712730316268293, 48.240724658992839 ], [ 4.712730316268293, 48.240724658992839 ], [ 4.712730316268293, 48.240724658992839 ], [ 4.712730316268293, 48.240724658992839 ], [ 4.712730316268293, 48.240724658992839 ], [ 4.712730316268293, 48.240724658992839 ], [ 4.712730316268293, 48.240724658992839 ], [ 4.712730316268293, 48.240724658992839 ] ] ] } },
{ "type": "Feature", "properties": { "id": null }, "geometry": { "type": "MultiLineString", "coordinates": [ [ [ 5.017, 47.317 ], [ 5.012211181859343, 47.339345975302123 ], [ 4.995899587872903, 47.34717554041562 ], [ 4.976325675089174, 47.358919888085858 ], [ 4.956099298545987, 47.370664235756095 ], [ 4.956099298545987, 47.370664235756095 ], [ 4.956099298545987, 47.370664235756095 ], [ 4.956099298545987, 47.370664235756095 ], [ 4.936525385762259, 47.388280757261448 ], [ 4.921518719294733, 47.400025104931686 ], [ 4.897377560194801, 47.408507133804633 ], [ 4.853010024551683, 47.422208872753245 ], [ 4.817776981540971, 47.433300756664025 ], [ 4.769494663341106, 47.444392640574804 ], [ 4.74078625792497, 47.491370031255755 ], [ 4.74078625792497, 47.491370031255755 ], [ 4.74078625792497, 47.491370031255755 ], [ 4.719254953862869, 47.52268829170972 ], [ 4.693808867244021, 47.532475248101584 ], [ 4.656226954699262, 47.535476581395102 ], [ 4.611989911808036, 47.550874726118302 ], [ 4.611989911808036, 47.550874726118302 ], [ 4.581976578872984, 47.561966610029081 ], [ 4.561750202329798, 47.588065160407382 ], [ 4.538261506989324, 47.601114435596536 ], [ 4.538261506989324, 47.601114435596536 ], [ 4.512162956611018, 47.609596464469483 ], [ 4.512162956611018, 47.609596464469483 ], [ 4.486064406232713, 47.605029218153284 ], [ 4.462575710892239, 47.605029218153284 ], [ 4.429952522919358, 47.605681681912742 ], [ 4.400134929112144, 47.607443334063284 ], [ 4.341478437136903, 47.622515246906723 ] ] ] } },
{ "type": "Feature", "properties": { "id": null }, "geometry": { "type": "MultiLineString", "coordinates": [ [ [ 4.341478437136903, 47.622515246906723 ], [ 4.360660871664957, 47.641697681434806 ], [ 4.368620929530341, 47.646525913254791 ], [ 4.375145567124917, 47.656965333406113 ], [ 4.399939189984306, 47.680454028746588 ], [ 4.402549045022138, 47.681758956265497 ], [ 4.41820817524912, 47.693503303935735 ], [ 4.433867305476103, 47.705247651605973 ], [ 4.458660928335493, 47.726126491908616 ], [ 4.478234841119222, 47.73917576709777 ], [ 4.499113681421866, 47.762664462438245 ], [ 4.518687594205595, 47.784848230259804 ], [ 4.530431941875833, 47.803117215524615 ], [ 4.534346724432578, 47.820081273270517 ], [ 4.54739599962173, 47.835740403497503 ], [ 4.54739599962173, 47.835740403497503 ], [ 4.568265173794603, 47.860669352173588 ] ] ] } },
{ "type": "Feature", "properties": { "id": null }, "geometry": { "type": "MultiLineString", "coordinates": [ [ [ 2.628736903236203, 48.634153056348374 ], [ 2.635677184410883, 48.594164277491025 ], [ 2.659687850758924, 48.556582364946266 ] ] ] } },
{ "type": "Feature", "properties": { "id": null }, "geometry": { "type": "MultiLineString", "coordinates": [ [ [ 5.864048416058163, 46.384553021448333 ], [ 5.815002591496009, 46.383356074944821 ], [ 5.783684331042044, 46.38466100246373 ], [ 5.748451288031331, 46.383356074944821 ], [ 5.731487230285433, 46.395100422615052 ], [ 5.719742882615196, 46.414674335398786 ], [ 5.715828100058451, 46.438163030739261 ], [ 5.718437955096281, 46.466871436155394 ], [ 5.717133027577366, 46.477310856306715 ], [ 5.704083752388213, 46.509934044279596 ], [ 5.685814767123399, 46.516458681874177 ], [ 5.644057086518111, 46.525593174506582 ], [ 5.617958536139806, 46.526898102025498 ], [ 5.61143389854523, 46.532117812101156 ], [ 5.595774768318247, 46.554301579922715 ], [ 5.585335348166925, 46.581705057819939 ], [ 5.591859985761501, 46.603888825641498 ], [ 5.598384623356077, 46.624767665944141 ], [ 5.577505783053433, 46.643036651208952 ], [ 5.569676217939942, 46.658695781435938 ], [ 5.551407232675128, 46.667830274068343 ] ] ] } },
{ "type": "Feature", "properties": { "id": null }, "geometry": { "type": "MultiLineString", "coordinates": [ [ [ 5.498166189903384, 47.100935717596315 ], [ 5.502080972460131, 47.061657399276967 ], [ 5.502080972460131, 47.038168703936492 ], [ 5.503385899979047, 47.021204646190597 ], [ 5.547753435622165, 46.997715950850122 ], [ 5.584291406151793, 46.978142038066395 ], [ 5.605170246454437, 46.97292232799073 ], [ 5.621090362185203, 46.985710617676105 ], [ 5.641969202487847, 46.99158279151122 ], [ 5.663500506549949, 46.995497574067969 ], [ 5.690251520687712, 46.994845110308511 ], [ 5.719612389863305, 46.996150037827427 ], [ 5.741143693925406, 46.998107429105794 ], [ 5.76202253422805, 46.994845110308511 ], [ 5.785511229568525, 46.984405690157189 ], [ 5.800517896036051, 46.979185980081525 ], [ 5.804432678592796, 46.971356414968035 ], [ 5.788121084606355, 46.950477574665392 ], [ 5.781596447011779, 46.941995545792437 ], [ 5.77572427317666, 46.934818444438406 ], [ 5.771809490619915, 46.925031488046542 ], [ 5.764632389265881, 46.916549459173595 ], [ 5.754192969114559, 46.906110039022273 ], [ 5.742448621444321, 46.899585401427693 ], [ 5.733314128811915, 46.888493517516913 ], [ 5.717002534825474, 46.870224532252102 ], [ 5.713740216028186, 46.863047430898071 ], [ 5.711782824749813, 46.857827720822407 ], [ 5.706563114674152, 46.838253808038679 ] ] ] } },
{ "type": "Feature", "properties": { "id": null }, "geometry": { "type": "MultiLineString", "coordinates": [ [ [ 5.864048416058163, 46.384553021448333 ], [ 5.86432885171101, 46.404626393503129 ], [ 5.864002619831281, 46.41734943681255 ], [ 5.857151750356976, 46.425831465685505 ], [ 5.85323696780023, 46.438228277115201 ], [ 5.861066532913721, 46.44834146538679 ], [ 5.869548561786671, 46.45486610298137 ], [ 5.88064044569745, 46.462043204335401 ], [ 5.895973344044704, 46.467915378170517 ], [ 5.904455372917654, 46.478354798321845 ], [ 5.914242329309518, 46.486184363435335 ], [ 5.925334213220298, 46.496297551706924 ], [ 5.947713720169695, 46.506215000850688 ], [ 5.950649807087254, 46.507846160249329 ], [ 5.964351546035864, 46.515023261603361 ], [ 5.971854879269627, 46.519590507919567 ], [ 5.982946763180407, 46.524483986115499 ], [ 5.993386183331729, 46.529051232431705 ], [ 6.002520675964136, 46.532966014988446 ], [ 6.013938791754644, 46.535575870026278 ], [ 6.018506038070847, 46.539164420703294 ], [ 6.016874878672203, 46.547320217696516 ], [ 6.014917487393831, 46.556128478449196 ], [ 6.007740386039797, 46.562326884164044 ], [ 5.999910820926305, 46.564610507322143 ], [ 5.989471400774983, 46.568851521758617 ], [ 5.980336908142577, 46.574397463714007 ], [ 5.970223719870983, 46.575049927473465 ], [ 5.961415459118305, 46.575049927473465 ], [ 5.953194415749139, 46.592796941730704 ], [ 5.960371517103173, 46.603236361882026 ], [ 5.962328908381546, 46.612370854514431 ], [ 5.960371517103173, 46.618895492109004 ], [ 5.954499343268054, 46.624767665944127 ], [ 5.941450068078902, 46.637164477373823 ], [ 5.938840213041072, 46.639774332411655 ], [ 5.942754995597817, 46.652171143841343 ], [ 5.94471238687619, 46.659348245195382 ], [ 5.939492676800529, 46.667830274068329 ], [ 5.934925430484325, 46.673702447903445 ], [ 5.932968039205953, 46.682836940535857 ], [ 5.93362050296541, 46.694581288206095 ], [ 5.934272966724868, 46.695886215725004 ], [ 5.928400792889749, 46.706978099635784 ], [ 5.924486010333004, 46.715460128508738 ], [ 5.92252861905463, 46.722637229862769 ], [ 5.9199187640168, 46.733076650014091 ], [ 5.902954706270902, 46.745473461443787 ], [ 5.90621702506819, 46.763742446708598 ], [ 5.902954706270902, 46.774834330619377 ], [ 5.882728329727716, 46.782011431973416 ], [ 5.872288909576394, 46.782663895732874 ], [ 5.859892098146698, 46.782663895732874 ], [ 5.847495286717003, 46.786578678289615 ], [ 5.832488620249478, 46.797670562200395 ], [ 5.821396736338698, 46.804195199794975 ], [ 5.806390069871173, 46.808762446111174 ], [ 5.786163693327987, 46.811372301149007 ], [ 5.770504563101004, 46.813982156186839 ], [ 5.756802824152394, 46.817244474984129 ], [ 5.746363404001071, 46.817896938743587 ], [ 5.730704273774088, 46.819201866262496 ], [ 5.722874708660597, 46.823769112578702 ], [ 5.711782824749817, 46.828336358894909 ], [ 5.706563114674152, 46.838253808038679 ] ] ] } },
{ "type": "Feature", "properties": { "id": null }, "geometry": { "type": "MultiLineString", "coordinates": [ [ [ 5.551407232675128, 46.667830274068343 ], [ 5.517740102687119, 46.679705114490453 ], [ 5.47076271200617, 46.695364244717432 ], [ 5.469457784487255, 46.696669172236348 ], [ 5.474677494562916, 46.718852940057907 ], [ 5.472067639525085, 46.731902215247061 ], [ 5.469457784487255, 46.738426852841634 ], [ 5.453798654260272, 46.75408598306862 ], [ 5.452493726741356, 46.755390910587536 ], [ 5.449883871703526, 46.773659895852347 ], [ 5.448578944184611, 46.789319026079333 ], [ 5.449883871703526, 46.802368301268487 ], [ 5.466847929449425, 46.828466851646787 ], [ 5.479897204638577, 46.84543090939269 ], [ 5.461628219373763, 46.865004822176417 ], [ 5.442054306590034, 46.87152945977099 ], [ 5.432919813957628, 46.874139314808822 ], [ 5.421436451791173, 46.896062097126595 ], [ 5.416216741715512, 46.911721227353581 ], [ 5.412301959158767, 46.926075430061651 ], [ 5.412301959158767, 46.937819777731889 ], [ 5.410997031639852, 46.954783835477784 ], [ 5.410997031639852, 46.963918328110189 ], [ 5.362714713439987, 46.979577458337175 ], [ 5.357495003364326, 46.992626733526329 ], [ 5.335311235542767, 47.020030211423546 ], [ 5.322261960353614, 47.033079486612699 ], [ 5.302688047569886, 47.05134847187751 ], [ 5.280504279748325, 47.069617457142328 ], [ 5.27658949719158, 47.07353223969907 ], [ 5.264845149521343, 47.091801224963888 ], [ 5.258320511926766, 47.110070210228699 ], [ 5.243966309218699, 47.117899775342188 ], [ 5.228307178991716, 47.125729340455685 ], [ 5.213952976283648, 47.136168760607006 ], [ 5.202208628613411, 47.143998325720496 ], [ 5.170890368159444, 47.159657455947482 ], [ 5.153926310413546, 47.179231368731209 ], [ 5.143486890262224, 47.190975716401447 ], [ 5.135657325148733, 47.202720064071684 ], [ 5.130437615073071, 47.21185455670409 ], [ 5.121303122440665, 47.22620875941216 ], [ 5.110863702289343, 47.239258034601306 ], [ 5.075630659278631, 47.25883194738504 ], [ 5.067801094165139, 47.262746729941782 ], [ 5.04822718138141, 47.271881222574194 ], [ 5.035177906192258, 47.277100932649851 ], [ 5.017, 47.317 ] ] ] } },
{ "type": "Feature", "properties": { "id": null }, "geometry": { "type": "MultiLineString", "coordinates": [ [ [ 4.614208288590199, 44.287772972318805 ], [ 4.635870085404193, 44.324832913855992 ], [ 4.645004578036599, 44.347016681677552 ], [ 4.643699650517684, 44.367895521980195 ], [ 4.642394722998769, 44.403128564990908 ], [ 4.65283414315009, 44.427922187850292 ], [ 4.683369447092709, 44.4696798684556 ], [ 4.685979302130539, 44.49838827387174 ], [ 4.688589157168369, 44.524486824250047 ], [ 4.688589157168369, 44.545365664552691 ], [ 4.696418722281861, 44.568854359893166 ], [ 4.709467997471013, 44.592343055233634 ], [ 4.717297562584505, 44.60800218546062 ], [ 4.738176402887149, 44.634100735838928 ], [ 4.759055243189793, 44.654979576141571 ], [ 4.769494663341115, 44.675858416444214 ], [ 4.764274953265454, 44.701956966822522 ], [ 4.743396112962809, 44.73197029975757 ], [ 4.743396112962809, 44.74632450246564 ], [ 4.748615823038471, 44.769813197806116 ], [ 4.755140460633047, 44.798521603222248 ], [ 4.777324228454606, 44.820705371043807 ], [ 4.800812923795081, 44.844194066384283 ], [ 4.826911474173386, 44.868987689243674 ], [ 4.838655821843624, 44.879427109394996 ], [ 4.850400169513861, 44.897696094659807 ], [ 4.858229734627352, 44.921184790000282 ], [ 4.858229734627352, 44.938148847746177 ], [ 4.847790314476031, 44.968684151688798 ], [ 4.837350894324708, 44.996087629586015 ], [ 4.829521329211217, 45.023491107483238 ], [ 4.826911474173387, 45.049589657861546 ], [ 4.82038683657881, 45.07438328072093 ] ] ] } },
{ "type": "Feature", "properties": { "id": null }, "geometry": { "type": "MultiLineString", "coordinates": [ [ [ 4.562794144344937, 43.925786078571718 ], [ 4.598549158363216, 43.932310716166306 ], [ 4.618123071146945, 43.938835353760886 ], [ 4.636392056411759, 43.947969846393292 ], [ 4.657270896714403, 43.954494483987865 ], [ 4.683369447092708, 43.955799411506781 ], [ 4.704248287395352, 43.955799411506781 ], [ 4.740786257924979, 43.962324049101355 ], [ 4.772674105471209, 43.962477709931925 ] ] ] } },
{ "type": "Feature", "properties": { "id": null }, "geometry": { "type": "MultiLineString", "coordinates": [ [ [ 4.667, 43.8 ], [ 4.626474607268003, 43.809908514892058 ], [ 4.61081547704102, 43.817738080005547 ], [ 4.593851419295121, 43.825567645119037 ], [ 4.553398666208748, 43.833397210232533 ], [ 4.519470550716952, 43.828177500156869 ], [ 4.480322725149494, 43.828177500156869 ], [ 4.447699537176613, 43.832092282713617 ], [ 4.40724678409024, 43.836007065270358 ], [ 4.351015034464958, 43.831229677468514 ] ] ] } },
{ "type": "Feature", "properties": { "id": null }, "geometry": { "type": "MultiLineString", "coordinates": [ [ [ 0.89333796115524, 41.635638282875512 ], [ 0.886813323560664, 41.604320022421547 ], [ 0.884203468522833, 41.592575674751309 ], [ 0.881593613485003, 41.576916544524323 ], [ 0.885508396041748, 41.562562341816253 ], [ 0.889423178598494, 41.546903211589274 ], [ 0.885508396041748, 41.531244081362289 ], [ 0.881593613485003, 41.520804661210967 ], [ 0.881593613485003, 41.516889878654219 ], [ 0.885508396041748, 41.510365241059645 ], [ 0.89333796115524, 41.50123074842724 ], [ 0.911606946420054, 41.476437125567848 ], [ 0.923351294090291, 41.464692777897611 ], [ 0.946839989430765, 41.441204082557135 ], [ 0.996427235149545, 41.413800604659919 ], [ 1.012086365376528, 41.407275967065338 ], [ 1.035575060717003, 41.403361184508597 ], [ 1.059063756057477, 41.402056256989681 ], [ 1.092991871549274, 41.398141474432933 ], [ 1.120395349446494, 41.392921764357276 ], [ 1.143884044786969, 41.381177416687038 ], [ 1.161370073540433, 41.370216025528144 ] ] ] } },
{ "type": "Feature", "properties": { "id": null }, "geometry": { "type": "MultiLineString", "coordinates": [ [ [ 1.282206361791986, 41.673742166427843 ], [ 1.325268969916189, 41.690706224173738 ], [ 1.335708390067512, 41.69331607921157 ], [ 1.351367520294495, 41.703755499362892 ], [ 1.356587230370156, 41.708975209438549 ], [ 1.374856215634969, 41.722024484627703 ], [ 1.394430128418698, 41.728549122222283 ], [ 1.417918823759173, 41.73376883229794 ], [ 1.450542011732054, 41.73376883229794 ], [ 1.474030707072528, 41.73376883229794 ], [ 1.50665389504541, 41.732463904779024 ], [ 1.548411575650698, 41.732463904779024 ], [ 1.560155923320935, 41.732463904779024 ], [ 1.584949546180325, 41.738988542373605 ], [ 1.617572734153207, 41.74159839741143 ], [ 1.642366357012596, 41.737683614854689 ], [ 1.66063534227741, 41.736378687335772 ], [ 1.681514182580054, 41.732463904779024 ], [ 1.701088095363783, 41.731158977260108 ], [ 1.729796500779918, 41.732463904779024 ], [ 1.748065486044732, 41.732463904779024 ], [ 1.76502954379063, 41.731158977260108 ], [ 1.78721331161219, 41.729854049741199 ], [ 1.798957659282427, 41.728549122222283 ], [ 1.833, 41.733 ], [ 1.852720673061736, 41.749949933532498 ], [ 1.864465020731973, 41.759084426164904 ], [ 1.87359951336438, 41.765609063759477 ], [ 1.882734005996786, 41.770828773835142 ], [ 1.893173426148108, 41.774743556391883 ], [ 1.902307918780515, 41.781268193986463 ], [ 1.917967049007498, 41.790402686618869 ], [ 1.933626179234481, 41.799537179251274 ], [ 1.937540961791227, 41.80084210677019 ], [ 1.95320009201821, 41.807366744364764 ], [ 1.968859222245193, 41.821720947072833 ], [ 1.981908497434346, 41.838685004818736 ], [ 1.985823279991092, 41.847819497451141 ], [ 1.992347917585668, 41.858258917602463 ], [ 2.009311975331566, 41.868698337753784 ], [ 2.03019081563421, 41.880442685424022 ], [ 2.043240090823363, 41.886967323018595 ], [ 2.051069655936854, 41.890882105575344 ], [ 2.069338641201668, 41.894796888132092 ], [ 2.087607626466482, 41.901321525726665 ], [ 2.117620959401532, 41.906541235802322 ], [ 2.133280089628515, 41.916980655953651 ], [ 2.142414582260922, 41.924810221067141 ], [ 2.161988495044651, 41.931334858661714 ], [ 2.182867335347295, 41.93263978618063 ], [ 2.214185595801261, 41.93263978618063 ], [ 2.228539798509329, 41.93263978618063 ], [ 2.25, 41.933 ], [ 2.254638348887634, 41.962653119115679 ], [ 2.250723566330888, 41.967872829191343 ], [ 2.250723566330888, 41.974397466785916 ], [ 2.25855313144438, 41.984836886937238 ], [ 2.259858058963295, 41.98744674197507 ], [ 2.262467914001125, 41.995276307088567 ], [ 2.262467914001125, 42.004410799720972 ], [ 2.262467914001125, 42.009630509796629 ], [ 2.262467914001125, 42.012240364834462 ], [ 2.25855313144438, 42.021374857466867 ], [ 2.25855313144438, 42.025289640023615 ], [ 2.263772841520041, 42.039643842731685 ], [ 2.263772841520041, 42.051388190401916 ], [ 2.255943276406549, 42.057912827996496 ], [ 2.254638348887634, 42.063132538072153 ], [ 2.248113711293057, 42.073571958223475 ], [ 2.237674291141736, 42.082706450855888 ], [ 2.232454581066075, 42.089231088450461 ], [ 2.222015160914752, 42.098365581082867 ], [ 2.21157574076343, 42.103585291158531 ], [ 2.206356030687769, 42.110109928753104 ], [ 2.206356030687769, 42.117939493866594 ], [ 2.207660958206685, 42.124464131461174 ], [ 2.210270813244515, 42.129683841536831 ], [ 2.2089658857256, 42.134903551612496 ], [ 2.198526465574278, 42.147952826801649 ], [ 2.195916610536448, 42.158392246952971 ], [ 2.195916610536448, 42.168831667104293 ], [ 2.199048436581844, 42.196757116009017 ] ] ] } },
{ "type": "Feature", "properties": { "id": null }, "geometry": { "type": "MultiLineString", "coordinates": [ [ [ 1.833, 41.733 ], [ 1.842020267406631, 41.706887325408296 ], [ 1.843325194925546, 41.69775283277589 ], [ 1.83680055733097, 41.69122819518131 ], [ 1.8394104123688, 41.683398630067821 ], [ 1.851154760039037, 41.676873992473247 ], [ 1.853764615076868, 41.675569064954331 ], [ 1.857679397633614, 41.66512964480301 ], [ 1.857679397633614, 41.652080369613856 ], [ 1.858984325152529, 41.646860659538191 ], [ 1.857679397633614, 41.64294587698145 ], [ 1.857679397633614, 41.641640949462534 ], [ 1.858984325152529, 41.633811384349038 ], [ 1.879863165455173, 41.622067036678807 ], [ 1.881168092974088, 41.622067036678807 ], [ 1.883777948011919, 41.611627616527478 ], [ 1.886387803049749, 41.602493123895073 ], [ 1.899437078238902, 41.595968486300499 ], [ 1.915096208465885, 41.58813892118701 ], [ 1.920315918541546, 41.582919211111346 ], [ 1.94119475884419, 41.579004428554597 ], [ 1.949024323957681, 41.576394573516772 ], [ 1.955548961552258, 41.571174863441108 ], [ 1.973556961313288, 41.557342631740589 ] ] ] } },
{ "type": "Feature", "properties": { "id": null }, "geometry": { "type": "MultiLineString", "coordinates": [ [ [ 0.833050309781356, 41.774221585384332 ], [ 0.887857265575797, 41.758562455157346 ], [ 0.900906540764949, 41.750732890043857 ], [ 0.911345960916271, 41.748123035006024 ], [ 0.932224801218915, 41.737683614854703 ], [ 0.963543061672881, 41.732463904779038 ], [ 0.989641612051186, 41.722024484627717 ], [ 1.015740162429491, 41.708975209438563 ], [ 1.036619002732136, 41.698535789287241 ], [ 1.05749784303478, 41.68809636913592 ], [ 1.106041146738427, 41.649992485583581 ], [ 1.135271523162128, 41.653646282636529 ] ] ] } },
{ "type": "Feature", "properties": { "id": null }, "geometry": { "type": "MultiLineString", "coordinates": [ [ [ 0.833050309781356, 41.774221585384332 ], [ 0.767803933835593, 41.802929990800465 ], [ 0.75214480360861, 41.805539845838297 ], [ 0.710387123003322, 41.805539845838297 ], [ 0.710387123003322, 41.805539845838297 ], [ 0.64775060209539, 41.80553984583829 ], [ 0.624261906754915, 41.810759555913954 ], [ 0.60077321141444, 41.823808831103108 ], [ 0.574674661036135, 41.834248251254429 ], [ 0.561625385846983, 41.842077816367919 ], [ 0.54857611065783, 41.842077816367919 ], [ 0.530307125393017, 41.844687671405751 ], [ 0.504208575014712, 41.85251723651924 ], [ 0.475500169598576, 41.85251723651924 ], [ 0.462450894409423, 41.85251723651924 ], [ 0.425912923879796, 41.86034680163273 ], [ 0.399814373501491, 41.855127091557073 ], [ 0.358056692896203, 41.855127091557073 ], [ 0.350227127782712, 41.857736946594905 ], [ 0.318908867328745, 41.868176366746226 ], [ 0.318908867328745, 41.868176366746226 ], [ 0.300639882063932, 41.870786221784059 ], [ 0.253662491382983, 41.883835496973205 ], [ 0.251052636345152, 41.883835496973205 ], [ 0.217124520853356, 41.902104482238023 ], [ 0.191025970475051, 41.915153757427177 ], [ 0.172756985210237, 41.93603259772982 ], [ 0.157097854983254, 41.967350858183785 ], [ 0.146658434831932, 41.977790278335107 ], [ 0.133, 42.033 ], [ 0.133, 42.033 ], [ 0.068362783697017, 42.050866219394358 ], [ 0.023995248053898, 42.058695784507854 ], [ 0.008336117826915, 42.058695784507854 ], [ -0.033421562778373, 42.063915494583512 ], [ -0.069959533308, 42.082184479848323 ], [ -0.124766489102441, 42.100453465113141 ], [ -0.143035474367255, 42.103063320150973 ], [ -0.208281850313017, 42.105673175188798 ], [ -0.265698661145289, 42.113502740302295 ], [ -0.302236631674916, 42.123942160453616 ], [ -0.338774602204543, 42.13699143564277 ], [ -0.417, 42.133 ], [ -0.450998368831255, 42.113502740302295 ], [ -0.497975759512204, 42.079574624810498 ], [ -0.516244744777017, 42.063915494583512 ], [ -0.565831990495797, 42.043036654280868 ], [ -0.63368822147939, 42.019547958940393 ], [ -0.672836047046848, 41.985619843448596 ], [ -0.711983872614306, 41.954301582994631 ], [ -0.727643002841289, 41.925593177578499 ], [ -0.753741553219594, 41.894274917124527 ], [ -0.769400683446577, 41.883835496973205 ], [ -0.779840103597899, 41.865566511708394 ], [ -0.795499233824882, 41.834248251254429 ], [ -0.816378074127526, 41.813369410951786 ], [ -0.818987929165356, 41.779441295459989 ], [ -0.821597784203187, 41.748123035006024 ], [ -0.818987929165356, 41.724634339665549 ], [ -0.832037204354509, 41.695925934249409 ], [ -0.832037204354509, 41.695925934249409 ], [ -0.883, 41.633 ] ] ] } },
{ "type": "Feature", "properties": { "id": null }, "geometry": { "type": "MultiLineString", "coordinates": [ [ [ 0.617, 41.617 ], [ 0.577284516073966, 41.643728833492801 ], [ 0.535526835468678, 41.656778108681955 ], [ 0.535526835468678, 41.656778108681955 ], [ 0.514647995166034, 41.675047093946766 ], [ 0.501598719976881, 41.675047093946766 ], [ 0.472890314560745, 41.68809636913592 ], [ 0.465060749447254, 41.695925934249409 ], [ 0.431132633955457, 41.722024484627717 ], [ 0.420693213804135, 41.727244194703374 ], [ 0.418083358766305, 41.732463904779038 ], [ 0.376325678161017, 41.769001875308668 ], [ 0.329348287480068, 41.7977102807248 ], [ 0.318908867328745, 41.810759555913954 ], [ 0.311079302215254, 41.82641868614094 ], [ 0.300639882063932, 41.870786221784059 ] ] ] } },
{ "type": "Feature", "properties": { "id": null }, "geometry": { "type": "MultiLineString", "coordinates": [ [ [ -4.127348919079197, 41.600731471744751 ], [ -4.12647896739992, 41.585246331853632 ], [ -4.127348919079196, 41.574806911702311 ], [ -4.130828725796304, 41.566107394909544 ], [ -4.134308532513412, 41.557407878116777 ], [ -4.137788339230519, 41.545228554606901 ], [ -4.148227759381841, 41.533919182776302 ], [ -4.157797227853886, 41.525219665983535 ], [ -4.161277034570993, 41.519130004228593 ], [ -4.164756841288101, 41.515650197511484 ], [ -4.176936164797977, 41.506080729039439 ], [ -4.187375584949299, 41.49825116392595 ], [ -4.194335198383514, 41.493031453850286 ], [ -4.199554908459175, 41.490421598812461 ], [ -4.203904666855559, 41.486071840416074 ], [ -4.210864280289774, 41.479982178661139 ], [ -4.216083990365435, 41.473892516906197 ], [ -4.231743120592418, 41.459103338358489 ], [ -4.243052492423017, 41.449533869886444 ], [ -4.259581574329277, 41.437354546376568 ], [ -4.273500801197707, 41.421695416149589 ], [ -4.284810173028306, 41.416475706073925 ], [ -4.294379641500351, 41.409516092639713 ], [ -4.296989496538181, 41.406906237601881 ], [ -4.308298868368782, 41.403774411556491 ] ] ] } },
{ "type": "Feature", "properties": { "id": null }, "geometry": { "type": "MultiLineString", "coordinates": [ [ [ -4.117, 40.95 ], [ -4.125609015720645, 40.973496310986157 ], [ -4.129088822437753, 40.982195827778931 ], [ -4.139528242589074, 40.994375151288807 ], [ -4.156927276174612, 41.003074668081574 ], [ -4.172586406401595, 41.01525399159145 ], [ -4.183025826552917, 41.018733798308553 ], [ -4.183025826552917, 41.018733798308553 ], [ -4.18476572991147, 41.030913121818429 ], [ -4.1986849567799, 41.046572252045415 ], [ -4.209124376931222, 41.058751575555291 ], [ -4.214344087006883, 41.065711188989503 ], [ -4.23174312059242, 41.079630415857935 ], [ -4.235222927309527, 41.086590029292147 ], [ -4.240442637385189, 41.095289546084921 ], [ -4.252621960895064, 41.109208772953345 ], [ -4.254361864253618, 41.121388096463221 ], [ -4.270020994480602, 41.142266936765864 ], [ -4.273500801197708, 41.145746743482974 ], [ -4.275240704556262, 41.156186163634295 ], [ -4.273500801197708, 41.168365487144172 ], [ -4.271760897839155, 41.177065003936939 ], [ -4.271760897839155, 41.189244327446815 ], [ -4.268281091122048, 41.203163554315246 ], [ -4.268281091122048, 41.211863071108013 ], [ -4.273500801197708, 41.225782297976444 ], [ -4.280460414631923, 41.24144142820343 ], [ -4.289159931424692, 41.251880848354752 ], [ -4.296119544858906, 41.260580365147518 ], [ -4.29785944821746, 41.279719302091607 ], [ -4.303079158293121, 41.30059814239425 ], [ -4.316998385161551, 41.317997175979791 ], [ -4.316998385161551, 41.3214769826969 ], [ -4.306558965010229, 41.335396209565324 ], [ -4.29785944821746, 41.366714470019296 ], [ -4.29785944821746, 41.382373600246275 ], [ -4.296989496538181, 41.406906237601881 ] ] ] } },
{ "type": "Feature", "properties": { "id": null }, "geometry": { "type": "MultiLineString", "coordinates": [ [ [ -3.683, 40.4 ], [ -3.688893272723666, 40.423454862568761 ], [ -3.692373079440773, 40.430414476002973 ], [ -3.688893272723666, 40.454773123022726 ], [ -3.686573401578928, 40.473332092180634 ], [ -3.681933659289451, 40.48609138347669 ], [ -3.691213143868404, 40.513929837213553 ], [ -3.703972435164465, 40.532488806371461 ], [ -3.710932048598679, 40.548727904384627 ], [ -3.719051597605263, 40.577726293693857 ], [ -3.717891662032894, 40.592805456134656 ], [ -3.727171146611847, 40.620643909871511 ], [ -3.745730115769753, 40.648482363608373 ], [ -3.777280363338193, 40.680496585405756 ], [ -3.798159203640837, 40.688616134412335 ], [ -3.816718172798743, 40.690936005557077 ], [ -3.837597013101387, 40.685136327695233 ], [ -3.863115595693508, 40.682816456550491 ], [ -3.878194758134307, 40.682816456550491 ], [ -3.894433856147475, 40.685136327695233 ], [ -3.917632567594857, 40.692095941129445 ], [ -3.931551794463287, 40.696735683418922 ], [ -3.950110763621193, 40.702535361280766 ], [ -3.968669732779099, 40.71529465257683 ], [ -3.99302837979885, 40.72341420158341 ], [ -4.008107542239649, 40.725734072728152 ], [ -4.022026769108078, 40.738493364024208 ], [ -4.025506575825186, 40.745452977458427 ], [ -4.018546962390971, 40.764011946616328 ], [ -4.011587348956756, 40.775611302340025 ], [ -4.011587348956756, 40.784890786918972 ], [ -4.01970689796334, 40.798810013787403 ], [ -4.031306253687031, 40.812729240655834 ], [ -4.0324661892594, 40.842887565537431 ], [ -4.0324661892594, 40.846367372254541 ], [ -4.030146318114662, 40.85448692126112 ], [ -4.02086683353571, 40.868406148129552 ], [ -4.01970689796334, 40.875365761563764 ], [ -4.031306253687031, 40.885805181715085 ], [ -4.042905609410723, 40.900884344155884 ], [ -4.053345029562045, 40.911323764307213 ], [ -4.064944385285736, 40.915963506596682 ], [ -4.070744063147582, 40.919443313313792 ], [ -4.09974245245681, 40.935682411326958 ], [ -4.117, 40.95 ] ] ] } },
{ "type": "Feature", "properties": { "id": null }, "geometry": { "type": "MultiLineString", "coordinates": [ [ [ -1.880167070209388, 40.856703687021586 ], [ -1.898932250135715, 40.81834848409526 ], [ -1.917491219293621, 40.810100053358411 ], [ -1.925739650030468, 40.793603191884714 ], [ -1.92780175771468, 40.789478976516293 ], [ -1.92780175771468, 40.775044222726812 ], [ -1.92780175771468, 40.762671576621536 ], [ -1.92780175771468, 40.752361038200476 ], [ -1.917491219293621, 40.725553638305726 ], [ -1.934606713072579, 40.722254266010985 ], [ -1.94532967303048, 40.70977851452151 ], [ -1.952031523004168, 40.702561137626766 ], [ -1.958217846056804, 40.694828233810973 ], [ -1.961311007583121, 40.690704018442553 ], [ -1.965950749872598, 40.686579803074125 ], [ -1.974199180609445, 40.681424533863598 ], [ -1.97677681521471, 40.679362426179388 ], [ -1.984509719030504, 40.674207156968855 ], [ -1.995335784372616, 40.670082941600434 ], [ -2.00822395739894, 40.664927672389901 ], [ -2.015441334293681, 40.659772403179375 ], [ -2.021627657346317, 40.656163714732003 ], [ -2.028329507320004, 40.641213434021466 ], [ -2.031422668846322, 40.626778680231986 ], [ -2.038640045741063, 40.614406034126716 ], [ -2.040186626504223, 40.608735237995134 ], [ -2.033484776530534, 40.583474418863538 ], [ -2.034000303451587, 40.581412311179328 ], [ -2.012451278151574, 40.576463252737213 ], [ -2.003171793572621, 40.574401145052995 ], [ -1.992861255151562, 40.565121660474041 ], [ -1.984097297493661, 40.55893533742141 ], [ -1.98203518980945, 40.556357702816143 ], [ -1.977910974441026, 40.553264541289828 ], [ -1.970693597546285, 40.549140325921407 ], [ -1.963476220651544, 40.541407422105607 ], [ -1.955227789914696, 40.531096883684548 ], [ -1.946979359177849, 40.516662129895067 ], [ -1.93666882075679, 40.508413699158218 ], [ -1.930998024625208, 40.501196322263482 ], [ -1.92790486309889, 40.492947891526633 ], [ -1.92790486309889, 40.489854730000317 ], [ -1.925327228493626, 40.475935503131886 ], [ -1.920687486204149, 40.46304733010556 ], [ -1.915016690072566, 40.454798899368711 ], [ -1.909861420862037, 40.444488360947652 ], [ -1.906768259335719, 40.434177822526593 ], [ -1.904706151651508, 40.425929391789751 ], [ -1.891302451704131, 40.405308314947632 ], [ -1.884600601730443, 40.392935668842362 ], [ -1.868619267177801, 40.37953196889498 ], [ -1.851916194935687, 40.357879838210756 ], [ -1.834388279619886, 40.343445084421276 ], [ -1.822015633514616, 40.336227707526533 ], [ -1.810029632600134, 40.319833951437026 ] ] ] } },
{ "type": "Feature", "properties": { "id": null }, "geometry": { "type": "MultiLineString", "coordinates": [ [ [ -1.633, 42.817 ], [ -1.555522583791649, 42.828353580819403 ], [ -1.534901506949531, 42.829728319275546 ], [ -1.514280430107413, 42.815980934714133 ], [ -1.49915830708986, 42.799484073240436 ], [ -1.48816039944073, 42.792610380959729 ], [ -1.470288799510895, 42.782987211766745 ], [ -1.46478984568633, 42.781612473310602 ], [ -1.438669815019647, 42.766490350293047 ], [ -1.416673999721388, 42.766490350293047 ], [ -1.397427661335411, 42.770614565661475 ], [ -1.375431846037152, 42.771989304117611 ], [ -1.363059199931882, 42.774738781029896 ] ] ] } },
{ "type": "Feature", "properties": { "id": null }, "geometry": { "type": "MultiLineString", "coordinates": [ [ [ -1.363059199931882, 42.774738781029896 ], [ -1.363746569159952, 42.784087002531656 ], [ -1.365121307616093, 42.78786753328604 ], [ -1.368558153756446, 42.790617010198325 ], [ -1.373369738352941, 42.794741225566746 ], [ -1.384023961388035, 42.800240179391317 ], [ -1.391928707510847, 42.802645971689557 ], [ -1.398115030563482, 42.809175979356233 ], [ -1.40189556131787, 42.815018617794834 ], [ -1.406363461300329, 42.823954417759751 ], [ -1.406363461300329, 42.835639694636946 ], [ -1.404988722844188, 42.842513386917652 ], [ -1.392272392124882, 42.849043394584328 ], [ -1.381618169089788, 42.853167609952749 ], [ -1.378868692177505, 42.854886033022929 ], [ -1.377837638335399, 42.866227625286093 ], [ -1.374744476809082, 42.868977102198372 ], [ -1.357216561493281, 42.867602363742229 ], [ -1.351717607668717, 42.867258679128199 ], [ -1.345531284616081, 42.867946048356266 ], [ -1.33762653849327, 42.869320786812409 ], [ -1.32662863084414, 42.87344500218083 ], [ -1.319754938563434, 42.883755540601889 ], [ -1.316318092423081, 42.886161332900137 ], [ -1.305663869387987, 42.890629232882596 ], [ -1.301539654019563, 42.89131660211067 ], [ -1.297896597110789, 42.900802297458036 ], [ -1.295490804812542, 42.906301251282606 ], [ -1.294459750970436, 42.908363358966817 ], [ -1.296178174040613, 42.915237051247523 ], [ -1.294459750970436, 42.919361266615944 ], [ -1.289648166373942, 42.92417285121244 ], [ -1.288273427917801, 42.928297066580861 ], [ -1.28689868946166, 42.933452335791394 ], [ -1.283118158707271, 42.939294974229995 ], [ -1.275213412584459, 42.944450243440521 ], [ -1.264559189549365, 42.945824981896664 ], [ -1.261466028023047, 42.944793928054558 ], [ -1.221323665103724, 42.918261475851033 ], [ -1.217199449735301, 42.912762522026469 ], [ -1.212387865138807, 42.907950937429973 ], [ -1.203452065173889, 42.903139352833477 ], [ -1.168396234542288, 42.896265660552771 ], [ -1.160147803805441, 42.89214144518435 ], [ -1.143650942331747, 42.885955122131719 ], [ -1.110657219384358, 42.883893014447501 ], [ -1.107907742472076, 42.885267752903644 ], [ -1.10103405019137, 42.885955122131719 ], [ -1.090723511770311, 42.900389875921199 ], [ -1.083162450261534, 42.907950937429973 ], [ -1.071477173384334, 42.912075152798401 ], [ -1.049481358086075, 42.917574106622965 ], [ -1.039170819665016, 42.918261475851033 ], [ -1.012363419770263, 42.922385691219461 ], [ -1.000678142893063, 42.925135168131739 ], [ -0.99792866598078, 42.925135168131739 ], [ -0.972496004542168, 42.911387783570326 ], [ -0.960123358436898, 42.894890922096636 ], [ -0.953937035384262, 42.892828814412418 ], [ -0.94018965082285, 42.879081429851013 ], [ -0.933315958542144, 42.871520368342232 ], [ -0.926442266261438, 42.866708783745736 ], [ -0.920943312436874, 42.867396152973811 ], [ -0.90513382019125, 42.878394060622938 ], [ -0.898260127910544, 42.884580383675576 ], [ -0.888636958717556, 42.894890922096636 ], [ -0.884512743349132, 42.90245198360541 ], [ -0.875576943384214, 42.914137260482612 ], [ -0.87076535878772, 42.918948845079107 ], [ -0.852206389629814, 42.936133075780866 ], [ -0.849456912717531, 42.936820445008941 ], [ -0.848769543489461, 42.936820445008941 ], [ -0.833544315087697, 42.949468038805442 ], [ -0.824780357429797, 42.950670934954566 ], [ -0.818250349763126, 42.951186461875615 ], [ -0.814641661315756, 42.951186461875615 ], [ -0.809142707491191, 42.95187383110369 ], [ -0.803471911359608, 42.954966992630006 ], [ -0.798488484456097, 42.958747523384396 ], [ -0.792474003710479, 42.961325157989663 ], [ -0.785428469122755, 42.963043581059836 ], [ -0.780273199912226, 42.963559107980892 ], [ -0.767934922268359, 42.968198850270362 ], [ -0.757796226154317, 42.971463854103696 ], [ -0.751094376180629, 42.981946234831774 ], [ -0.751438060794664, 42.983664657901947 ], [ -0.746970160812205, 42.985898607893176 ], [ -0.744048841592905, 42.986414134814233 ], [ -0.740440153145535, 42.988648084805462 ], [ -0.738893572382376, 42.992084930945815 ], [ -0.737346991619217, 42.997927569384416 ], [ -0.735284883935005, 42.999989677068626 ], [ -0.731332510873599, 43.003426523208979 ], [ -0.730645141645529, 43.007035211656351 ], [ -0.733738303171846, 43.010987584717753 ], [ -0.739924626224482, 43.0075507385774 ], [ -0.74370515697887, 43.006691527042314 ], [ -0.747142003119223, 43.00548863089319 ], [ -0.748688583882382, 43.008925477033543 ], [ -0.746970160812205, 43.012190480866877 ], [ -0.744839316205187, 43.029374711568657 ], [ -0.745870370047292, 43.030663528871287 ], [ -0.746901423889398, 43.033498926937078 ], [ -0.748448004652557, 43.037880905766031 ], [ -0.751283402718348, 43.043036174976557 ], [ -0.756696435389404, 43.047933680726558 ], [ -0.759016306534143, 43.051284605713406 ], [ -0.759274069994669, 43.057728692226569 ], [ -0.755665381547298, 43.062883961437095 ], [ -0.749994585415716, 43.067523703726572 ], [ -0.745097079665713, 43.071390155634468 ], [ -0.738395229692025, 43.074225553700259 ], [ -0.730404562415704, 43.078092005608156 ], [ -0.725507056665701, 43.081185167134478 ], [ -0.721125077836751, 43.085567145963424 ], [ -0.718547443231486, 43.090206888252901 ], [ -0.716743099007801, 43.093042286318692 ], [ -0.711536277105166, 43.094691972466059 ], [ -0.706381007894637, 43.093918682084478 ], [ -0.700710211763054, 43.091856574400268 ], [ -0.696070469473578, 43.091341047479219 ], [ -0.689884146420942, 43.091856574400268 ], [ -0.680346898381463, 43.09417644554501 ], [ -0.672613994565668, 43.095980789768696 ], [ -0.668489779197245, 43.096754080150269 ], [ -0.66153016576303, 43.100620532058166 ], [ -0.655601606170921, 43.102940403202908 ], [ -0.64838422927618, 43.106291328189755 ], [ -0.64322896006565, 43.10861119933449 ], [ -0.637300400473542, 43.110157780097651 ], [ -0.633691712026171, 43.110415543558176 ], [ -0.623381173605112, 43.1106733070187 ], [ -0.6213190659209, 43.111188833939757 ], [ -0.618225904394582, 43.112477651242386 ], [ -0.613586162105106, 43.116601866610807 ], [ -0.612297344802474, 43.120726081979235 ], [ -0.612039581341947, 43.121757135821341 ], [ -0.608018471357734, 43.130211777326608 ], [ -0.606729654055102, 43.134335992695028 ], [ -0.602863202147205, 43.140522315747667 ], [ -0.59951227716036, 43.143873240734507 ], [ -0.597192406015622, 43.148770746484509 ], [ -0.597450169476149, 43.15366825223451 ], [ -0.599770040620887, 43.160627865668729 ], [ -0.602347675226152, 43.164236554116101 ], [ -0.60466754637089, 43.170680640629264 ], [ -0.607760707897208, 43.174289329076629 ], [ -0.610596105962999, 43.178413544445057 ], [ -0.615493611713002, 43.186404211721374 ], [ -0.617040192476161, 43.191043954010851 ] ] ] } },
{ "type": "Feature", "properties": { "id": null }, "geometry": { "type": "MultiLineString", "coordinates": [ [ [ -0.617040192476161, 43.191043954010851 ], [ -0.61265821364721, 43.196611644758221 ], [ -0.606987417515628, 43.197642698600326 ], [ -0.602347675226152, 43.196096117837172 ], [ -0.594099244489304, 43.189909794784533 ], [ -0.589459502199828, 43.187847687100323 ], [ -0.576571329173504, 43.184754525574007 ], [ -0.56883842535771, 43.181661364047685 ], [ -0.563167629226127, 43.179083729442425 ], [ -0.548217348515592, 43.173412933310843 ], [ -0.546670767752433, 43.173412933310843 ], [ -0.533267067805056, 43.173412933310843 ], [ -0.527596271673474, 43.170835298705576 ], [ -0.520894421699786, 43.167226610258204 ], [ -0.513677044805045, 43.164648975652938 ], [ -0.511614937120833, 43.164648975652938 ], [ -0.496664656410297, 43.163617921810832 ], [ -0.490993860278715, 43.163102394889783 ], [ -0.484807537226079, 43.162071341047678 ], [ -0.475528052647126, 43.161040287205566 ], [ -0.464701987305014, 43.159493706442412 ], [ -0.451813814278691, 43.163102394889783 ], [ -0.443049856620791, 43.165164502573994 ], [ -0.438410114331314, 43.166195556416099 ], [ -0.433254845120785, 43.171350825626625 ], [ -0.43067721051552, 43.177537148679264 ], [ -0.429130629752361, 43.181145837126635 ], [ -0.429130629752361, 43.181661364047685 ], [ -0.429130629752361, 43.181661364047685 ], [ -0.427068522068149, 43.187847687100323 ], [ -0.426037468226043, 43.19042532170559 ], [ -0.42552194130499, 43.196096117837172 ], [ -0.420882199015514, 43.202797967810859 ], [ -0.41675798364709, 43.205891129337175 ], [ -0.41314929519972, 43.20692218317928 ], [ -0.40799402598919, 43.208984290863491 ], [ -0.401292176015502, 43.214655086995073 ], [ -0.396136906804972, 43.218779302363501 ], [ -0.395105852962866, 43.220841410047711 ], [ -0.393043745278655, 43.22702773310035 ], [ -0.392012691436549, 43.22908984078456 ], [ -0.389950583752337, 43.235276163837192 ], [ -0.389435056831284, 43.236822744600353 ], [ -0.388404002989178, 43.245586702258251 ], [ -0.387888476068125, 43.248164336863518 ], [ -0.389435056831284, 43.256928294521416 ], [ -0.389950583752337, 43.260021456047738 ], [ -0.389950583752337, 43.268785413705636 ], [ -0.389435056831284, 43.272909629074057 ], [ -0.387888476068125, 43.276518317521429 ], [ -0.38170215301549, 43.286828855942488 ], [ -0.379640045331278, 43.288890963626699 ], [ -0.372422668436537, 43.292499652074071 ] ] ] } },
{ "type": "Feature", "properties": { "id": null }, "geometry": { "type": "MultiLineString", "coordinates": [ [ [ -1.040339347352736, 43.709148509669042 ], [ -1.023842485879042, 43.699869025090088 ], [ -1.02178037819483, 43.697806917405877 ], [ -1.0166251089843, 43.696775863563772 ], [ -1.009407732089559, 43.693682702037457 ], [ -0.998066139826394, 43.683372163616397 ], [ -0.984662439879018, 43.679247948247969 ], [ -0.9815692783527, 43.677185840563759 ], [ -0.972289793773747, 43.668937409826917 ], [ -0.971258739931641, 43.668937409826917 ], [ -0.960948201510582, 43.659657925247963 ], [ -0.948575555405311, 43.651409494511114 ], [ -0.945482393878994, 43.648316332984798 ], [ -0.930016586247405, 43.633881579195311 ], [ -0.909395509405287, 43.612229448511087 ], [ -0.904240240194758, 43.603981017774245 ], [ -0.900116024826334, 43.599856802405817 ], [ -0.894960755615805, 43.591608371668968 ], [ -0.887743378721064, 43.586453102458442 ], [ -0.864029140352628, 43.582328887090021 ], [ -0.832066471247345, 43.569956240984745 ], [ -0.824849094352604, 43.565832025616324 ], [ -0.812476448247333, 43.55861464872158 ], [ -0.805259071352592, 43.554490433353159 ], [ -0.80319696366838, 43.551397271826843 ], [ -0.795979586773639, 43.542117787247889 ], [ -0.794948532931533, 43.541086733405784 ], [ -0.790824317563109, 43.532838302668935 ], [ -0.788762209878898, 43.524589871932086 ], [ -0.78566904835258, 43.520465656563665 ], [ -0.78566904835258, 43.51943460272156 ], [ -0.776389563773627, 43.510155118142606 ], [ -0.775358509931521, 43.508093010458396 ], [ -0.771234294563097, 43.496751418195231 ], [ -0.76814113303678, 43.490565095142593 ], [ -0.753706379247297, 43.483347718247849 ], [ -0.732054248563073, 43.475099287511007 ], [ -0.713495279405167, 43.470975072142579 ], [ -0.708340010194638, 43.466850856774158 ], [ -0.677408394931461, 43.449322941458355 ], [ -0.675346287247249, 43.447260833774145 ], [ -0.675346287247249, 43.447260833774145 ], [ -0.659880479615661, 43.43385713382677 ], [ -0.659880479615661, 43.431795026142559 ], [ -0.64750783351039, 43.420453433879395 ], [ -0.626886756668272, 43.412205003142546 ], [ -0.623793595141954, 43.410142895458335 ], [ -0.603172518299836, 43.403956572405697 ], [ -0.595955141405095, 43.402925518563592 ], [ -0.576365118405083, 43.395708141668848 ], [ -0.569147741510342, 43.392614980142532 ], [ -0.558837203089283, 43.388490764774112 ], [ -0.541309287773483, 43.380242334037263 ], [ -0.521719264773471, 43.369931795616203 ], [ -0.484601326457658, 43.356528095668828 ], [ -0.476352895720811, 43.351372826458295 ], [ -0.462949195773435, 43.342093341879341 ], [ -0.452638657352376, 43.331782803458289 ], [ -0.44645233429974, 43.328689641931966 ], [ -0.432017580510258, 43.322503318879335 ], [ -0.421707042089199, 43.316316995826696 ], [ -0.404179126773399, 43.306006457405637 ], [ -0.397992803720763, 43.302913295879321 ], [ -0.379640045331278, 43.288890963626699 ], [ -0.372422668436537, 43.292499652074071 ] ] ] } },
{ "type": "Feature", "properties": { "id": null }, "geometry": { "type": "MultiLineString", "coordinates": [ [ [ -1.625496771209235, 42.767865088749147 ], [ -1.597727054395181, 42.743463481152666 ], [ -1.589478623658334, 42.741401373468449 ], [ -1.548236469974098, 42.729028727363179 ], [ -1.517304854710921, 42.712531865889488 ], [ -1.502870100921439, 42.710469758205278 ], [ -1.496683777868803, 42.704283435152639 ], [ -1.467814270289838, 42.683662358310521 ], [ -1.451317408816144, 42.669227604521041 ], [ -1.443068978079297, 42.663041281468402 ], [ -1.414199470500332, 42.648606527678922 ], [ -1.36677099376346, 42.650668635363132 ], [ -1.35439834765819, 42.646544419994711 ], [ -1.329653055447648, 42.630047558521014 ], [ -1.300783547868683, 42.613550697047323 ], [ -1.290473009447624, 42.607364373994685 ], [ -1.257479286500236, 42.605302266310474 ], [ -1.195616055973882, 42.621799127784165 ], [ -1.191491840605458, 42.621799127784165 ], [ -1.168808656079129, 42.621799127784165 ], [ -1.123442287026469, 42.621799127784165 ], [ -1.071889594921174, 42.617674912415744 ], [ -1.067765379552751, 42.617674912415744 ], [ -1.026523225868515, 42.621799127784165 ], [ -0.995591610605338, 42.611488589363113 ], [ -0.970846318394797, 42.611488589363113 ], [ -0.935790487763196, 42.611488589363113 ], [ -0.927542057026349, 42.611488589363113 ], [ -0.900734657131596, 42.609426481678895 ], [ -0.873927257236842, 42.603240158626264 ], [ -0.838871426605242, 42.592929620205204 ], [ -0.828560888184183, 42.578494866415724 ], [ -0.754325011552559, 42.555811681889388 ], [ -0.739890257763076, 42.553749574205177 ], [ -0.713082857868323, 42.553749574205177 ], [ -0.638846981236698, 42.557873789573605 ], [ -0.624412227447216, 42.561998004942026 ], [ -0.614101689026157, 42.561998004942026 ], [ -0.549839819808581, 42.567668773816301 ], [ -0.521306843236626, 42.564060112626237 ], [ -0.506872089447144, 42.561998004942026 ], [ -0.486251012605026, 42.559935897257816 ], [ -0.473878366499755, 42.557873789573605 ], [ -0.428511997447095, 42.555811681889388 ], [ -0.407890920604978, 42.545501143468329 ], [ -0.372835089973377, 42.531066389678848 ], [ -0.366648766920742, 42.524880066626217 ], [ -0.358400336183895, 42.514569528205158 ], [ -0.358400336183895, 42.50013477441567 ], [ -0.370772982289165, 42.47332737452092 ], [ -0.393456166815495, 42.452706297678802 ], [ -0.393456166815495, 42.442395759257742 ], [ -0.391394059131283, 42.415588359362992 ], [ -0.383145628394436, 42.407339928626143 ], [ -0.374897197657589, 42.374346205678755 ], [ -0.381083520710224, 42.366097774941906 ], [ -0.391394059131283, 42.357849344205057 ], [ -0.399642489868131, 42.341352482731367 ], [ -0.407890920604978, 42.331041944310307 ], [ -0.424387782078672, 42.310420867468189 ], [ -0.42232567439446, 42.29186189831028 ], [ -0.424387782078672, 42.2774271445208 ], [ -0.457381505026061, 42.219688129362872 ], [ -0.457381505026061, 42.219688129362872 ], [ -0.449133074289213, 42.203191267889174 ], [ -0.438822535868155, 42.192880729468115 ], [ -0.432636212815519, 42.170197544941786 ], [ -0.417, 42.133 ] ] ] } },
{ "type": "Feature", "properties": { "id": null }, "geometry": { "type": "MultiLineString", "coordinates": [ [ [ -0.372835089973377, 42.531066389678848 ], [ -0.352007802362839, 42.547150829615688 ], [ -0.34169726394178, 42.555399260352537 ], [ -0.333448833204933, 42.569834014142018 ], [ -0.326231456310191, 42.589424037142031 ], [ -0.326231456310191, 42.611076167826255 ], [ -0.320045133257556, 42.634790406194689 ], [ -0.317983025573344, 42.642007783089426 ], [ -0.308703540994391, 42.670877290668393 ], [ -0.307672487152285, 42.693560475194722 ], [ -0.307672487152285, 42.711088390510525 ], [ -0.315920917889132, 42.739957898089486 ], [ -0.33654199473125, 42.762641082615822 ], [ -0.361287286941792, 42.771920567194769 ], [ -0.380877309941804, 42.779137944089513 ], [ -0.380877309941804, 42.779137944089513 ], [ -0.416345562110247, 42.80213044476848 ], [ -0.418923196715511, 42.807285713979013 ], [ -0.419696487097091, 42.814245327413225 ], [ -0.417376615952352, 42.817338488939541 ], [ -0.41170581982077, 42.820689413926388 ], [ -0.405261733307608, 42.822235994689549 ], [ -0.39340461412339, 42.821204940847437 ], [ -0.386702764149702, 42.826875736979019 ], [ -0.382836312241805, 42.832288769650077 ], [ -0.383867366083911, 42.841568254229031 ], [ -0.387372949147071, 42.853889347642195 ], [ -0.387372949147071, 42.863168832221149 ], [ -0.38891952991023, 42.866777520668521 ], [ -0.3925282183576, 42.872963843721159 ], [ -0.393559272199706, 42.87502595140537 ], [ -0.395105852962865, 42.87708805908958 ], [ -0.399230068331289, 42.883274382142218 ], [ -0.400261122173395, 42.883789909063267 ], [ -0.405416391383924, 42.887398597510639 ], [ -0.413149295199718, 42.888945178273801 ], [ -0.421397725936566, 42.889976232115906 ], [ -0.422428779778671, 42.890491759036955 ], [ -0.426913863991832, 42.88817188789222 ], [ -0.428975971676044, 42.892296103260641 ], [ -0.431553606281309, 42.897451372471167 ], [ -0.433100187044468, 42.90054453399749 ], [ -0.431811369741835, 42.904668749365911 ], [ -0.431553606281309, 42.905442039747491 ], [ -0.434646767807626, 42.909566255115912 ], [ -0.437997692794471, 42.913432707023809 ], [ -0.443152962005, 42.919361266615923 ], [ -0.446761650452371, 42.92941404157645 ], [ -0.445730596610265, 42.932507203102773 ], [ -0.443410725465527, 42.937662472313299 ], [ -0.442637435083947, 42.943591031905406 ], [ -0.442121908162894, 42.950292881879101 ], [ -0.442379671623421, 42.956994731852788 ], [ -0.440833090860262, 42.961376710681733 ], [ -0.43877098317605, 42.966016452971211 ], [ -0.4343890043471, 42.972718302944898 ], [ -0.428718208215518, 42.974522647168584 ], [ -0.424078465926041, 42.977100281773851 ], [ -0.410674765978664, 42.977358045234375 ], [ -0.397528829491814, 42.973749356787003 ], [ -0.391600269899705, 42.973233829865954 ], [ -0.386702764149702, 42.971171722181744 ], [ -0.381805258399699, 42.970140668339639 ], [ -0.374330118044431, 42.968336324115953 ], [ -0.357059966189157, 42.966274216431735 ], [ -0.354740095044419, 42.964727635668581 ], [ -0.343656266241781, 42.963181054905419 ], [ -0.337727706649672, 42.962150001063314 ], [ -0.331541383597037, 42.961118947221209 ], [ -0.330252566294404, 42.961376710681733 ], [ -0.332314673978616, 42.964727635668581 ], [ -0.338758760491778, 42.969882904879107 ], [ -0.341594158557569, 42.970398431800163 ], [ -0.342367448939148, 42.971687249102793 ], [ -0.342367448939148, 42.975811464471221 ], [ -0.333603491281248, 42.974522647168584 ], [ -0.328963748991772, 42.972202776023849 ], [ -0.323292952860189, 42.972718302944898 ], [ -0.31736439326808, 42.976069227931745 ], [ -0.307569381768074, 42.975553701010689 ], [ -0.299320951031227, 42.970398431800163 ], [ -0.297258843347015, 42.967047506813316 ], [ -0.296743316425963, 42.96524316258963 ], [ -0.294938972202277, 42.961376710681733 ], [ -0.290814756833854, 42.958541312615942 ], [ -0.285659487623324, 42.956221441471207 ], [ -0.278957637649636, 42.956221441471207 ], [ -0.271998024215421, 42.958025785694893 ], [ -0.264265120399627, 42.960087893379104 ], [ -0.256532216583833, 42.960861183760684 ], [ -0.247768258925933, 42.961634474142265 ], [ -0.235653376281188, 42.962407764523839 ], [ -0.228435999386447, 42.965500926050161 ], [ -0.223022966715391, 42.966016452971211 ], [ -0.220703095570653, 42.96524316258963 ], [ -0.216578880202229, 42.961376710681733 ], [ -0.209619266768014, 42.959572366458048 ], [ -0.205237287939064, 42.958541312615942 ], [ -0.194359669904847, 42.971532591026481 ], [ -0.186369002628526, 42.975141279473853 ], [ -0.174769646904835, 42.978234441000168 ], [ -0.169098850773253, 42.979265494842274 ], [ -0.159303839273247, 42.980296548684379 ], [ -0.148993300852188, 42.983389710210702 ], [ -0.142033687417973, 42.987513925579123 ], [ -0.135589600904811, 42.991122614026494 ], [ -0.131723148996914, 42.991895904408075 ], [ -0.126052352865331, 42.993184721710705 ], [ -0.120123793273223, 42.994731302473866 ], [ -0.113937470220587, 42.997824464000182 ], [ -0.10568903948374, 43.004526313973869 ], [ -0.100276006812684, 43.00865052934229 ], [ -0.098729426049525, 43.010454873565976 ], [ -0.094605210681102, 43.016641196618615 ], [ -0.089449941470572, 43.025147390815988 ], [ -0.080428220352146, 43.03004489656599 ], [ -0.076819531904775, 43.031333713868619 ], [ -0.07063320885214, 43.033138058092305 ], [ -0.060580433891607, 43.04319083305284 ], [ -0.052589766615286, 43.050408209947584 ], [ -0.046145680102125, 43.054532425316005 ], [ -0.044083572417913, 43.05762558684232 ], [ -0.041763701273175, 43.064842963737064 ], [ -0.041763701273175, 43.06793612526338 ], [ -0.049599710473179, 43.08866030748969 ], [ -0.047022075867915, 43.095877684384426 ], [ -0.038773645131067, 43.10515716896338 ], [ -0.032587322078432, 43.113405599700229 ], [ -0.028463106710008, 43.11752981506865 ], [ -0.027947579788955, 43.121654030437078 ], [ -0.025885472104744, 43.131964568858137 ], [ -0.023823364420532, 43.142275107279197 ], [ -0.019699149052108, 43.150523538016039 ], [ -0.014543879841579, 43.157740914910782 ], [ -0.007842029867891, 43.165989345647631 ], [ -0.004748868341573, 43.170113561016052 ], [ 0.00092192779001, 43.179393045595006 ], [ 0.006077197000539, 43.184548314805532 ], [ 0.009170358526857, 43.189188057095009 ], [ 0.010716939290016, 43.197436487831858 ], [ 0.012263520053174, 43.204653864726602 ], [ 0.017934316184757, 43.211871241621338 ], [ 0.022574058474233, 43.217542037752928 ], [ 0.029275908447922, 43.219088618516082 ], [ 0.035462231500557, 43.220635199279243 ], [ 0.045772769921616, 43.221666253121349 ], [ 0.055567781421622, 43.22321283388451 ], [ 0.070518062132158, 43.22785257617398 ], [ 0.083, 43.233 ] ] ] } },
{ "type": "Feature", "properties": { "id": null }, "geometry": { "type": "MultiLineString", "coordinates": [ [ [ -0.372422668436537, 43.292499652074071 ], [ -0.346027690078625, 43.290540649774023 ], [ -0.332623990131248, 43.291056176695072 ], [ -0.315096074815448, 43.29311828437929 ], [ -0.302723428710177, 43.295695918984549 ], [ -0.283648932631218, 43.296726972826661 ], [ -0.275916028815424, 43.293633811300339 ], [ -0.263543382710153, 43.28538538056349 ], [ -0.238798090499611, 43.281261165195069 ], [ -0.224363336710129, 43.280230111352964 ], [ -0.219208067499599, 43.279199057510858 ], [ -0.209928582920646, 43.273528261379276 ], [ -0.197555936815376, 43.266826411405589 ], [ -0.17384169844694, 43.264764303721378 ], [ -0.161984579262722, 43.261155615274006 ], [ -0.152189567762716, 43.25857798066874 ], [ -0.127444275552175, 43.250329549931891 ], [ -0.115071629446904, 43.246720861484519 ], [ -0.103730037183739, 43.24414322687926 ], [ -0.093935025683733, 43.243112173037154 ], [ -0.076922637288986, 43.242596646116098 ], [ -0.064549991183715, 43.24414322687926 ], [ -0.047537602788968, 43.247236388405575 ], [ -0.03568048360475, 43.24826744224768 ], [ -0.020214675973162, 43.245689807642414 ], [ -0.005264395262626, 43.24414322687926 ], [ 0.005046143158433, 43.242081119195049 ], [ 0.016903262342651, 43.239503484589783 ], [ 0.036493285342663, 43.237956903826621 ], [ 0.043710662237404, 43.237956903826621 ], [ 0.05350567373741, 43.237956903826621 ], [ 0.064847266000575, 43.236925849984516 ], [ 0.083, 43.233 ] ] ] } },
{ "type": "Feature", "properties": { "id": null }, "geometry": { "type": "MultiLineString", "coordinates": [ [ [ 0.083, 43.233 ], [ 0.1235142296164, 43.227852576173987 ], [ 0.140011091090095, 43.227852576173987 ], [ 0.148259521826942, 43.22579046848977 ], [ 0.191563783195389, 43.196920960910809 ], [ 0.197750106248025, 43.196920960910809 ], [ 0.220433290774354, 43.192796745542381 ], [ 0.22661961382699, 43.18867253017396 ], [ 0.269923875195437, 43.155678807226572 ], [ 0.286420736669132, 43.145368268805512 ], [ 0.304979705827038, 43.137119838068664 ], [ 0.329724998037579, 43.118560868910762 ], [ 0.34209764414285, 43.102064007437065 ], [ 0.383339797827086, 43.093815576700216 ], [ 0.416333520774474, 43.093815576700216 ], [ 0.44520302835344, 43.097939792068644 ], [ 0.453451459090287, 43.100001899752854 ], [ 0.50294204351137, 43.102064007437065 ], [ 0.507066258879793, 43.102064007437065 ], [ 0.568517067869305, 43.103095061279184 ], [ 0.618007652290388, 43.117529815068671 ], [ 0.618007652290388, 43.117529815068671 ], [ 0.667498236711471, 43.126809299647626 ], [ 0.667498236711471, 43.126809299647626 ], [ 0.696780165827278, 43.118560868910762 ], [ 0.730083204927298, 43.125778245805527 ], [ 0.762561400953634, 43.123200611200261 ], [ 0.828961268385254, 43.134232887310759 ], [ 0.839271806806313, 43.135263941152864 ], [ 0.860923937490537, 43.135263941152864 ], [ 0.878451852806337, 43.135263941152864 ], [ 0.930004544911632, 43.118767079679166 ], [ 0.961967214016914, 43.132170779626549 ], [ 0.975370913964291, 43.147636587258134 ], [ 0.98568145238535, 43.198158225521325 ], [ 1.005271475385362, 43.206406656258167 ], [ 1.024861498385374, 43.217748248521339 ], [ 1.038265198332751, 43.22187246388976 ], [ 1.057855221332763, 43.227027733100286 ], [ 1.085693675069622, 43.242493540731878 ], [ 1.110438967280163, 43.260021456047674 ], [ 1.126935828753858, 43.268269886784523 ], [ 1.14137058254334, 43.274456209837162 ], [ 1.153743228648611, 43.281673586731898 ], [ 1.170240090122305, 43.291984125152958 ], [ 1.206533185364433, 43.31528594198457 ], [ 1.220967939153915, 43.325596480405629 ], [ 1.23746480062761, 43.337969126510899 ], [ 1.243651123680245, 43.34209334187932 ], [ 1.251899554417092, 43.351372826458274 ], [ 1.256023769785516, 43.358590203353018 ], [ 1.271489577417104, 43.371993903300393 ], [ 1.279738008153952, 43.385397603247768 ], [ 1.286955385048693, 43.396739195510932 ], [ 1.29520381578554, 43.417360272353051 ], [ 1.30035908499607, 43.434888187668854 ], [ 1.306545408048705, 43.444167672247808 ], [ 1.311700677259234, 43.461695587563604 ], [ 1.319949107996081, 43.482316664405722 ], [ 1.331290700259246, 43.496751418195203 ], [ 1.343663346364517, 43.50912406430048 ], [ 1.362222315522423, 43.520465656563644 ], [ 1.371501800101376, 43.526651979616275 ], [ 1.382843392364541, 43.532838302668914 ], [ 1.394184984627706, 43.53799357187944 ], [ 1.406557630732977, 43.545210948774184 ], [ 1.4106818461014, 43.548304110300499 ], [ 1.433, 43.6 ] ] ] } },
{ "type": "Feature", "properties": { "id": null }, "geometry": { "type": "MultiLineString", "coordinates": [ [ [ -4.9, 37.3 ], [ -4.827743794021732, 37.352220414626544 ], [ -4.819495363284885, 37.354969891538822 ], [ -4.778253209600649, 37.382464660661647 ], [ -4.76725530195152, 37.38796361448621 ], [ -4.753507917390108, 37.393462568310774 ], [ -4.715015240618155, 37.409959429784472 ], [ -4.671023610021638, 37.418207860521321 ], [ -4.627031979425119, 37.418207860521321 ], [ -4.552796102793495, 37.396212045223059 ], [ -4.483, 37.4 ], [ -4.483, 37.4 ], [ -4.45, 37.467 ], [ -4.45, 37.467 ], [ -4.390576964968836, 37.53918484466174 ], [ -4.379579057319706, 37.541934321574026 ], [ -4.321840042161777, 37.555681706135438 ], [ -4.310842134512647, 37.558431183047716 ], [ -4.305343180688083, 37.561180659960002 ], [ -4.228357827144176, 37.574928044521414 ], [ -4.176117765810812, 37.572178567609129 ], [ -4.15137247360027, 37.580426998345978 ], [ -4.096382935354622, 37.610671244381081 ], [ -4.074387120056364, 37.632667059679342 ], [ -4.052391304758105, 37.660161828802167 ], [ -4.016648104898434, 37.684907121012706 ], [ -4.002900720337022, 37.695905028661834 ], [ -3.967, 37.717 ], [ -3.967, 37.717 ], [ -3.892921643845728, 37.770140905293459 ], [ -3.881923736196598, 37.770140905293459 ], [ -3.85992792089834, 37.775639859118023 ], [ -3.783, 37.767 ], [ -3.734551773698267, 37.775639859118023 ], [ -3.689460352336833, 37.811383058977697 ], [ -3.681211921599986, 37.811383058977697 ], [ -3.634470814091185, 37.814132535889982 ], [ -3.615224475705209, 37.825130443539109 ], [ -3.606976044968362, 37.836128351188236 ], [ -3.601477091143797, 37.874621027960188 ], [ -3.584980229670103, 37.89661684325845 ], [ -3.554735983634997, 37.924111612381274 ], [ -3.467, 37.983 ], [ -3.43100952258229, 38.012094873574306 ], [ -3.367, 38.017 ], [ -3.323779923003278, 38.034090688872567 ], [ -3.263291430933066, 38.050587550346265 ], [ -3.230297707985678, 38.061585457995392 ], [ -3.224798754161113, 38.064334934907677 ], [ -3.191805031213724, 38.080831796381368 ], [ -3.147813400617207, 38.091829704030495 ], [ -3.103821770020689, 38.111076042416471 ], [ -3.048832231775041, 38.144069765363859 ], [ -3.03508484721363, 38.155067673012994 ], [ -3.015838508827653, 38.166065580662121 ], [ -2.988343739704829, 38.196309826697224 ], [ -2.955350016757441, 38.265046749504286 ], [ -2.936103678371464, 38.278794134065699 ], [ -2.867916650946862, 38.326635032339418 ], [ -2.812927112701215, 38.348630847637679 ], [ -2.793680774315238, 38.356879278374528 ], [ -2.790931297402956, 38.387123524409631 ], [ -2.777183912841544, 38.431115155006147 ], [ -2.746939666806438, 38.461359401041257 ], [ -2.691950128560791, 38.508100508550058 ], [ -2.653457451788838, 38.54659318532201 ], [ -2.617714251929167, 38.593334292830811 ], [ -2.595718436630908, 38.61807958504135 ], [ -2.573722621332649, 38.637325923427326 ], [ -2.546227852209825, 38.659321738725588 ], [ -2.513234129262437, 38.675818600199278 ], [ -2.496737267788743, 38.678568077111564 ], [ -2.460994067929072, 38.733557615357206 ], [ -2.449996160279943, 38.750054476830904 ], [ -2.370261329823754, 38.79404610742742 ], [ -2.359263422174624, 38.799545061251983 ], [ -2.285027545543, 38.821540876550245 ], [ -2.246534868771048, 38.832538784199372 ], [ -2.219040099648224, 38.851785122585355 ], [ -2.166800038314859, 38.879279891708173 ], [ -2.1448042230166, 38.887528322445021 ], [ -2.100812592420082, 38.890277799357307 ], [ -2.001831423577917, 38.926020999216973 ], [ -1.971587177542811, 38.939768383778386 ], [ -1.922096593121728, 38.959014722164362 ], [ -1.875355485612932, 38.996407608171388 ] ] ] } },
{ "type": "Feature", "properties": { "id": null }, "geometry": { "type": "MultiLineString", "coordinates": [ [ [ -2.239661176490347, 39.51660863997521 ], [ -2.089264789388497, 39.469317637083961 ], [ -2.061770020265674, 39.491313452382215 ], [ -1.995782574370897, 39.51880822150504 ], [ -1.935294082300685, 39.51880822150504 ], [ -1.792321282862002, 39.507810313855913 ], [ -1.742830698440919, 39.496812406206786 ], [ -1.660346391072448, 39.513309267680476 ], [ -1.572363129879412, 39.524307175329604 ], [ -1.5118746378092, 39.546302990627865 ], [ -1.467883007212683, 39.557300898276992 ], [ -1.335908115423129, 39.551801944452428 ], [ -1.319411253949435, 39.551801944452428 ], [ -1.225929038931834, 39.535305082978738 ], [ -1.1, 39.483 ], [ -0.939983440054468, 39.4473218217857 ], [ -0.912488670931645, 39.4473218217857 ], [ -0.786012732966656, 39.4473218217857 ], [ -0.687031564124491, 39.4473218217857 ], [ -0.599048302931455, 39.4473218217857 ], [ -0.500067134089289, 39.469317637083961 ], [ -0.478071318791031, 39.469317637083961 ], [ -0.367, 39.467 ] ] ] } },
{ "type": "Feature", "properties": { "id": null }, "geometry": { "type": "MultiLineString", "coordinates": [ [ [ -8.633, 40.867 ], [ -8.613910976080163, 40.897877103783095 ], [ -8.611848868395951, 40.90921869604626 ], [ -8.611848868395951, 40.92159134215153 ], [ -8.613910976080163, 40.929839772888378 ], [ -8.615973083764375, 40.943243472835753 ], [ -8.620097299132798, 40.961802441993662 ], [ -8.624221514501222, 40.975206141941037 ], [ -8.628345729869645, 40.991703003414734 ], [ -8.629376783711752, 40.999951434151576 ], [ -8.634532052922282, 41.020572510993695 ], [ -8.636594160606492, 41.041193587835814 ], [ -8.636594160606492, 41.044286749362129 ], [ -8.636594160606492, 41.068000987730564 ], [ -8.633500999080175, 41.073156256941097 ], [ -8.629376783711752, 41.082435741520051 ], [ -8.624221514501222, 41.11749157215165 ], [ -8.620097299132798, 41.13192632594113 ], [ -8.617, 41.15 ] ] ] } },
{ "type": "Feature", "properties": { "id": null }, "geometry": { "type": "MultiLineString", "coordinates": [ [ [ -8.417, 40.2 ], [ -8.460490164374804, 40.260479618593244 ], [ -8.468738595111653, 40.272852264698514 ], [ -8.476987025848498, 40.309970203014331 ], [ -8.489359671953769, 40.338839710593291 ], [ -8.493483887322192, 40.367709218172259 ], [ -8.493483887322192, 40.388330295014377 ], [ -8.505856533427464, 40.446069310172305 ], [ -8.509980748795886, 40.462566171646003 ], [ -8.518229179532735, 40.479063033119694 ], [ -8.534726041006429, 40.512056756067082 ], [ -8.542974471743275, 40.52855361754078 ], [ -8.551222902480124, 40.561547340488168 ], [ -8.551222902480124, 40.58216841733028 ], [ -8.551222902480124, 40.590416848067129 ], [ -8.538850256374852, 40.644031647856636 ], [ -8.530601825638005, 40.656404293961906 ], [ -8.522353394901158, 40.677025370804024 ], [ -8.517816757995893, 40.716205416804051 ], [ -8.526065188732741, 40.732702278277742 ], [ -8.530189404101165, 40.746105978225117 ], [ -8.533282565627482, 40.755385462804071 ], [ -8.537406780995905, 40.76569600122513 ], [ -8.552872588627494, 40.784254970383039 ], [ -8.559058911680129, 40.787348131909354 ], [ -8.563183127048553, 40.795596562646203 ], [ -8.569369450101188, 40.806938154909368 ], [ -8.579679988522248, 40.827559231751486 ], [ -8.58380420389067, 40.83477660864623 ], [ -8.599270011522259, 40.8471492547515 ], [ -8.609580549943319, 40.853335577804131 ], [ -8.633, 40.867 ] ] ] } },
{ "type": "Feature", "properties": { "id": null }, "geometry": { "type": "MultiLineString", "coordinates": [ [ [ -8.617, 41.15 ], [ -8.594527163848568, 41.179354802678013 ], [ -8.592465056164357, 41.183479018046434 ], [ -8.578030302374874, 41.202037987204342 ], [ -8.573906087006451, 41.216472740993822 ], [ -8.567719763953814, 41.23296960246752 ], [ -8.567719763953814, 41.261839110046481 ], [ -8.55122290248012, 41.282460186888599 ], [ -8.516167071848521, 41.317516017520198 ], [ -8.512042856480097, 41.327826555941257 ], [ -8.501732318059037, 41.356696063520225 ], [ -8.497608102690615, 41.375255032678126 ], [ -8.495545995006403, 41.400000324888673 ], [ -8.495545995006403, 41.418559294046574 ], [ -8.487297564269555, 41.439180370888693 ], [ -8.476987025848498, 41.45361512467818 ], [ -8.468738595111649, 41.46804987846766 ], [ -8.466676487427439, 41.503105709099259 ], [ -8.464614379743226, 41.519602570572957 ], [ -8.433, 41.55 ], [ -8.433, 41.55 ] ] ] } },
{ "type": "Feature", "properties": { "id": null }, "geometry": { "type": "MultiLineString", "coordinates": [ [ [ 11.712131837268746, 52.151187262430156 ], [ 11.759683945542948, 52.139238045322394 ], [ 11.811881046299559, 52.090955727122527 ], [ 11.845809161791355, 52.072686741857716 ], [ 11.890176697434473, 52.070076886819884 ], [ 11.911055537737118, 52.064857176744226 ], [ 11.94889843578566, 52.059637466668562 ], [ 11.969777276088305, 52.038758626365919 ], [ 12.015449739250338, 52.006135438393038 ], [ 12.079391187677185, 51.963072830268835 ], [ 12.105489738055491, 51.948718627560766 ], [ 12.143332636104033, 51.935669352371612 ], [ 12.160296693849931, 51.912180657031136 ], [ 12.190310026784982, 51.89913138184199 ], [ 12.239636286999978, 51.889344425450126 ], [ 12.242246142037809, 51.852806454920497 ], [ 12.25, 51.833 ] ] ] } },
{ "type": "Feature", "properties": { "id": null }, "geometry": { "type": "MultiLineString", "coordinates": [ [ [ 12.239636286999978, 51.889344425450126 ], [ 12.269127648927466, 51.909048830985739 ], [ 12.283481851635534, 51.909048830985739 ], [ 12.297836054343602, 51.909048830985739 ], [ 12.333069097354313, 51.90121926587225 ], [ 12.353947937656956, 51.894694628277669 ], [ 12.3917908357055, 51.892084773239837 ], [ 12.413974603527057, 51.892084773239844 ], [ 12.462256921726922, 51.888822454442554 ], [ 12.525545906394312, 51.880992889329065 ], [ 12.547077210456415, 51.878383034291232 ], [ 12.586877499783329, 51.873163324215575 ], [ 12.607103876326516, 51.874468251734484 ], [ 12.649593438893595, 51.861053248249853 ] ] ] } },
{ "type": "Feature", "properties": { "id": null }, "geometry": { "type": "MultiLineString", "coordinates": [ [ [ 13.608635747093965, 51.853850396935641 ], [ 13.629253601892827, 51.800609354163903 ], [ 13.629253601892827, 51.797999499126071 ], [ 13.621424036779336, 51.774510803785596 ], [ 13.621424036779336, 51.774510803785596 ], [ 13.621424036779336, 51.761461528596449 ], [ 13.608374761590182, 51.743192543331631 ], [ 13.600545196476691, 51.735362978218141 ], [ 13.5927156313632, 51.722313703028988 ], [ 13.587495921287539, 51.704044717764177 ], [ 13.582276211211878, 51.683165877461533 ], [ 13.579666356174048, 51.664896892196715 ], [ 13.571836791060557, 51.646627906931904 ], [ 13.569226936022726, 51.620529356553604 ], [ 13.574446646098387, 51.560502690683499 ], [ 13.577056501136218, 51.534404140305192 ], [ 13.577056501136218, 51.503085879851227 ], [ 13.561397370909233, 51.482207039548584 ], [ 13.558787515871405, 51.482207039548584 ], [ 13.530079110455269, 51.46915776435943 ], [ 13.503980560076965, 51.450888779094619 ], [ 13.48571157481215, 51.427400083754144 ], [ 13.443953894206862, 51.403911388413668 ], [ 13.415245488790728, 51.388252258186689 ], [ 13.355105187672972, 51.336022347477304 ], [ 13.355105187672972, 51.336022347477304 ] ] ] } },
{ "type": "Feature", "properties": { "id": null }, "geometry": { "type": "MultiLineString", "coordinates": [ [ [ 14.400842906697736, 51.856236327525664 ], [ 14.383762693329622, 51.882297816848009 ], [ 14.370060954381012, 51.890127381961499 ], [ 14.336785302648673, 51.933189990085701 ], [ 14.317211389864944, 51.960593467982925 ], [ 14.305487340522735, 51.983432511088786 ] ] ] } },
{ "type": "Feature", "properties": { "id": null }, "geometry": { "type": "MultiLineString", "coordinates": [ [ [ 17.333676659546526, 50.468025531215481 ], [ 17.423787087770517, 50.468082618223555 ], [ 17.482508826121702, 50.483741748450534 ], [ 17.525571434245904, 50.515060008904506 ], [ 17.552974912143128, 50.538548704244974 ], [ 17.584293172597093, 50.550293051915212 ], [ 17.60386708538082, 50.562037399585449 ], [ 17.627355780721295, 50.577696529812435 ], [ 17.697821866742718, 50.6090147902664 ], [ 17.744799257423669, 50.624673920493386 ], [ 17.799606213218109, 50.628588703050127 ], [ 17.846583603899056, 50.632503485606875 ], [ 17.858327951569294, 50.636418268163624 ], [ 17.896301342369725, 50.669302441640312 ] ] ] } },
{ "type": "Feature", "properties": { "id": null }, "geometry": { "type": "MultiLineString", "coordinates": [ [ [ 16.595940504899115, 51.832030172409524 ], [ 16.634958402586268, 51.801849035306851 ], [ 16.666276663040232, 51.778360339966376 ], [ 16.674106228153725, 51.758786427182649 ], [ 16.701509706050945, 51.735297731842174 ], [ 16.723041010113047, 51.723553384171936 ], [ 16.75827405312376, 51.700064688831461 ], [ 16.775890574629116, 51.690277732439597 ], [ 16.799379269969588, 51.666789037099122 ], [ 16.830697530423556, 51.64525773303702 ], [ 16.850271443207284, 51.633513385366783 ], [ 16.856143617042402, 51.606109907469566 ], [ 16.883547094939622, 51.519984691221154 ], [ 16.897248833888234, 51.504325560994175 ], [ 16.905078399001724, 51.47300730054021 ], [ 16.901163616444979, 51.46322034414834 ], [ 16.89529144260986, 51.457348170313225 ], [ 16.89529144260986, 51.457348170313225 ], [ 16.916822746671961, 51.424072518580886 ], [ 16.916822746671961, 51.402541214518784 ], [ 16.948141007125926, 51.367308171508071 ], [ 16.963800137352912, 51.357521215116208 ], [ 16.993161006528503, 51.341862084889222 ], [ 17.035670644668603, 51.31926421906077 ], [ 17.049925353601317, 51.281182955259666 ], [ 17.05775491871481, 51.257694259919191 ], [ 17.047967962322943, 51.243992520970579 ], [ 17.047967962322943, 51.222461216908478 ], [ 17.049925353601317, 51.206802086681499 ], [ 17.03035144081759, 51.18135600006265 ], [ 17.026436658260842, 51.161782087278922 ], [ 17.033, 51.1 ] ] ] } },
{ "type": "Feature", "properties": { "id": null }, "geometry": { "type": "MultiLineString", "coordinates": [ [ [ 17.282296312153839, 51.519789952993634 ], [ 17.287552654795785, 51.478096517863975 ], [ 17.273850915847177, 51.460479996358622 ], [ 17.271893524568803, 51.44677825741001 ], [ 17.262106568176939, 51.436991301018146 ], [ 17.246447437949953, 51.42133217079116 ], [ 17.234703090279719, 51.413502605677671 ], [ 17.203384829825751, 51.399800866729059 ], [ 17.187725699598769, 51.395886084172311 ], [ 17.175981351928531, 51.372397388831843 ], [ 17.142705700196192, 51.362610432439972 ], [ 17.121174396134091, 51.358695649883231 ], [ 17.103557874628734, 51.344993910934619 ], [ 17.085941353123378, 51.331292171986007 ], [ 17.070282222896395, 51.323462606872518 ], [ 17.035670644668603, 51.31926421906077 ] ] ] } },
{ "type": "Feature", "properties": { "id": null }, "geometry": { "type": "MultiLineString", "coordinates": [ [ [ 17.282296312153839, 51.519789952993634 ], [ 17.293816306886587, 51.560698429811318 ], [ 17.301645872000076, 51.570485386203181 ], [ 17.317305002227059, 51.595931472822024 ], [ 17.323177176062178, 51.599846255378772 ], [ 17.323177176062178, 51.599846255378772 ], [ 17.381898914413366, 51.646823646059723 ], [ 17.401472827197093, 51.670312341400198 ], [ 17.409302392310586, 51.678141906513687 ], [ 17.41908934870245, 51.689886254183925 ], [ 17.424961522537568, 51.701630601854163 ], [ 17.428876305094313, 51.717289732081142 ], [ 17.438663261486177, 51.736863644864876 ], [ 17.444535435321296, 51.756437557648603 ], [ 17.444535435321296, 51.770139296597215 ], [ 17.452365000434789, 51.795585383216057 ], [ 17.47389630449689, 51.815159295999791 ], [ 17.475853695775264, 51.817116687278158 ], [ 17.47389630449689, 51.84843494773213 ], [ 17.471938913218516, 51.862136686680735 ], [ 17.477811087053635, 51.879753208186095 ], [ 17.485640652167127, 51.891497555856333 ], [ 17.483683260888753, 51.928687990145413 ], [ 17.489555434723872, 51.948261902929147 ], [ 17.505214564950855, 51.966661380945837 ] ] ] } },
{ "type": "Feature", "properties": { "id": null }, "geometry": { "type": "MultiLineString", "coordinates": [ [ [ 18.442739740915528, 53.350732753883293 ], [ 18.420294987590172, 53.386944492533196 ], [ 18.428124552703661, 53.40553970967774 ], [ 18.401699770445628, 53.40553970967774 ], [ 18.387019335857833, 53.403582318399366 ], [ 18.359615857960613, 53.392816666368319 ], [ 18.349828901568745, 53.38009362305889 ], [ 18.339063249537695, 53.371285362306217 ], [ 18.325361510589087, 53.361498405914347 ], [ 18.310681076001288, 53.352690145161674 ], [ 18.300894119609424, 53.347796666965742 ], [ 18.284256293743255, 53.326265362903641 ], [ 18.27153325043383, 53.314521015233403 ], [ 18.250001946371729, 53.304734058841539 ], [ 18.22749194667044, 53.295925798088859 ], [ 18.194216294938101, 53.269501015830826 ], [ 18.18149325162868, 53.259714059438963 ], [ 18.153111078092273, 53.235246668459297 ], [ 18.138430643504474, 53.226438407706624 ], [ 18.116899339442373, 53.21567275567557 ], [ 18.070900644400609, 53.186116147372147 ], [ 18.057198905452001, 53.172414408423542 ], [ 18.055241514173627, 53.115650061350728 ], [ 18.047411949060137, 53.117607452629102 ], [ 17.996519775822442, 53.107820496237231 ] ] ] } },
{ "type": "Feature", "properties": { "id": null }, "geometry": { "type": "MultiLineString", "coordinates": [ [ [ 17.996519775822442, 53.107820496237231 ], [ 17.95345716769824, 53.133658061111745 ], [ 17.906479777017289, 53.145402408781983 ], [ 17.863417168893086, 53.153231973895473 ], [ 17.812524995655391, 53.153231973895473 ], [ 17.775334561366307, 53.153231973895473 ], [ 17.740101518355594, 53.159104147730588 ], [ 17.669635432334172, 53.161061539008962 ], [ 17.624615432931595, 53.155189365173847 ], [ 17.595254563756001, 53.145402408781983 ], [ 17.558064129466917, 53.139530234946861 ], [ 17.51304413006434, 53.143445017503609 ], [ 17.468024130661764, 53.153231973895473 ], [ 17.421046739980817, 53.161061539008962 ], [ 17.385813696970104, 53.161061539008962 ], [ 17.340793697567527, 53.153231973895473 ], [ 17.3212197847838, 53.153231973895473 ], [ 17.258583263875867, 53.161061539008962 ], [ 17.199861525524682, 53.163018930287336 ], [ 17.156798917400479, 53.161061539008962 ], [ 17.09611978777092, 53.151274582617098 ], [ 17.058929353481833, 53.139530234946861 ], [ 17.013909354079257, 53.137572843668487 ], [ 16.974761528511799, 53.137572843668487 ], [ 16.91408239888224, 53.137572843668487 ], [ 16.8592754430878, 53.139530234946861 ], [ 16.818170226241971, 53.143445017503609 ], [ 16.76923544428265, 53.14735980006035 ], [ 16.737917183828682, 53.153231973895473 ] ] ] } },
{ "type": "Feature", "properties": { "id": null }, "geometry": { "type": "MultiLineString", "coordinates": [ [ [ 16.737917183828682, 53.153231973895473 ], [ 16.72734727092547, 53.19786049504237 ], [ 16.703858575584995, 53.227221364217961 ], [ 16.666668141295911, 53.23505092933145 ], [ 16.639264663398691, 53.23505092933145 ], [ 16.611861185501471, 53.23505092933145 ], [ 16.570755968655639, 53.240923103166573 ], [ 16.557054229707031, 53.242880494444947 ], [ 16.533565534366556, 53.248752668280062 ], [ 16.494417708799098, 53.262454407228674 ], [ 16.464607960637441, 53.275614975004878 ] ] ] } },
{ "type": "Feature", "properties": { "id": null }, "geometry": { "type": "MultiLineString", "coordinates": [ [ [ 19.811804447385445, 54.307309871624113 ], [ 19.806323751806001, 54.279514915471211 ], [ 19.790664621579019, 54.262877089605041 ], [ 19.785771143383087, 54.254068828852368 ], [ 19.781856360826339, 54.249175350656436 ], [ 19.776962882630407, 54.244281872460498 ], [ 19.774026795712849, 54.240367089903756 ], [ 19.769133317516918, 54.234494916068634 ], [ 19.766197230599357, 54.228622742233519 ], [ 19.746623317815629, 54.190453612305248 ], [ 19.724113318114341, 54.18751752538769 ], [ 19.70473514445845, 54.163441612663711 ], [ 19.703756448819263, 54.159526830106962 ], [ 19.698373622803739, 54.156590743189405 ], [ 19.694948188066586, 54.151207917173878 ], [ 19.692990796788212, 54.147782482436725 ], [ 19.692990796788212, 54.142889004240793 ], [ 19.687118622953093, 54.134080743488113 ], [ 19.691033405509842, 54.127719221833402 ], [ 19.691522753329433, 54.123804439276661 ], [ 19.689076014231468, 54.120379004539508 ], [ 19.675570014410695, 54.107264482974394 ], [ 19.669697840575576, 54.099434917860904 ], [ 19.667740449297202, 54.087690570190667 ], [ 19.664804362379645, 54.07986100507717 ], [ 19.654038710348594, 54.064201874850191 ], [ 19.654038710348594, 54.063223179211001 ] ] ] } },
{ "type": "Feature", "properties": { "id": null }, "geometry": { "type": "MultiLineString", "coordinates": [ [ [ 21.64392268394246, 54.87651925537493 ], [ 21.665258248876722, 54.884544559616259 ], [ 21.66917303143347, 54.888459342173007 ], [ 21.677981292186146, 54.899224994204054 ], [ 21.690704335495571, 54.910969341874292 ], [ 21.694619118052316, 54.917820211348598 ], [ 21.701469987526622, 54.930543254658026 ], [ 21.705384770083366, 54.934458037214768 ], [ 21.71517172647523, 54.943266297967448 ], [ 21.730830856702212, 54.955010645637685 ], [ 21.738660421815705, 54.958925428194433 ], [ 21.746489986929198, 54.963818906390365 ], [ 21.758234334599432, 54.973605862782229 ], [ 21.767042595352112, 54.981435427895718 ], [ 21.779765638661537, 54.992201079926772 ], [ 21.792488681970958, 55.001009340679445 ], [ 21.805211725280383, 55.007860210153751 ], [ 21.82478563806411, 55.017647166545615 ], [ 21.834572594455977, 55.024498036019921 ], [ 21.858061289796449, 55.044071948803648 ], [ 21.863933463631568, 55.047986731360396 ], [ 21.872803925161904, 55.062991707020373 ] ] ] } },
{ "type": "Feature", "properties": { "id": null }, "geometry": { "type": "MultiLineString", "coordinates": [ [ [ 21.776102283233229, 54.61256503324811 ], [ 21.77682955174398, 54.596220824311921 ], [ 21.771936073548048, 54.589369954837615 ], [ 21.757255638960252, 54.577625607167377 ], [ 21.755298247681878, 54.576646911528186 ], [ 21.753340856403508, 54.568817346414697 ], [ 21.751383465125134, 54.562945172579582 ], [ 21.750404769485947, 54.560987781301208 ], [ 21.74942607384676, 54.559030390022834 ], [ 21.744532595650828, 54.552179520548528 ], [ 21.733766943619777, 54.545328651074222 ], [ 21.717129117753608, 54.529669520847243 ], [ 21.712235639557676, 54.520861260094563 ], [ 21.704406074444186, 54.512052999341883 ], [ 21.685810857299643, 54.502266042950019 ], [ 21.679938683464524, 54.496393869114904 ], [ 21.676023900907779, 54.492479086558156 ], [ 21.668194335794286, 54.481713434527109 ], [ 21.658407379402423, 54.463118217382565 ], [ 21.652535205567304, 54.454309956629885 ], [ 21.640790857897066, 54.447459087155579 ], [ 21.62317433639171, 54.432778652567784 ], [ 21.614366075639033, 54.418098217979988 ], [ 21.609472597443101, 54.406353870309751 ], [ 21.601643032329608, 54.395588218278697 ], [ 21.588919989020184, 54.381886479330092 ], [ 21.585983902102626, 54.377971696773344 ], [ 21.57913303262832, 54.370142131659854 ], [ 21.566409989318895, 54.353504305793685 ], [ 21.556623032927032, 54.337845175566699 ], [ 21.554665641648661, 54.33393039300995 ], [ 21.554665641648661, 54.325122132257277 ] ] ] } },
{ "type": "Feature", "properties": { "id": null }, "geometry": { "type": "MultiLineString", "coordinates": [ [ [ 21.736213682717747, 54.21100622072813 ], [ 21.730830856702223, 54.221771872759184 ], [ 21.729852161063036, 54.223729264037559 ], [ 21.727894769784662, 54.22862274223349 ], [ 21.723979987227917, 54.233516220429422 ], [ 21.722022595949543, 54.241345785542912 ], [ 21.718107813392798, 54.24526056809966 ], [ 21.709299552640122, 54.251132741934775 ], [ 21.704406074444186, 54.254558176671928 ], [ 21.702448683165816, 54.264345133063792 ], [ 21.700980639707037, 54.267281219981356 ], [ 21.696576509330697, 54.276089480734029 ], [ 21.692661726773952, 54.278536219831999 ], [ 21.686789552938833, 54.28245100238874 ], [ 21.675534553088188, 54.288323176223862 ], [ 21.671130422711848, 54.29125926314142 ], [ 21.661832814139579, 54.297131436976542 ], [ 21.658896727222018, 54.300556871713688 ], [ 21.656449988124052, 54.304961002090032 ], [ 21.652535205567307, 54.311811871564338 ], [ 21.647641727371376, 54.316705349760269 ], [ 21.640301510077474, 54.324045567054164 ], [ 21.635897379701138, 54.326002958332538 ], [ 21.61338737999985, 54.327471001791316 ], [ 21.604089771427578, 54.327471001791316 ], [ 21.59674955413368, 54.328449697430507 ], [ 21.583537163004664, 54.329917740889286 ], [ 21.56934607623646, 54.329428393069691 ], [ 21.554665641648661, 54.325122132257277 ] ] ] } },
{ "type": "Feature", "properties": { "id": null }, "geometry": { "type": "MultiLineString", "coordinates": [ [ [ 21.736213682717747, 54.21100622072813 ], [ 21.757059899832424, 54.204546829509503 ], [ 21.764889464945917, 54.204546829509503 ], [ 21.778591203894525, 54.204546829509503 ], [ 21.793271638482324, 54.204546829509503 ], [ 21.794250334121511, 54.20356813387032 ], [ 21.795229029760694, 54.20356813387032 ], [ 21.803058594874187, 54.19573856875683 ], [ 21.805994681791745, 54.191823786200082 ], [ 21.808930768709306, 54.182036829808219 ], [ 21.815781638183612, 54.177143351612287 ], [ 21.819696420740357, 54.173228569055539 ], [ 21.825568594575476, 54.166377699581233 ], [ 21.831440768410594, 54.163441612663675 ], [ 21.843185116080832, 54.158548134467743 ], [ 21.852972072472696, 54.1399529173232 ], [ 21.852972072472696, 54.137016830405642 ], [ 21.851014681194322, 54.125272482735404 ], [ 21.847099898637577, 54.115485526343541 ], [ 21.840249029163271, 54.107655961230051 ], [ 21.82948337713222, 54.091996831003065 ], [ 21.825568594575476, 54.087103352807134 ], [ 21.81871772510117, 54.080252483332828 ], [ 21.804037290513374, 54.071444222580148 ], [ 21.796207725399881, 54.063614657466658 ], [ 21.778591203894525, 54.046976831600489 ], [ 21.768804247502661, 54.041104657765374 ], [ 21.766846856224287, 54.040125962126183 ] ] ] } },
{ "type": "Feature", "properties": { "id": null }, "geometry": { "type": "MultiLineString", "coordinates": [ [ [ 18.428124552703661, 53.40553970967774 ], [ 18.48116985634757, 53.432747448447046 ], [ 18.506615942966416, 53.440577013560542 ], [ 18.524232464471773, 53.442534404838909 ], [ 18.56338029003923, 53.456236143787521 ], [ 18.582954202822958, 53.458193535065895 ], [ 18.610357680720178, 53.466023100179385 ], [ 18.62601681094716, 53.471895274014507 ], [ 18.641675941174146, 53.475810056571248 ], [ 18.649505506287635, 53.479724839127996 ], [ 18.657335071401128, 53.479724839127996 ], [ 18.702355070803705, 53.503213534468472 ], [ 18.684151331914837, 53.529246838470826 ], [ 18.678279158079718, 53.533161621027574 ], [ 18.669470897327038, 53.54001249050188 ], [ 18.665556114770293, 53.543927273058628 ], [ 18.657726549656804, 53.549799446893743 ], [ 18.654790462739243, 53.552735533811301 ], [ 18.650875680182498, 53.561543794563981 ], [ 18.649896984543311, 53.565458577120729 ], [ 18.649896984543311, 53.571330750955845 ], [ 18.645982201986566, 53.582096402986899 ], [ 18.643046115069005, 53.591883359378762 ], [ 18.665556114770293, 53.62026553291517 ], [ 18.680236549358089, 53.624180315471911 ], [ 18.684151331914837, 53.627116402389476 ], [ 18.691002201389139, 53.630052489307033 ], [ 18.728192635678226, 53.643754228255645 ], [ 18.724277853121478, 53.694646401493337 ], [ 18.723299157482295, 53.706390749163575 ], [ 18.730150026956597, 53.724007270668928 ], [ 18.739936983348464, 53.736730313978356 ], [ 18.757553504853817, 53.754346835483709 ], [ 18.766361765606497, 53.76706987879313 ], [ 18.767340461245684, 53.76706987879313 ], [ 18.781042200194292, 53.769027270071504 ], [ 18.805509591173955, 53.761197704958015 ], [ 18.813339156287444, 53.758261618040457 ], [ 18.821168721400937, 53.757282922401266 ], [ 18.870103503360259, 53.760219009318831 ], [ 18.882826546669683, 53.758261618040457 ], [ 18.91903828531958, 53.753368139844525 ], [ 18.941763159674732, 53.739879438147511 ], [ 18.941763159674732, 53.739879438147511 ], [ 18.951335241412735, 53.77705257431284 ], [ 18.959164806526225, 53.791733008900643 ], [ 18.969930458557275, 53.81130692168437 ], [ 18.977760023670768, 53.821093878076233 ], [ 18.986568284423445, 53.834795617024845 ], [ 18.994397849536938, 53.845561269055892 ], [ 18.998312632093683, 53.856326921086946 ], [ 19.005163501567989, 53.873943442592299 ], [ 19.012014371042294, 53.886666485901721 ], [ 19.039417848939514, 53.913091268159761 ], [ 19.041375240217885, 53.913091268159761 ], [ 19.03746045766114, 53.924835615829998 ], [ 19.031588283826022, 53.935601267861045 ], [ 19.02669480563009, 53.945388224252909 ], [ 19.021801327434158, 53.953217789366398 ], [ 19.017886544877413, 53.969855615232568 ], [ 19.013971762320665, 53.978663875985248 ], [ 19.006142197207176, 53.995301701851417 ], [ 19.006142197207176, 54.006067353882472 ], [ 19.017886544877413, 54.020747788470267 ], [ 19.027673501269277, 54.028577353583756 ], [ 19.041375240217885, 54.03053474486213 ], [ 19.060949153001616, 54.035428223058062 ], [ 19.072693500671853, 54.036406918697246 ], [ 19.096182196012329, 54.03836430997562 ], [ 19.12104106524766, 54.036602657825071 ], [ 19.128870630361153, 54.039538744742636 ], [ 19.151380630062441, 54.044432222938568 ], [ 19.177805412320474, 54.050304396773683 ], [ 19.18465628179478, 54.052261788052057 ], [ 19.197379325104201, 54.053240483691241 ], [ 19.208144977135252, 54.057155266247989 ], [ 19.216953237887932, 54.063027440083104 ], [ 19.224782803001421, 54.068899613918227 ], [ 19.232612368114914, 54.074771787753342 ], [ 19.243378020145965, 54.079665265949274 ], [ 19.249250193981084, 54.084558744145212 ], [ 19.261973237290508, 54.100217874372191 ], [ 19.26686671548644, 54.103153961289749 ], [ 19.272738889321559, 54.108047439485681 ], [ 19.280568454435048, 54.114898308959987 ], [ 19.290355410826916, 54.119791787155918 ], [ 19.314822801806574, 54.12468526535185 ], [ 19.337332801507863, 54.127621352269415 ], [ 19.350055844817287, 54.131536134826156 ], [ 19.359842801209151, 54.132514830465347 ], [ 19.372565844518576, 54.132514830465347 ], [ 19.387246279106371, 54.13349352610453 ], [ 19.403884104972541, 54.13349352610453 ], [ 19.430113148102734, 54.138974221684045 ] ] ] } },
{ "type": "Feature", "properties": { "id": null }, "geometry": { "type": "MultiLineString", "coordinates": [ [ [ 18.941763159674732, 53.739879438147511 ], [ 18.973453762858348, 53.736143096594844 ], [ 19.0057507189515, 53.735164400955661 ], [ 19.018473762260925, 53.735164400955661 ], [ 19.023367240456857, 53.735164400955661 ], [ 19.043919848879771, 53.737121792234035 ], [ 19.072302022416178, 53.746908748625899 ], [ 19.088939848282347, 53.749844835543456 ], [ 19.105577674148517, 53.755717009378579 ], [ 19.130045065128176, 53.762567878852877 ], [ 19.154512456107838, 53.767461357048816 ], [ 19.173107673252382, 53.771376139605557 ], [ 19.187788107840177, 53.773333530883932 ], [ 19.192681586036109, 53.772354835244748 ], [ 19.200511151149602, 53.763546574492068 ], [ 19.22302115085089, 53.743972661708341 ], [ 19.238680281077873, 53.737121792234035 ], [ 19.256296802583229, 53.735164400955661 ], [ 19.275870715366956, 53.728313531481355 ], [ 19.282721584841262, 53.727334835842171 ], [ 19.289572454315568, 53.724398748924607 ], [ 19.30523158454255, 53.718526575089491 ], [ 19.31306114965604, 53.716569183811117 ], [ 19.32382680168709, 53.714611792532743 ], [ 19.334592453718145, 53.712654401254369 ], [ 19.353187670862685, 53.728313531481355 ], [ 19.356123757780246, 53.740057879151593 ], [ 19.358081149058616, 53.746908748625899 ], [ 19.367868105450484, 53.76061048757451 ], [ 19.373740279285599, 53.766482661409626 ], [ 19.384505931316653, 53.779205704719047 ], [ 19.392335496430142, 53.798779617502781 ], [ 19.399186365904448, 53.818353530286508 ], [ 19.403101148461193, 53.830097877956746 ], [ 19.409952017935499, 53.841842225626984 ], [ 19.418760278688175, 53.849671790740473 ], [ 19.4314833219976, 53.853586573297221 ], [ 19.443227669667838, 53.855543964575595 ], [ 19.459865495534007, 53.856522660214779 ], [ 19.494119842905533, 53.858480051493153 ], [ 19.545012016143225, 53.851629182018847 ], [ 19.559692450731024, 53.851629182018847 ], [ 19.579266363514751, 53.849671790740473 ], [ 19.625265058556515, 53.854565268936405 ], [ 19.63798810186594, 53.858480051493153 ], [ 19.657562014649667, 53.866309616606642 ], [ 19.69279505766038, 53.879032659916064 ], [ 19.702582014052243, 53.88686222502956 ], [ 19.709432883526549, 53.892734398864675 ], [ 19.715305057361668, 53.896649181421424 ], [ 19.719219839918413, 53.90350005089573 ], [ 19.712368970444107, 53.919159181122708 ], [ 19.704539405330618, 53.929924833153763 ], [ 19.697688535856312, 53.951456137215864 ], [ 19.696709840217125, 53.972987441277965 ], [ 19.69279505766038, 53.98766787586576 ], [ 19.688880275103632, 54.005284397371121 ], [ 19.678114623072581, 54.018007440680542 ], [ 19.673221144876649, 54.024858310154848 ], [ 19.666370275402347, 54.029751788350779 ], [ 19.660498101567228, 54.037581353464269 ], [ 19.657562014649667, 54.045410918577758 ], [ 19.654038710348594, 54.063223179211001 ] ] ] } },
{ "type": "Feature", "properties": { "id": null }, "geometry": { "type": "MultiLineString", "coordinates": [ [ [ 19.719219839918413, 53.90350005089573 ], [ 19.742512796131052, 53.881773007705803 ], [ 19.752299752522916, 53.871986051313939 ], [ 19.75425714380129, 53.866113877478824 ], [ 19.764044100193153, 53.821093878076248 ], [ 19.773831056585017, 53.805434747849262 ], [ 19.777745839141762, 53.797605182735772 ], [ 19.793404969368748, 53.781946052508786 ], [ 19.828638012379457, 53.762372139725059 ], [ 19.867785837946915, 53.750627792054821 ], [ 19.897146707122509, 53.742798226941332 ], [ 19.928464967576474, 53.733011270549468 ], [ 19.965412922220974, 53.712148692302534 ], [ 20.016547575103253, 53.676246923476654 ], [ 20.018504966381627, 53.672332140919906 ], [ 20.02633453149512, 53.658630401971301 ], [ 20.041993661722103, 53.644928663022689 ], [ 20.051780618113966, 53.627312141517329 ], [ 20.063524965784204, 53.609695620011976 ], [ 20.075269313454442, 53.601866054898487 ], [ 20.079184096011186, 53.595993881063364 ], [ 20.092885834959795, 53.578377359558012 ], [ 20.096800617516543, 53.560760838052651 ], [ 20.094843226238169, 53.535314751433809 ], [ 20.092885834959795, 53.523570403763571 ], [ 20.075269313454442, 53.507911273536585 ], [ 20.045908444278847, 53.476593013082621 ], [ 20.038078879165354, 53.464848665412383 ], [ 20.032206705330236, 53.460933882855635 ], [ 20.049823226835592, 53.42961562240167 ], [ 20.059610183227459, 53.419828666009806 ], [ 20.063524965784204, 53.411999100896317 ], [ 20.085056269846305, 53.390467796834216 ], [ 20.090928443681424, 53.380680840442352 ], [ 20.104630182630032, 53.365021710215366 ], [ 20.106587573908406, 53.347405188710013 ], [ 20.112459747743525, 53.331746058483027 ], [ 20.14377800819749, 53.284768667802076 ], [ 20.149650182032609, 53.274981711410213 ], [ 20.18357326159742, 53.256978270959003 ], [ 20.212286702940542, 53.263237363739975 ], [ 20.255349311064744, 53.274981711410213 ], [ 20.259264093621489, 53.274981711410213 ], [ 20.292539745353828, 53.280853885245335 ], [ 20.339517136034779, 53.316086928256048 ], [ 20.345389309869898, 53.325873884647912 ], [ 20.359091048818506, 53.335660841039775 ], [ 20.382579744158981, 53.343490406153265 ], [ 20.423348216096898, 53.36135683033713 ], [ 20.423348216096898, 53.36135683033713 ] ] ] } },
{ "type": "Feature", "properties": { "id": null }, "geometry": { "type": "MultiLineString", "coordinates": [ [ [ 20.079184096011186, 53.595993881063364 ], [ 20.104630182630036, 53.594036489784983 ], [ 20.10854496518678, 53.593057794145793 ], [ 20.109523660825968, 53.593057794145793 ], [ 20.123225399774576, 53.592079098506609 ], [ 20.126161486692137, 53.592079098506609 ], [ 20.133991051805626, 53.588164315949861 ], [ 20.151607573310983, 53.58424953339312 ], [ 20.158458442785289, 53.58424953339312 ], [ 20.177053659929829, 53.58424953339312 ], [ 20.214244094218916, 53.582292142114746 ], [ 20.226967137528337, 53.582292142114746 ], [ 20.235775398281017, 53.583270837753929 ], [ 20.248498441590442, 53.582292142114746 ], [ 20.260242789260676, 53.579356055197188 ], [ 20.264157571817424, 53.580334750836371 ], [ 20.274923223848475, 53.580334750836371 ], [ 20.286667571518713, 53.57641996827963 ], [ 20.293518440993015, 53.569569098805324 ], [ 20.293518440993015, 53.563696924970202 ], [ 20.309177571220001, 53.551952577299964 ], [ 20.30624148430244, 53.540208229629727 ], [ 20.304284093024066, 53.538250838351352 ], [ 20.304284093024066, 53.538250838351352 ], [ 20.300369310467321, 53.533357360155421 ], [ 20.301348006106508, 53.525527795041931 ], [ 20.30624148430244, 53.514762143010884 ], [ 20.310156266859185, 53.506932577897388 ], [ 20.316028440694303, 53.498124317144715 ], [ 20.322879310168609, 53.483443882556912 ], [ 20.322879310168609, 53.473656926165049 ], [ 20.330708875282102, 53.458976491577253 ], [ 20.327772788364541, 53.453104317742138 ], [ 20.332666266560473, 53.445274752628642 ], [ 20.338538440395592, 53.433530404958404 ], [ 20.338538440395592, 53.430594318040846 ], [ 20.341474527313153, 53.413956492174677 ], [ 20.349304092426642, 53.405148231421997 ], [ 20.355176266261761, 53.397318666308507 ], [ 20.363984527014441, 53.384595622999086 ], [ 20.374750179045492, 53.380680840442338 ], [ 20.384537135437355, 53.369915188411291 ], [ 20.402153656942712, 53.362085623297794 ], [ 20.423348216096898, 53.36135683033713 ] ] ] } },
{ "type": "Feature", "properties": { "id": null }, "geometry": { "type": "MultiLineString", "coordinates": [ [ [ 20.286667571518713, 53.57641996827963 ], [ 20.300760788723, 53.588751533333387 ], [ 20.304675571279745, 53.595602402807692 ], [ 20.307611658197303, 53.599517185364434 ], [ 20.313483832032421, 53.603431967921182 ], [ 20.324249484063472, 53.609304141756297 ], [ 20.33599383173371, 53.616155011230603 ], [ 20.351652961960692, 53.624963271983283 ], [ 20.357525135795811, 53.628878054540031 ], [ 20.361439918352559, 53.632792837096773 ], [ 20.387864700610592, 53.6523667498805 ], [ 20.389822091888966, 53.65334544551969 ], [ 20.39080078752815, 53.654324141158874 ], [ 20.400587743920017, 53.664111097550737 ], [ 20.404502526476762, 53.669004575746669 ], [ 20.408417309033506, 53.679770227777723 ], [ 20.413310787229438, 53.688578488530403 ], [ 20.422119047982118, 53.69934414056145 ], [ 20.432884700013169, 53.711088488231688 ], [ 20.434842091291539, 53.712067183870879 ], [ 20.439735569487475, 53.715003270788436 ], [ 20.439539830359635, 53.725964661947316 ], [ 20.447369395473125, 53.731836835782438 ], [ 20.451479917157709, 53.737170727015993 ], [ 20.455027688849761, 53.740106813933558 ], [ 20.458086112722217, 53.742675889986415 ], [ 20.460777525729981, 53.747936379047047 ], [ 20.477862742299092, 53.775126524834953 ] ] ] } },
{ "type": "Feature", "properties": { "id": null }, "geometry": { "type": "MultiLineString", "coordinates": [ [ [ 20.477862742299092, 53.775126524834953 ], [ 20.499436003477843, 53.779009965591236 ], [ 20.518031220622383, 53.77215909611693 ], [ 20.531732959570995, 53.767265617920998 ], [ 20.552285567993909, 53.751606487694012 ], [ 20.560115133107402, 53.743776922580523 ], [ 20.569902089499266, 53.735947357467033 ], [ 20.588497306643809, 53.729096487992727 ], [ 20.604156436870792, 53.724203009796796 ], [ 20.625687740932893, 53.712458662126558 ], [ 20.631559914768012, 53.70854387956981 ], [ 20.641346871159875, 53.69190605370364 ], [ 20.653091218830113, 53.684076488590151 ], [ 20.67070774033547, 53.672332140919913 ], [ 20.687345566201639, 53.669396054002355 ], [ 20.709855565902927, 53.666459967084791 ], [ 20.720621217933978, 53.658630401971301 ], [ 20.748024695831198, 53.632205619713268 ], [ 20.760747739140623, 53.630248228434894 ], [ 20.781300347563537, 53.633184315352452 ], [ 20.789129912677026, 53.642971271744315 ], [ 20.797938173429706, 53.643949967383506 ], [ 20.814575999295876, 53.62829083715652 ], [ 20.823384260048552, 53.626333445878146 ], [ 20.84393686847147, 53.618503880764656 ], [ 20.855681216141704, 53.618503880764656 ], [ 20.874276433286248, 53.612631706929541 ], [ 20.881127302760554, 53.608716924372793 ], [ 20.88993556351323, 53.606759533094419 ], [ 20.903637302461842, 53.593057794145814 ], [ 20.91538165013208, 53.58229214211476 ], [ 20.940827736750926, 53.575441272640454 ], [ 20.95355078006035, 53.57348388136208 ], [ 20.969209910287333, 53.561739533691842 ], [ 20.979975562318383, 53.559782142413475 ], [ 21.007229424368973, 53.548679386673214 ] ] ] } },
{ "type": "Feature", "properties": { "id": null }, "geometry": { "type": "MultiLineString", "coordinates": [ [ [ 20.809682521099948, 54.249762568039927 ], [ 20.811639912378315, 54.232929003045896 ], [ 20.812618608017502, 54.225099437932407 ], [ 20.810661216739128, 54.219227264097285 ], [ 20.797938173429706, 54.207482916427047 ], [ 20.793044695233775, 54.206504220787863 ], [ 20.772492086810857, 54.199653351313557 ], [ 20.765641217336551, 54.196717264396 ], [ 20.760747739140619, 54.196717264396 ], [ 20.739216435078518, 54.192802481839252 ], [ 20.72747208740828, 54.188887699282503 ], [ 20.717685131016417, 54.183994221086571 ], [ 20.709855565902927, 54.17910074289064 ], [ 20.663856870861164, 54.163441612663661 ], [ 20.647219044994994, 54.158548134467729 ], [ 20.646240349355807, 54.157569438828538 ], [ 20.630581219128825, 54.150718569354233 ], [ 20.623730349654519, 54.146803786797491 ], [ 20.619815567097774, 54.139952917323185 ], [ 20.615900784541029, 54.132123352209696 ], [ 20.608071219427536, 54.113528135065152 ], [ 20.605350258513642, 54.089481401169692 ], [ 20.57381687205601, 54.088082048446303 ], [ 20.538583829045301, 54.091018135363861 ], [ 20.532711655210182, 54.085145961528745 ], [ 20.525860785735876, 54.080252483332814 ], [ 20.50824426423052, 54.075359005136882 ], [ 20.495521220921095, 54.073401613858508 ], [ 20.483776873250857, 54.069486831301759 ], [ 20.474968612498181, 54.066550744384202 ], [ 20.451479917157705, 54.053827701074781 ], [ 20.443650352044216, 54.047955527239658 ], [ 20.429948613095604, 54.041104657765352 ], [ 20.413310787229435, 54.024466831899183 ], [ 20.404502526476758, 54.00685031039383 ], [ 20.395694265724078, 53.994127267084409 ], [ 20.387864700610589, 53.987276397610103 ], [ 20.3653547009093, 53.98923378888847 ], [ 20.34578078812557, 53.99021248452766 ], [ 20.333057744816148, 53.993148571445218 ], [ 20.309569049475673, 54.01565857114651 ], [ 20.295867310527061, 54.027402918816748 ], [ 20.277272093382521, 54.044040744682917 ], [ 20.247911224206927, 54.053827701074781 ], [ 20.23029470270157, 54.064593353105828 ], [ 20.215614268113775, 54.079273787693623 ], [ 20.195061659690861, 54.090039439724677 ], [ 20.178423833824692, 54.098847700477357 ], [ 20.153956442845029, 54.111570743786778 ], [ 20.146126877731536, 54.137995526044811 ], [ 20.141233399535604, 54.154633351910981 ], [ 20.141233399535604, 54.173228569055524 ], [ 20.139276008257234, 54.17910074289064 ], [ 20.117744704195132, 54.194759873117626 ], [ 20.113829921638384, 54.207482916427047 ], [ 20.116766008555945, 54.218248568458101 ], [ 20.124595573669435, 54.23488639432427 ], [ 20.123616878030248, 54.25152422019044 ], [ 20.089362530658725, 54.258766567920425 ], [ 20.080554269906045, 54.259745263559608 ], [ 20.052172096369638, 54.27344700250822 ], [ 20.039449053060217, 54.27344700250822 ], [ 20.02183253155486, 54.276383089425778 ], [ 20.00225861877113, 54.291063524013573 ], [ 19.99442905365764, 54.304765262962185 ], [ 19.990514271100896, 54.311616132436491 ], [ 19.973876445234726, 54.341955697251272 ], [ 19.962132097564488, 54.346849175447204 ], [ 19.942558184780758, 54.356636131839068 ], [ 19.934728619667268, 54.356636131839068 ], [ 19.922984271997031, 54.358593523117442 ], [ 19.91221861996598, 54.361529610034999 ], [ 19.87600688131608, 54.368380479509305 ], [ 19.85741166417154, 54.372295262066054 ], [ 19.841556794816714, 54.371120827299066 ] ] ] } },
{ "type": "Feature", "properties": { "id": null }, "geometry": { "type": "MultiLineString", "coordinates": [ [ [ 21.786530891676538, 53.643204196393981 ], [ 21.811866855626857, 53.675659706093171 ], [ 21.82165381201872, 53.69131883632015 ], [ 21.827525985853839, 53.701105792712013 ], [ 21.843185116080821, 53.720679705495748 ], [ 21.84905728991594, 53.728509270609237 ], [ 21.858844246307807, 53.740253618279475 ], [ 21.868631202699671, 53.751997965949712 ], [ 21.884290332926653, 53.76374231361995 ], [ 21.905821636988755, 53.775486661290188 ], [ 21.921480767215737, 53.791145791517167 ], [ 21.933225114885975, 53.798975356630663 ], [ 21.933225114885975, 53.830293617084628 ], [ 21.935182506164349, 53.838123182198117 ], [ 21.92931033232923, 53.851824921146729 ], [ 21.923438158494111, 53.865526660095341 ], [ 21.917565984658992, 53.885100572879068 ], [ 21.907779028267129, 53.904674485662795 ], [ 21.892119898040146, 53.924248398446522 ], [ 21.87646076781316, 53.94382231123025 ], [ 21.858844246307807, 53.959481441457235 ], [ 21.84709989863757, 53.982970136797711 ], [ 21.835355550967332, 54.002544049581438 ], [ 21.82165381201872, 54.018203179808424 ], [ 21.778591203894525, 54.046976831600489 ], [ 21.778591203894525, 54.046976831600489 ] ] ] } },
{ "type": "Feature", "properties": { "id": null }, "geometry": { "type": "MultiLineString", "coordinates": [ [ [ 21.766846856224287, 54.040125962126183 ], [ 21.747272943440553, 54.026032744921913 ], [ 21.731613813213571, 54.018203179808424 ], [ 21.731613813213571, 54.018203179808424 ], [ 21.713997291708214, 54.014288397251676 ], [ 21.678764248697501, 54.012331005973302 ], [ 21.6572329446354, 54.012331005973302 ], [ 21.623957292903061, 54.014288397251676 ], [ 21.600468597562585, 54.014288397251676 ], [ 21.569150337108621, 54.014288397251676 ], [ 21.541746859211401, 54.018203179808424 ], [ 21.506513816200687, 54.026032744921913 ], [ 21.479110338303467, 54.035819701313777 ], [ 21.45953642551974, 54.04560665770564 ], [ 21.43996251273601, 54.057351005375878 ], [ 21.414516426117164, 54.069095353046116 ], [ 21.378274572504655, 54.078043784280666 ] ] ] } },
{ "type": "Feature", "properties": { "id": null }, "geometry": { "type": "MultiLineString", "coordinates": [ [ [ 19.035222497369578, 49.833723680767605 ], [ 19.033252066412658, 49.845289648227208 ], [ 19.03472010987144, 49.848225735144766 ], [ 19.028847936036321, 49.854831930709274 ], [ 19.027379892577539, 49.857033995897446 ], [ 19.022241740471813, 49.862906169732561 ], [ 19.008295327613403, 49.870246387026462 ], [ 19.002423153778285, 49.875384539132192 ], [ 18.996550979943166, 49.890064973719987 ], [ 18.995082936484387, 49.894469104096324 ], [ 18.993614893025608, 49.902543343119618 ], [ 18.993614893025608, 49.90768149522534 ], [ 18.993614893025608, 49.919425842895578 ], [ 18.978200436708423, 49.943648559965446 ], [ 18.967190110767575, 49.953924864176905 ], [ 18.964254023850014, 49.959063016282634 ], [ 18.958381850014892, 49.978734798630292 ] ] ] } },
{ "type": "Feature", "properties": { "id": null }, "geometry": { "type": "MultiLineString", "coordinates": [ [ [ 18.540283072954445, 49.854538322017532 ], [ 18.555991137963392, 49.84000469177559 ], [ 18.555991137963392, 49.837802626587418 ], [ 18.556725159692782, 49.830462409293517 ], [ 18.562597333527901, 49.826792300646574 ], [ 18.569937550821798, 49.820920126811451 ], [ 18.578011789845085, 49.809909800870606 ], [ 18.584617985409597, 49.804771648764877 ], [ 18.590490159244712, 49.799633496659148 ], [ 18.597096354809224, 49.786421105530131 ], [ 18.603702550373733, 49.776144801318672 ], [ 18.609574724208851, 49.766602518836606 ], [ 18.64473185718472, 49.748587639862038 ] ] ] } },
{ "type": "Feature", "properties": { "id": null }, "geometry": { "type": "MultiLineString", "coordinates": [ [ [ 16.0, 45.8 ], [ 16.049013323405354, 45.808170136583087 ], [ 16.05928962761681, 45.809638180041865 ], [ 16.079842236039728, 45.811106223500644 ], [ 16.107735061756539, 45.815510353876988 ], [ 16.116543322509219, 45.815510353876988 ], [ 16.131223757097015, 45.828722745006004 ], [ 16.141500061308474, 45.836062962299899 ], [ 16.153244408978711, 45.846339266511357 ], [ 16.167924843566507, 45.856615570722816 ], [ 16.185541365071863, 45.866891874934275 ], [ 16.200221799659662, 45.877168179145734 ], [ 16.216370277706236, 45.884508396439628 ], [ 16.228114625376474, 45.888912526815972 ], [ 16.238390929587933, 45.89038057027475 ], [ 16.278028102974982, 45.907997091780103 ], [ 16.280964189892543, 45.910933178697668 ], [ 16.279496146433765, 45.932953830579358 ], [ 16.278028102974982, 45.940294047873259 ], [ 16.278028102974982, 45.950570352084718 ], [ 16.283900276810101, 45.959378612837398 ], [ 16.28977245064522, 45.975527090883972 ], [ 16.291240494104002, 45.991675568930546 ], [ 16.291240494104002, 46.001951873142005 ], [ 16.297112667939118, 46.018100351188579 ], [ 16.2985807113979, 46.029844698858817 ], [ 16.297112667939118, 46.048929263822956 ], [ 16.29417658102156, 46.06507774186953 ], [ 16.28977245064522, 46.084162306833669 ], [ 16.282432233351322, 46.095906654503906 ], [ 16.286836363727662, 46.112055132550481 ], [ 16.301516798315458, 46.119395349844382 ], [ 16.313261145985695, 46.123799480220718 ], [ 16.344090058620068, 46.1399479582673 ], [ 16.348494188996408, 46.144352088643636 ], [ 16.352898319372748, 46.153160349396316 ], [ 16.34262201516129, 46.164904697066554 ], [ 16.339685928243728, 46.167840783984111 ], [ 16.33821788478495, 46.17811708819557 ], [ 16.34262201516129, 46.191329479324587 ], [ 16.34262201516129, 46.195733609700923 ], [ 16.34262201516129, 46.214818174665062 ], [ 16.354366362831527, 46.230966652711636 ], [ 16.360238536666646, 46.24711513075821 ], [ 16.360238536666646, 46.272071869557465 ], [ 16.354366362831527, 46.283816217227702 ], [ 16.350843058530462, 46.305910271282322 ] ] ] } },
{ "type": "Feature", "properties": { "id": null }, "geometry": { "type": "MultiLineString", "coordinates": [ [ [ 16.0, 45.8 ], [ 15.987649106828368, 45.80215115840209 ], [ 15.984713019910808, 45.802885180131483 ], [ 15.963426389758503, 45.806555288778434 ], [ 15.956820194193995, 45.807289310507819 ], [ 15.936267585771079, 45.810225397425384 ], [ 15.912044868701214, 45.812427462613549 ], [ 15.893694325466468, 45.814629527801721 ], [ 15.877545847419892, 45.816097571260499 ], [ 15.868737586667214, 45.818299636448671 ], [ 15.854791173808806, 45.824905832013179 ], [ 15.845248891326738, 45.830778005848295 ], [ 15.821026174256874, 45.849862570812434 ], [ 15.820292152527484, 45.849862570812434 ] ] ] } },
{ "type": "Feature", "properties": { "id": null }, "geometry": { "type": "MultiLineString", "coordinates": [ [ [ 15.547205548110144, 45.486264897374724 ], [ 15.556044329947134, 45.511625357909587 ], [ 15.557512373405915, 45.517497531744709 ], [ 15.558980416864694, 45.520433618662267 ], [ 15.57512889491127, 45.539518183626406 ], [ 15.581001068746389, 45.548326444379079 ], [ 15.586873242581508, 45.565942965884439 ], [ 15.591277372957848, 45.582091443931013 ], [ 15.603021720628085, 45.607048182730267 ], [ 15.613298024839542, 45.620260573859284 ], [ 15.623574329050999, 45.6334729649883 ], [ 15.627978459427339, 45.64228122574098 ], [ 15.636786720180018, 45.649621443034881 ], [ 15.660275415520491, 45.662833834163898 ], [ 15.672019763190729, 45.670174051457799 ], [ 15.692572371613645, 45.680450355669251 ], [ 15.726337371165577, 45.69072665988071 ], [ 15.739549762294596, 45.696598833715832 ], [ 15.755698240341172, 45.702471007550947 ], [ 15.768910631470188, 45.70834318138607 ], [ 15.785059109516766, 45.718619485597529 ], [ 15.799739544104561, 45.731831876726545 ], [ 15.812951935233579, 45.746512311314341 ], [ 15.827632369821377, 45.762660789360915 ], [ 15.832036500197715, 45.774405137031152 ], [ 15.829100413280155, 45.790553615077727 ], [ 15.823228239445037, 45.809638180041865 ], [ 15.821026174256874, 45.849862570812434 ] ] ] } },
{ "type": "Feature", "properties": { "id": null }, "geometry": { "type": "MultiLineString", "coordinates": [ [ [ 8.56, 40.727 ], [ 8.639504378252544, 40.674128552538811 ], [ 8.680609595098376, 40.656512031033458 ], [ 8.698226116603733, 40.64476768336322 ], [ 8.721714811944207, 40.615406814187622 ], [ 8.727586985779325, 40.568429423506679 ], [ 8.727586985779325, 40.556685075836441 ], [ 8.751075681119801, 40.533196380495966 ], [ 8.762820028790038, 40.521452032825728 ], [ 8.768692202625157, 40.497963337485253 ], [ 8.745203507284682, 40.46273029447454 ], [ 8.745203507284682, 40.421625077628704 ], [ 8.774564376460276, 40.3570311654424 ], [ 8.792180897965633, 40.31005377476145 ], [ 8.798053071800751, 40.263076384080499 ], [ 8.786308724130514, 40.227843341069793 ], [ 8.80392524563587, 40.169121602718604 ], [ 8.809797419470989, 40.151505081213244 ], [ 8.715842638109088, 40.004700735335277 ], [ 8.692353942768614, 39.987084213829924 ], [ 8.657120899757901, 39.963595518489448 ], [ 8.657120899757901, 39.963595518489448 ], [ 8.639504378252544, 39.90487378013826 ], [ 8.657120899757901, 39.822663346446596 ], [ 8.66299307359302, 39.76981378193053 ], [ 8.668865247428139, 39.734580738919817 ], [ 8.733459159614444, 39.664114652898391 ], [ 8.774564376460276, 39.628881609887678 ], [ 8.798053071800751, 39.605392914547203 ], [ 8.933113070008481, 39.505565959350186 ], [ 8.980090460689432, 39.440972047163882 ], [ 9.003579156029906, 39.411611177988284 ], [ 9.027067851370381, 39.399866830318047 ], [ 9.062300894381092, 39.329400744296628 ], [ 9.117887107107023, 39.2166331852045 ] ] ] } },
{ "type": "Feature", "properties": { "id": null }, "geometry": { "type": "MultiLineString", "coordinates": [ [ [ 8.311306285713751, 40.590933681636137 ], [ 8.357640034166847, 40.607185770818461 ], [ 8.369384381837083, 40.621866205406256 ], [ 8.389936990259999, 40.654163161499412 ], [ 8.395809164095118, 40.668843596087207 ], [ 8.398745251012677, 40.70407663909792 ], [ 8.43397829402339, 40.733437508273511 ], [ 8.463339163198983, 40.739309682108633 ], [ 8.522060901550171, 40.739309682108633 ], [ 8.56, 40.727 ] ] ] } },
{ "type": "Feature", "properties": { "id": null }, "geometry": { "type": "MultiLineString", "coordinates": [ [ [ 8.698226116603733, 40.64476768336322 ], [ 8.80392524563587, 40.627738379241379 ], [ 8.839158288646582, 40.630674466158936 ], [ 8.865583070904616, 40.630674466158936 ], [ 8.915496548503125, 40.621866205406256 ], [ 8.915496548503125, 40.618930118488699 ], [ 8.933113070008481, 40.610121857736019 ], [ 8.9389852438436, 40.610121857736019 ], [ 8.968346113019194, 40.610121857736019 ], [ 9.003579156029906, 40.615994031571141 ], [ 9.009451329865025, 40.618930118488699 ], [ 9.006515242947465, 40.651227074581854 ], [ 9.009451329865025, 40.665907509169649 ], [ 9.021195677535262, 40.689396204510125 ], [ 9.044684372875738, 40.70407663909792 ], [ 9.07404524205133, 40.724629247520838 ], [ 9.097533937391805, 40.748117942861313 ], [ 9.12395871964984, 40.762798377449109 ], [ 9.179744371083467, 40.783350985872019 ], [ 9.203233066423943, 40.786287072789584 ], [ 9.238466109434656, 40.795095333542257 ], [ 9.267826978610248, 40.798031420459822 ], [ 9.297187847785843, 40.818584028882732 ], [ 9.320676543126318, 40.83032837655297 ], [ 9.376462194559945, 40.842072724223208 ], [ 9.432247845993572, 40.842072724223208 ], [ 9.485097410509642, 40.868497506481241 ], [ 9.49684175817988, 40.894922288739281 ], [ 9.543819148860829, 40.862625332646125 ], [ 9.552627409613507, 40.853817071893445 ], [ 9.579052191871542, 40.818584028882732 ], [ 9.593732626459339, 40.803903594294937 ], [ 9.626029582552491, 40.780414898954461 ], [ 9.646582190975407, 40.748117942861313 ], [ 9.667134799398323, 40.724629247520838 ], [ 9.696495668573917, 40.692332291427682 ], [ 9.708240016244153, 40.674715769922322 ], [ 9.708240016244153, 40.624802292323814 ], [ 9.687687407821237, 40.592505336230666 ], [ 9.681815233986118, 40.571952727807748 ], [ 9.67887914706856, 40.56020838013751 ], [ 9.649518277892966, 40.536719684797035 ], [ 9.614285234882253, 40.510294902539002 ], [ 9.599604800294458, 40.483870120280969 ], [ 9.579052191871542, 40.463317511858051 ], [ 9.53794697502571, 40.431020555764896 ], [ 9.526202627355472, 40.419276208094658 ], [ 9.508586105850117, 40.404595773506863 ], [ 9.49684175817988, 40.398723599671747 ], [ 9.49684175817988, 40.384043165083952 ], [ 9.485097410509642, 40.381107078166387 ], [ 9.420503498323336, 40.375234904331272 ], [ 9.420503498323336, 40.375234904331272 ], [ 9.391142629147742, 40.375234904331272 ], [ 9.335356977714113, 40.357618382825912 ], [ 9.305996108538521, 40.340001861320559 ], [ 9.276635239362927, 40.310640992144968 ], [ 9.25901871785757, 40.275407949134255 ], [ 9.261954804775129, 40.210814036947944 ], [ 9.264890891692689, 40.204941863112829 ], [ 9.297187847785843, 40.160900559349436 ], [ 9.317740456208758, 40.137411864008961 ], [ 9.332420890796556, 40.113923168668485 ], [ 9.344165238466793, 40.09043447332801 ], [ 9.373526107642386, 40.049329256482181 ], [ 9.385270455312623, 40.031712734976828 ], [ 9.411695237570658, 39.996479691966115 ], [ 9.429311759076015, 39.97299099662564 ], [ 9.435183932911132, 39.970054909708075 ], [ 9.458672628251607, 39.937757953614927 ], [ 9.476289149756964, 39.917205345192009 ], [ 9.499777845097439, 39.890780562933976 ], [ 9.532074801190591, 39.870227954511058 ], [ 9.555563496531066, 39.858483606840821 ], [ 9.593732626459339, 39.843803172253025 ], [ 9.623093495634931, 39.83793099841791 ], [ 9.626029582552491, 39.834994911500345 ], [ 9.61076193058118, 39.788017520819402 ], [ 9.616634104416299, 39.758656651643811 ], [ 9.593145409075824, 39.749848390891131 ], [ 9.587273235240707, 39.729295782468213 ], [ 9.596081495993385, 39.699934913292623 ], [ 9.601953669828504, 39.661765783364352 ], [ 9.593145409075824, 39.638277088023877 ], [ 9.590209322158266, 39.588363610425368 ], [ 9.599017582910943, 39.553130567414655 ], [ 9.593145409075824, 39.532577958991737 ], [ 9.599017582910943, 39.506153176733704 ], [ 9.604889756746061, 39.491472742145909 ], [ 9.604889756746061, 39.485600568310787 ], [ 9.599017582910943, 39.465047959887876 ], [ 9.56965671373535, 39.423942743042041 ], [ 9.56965671373535, 39.412198395371803 ], [ 9.560848452982672, 39.391645786948892 ], [ 9.554976279147553, 39.379901439278655 ], [ 9.549104105312434, 39.338796222432819 ], [ 9.554976279147553, 39.315307527092344 ], [ 9.534423670724637, 39.280074484081631 ], [ 9.531487583807078, 39.268330136411393 ], [ 9.516807149219281, 39.233097093400687 ], [ 9.496254540796366, 39.212544484977769 ], [ 9.47570193237345, 39.200800137307532 ], [ 9.455149323950534, 39.186119702719736 ], [ 9.410520802803632, 39.171439268131948 ], [ 9.393491498681788, 39.203736224225089 ], [ 9.381747151011551, 39.221352745730449 ], [ 9.331686869067163, 39.244254223687406 ], [ 9.331686869067163, 39.244254223687406 ], [ 9.296600630402329, 39.25952187565872 ], [ 9.217326283628227, 39.268330136411393 ], [ 9.173284979864835, 39.271266223328958 ], [ 9.117887107107023, 39.2166331852045 ] ] ] } },
{ "type": "Feature", "properties": { "id": null }, "geometry": { "type": "MultiLineString", "coordinates": [ [ [ 12.90681310423332, 37.961184240713969 ], [ 12.867, 37.917 ], [ 12.838695887745951, 37.90099445890398 ], [ 12.822547409699375, 37.88044185048107 ], [ 12.812271105487916, 37.856953155140594 ], [ 12.804930888194018, 37.839336633635234 ], [ 12.8, 37.817 ], [ 12.826951540075713, 37.8055716340833 ], [ 12.846036105039849, 37.802635547165742 ], [ 12.851908278874967, 37.795295329871848 ], [ 12.848972191957408, 37.782082938742825 ], [ 12.84016393120473, 37.767402504155029 ], [ 12.83722784428717, 37.749785982649676 ], [ 12.835759800828392, 37.742445765355775 ], [ 12.831355670452051, 37.721893156932865 ], [ 12.821079366240594, 37.708680765803841 ], [ 12.810803062029137, 37.699872505051168 ], [ 12.783, 37.683 ] ] ] } },
{ "type": "Feature", "properties": { "id": null }, "geometry": { "type": "MultiLineString", "coordinates": [ [ [ 13.567, 37.317 ], [ 13.601197660236116, 37.323172553528302 ], [ 13.618814181741472, 37.333448857739761 ], [ 13.646707007458286, 37.348129292327556 ], [ 13.658451355128523, 37.354001466162678 ], [ 13.687812224304116, 37.359873639997794 ], [ 13.703960702350692, 37.365745813832916 ], [ 13.727449397691167, 37.378958204961933 ], [ 13.742129832278964, 37.386298422255827 ], [ 13.752406136490421, 37.387766465714613 ], [ 13.770022657995778, 37.386298422255827 ], [ 13.794979396795032, 37.377490161503154 ], [ 13.799383527171372, 37.37308603112681 ], [ 13.828744396346965, 37.356937553080236 ], [ 13.85, 37.35 ], [ 13.85, 37.35 ], [ 13.85, 37.35 ], [ 13.862509395898897, 37.374554074585596 ], [ 13.866913526275237, 37.384830378797048 ], [ 13.884530047780594, 37.402446900302408 ], [ 13.891870265074491, 37.405382987219966 ], [ 13.906550699662288, 37.417127334890203 ], [ 13.947655916508118, 37.433275812936778 ], [ 13.966740481472256, 37.443552117148236 ], [ 13.993165263730289, 37.464104725571154 ], [ 14.010781785235645, 37.471444942865048 ], [ 14.067, 37.483 ], [ 14.067, 37.483 ], [ 14.084183958174629, 37.514018203169663 ], [ 14.094460262386088, 37.524294507381121 ], [ 14.103268523138764, 37.528698637757458 ], [ 14.137033522690697, 37.543379072345253 ], [ 14.142905696525816, 37.544847115804032 ], [ 14.200159391418223, 37.547783202721597 ], [ 14.203095478335783, 37.550719289639154 ], [ 14.235392434428936, 37.566867767685729 ], [ 14.267, 37.567 ], [ 14.267, 37.567 ], [ 14.332870520091904, 37.571859115445577 ], [ 14.372507693478955, 37.573327158904355 ], [ 14.391592258443092, 37.568923028528019 ], [ 14.410676823407227, 37.568923028528019 ], [ 14.432697475288922, 37.574795202363141 ], [ 14.44003769258282, 37.57626324582192 ], [ 14.484078996346211, 37.564518898151682 ], [ 14.503163561310346, 37.557178680857781 ], [ 14.526652256650822, 37.549838463563887 ], [ 14.550140951991297, 37.545434333187544 ], [ 14.582437908084449, 37.549838463563887 ], [ 14.604458559966144, 37.557178680857781 ], [ 14.645563776811976, 37.568923028528019 ], [ 14.677860732905128, 37.564518898151682 ], [ 14.708689645539502, 37.545434333187544 ], [ 14.742454645091435, 37.530753898599748 ], [ 14.76153921005557, 37.514605420553174 ], [ 14.785027905396046, 37.504329116341715 ], [ 14.808516600736519, 37.491116725212699 ], [ 14.839345513370892, 37.474968247166117 ], [ 14.867238339087708, 37.47203216024856 ], [ 14.912747686309878, 37.466159986413444 ], [ 14.937704425109132, 37.466159986413444 ], [ 14.964129207367165, 37.46322389949588 ], [ 14.999362250377878, 37.46322389949588 ], [ 15.033127249929811, 37.469096073331002 ], [ 15.050743771435167, 37.476436290624903 ], [ 15.1, 37.5 ] ] ] } },
{ "type": "Feature", "properties": { "id": null }, "geometry": { "type": "MultiLineString", "coordinates": [ [ [ 14.533, 36.95 ], [ 14.6, 36.933 ], [ 14.641746863819151, 36.938838776019779 ], [ 14.660831428783286, 36.941774862937336 ], [ 14.694596428335219, 36.935902689102214 ], [ 14.712212949840575, 36.92856247180832 ], [ 14.733, 36.917 ], [ 14.733, 36.917 ], [ 14.751850123227626, 36.884521168044927 ], [ 14.767, 36.867 ], [ 14.767, 36.867 ], [ 14.765062514356643, 36.83313964698764 ], [ 14.7753388185681, 36.812587038564722 ], [ 14.778274905485659, 36.800842690894484 ], [ 14.785615122779559, 36.794970517059369 ], [ 14.835528600378067, 36.780290082471573 ], [ 14.847272948048305, 36.771481821718893 ], [ 14.86635751301244, 36.768545734801336 ], [ 14.897186425646813, 36.764141604424992 ], [ 14.91186686023461, 36.768545734801336 ], [ 14.923611207904848, 36.783226169389131 ], [ 14.929483381739967, 36.79350247360059 ], [ 14.941227729410205, 36.808182908188385 ], [ 14.954440120539221, 36.819927255858623 ], [ 14.970588598585797, 36.830203560070082 ], [ 14.985269033173594, 36.839011820822755 ], [ 15.002885554678951, 36.849288125034214 ], [ 15.017565989266748, 36.855160298869336 ], [ 15.042522728066002, 36.878648994209811 ], [ 15.067, 36.883 ], [ 15.067, 36.883 ], [ 15.093904249123291, 36.894797472256386 ], [ 15.111520770628648, 36.900669646091501 ], [ 15.124733161757664, 36.903605733009066 ], [ 15.151157944015699, 36.91975421105564 ], [ 15.165838378603496, 36.930030515267099 ], [ 15.181986856650072, 36.947647036772452 ], [ 15.199603378155427, 36.962327471360254 ], [ 15.224560116954683, 36.978475949406828 ], [ 15.23630446462492, 36.991688340535845 ], [ 15.242176638460037, 36.99756051437096 ], [ 15.259793159965394, 37.016645079335099 ], [ 15.270069464176853, 37.023985296629 ], [ 15.28034576838831, 37.032793557381673 ], [ 15.284749898764648, 37.040133774675574 ], [ 15.3, 37.067 ] ] ] } },
{ "type": "Feature", "properties": { "id": null }, "geometry": { "type": "MultiLineString", "coordinates": [ [ [ 14.267, 37.567 ], [ 14.272093520898428, 37.539562159352428 ], [ 14.289710042403785, 37.529285855140969 ], [ 14.291178085862564, 37.523413681305847 ], [ 14.305858520450361, 37.513137377094395 ], [ 14.320538955038158, 37.488180638295141 ], [ 14.333751346167174, 37.477904334083682 ], [ 14.342559606919853, 37.473500203707339 ], [ 14.363112215342769, 37.454415638743207 ], [ 14.368984389177887, 37.438267160696626 ], [ 14.371920476095447, 37.422118682650051 ], [ 14.366048302260328, 37.410374334979814 ], [ 14.367, 37.383 ], [ 14.367, 37.383 ], [ 14.35724004150765, 37.363396944298863 ], [ 14.358708084966429, 37.351652596628625 ], [ 14.361644171883988, 37.33697216204083 ], [ 14.371920476095447, 37.304675205947674 ], [ 14.374856563013006, 37.301739119030117 ], [ 14.382196780306904, 37.281186510607206 ], [ 14.383664823765685, 37.269442162936969 ], [ 14.383664823765685, 37.257697815266731 ], [ 14.380728736848125, 37.245953467596493 ], [ 14.380728736848125, 37.232741076467477 ], [ 14.380728736848125, 37.222464772256018 ], [ 14.371920476095447, 37.21072042458578 ], [ 14.361644171883988, 37.197508033456764 ], [ 14.349899824213752, 37.182827598868961 ], [ 14.342559606919853, 37.171083251198731 ], [ 14.320538955038158, 37.15346672969337 ], [ 14.305858520450361, 37.135850208188018 ], [ 14.298518303156463, 37.125573903976559 ], [ 14.288241998945004, 37.110893469388763 ], [ 14.275029607815988, 37.093276947883403 ], [ 14.273561564357209, 37.081532600213166 ], [ 14.289710042403785, 37.065384122166591 ], [ 14.310262650826701, 37.05804390487269 ], [ 14.317602868120598, 37.052171731037575 ], [ 14.355771998048869, 37.063916078707813 ], [ 14.379260693389345, 37.050703687578796 ], [ 14.407153519106158, 37.027214992238321 ], [ 14.411557649482498, 37.016938688026862 ], [ 14.440918518658091, 36.994918036145165 ], [ 14.457066996704668, 36.983173688474928 ], [ 14.473215474751244, 36.968493253887132 ], [ 14.487895909339041, 36.958216949675673 ], [ 14.514320691597074, 36.952344775840558 ] ] ] } },
{ "type": "Feature", "properties": { "id": null }, "geometry": { "type": "MultiLineString", "coordinates": [ [ [ 14.372507693478955, 37.573327158904355 ], [ 14.383, 37.633 ], [ 14.400694127887531, 37.671392461950859 ], [ 14.394821954052412, 37.686072896538654 ], [ 14.384545649840955, 37.716901809173024 ], [ 14.396289997511193, 37.731582243760826 ], [ 14.4, 37.75 ], [ 14.408034345181429, 37.766815286771532 ], [ 14.413906519016548, 37.774155504065433 ], [ 14.415374562475328, 37.806452460158589 ], [ 14.415374562475328, 37.822600938205163 ], [ 14.40656630172265, 37.846089633545638 ], [ 14.391885867134853, 37.868110285427335 ], [ 14.381609562923396, 37.888662893850245 ], [ 14.371333258711937, 37.897471154602925 ], [ 14.365461084876818, 37.903343328438048 ], [ 14.37, 37.93 ], [ 14.37, 37.93 ], [ 14.346376519912683, 37.944448545283876 ], [ 14.340504346077564, 37.951788762577777 ], [ 14.341972389536345, 37.96940528408313 ], [ 14.343440432995124, 37.972341371000688 ], [ 14.34197238953633, 37.997885327183475 ] ] ] } },
{ "type": "Feature", "properties": { "id": null }, "geometry": { "type": "MultiLineString", "coordinates": [ [ [ 10.96715749952776, 59.200035664857268 ], [ 11.003347955579642, 59.214343002159147 ], [ 11.018762411896828, 59.220949197723655 ], [ 11.020597466220302, 59.222784252047134 ], [ 11.040783063778523, 59.223885284641213 ], [ 11.049591324531201, 59.224619306370606 ], [ 11.054362465772236, 59.223151262911827 ], [ 11.062803715660218, 59.218747132535491 ], [ 11.072713009006982, 59.21507702388854 ], [ 11.083356324083134, 59.213975991294454 ], [ 11.095467682618066, 59.210672893512196 ], [ 11.09950480212971, 59.209571860918118 ], [ 11.110515128070558, 59.207736806594639 ], [ 11.125929584387745, 59.206635774000553 ], [ 11.139875997246152, 59.20626876313586 ], [ 11.150886323186999, 59.205901752271167 ], [ 11.158226540480898, 59.208103817459332 ], [ 11.168135833827661, 59.210672893512196 ], [ 11.179513170633204, 59.212507947835675 ], [ 11.193826594356306, 59.205901752271167 ], [ 11.200432789920814, 59.201497621894823 ], [ 11.201166811650204, 59.19782751324788 ], [ 11.202267844244288, 59.195992458924401 ], [ 11.206671974620628, 59.183514089524778 ], [ 11.208874039808796, 59.181312024336606 ], [ 11.21731528969678, 59.176540883095569 ], [ 11.223187463531898, 59.173971807042705 ], [ 11.225756539584763, 59.173237785313319 ], [ 11.233096756878661, 59.16663158974881 ], [ 11.235298822066831, 59.16296148110186 ], [ 11.250933484902836, 59.150776720393971 ], [ 11.258273702196735, 59.144904546558848 ], [ 11.260108756520209, 59.14343650310007 ], [ 11.261943810843684, 59.141968459641291 ], [ 11.268182995543498, 59.137564329264954 ], [ 11.27589022370209, 59.134628242347389 ], [ 11.276991256296176, 59.134628242347389 ], [ 11.283597451860684, 59.130958133700446 ], [ 11.288001582237023, 59.129123079376967 ], [ 11.296809842989701, 59.126186992459409 ], [ 11.305251092877684, 59.125819981594717 ], [ 11.314426364495057, 59.125085959865324 ], [ 11.323234625247736, 59.123617916406545 ], [ 11.329840820812244, 59.123984927271238 ], [ 11.340117125023701, 59.124718949000631 ], [ 11.341952179347176, 59.125452970730016 ], [ 11.355898592205584, 59.128022046782881 ], [ 11.361403755176006, 59.128756068512274 ], [ 11.365807885552346, 59.129490090241667 ], [ 11.381222341869533, 59.132793188023918 ], [ 11.392232667810381, 59.131692155429832 ], [ 11.39370071126916, 59.131692155429832 ], [ 11.408748156721652, 59.133894220618004 ], [ 11.420957198394962, 59.117866234589201 ] ] ] } },
{ "type": "Feature", "properties": { "id": null }, "geometry": { "type": "MultiLineString", "coordinates": [ [ [ 11.27589022370209, 59.134628242347389 ], [ 11.27111908246107, 59.123764720752419 ], [ 11.263044843437781, 59.11862656864669 ], [ 11.253502560955713, 59.102478090600115 ], [ 11.250566474038154, 59.081191460447812 ], [ 11.249098430579375, 59.073851243153911 ], [ 11.247630387120594, 59.066511025860009 ], [ 11.247630387120594, 59.063574938942452 ], [ 11.248364408849985, 59.059170808566115 ], [ 11.250566474038154, 59.054766678189772 ], [ 11.252768539226324, 59.051830591272214 ], [ 11.254970604414494, 59.046692439166485 ], [ 11.250566474038154, 59.040820265331369 ], [ 11.244694300203035, 59.034948091496247 ], [ 11.242492235014867, 59.032012004578689 ], [ 11.240290169826697, 59.018799613449673 ], [ 11.238822126367916, 59.01292743961455 ], [ 11.235886039450357, 59.007055265779435 ], [ 11.235886039450357, 59.004853200591263 ], [ 11.232949952532797, 58.993842874650419 ], [ 11.232949952532797, 58.987970700815296 ], [ 11.233683974262188, 58.979896461792009 ], [ 11.233683974262188, 58.975492331415673 ], [ 11.232949952532797, 58.967418092392386 ], [ 11.234417995991578, 58.965216027204214 ], [ 11.237354082909137, 58.957875809910313 ], [ 11.241758213285475, 58.953471679533976 ], [ 11.249832452308764, 58.947599505698861 ], [ 11.251300495767545, 58.94392939705191 ], [ 11.252034517496934, 58.938057223216788 ], [ 11.253502560955713, 58.93512113629923 ], [ 11.256438647873273, 58.92631287554655 ], [ 11.260842778249613, 58.923376788628993 ], [ 11.266714952084731, 58.911632440958755 ], [ 11.2689170172729, 58.901356136747296 ], [ 11.27038506073168, 58.89181385426523 ], [ 11.27111908246107, 58.888143745618279 ], [ 11.274789191108018, 58.879335484865599 ], [ 11.274789191108018, 58.872729289301091 ], [ 11.274789191108018, 58.872729289301091 ], [ 11.278459299754967, 58.855259572141627 ], [ 11.282129408401916, 58.846451311388954 ], [ 11.284331473590086, 58.840579137553831 ], [ 11.284331473590086, 58.836175007177495 ], [ 11.282863430131307, 58.828834789883594 ], [ 11.282863430131307, 58.8214945725897 ], [ 11.282863430131307, 58.815622398754577 ], [ 11.282863430131307, 58.80754815973129 ], [ 11.282863430131307, 58.796537833790438 ], [ 11.283597451860697, 58.794335768602274 ], [ 11.285065495319476, 58.787729573037765 ], [ 11.283597451860697, 58.775251203638135 ], [ 11.283597451860697, 58.770113051532405 ], [ 11.283597451860697, 58.759836747320946 ], [ 11.287267560507646, 58.751762508297659 ], [ 11.293139734342764, 58.745156312733151 ], [ 11.299011908177883, 58.7414862040862 ], [ 11.324702668706529, 58.734145986792306 ], [ 11.336447016376765, 58.729007834686577 ], [ 11.341585168482494, 58.723135660851455 ], [ 11.341585168482494, 58.720199573933897 ], [ 11.348925385776392, 58.714327400098782 ], [ 11.360669733446629, 58.707721204534273 ], [ 11.372414081116867, 58.702583052428544 ], [ 11.379020276681375, 58.701115008969765 ], [ 11.391498646081004, 58.695976856864036 ], [ 11.399572885104291, 58.687168596111356 ], [ 11.408381145856969, 58.67762631362929 ], [ 11.411317232774529, 58.673222183252946 ], [ 11.420125493527207, 58.662211857312101 ], [ 11.430401797738664, 58.646797400994913 ], [ 11.434071906385615, 58.643861314077355 ], [ 11.442880167138291, 58.638723161971626 ], [ 11.447284297514631, 58.632850988136511 ], [ 11.459762666914258, 58.626244792571995 ], [ 11.470772992855107, 58.615234466631151 ], [ 11.478847231878394, 58.607160227607864 ], [ 11.486187449172293, 58.601288053772741 ], [ 11.504537992407039, 58.595415879937626 ], [ 11.512612231430326, 58.591011749561289 ], [ 11.526558644288734, 58.582203488808609 ], [ 11.538302991958972, 58.576331314973487 ], [ 11.546377230982259, 58.571193162867758 ], [ 11.548138883132797, 58.572808010672418 ], [ 11.555479100426695, 58.567669858566688 ], [ 11.557681165614865, 58.560329641272787 ], [ 11.577499752308389, 58.546383228414378 ], [ 11.578233774037781, 58.544181163226213 ], [ 11.578233774037781, 58.536840945932312 ], [ 11.594382252084356, 58.519958446156345 ], [ 11.611998773589713, 58.511884207133058 ], [ 11.623009099530559, 58.508214098486107 ], [ 11.635487468930187, 58.500873881192213 ], [ 11.661178229458832, 58.489129533521975 ], [ 11.681730837881748, 58.489129533521975 ], [ 11.681730837881748, 58.489129533521975 ], [ 11.687603011716867, 58.470778990287229 ], [ 11.688337033446256, 58.461236707805156 ], [ 11.689805076905035, 58.455364533970041 ], [ 11.695677250740154, 58.446556273217361 ], [ 11.703751489763443, 58.440684099382246 ], [ 11.712559750516121, 58.431875838629566 ], [ 11.721368011268799, 58.425269643065057 ], [ 11.730910293750867, 58.41719540404177 ], [ 11.736782467585986, 58.41352529539482 ], [ 11.738250511044765, 58.41352529539482 ], [ 11.739718554503545, 58.412057251936041 ] ] ] } },
{ "type": "Feature", "properties": { "id": null }, "geometry": { "type": "MultiLineString", "coordinates": [ [ [ 11.738250511044765, 58.41352529539482 ], [ 11.755720228204243, 58.404863838988035 ], [ 11.763794467227532, 58.403395795529256 ], [ 11.790219249485565, 58.398257643423527 ], [ 11.802697618885194, 58.395321556505969 ], [ 11.808569792720311, 58.395321556505969 ], [ 11.829856422872616, 58.396055578235355 ], [ 11.834260553248956, 58.397523621694141 ], [ 11.850409031295532, 58.401927752070478 ], [ 11.860685335506991, 58.404129817258649 ], [ 11.878301857012346, 58.404863838988035 ], [ 11.897386421976483, 58.404863838988035 ], [ 11.9105988131055, 58.396055578235355 ], [ 11.916470986940618, 58.390917426129633 ], [ 11.925279247693297, 58.384311230565118 ], [ 11.937023595363534, 58.360088513495256 ], [ 11.956842182057059, 58.353482317930748 ], [ 11.971522616644856, 58.35054623101319 ], [ 11.978862833938756, 58.347610144095626 ], [ 11.985469029503264, 58.34173797026051 ], [ 11.99868142063228, 58.33806786161356 ], [ 12.012627833490688, 58.337333839884174 ], [ 12.054467072065908, 58.331461666049051 ], [ 12.066211419736145, 58.331461666049051 ], [ 12.088966093347231, 58.331461666049051 ], [ 12.09777435409991, 58.334397752966609 ], [ 12.110252723499537, 58.335131774696002 ], [ 12.130805331922453, 58.333663731237223 ], [ 12.151357940345367, 58.331461666049051 ], [ 12.164570331474385, 58.328525579131494 ], [ 12.179984787791572, 58.332195687778444 ], [ 12.195399244108758, 58.33292970950783 ], [ 12.208611635237775, 58.336599818154781 ], [ 12.217419895990453, 58.337333839884174 ], [ 12.23723848268398, 58.334397752966609 ], [ 12.245312721707267, 58.331461666049051 ], [ 12.249716852083607, 58.332195687778444 ], [ 12.265865330130183, 58.328525579131494 ], [ 12.268067395318353, 58.328525579131494 ], [ 12.271737503965301, 58.321919383566986 ], [ 12.286417938553098, 58.296228623038338 ], [ 12.299630329682115, 58.284484275368101 ] ] ] } },
{ "type": "Feature", "properties": { "id": null }, "geometry": { "type": "MultiLineString", "coordinates": [ [ [ 11.969523640394245, 57.870480579776761 ], [ 11.939666073589338, 57.886938106730582 ], [ 11.933793899754219, 57.892810280565705 ], [ 11.914709334790084, 57.904554628235942 ], [ 11.901496943661067, 57.911894845529837 ], [ 11.894156726367168, 57.917767019364959 ], [ 11.876540204861813, 57.929511367035197 ], [ 11.857455639897676, 57.945659845081771 ], [ 11.851583466062557, 57.953000062375672 ], [ 11.851583466062557, 57.966212453504689 ], [ 11.851583466062557, 58.004381583432959 ], [ 11.851583466062557, 58.013189844185639 ], [ 11.855987596438897, 58.036678539526108 ], [ 11.858923683356457, 58.048422887196345 ], [ 11.88534846561449, 58.061635278325369 ], [ 11.88975259599083, 58.076315712913164 ], [ 11.891220639449608, 58.104208538629976 ], [ 11.888284552532049, 58.126229190511673 ], [ 11.888284552532049, 58.12916527742923 ], [ 11.898560856743508, 58.155590059687263 ], [ 11.914709334790084, 58.187887015780419 ], [ 11.916177378248864, 58.196695276533099 ], [ 11.922049552083983, 58.217247884956009 ], [ 11.922049552083983, 58.228992232626247 ], [ 11.922049552083983, 58.242204623755264 ], [ 11.929389769377881, 58.292118101353772 ], [ 11.933793899754219, 58.305330492482796 ], [ 11.933793899754219, 58.309734622859132 ], [ 11.933793899754219, 58.334691361658386 ], [ 11.937023595363534, 58.360088513495256 ] ] ] } },
{ "type": "Feature", "properties": { "id": null }, "geometry": { "type": "MultiLineString", "coordinates": [ [ [ 11.967, 57.717 ], [ 11.978862833938752, 57.727361782761193 ], [ 11.981798920856312, 57.731765913137529 ], [ 11.983266964315092, 57.739840152160816 ], [ 11.986203051232652, 57.745712325995939 ], [ 11.989139138150211, 57.753052543289833 ], [ 11.991341203338381, 57.759658738854341 ], [ 11.99280924679716, 57.766998956148242 ], [ 11.997213377173498, 57.777275260359701 ], [ 12.001617507549838, 57.78388145592421 ], [ 12.003085551008617, 57.788285586300546 ], [ 12.004553594467398, 57.800029933970784 ], [ 12.005287616196787, 57.807370151264685 ], [ 12.004553594467398, 57.824252651040652 ], [ 12.000149464091058, 57.841135150816619 ], [ 11.997947398902889, 57.849209389839906 ], [ 11.99501131198533, 57.851411455028071 ], [ 11.969523640394245, 57.870480579776761 ] ] ] } },
{ "type": "Feature", "properties": { "id": null }, "geometry": { "type": "MultiLineString", "coordinates": [ [ [ 12.892441399693976, 56.685132254901603 ], [ 12.892441399693976, 56.685132254901603 ], [ 12.867469539538094, 56.722192426534768 ], [ 12.841044757280059, 56.745681121875243 ], [ 12.802875627351789, 56.772105904133277 ], [ 12.802875627351789, 56.775041991050841 ], [ 12.773514758176194, 56.804402860226432 ], [ 12.747089975918161, 56.81614720789667 ], [ 12.720665193660126, 56.830827642484465 ], [ 12.714793019825008, 56.836699816319587 ], [ 12.659007368391379, 56.868996772412736 ], [ 12.629646499215786, 56.883677207000538 ], [ 12.594413456205073, 56.904229815423449 ], [ 12.556244326276802, 56.913038076176129 ], [ 12.538627804771446, 56.913038076176129 ], [ 12.510441370362875, 56.910395597950334 ], [ 12.470804196975823, 56.92360798907935 ], [ 12.460527892764366, 56.932416249832031 ], [ 12.456123762388026, 56.950032771337391 ], [ 12.43997528434145, 56.970585379760301 ], [ 12.434103110506332, 56.98086168397176 ], [ 12.428230936671213, 56.994074075100777 ], [ 12.416486589000975, 57.013158640064916 ], [ 12.410614415165856, 57.02049885735881 ], [ 12.3929978936605, 57.043987552699285 ], [ 12.375381372155145, 57.060136030745866 ], [ 12.369509198320026, 57.06747624803976 ], [ 12.353360720273448, 57.082156682627563 ], [ 12.334276155309313, 57.098305160674137 ], [ 12.305053117961354, 57.120752437750845 ], [ 12.30344724267494, 57.158494942484104 ], [ 12.301979199216161, 57.161431029401662 ], [ 12.299043112298602, 57.167303203236784 ], [ 12.293170938463483, 57.192259942036038 ], [ 12.275554416958126, 57.208408420082613 ], [ 12.26234202582911, 57.221620811211629 ], [ 12.249129634700092, 57.22896102850553 ], [ 12.238853330488634, 57.242173419634547 ], [ 12.225640939359616, 57.261257984598679 ], [ 12.225640939359616, 57.267130158433801 ], [ 12.224172895900837, 57.278874506104039 ] ] ] } },
{ "type": "Feature", "properties": { "id": null }, "geometry": { "type": "MultiLineString", "coordinates": [ [ [ 12.224172895900837, 57.278874506104039 ], [ 12.216539069915182, 57.30471207097856 ], [ 12.213602982997623, 57.314988375190019 ], [ 12.210666896080063, 57.328200766319036 ], [ 12.201858635327385, 57.345817287824396 ], [ 12.195986461492266, 57.359029678953412 ], [ 12.190114287657147, 57.379582287376323 ], [ 12.182774070363248, 57.398666852340462 ], [ 12.176901896528131, 57.410411200010699 ], [ 12.160753418481553, 57.425091634598495 ], [ 12.153413201187655, 57.433899895351175 ], [ 12.141668853517418, 57.445644243021412 ], [ 12.135796679682299, 57.451516416856528 ], [ 12.115244071259383, 57.463260764526765 ], [ 12.097627549754026, 57.473537068738224 ], [ 12.094691462836469, 57.475005112197003 ], [ 12.082947115166231, 57.486749459867241 ], [ 12.077074941331112, 57.4970257640787 ], [ 12.077074941331112, 57.4970257640787 ], [ 12.082947115166231, 57.510238155207716 ], [ 12.085883202083791, 57.517578372501617 ], [ 12.08881928900135, 57.529322720171855 ], [ 12.08881928900135, 57.546939241677208 ], [ 12.081479071707451, 57.561619676265003 ], [ 12.063862550202094, 57.586576415064265 ], [ 12.047714072155518, 57.605660980028397 ], [ 12.030097550650162, 57.624745544992535 ], [ 12.024225376815043, 57.636489892662773 ], [ 12.019821246438704, 57.645298153415446 ], [ 12.012481029144805, 57.665850761838364 ], [ 12.001470703203957, 57.682880065960198 ], [ 11.967, 57.717 ] ] ] } },
{ "type": "Feature", "properties": { "id": null }, "geometry": { "type": "MultiLineString", "coordinates": [ [ [ 11.887697335148532, 58.88462044131726 ], [ 11.908249943571448, 58.887556528234818 ], [ 11.921462334700466, 58.890492615152382 ], [ 11.928802551994364, 58.89342870206994 ], [ 11.939078856205821, 58.896364788987498 ], [ 11.952291247334839, 58.897832832446277 ], [ 11.962567551546297, 58.897832832446277 ], [ 11.991928420721891, 58.891960658611161 ], [ 12.000736681474569, 58.886088484776039 ], [ 12.005140811850907, 58.88462044131726 ], [ 12.021289289897483, 58.877280224023366 ], [ 12.062394506743315, 58.871408050188244 ], [ 12.093223419377688, 58.847919354847768 ], [ 12.118180158176942, 58.840579137553874 ], [ 12.149009070811317, 58.831770876801194 ], [ 12.168093635775453, 58.814154355295834 ], [ 12.185710157280809, 58.796537833790481 ], [ 12.203326678786164, 58.773049138450006 ], [ 12.22828341758542, 58.764240877697326 ], [ 12.250304069467115, 58.759836747320989 ], [ 12.278196895183928, 58.74956044310953 ], [ 12.301685590524404, 58.748092399650751 ], [ 12.335450590076336, 58.74075218235685 ], [ 12.349543807280622, 58.741339399740362 ], [ 12.361655165815554, 58.729595052070124 ], [ 12.361655165815554, 58.729595052070124 ], [ 12.385143861156028, 58.727759997746645 ], [ 12.39725521969096, 58.720052769588051 ], [ 12.412669676008147, 58.714180595752936 ], [ 12.437993425672097, 58.705372335000256 ], [ 12.458179023230317, 58.698766139435747 ] ] ] } },
{ "type": "Feature", "properties": { "id": null }, "geometry": { "type": "MultiLineString", "coordinates": [ [ [ 12.458179023230317, 58.698766139435747 ], [ 12.428818154054721, 58.681443226622157 ], [ 12.433222284431061, 58.668230835493141 ], [ 12.428818154054721, 58.659422574740461 ], [ 12.422945980219602, 58.649146270529002 ], [ 12.417073806384485, 58.637401922858764 ], [ 12.417073806384485, 58.634465835941207 ], [ 12.412669676008145, 58.624189531729748 ], [ 12.411201632549366, 58.618317357894632 ], [ 12.411201632549366, 58.61244518405951 ], [ 12.408265545631807, 58.605104966765616 ], [ 12.405329458714247, 58.594828662554157 ], [ 12.384776850291331, 58.569871923754903 ], [ 12.375968589538653, 58.56399974991978 ], [ 12.349543807280618, 58.546383228414427 ], [ 12.348075763821839, 58.546383228414427 ], [ 12.323119025022585, 58.53463888074419 ], [ 12.301098373140888, 58.522894533073952 ], [ 12.29963032968211, 58.51702235923883 ], [ 12.289354025470653, 58.505278011568592 ], [ 12.284949895094313, 58.495001707357133 ], [ 12.276141634341634, 58.47738518585178 ], [ 12.279077721259194, 58.467108881640321 ], [ 12.282013808176753, 58.456832577428862 ], [ 12.292290112388212, 58.430407795170829 ], [ 12.29669424276455, 58.417195404041813 ], [ 12.29669424276455, 58.402514969454018 ], [ 12.293758155846991, 58.393706708701338 ], [ 12.282013808176753, 58.376090187195985 ], [ 12.279077721259194, 58.367281926443304 ], [ 12.276141634341634, 58.364345839525747 ], [ 12.268067395318353, 58.328525579131494 ] ] ] } },
{ "type": "Feature", "properties": { "id": null }, "geometry": { "type": "MultiLineString", "coordinates": [ [ [ 12.299630329682115, 58.284484275368101 ], [ 12.324293459789605, 58.286833144902182 ], [ 12.34778215513008, 58.291237275278519 ], [ 12.365398676635435, 58.288301188360961 ], [ 12.377143024305672, 58.28976923181974 ], [ 12.387419328517131, 58.282429014525839 ], [ 12.397695632728588, 58.270684666855601 ], [ 12.397695632728588, 58.263344449561707 ], [ 12.406503893481267, 58.257472275726585 ], [ 12.415312154233945, 58.251600101891469 ], [ 12.418248241151504, 58.245727928056347 ], [ 12.435864762656861, 58.233983580386109 ], [ 12.435864762656861, 58.201686624292961 ], [ 12.429992588821742, 58.187006189705166 ], [ 12.424120414986623, 58.179665972411264 ], [ 12.418248241151504, 58.173793798576142 ], [ 12.416780197692724, 58.164985537823469 ], [ 12.416780197692724, 58.151773146694453 ], [ 12.421184328069064, 58.14590097285933 ], [ 12.440268893033199, 58.138560755565436 ], [ 12.444673023409539, 58.138560755565436 ], [ 12.459353457997334, 58.135624668647871 ], [ 12.48284215333781, 58.131220538271535 ], [ 12.506330848678285, 58.129752494812756 ], [ 12.515139109430963, 58.12534836443642 ], [ 12.535691717853878, 58.119476190601297 ], [ 12.559180413194353, 58.116540103683739 ], [ 12.585605195452388, 58.112135973307396 ], [ 12.600285630040185, 58.110667929848617 ], [ 12.614966064627982, 58.110667929848617 ], [ 12.61790215154554, 58.110667929848617 ], [ 12.636986716509677, 58.106263799472281 ], [ 12.647263020721134, 58.101859669095944 ], [ 12.653135194556253, 58.095987495260822 ], [ 12.659007368391372, 58.087179234508142 ], [ 12.673687802979169, 58.082775104131805 ], [ 12.683964107190626, 58.073966843379125 ], [ 12.692772367943304, 58.069562713002789 ], [ 12.725069324036458, 58.063690539167666 ], [ 12.742685845541814, 58.062222495708887 ], [ 12.760302367047169, 58.056350321873772 ], [ 12.773514758176187, 58.05047814803865 ], [ 12.788195192763984, 58.040201843827191 ], [ 12.795535410057882, 58.034329669992076 ], [ 12.79993954043422, 58.031393583074518 ] ] ] } },
{ "type": "Feature", "properties": { "id": null }, "geometry": { "type": "MultiLineString", "coordinates": [ [ [ 11.535700270204384, 59.616751298829506 ], [ 11.554818480870241, 59.609246692570906 ], [ 11.555185491734935, 59.608879681706206 ], [ 11.566195817675784, 59.610714736029685 ], [ 11.577940165346021, 59.614017833811936 ], [ 11.58161027399297, 59.615852888135414 ], [ 11.585647393504614, 59.618054953323579 ], [ 11.591519567339732, 59.620257018511751 ], [ 11.600327828092411, 59.621358051105837 ], [ 11.607301034521614, 59.615485877270714 ], [ 11.612439186627343, 59.612916801217857 ], [ 11.616843317003683, 59.612182779488464 ], [ 11.624183534297581, 59.612182779488464 ], [ 11.639597990614767, 59.61328381208255 ], [ 11.650608316555616, 59.617320931594193 ], [ 11.660150599037683, 59.619522996782365 ], [ 11.671894946707921, 59.623560116294009 ], [ 11.682905272648767, 59.633469409640767 ], [ 11.687309403025107, 59.642277670393447 ], [ 11.685841359566327, 59.652920985469599 ], [ 11.684740326972243, 59.658059137575329 ], [ 11.685841359566327, 59.663564300545751 ], [ 11.689144457348581, 59.66503234400453 ], [ 11.696117663777786, 59.665766365733923 ], [ 11.701622826748208, 59.66503234400453 ], [ 11.706026957124548, 59.662830278816365 ], [ 11.726946576412159, 59.662463267951665 ], [ 11.735020815435446, 59.660628213628193 ], [ 11.739424945811786, 59.6602612027635 ], [ 11.756307445587751, 59.663197289681058 ], [ 11.772088912769634, 59.666133376598616 ], [ 11.782732227845786, 59.669436474380873 ], [ 11.794843586380718, 59.673106583027817 ], [ 11.8106250535626, 59.672005550433738 ], [ 11.824938477285702, 59.663564300545751 ], [ 11.835214781497159, 59.661729246222279 ], [ 11.848794183490872, 59.661362235357579 ], [ 11.858703476837634, 59.6598941918988 ], [ 11.863107607213975, 59.655123050657771 ], [ 11.866777715860923, 59.648223246401493 ], [ 11.87705402007238, 59.6478562355368 ], [ 11.88439423736628, 59.649324278995579 ], [ 11.891367443795483, 59.649691289860279 ], [ 11.902744780601026, 59.652260365913143 ], [ 11.914489128271263, 59.661068626665816 ], [ 11.920728312971077, 59.663270691853988 ], [ 11.930637606317839, 59.667674822230325 ], [ 11.936876791017653, 59.67391400693014 ], [ 11.939078856205823, 59.678685148171176 ], [ 11.936509780152958, 59.686392376329771 ], [ 11.936876791017653, 59.690429495841414 ], [ 11.942014943123382, 59.695934658811836 ], [ 11.95155722560545, 59.702907865241038 ], [ 11.959264453764042, 59.706577973887988 ], [ 11.965870649328551, 59.709514060805546 ], [ 11.975045920945925, 59.712450147723111 ], [ 11.984588203427993, 59.713551180317189 ], [ 11.994130485910061, 59.713918191181889 ], [ 12.016151137791756, 59.709147049940853 ], [ 12.021289289897485, 59.706944984752681 ], [ 12.027528474597299, 59.705476941293902 ], [ 12.048081083020215, 59.705109930429209 ], [ 12.055421300314112, 59.704375908699816 ], [ 12.06422956106679, 59.701439821782259 ], [ 12.072303800090079, 59.698503734864701 ], [ 12.082213093436842, 59.698503734864701 ], [ 12.09102135418952, 59.693365582758972 ], [ 12.099095593212807, 59.687493408923849 ], [ 12.111940973477131, 59.685291343735685 ], [ 12.121483255959198, 59.680887213359341 ], [ 12.128823473253096, 59.679786180765262 ], [ 12.138365755735164, 59.679786180765262 ], [ 12.142402875246809, 59.680520202494648 ], [ 12.146953809969027, 59.692631561029572 ], [ 12.147687831698416, 59.698503734864687 ], [ 12.15099092948067, 59.706577973887974 ], [ 12.15319299466884, 59.710982104264318 ], [ 12.162735277150908, 59.716854278099433 ], [ 12.171910548768281, 59.720524386746384 ], [ 12.17998478779157, 59.724194495393334 ], [ 12.187692015950162, 59.727130582310892 ], [ 12.192463157191197, 59.728598625769671 ], [ 12.198335331026316, 59.730066669228449 ], [ 12.203106472267349, 59.732268734416621 ], [ 12.206409570049603, 59.736672864792958 ], [ 12.209345656967162, 59.744380092951552 ], [ 12.210813700425943, 59.748050201598502 ], [ 12.213015765614113, 59.753922375433625 ], [ 12.215951852531671, 59.757959494945268 ], [ 12.218520928584535, 59.75979454926874 ], [ 12.212208341711783, 59.768088994810853 ], [ 12.210740298253004, 59.771759103457804 ], [ 12.212942363441172, 59.777631277292926 ], [ 12.215144428629342, 59.781301385939877 ], [ 12.218447526411596, 59.784604483722127 ], [ 12.223952689382021, 59.789008614098464 ], [ 12.229824863217139, 59.793412744474807 ], [ 12.239734156563902, 59.79891790744523 ], [ 12.244138286940242, 59.802955026956873 ], [ 12.24854241731658, 59.806992146468517 ], [ 12.255515623745783, 59.812497309438939 ], [ 12.264690895363156, 59.824608667973877 ], [ 12.270563069198275, 59.829746820079606 ], [ 12.27239812352175, 59.831948885267771 ], [ 12.276802253898088, 59.835986004779414 ], [ 12.282307416868512, 59.837821059102893 ], [ 12.29478578626814, 59.836720026508807 ], [ 12.306163123073683, 59.834150950455943 ], [ 12.317173449014531, 59.827177744026741 ], [ 12.324530745341137, 59.820319599665581 ] ] ] } },
{ "type": "Feature", "properties": { "id": null }, "geometry": { "type": "MultiLineString", "coordinates": [ [ [ 11.887697335148532, 58.88462044131726 ], [ 11.846809054034193, 58.896289942560479 ], [ 11.820797158998978, 58.907437897575569 ], [ 11.795714260215023, 58.910224886329338 ], [ 11.783637308948673, 58.910224886329338 ], [ 11.760412402667233, 58.910224886329338 ], [ 11.742761473893339, 58.912082878831853 ], [ 11.716749578858124, 58.916727860088145 ], [ 11.696311661330457, 58.91858585259066 ], [ 11.676802740054047, 58.925088826349459 ], [ 11.646145863762545, 58.939952766369586 ], [ 11.627565938737392, 58.947384736379647 ], [ 11.590406088687088, 58.960390683897252 ], [ 11.590406088687088, 58.960390683897252 ], [ 11.56996817115942, 58.968751650158573 ], [ 11.549530253631753, 58.972467635163603 ], [ 11.543027279872948, 58.980828601424918 ], [ 11.5309503286066, 58.992905552691269 ], [ 11.52723434360157, 59.004982503957621 ], [ 11.524447354847796, 59.014272466470196 ], [ 11.509583414827675, 59.034710383997862 ], [ 11.480784531038688, 59.057006294028042 ], [ 11.479855534787431, 59.058864286530557 ], [ 11.471494568526111, 59.070012241545648 ], [ 11.454772636003474, 59.07930220405823 ], [ 11.449198658495929, 59.08301818906326 ], [ 11.438979699732096, 59.09045015907332 ], [ 11.420957198394962, 59.117866234589201 ] ] ] } },
{ "type": "Feature", "properties": { "id": null }, "geometry": { "type": "MultiLineString", "coordinates": [ [ [ 10.682219353457636, 59.434364571288889 ], [ 10.693367308472729, 59.415784646263738 ], [ 10.705444259739078, 59.409281672504932 ], [ 10.723095188512971, 59.405565687499902 ], [ 10.751894072301958, 59.392559739982296 ], [ 10.789797119353269, 59.382712379718967 ], [ 10.804846858623643, 59.375837807459661 ], [ 10.8299297574076, 59.360973867439533 ], [ 10.8605866336991, 59.353541897429473 ], [ 10.889385517488087, 59.351683904926958 ], [ 10.938622318804741, 59.333103979901807 ], [ 10.949770273819832, 59.323814017389232 ], [ 10.964634213839954, 59.320098032384202 ], [ 10.972995180101274, 59.31173706612288 ], [ 10.979962651985707, 59.314895653377157 ], [ 11.004581052644033, 59.316753645879672 ], [ 11.025018970171701, 59.314895653377157 ], [ 11.044063393322482, 59.306070188990212 ], [ 11.058927333342604, 59.295851230226376 ], [ 11.074255771488355, 59.291670747095715 ], [ 11.081687741498415, 59.285167773336916 ], [ 11.097016179644166, 59.267052346437389 ], [ 11.104912647779857, 59.251723908291638 ], [ 11.11141562153866, 59.246614428909723 ], [ 11.121634580302494, 59.241504949527808 ], [ 11.136034022196988, 59.235001975769002 ], [ 11.152291456593995, 59.225247515130796 ], [ 11.161116920980943, 59.219673537623251 ], [ 11.168135833827661, 59.210672893512196 ] ] ] } },
{ "type": "Feature", "properties": { "id": null }, "geometry": { "type": "MultiLineString", "coordinates": [ [ [ 10.682219353457636, 59.434364571288889 ], [ 10.6896513234677, 59.455359886567308 ], [ 10.69708329347776, 59.464649849079883 ], [ 10.707302252241595, 59.479513789100004 ], [ 10.718450207256685, 59.499022710376416 ], [ 10.722166192261716, 59.508312672888991 ], [ 10.725882177266747, 59.529679586667918 ], [ 10.726811173518005, 59.542685534185523 ], [ 10.72866916602052, 59.55662047795439 ], [ 10.735172139779323, 59.570555421723256 ], [ 10.7444621022919, 59.5826323729896 ], [ 10.750965076050703, 59.592851331753437 ], [ 10.763042027317052, 59.603999286768527 ], [ 10.78347994484472, 59.623508208044939 ], [ 10.78719592984975, 59.630940178054999 ], [ 10.792769907357295, 59.65323608808518 ], [ 10.798343884864842, 59.679247983120398 ], [ 10.80298886612113, 59.685750956879197 ], [ 10.827142768653827, 59.711762851914408 ], [ 10.834574738663889, 59.72105281442699 ], [ 10.840148716171434, 59.734987758195849 ], [ 10.840148716171434, 59.749851698215977 ], [ 10.839219719920177, 59.768431623241128 ], [ 10.842935704925207, 59.787011548266278 ], [ 10.842935704925207, 59.808378462045205 ], [ 10.840148716171434, 59.819526417060295 ], [ 10.835503734915147, 59.835319353331677 ], [ 10.824355779900054, 59.870621210879463 ], [ 10.820639794895024, 59.882698162145815 ], [ 10.81042083613119, 59.891059128407136 ], [ 10.795556896111069, 59.902207083422226 ], [ 10.75, 59.917 ] ] ] } },
{ "type": "Feature", "properties": { "id": null }, "geometry": { "type": "MultiLineString", "coordinates": [ [ [ 11.535700270204384, 59.616751298829506 ], [ 11.523518358596542, 59.625180401297186 ], [ 11.504009437320132, 59.632612371307246 ], [ 11.484500516043722, 59.637257352563537 ], [ 11.457559624757252, 59.643760326322337 ], [ 11.438979699732098, 59.640973337568568 ], [ 11.425973752214492, 59.639115345066052 ], [ 11.41110981219437, 59.636328356312276 ], [ 11.40739382718934, 59.627967390050962 ], [ 11.408322823440598, 59.620535420040895 ], [ 11.408322823440598, 59.616819435035865 ], [ 11.392529887169218, 59.60845846877455 ], [ 11.39160089091796, 59.60845846877455 ], [ 11.394387879671733, 59.59731051375946 ], [ 11.394387879671733, 59.59359452875443 ], [ 11.388813902164188, 59.582446573739333 ], [ 11.378594943400353, 59.569440626221727 ], [ 11.373020965892808, 59.562008656211667 ], [ 11.339577100847533, 59.558292671206637 ], [ 11.325642157078669, 59.555505682452868 ], [ 11.307062232053516, 59.556434678704122 ], [ 11.277334352013272, 59.562008656211667 ], [ 11.254109445731832, 59.564795644965443 ], [ 11.229026546947876, 59.566653637467958 ], [ 11.220665580686557, 59.568511629970473 ], [ 11.199298666907632, 59.574085607478018 ], [ 11.173286771872418, 59.579659584985563 ], [ 11.165854801862357, 59.582446573739333 ], [ 11.14913286933972, 59.586162558744363 ], [ 11.128694951812053, 59.586162558744363 ], [ 11.124978966807022, 59.586162558744363 ], [ 11.09432209051552, 59.607529472523289 ], [ 11.081316142997913, 59.61496144253335 ], [ 11.065523206726533, 59.617748431287126 ], [ 11.055304247962701, 59.61867742753838 ], [ 11.043227296696351, 59.620535420040895 ], [ 11.038582315440063, 59.620535420040895 ], [ 11.025576367922456, 59.630754378804731 ], [ 11.015357409158621, 59.641902333819822 ], [ 11.001422465389759, 59.653979285086173 ], [ 10.990274510374666, 59.659553262593718 ], [ 10.965191611590711, 59.665127240101263 ], [ 10.951256667821847, 59.666056236352524 ], [ 10.932676742796694, 59.670701217608809 ], [ 10.911309829017769, 59.673488206362585 ], [ 10.911309829017769, 59.673488206362585 ], [ 10.894587896495132, 59.679991180121384 ], [ 10.88715592648507, 59.691139135136474 ], [ 10.872291986464948, 59.706003075156602 ], [ 10.85649905019357, 59.715293037669177 ], [ 10.834574738663889, 59.72105281442699 ] ] ] } },
{ "type": "Feature", "properties": { "id": null }, "geometry": { "type": "MultiLineString", "coordinates": [ [ [ 11.600327828092411, 59.621358051105837 ], [ 11.600625047450926, 59.632240772806739 ], [ 11.597838058697153, 59.638743746565538 ], [ 11.584832111179548, 59.645246720324344 ], [ 11.578329137420743, 59.648962705329375 ], [ 11.576471144918228, 59.649891701580628 ], [ 11.564858691777507, 59.656394675339435 ], [ 11.558820216144333, 59.66243315097261 ], [ 11.553710736762417, 59.669865120982671 ], [ 11.544885272375469, 59.680084079746507 ], [ 11.535595309862893, 59.687980547882191 ], [ 11.52862783797846, 59.697270510394773 ], [ 11.524447354847801, 59.700521997274173 ], [ 11.519337875465885, 59.706560472907348 ], [ 11.504009437320134, 59.720030918550584 ], [ 11.492861482305042, 59.724211401681238 ], [ 11.478926538536179, 59.725140397932499 ], [ 11.465920591018572, 59.721424412927469 ], [ 11.46266910413917, 59.720959914801838 ], [ 11.458953119134138, 59.725140397932499 ], [ 11.455701632254737, 59.731643371691305 ], [ 11.452914643500964, 59.735823854821959 ], [ 11.445482673490904, 59.74372032295765 ], [ 11.444089179114018, 59.749758798590825 ], [ 11.422629365709971, 59.732572367942566 ], [ 11.413339403197396, 59.728856382937536 ], [ 11.408694421941108, 59.727927386686275 ], [ 11.401912749306923, 59.731922070566675 ], [ 11.39959025867878, 59.734709059320451 ], [ 11.395874273673748, 59.738657293388293 ], [ 11.392390537731533, 59.74074753495362 ], [ 11.386119813035544, 59.742141029330512 ], [ 11.384261820533029, 59.742605527456135 ], [ 11.383100575218956, 59.743534523707396 ], [ 11.377526597711411, 59.747250508712426 ], [ 11.371255873015421, 59.751895489968717 ], [ 11.361733661440031, 59.754914727785298 ], [ 11.353604944241527, 59.755379225910929 ], [ 11.346637472357095, 59.754914727785298 ], [ 11.342456989226434, 59.754217980596856 ], [ 11.333863773902301, 59.754217980596856 ], [ 11.323877064201282, 59.754682478722486 ], [ 11.318303086693737, 59.757933965601886 ], [ 11.313425856374634, 59.757933965601886 ], [ 11.309013124181162, 59.757933965601886 ], [ 11.30529713917613, 59.757933965601886 ], [ 11.298097418228883, 59.758862961853147 ], [ 11.281329035893688, 59.768803221741614 ], [ 11.275755058386141, 59.774377199249159 ], [ 11.273897065883626, 59.777628686128558 ], [ 11.273432567757997, 59.781809169259219 ], [ 11.269716582752967, 59.789241139269279 ], [ 11.262284612742906, 59.793886120525571 ], [ 11.257175133360988, 59.799924596158739 ], [ 11.253923646481587, 59.8041050792894 ], [ 11.248349668974042, 59.811072551173837 ], [ 11.242775691466495, 59.823149502440181 ], [ 11.243240189592125, 59.829187978073357 ], [ 11.244169185843383, 59.839406936837193 ], [ 11.242775691466495, 59.847767903098507 ], [ 11.235808219582063, 59.856128869359829 ], [ 11.229769743948889, 59.863096341244258 ], [ 11.226053758943859, 59.86820582062618 ], [ 11.223266770190085, 59.874244296259349 ], [ 11.218621788933797, 59.880282771892524 ], [ 11.210725320798108, 59.887250243776961 ], [ 11.203757848913675, 59.891430726907615 ], [ 11.190751901396069, 59.89746920254079 ], [ 11.184248927637265, 59.903043180048336 ], [ 11.180532942632235, 59.910010651932772 ], [ 11.180997440757864, 59.921158606947863 ], [ 11.171150080494531, 59.922180502824247 ], [ 11.148854170464348, 59.927289982206162 ], [ 11.138170713574885, 59.934257454090591 ], [ 11.13631272107237, 59.937508940969998 ], [ 11.12888075106231, 59.943082918477543 ], [ 11.123306773554763, 59.945405409105689 ], [ 11.114945807293445, 59.947263401608204 ], [ 11.112158818539672, 59.948656895985089 ], [ 11.102868856027095, 59.951443884738858 ], [ 11.091720901012005, 59.952837379115749 ], [ 11.088004916006973, 59.952837379115749 ], [ 11.071282983484336, 59.954230873492634 ], [ 11.055954545338587, 59.954695371618264 ], [ 11.047593579077267, 59.954695371618264 ], [ 11.047129080951638, 59.954695371618264 ] ] ] } },
{ "type": "Feature", "properties": { "id": null }, "geometry": { "type": "MultiLineString", "coordinates": [ [ [ 10.75, 59.917 ], [ 10.794813699110069, 59.921344406198116 ], [ 10.798529684115099, 59.92227340244937 ], [ 10.824541579150313, 59.928776376208177 ], [ 10.832902545411631, 59.933421357464468 ], [ 10.856127451693073, 59.939924331223267 ], [ 10.884926335482058, 59.943640316228297 ], [ 10.91929919677859, 59.937137342469498 ], [ 10.925802170537395, 59.936208346218237 ], [ 10.940666110557515, 59.932492361213207 ], [ 10.955530050577638, 59.930634368710692 ], [ 10.97410997560279, 59.932492361213207 ], [ 11.001050866889262, 59.937137342469498 ], [ 11.014056814406869, 59.940853327474528 ], [ 11.032636739432021, 59.951072286238357 ] ] ] } },
{ "type": "Feature", "properties": { "id": null }, "geometry": { "type": "MultiLineString", "coordinates": [ [ [ 11.047593579077267, 59.954695371618264 ], [ 11.032636739432021, 59.951072286238357 ] ] ] } },
{ "type": "Feature", "properties": { "id": null }, "geometry": { "type": "MultiLineString", "coordinates": [ [ [ 12.324530745341137, 59.820319599665581 ], [ 12.383211489510359, 59.774377199249187 ], [ 12.398075429530481, 59.755797274224037 ], [ 12.461247174615998, 59.744649319208939 ], [ 12.479827099641151, 59.740933334203909 ], [ 12.509554979681395, 59.733501364193849 ], [ 12.561578769751822, 59.703773484153608 ], [ 12.576442709771944, 59.700057499148578 ], [ 12.609886574817217, 59.67776158911839 ], [ 12.643330439862492, 59.6666136341033 ], [ 12.695354229932919, 59.662897649098269 ], [ 12.739946049993286, 59.655465679088209 ], [ 12.780821885048621, 59.651749694083179 ], [ 12.799401810073773, 59.651749694083179 ], [ 12.858857570154262, 59.659181664093239 ], [ 12.892301435199535, 59.662897649098269 ], [ 12.936893255259902, 59.625737799047968 ], [ 12.966621135300146, 59.618305829037908 ], [ 13.007496970355481, 59.59600991900772 ], [ 13.037224850395726, 59.558850068957419 ], [ 13.07438470044603, 59.536554158927231 ], [ 13.141272430536578, 59.521690218907111 ], [ 13.167284325571792, 59.51425824889705 ], [ 13.230456070657311, 59.51054226389202 ], [ 13.315923725773011, 59.50311029388196 ], [ 13.38281145586356, 59.462234458826622 ], [ 13.413839930655564, 59.413555055260723 ], [ 13.442638814444551, 59.381040186466706 ], [ 13.508597548283843, 59.372679220205384 ] ] ] } },
{ "type": "Feature", "properties": { "id": null }, "geometry": { "type": "MultiLineString", "coordinates": [ [ [ 12.458179023230317, 58.698766139435747 ], [ 12.486515872650209, 58.762142883878887 ], [ 12.519216540694481, 58.800045930930182 ], [ 12.519216540694481, 58.800045930930182 ], [ 12.534823677715606, 58.851326523999617 ], [ 12.553403602740758, 58.862474479014708 ], [ 12.557119587745788, 58.881054404039858 ], [ 12.583131482781003, 58.918214254090167 ], [ 12.601711407806155, 58.940510164120347 ], [ 12.620291332831307, 58.966522059155565 ], [ 12.64630322786652, 58.996249939195806 ], [ 12.676031107906764, 59.033409789246114 ], [ 12.705758987947009, 59.063137669286355 ], [ 12.757782778017436, 59.085433579316536 ], [ 12.809806568087863, 59.096581534331634 ], [ 12.86926232816835, 59.111445474351754 ], [ 12.925002103243807, 59.126309414371875 ], [ 12.980741878319265, 59.167185249427213 ], [ 13.014185743364539, 59.196913129467454 ], [ 13.043913623404784, 59.245220934532853 ], [ 13.047629608409814, 59.260084874552973 ], [ 13.092221428470181, 59.312108664623402 ], [ 13.118233323505393, 59.341836544663643 ], [ 13.129381278520485, 59.349268514673703 ], [ 13.155393173555698, 59.360416469688793 ], [ 13.192553023606003, 59.375280409708914 ], [ 13.218564918641217, 59.386428364724011 ], [ 13.259998151447306, 59.391444944480781 ], [ 13.281365065226231, 59.391444944480781 ], [ 13.302731979005156, 59.392838438857666 ], [ 13.318060417150907, 59.389586951978266 ], [ 13.324563390909711, 59.387728959475751 ], [ 13.34453681031175, 59.388657955727005 ], [ 13.363116735336902, 59.388657955727005 ], [ 13.389593128497744, 59.389586951978266 ], [ 13.399347589135949, 59.388657955727005 ], [ 13.442638814444551, 59.381040186466706 ] ] ] } },
{ "type": "Feature", "properties": { "id": null }, "geometry": { "type": "MultiLineString", "coordinates": [ [ [ 13.508597548283843, 59.372679220205384 ], [ 13.608371745668919, 59.390887546730035 ], [ 13.623235685689041, 59.402035501745125 ], [ 13.667827505749406, 59.413183456760216 ], [ 13.719851295819833, 59.416899441765246 ], [ 13.797886980925474, 59.409467471755185 ], [ 13.835046830975779, 59.398319516740095 ], [ 13.864774711016022, 59.394603531735065 ], [ 13.924230471096511, 59.383455576719975 ], [ 13.935378426111601, 59.376023606709914 ], [ 13.99483418619209, 59.361159666689794 ], [ 14.039426006252455, 59.353727696679726 ], [ 14.0691538862927, 59.338863756659606 ], [ 14.095165781327912, 59.335147771654576 ], [ 14.128609646373187, 59.331431786649546 ], [ 14.128609646373187, 59.331431786649546 ], [ 14.165769496423492, 59.301703906609305 ], [ 14.173201466433554, 59.301703906609305 ], [ 14.251237151539193, 59.301703906609305 ], [ 14.340420791659925, 59.305419891614335 ], [ 14.381296626715262, 59.312851861624395 ], [ 14.474196251841024, 59.323999816639486 ], [ 14.559663906956725, 59.331431786649546 ], [ 14.60053974201206, 59.323999816639486 ], [ 14.659995502092547, 59.309135876619365 ], [ 14.752895127218309, 59.279407996579117 ], [ 14.834646797328981, 59.257112086548936 ], [ 14.90153452741953, 59.245964131533846 ], [ 14.97585422752014, 59.242248146528816 ], [ 15.065037867640871, 59.231100191513725 ], [ 15.120777642716329, 59.231100191513725 ], [ 15.169085447781725, 59.245964131533846 ], [ 15.183949387801846, 59.257112086548936 ] ] ] } },
{ "type": "Feature", "properties": { "id": null }, "geometry": { "type": "MultiLineString", "coordinates": [ [ [ 12.79993954043422, 58.031393583074518 ], [ 12.836933258624589, 58.076915248951245 ], [ 12.848081213639679, 58.106643128991493 ], [ 12.874093108674893, 58.143802979041794 ], [ 12.896389018705076, 58.180962829092103 ], [ 12.911252958725198, 58.206974724127313 ], [ 12.948412808775503, 58.247850559182652 ], [ 12.978140688815747, 58.270146469212833 ], [ 13.041312433901265, 58.288726394237983 ], [ 13.141644029037089, 58.311022304268171 ], [ 13.212247744132668, 58.325886244288291 ], [ 13.290283429238308, 58.344466169313442 ], [ 13.364603129338917, 58.355614124328532 ], [ 13.442467980925692, 58.36119729519659 ], [ 13.442467980925692, 58.36119729519659 ], [ 13.468650709479771, 58.418785869414052 ], [ 13.490946619509955, 58.45594571946436 ], [ 13.5206744995502, 58.500537539524721 ], [ 13.550402379590443, 58.530265419564969 ], [ 13.587562229640747, 58.567425269615271 ], [ 13.632154049701114, 58.597153149655519 ], [ 13.721337689821846, 58.63802898471085 ], [ 13.784509434907363, 58.656608909736001 ], [ 13.834886433965289, 58.68507343164778 ], [ 13.895988985058278, 58.704916714801399 ], [ 13.929432850103552, 58.72721262483158 ], [ 13.966592700153857, 58.745792549856738 ], [ 14.003752550204164, 58.775520429896979 ], [ 14.040912400254468, 58.790384369917099 ], [ 14.12266407036514, 58.812680279947287 ], [ 14.167255890425505, 58.820112249957347 ], [ 14.245291575531144, 58.842408159987528 ], [ 14.367919080697151, 58.886999980047896 ], [ 14.412510900757518, 58.916727860088137 ], [ 14.449670750807822, 58.939023770118318 ], [ 14.494262570868187, 58.965035665153536 ], [ 14.542570375933584, 58.976183620168626 ], [ 14.639185986064376, 58.987331575183717 ], [ 14.717221671170018, 58.998479530198807 ], [ 14.828701221320932, 59.013343470218928 ], [ 14.862145086366207, 59.020775440228995 ], [ 14.940180771471848, 59.043071350259176 ], [ 15.03308039659761, 59.076515215304447 ], [ 15.073956231652945, 59.102527110339665 ], [ 15.114832066708281, 59.158266885415117 ], [ 15.133411991733432, 59.176846810440274 ], [ 15.169085447781725, 59.245964131533846 ] ] ] } },
{ "type": "Feature", "properties": { "id": null }, "geometry": { "type": "MultiLineString", "coordinates": [ [ [ 13.116156101455323, 56.127634825729032 ], [ 13.177317485085396, 56.130389403691211 ], [ 13.203329380120609, 56.134105388696241 ], [ 13.225625290150793, 56.134105388696241 ], [ 13.27764908022122, 56.134105388696241 ], [ 13.292513020241341, 56.134105388696241 ], [ 13.35568476532686, 56.137821373701271 ], [ 13.36311673533692, 56.141537358706302 ], [ 13.456016360462682, 56.141537358706302 ], [ 13.545200000583414, 56.160117283731452 ], [ 13.560063940603536, 56.167549253741512 ], [ 13.619519700684023, 56.167549253741512 ], [ 13.65667955073433, 56.171265238746543 ], [ 13.701271370794695, 56.174981223751573 ], [ 13.775591070895304, 56.167549253741512 ], [ 13.786739025910396, 56.160117283731452 ], [ 13.805318950935549, 56.152685313721392 ], [ 13.835046830975791, 56.115525463671091 ], [ 13.853626756000946, 56.10809349366103 ], [ 13.935378426111615, 56.093229553640903 ], [ 13.987402216182042, 56.074649628615752 ], [ 14.005982141207195, 56.063501673600662 ], [ 14.039426006252469, 56.044921748575511 ], [ 14.116774522959549, 56.018118783704089 ] ] ] } },
{ "type": "Feature", "properties": { "id": null }, "geometry": { "type": "MultiLineString", "coordinates": [ [ [ 12.966415668659794, 56.140847216858049 ], [ 13.032394069889207, 56.18612917876667 ], [ 13.039826039899268, 56.19727713378176 ], [ 13.05468997991939, 56.19727713378176 ], [ 13.121577710009939, 56.19727713378176 ], [ 13.147589605045152, 56.204709103791821 ], [ 13.192181425105518, 56.219573043811941 ], [ 13.203329380120609, 56.223289028816971 ], [ 13.225625290150793, 56.238152968837092 ], [ 13.244205215175946, 56.249300923852189 ], [ 13.296229005246371, 56.26044887886728 ], [ 13.333388855296677, 56.26788084887734 ], [ 13.36683272034195, 56.290176758907521 ], [ 13.385412645367104, 56.301324713922611 ], [ 13.456016360462682, 56.35334850399304 ], [ 13.496892195518019, 56.37564441402322 ], [ 13.526620075558261, 56.390508354043341 ], [ 13.567495910613598, 56.435100174103709 ], [ 13.58979182064378, 56.4462481291188 ], [ 13.619519700684023, 56.46482805414395 ], [ 13.634383640704145, 56.479691994164078 ], [ 13.678975460764512, 56.524283814224439 ], [ 13.686407430774572, 56.5317157842345 ], [ 13.730999250834939, 56.576307604294868 ], [ 13.738431220844999, 56.583739574304929 ], [ 13.764443115880214, 56.617183439350207 ], [ 13.783023040905366, 56.632047379370327 ], [ 13.831330845970761, 56.669207229420628 ], [ 13.846194785990884, 56.687787154445786 ], [ 13.872206681026096, 56.743526929521238 ], [ 13.88707062104622, 56.769538824556456 ], [ 13.920514486091493, 56.828994584636945 ], [ 13.946526381126708, 56.855006479672156 ], [ 13.96510630615186, 56.888450344717427 ], [ 13.97625426116695, 56.918178224757675 ], [ 13.991118201187073, 56.955338074807976 ], [ 14.002266156202165, 56.977633984838164 ], [ 14.024562066232347, 57.025941789903555 ], [ 14.035710021247439, 57.051953684938773 ], [ 14.054289946272592, 57.085397549984044 ], [ 14.065437901287682, 57.133705355049443 ], [ 14.065437901287682, 57.133705355049443 ], [ 14.063208310284658, 57.129989370044413 ], [ 14.059492325279628, 57.167149220094714 ], [ 14.06692429528969, 57.193161115129925 ], [ 14.085504220314842, 57.222888995170173 ], [ 14.089220205319872, 57.252616875210414 ], [ 14.089220205319872, 57.300924680275813 ], [ 14.104084145339995, 57.345516500336181 ], [ 14.115232100355085, 57.367812410366362 ], [ 14.104084145339995, 57.434700140456911 ], [ 14.104084145339995, 57.483007945522303 ], [ 14.126380055370177, 57.523883780577641 ], [ 14.193267785460726, 57.605635450688311 ], [ 14.204415740475817, 57.620499390708432 ], [ 14.185835815450664, 57.67623916578389 ], [ 14.178403845440604, 57.698535075814071 ], [ 14.163539905420482, 57.720830985844259 ], [ 14.138642805886779, 57.76170682089959 ] ] ] } },
{ "type": "Feature", "properties": { "id": null }, "geometry": { "type": "MultiLineString", "coordinates": [ [ [ 15.183949387801846, 59.257112086548936 ], [ 15.270903436919575, 59.303097400986239 ], [ 15.289483361944727, 59.306813385991269 ], [ 15.348939122025214, 59.310529370996299 ], [ 15.445554732156006, 59.31796134100636 ], [ 15.482714582206311, 59.32910929602145 ], [ 15.553318297301891, 59.343973236041577 ], [ 15.568182237322013, 59.351405206051638 ], [ 15.609058072377348, 59.369985131076788 ], [ 15.683377772477957, 59.381133086091879 ], [ 15.750265502568507, 59.395997026111999 ], [ 15.776277397603721, 59.403428996122059 ], [ 15.806005277643964, 59.41457695113715 ], [ 15.839449142689238, 59.433156876162307 ], [ 15.869177022729483, 59.448020816182428 ], [ 15.92120081279991, 59.477748696222669 ], [ 15.92863278280997, 59.485180666232729 ], [ 15.947212707835122, 59.492612636242796 ], [ 15.980656572880397, 59.511192561267947 ], [ 15.988088542890459, 59.514908546272977 ], [ 15.999236497905549, 59.522340516283037 ], [ 16.025248392940764, 59.537204456303158 ], [ 16.080988168016219, 59.548352411318248 ], [ 16.144159913101738, 59.552068396323278 ], [ 16.177603778147013, 59.566932336343406 ], [ 16.207331658187258, 59.574364306353466 ], [ 16.266787418267747, 59.578080291358496 ], [ 16.307663253323081, 59.578080291358496 ], [ 16.341107118368356, 59.581796276363526 ], [ 16.430290758489086, 59.592944231378617 ], [ 16.486030533564545, 59.604092186393707 ], [ 16.519474398609816, 59.607808171398737 ], [ 16.549202278650061, 59.607808171398737 ], [ 16.62352197875067, 59.607808171398737 ], [ 16.671829783816069, 59.607808171398737 ], [ 16.727569558891524, 59.615240141408798 ], [ 16.768445393946859, 59.618956126413828 ], [ 16.839049109042438, 59.618956126413828 ], [ 16.913368809143048, 59.626388096423888 ], [ 16.965392599213477, 59.637536051438985 ], [ 17.050860254329177, 59.641252036444016 ], [ 17.05829222433924, 59.641252036444016 ], [ 17.13261192443985, 59.641252036444016 ], [ 17.169771774490151, 59.641252036444016 ], [ 17.244091474590764, 59.633820066433955 ], [ 17.322127159696404, 59.626388096423888 ], [ 17.403878829807073, 59.611524156403767 ], [ 17.448470649867438, 59.604092186393707 ], [ 17.507926409947927, 59.578823488359504 ], [ 17.522790349968052, 59.578823488359504 ], [ 17.567382170028417, 59.575107503354474 ], [ 17.604542020078721, 59.556527578329323 ], [ 17.630553915113936, 59.549095608319263 ], [ 17.66771376516424, 59.534231668299142 ], [ 17.704873615214545, 59.519367728279015 ], [ 17.756897405284974, 59.504503788258894 ], [ 17.775477330310125, 59.500787803253864 ], [ 17.808921195355399, 59.459911968198526 ], [ 17.82006915037049, 59.448764013183435 ], [ 17.846081045405704, 59.430184088158285 ], [ 17.886956880461039, 59.389308253102953 ], [ 17.927832715516374, 59.370728328077796 ], [ 17.982829293590832, 59.397111821613485 ] ] ] } },
{ "type": "Feature", "properties": { "id": null }, "geometry": { "type": "MultiLineString", "coordinates": [ [ [ 15.169085447781725, 59.245964131533846 ], [ 15.244891541884362, 59.184929077826276 ], [ 15.293199346949759, 59.140337257765907 ], [ 15.300631316959819, 59.129189302750817 ], [ 15.311779271974912, 59.088313467695478 ], [ 15.326643211995034, 59.062301572660267 ], [ 15.341507152015154, 59.040005662630087 ], [ 15.360087077040308, 59.021425737604929 ], [ 15.374951017060429, 59.006561797584808 ], [ 15.400962912095643, 58.976833917544567 ], [ 15.412110867110734, 58.921094142469109 ], [ 15.419542837120796, 58.880218307413777 ], [ 15.419542837120796, 58.846774442368499 ], [ 15.419542837120796, 58.820762547333288 ], [ 15.45298670216607, 58.78731868228801 ], [ 15.505010492236497, 58.757590802247769 ], [ 15.586762162347167, 58.735294892217588 ], [ 15.649933907432686, 58.724146937202491 ], [ 15.713105652518204, 58.716714967192431 ], [ 15.809721262648996, 58.70185102717231 ], [ 15.891472932759667, 58.69070307215722 ], [ 15.954644677845184, 58.672123147132069 ], [ 16.006668467915613, 58.657259207111942 ], [ 16.051260287975978, 58.646111252096851 ], [ 16.073556198006163, 58.638679282086791 ], [ 16.17462871579815, 58.588444366460173 ] ] ] } },
{ "type": "Feature", "properties": { "id": null }, "geometry": { "type": "MultiLineString", "coordinates": [ [ [ 12.922400913740306, 57.705223848823138 ], [ 12.996720613840916, 57.712655818833198 ], [ 13.045028418906313, 57.734951728863379 ], [ 13.1044841789868, 57.75353165388853 ], [ 13.11191614899686, 57.75724763889356 ], [ 13.123064104011952, 57.775827563918718 ], [ 13.163939939067287, 57.798123473948898 ], [ 13.212247744132684, 57.809271428963989 ], [ 13.279135474223231, 57.812987413969019 ], [ 13.353455174323843, 57.812987413969019 ], [ 13.398046994384208, 57.812987413969019 ], [ 13.450070784454635, 57.805555443958959 ], [ 13.502094574525062, 57.798123473948898 ], [ 13.572698289620641, 57.783259533928778 ], [ 13.617290109681006, 57.775827563918718 ], [ 13.654449959731311, 57.775827563918718 ], [ 13.702757764796708, 57.772111578913687 ], [ 13.754781554867135, 57.768395593908657 ], [ 13.829101254967744, 57.76096362389859 ], [ 13.877409060033141, 57.75724763889356 ], [ 13.933148835108598, 57.75353165388853 ], [ 13.992604595189086, 57.75353165388853 ], [ 14.048344370264543, 57.75353165388853 ], [ 14.138642805886779, 57.76170682089959 ] ] ] } },
{ "type": "Feature", "properties": { "id": null }, "geometry": { "type": "MultiLineString", "coordinates": [ [ [ 12.79993954043422, 58.031393583074518 ], [ 12.822069318604482, 57.983922724200426 ], [ 12.829501288614544, 57.961626814170238 ], [ 12.848081213639697, 57.946762874150117 ], [ 12.888957048695032, 57.920750979114906 ], [ 12.903820988715154, 57.913319009104846 ], [ 12.952128793780549, 57.876159159054538 ], [ 12.974424703810733, 57.868727189044478 ], [ 12.993004628835886, 57.831567338994169 ], [ 13.004152583850976, 57.816703398974049 ], [ 13.000436598845946, 57.794407488943868 ], [ 12.966992733800671, 57.772111578913687 ], [ 12.952128793780549, 57.742383698873439 ], [ 12.922400913740306, 57.705223848823138 ] ] ] } },
{ "type": "Feature", "properties": { "id": null }, "geometry": { "type": "MultiLineString", "coordinates": [ [ [ 12.012481029144805, 57.665850761838364 ], [ 12.072183544589333, 57.66732080177183 ], [ 12.116775364649698, 57.67475277178189 ], [ 12.13163930466982, 57.68218474179195 ], [ 12.191095064750307, 57.68218474179195 ], [ 12.217106959785522, 57.67846875678692 ], [ 12.254266809835826, 57.68218474179195 ], [ 12.321154539926376, 57.68590072679698 ], [ 12.339734464951528, 57.68590072679698 ], [ 12.388042270016923, 57.67846875678692 ], [ 12.425202120067228, 57.66732080177183 ], [ 12.473509925132625, 57.66732080177183 ], [ 12.629581295343906, 57.67475277178189 ], [ 12.66674114539421, 57.67475277178189 ], [ 12.722480920469668, 57.68218474179195 ], [ 12.74106084549482, 57.68961671180201 ], [ 12.796800620570277, 57.69704868181207 ], [ 12.859972365655796, 57.700764666817101 ], [ 12.922400913740306, 57.705223848823138 ] ] ] } },
{ "type": "Feature", "properties": { "id": null }, "geometry": { "type": "MultiLineString", "coordinates": [ [ [ 14.138642805886779, 57.76170682089959 ], [ 14.264986296057828, 57.780658344425255 ], [ 14.277992243575435, 57.795522284445376 ], [ 14.290998191093042, 57.812244216968011 ], [ 14.300288153605617, 57.828966149490654 ], [ 14.31886807863077, 57.847546074515805 ], [ 14.333732018650892, 57.86798399204347 ], [ 14.348595958671014, 57.886563917068628 ], [ 14.367175883696166, 57.901427857088748 ], [ 14.382039823716289, 57.916291797108869 ], [ 14.408051718751501, 57.94601967714911 ], [ 14.463791493826959, 57.988753504706963 ], [ 14.474939448842051, 57.999901459722054 ], [ 14.487945396359658, 58.016623392244689 ], [ 14.504667328882295, 58.031487332264817 ], [ 14.547401156440145, 58.061215212305058 ], [ 14.57712903648039, 58.090943092345299 ], [ 14.597566954008057, 58.128102942395607 ], [ 14.629152826550817, 58.170836769953453 ], [ 14.649590744078484, 58.191274687481126 ], [ 14.668170669103636, 58.213570597511307 ], [ 14.703472526651426, 58.234008515038973 ], [ 14.749922339214306, 58.261878402576706 ], [ 14.803804121787248, 58.271168365089281 ], [ 14.839105979335038, 58.271168365089281 ], [ 14.852111926852645, 58.269310372586766 ], [ 14.891129769405465, 58.282316320104371 ], [ 14.937579581968347, 58.297180260124492 ], [ 15.054633109626806, 58.321334162657195 ], [ 15.076929019656991, 58.32690814016474 ], [ 15.091792959677111, 58.328766132667255 ], [ 15.154593106262125, 58.3332253146733 ], [ 15.163883068774702, 58.3332253146733 ], [ 15.186178978804884, 58.34065728468336 ], [ 15.219622843850159, 58.346231262190905 ], [ 15.273504626423101, 58.357379217205995 ], [ 15.306948491468376, 58.361095202211025 ], [ 15.338534364011135, 58.364811187216056 ], [ 15.351540311528741, 58.368527172221086 ], [ 15.37569421406144, 58.375959142231146 ], [ 15.405422094101683, 58.375959142231146 ], [ 15.433291981639412, 58.375959142231146 ], [ 15.483457779207324, 58.377817134733661 ], [ 15.516901644252599, 58.385249104743721 ], [ 15.541055546785296, 58.396397059758819 ], [ 15.568925434323024, 58.403829029768879 ], [ 15.596795321860753, 58.405687022271394 ], [ 15.620949224393451, 58.411260999778939 ], [ 15.64881911193118, 58.414976984783969 ], [ 15.687836954484, 58.420550962291514 ], [ 15.728712789539337, 58.42984092480409 ], [ 15.777020594604732, 58.44470486482421 ], [ 15.817896429660067, 58.453994827336786 ], [ 15.858772264715403, 58.461426797346846 ], [ 15.9070800697808, 58.476290737366973 ], [ 15.934949957318528, 58.480006722372003 ], [ 15.977683784876378, 58.491154677387094 ], [ 16.044571514966929, 58.543178467457523 ], [ 16.076157387509685, 58.556184414975128 ], [ 16.118891215067539, 58.574764340000279 ], [ 16.17462871579815, 58.588444366460173 ] ] ] } },
{ "type": "Feature", "properties": { "id": null }, "geometry": { "type": "MultiLineString", "coordinates": [ [ [ 8.003880393119982, 58.144013861802456 ], [ 8.00763914608698, 58.186443906974631 ], [ 8.03922501862974, 58.203165839497267 ], [ 8.055946951152377, 58.203165839497267 ], [ 8.08195884618759, 58.201307846994752 ], [ 8.091248808700167, 58.201307846994752 ], [ 8.091248808700167, 58.201307846994752 ], [ 8.165568508800776, 58.203165839497267 ], [ 8.219450291373718, 58.210597809507327 ], [ 8.254752148921508, 58.218029779517387 ], [ 8.278906051454205, 58.232893719537515 ], [ 8.310491923996965, 58.24589966705512 ], [ 8.323497871514572, 58.247757659557635 ], [ 8.355083744057332, 58.255189629567695 ], [ 8.382953631595059, 58.270053569587816 ], [ 8.405249541625242, 58.284917509607936 ], [ 8.446125376680579, 58.299781449628057 ], [ 8.488859204238429, 58.314645389648184 ], [ 8.518587084278673, 58.32021936715573 ], [ 8.565036896841553, 58.351805239698486 ], [ 8.589190799374252, 58.359237209708546 ], [ 8.626350649424557, 58.372243157226151 ], [ 8.661652506972347, 58.390823082251309 ], [ 8.698812357022652, 58.41683497728652 ], [ 8.721108267052834, 58.440988879819216 ], [ 8.739688192077987, 58.459568804844373 ], [ 8.782422019635838, 58.476290737367009 ], [ 8.817723877183628, 58.487438692382099 ], [ 8.853025734731418, 58.515308579919825 ], [ 8.8753216447616, 58.533888504944983 ], [ 8.895759562289268, 58.552468429970133 ], [ 8.908765509806875, 58.578480325005344 ], [ 8.91805547231945, 58.613782182553138 ], [ 8.944067367354664, 58.647226047598409 ], [ 8.970079262389877, 58.662089987618536 ], [ 8.984943202409999, 58.669521957628596 ], [ 8.994233164922576, 58.684385897648717 ], [ 9.005381119937667, 58.723403740201533 ], [ 9.009097104942697, 58.734551695216631 ], [ 9.023961044962819, 58.753131620241781 ], [ 9.040682977485456, 58.766137567759387 ], [ 9.064836880018156, 58.782859500282022 ], [ 9.077842827535761, 58.794007455297113 ], [ 9.107570707576006, 58.820019350332331 ], [ 9.116860670088581, 58.829309312844906 ], [ 9.128008625103673, 58.849747230372571 ], [ 9.14101457262128, 58.872043140402759 ], [ 9.155878512641403, 58.877617117910305 ] ] ] } },
{ "type": "Feature", "properties": { "id": null }, "geometry": { "type": "MultiLineString", "coordinates": [ [ [ 9.155878512641403, 58.877617117910305 ], [ 9.196011150695732, 58.886163883421894 ], [ 9.203443120705794, 58.886163883421894 ], [ 9.235028993248553, 58.889879868426924 ], [ 9.262898880786281, 58.893595853431954 ], [ 9.264756873288796, 58.895453845934469 ], [ 9.274046835801373, 58.902885815944529 ], [ 9.292626760826526, 58.915891763462135 ], [ 9.307490700846648, 58.927039718477232 ], [ 9.32978661087683, 58.938187673492322 ], [ 9.350224528404498, 58.949335628507413 ], [ 9.389242370957318, 58.953051613512443 ], [ 9.411538280987502, 58.954909606014958 ], [ 9.444982146032775, 58.956767598517473 ], [ 9.465420063560444, 58.962341576025018 ], [ 9.493289951098172, 58.979063508547654 ], [ 9.523017831138416, 58.988353471060229 ], [ 9.556461696183691, 58.993927448567781 ], [ 9.571325636203813, 58.995785441070296 ], [ 9.610343478756633, 59.001359418577842 ], [ 9.621491433771723, 59.005075403582872 ], [ 9.62706541127927, 59.006933396085387 ], [ 9.632639388786815, 59.010649381090417 ], [ 9.632639388786815, 59.010649381090417 ], [ 9.643787343801907, 59.014365366095447 ] ] ] } },
{ "type": "Feature", "properties": { "id": null }, "geometry": { "type": "MultiLineString", "coordinates": [ [ [ 9.643787343801907, 59.014365366095447 ], [ 9.627994407530528, 59.025327521860284 ], [ 9.620562437520466, 59.02811451061406 ], [ 9.602911508746573, 59.036475476875374 ], [ 9.597337531239026, 59.037404473126635 ], [ 9.582473591218903, 59.04297845063418 ], [ 9.569467643701298, 59.055984398151786 ], [ 9.562964669942494, 59.067132353166876 ], [ 9.547171733671114, 59.079209304433228 ], [ 9.531308277993951, 59.094368328521902 ], [ 9.514656864877097, 59.088499266945803 ], [ 9.487715973590626, 59.094073244453348 ], [ 9.476568018575534, 59.108008188222215 ], [ 9.472852033570504, 59.11358216572976 ], [ 9.490502962344399, 59.133091087006171 ], [ 9.495147943600687, 59.134020083257425 ], [ 9.524875823640931, 59.13587807575994 ], [ 9.532307793650993, 59.145168038272516 ], [ 9.538810767409796, 59.156315993287606 ], [ 9.542526752414826, 59.167463948302704 ], [ 9.549958722424886, 59.176753910815279 ], [ 9.562964669942494, 59.186972869579108 ], [ 9.573183628706328, 59.193475843337914 ], [ 9.590834557480223, 59.204623798353005 ], [ 9.605141099749586, 59.209826177360014 ] ] ] } },
{ "type": "Feature", "properties": { "id": null }, "geometry": { "type": "MultiLineString", "coordinates": [ [ [ 10.940666110557515, 59.932492361213207 ], [ 11.000493469138542, 59.978663474900884 ], [ 11.030221349178786, 59.991669422418489 ], [ 11.063665214224061, 60.00653336243861 ], [ 11.091535101761789, 60.023255294961253 ], [ 11.119404989299518, 60.051125182498978 ], [ 11.126836959309578, 60.062273137514069 ], [ 11.141700899329701, 60.099432987564377 ], [ 11.141700899329701, 60.136592837614678 ], [ 11.156564839349823, 60.188616627685107 ], [ 11.171428779369945, 60.218344507725348 ], [ 11.190008704395098, 60.275942275303322 ], [ 11.20115665941019, 60.296380192830988 ], [ 11.210446621922765, 60.31310212535363 ], [ 11.279192344515829, 60.355835952911477 ], [ 11.301488254546012, 60.329824057876266 ], [ 11.308920224556074, 60.318676102861176 ], [ 11.349796059611409, 60.272226290298292 ], [ 11.359086022123986, 60.261078335283202 ], [ 11.388813902164229, 60.238782425253021 ], [ 11.401819849681836, 60.233208447745476 ], [ 11.424115759712018, 60.212770530217803 ], [ 11.453843639752263, 60.207196552710258 ], [ 11.491003489802567, 60.210912537715288 ], [ 11.55231724238557, 60.222060492730378 ], [ 11.569039174908207, 60.225776477735408 ], [ 11.595051069943421, 60.240640417755536 ], [ 11.621062964978634, 60.253646365273141 ], [ 11.656364822526424, 60.268510305293262 ], [ 11.669370770044031, 60.270368297795777 ], [ 11.689808687571698, 60.275942275303322 ], [ 11.721394560114458, 60.283374245313382 ], [ 11.795714260215068, 60.287090230318412 ], [ 11.845880057782979, 60.275942275303322 ], [ 11.892329870345861, 60.261078335283202 ], [ 11.946211652918803, 60.236924432750506 ], [ 11.985595703125, 60.203387762494117 ], [ 11.989811449371139, 60.187591645378575 ] ] ] } },
{ "type": "Feature", "properties": { "id": null }, "geometry": { "type": "MultiLineString", "coordinates": [ [ [ 21.806777638303085, 54.632824041217518 ], [ 21.855628865833623, 54.623000086400758 ], [ 21.869563809602486, 54.620213097646989 ], [ 21.875137787110031, 54.618819603270097 ], [ 21.89185971963267, 54.617426108893213 ], [ 21.911368640909078, 54.616032614516328 ], [ 21.939238528446808, 54.609065142631891 ], [ 21.960140944100104, 54.606278153878122 ], [ 21.982436854130288, 54.602097670747462 ], [ 22.010306741668018, 54.602097670747462 ], [ 22.025635179813769, 54.602097670747462 ], [ 22.05211157297461, 54.602097670747462 ], [ 22.070226999874134, 54.602097670747462 ], [ 22.096703393034975, 54.597917187616801 ], [ 22.117605808688271, 54.59373670448614 ], [ 22.142688707472228, 54.588162726978595 ], [ 22.177129680643322, 54.568070023270607 ], [ 22.216543909447211, 54.589556221355487 ], [ 22.226298370085413, 54.592343210109256 ], [ 22.25556175200003, 54.599310681993693 ], [ 22.287612122668417, 54.603491165124346 ], [ 22.315482010206146, 54.603491165124346 ], [ 22.326629965221237, 54.606278153878122 ], [ 22.350319369628306, 54.611852131385668 ], [ 22.41581360534197, 54.617426108893213 ], [ 22.468766391663653, 54.621606592023873 ], [ 22.523112672362224, 54.64250900767717 ], [ 22.550982559899953, 54.638328524546509 ], [ 22.563524009291932, 54.634148041415848 ], [ 22.57188497555325, 54.634148041415848 ], [ 22.688938503211709, 54.632754547038964 ], [ 22.705660435734348, 54.634148041415848 ], [ 22.725169357010756, 54.638328524546509 ], [ 22.727956345764532, 54.639722018923393 ], [ 22.769761177071125, 54.639722018923393 ], [ 22.794844075855078, 54.636935030169624 ], [ 22.817139985885262, 54.624393580777642 ], [ 22.845009873422992, 54.624393580777642 ], [ 22.867305783453176, 54.627180569531419 ], [ 22.895175670990902, 54.631361052662079 ], [ 22.928619536036177, 54.636935030169624 ], [ 22.970424367342769, 54.641115513300285 ], [ 22.991326782996069, 54.639722018923393 ], [ 23.01780317615691, 54.638328524546509 ], [ 23.035918603056434, 54.643902502054054 ] ] ] } },
{ "type": "Feature", "properties": { "id": null }, "geometry": { "type": "MultiLineString", "coordinates": [ [ [ 23.035918603056434, 54.643902502054054 ], [ 23.060722802965014, 54.650869973938484 ], [ 23.091379679256516, 54.667591906461119 ], [ 23.10252763427161, 54.674559378345556 ], [ 23.15269343183952, 54.698248782752621 ], [ 23.193104768769228, 54.709396737767712 ], [ 23.218187667553181, 54.716364209652149 ], [ 23.258599004482889, 54.717757704029033 ], [ 23.278107925759301, 54.712183726521488 ], [ 23.308764802050799, 54.703822760260167 ], [ 23.336634689588529, 54.696855288375737 ], [ 23.357537105241825, 54.695461793998852 ], [ 23.385406992779554, 54.688494322114416 ], [ 23.448114239739443, 54.678739861476217 ], [ 23.470410149769627, 54.677346367099325 ], [ 23.501067026061129, 54.678739861476217 ], [ 23.52336293609131, 54.689887816491307 ], [ 23.556806801136585, 54.709396737767712 ], [ 23.583283194297429, 54.719151198405918 ], [ 23.60557910432761, 54.728905659044123 ], [ 23.618120553719589, 54.730299153421015 ], [ 23.641809958126657, 54.737266625305445 ], [ 23.659925385026181, 54.744234097189874 ], [ 23.690582261317683, 54.752595063451196 ], [ 23.707304193840322, 54.762349524089402 ], [ 23.728206609493618, 54.772103984727607 ], [ 23.771404935177095, 54.784645434119582 ], [ 23.818783743991236, 54.793006400380904 ], [ 23.84804712590585, 54.806941344149763 ], [ 23.855014597790284, 54.812515321657308 ], [ 23.871736530312919, 54.82505677104929 ], [ 23.888458462835558, 54.847352681079471 ], [ 23.899606417850649, 54.864074613602106 ], [ 23.907699422664582, 54.894402420338615 ] ] ] } },
{ "type": "Feature", "properties": { "id": null }, "geometry": { "type": "MultiLineString", "coordinates": [ [ [ 26.092162720260873, 52.122933487497264 ], [ 26.09296656706989, 52.160695522442417 ], [ 26.077638128924139, 52.181597938095713 ], [ 26.069277162662818, 52.192745893110803 ], [ 26.062309690778388, 52.196926376241464 ], [ 26.056735713270843, 52.205287342502778 ], [ 26.014930881964247, 52.230370241286735 ], [ 25.992634971934066, 52.241518196301826 ], [ 25.992634971934066, 52.247092173809371 ], [ 25.995421960687839, 52.263814106332013 ], [ 25.988454488803406, 52.283323027608418 ], [ 25.987060994426521, 52.309799420769259 ], [ 25.987060994426521, 52.320947375784357 ], [ 26.020504859471796, 52.334882319553216 ], [ 26.023291848225568, 52.334882319553216 ], [ 26.063703185155273, 52.341849791437653 ], [ 26.077638128924139, 52.346030274568307 ], [ 26.08878608393923, 52.351604252075859 ], [ 26.125016937738277, 52.357178229583404 ], [ 26.151493330899118, 52.366932690221603 ], [ 26.180756712813736, 52.3780806452367 ], [ 26.204446117220805, 52.383654622744245 ], [ 26.226742027250985, 52.39201558900556 ], [ 26.23231600475853, 52.393409083382451 ], [ 26.236496487889191, 52.394802577759336 ], [ 26.258792397919375, 52.405950532774426 ], [ 26.261579386673148, 52.415704993412632 ], [ 26.261579386673148, 52.433820420312152 ], [ 26.268546858557581, 52.451935847211679 ], [ 26.307564701110401, 52.471444768488091 ], [ 26.313138678617946, 52.472838262864975 ], [ 26.325680128009925, 52.48537971225695 ], [ 26.34240206053256, 52.506282127910247 ], [ 26.353550015547651, 52.516036588548452 ], [ 26.360517487432084, 52.52718454356355 ], [ 26.359123993055199, 52.543906476086185 ], [ 26.34240206053256, 52.571776363623911 ], [ 26.334041094271242, 52.596859262407868 ], [ 26.311745184241058, 52.619155172438049 ], [ 26.306171206733513, 52.628909633076255 ], [ 26.317319161748603, 52.656779520613988 ], [ 26.339615071778788, 52.672107958759739 ], [ 26.353550015547651, 52.683255913774829 ], [ 26.366091464939629, 52.70973230693567 ], [ 26.384206891839153, 52.720880261950761 ], [ 26.399535329984904, 52.723667250704537 ], [ 26.410683285, 52.732028216965851 ], [ 26.431585700653294, 52.754324126996032 ], [ 26.410683285, 52.793063270673478 ], [ 26.396748341231127, 52.826507135718757 ], [ 26.363304476185853, 52.859951000764028 ], [ 26.357730498678308, 52.873885944532894 ], [ 26.357730498678308, 52.896181854563075 ], [ 26.315925667371712, 52.968643562161169 ], [ 26.274120836065119, 52.999300438452671 ], [ 26.249037937281162, 53.013235382221538 ], [ 26.24625094852739, 53.027170325990404 ], [ 26.226742027250982, 53.05504021352813 ], [ 26.204446117220797, 53.068975157296997 ], [ 26.190511173451934, 53.077336123558311 ], [ 26.137558387130248, 53.105206011096044 ], [ 26.115262477100067, 53.110779988603589 ], [ 26.073457645793471, 53.116353966111134 ], [ 26.007377877854275, 53.117037072007342 ] ] ] } },
{ "type": "Feature", "properties": { "id": null }, "geometry": { "type": "MultiLineString", "coordinates": [ [ [ 26.007377877854275, 53.117037072007342 ], [ 26.015488279714997, 53.140879467144345 ], [ 26.01827526846877, 53.145059950275005 ], [ 26.023849245976315, 53.156207905290096 ], [ 26.033603706614521, 53.171536343435847 ], [ 26.044751661629615, 53.181290804074052 ], [ 26.062867088529138, 53.192438759089143 ], [ 26.085162998559319, 53.19940623097358 ], [ 26.121393852358366, 53.21055418598867 ], [ 26.146476751142323, 53.214734669119331 ], [ 26.160411694911186, 53.218915152249984 ], [ 26.168772661172508, 53.22170214100376 ], [ 26.195249054333349, 53.22866961288819 ], [ 26.213364481232873, 53.232850096018851 ], [ 26.245414851901259, 53.242604556657056 ], [ 26.302548121353603, 53.257932994802808 ], [ 26.352713918921516, 53.271867938571674 ], [ 26.383370795213018, 53.285802882340533 ], [ 26.408453693996972, 53.302524814863176 ], [ 26.43214309840404, 53.320640241762696 ], [ 26.455832502811113, 53.333181691154678 ], [ 26.478128412841293, 53.341542657415992 ], [ 26.490669862233272, 53.345723140546653 ], [ 26.497637334117705, 53.349903623677314 ], [ 26.514359266640341, 53.355477601184859 ], [ 26.525507221655435, 53.358264589938628 ], [ 26.580132201229389, 53.393380648236153 ], [ 26.619150043782209, 53.412889569512558 ], [ 26.652593908827484, 53.437972468296515 ], [ 26.66652885259635, 53.449120423311605 ], [ 26.691611751380304, 53.467235850211132 ], [ 26.70554669514917, 53.476990310849338 ], [ 26.715301155787373, 53.481170793979999 ] ] ] } },
{ "type": "Feature", "properties": { "id": null }, "geometry": { "type": "MultiLineString", "coordinates": [ [ [ 26.092162720260873, 52.122933487497264 ], [ 26.129963842775844, 52.085168127214935 ], [ 26.145292280921598, 52.068446194692292 ], [ 26.13275083152962, 52.061478722807863 ], [ 26.092339494599909, 52.041969801531451 ], [ 26.082585033961703, 52.028034857762584 ], [ 26.058895629554634, 52.012706419616833 ], [ 26.025451764509356, 52.002951958978628 ], [ 26.001762360102287, 51.990410509586653 ], [ 25.973892472564557, 51.970901588310241 ], [ 25.930694146881073, 51.954179655787598 ], [ 25.913972214358438, 51.945818689526284 ], [ 25.897250281835799, 51.940244712018739 ], [ 25.855445450529203, 51.897046386335255 ], [ 25.873560877428726, 51.863602521289977 ], [ 25.881921843690048, 51.84966757752111 ], [ 25.902824259343344, 51.841306611259796 ], [ 25.952990056911258, 51.837126128129135 ], [ 25.990614405087193, 51.83851962250602 ], [ 26.014303809494265, 51.828765161867814 ], [ 26.04774767453954, 51.824584678737153 ], [ 26.071437078946612, 51.813436723722063 ], [ 26.097913472107457, 51.799501779953196 ], [ 26.102093955238114, 51.799501779953196 ], [ 26.137210013535658, 51.822355087734138 ], [ 26.14696447417386, 51.825142076487907 ], [ 26.155325440435181, 51.829322559618568 ], [ 26.173440867334705, 51.830716053995459 ], [ 26.204097743626207, 51.826535570864799 ], [ 26.227090400844837, 51.816781110226593 ], [ 26.235451367106155, 51.813297374284375 ], [ 26.247296069309691, 51.811207132719048 ], [ 26.261231013078554, 51.804239660834611 ], [ 26.286313911862514, 51.802846166457726 ], [ 26.310700063458025, 51.802846166457726 ], [ 26.317667535342459, 51.799362430515508 ], [ 26.321848018473119, 51.787517728311975 ], [ 26.312790305023356, 51.771492542977782 ], [ 26.302339097196707, 51.733171447613401 ], [ 26.310003316269583, 51.70669505445256 ], [ 26.324635007226892, 51.696940593814354 ], [ 26.335782962241982, 51.691366616306809 ], [ 26.357382125083724, 51.680218661291711 ], [ 26.36922682728726, 51.675341430972608 ], [ 26.431794724809468, 51.679103865790211 ], [ 26.435975207940128, 51.679103865790211 ], [ 26.497288960523136, 51.66377542764446 ], [ 26.507043421161342, 51.651233978252478 ], [ 26.526552342437753, 51.634512045729842 ], [ 26.55163524122171, 51.619183607584091 ], [ 26.566963679367461, 51.609429146945885 ], [ 26.562783196236801, 51.596887697553903 ], [ 26.541880780583504, 51.577378776277492 ], [ 26.534913308699071, 51.564837326885517 ], [ 26.540487286206616, 51.542541416855329 ], [ 26.541880780583504, 51.529999967463354 ], [ 26.544667769337277, 51.516065023694487 ], [ 26.536306803075956, 51.47565368676478 ], [ 26.518191376176432, 51.453357776734592 ], [ 26.480567028000497, 51.444996810473278 ], [ 26.479173533623609, 51.442209821719501 ], [ 26.470255169611534, 51.434127554333557 ], [ 26.477222641495967, 51.425766588072236 ], [ 26.488370596511057, 51.417405621810921 ], [ 26.498125057149263, 51.407651161172716 ], [ 26.514846989671902, 51.39789670053451 ], [ 26.520420967179447, 51.395109711780734 ], [ 26.542716877209632, 51.378387779258098 ], [ 26.560832304109159, 51.367239824243008 ], [ 26.573373753501137, 51.357485363604802 ], [ 26.597063157908206, 51.346337408589704 ], [ 26.6082111129233, 51.335189453574614 ], [ 26.61517858480773, 51.328221981690184 ], [ 26.616572079184618, 51.326828487313293 ], [ 26.617965573561506, 51.319861015428863 ], [ 26.626326539822813, 51.265793433605666 ], [ 26.620752562315268, 51.230956074183503 ], [ 26.609604607300174, 51.205873175399546 ], [ 26.605424124169517, 51.193331726007564 ], [ 26.584521708516217, 51.120870018409462 ], [ 26.583128214139332, 51.098574108379282 ], [ 26.581734719762444, 51.083245670233531 ], [ 26.577554236631787, 51.070704220841549 ], [ 26.570586764747354, 51.048408310811368 ], [ 26.551077843470942, 51.021931917650527 ], [ 26.553864832224715, 51.010783962635429 ], [ 26.555258326601603, 50.998242513243454 ], [ 26.552471337847827, 50.975946603213266 ], [ 26.51624048404878, 50.929961288776013 ], [ 26.509273012164346, 50.921600322514692 ], [ 26.486977102134162, 50.903484895615172 ], [ 26.475829147119072, 50.874221513700554 ], [ 26.475829147119072, 50.858893075554803 ], [ 26.457713720219544, 50.825449210509525 ], [ 26.443778776450682, 50.80872727798689 ], [ 26.414515394536064, 50.780857390449157 ], [ 26.350414653199284, 50.736265570388788 ], [ 26.344840675691739, 50.718150143489268 ], [ 26.3281187431691, 50.690280255951535 ], [ 26.316970788154009, 50.681919289690214 ], [ 26.275165956847413, 50.652655907775596 ], [ 26.252870046817229, 50.627573008991639 ], [ 26.223606664902611, 50.616425053976549 ] ] ] } },
{ "type": "Feature", "properties": { "id": null }, "geometry": { "type": "MultiLineString", "coordinates": [ [ [ 31.720189437195351, 54.014815564110741 ], [ 31.779190046673722, 54.030486277348452 ], [ 31.812633911718997, 54.043027726740426 ], [ 31.850258259894932, 54.052782187378632 ], [ 31.872554169925117, 54.058356164886177 ], [ 31.908785023724167, 54.076471591785705 ], [ 31.938048405638785, 54.09319352430834 ], [ 31.972885765060948, 54.112702445584752 ], [ 32.007723124483107, 54.123850400599842 ], [ 32.039773495151501, 54.14614631063003 ], [ 32.095513270226959, 54.169835715037102 ], [ 32.156827022809964, 54.192131625067283 ], [ 32.225108247277404, 54.231149467620106 ], [ 32.240436685423155, 54.249264894519634 ], [ 32.273880550468434, 54.291069725826226 ], [ 32.29896344925239, 54.306398163971977 ], [ 32.339374786182098, 54.32312009649462 ], [ 32.357490213081626, 54.342629017771024 ], [ 32.386753594996243, 54.364924927801212 ], [ 32.407656010649539, 54.376072882816302 ], [ 32.428558426302835, 54.390007826585169 ], [ 32.432738909433496, 54.395581804092714 ] ] ] } },
{ "type": "Feature", "properties": { "id": null }, "geometry": { "type": "MultiLineString", "coordinates": [ [ [ 32.056842968509791, 54.777667073364512 ], [ 32.083250519710354, 54.747021085943494 ], [ 32.104152935363651, 54.735873130928404 ], [ 32.116694384755633, 54.716364209651992 ], [ 32.129235834147607, 54.698248782752465 ], [ 32.144564272293358, 54.680133355852938 ], [ 32.176614642961752, 54.648082985184551 ], [ 32.201697541745709, 54.614639120139273 ], [ 32.21005850800703, 54.588162726978432 ], [ 32.247682856182962, 54.563079828194475 ], [ 32.267191777459374, 54.543570906918063 ], [ 32.286700698735785, 54.5087335474959 ], [ 32.314570586273518, 54.476683176827507 ], [ 32.349407945695681, 54.452993772420442 ], [ 32.356375417580111, 54.439058828651575 ], [ 32.373097350102746, 54.42233689612894 ], [ 32.396786754509819, 54.397253997344983 ], [ 32.428558426302835, 54.390007826585169 ] ] ] } },
{ "type": "Feature", "properties": { "id": null }, "geometry": { "type": "MultiLineString", "coordinates": [ [ [ 23.723928521496152, 56.646041940057145 ], [ 23.738448793163169, 56.554940690516027 ], [ 23.727300838148079, 56.527070802978301 ], [ 23.72172686064053, 56.515922847963203 ], [ 23.705004928117894, 56.46575705039529 ], [ 23.68270901808771, 56.421165230334921 ], [ 23.660413108057526, 56.382147387782098 ], [ 23.638117198027341, 56.298537725168913 ], [ 23.626969243012248, 56.248371927600999 ], [ 23.626969243012248, 56.237223972585902 ], [ 23.593525377966973, 56.203780107540631 ], [ 23.548933557906604, 56.170336242495353 ], [ 23.521063670368875, 56.136892377450074 ], [ 23.504341737846236, 56.109022489912348 ], [ 23.504341737846236, 56.086726579882161 ], [ 23.35941832265004, 56.003116917268969 ], [ 23.31075506825405, 55.931223812201935 ], [ 23.31075506825405, 55.931223812201935 ], [ 23.31075506825405, 55.931223812201935 ], [ 23.415158097725499, 55.852619524565227 ], [ 23.536698357546253, 55.812075540305614 ], [ 23.536698357546253, 55.812075540305614 ], [ 23.536698357546253, 55.812075540305614 ], [ 23.688282995595255, 55.707696109369031 ], [ 23.72172686064053, 55.668678266816208 ], [ 23.744022770670714, 55.62408644675584 ], [ 23.816484478268812, 55.562772694172835 ], [ 23.838780388299, 55.501458941589824 ], [ 23.872224253344275, 55.445719166514365 ], [ 23.916816073404643, 55.384405413931361 ], [ 23.955833915957466, 55.31194370633326 ], [ 23.994851758510286, 55.272925863780436 ], [ 24.045574953828961, 55.228334043720032 ] ] ] } },
{ "type": "Feature", "properties": { "id": null }, "geometry": { "type": "MultiLineString", "coordinates": [ [ [ 24.349156809099838, 55.730893088901347 ], [ 24.351586318993235, 55.841471569550137 ], [ 24.362734274008325, 55.891637367118051 ], [ 24.373882229023419, 55.975247029731243 ], [ 24.412900071576239, 56.047708737329337 ], [ 24.474213824159246, 56.092300557389706 ], [ 24.507657689204521, 56.114596467419894 ], [ 24.55224950926489, 56.14246635495762 ], [ 24.624711216862991, 56.164762264987807 ], [ 24.78311445905366, 56.209812525520547 ], [ 24.78311445905366, 56.209812525520547 ], [ 24.723370618746557, 56.276241815138725 ], [ 24.720583629992785, 56.304111702676458 ], [ 24.689926753701279, 56.348703522736827 ], [ 24.659269877409777, 56.379360399028329 ], [ 24.603530102334318, 56.443461140365109 ], [ 24.609104079841863, 56.468544039149066 ], [ 24.625826012364502, 56.485265971671701 ], [ 24.664843854917322, 56.504774892948113 ], [ 24.72615760750033, 56.521496825470749 ], [ 24.767962438806926, 56.524283814224525 ], [ 24.82927619138993, 56.532644780485846 ], [ 24.898950910234255, 56.552153701762251 ], [ 24.921246820264439, 56.557727679269803 ], [ 24.949116707802172, 56.566088645531117 ], [ 24.979216186342917, 56.587827157810558 ], [ 25.083492971032872, 56.61645784773085 ] ] ] } },
{ "type": "Feature", "properties": { "id": null }, "geometry": { "type": "MultiLineString", "coordinates": [ [ [ 25.082826263419431, 56.61073477522114 ], [ 25.171518410353254, 56.628238494740266 ], [ 25.197994803514099, 56.62545150598649 ], [ 25.214716736036738, 56.624058011609606 ], [ 25.239799634820695, 56.624058011609606 ], [ 25.271850005489085, 56.624058011609606 ], [ 25.309474353665021, 56.624058011609606 ], [ 25.333163758072089, 56.629631989117151 ], [ 25.36939461187114, 56.643566932886017 ], [ 25.387510038770664, 56.647747416016678 ], [ 25.440161758145926, 56.646212418160772 ] ] ] } },
{ "type": "Feature", "properties": { "id": null }, "geometry": { "type": "MultiLineString", "coordinates": [ [ [ 25.440161758145926, 56.646212418160772 ], [ 25.511252339438187, 56.630746784618665 ], [ 25.527974271960822, 56.622385818357344 ], [ 25.541909215729689, 56.611237863342254 ], [ 25.560024642629212, 56.605663885834709 ], [ 25.601829473935808, 56.608450874588485 ], [ 25.642240810865516, 56.62517280711112 ], [ 25.679865159041455, 56.627959795864889 ], [ 25.702161069071636, 56.63214027899555 ], [ 25.735604934116914, 56.633533773372442 ], [ 25.764868316031531, 56.633533773372442 ], [ 25.793295601320018, 56.622943216108091 ], [ 25.793295601320018, 56.622943216108091 ], [ 25.804443556335112, 56.596466822947249 ], [ 25.808066641715012, 56.581974481427636 ], [ 25.81642760797633, 56.566646043281885 ], [ 25.827575562991424, 56.558285077020564 ], [ 25.840117012383402, 56.54992411075925 ], [ 25.88052834931311, 56.537382661367268 ], [ 25.890282809951316, 56.527628200729062 ], [ 25.904217753720182, 56.512299762583311 ], [ 25.914016111133307, 56.487991904061246 ] ] ] } },
{ "type": "Feature", "properties": { "id": null }, "geometry": { "type": "MultiLineString", "coordinates": [ [ [ 25.914016111133307, 56.487991904061246 ], [ 25.94588323558909, 56.486380767173216 ], [ 25.957727937792626, 56.482200284042555 ], [ 25.974449870315265, 56.482200284042555 ], [ 25.986991319707244, 56.479413295288779 ], [ 26.009287229737428, 56.474536064969683 ], [ 26.032976634144497, 56.471749076215907 ], [ 26.058059532928457, 56.464781604331478 ], [ 26.072691223885762, 56.458510879635483 ], [ 26.092200145162174, 56.433427980851526 ], [ 26.10404484736571, 56.422976773024878 ], [ 26.121463527076791, 56.413919059575115 ], [ 26.145849678672306, 56.40137761018314 ], [ 26.163268358383387, 56.393713391110261 ], [ 26.172326071833151, 56.383262183283613 ], [ 26.175809807775366, 56.367236997949419 ], [ 26.17720330215225, 56.354695548557437 ], [ 26.179293543717581, 56.353998801368995 ], [ 26.19713027174172, 56.339227760973991 ], [ 26.208278226756814, 56.30578389592872 ], [ 26.212458709887471, 56.294635940913622 ], [ 26.21803268739502, 56.27512701963721 ], [ 26.228461936345695, 56.228216536429933 ], [ 26.262624507455389, 56.227748210823073 ], [ 26.28910090061623, 56.219387244561752 ], [ 26.314183799400187, 56.202665312039116 ], [ 26.343447181314804, 56.190123862647134 ], [ 26.362956102591216, 56.160860480732516 ], [ 26.371317068852534, 56.141351559456112 ], [ 26.376891046360083, 56.123236132556585 ], [ 26.397793462013379, 56.061922379973581 ], [ 26.404760933897812, 56.036839481189624 ], [ 26.414515394536018, 56.014543571159436 ], [ 26.429843832681769, 55.985280189244818 ], [ 26.453533237088838, 55.956016807330201 ], [ 26.489764090887888, 55.92954041416936 ], [ 26.495338068395434, 55.923966436661814 ], [ 26.5092730121643, 55.904457515385403 ], [ 26.514078532768572, 55.86568006607866 ] ] ] } },
{ "type": "Feature", "properties": { "id": null }, "geometry": { "type": "MultiLineString", "coordinates": [ [ [ 27.328602115324276, 56.507409703753716 ], [ 27.355402797809791, 56.53989095124566 ], [ 27.358189786563564, 56.553825895014526 ], [ 27.369337741578654, 56.56218686127584 ], [ 27.380485696593748, 56.576121805044707 ], [ 27.408355584131478, 56.592843737567343 ], [ 27.430651494161662, 56.606778681336209 ], [ 27.458521381699391, 56.626287602612621 ], [ 27.486391269237124, 56.648583512642809 ], [ 27.50311320175976, 56.665305445165444 ], [ 27.564426954342768, 56.698749310210722 ], [ 27.636888661940866, 56.743341130271091 ], [ 27.698202414523873, 56.773998006562593 ], [ 27.770664122121971, 56.801867894100319 ], [ 27.809681964674795, 56.838098747899373 ], [ 27.823616908443658, 56.85203369166824 ], [ 27.82640389719743, 56.860394657929554 ], [ 27.904439582303077, 56.941217331788977 ], [ 27.949031402363445, 56.971874208080479 ], [ 27.993623222423814, 57.013679039387071 ], [ 28.027067087469089, 57.05827085944744 ], [ 28.060510952514363, 57.097288702000263 ], [ 28.105102772574732, 57.141880522060632 ], [ 28.13854663762001, 57.172537398352134 ], [ 28.183138457680379, 57.208768252151181 ], [ 28.211008345218108, 57.225490184673824 ], [ 28.250026187770931, 57.253360072211549 ], [ 28.272322097801116, 57.281229959749282 ], [ 28.286257041569979, 57.295164903518149 ], [ 28.350286577816821, 57.343640417315427 ] ] ] } },
{ "type": "Feature", "properties": { "id": null }, "geometry": { "type": "MultiLineString", "coordinates": [ [ [ 13.227692390908098, 52.853978001004052 ], [ 13.196106434265955, 52.88336170629546 ], [ 13.187745468004636, 52.893116166933666 ], [ 13.184958479250863, 52.904264121948756 ], [ 13.166843052351338, 52.927953526355829 ], [ 13.164056063597565, 52.933527503863374 ], [ 13.158482086090018, 52.961397391401107 ], [ 13.152908108582473, 52.985086795808172 ], [ 13.154301602959359, 52.999021739577039 ], [ 13.175204018612657, 53.022711143984111 ], [ 13.180777996120202, 53.029678615868541 ], [ 13.179384501743316, 53.107714300974187 ], [ 13.165449557974451, 53.139764671642574 ], [ 13.152908108582473, 53.162060581672762 ], [ 13.137579670436722, 53.178782514195397 ], [ 13.134792681682947, 53.184356491702943 ], [ 13.105529299768332, 53.242883255532178 ], [ 13.105529299768332, 53.26657265993925 ], [ 13.105529299768332, 53.286081581215662 ], [ 13.099715837075006, 53.355450939767586 ], [ 13.099715837075006, 53.355450939767586 ], [ 13.057314394328056, 53.379445704467038 ], [ 13.035018484297872, 53.401741614497219 ], [ 13.039198967428533, 53.424037524527407 ], [ 13.05592089995117, 53.440759457050042 ], [ 13.062888371835603, 53.451907412065133 ], [ 13.069855843720035, 53.460268378326454 ], [ 13.072642832473807, 53.475596816472205 ], [ 13.072642832473807, 53.485351277110411 ], [ 13.092151753750219, 53.502073209633046 ], [ 13.128382607549268, 53.524369119663234 ], [ 13.152072011956339, 53.54109105218587 ], [ 13.191089854509162, 53.552239007200967 ], [ 13.22314022517755, 53.557812984708512 ], [ 13.25519059584594, 53.563386962216057 ], [ 13.264945056484146, 53.580108894738693 ], [ 13.267732045237919, 53.60519179352265 ], [ 13.251010112715282, 53.670686029236315 ], [ 13.242649146453962, 53.701342905527824 ], [ 13.227320708308211, 53.730606287442434 ], [ 13.206418292654913, 53.755689186226391 ], [ 13.177154910740295, 53.78216557938724 ], [ 13.152072011956339, 53.798887511909875 ], [ 13.128382607549268, 53.828150893824493 ], [ 13.111660675026631, 53.847659815100904 ], [ 13.094938742503992, 53.862988253246655 ], [ 13.061494877458715, 53.885284163276836 ], [ 13.041721248306086, 53.903776095972212 ] ] ] } },
{ "type": "Feature", "properties": { "id": null }, "geometry": { "type": "MultiLineString", "coordinates": [ [ [ 28.350286577816821, 57.343640417315427 ], [ 28.363177931174121, 57.408316646921328 ], [ 28.360390942420349, 57.425038579443964 ], [ 28.335308043636392, 57.486352332026975 ], [ 28.335308043636392, 57.508648242057156 ], [ 28.321373099867525, 57.575535972147712 ], [ 28.31579912235998, 57.597831882177893 ], [ 28.31579912235998, 57.62291478096185 ], [ 28.318586111113753, 57.636849724730716 ], [ 28.32694707737507, 57.650784668499583 ], [ 28.360390942420349, 57.706524443575042 ], [ 28.399408784973168, 57.748329274881634 ], [ 28.413343728742035, 57.787347117434457 ], [ 28.304893791443991, 57.801588369726694 ] ] ] } },
{ "type": "Feature", "properties": { "id": null }, "geometry": { "type": "MultiLineString", "coordinates": [ [ [ 23.548151466338176, 58.934958511910409 ], [ 23.565098092678483, 58.906323102074268 ], [ 23.572065564562916, 58.896568641436062 ], [ 23.584607013954894, 58.886814180797856 ], [ 23.608296418361963, 58.874272731405874 ], [ 23.636166305899692, 58.864518270767668 ], [ 23.677971137206288, 58.863124776390784 ], [ 23.712808496628451, 58.864518270767668 ], [ 23.740678384166181, 58.860337787637008 ], [ 23.771335260457686, 58.853370315752578 ], [ 23.78945068735721, 58.850583326998802 ], [ 23.795024664864755, 58.846402843868141 ], [ 23.807566114256733, 58.839435371983711 ], [ 23.815927080518055, 58.829680911345505 ], [ 23.825681541156261, 58.81295897882287 ], [ 23.839616484925124, 58.803204518184664 ], [ 23.863305889332196, 58.793450057546458 ], [ 23.875847338724174, 58.787876080038913 ], [ 23.906504215015676, 58.779515113777592 ], [ 23.930193619422749, 58.773941136270047 ], [ 23.958063506960478, 58.762793181254956 ], [ 23.992900866382641, 58.75303872061675 ], [ 23.997081349513302, 58.739103776847884 ], [ 23.976178933860002, 58.727955821832794 ], [ 23.938554585684066, 58.720988349948357 ], [ 23.91765217003077, 58.712627383687042 ], [ 23.880027821854831, 58.70705340617949 ], [ 23.863305889332196, 58.701479428671945 ], [ 23.836829496171351, 58.68893797927997 ], [ 23.813140091764282, 58.679740916392568 ] ] ] } },
{ "type": "Feature", "properties": { "id": null }, "geometry": { "type": "MultiLineString", "coordinates": [ [ [ 25.570755279598849, 58.357681130117328 ], [ 25.579812262780997, 58.383205312991059 ], [ 25.578418768404113, 58.385992301744835 ], [ 25.577025274027225, 58.390172784875489 ], [ 25.574238285273452, 58.397140256759926 ], [ 25.570057802142792, 58.406894717398131 ], [ 25.558909847127701, 58.425010144297651 ], [ 25.55054888086638, 58.445912559950955 ], [ 25.547761892112607, 58.46263449247359 ], [ 25.544974903358835, 58.475175941865565 ], [ 25.542187914605062, 58.483536908126887 ], [ 25.53940092585129, 58.497471851895753 ], [ 25.53940092585129, 58.497471851895753 ], [ 25.53940092585129, 58.497471851895753 ], [ 25.538007431474401, 58.508619806910843 ], [ 25.538007431474401, 58.528128728187255 ], [ 25.54358140898195, 58.544850660709898 ], [ 25.553335869620152, 58.569933559493855 ], [ 25.557516352750813, 58.592229469524035 ], [ 25.563090330258358, 58.608951402046671 ], [ 25.564483824635246, 58.634034300830628 ], [ 25.551942375243268, 58.659117199614585 ], [ 25.55054888086638, 58.659117199614585 ], [ 25.544974903358835, 58.670265154629682 ], [ 25.542187914605062, 58.675839132137227 ], [ 25.538007431474401, 58.689774075906094 ], [ 25.525465982082423, 58.709282997182505 ], [ 25.52267899332865, 58.714856974690051 ], [ 25.51153103831356, 58.732972401589571 ], [ 25.497596094544694, 58.744120356604668 ], [ 25.49062862266026, 58.749694334112213 ], [ 25.478087173268282, 58.762235783504188 ], [ 25.469726207006964, 58.771990244142394 ], [ 25.443249813846119, 58.797073142926351 ], [ 25.441856319469235, 58.797073142926351 ], [ 25.436282341961686, 58.804040614810788 ], [ 25.437675836338574, 58.813795075448994 ], [ 25.450217285730552, 58.819369052956539 ], [ 25.464152229499419, 58.824943030464084 ], [ 25.471119701383849, 58.837484479856059 ], [ 25.478087173268282, 58.848632434871156 ], [ 25.514318027067333, 58.873715333655113 ], [ 25.525465982082423, 58.879289311162658 ], [ 25.538007431474401, 58.883469794293319 ], [ 25.557877016998667, 58.887773079858356 ] ] ] } },
{ "type": "Feature", "properties": { "id": null }, "geometry": { "type": "MultiLineString", "coordinates": [ [ [ 26.72418085073469, 58.372880146165656 ], [ 26.716903674320378, 58.34251527718596 ], [ 26.718297168697266, 58.327186839040202 ], [ 26.718297168697266, 58.321612861532657 ], [ 26.718297168697266, 58.316038884025112 ], [ 26.71969066307415, 58.293742973994931 ], [ 26.714116685566605, 58.28538200773361 ], [ 26.709936202435944, 58.277021041472288 ], [ 26.700181741797742, 58.270053569587859 ], [ 26.68764029240576, 58.258905614572768 ], [ 26.684853303651987, 58.250544648311447 ], [ 26.68764029240576, 58.23660970454258 ], [ 26.696001258667081, 58.219887772019945 ], [ 26.700181741797742, 58.217100783266169 ], [ 26.707149213682172, 58.205952828251078 ], [ 26.71969066307415, 58.193411378859103 ], [ 26.705755719305287, 58.180869929467121 ], [ 26.701575236174627, 58.175295951959576 ], [ 26.701575236174627, 58.162754502567594 ], [ 26.71272319118972, 58.144639075668074 ], [ 26.726658134958583, 58.130704131899208 ], [ 26.743380067481223, 58.119556176884117 ], [ 26.746167056234995, 58.104227738738366 ], [ 26.744773561858107, 58.088899300592615 ], [ 26.739199584350562, 58.072177368069973 ], [ 26.735019101219905, 58.044307480532247 ], [ 26.746167056234995, 58.024798559255835 ], [ 26.755921516873201, 58.008076626733192 ], [ 26.768462966265179, 57.995535177341218 ], [ 26.790758876295364, 57.980206739195467 ], [ 26.797726348179797, 57.9662717954266 ], [ 26.801906831310454, 57.950943357280849 ], [ 26.803300325687342, 57.925860458496892 ], [ 26.814448280702432, 57.909138525974249 ], [ 26.863220583893462, 57.893810087828498 ], [ 26.914779875838263, 57.875694660928978 ], [ 26.914779875838263, 57.875694660928978 ], [ 26.952404224014199, 57.864546705913881 ], [ 26.974700134044383, 57.860366222783227 ], [ 26.994209055320795, 57.857579234029451 ], [ 27.012889892880111, 57.837602166873815 ] ] ] } },
{ "type": "Feature", "properties": { "id": null }, "geometry": { "type": "MultiLineString", "coordinates": [ [ [ 25.440161758145926, 56.646212418160772 ], [ 25.470841002508465, 56.678682991183472 ], [ 25.481988957523555, 56.689830946198569 ], [ 25.490349923784873, 56.700978901213659 ], [ 25.504284867553739, 56.71212685622875 ], [ 25.529367766337696, 56.728848788751385 ], [ 25.55166367636788, 56.739996743766483 ], [ 25.57953356390561, 56.751144698781573 ], [ 25.596255496428249, 56.751144698781573 ], [ 25.607403451443339, 56.753931687535342 ], [ 25.607403451443339, 56.762292653796663 ], [ 25.593468507674476, 56.795736518841942 ], [ 25.596255496428249, 56.818032428872122 ], [ 25.618551406458433, 56.84032833890231 ], [ 25.635273338981072, 56.865411237686267 ], [ 25.634738569003929, 56.899960878573815 ], [ 25.680422556792195, 56.881018374707402 ], [ 25.684603039922852, 56.87962488033051 ], [ 25.701324972445491, 56.87544439719985 ], [ 25.731981848736993, 56.871263914069196 ], [ 25.744523298128971, 56.871263914069196 ], [ 25.773786680043589, 56.867083430938536 ], [ 25.793295601320001, 56.867083430938536 ], [ 25.816985005727069, 56.869870419692305 ], [ 25.849035376395459, 56.864296442184759 ], [ 25.865757308918099, 56.855935475923438 ], [ 25.897807679586489, 56.850361498415893 ], [ 25.950760465908175, 56.844787520908348 ], [ 25.968875892807702, 56.837820049023918 ], [ 25.996745780345432, 56.823885105255052 ], [ 26.034370128521367, 56.807163172732416 ], [ 26.065027004812869, 56.805769678355524 ], [ 26.108225330496353, 56.814130644616846 ], [ 26.143062689918516, 56.816917633370622 ], [ 26.159784622441151, 56.819704622124391 ], [ 26.186261015601996, 56.832246071516373 ], [ 26.186261015601996, 56.832246071516373 ], [ 26.214808367619444, 56.853613032005853 ], [ 26.25732922882321, 56.865689936561644 ], [ 26.276838150099618, 56.871263914069196 ], [ 26.286592610737824, 56.886592352214947 ], [ 26.292166588245372, 56.897740307230038 ], [ 26.304708037637351, 56.908888262245128 ], [ 26.321429970159986, 56.925610194767764 ], [ 26.33257792517508, 56.961841048566818 ], [ 26.33257792517508, 56.961841048566818 ], [ 26.342332385813286, 56.972989003581908 ], [ 26.353480340828376, 56.986923947350775 ], [ 26.386924205873655, 57.006432868627186 ], [ 26.421761565295817, 57.020367812396053 ], [ 26.505371227909009, 57.046008108930742 ], [ 26.540208587331172, 57.054369075192056 ], [ 26.55275003672315, 57.061336547076493 ], [ 26.561111002984468, 57.068304018960923 ], [ 26.588980890522201, 57.080845468352905 ], [ 26.618244272436815, 57.089206434614219 ], [ 26.643327171220772, 57.100354389629317 ], [ 26.660049103743411, 57.115682827775068 ], [ 26.67677103626605, 57.126830782790158 ], [ 26.710214901311325, 57.14633970406657 ], [ 26.732510811341509, 57.161668142212321 ], [ 26.754778048630005, 57.17548719588077 ], [ 26.777102631401878, 57.178390074734956 ], [ 26.77988962015565, 57.179783569111848 ], [ 26.802185530185834, 57.179783569111848 ], [ 26.813333485200928, 57.182570557865617 ], [ 26.834235900854225, 57.182570557865617 ], [ 26.849564338999976, 57.182570557865617 ], [ 26.895549653437232, 57.188144535373162 ], [ 26.952682922889579, 57.192325018503823 ], [ 26.976372327296648, 57.190931524126938 ], [ 27.012603181095699, 57.189538029750054 ], [ 27.041866563010316, 57.193718512880707 ], [ 27.058588495532952, 57.216014422910895 ], [ 27.064162473040501, 57.229949366679762 ], [ 27.064162473040501, 57.259212748594379 ], [ 27.065555967417385, 57.285689141755221 ], [ 27.079490911186252, 57.314952523669838 ], [ 27.079490911186252, 57.340035422453795 ], [ 27.073916933678706, 57.362331332483976 ], [ 27.05998198990984, 57.386020736891048 ], [ 27.053014518025407, 57.397168691906138 ], [ 27.049231739270976, 57.42175121346186 ], [ 27.0493914326455, 57.447613188349422 ], [ 27.0493914326455, 57.447613188349422 ], [ 27.0493914326455, 57.447613188349422 ], [ 27.0493914326455, 57.447613188349422 ], [ 27.065555967417385, 57.471720641069574 ], [ 27.068342956171161, 57.487049079215325 ], [ 27.064162473040501, 57.498893781418857 ], [ 27.065555967417385, 57.507254747680179 ], [ 27.065555967417385, 57.517009208318385 ], [ 27.063465725852058, 57.527460416145033 ], [ 27.060678737098282, 57.53373114084102 ], [ 27.053014518025407, 57.543485601479226 ], [ 27.046743793329419, 57.549059578986771 ], [ 27.041169815821874, 57.553240062117432 ], [ 27.037686079879656, 57.560904281190311 ], [ 27.036989332691213, 57.570658741828517 ], [ 27.0493914326455, 57.584175637284304 ], [ 27.057752398906818, 57.589749614791849 ], [ 27.073080837052569, 57.595323592299394 ], [ 27.074474331429457, 57.595323592299394 ], [ 27.098163735836525, 57.59811058105317 ], [ 27.098163735836525, 57.59811058105317 ], [ 27.130214106504916, 57.59811058105317 ], [ 27.146936039027555, 57.59811058105317 ], [ 27.163657971550194, 57.59811058105317 ], [ 27.194314847841696, 57.599504075430055 ], [ 27.224971724133198, 57.59811058105317 ], [ 27.241693656655837, 57.602291064183824 ], [ 27.268170049816682, 57.610652030445145 ], [ 27.287678971093094, 57.620406491083351 ], [ 27.311368375500162, 57.627373962967781 ], [ 27.329483802399686, 57.630160951721557 ], [ 27.346205734922325, 57.632947940475333 ], [ 27.359304582065057, 57.644095895490452 ] ] ] } },
{ "type": "Feature", "properties": { "id": null }, "geometry": { "type": "MultiLineString", "coordinates": [ [ [ 28.304893791443991, 57.801588369726694 ], [ 28.461837333057659, 57.865940200290787 ], [ 28.495281198102933, 57.877088155305884 ], [ 28.584464838223671, 57.955123840411524 ], [ 28.645778590806678, 57.999715660471892 ], [ 28.656926545821769, 58.016437592994535 ], [ 28.746110185942506, 58.049881458039806 ], [ 28.824145871048152, 58.072177368069994 ], [ 28.857589736093427, 58.094473278100175 ], [ 28.902181556153796, 58.133491120652998 ], [ 28.918903488676435, 58.155787030683186 ], [ 28.963495308736803, 58.178082940713367 ], [ 29.019235083812262, 58.21710078326619 ], [ 29.11956667894809, 58.250544648311468 ], [ 29.164158499008458, 58.272840558341649 ], [ 29.27563804915938, 58.334154310924653 ], [ 29.348099756757478, 58.401042041015209 ], [ 29.420561464355579, 58.467929771105759 ], [ 29.448431351893309, 58.501373636151037 ], [ 29.548762947029136, 58.579409321256684 ], [ 29.643520564657418, 58.624001141317052 ], [ 29.771722047330979, 58.679740916392511 ], [ 29.848114626095597, 58.733336148202014 ], [ 29.848114626095597, 58.733336148202014 ], [ 29.938941372557359, 58.897126039186809 ], [ 29.944515350064904, 58.908273994201899 ], [ 29.944515350064904, 58.980735701799993 ], [ 29.944515350064904, 59.036475476875459 ], [ 29.972385237602637, 59.136807072011287 ], [ 30.016977057663002, 59.192546847086746 ], [ 30.039272967693186, 59.248286622162205 ], [ 30.055994900215826, 59.292878442222573 ], [ 30.083864787753555, 59.387636059850855 ], [ 30.117308652798833, 59.432227879911224 ], [ 30.150752517844108, 59.487967654986683 ], [ 30.173048427874292, 59.560429362584784 ], [ 30.217640247934661, 59.621743115167789 ], [ 30.251084112979939, 59.649613002705522 ], [ 30.323545820578037, 59.716500732796071 ], [ 30.356989685623311, 59.749944597841349 ], [ 30.384859573161041, 59.766666530363985 ], [ 30.407155483191225, 59.805684372916808 ], [ 30.367580242887655, 59.847767903098777 ], [ 30.352695519098638, 59.952597121671594 ], [ 30.44287109375, 59.92645905155662 ], [ 30.423320017963114, 59.844980914345001 ], [ 30.417746040455569, 59.812930543676615 ], [ 30.41217206294802, 59.81153704929973 ], [ 30.407155483191225, 59.805684372916808 ] ] ] } },
{ "type": "Feature", "properties": { "id": null }, "geometry": { "type": "MultiLineString", "coordinates": [ [ [ 30.417746040455569, 59.812930543676615 ], [ 30.440692247861623, 59.8114441496746 ], [ 30.502006000444631, 59.809586157172085 ], [ 30.537307857992424, 59.809586157172085 ], [ 30.570751723037699, 59.800296194659509 ], [ 30.617201535600582, 59.781716269634352 ], [ 30.659935363158436, 59.770568314619261 ], [ 30.719391123238925, 59.764994337111716 ], [ 30.749119003279173, 59.759420359604171 ], [ 30.821580710877271, 59.757562367101656 ], [ 30.858740560927579, 59.791006232146927 ], [ 30.864314538435124, 59.794722217151957 ], [ 30.87732048595273, 59.800296194659509 ], [ 30.907048365992978, 59.805870172167054 ], [ 30.964646133570952, 59.820734112187175 ], [ 31.00923795363132, 59.852319984729938 ], [ 31.02967587115899, 59.898769797292822 ], [ 31.017140858724961, 59.931663754600962 ], [ 31.028135337755742, 59.935397248895541 ] ] ] } },
{ "type": "Feature", "properties": { "id": null }, "geometry": { "type": "MultiLineString", "coordinates": [ [ [ 28.688698217614782, 59.401013605868933 ], [ 28.728366357543482, 59.412718958634819 ], [ 28.771100185101336, 59.42758289865494 ], [ 28.811976020156674, 59.436872861167522 ], [ 28.830555945181825, 59.446162823680098 ], [ 28.860283825222073, 59.461026763700218 ], [ 28.899301667774893, 59.474032711217824 ], [ 28.936461517825201, 59.485180666232921 ], [ 28.9606154203579, 59.487038658735436 ], [ 29.010781217925814, 59.488896651237951 ], [ 29.049799060478637, 59.503760591258072 ], [ 29.073952963011337, 59.522340516283222 ], [ 29.099964858046551, 59.539062448805865 ], [ 29.161278610629559, 59.557642373831015 ], [ 29.261610205765386, 59.568790328846106 ], [ 29.319207973343364, 59.574364306353651 ], [ 29.358225815896184, 59.589228246373779 ], [ 29.419539568479191, 59.596660216383839 ], [ 29.469705366047105, 59.604092186393899 ], [ 29.510581201102443, 59.613382148906474 ], [ 29.547741051152748, 59.628246088926602 ], [ 29.646214653786064, 59.643110028946722 ], [ 29.735398293906801, 59.656115976464328 ], [ 29.781848106469685, 59.663547946474388 ], [ 29.845019851555204, 59.66912192398194 ], [ 29.924913529163366, 59.680269878997031 ], [ 29.965789364218704, 59.687701849007091 ], [ 29.995517244258949, 59.698849804022181 ], [ 30.032677094309257, 59.717429729047339 ], [ 30.067978951857047, 59.728577684062429 ], [ 30.116658355422945, 59.764994337111723 ], [ 30.14267025045816, 59.783574262136874 ], [ 30.18168809301098, 59.804012179664547 ], [ 30.216989950558773, 59.813302142177122 ], [ 30.246717830599017, 59.820734112187182 ], [ 30.265297755624172, 59.826308089694727 ], [ 30.280161695644296, 59.831882067202272 ], [ 30.31360556068957, 59.83931403721234 ], [ 30.326611508207179, 59.844888014719885 ], [ 30.367580242887655, 59.847767903098777 ] ] ] } },
{ "type": "Feature", "properties": { "id": null }, "geometry": { "type": "MultiLineString", "coordinates": [ [ [ 28.304893791443991, 57.801588369726694 ], [ 28.302514475966966, 57.86166681753501 ], [ 28.254206670901567, 57.909974622600409 ], [ 28.235626745876413, 57.924838562620529 ], [ 28.228194775866353, 57.935986517635619 ], [ 28.213330835846229, 58.010306217736236 ], [ 28.205898865836168, 58.047466067786544 ], [ 28.198466895826108, 58.099489857856973 ], [ 28.198466895826108, 58.125501752892184 ], [ 28.183602955805984, 58.17752554296262 ], [ 28.16873901578586, 58.233265318038079 ], [ 28.16502303078083, 58.244413273053169 ], [ 28.139011135745616, 58.289005093113538 ], [ 28.127863180730522, 58.318732973153786 ], [ 28.109283255705371, 58.367040778219184 ], [ 28.049827495624879, 58.411632598279553 ], [ 28.031247570599724, 58.448792448329854 ], [ 28.00523567556451, 58.471088358360042 ], [ 27.945779915484021, 58.530544118440531 ], [ 27.927199990458867, 58.560271998480779 ], [ 27.897472110418619, 58.627159728571328 ], [ 27.886324155403528, 58.679183518641757 ], [ 27.886324155403528, 58.742355263727283 ], [ 27.890040140408558, 58.812958978822863 ], [ 27.901188095423652, 58.864982768893299 ], [ 27.986655750539356, 58.946734439003968 ], [ 28.027531585594694, 58.991326259064337 ], [ 28.064691435645003, 59.013622169094525 ], [ 28.125197274298465, 59.067258144420727 ], [ 28.172826599291394, 59.117669749235368 ], [ 28.258294254407101, 59.142752648019325 ], [ 28.319608006990109, 59.174338520562088 ] ] ] } },
{ "type": "Feature", "properties": { "id": null }, "geometry": { "type": "MultiLineString", "coordinates": [ [ [ 28.319608006990109, 59.174338520562088 ], [ 28.359554845794186, 59.184557479325925 ], [ 28.387424733331919, 59.1938474418385 ], [ 28.410649639613361, 59.20499539685359 ], [ 28.429229564638511, 59.216143351868688 ], [ 28.447809489663666, 59.217072348119942 ], [ 28.490543317221519, 59.210569374361135 ], [ 28.522129189764279, 59.209640378109881 ], [ 28.539780118538175, 59.226362310632517 ], [ 28.544425099794463, 59.242155246903899 ], [ 28.561147032317102, 59.267238145687855 ], [ 28.575081976085968, 59.278386100702946 ], [ 28.589945916106089, 59.294179036974327 ], [ 28.592732904859862, 59.305326991989418 ], [ 28.591803908608604, 59.336912864532181 ], [ 28.589945916106089, 59.361066767064884 ], [ 28.594045017040671, 59.376721012129551 ] ] ] } },
{ "type": "Feature", "properties": { "id": null }, "geometry": { "type": "MultiLineString", "coordinates": [ [ [ 30.407155483191225, 59.805684372916808 ], [ 30.479338491913939, 59.740468836078534 ], [ 30.494202431934063, 59.733036866068467 ], [ 30.579670087049767, 59.699593001023196 ], [ 30.620545922105105, 59.666149135977918 ], [ 30.646557817140319, 59.625273300922579 ], [ 30.661421757160443, 59.595545420882331 ], [ 30.672569712175537, 59.56953352584712 ], [ 30.709729562225842, 59.536089660801842 ], [ 30.776617292316395, 59.506361780761594 ], [ 30.854652977422038, 59.476633900721353 ], [ 30.928972677522655, 59.446906020681105 ], [ 31.003292377623268, 59.413462155635827 ], [ 31.033020257663512, 59.372586320580496 ], [ 31.070180107713821, 59.342858440540247 ], [ 31.111055942769159, 59.298266620479879 ], [ 31.166795717844618, 59.25367480041951 ], [ 31.203955567894926, 59.227662905384292 ], [ 31.248547387955295, 59.186787070328954 ], [ 31.274559282990509, 59.157059190288713 ], [ 31.356310953101183, 59.097603430208224 ], [ 31.374890878126337, 59.071591535173006 ], [ 31.345162998086092, 58.93038410498184 ], [ 31.360026938106213, 58.904372209946622 ], [ 31.412050728176645, 58.852348419876193 ], [ 31.434346638206829, 58.833768494851043 ], [ 31.44921057822695, 58.807756599815825 ], [ 31.419482698186705, 58.752016824740366 ], [ 31.389754818146461, 58.711140989685028 ], [ 31.330299058065968, 58.670265154629689 ], [ 31.308003148035784, 58.629389319574351 ], [ 31.287159685531662, 58.532115933319794 ] ] ] } },
{ "type": "Feature", "properties": { "id": null }, "geometry": { "type": "MultiLineString", "coordinates": [ [ [ 25.587615831291558, 49.536374012264233 ], [ 25.658962743388141, 49.589140999335676 ], [ 25.684974638423355, 49.604004939355804 ], [ 25.69983857844348, 49.644880774411135 ], [ 25.710986533458573, 49.667176684441323 ], [ 25.725850473478694, 49.711768504501691 ], [ 25.736998428493788, 49.77122426458218 ], [ 25.744430398503848, 49.800952144622428 ], [ 25.744430398503848, 49.849259949687827 ], [ 25.744430398503848, 49.897567754753226 ], [ 25.748146383508878, 49.919863664783406 ], [ 25.763010323529002, 49.964455484843775 ], [ 25.766726308534032, 49.990467379878993 ], [ 25.766726308534032, 50.023911244924271 ], [ 25.718464856396626, 50.087381798413318 ], [ 25.718464856396626, 50.087381798413318 ], [ 25.733282443488758, 50.142822765085249 ], [ 25.759294338523972, 50.172550645125497 ], [ 25.763010323529002, 50.183698600140588 ], [ 25.763010323529002, 50.209710495175806 ], [ 25.759294338523972, 50.228290420200956 ], [ 25.748146383508878, 50.265450270251264 ], [ 25.736998428493788, 50.291462165286475 ], [ 25.733282443488758, 50.306326105306603 ], [ 25.744430398503848, 50.336053985346844 ], [ 25.748146383508878, 50.350917925366971 ], [ 25.712328164106864, 50.414713786298719 ] ] ] } },
{ "type": "Feature", "properties": { "id": null }, "geometry": { "type": "MultiLineString", "coordinates": [ [ [ 40.551144249549189, 45.438757347217049 ], [ 40.611714805131193, 45.456965673741685 ], [ 40.669312572709167, 45.45510768123917 ], [ 40.695324467744385, 45.460681658746722 ], [ 40.758496212829904, 45.462539651249237 ], [ 40.765928182839964, 45.462539651249237 ], [ 40.804946025392788, 45.462539651249237 ], [ 40.843963867945611, 45.460681658746722 ], [ 40.849537845453156, 45.460681658746722 ], [ 40.866259777975792, 45.4588236662442 ], [ 40.908993605533645, 45.462539651249237 ], [ 40.951727433091499, 45.464397643751752 ], [ 40.988887283141807, 45.45510768123917 ], [ 41.026047133192115, 45.45139169623414 ], [ 41.079928915765059, 45.45510768123917 ], [ 41.122662743322913, 45.473687606264328 ], [ 41.165396570880766, 45.471829613761813 ], [ 41.193266458418499, 45.466255636254267 ], [ 41.221136345956225, 45.464397643751752 ], [ 41.278734113534199, 45.481119576274388 ], [ 41.338189873614695, 45.449533703731625 ], [ 41.362343776147391, 45.430953778706474 ], [ 41.408793588710274, 45.423521808696414 ], [ 41.455243401273158, 45.416089838686354 ], [ 41.496119236328497, 45.408657868676286 ], [ 41.509125183846102, 45.399367906163711 ], [ 41.512841168851132, 45.395651921158681 ], [ 41.633610681514632, 45.354776086103342 ], [ 41.668912539062426, 45.358492071108373 ], [ 41.732084284147945, 45.351060101098312 ], [ 41.763670156690708, 45.325048206063101 ], [ 41.791540044228441, 45.304610288535429 ], [ 41.813835954258622, 45.274882408495188 ], [ 41.828699894278742, 45.24515452845494 ], [ 41.860285766821505, 45.193130738384511 ], [ 41.908593571886904, 45.155970888334203 ], [ 41.947611414439727, 45.141106948314082 ], [ 41.981055279484977, 45.146309327321077 ] ] ] } },
{ "type": "Feature", "properties": { "id": null }, "geometry": { "type": "MultiLineString", "coordinates": [ [ [ 39.004551290455417, 45.033714981668702 ], [ 39.063263853534892, 45.124013417290918 ], [ 39.070695823544952, 45.153741297331166 ], [ 39.137583553635508, 45.198333117391535 ], [ 39.174743403685817, 45.228060997431776 ], [ 39.204471283726058, 45.280084787502204 ], [ 39.219335223746185, 45.317244637552513 ], [ 39.330814773897103, 45.428724187703438 ], [ 39.360542653937351, 45.451020097733618 ], [ 39.382838563967532, 45.458452067743679 ], [ 39.434862354037961, 45.480747977773866 ], [ 39.472022204088269, 45.547635707864416 ], [ 39.494318114118457, 45.592227527924784 ], [ 39.568637814219066, 45.666547228025401 ], [ 39.628093574299555, 45.72600298810589 ], [ 39.657821454339803, 45.807754658216567 ], [ 39.672685394359924, 45.867210418297056 ], [ 39.694981304390112, 45.971257998437913 ], [ 39.74700509446054, 46.04557769853853 ], [ 39.806460854541029, 46.090169518598898 ], [ 39.828756764571217, 46.127329368649207 ], [ 39.828756764571217, 46.179353158719636 ], [ 39.821324794561157, 46.298264678880614 ], [ 39.791596914520909, 46.36515240897117 ], [ 39.761869034480661, 46.417176199041599 ], [ 39.72470918443036, 46.484063929132155 ], [ 39.694981304390112, 46.558383629232765 ], [ 39.687549334380051, 46.625271359323321 ], [ 39.687549334380051, 46.714454999444058 ], [ 39.687549334380051, 46.773910759524547 ], [ 39.709845244410232, 46.825934549594976 ], [ 39.785651338512864, 46.940386887749909 ], [ 39.785651338512864, 46.940386887749909 ], [ 39.845850295594339, 47.0377456948817 ] ] ] } },
{ "type": "Feature", "properties": { "id": null }, "geometry": { "type": "MultiLineString", "coordinates": [ [ [ 34.567479395198525, 56.154171707723535 ], [ 34.6618654143263, 56.144881745210959 ], [ 34.773344964477225, 56.141165760205929 ], [ 34.791924889502376, 56.141165760205929 ], [ 34.929416334688511, 56.133733790195869 ], [ 35.011168004799188, 56.122585835180779 ], [ 35.111499599935016, 56.118869850175749 ], [ 35.182103315030602, 56.107721895160651 ], [ 35.200683240055753, 56.107721895160651 ], [ 35.275002940156369, 56.089141970135501 ], [ 35.356754610267046, 56.07056204511035 ], [ 35.431074310367656, 56.051982120085192 ], [ 35.486814085443115, 56.044550150075132 ], [ 35.572281740558822, 56.037118180065072 ], [ 35.61687356061919, 56.033402195060042 ], [ 35.750649020800296, 56.022254240044944 ], [ 35.935705074050823, 56.025970225049974 ] ] ] } },
{ "type": "Feature", "properties": { "id": null }, "geometry": { "type": "MultiLineString", "coordinates": [ [ [ 37.382152237258978, 54.837598220441187 ], [ 37.459816323864096, 54.828679856429098 ], [ 37.49511818141189, 54.821247886419037 ], [ 37.504408143924465, 54.821247886419037 ], [ 37.526704053954646, 54.813815916408977 ], [ 37.532278031462191, 54.811957923906462 ], [ 37.545283978979803, 54.811957923906462 ], [ 37.575011859020044, 54.806383946398917 ], [ 37.638183604105571, 54.806383946398917 ], [ 37.671627469150842, 54.798951976388857 ], [ 37.71621928921121, 54.798951976388857 ], [ 37.758953116769064, 54.795235991383827 ], [ 37.797970959321887, 54.798951976388857 ], [ 37.83327281686968, 54.806383946398917 ], [ 37.876006644427534, 54.813815916408977 ], [ 37.918740471985387, 54.810099931403947 ], [ 37.95032634452815, 54.804525953896402 ], [ 37.978196232065876, 54.804525953896402 ], [ 38.01349808961367, 54.797093983886342 ], [ 38.067379872186613, 54.793377998881311 ], [ 38.115687677252012, 54.800809968891372 ], [ 38.147273549794775, 54.811957923906462 ] ] ] } },
{ "type": "Feature", "properties": { "id": null }, "geometry": { "type": "MultiLineString", "coordinates": [ [ [ 31.627028331507596, 56.489804609758551 ], [ 31.635938824729809, 56.47504701290795 ], [ 31.6470867797449, 56.466686046646636 ], [ 31.65451874975496, 56.457396084134061 ], [ 31.655912244131848, 56.450428612249624 ], [ 31.667989195398199, 56.442067645988303 ], [ 31.675885663533887, 56.438351660983272 ], [ 31.68703361854898, 56.434635675978242 ], [ 31.717225996714856, 56.434171177852619 ], [ 31.747418374880727, 56.432313185350097 ], [ 31.758566329895821, 56.430919690973212 ], [ 31.77900424742349, 56.429990694721958 ], [ 31.803622648081816, 56.428132702219443 ], [ 31.827312052488889, 56.427668204093813 ], [ 31.845891977514043, 56.426274709716928 ], [ 31.866794393167339, 56.410946271571177 ], [ 31.875155359428661, 56.404443297812371 ], [ 31.899773760086987, 56.397940324053565 ], [ 31.915566696358368, 56.395153335299796 ], [ 31.930430636378489, 56.390972852169135 ], [ 31.943436583896098, 56.387721365289735 ], [ 31.956442531413707, 56.383540882159075 ], [ 31.972699965810715, 56.380289395279668 ], [ 31.986634909579578, 56.379824897154045 ], [ 32.001034351474075, 56.381218391530929 ], [ 32.015433793368565, 56.382147387782183 ], [ 32.031784127390701, 56.392134097483208 ], [ 32.040145093652015, 56.393759840922904 ], [ 32.05059630147867, 56.395617833425419 ], [ 32.0575637733631, 56.398172573116383 ], [ 32.063369999933457, 56.399333818430449 ], [ 32.071034219006336, 56.400959561870152 ], [ 32.107125723367695, 56.409552777194278 ], [ 32.138247097784827, 56.412339765948055 ], [ 32.148466056548664, 56.410481773445539 ], [ 32.162865498443153, 56.408159282817394 ], [ 32.177264940337651, 56.406301290314879 ], [ 32.195380367237178, 56.403978799686733 ], [ 32.218605273518619, 56.399798316556073 ], [ 32.22975322853371, 56.395153335299781 ], [ 32.245546164805091, 56.389579357792236 ], [ 32.259016610448327, 56.384934376535952 ], [ 32.274345048594078, 56.380753893405291 ], [ 32.282241516729769, 56.378431402777146 ], [ 32.29338947174486, 56.373786421520862 ], [ 32.33565880117709, 56.386420770537974 ], [ 32.344019767438411, 56.387349766789228 ], [ 32.349593744945956, 56.387349766789228 ], [ 32.355632220579132, 56.387349766789228 ], [ 32.372818651227398, 56.382704785532944 ], [ 32.393256568755064, 56.380382294904798 ], [ 32.405333520021415, 56.378524302402283 ], [ 32.417874969413397, 56.376201811774138 ], [ 32.432274411307887, 56.370163336140962 ], [ 32.451318834458668, 56.361337871754017 ], [ 32.468969763232565, 56.357157388623357 ], [ 32.484298201378316, 56.35018991673892 ], [ 32.53492849707186, 56.337648467346945 ], [ 32.552114927720126, 56.338112965472575 ], [ 32.563727380860847, 56.33579047484443 ], [ 32.58416529838852, 56.329751999211254 ], [ 32.612035185926246, 56.318139546070533 ], [ 32.637582582835833, 56.305598096678551 ], [ 32.6515175266047, 56.294450141663461 ], [ 32.676600425388656, 56.278657205392079 ], [ 32.680780908519317, 56.274476722261426 ], [ 32.728252616958585, 56.242797950093539 ], [ 32.747761538234997, 56.239081965088509 ], [ 32.757980496998833, 56.233507987580964 ], [ 32.778418414526499, 56.221431036314613 ], [ 32.793282354546619, 56.210283081299522 ], [ 32.801643320807941, 56.191703156274365 ], [ 32.801643320807941, 56.184271186264304 ], [ 32.802572317059202, 56.172194234997953 ], [ 32.796998339551649, 56.150827321219026 ], [ 32.789566369541589, 56.139679366203936 ], [ 32.77934741077776, 56.135963381198906 ], [ 32.759838489501348, 56.11924144867627 ], [ 32.762625478255117, 56.107164497409919 ], [ 32.770986444516438, 56.099732527399858 ], [ 32.79049536579285, 56.091371561138537 ], [ 32.79049536579285, 56.090442564887283 ], [ 32.791424362044104, 56.078365613620932 ], [ 32.808146294566747, 56.069075651108356 ], [ 32.828770011344659, 56.05885669234452 ], [ 32.838059973857241, 56.050495726083199 ], [ 32.852923913877362, 56.045850744826907 ], [ 32.870574842651259, 56.039347771068108 ], [ 32.887296775173894, 56.035631786063078 ], [ 32.896586737686469, 56.01705186103792 ], [ 32.8937997489327, 56.012406879781636 ], [ 32.891012760178924, 56.004045913520315 ], [ 32.888225771425155, 55.988252977248933 ], [ 32.891941756430185, 55.973389037228813 ], [ 32.891941756430185, 55.956667104706177 ], [ 32.908663688952821, 55.926939224665929 ], [ 32.918882647716657, 55.919507254655869 ], [ 32.918882647716657, 55.917649262153354 ], [ 32.918882647716657, 55.898140340876942 ], [ 32.926314617726717, 55.883276400856815 ], [ 32.938391568993069, 55.858193502072858 ], [ 32.938391568993069, 55.849832535811544 ], [ 32.938391568993069, 55.833110603288901 ], [ 32.952698111262428, 55.816574470016533 ] ] ] } },
{ "type": "Feature", "properties": { "id": null }, "geometry": { "type": "MultiLineString", "coordinates": [ [ [ 34.314339275013836, 56.246646888538812 ], [ 34.245117696012109, 56.225890218320643 ], [ 34.20052587595174, 56.225890218320643 ], [ 34.176371973419037, 56.222174233315613 ], [ 34.152218070886342, 56.220316240813098 ], [ 34.120632198343579, 56.211026278300523 ], [ 34.107626250825973, 56.203594308290462 ], [ 34.014355027199699, 56.202479512788955 ], [ 33.971621199641845, 56.202479512788955 ], [ 33.927029379581477, 56.202479512788955 ], [ 33.925171387078962, 56.202479512788955 ], [ 33.882437559521108, 56.209911482799015 ], [ 33.84156172446577, 56.234065385331711 ], [ 33.826697784445649, 56.235923377834226 ], [ 33.785821949390311, 56.239639362839256 ], [ 33.763526039360123, 56.234065385331711 ], [ 33.675457194740893, 56.234065385331711 ], [ 33.661522250972027, 56.235923377834226 ], [ 33.642942325946876, 56.23685237408548 ], [ 33.623433404670465, 56.237781370336741 ], [ 33.612285449655374, 56.24056835909051 ], [ 33.595563517132739, 56.243355347844286 ], [ 33.565835637092491, 56.247071332849316 ], [ 33.536107757052243, 56.246142336598055 ], [ 33.498947907001934, 56.232207392829196 ], [ 33.493373929494389, 56.221059437814098 ], [ 33.49058694074062, 56.214556464055299 ], [ 33.489657944489359, 56.207124494045239 ], [ 33.505450880760741, 56.190402561522596 ], [ 33.515669839524577, 56.174609625251215 ], [ 33.511953854519547, 56.163461670236124 ], [ 33.500805899504456, 56.148597730216004 ], [ 33.500805899504456, 56.141165760205944 ], [ 33.506379877012002, 56.113295872668211 ], [ 33.509166865765771, 56.104934906406889 ], [ 33.505450880760741, 56.09843193264809 ], [ 33.507308873263256, 56.086354981381739 ], [ 33.509166865765771, 56.076136022617902 ], [ 33.510095862017032, 56.060343086346521 ], [ 33.498947907001934, 56.047337138828915 ], [ 33.49430292574565, 56.013893273783637 ], [ 33.493373929494389, 56.001816322517293 ], [ 33.485012963233075, 55.979520412487105 ], [ 33.487799951986844, 55.960940487461954 ], [ 33.491515936991874, 55.949792532446864 ], [ 33.492444933243135, 55.942360562436797 ], [ 33.443579730426983, 55.94923513469611 ], [ 33.424070809150571, 55.948306138444856 ], [ 33.403632891622905, 55.940874168434796 ], [ 33.39434292911033, 55.931584205922213 ], [ 33.378549992838948, 55.922294243409638 ], [ 33.349751109049961, 55.912075284645802 ], [ 33.33024218777355, 55.907430303389518 ], [ 33.303301296487078, 55.907430303389518 ], [ 33.26614144643677, 55.911146288394548 ], [ 33.239200555150298, 55.913933277148317 ], [ 33.22433661513017, 55.909288295892033 ], [ 33.196466727592444, 55.8814184083543 ], [ 33.171383828808487, 55.87398643834424 ], [ 33.144442937522015, 55.870270453339209 ], [ 33.110999072476737, 55.869341457087948 ], [ 33.097993124959132, 55.868412460836694 ], [ 33.05340130489877, 55.862838483329156 ], [ 33.038537364878643, 55.862838483329156 ], [ 33.027389409863552, 55.85633550957035 ], [ 33.009738481089656, 55.847974543309036 ], [ 32.988371567310729, 55.84147156955023 ], [ 32.972578631039354, 55.836826588293938 ], [ 32.952698111262428, 55.816574470016533 ] ] ] } },
{ "type": "Feature", "properties": { "id": null }, "geometry": { "type": "MultiLineString", "coordinates": [ [ [ 31.373928197536369, 57.989461359534012 ], [ 31.425056675694314, 57.959768821667979 ], [ 31.451068570729532, 57.944904881647858 ], [ 31.478938458267262, 57.917034994110125 ], [ 31.501234368297446, 57.900313061587489 ], [ 31.534678233342721, 57.878017151557309 ], [ 31.560690128377935, 57.865011204039696 ], [ 31.584844030910634, 57.846431279014546 ], [ 31.675885663533887, 57.801839458954177 ], [ 31.71861949109174, 57.753531653888778 ], [ 31.724193468599285, 57.736809721366136 ], [ 31.727909453604319, 57.718229796340985 ], [ 31.733483431111864, 57.703365856320865 ], [ 31.772501273664687, 57.682927938793192 ], [ 31.798513168699902, 57.686643923798222 ], [ 31.857968928780391, 57.703365856320865 ], [ 31.902560748840759, 57.707081841325895 ], [ 31.960158516418737, 57.699649871315835 ], [ 32.019614276499226, 57.677353961285647 ], [ 32.051200149041989, 57.662490021265526 ], [ 32.090217991594812, 57.647626081245406 ], [ 32.131093826650151, 57.645768088742884 ], [ 32.233283414288493, 57.634620133727793 ], [ 32.270443264338802, 57.636478126230308 ], [ 32.298313151876528, 57.643910096240369 ], [ 32.352194934449471, 57.647626081245406 ], [ 32.39307076950481, 57.649484073747921 ], [ 32.424656642047573, 57.651342066250436 ], [ 32.448810544580269, 57.651342066250436 ], [ 32.464417681601397, 57.625887568965972 ], [ 32.464417681601397, 57.61009463269459 ], [ 32.464417681601397, 57.59523069267447 ], [ 32.469062662857688, 57.584082737659379 ], [ 32.467204670355173, 57.569218797639252 ], [ 32.460701696596367, 57.562715823880453 ], [ 32.456056715340075, 57.55342586136787 ], [ 32.458843704093852, 57.540419913850265 ], [ 32.463488685350136, 57.532987943840205 ], [ 32.468133666606427, 57.525555973830144 ], [ 32.470920655360203, 57.513479022563793 ], [ 32.471849651611457, 57.506976048804987 ], [ 32.468133666606427, 57.498615082543672 ], [ 32.456985711591336, 57.48189315002103 ], [ 32.43933478281744, 57.474461180010969 ], [ 32.419825861541028, 57.468887202503424 ], [ 32.391955974003295, 57.461455232493364 ], [ 32.346435157691673, 57.423366386191802 ], [ 32.338074191430351, 57.414076423679219 ], [ 32.341790176435381, 57.402928468664129 ], [ 32.351080138947964, 57.391780513649039 ], [ 32.366873075219338, 57.381561554885202 ], [ 32.383595007741981, 57.370413599870112 ], [ 32.404032925269647, 57.359265644855022 ], [ 32.430044820304865, 57.357407652352506 ], [ 32.462559689098882, 57.351833674844961 ], [ 32.475565636616487, 57.346259697337409 ], [ 32.494145561641645, 57.338827727327349 ], [ 32.512725486666795, 57.335111742322319 ], [ 32.525731434184401, 57.331395757317289 ], [ 32.542453366707043, 57.331395757317289 ], [ 32.558246302978425, 57.323963787307228 ], [ 32.575897231752315, 57.316531817297168 ], [ 32.582400205511121, 57.316531817297168 ], [ 32.609341096797593, 57.301667877277048 ], [ 32.622347044315198, 57.29795189227201 ], [ 32.640926969340356, 57.287732933508181 ], [ 32.650216931852931, 57.284945944754405 ], [ 32.676228826888149, 57.27937196724686 ], [ 32.687376781903239, 57.27565598224183 ], [ 32.692021763159524, 57.2719399972368 ], [ 32.694251354162546, 57.250387284207619 ], [ 32.702147822298237, 57.242955314197559 ], [ 32.715153769815842, 57.241561819820674 ], [ 32.719798751072133, 57.242026317946298 ], [ 32.730946706087224, 57.243419812323189 ], [ 32.74859763486112, 57.25131628045888 ], [ 32.763461574881241, 57.253174272961395 ], [ 32.773216035519447, 57.256425759840795 ], [ 32.788544473665198, 57.257354756092049 ], [ 32.802479417434064, 57.257819254217679 ], [ 32.821523840584845, 57.257354756092049 ], [ 32.837316776856227, 57.256425759840795 ], [ 32.856825698132639, 57.25503226546391 ], [ 32.877263615660304, 57.26199973734834 ], [ 32.889340566926656, 57.26525122422774 ], [ 32.919997443218158, 57.262464235473971 ], [ 32.933467888861394, 57.248064793579474 ], [ 32.945080342002115, 57.238774831066898 ], [ 32.94693833450463, 57.231342861056838 ], [ 32.945637739752868, 57.209325649902027 ], [ 32.946566736004129, 57.199106691138191 ], [ 32.955856698516705, 57.185171747369324 ], [ 32.955856698516705, 57.178668773610518 ], [ 32.945637739752868, 57.168449814846689 ], [ 32.935418780989039, 57.161017844836621 ], [ 32.930773799732748, 57.145224908565247 ], [ 32.928915807230233, 57.12757397979135 ], [ 32.932631792235263, 57.109923051017454 ], [ 32.958643687270481, 57.094130114746072 ], [ 32.999519522325812, 57.090414129741042 ], [ 33.019957439853485, 57.102491081007393 ], [ 33.032034391119836, 57.118284017278775 ], [ 33.045040338637442, 57.140579927308956 ], [ 33.053105471837995, 57.154374400193049 ] ] ] } },
{ "type": "Feature", "properties": { "id": null }, "geometry": { "type": "MultiLineString", "coordinates": [ [ [ 31.188982743906756, 57.150669117249571 ], [ 31.14375661081348, 57.182756357116062 ], [ 31.138182633305934, 57.197620297136183 ], [ 31.134466648300904, 57.221774199668879 ], [ 31.127034678290844, 57.236638139689006 ], [ 31.110312745768205, 57.262650034724217 ], [ 31.089874828240536, 57.27937196724686 ], [ 31.067578918210351, 57.30166787727704 ], [ 31.041567023175137, 57.323963787307221 ], [ 31.030419068160043, 57.349975682342439 ], [ 31.032277060662562, 57.385277539890232 ], [ 31.060146948200291, 57.428011367448086 ], [ 31.095448805748081, 57.461455232493357 ], [ 31.11588672327575, 57.48560913502606 ], [ 31.128892670793359, 57.524626977578883 ], [ 31.134466648300904, 57.550638872614094 ], [ 31.173484490853728, 57.595230692674463 ], [ 31.197638393386427, 57.61009463269459 ], [ 31.251520175959371, 57.667320801772071 ], [ 31.270100100984525, 57.685900726797222 ], [ 31.294254003517224, 57.7193445918425 ], [ 31.312833928542375, 57.741640501872688 ], [ 31.323981883557469, 57.788090314435571 ], [ 31.329555861065014, 57.797380276948147 ], [ 31.353709763597713, 57.83639811950097 ], [ 31.366715711115322, 57.856836037028636 ], [ 31.374147681125383, 57.892137894576429 ], [ 31.374147681125383, 57.923723767119185 ], [ 31.374147681125383, 57.946019677149373 ], [ 31.373928197536369, 57.989461359534012 ] ] ] } },
{ "type": "Feature", "properties": { "id": null }, "geometry": { "type": "MultiLineString", "coordinates": [ [ [ 30.040480662819874, 57.85404904827481 ], [ 30.062776572850058, 57.880989939561282 ], [ 30.221449132564874, 57.857579234029657 ], [ 30.299484817670518, 57.883591129064875 ], [ 30.36637254776107, 57.898455069084996 ], [ 30.448124217871744, 57.920750979115184 ], [ 30.52615990297739, 57.924466964120214 ], [ 30.611627558093094, 57.928182949125244 ], [ 30.682231273188677, 57.924466964120214 ], [ 30.804858778354689, 57.924466964120214 ], [ 30.938634238535794, 57.935614919135304 ], [ 31.061261743701806, 57.950478859155425 ], [ 31.176457278857757, 57.969058784180582 ], [ 31.261924933973464, 57.995070679215793 ], [ 31.373928197536369, 57.989461359534012 ] ] ] } },
{ "type": "Feature", "properties": { "id": null }, "geometry": { "type": "MultiLineString", "coordinates": [ [ [ 34.455499379125143, 53.278185085164679 ], [ 34.544068689666872, 53.319246747385698 ], [ 34.558932629686993, 53.337826672410849 ], [ 34.588660509727241, 53.363838567446066 ], [ 34.618388389767489, 53.415862357516495 ], [ 34.636968314792639, 53.438158267546683 ], [ 34.65554823981779, 53.453022207566804 ], [ 34.670412179837918, 53.471602132591954 ], [ 34.681560134853008, 53.482750087607052 ], [ 34.748447864943557, 53.53105789267245 ], [ 34.778175744983805, 53.560785772712691 ], [ 34.796755670008956, 53.583081682742879 ], [ 34.811619610029084, 53.620241532793187 ], [ 34.867359385104542, 53.720573127929015 ], [ 34.871075370109573, 53.728005097939075 ], [ 34.923099160180001, 53.791176843024594 ], [ 34.96025901023031, 53.828336693074903 ], [ 35.019714770310799, 53.869212528130241 ], [ 35.105182425426506, 53.884076468150361 ], [ 35.153490230491904, 53.902656393175519 ], [ 35.186934095537183, 53.93610025822079 ], [ 35.216661975577424, 53.988124048291226 ], [ 35.238957885607611, 54.017851928331467 ], [ 35.27240175065289, 54.043863823366685 ], [ 35.29098167567804, 54.058727763386806 ], [ 35.324425540723318, 54.092171628432084 ], [ 35.357869405768596, 54.110751553457234 ], [ 35.447053045889334, 54.173923298542761 ], [ 35.461916985909454, 54.188787238562881 ], [ 35.480496910934605, 54.207367163588032 ], [ 35.510224790974853, 54.23337905862325 ], [ 35.635825084144898, 54.330737865755061 ], [ 35.658120994175079, 54.345601805775182 ], [ 35.684132889210296, 54.356749760790272 ], [ 35.706428799240477, 54.364181730800333 ], [ 35.721292739260598, 54.377187678317945 ], [ 35.73058270177318, 54.384619648328005 ], [ 35.754736604305876, 54.403199573353156 ], [ 35.771458536828511, 54.414347528368246 ], [ 35.825340319401462, 54.434785445895919 ], [ 35.849494221934158, 54.442217415905979 ], [ 35.903376004507102, 54.444075408408494 ], [ 35.93310388454735, 54.444075408408494 ], [ 35.970263734597658, 54.451507378418555 ], [ 35.994417637130354, 54.45336537092107 ], [ 36.003707599642929, 54.4570813559261 ], [ 35.977695704607719, 54.479377265956288 ], [ 35.962831764587598, 54.486809235966348 ], [ 35.959115779582561, 54.509105145996529 ], [ 35.964689757090113, 54.520253101011626 ], [ 35.996275629632869, 54.546264996046837 ], [ 36.001849607140414, 54.553696966056897 ], [ 36.018571539663057, 54.568560906077025 ], [ 36.042725442195753, 54.575992876087085 ], [ 36.05758938221588, 54.58528283859966 ], [ 36.063163359723426, 54.613152726137393 ], [ 36.035293472185693, 54.642880606177634 ], [ 36.014855554658027, 54.663318523705307 ], [ 35.994603436380537, 54.68672922923696 ] ] ] } },
{ "type": "Feature", "properties": { "id": null }, "geometry": { "type": "MultiLineString", "coordinates": [ [ [ 35.767370953322981, 52.492068485265868 ], [ 35.81196277338335, 52.414032800160221 ], [ 35.849122623433651, 52.369440980099853 ], [ 35.852838608438688, 52.339713100059605 ], [ 35.82682671340347, 52.309985220019364 ], [ 35.82682671340347, 52.280257339979116 ], [ 35.8305426984085, 52.243097489928807 ], [ 35.83425868341353, 52.187357714853349 ], [ 35.82682671340347, 52.14648187979801 ], [ 35.83425868341353, 52.083310134712491 ], [ 35.849122623433651, 52.072162179697401 ], [ 35.886282473483959, 52.057298239677273 ], [ 35.89743042849905, 52.042434299657153 ], [ 35.938306263554388, 51.994126494591754 ], [ 35.971750128599666, 51.953250659536415 ], [ 36.027489903675125, 51.923522779496167 ], [ 36.064649753725433, 51.878930959435799 ], [ 36.105525588780772, 51.849203079395558 ], [ 36.13153748381599, 51.82690716936537 ], [ 36.15383339384617, 51.789747319315062 ], [ 36.164981348861261, 51.763735424279851 ], [ 36.20417687005417, 51.723899878984874 ] ] ] } },
{ "type": "Feature", "properties": { "id": null }, "geometry": { "type": "MultiLineString", "coordinates": [ [ [ 33.908439304624743, 51.679208218085719 ], [ 33.978867370401716, 51.668606208151061 ], [ 34.012311235446994, 51.657458253135971 ], [ 34.04389710798975, 51.650026283125911 ], [ 34.071766995527483, 51.644452305618366 ], [ 34.133080748110487, 51.64259431311585 ], [ 34.190678515688461, 51.63887832811082 ], [ 34.235270335748829, 51.637020335608305 ], [ 34.268714200794108, 51.622156395588178 ], [ 34.300300073336871, 51.612866433075602 ], [ 34.354181855909815, 51.611008440573087 ], [ 34.413637615990304, 51.605434463065542 ], [ 34.48052534608086, 51.599860485557997 ], [ 34.506537241116071, 51.598002493055482 ], [ 34.56227701619153, 51.592428515547937 ], [ 34.586430918724233, 51.590570523045422 ], [ 34.645886678804722, 51.575706583025294 ], [ 34.655176641317297, 51.573848590522779 ] ] ] } },
{ "type": "Feature", "properties": { "id": null }, "geometry": { "type": "MultiLineString", "coordinates": [ [ [ 34.677472551347485, 51.566416620512719 ], [ 34.655176641317297, 51.573848590522779 ] ] ] } },
{ "type": "Feature", "properties": { "id": null }, "geometry": { "type": "MultiLineString", "coordinates": [ [ [ 39.795830932998896, 47.219940133514029 ], [ 39.911437430933191, 47.361779587320513 ], [ 39.941165310973439, 47.413803377390948 ], [ 39.956029250993559, 47.473259137471437 ], [ 39.985757131033807, 47.555010807582114 ], [ 40.045212891114296, 47.621898537672664 ], [ 40.104668651194793, 47.69621823777328 ], [ 40.171556381285342, 47.77053793787389 ], [ 40.19385229131553, 47.837425667964446 ], [ 40.231012141365831, 47.978633098155612 ], [ 40.245876081385958, 48.02322491821598 ], [ 40.283035931436267, 48.134704468366898 ], [ 40.19385229131553, 48.216456138477575 ], [ 40.045212891114296, 48.238752048507763 ], [ 40.015485011074055, 48.246184018517823 ], [ 39.859413640862762, 48.275911898558064 ], [ 39.733070150691724, 48.305639778598312 ], [ 39.606726660520678, 48.33536765863856 ], [ 39.487815140359693, 48.424551298759297 ], [ 39.435791350289264, 48.469143118819666 ], [ 39.258910464049798, 48.580622668970562 ] ] ] } },
{ "type": "Feature", "properties": { "id": null }, "geometry": { "type": "MultiLineString", "coordinates": [ [ [ 40.283035931436267, 48.134704468366898 ], [ 40.339518903512712, 48.458738360805576 ], [ 40.361814813542892, 48.525626090896132 ], [ 40.361814813542892, 48.555353970936373 ], [ 40.369246783552953, 48.651969581067178 ], [ 40.391542693583141, 48.733721251177847 ], [ 40.45099845366363, 48.815472921288524 ], [ 40.510454213744119, 48.919520501429382 ], [ 40.592205883854795, 49.053295961610488 ], [ 40.599637853864856, 49.157343541751345 ], [ 40.599637853864856, 49.25395915188215 ], [ 40.629365733905104, 49.335710821992819 ], [ 40.614501793884983, 49.447190372143744 ], [ 40.577341943834675, 49.558669922294662 ], [ 40.569909973824608, 49.59582977234497 ], [ 40.379651541567043, 50.288489377282687 ], [ 40.223580171355749, 50.377673017403424 ], [ 40.223580171355749, 50.43712877748392 ], [ 40.216148201345689, 50.541176357624778 ], [ 40.201284261325569, 50.637791967755575 ], [ 40.178988351295381, 50.697247727836064 ], [ 40.082372741164583, 50.860751068057418 ], [ 40.052644861124342, 50.890478948097659 ], [ 39.978325161023726, 50.979662588218396 ], [ 39.874277580882868, 51.083710168359261 ], [ 39.777661970752071, 51.172893808479998 ], [ 39.725638180681642, 51.217485628540366 ], [ 39.643886510570965, 51.336397148701344 ], [ 39.554702870450228, 51.440444728842202 ], [ 39.435791350289243, 51.544492308983067 ], [ 39.339175740158446, 51.618812009083676 ], [ 39.189227625659157, 51.66351057828949 ] ] ] } },
{ "type": "Feature", "properties": { "id": null }, "geometry": { "type": "MultiLineString", "coordinates": [ [ [ 39.795830932998896, 47.219940133514029 ], [ 40.003593859057929, 47.316444570259137 ], [ 40.074197574153516, 47.364752375324535 ], [ 40.081629544163576, 47.379616315344656 ], [ 40.111357424203824, 47.401912225374844 ], [ 40.170813184284313, 47.442788060430175 ], [ 40.185677124304434, 47.453936015445272 ], [ 40.215405004344682, 47.468799955465393 ], [ 40.24884886938996, 47.487379880490543 ], [ 40.26742879441511, 47.494811850500611 ], [ 40.319452584485539, 47.520823745535822 ], [ 40.375192359560998, 47.54683564057104 ], [ 40.427216149631434, 47.55798359558613 ], [ 40.494103879721983, 47.57284753560625 ], [ 40.538695699782352, 47.591427460631408 ], [ 40.605583429872901, 47.632303295686739 ], [ 40.657607219943337, 47.662031175726987 ], [ 40.728210935038916, 47.684327085757175 ], [ 40.776518740104315, 47.691759055767236 ], [ 40.787666695119405, 47.695475040772266 ], [ 41.122105345572173, 47.654599205716927 ], [ 41.159265195622474, 47.654599205716927 ], [ 41.270744745773399, 47.662031175726987 ], [ 41.311620580828738, 47.669463145737048 ], [ 41.467691951040024, 47.673179130742078 ], [ 41.523431726115483, 47.676895115747108 ], [ 41.627479306256348, 47.676895115747108 ], [ 41.764970751442483, 47.673179130742078 ], [ 41.869018331583341, 47.673179130742078 ], [ 42.010225761774507, 47.684327085757175 ], [ 42.017657731784567, 47.684327085757175 ], [ 42.246562408094462, 47.825534515948348 ], [ 42.298586198164891, 47.870126336008717 ], [ 42.380337868275561, 47.944446036109326 ], [ 42.476953478406358, 47.974173916149574 ], [ 42.566137118527095, 48.011333766199883 ], [ 42.692480608698141, 48.070789526280372 ], [ 42.692480608698141, 48.070789526280372 ], [ 42.737072428758509, 48.122813316350801 ], [ 42.796528188838998, 48.204564986461477 ], [ 42.900575768979863, 48.323476506622455 ], [ 42.967463499070412, 48.390364236713012 ], [ 43.064079109201209, 48.464683936813628 ], [ 43.153262749321947, 48.50927575687399 ], [ 43.197854569382315, 48.553867576934366 ], [ 43.264742299472871, 48.657915157075223 ], [ 43.287038209503052, 48.665347127085283 ], [ 43.658636710006121, 48.7396668271859 ], [ 43.658636710006121, 48.7396668271859 ], [ 43.866731870287843, 48.776826677236201 ], [ 43.866731870287843, 48.776826677236201 ], [ 43.866731870287843, 48.776826677236201 ], [ 44.052531120539378, 48.776826677236201 ], [ 44.201170520740604, 48.776826677236201 ], [ 44.34237795093177, 48.74709879719596 ], [ 44.438993561062567, 48.75453076720602 ] ] ] } },
{ "type": "Feature", "properties": { "id": null }, "geometry": { "type": "MultiLineString", "coordinates": [ [ [ 39.702666457689311, 54.606413400427968 ], [ 39.868332004874823, 54.46228373493318 ], [ 39.972379585015688, 54.402827974852691 ], [ 39.973865979017695, 54.284659651692714 ], [ 40.044469694113275, 54.210339951592097 ], [ 40.059333634133395, 54.121156311471367 ] ] ] } },
{ "type": "Feature", "properties": { "id": null }, "geometry": { "type": "MultiLineString", "coordinates": [ [ [ 40.059333634133395, 54.121156311471367 ], [ 40.077913559158553, 54.061700551390871 ], [ 40.107641439198801, 54.013392746325472 ], [ 40.111357424203831, 53.953936986244983 ], [ 40.122505379218921, 53.894481226164494 ], [ 40.118789394213891, 53.846173421099095 ], [ 40.111357424203831, 53.809013571048787 ], [ 40.107641439198801, 53.786717661018599 ], [ 40.107641439198801, 53.745841825963261 ], [ 40.137369319239042, 53.675238110867681 ], [ 40.152233259259162, 53.630646290807313 ], [ 40.18196113929941, 53.571190530726824 ], [ 40.219120989349719, 53.493154845621177 ], [ 40.24513288438493, 53.39653923549038 ], [ 40.24513288438493, 53.374243325460192 ], [ 40.312020614475486, 53.225603925258966 ], [ 40.364044404545915, 53.128988315128169 ], [ 40.404920239601253, 53.07696452505774 ], [ 40.468091984686772, 53.017508764977251 ], [ 40.47923993970187, 52.972916944916882 ], [ 40.47552395469684, 52.894881259811235 ], [ 40.712603798017788, 52.88224691079413 ], [ 40.772059558098285, 52.837655090733762 ], [ 40.861243198219022, 52.807927210693521 ], [ 41.039610478460489, 52.778199330653273 ], [ 41.203113818681842, 52.748471450613025 ], [ 41.262569578762331, 52.748471450613025 ], [ 41.437006275076982, 52.721624776338409 ] ] ] } },
{ "type": "Feature", "properties": { "id": null }, "geometry": { "type": "MultiLineString", "coordinates": [ [ [ 41.437006275076982, 52.721624776338409 ], [ 41.261083184760324, 52.581995322387669 ], [ 41.09757984453897, 52.433355922186436 ], [ 41.09014787452891, 52.373900162105947 ], [ 41.015828174428293, 52.307012432015398 ], [ 40.934076504317623, 52.240124701924842 ], [ 40.830028924176759, 52.150941061804104 ], [ 40.748277254066089, 52.098917271733676 ], [ 40.577341943834675, 52.017165601623006 ], [ 40.488158303713938, 51.95027787153245 ], [ 40.398974663593201, 51.875958171431833 ], [ 40.302359053462403, 51.816502411351344 ], [ 40.153719653261177, 51.771910591290975 ], [ 40.005080253059951, 51.705022861200426 ], [ 39.878736762888906, 51.652999071129997 ], [ 39.796985092778229, 51.63070316109981 ], [ 39.663209632597123, 51.63070316109981 ], [ 39.477410382345589, 51.63070316109981 ], [ 39.339175740158446, 51.618812009083676 ] ] ] } },
{ "type": "Feature", "properties": { "id": null }, "geometry": { "type": "MultiLineString", "coordinates": [ [ [ 19.083, 47.5 ], [ 19.246101620956477, 47.584738687622391 ], [ 19.31298935104703, 47.607034597652572 ], [ 19.409604961177827, 47.629330507682759 ], [ 19.506220571308624, 47.659058387723007 ], [ 19.595404211429361, 47.673922327743128 ], [ 19.677155881540038, 47.688786267763248 ], [ 19.766339521660772, 47.711082177793436 ], [ 19.833227251751325, 47.733378087823617 ], [ 19.933, 47.783 ], [ 20.108210142123596, 47.792833847904113 ], [ 20.182529842224213, 47.777969907883985 ], [ 20.264281512334886, 47.800265817914173 ], [ 20.37, 47.9 ], [ 20.37, 47.9 ], [ 20.568992282747402, 47.896881428044971 ], [ 20.680471832898323, 47.904313398055031 ], [ 20.806815323069365, 47.926609308085212 ], [ 20.783, 48.1 ], [ 20.783, 48.1 ], [ 20.783, 48.1 ], [ 20.92572684323035, 48.194160228447423 ], [ 21.000046543330964, 48.253615988527912 ], [ 21.096662153461761, 48.327935688628529 ], [ 21.193277763592558, 48.439415238779453 ], [ 21.223005643632806, 48.484007058839822 ], [ 21.267597463693171, 48.61035054901086 ], [ 21.261361649483987, 48.709473294642244 ], [ 21.304014116742469, 48.903170167407282 ], [ 21.281718206712284, 48.940330017457583 ], [ 21.214830476621731, 48.988637822522982 ], [ 21.173954641566393, 49.00721774754814 ], [ 21.114498881485904, 49.01836570256323 ], [ 21.084771001445656, 49.01836570256323 ], [ 21.077339031435596, 49.01836570256323 ] ] ] } },
{ "type": "Feature", "properties": { "id": null }, "geometry": { "type": "MultiLineString", "coordinates": [ [ [ 21.173954641566393, 49.00721774754814 ], [ 21.125646836500994, 49.092685402663847 ], [ 21.121930851495964, 49.096401387668877 ], [ 21.029031226370197, 49.140993207729245 ], [ 20.999303346329953, 49.159573132754396 ], [ 20.9324156162394, 49.200448967809734 ], [ 20.891539781184061, 49.241324802865073 ], [ 20.887823796179031, 49.252472757880163 ], [ 20.761480306007986, 49.378816248051209 ], [ 20.742900380982835, 49.404828143086419 ], [ 20.690876590912403, 49.456851933156855 ], [ 20.679728635897312, 49.475431858182006 ], [ 20.661148710872158, 49.497727768212187 ], [ 20.653716740862098, 49.527455648252435 ], [ 20.657432725867128, 49.549751558282622 ], [ 20.668580680882219, 49.575763453317833 ], [ 20.679728635897312, 49.601775348353051 ], [ 20.679728635897312, 49.601775348353051 ], [ 20.672296665887252, 49.65008315341845 ], [ 20.657432725867128, 49.698390958483849 ], [ 20.62398886082185, 49.765278688574398 ], [ 20.601692950791666, 49.824734448654894 ], [ 20.594260980781605, 49.876758238725323 ], [ 20.579397040761485, 49.936213998805812 ], [ 20.508793325665899, 49.96965786385109 ], [ 20.45676953559547, 49.98080581886618 ], [ 20.360153925464672, 49.98452180387121 ], [ 20.263538315333875, 49.98452180387121 ], [ 20.207798540258413, 49.98452180387121 ], [ 20.1334788401578, 49.988237788876241 ], [ 20.044295200037062, 50.003101728896361 ], [ 19.945494271698337, 50.029822710995816 ] ] ] } },
{ "type": "Feature", "properties": { "id": null }, "geometry": { "type": "MultiLineString", "coordinates": [ [ [ 20.806815323069365, 47.926609308085212 ], [ 20.913092494213249, 47.881274291023843 ], [ 20.939104389248463, 47.881274291023843 ], [ 20.965116284283678, 47.881274291023843 ], [ 21.143483564525152, 47.847830425978565 ], [ 21.19179136959055, 47.810670575928256 ], [ 21.254963114676073, 47.780942695888015 ], [ 21.303270919741472, 47.758646785857827 ], [ 21.355294709811901, 47.736350875827647 ], [ 21.414750469892393, 47.691759055767278 ], [ 21.470490244967852, 47.64716723570691 ], [ 21.50393411001313, 47.613723370661631 ], [ 21.559673885088589, 47.569131550601263 ], [ 21.633, 47.533 ], [ 21.652573510214356, 47.587711475626413 ], [ 21.671153435239511, 47.628587310681752 ], [ 21.682301390254601, 47.691759055767278 ], [ 21.704597300284785, 47.784658680893045 ], [ 21.697165330274725, 47.866410351003715 ], [ 21.712029270294849, 47.944446036109362 ], [ 21.793780940405522, 48.026197706220039 ], [ 21.920124430576568, 48.081937481295498 ], [ 22.031603980727489, 48.133961271365926 ], [ 22.091059740807978, 48.200849001456483 ], [ 22.157947470898531, 48.29746461158728 ], [ 22.172811410918655, 48.319760521617461 ], [ 22.254563081029328, 48.527855681899183 ], [ 22.273143006054482, 48.576163486964582 ], [ 22.303485481749554, 48.618820011019125 ] ] ] } },
{ "type": "Feature", "properties": { "id": null }, "geometry": { "type": "MultiLineString", "coordinates": [ [ [ 21.633, 47.533 ], [ 21.594604144135879, 47.443531257431232 ], [ 21.564876264095631, 47.391507467360803 ], [ 21.531432399050356, 47.354347617310495 ], [ 21.527716414045326, 47.317187767260194 ], [ 21.579740204115755, 47.257732007179698 ], [ 21.631763994186183, 47.220572157129389 ], [ 21.70979967929183, 47.190844277089148 ], [ 21.795267334407534, 47.187128292084118 ], [ 21.862155064498086, 47.16483238205393 ], [ 21.86958703450815, 47.131388517008659 ], [ 21.908499644901116, 47.066186172971896 ] ] ] } },
{ "type": "Feature", "properties": { "id": null }, "geometry": { "type": "MultiLineString", "coordinates": [ [ [ 21.633, 47.533 ], [ 21.70979967929183, 47.514134972526819 ], [ 21.86958703450815, 47.517850957531849 ], [ 21.943906734608763, 47.532714897551969 ], [ 22.070250224779805, 47.536430882556999 ], [ 22.178013789925696, 47.566158762597247 ], [ 22.267197430046433, 47.599602627642525 ], [ 22.345233115152077, 47.629330507682766 ], [ 22.434416755272814, 47.655342402717984 ], [ 22.523600395393551, 47.677638312748165 ], [ 22.642511915554532, 47.696218237773323 ], [ 22.772571390730608, 47.733378087823631 ], [ 22.820879195796007, 47.766821952868902 ], [ 22.883, 47.8 ] ] ] } },
{ "type": "Feature", "properties": { "id": null }, "geometry": { "type": "MultiLineString", "coordinates": [ [ [ 21.908499644901116, 47.066186172971896 ], [ 22.015253646705347, 47.027340936867795 ], [ 22.08585736180093, 47.031056921872825 ], [ 22.160177061901546, 47.049636846897982 ], [ 22.267940627047434, 47.057068816908043 ], [ 22.390568132213449, 47.038488891882892 ], [ 22.490899727349277, 47.016192981852704 ], [ 22.56150344244486, 46.997613056827554 ], [ 22.676698977600811, 46.971601161792336 ], [ 22.751018677701424, 46.949305251762155 ], [ 22.821622392797007, 46.927009341731967 ], [ 22.88479413788253, 46.919577371721907 ], [ 22.951681867973083, 46.915861386716877 ], [ 23.007421643048541, 46.878701536666568 ], [ 23.089173313159218, 46.860121611641418 ], [ 23.122617178204493, 46.848973656626328 ], [ 23.174640968274925, 46.83039373160117 ], [ 23.234096728355414, 46.796949866555892 ], [ 23.308416428456027, 46.778369941530741 ], [ 23.397600068576764, 46.774653956525711 ], [ 23.501647648717626, 46.767221986515651 ], [ 23.546239468777994, 46.767221986515651 ] ] ] } },
{ "type": "Feature", "properties": { "id": null }, "geometry": { "type": "MultiLineString", "coordinates": [ [ [ 19.083, 47.5 ], [ 19.199280209893086, 47.448733636438291 ], [ 19.269883924988669, 47.422721741403073 ], [ 19.351635595099346, 47.392993861362825 ], [ 19.411091355179835, 47.363265981322584 ], [ 19.459399160245233, 47.340970071292396 ], [ 19.574594695401188, 47.318674161262216 ], [ 19.663778335521922, 47.288946281221968 ], [ 19.782689855682907, 47.236922491151539 ], [ 19.894169405833825, 47.210910596116321 ], [ 19.964773120929408, 47.1960466560962 ], [ 20.057672746055175, 47.18861468608614 ], [ 20.1913267503292, 47.174503346669034 ], [ 20.354951546457631, 47.151454836035832 ], [ 20.451567156588432, 47.099431045965403 ], [ 20.4961589766488, 47.062271195915095 ], [ 20.581626631764504, 47.036259300879884 ], [ 20.670810271885241, 47.006531420839636 ], [ 20.763709897011008, 46.969371570789328 ], [ 20.834313612106591, 46.913631795713869 ], [ 20.87890543216696, 46.87275596065853 ], [ 20.964373087282667, 46.820732170588101 ], [ 21.049840742398374, 46.783572320537793 ], [ 21.133, 46.767 ] ] ] } },
{ "type": "Feature", "properties": { "id": null }, "geometry": { "type": "MultiLineString", "coordinates": [ [ [ 21.319977280942989, 46.200399104338445 ], [ 21.292122964726374, 46.32501977091701 ], [ 21.288406979721344, 46.34359969594216 ], [ 21.25496311467607, 46.384475530997499 ], [ 21.202939324605637, 46.443931291077995 ], [ 21.176927429570423, 46.477375156123266 ], [ 21.139767579520118, 46.536830916203762 ], [ 21.1137556844849, 46.596286676284251 ], [ 21.1, 46.683 ], [ 21.133, 46.767 ], [ 21.275022757326074, 46.647173180853699 ], [ 21.366442664826991, 46.722630166455296 ], [ 21.42589842490748, 46.730062136465357 ], [ 21.496502140003063, 46.756074031500567 ], [ 21.533661990053371, 46.759790016505598 ], [ 21.59311775013386, 46.767221986515665 ], [ 21.600549720143924, 46.774653956525725 ], [ 21.652573510214353, 46.811813806576026 ], [ 21.723177225309936, 46.852689641631365 ], [ 21.771485030375334, 46.908429416706831 ], [ 21.845804730475948, 46.98274911680744 ], [ 21.882964580526256, 47.008761011842658 ], [ 21.908499644901116, 47.066186172971896 ] ] ] } },
{ "type": "Feature", "properties": { "id": null }, "geometry": { "type": "MultiLineString", "coordinates": [ [ [ 16.989799745171673, 46.453803689263545 ], [ 17.117585410074888, 46.489266308139371 ], [ 17.17704117015538, 46.541290098209799 ], [ 17.206769050195625, 46.578449948260108 ], [ 17.251360870255994, 46.630473738330537 ], [ 17.414864210477344, 46.652769648360724 ], [ 17.504047850598081, 46.675065558390905 ], [ 17.585799520708754, 46.704793438431153 ], [ 17.652687250799307, 46.734521318471401 ], [ 17.682415130839555, 46.749385258491522 ], [ 17.771598770960289, 46.77911313853177 ], [ 17.898685458132334, 46.820732170588101 ], [ 17.973005158232951, 46.846744065623312 ], [ 18.155088423479455, 46.95822361577423 ], [ 18.199680243539824, 46.976803540799388 ], [ 18.259136003620313, 47.006531420839636 ], [ 18.326023733710866, 47.047407255894967 ], [ 18.35575161375111, 47.077135135935215 ], [ 18.389195478796388, 47.151454836035832 ], [ 18.417, 47.2 ], [ 18.571278744042893, 47.244354461161599 ], [ 18.619586549108291, 47.25921840118172 ], [ 18.693906249208904, 47.2815143112119 ], [ 18.786805874334672, 47.352118026307487 ], [ 18.83511367940007, 47.392993861362825 ], [ 18.883421484465469, 47.437585681423194 ], [ 18.924297319520807, 47.467313561463442 ], [ 19.033, 47.5 ] ] ] } },
{ "type": "Feature", "properties": { "id": null }, "geometry": { "type": "MultiLineString", "coordinates": [ [ [ 24.15, 45.8 ], [ 24.087286885510458, 45.809241052218759 ], [ 24.057559005470214, 45.82038900723385 ], [ 23.979523320364567, 45.83525294725397 ], [ 23.931215515299169, 45.84268491726403 ], [ 23.88290771023377, 45.84268491726403 ], [ 23.87547574022371, 45.84268491726403 ], [ 23.860611800203586, 45.861264842289188 ], [ 23.819735965148247, 45.890992722329429 ], [ 23.760280205067758, 45.905856662349557 ], [ 23.671096564947021, 45.939300527394828 ], [ 23.630220729891683, 45.950448482409925 ], [ 23.570764969811194, 45.983892347455196 ], [ 23.569521794591537, 46.061420794016087 ], [ 23.585628909831314, 46.117667807636302 ], [ 23.611640804866528, 46.15854364269164 ], [ 23.630220729891683, 46.177123567716798 ], [ 23.641368684906777, 46.199419477746979 ], [ 23.652516639921867, 46.217999402772129 ], [ 23.656232624926897, 46.251443267817407 ], [ 23.656232624926897, 46.281171147857656 ], [ 23.656232624926897, 46.314615012902934 ], [ 23.656232624926897, 46.355490847958265 ], [ 23.678528534957081, 46.385218727998513 ], [ 23.704540429992296, 46.403798653023664 ], [ 23.752848235057694, 46.440958503073972 ], [ 23.775144145087879, 46.46325441310416 ], [ 23.775144145087879, 46.518994188179619 ], [ 23.734268310032544, 46.574733963255078 ], [ 23.678528534957081, 46.615609798310416 ], [ 23.622788759881622, 46.697361468421093 ], [ 23.6, 46.767 ] ] ] } },
{ "type": "Feature", "properties": { "id": null }, "geometry": { "type": "MultiLineString", "coordinates": [ [ [ 25.65, 43.067 ], [ 25.572194493520723, 43.043061814473937 ], [ 25.564762523510659, 43.035629844463877 ], [ 25.523886688455324, 43.002185979418606 ], [ 25.49787479342011, 42.983606054393448 ], [ 25.453282973359741, 42.957594159358237 ], [ 25.416123123309433, 42.939014234333079 ], [ 25.34923539321888, 42.916718324302899 ], [ 25.315289588760582, 42.872547665100598 ], [ 25.315289588760582, 42.872547665100598 ], [ 25.304643573158511, 42.823818699177131 ], [ 25.300927588153481, 42.756930969086575 ], [ 25.319507513178635, 42.727203089046334 ], [ 25.330655468193726, 42.697475209006086 ], [ 25.35666736322894, 42.660315358955778 ], [ 25.386395243269188, 42.634303463920567 ], [ 25.423555093319493, 42.612007553890379 ], [ 25.453282973359741, 42.589711643860198 ], [ 25.523886688455324, 42.567415733830011 ], [ 25.553614568495568, 42.537687853789762 ], [ 25.601922373560967, 42.489380048724364 ], [ 25.633, 42.417 ], [ 25.646514193621336, 42.374184513568416 ], [ 25.657662148636426, 42.281284888442649 ], [ 25.66137813364146, 42.23297708337725 ], [ 25.653946163631396, 42.199533218331972 ], [ 25.646514193621336, 42.166089353286694 ], [ 25.646514193621336, 42.136361473246453 ], [ 25.650898369899764, 42.035885664902821 ] ] ] } },
{ "type": "Feature", "properties": { "id": null }, "geometry": { "type": "MultiLineString", "coordinates": [ [ [ 26.817, 43.167 ], [ 26.774687241148655, 43.110692741565501 ], [ 26.737527391098347, 43.084680846530283 ], [ 26.678071631017858, 43.058668951495072 ], [ 26.644627765972579, 43.036373041464884 ], [ 26.644627765972579, 42.976917281384395 ], [ 26.65205973598264, 42.902597581283786 ], [ 26.633479810957489, 42.869153716238507 ], [ 26.607467915922271, 42.839425836198259 ], [ 26.603751930917241, 42.77625409111274 ], [ 26.614899885932335, 42.746526211072492 ], [ 26.663207690997734, 42.675922495976913 ], [ 26.670639661007794, 42.657342570951755 ], [ 26.655775720987673, 42.627614690911514 ], [ 26.626047840947425, 42.605318780881326 ], [ 26.577740035882027, 42.583022870851146 ], [ 26.555444125851842, 42.553294990810898 ], [ 26.525716245811598, 42.519851125765619 ], [ 26.522000260806568, 42.504987185745499 ] ] ] } },
{ "type": "Feature", "properties": { "id": null }, "geometry": { "type": "MultiLineString", "coordinates": [ [ [ 25.65, 43.067 ], [ 25.643541405617313, 43.011847540431674 ], [ 25.643541405617313, 42.985835645396456 ], [ 25.639825420612283, 42.952391780351178 ], [ 25.636109435607253, 42.926379885315967 ], [ 25.643541405617313, 42.896652005275719 ], [ 25.662121330642467, 42.870640110240508 ], [ 25.665837315647497, 42.84091223020026 ], [ 25.688133225677682, 42.807468365154982 ], [ 25.710429135707866, 42.777740485114741 ], [ 25.73644103074308, 42.748012605074493 ], [ 25.762452925778298, 42.714568740029215 ], [ 25.792180805818543, 42.688556844994004 ], [ 25.807044745838667, 42.673692904973876 ], [ 25.810760730843697, 42.651396994943696 ], [ 25.743873000753144, 42.629101084913508 ], [ 25.665837315647497, 42.625385099908478 ], [ 25.606381555567008, 42.617953129898417 ], [ 25.57293769052173, 42.599373204873267 ], [ 25.523886688455324, 42.567415733830011 ] ] ] } },
{ "type": "Feature", "properties": { "id": null }, "geometry": { "type": "MultiLineString", "coordinates": [ [ [ 25.810760730843697, 42.651396994943696 ], [ 25.88508043094431, 42.640249039928605 ], [ 25.970548086060017, 42.651396994943696 ], [ 26.04858377116566, 42.662544949958786 ], [ 26.104323546241119, 42.662544949958786 ], [ 26.171211276331672, 42.666260934963816 ], [ 26.230667036412164, 42.662544949958786 ], [ 26.317, 42.667 ], [ 26.317, 42.667 ], [ 26.423898256673759, 42.647681009938665 ], [ 26.472206061739158, 42.651396994943696 ], [ 26.509365911789466, 42.658828964953756 ], [ 26.576253641880019, 42.651396994943696 ], [ 26.594833566905173, 42.651396994943696 ], [ 26.670639661007794, 42.657342570951755 ] ] ] } },
{ "type": "Feature", "properties": { "id": null }, "geometry": { "type": "MultiLineString", "coordinates": [ [ [ 22.867, 43.983 ], [ 22.995530491032451, 43.970571671729623 ], [ 23.010394431052575, 43.978003641739683 ], [ 23.080998146148158, 44.000299551769864 ], [ 23.147885876238707, 44.026311446805082 ], [ 23.203625651314169, 44.05975531185036 ], [ 23.248217471374538, 44.08205122188054 ], [ 23.281661336419813, 44.089483191890601 ], [ 23.344833081505335, 44.108063116915758 ], [ 23.426584751616012, 44.130359026945939 ], [ 23.482324526691471, 44.145222966966067 ], [ 23.552928241787054, 44.163802891991217 ], [ 23.616099986872577, 44.189814787026435 ], [ 23.69413567197822, 44.219542667066676 ], [ 23.749875447053682, 44.256702517116985 ], [ 23.8, 44.317 ], [ 24.0917460675165, 44.341426975231677 ], [ 24.169781752622143, 44.356290915251797 ], [ 24.240385467717729, 44.367438870266895 ], [ 24.284977287778098, 44.382302810287015 ], [ 24.444764642994414, 44.415746675332294 ], [ 24.459628583014538, 44.445474555372535 ], [ 24.507936388079937, 44.508646300458061 ], [ 24.537664268120182, 44.534658195493272 ], [ 24.589688058190614, 44.56438607553352 ], [ 24.649143818271103, 44.608977895593888 ], [ 24.716031548361656, 44.653569715654257 ], [ 24.775487308442148, 44.694445550709595 ], [ 24.823795113507547, 44.742753355774994 ], [ 24.857238978552822, 44.809641085865543 ], [ 24.879534888583006, 44.846800935915851 ], [ 24.89811481360816, 44.846800935915851 ], [ 24.938990648663498, 44.843084950910821 ], [ 25.020742318774172, 44.835652980900761 ], [ 25.109925958894909, 44.805925100860513 ], [ 25.184245658995522, 44.791061160840393 ], [ 25.258565359096139, 44.739037370769964 ], [ 25.332885059196752, 44.713025475734746 ], [ 25.422068699317489, 44.698161535714625 ], [ 25.514968324443256, 44.683297595694498 ], [ 25.607867949569023, 44.672149640679407 ], [ 25.726779469730005, 44.638705775634136 ], [ 25.830827049870862, 44.590397970568731 ], [ 25.920010689991599, 44.549522135513399 ], [ 25.957170540041908, 44.534658195493272 ], [ 26.061218120182765, 44.464054480397692 ], [ 26.1, 44.433 ] ] ] } },
{ "type": "Feature", "properties": { "id": null }, "geometry": { "type": "MultiLineString", "coordinates": [ [ [ 21.404046099662526, 43.895451572759185 ], [ 21.502447716011119, 43.882874425610915 ], [ 21.576767416111732, 43.879158440605885 ], [ 21.651087116212349, 43.879158440605885 ], [ 21.721690831307932, 43.853146545570667 ], [ 21.784862576393451, 43.841998590555576 ], [ 21.859182276494067, 43.834566620545516 ], [ 21.93350197659468, 43.838282605550546 ], [ 22.022685616715417, 43.864294500585757 ], [ 22.082141376795906, 43.897738365631035 ], [ 22.115585241841185, 43.912602305651163 ], [ 22.201052896956888, 43.934898215681343 ], [ 22.245644717017257, 43.946046170696434 ], [ 22.260508657037381, 43.946046170696434 ], [ 22.275372597057505, 43.946046170696434 ], [ 22.32665319012693, 44.031513825812141 ], [ 22.319221220116866, 44.057525720847359 ], [ 22.33036917513196, 44.098401555902697 ], [ 22.345233115152084, 44.131845420947975 ], [ 22.397256905222513, 44.161573300988216 ], [ 22.434416755272817, 44.183869211018404 ], [ 22.471576605323126, 44.206165121048585 ], [ 22.49015653034828, 44.221029061068705 ], [ 22.49387251535331, 44.228461031078773 ], [ 22.48644054534325, 44.250756941108953 ], [ 22.471576605323126, 44.276768836144171 ], [ 22.471576605323126, 44.284200806154232 ], [ 22.467860620318095, 44.310212701189442 ], [ 22.489784931847776, 44.322847050206555 ], [ 22.478636976832682, 44.352574930246803 ], [ 22.467489021817592, 44.389734780297111 ], [ 22.456341066802501, 44.415746675332322 ], [ 22.447051104289923, 44.4491905403776 ], [ 22.445193111787408, 44.478918420417848 ], [ 22.475863330533269, 44.507255446526322 ], [ 22.502790879365385, 44.538374180498337 ], [ 22.53251875940563, 44.558812098026003 ], [ 22.54366671442072, 44.571818045543615 ], [ 22.562246639445874, 44.588539978066251 ], [ 22.61113868662671, 44.612297475455478 ], [ 22.573394594460968, 44.625699828116559 ], [ 22.54738269942575, 44.63313179812662 ], [ 22.53623474441066, 44.64427975314171 ], [ 22.51579682688299, 44.662859678166868 ], [ 22.482352961837716, 44.688871573202078 ], [ 22.467489021817592, 44.696303543212139 ], [ 22.421039209254708, 44.694445550709624 ], [ 22.380029296875023, 44.70075104374412 ], [ 22.360595703125, 44.69232819218162 ] ] ] } },
{ "type": "Feature", "properties": { "id": null }, "geometry": { "type": "MultiLineString", "coordinates": [ [ [ 20.856716895657527, 44.589786142340884 ], [ 20.917551676219293, 44.62607142661706 ], [ 20.926430487285533, 44.662085749065703 ] ] ] } },
{ "type": "Feature", "properties": { "id": null }, "geometry": { "type": "MultiLineString", "coordinates": [ [ [ 20.990524772055267, 44.562291373218059 ], [ 21.014167286350091, 44.585195591561721 ], [ 21.047611151395365, 44.594485554074296 ], [ 21.053185128902914, 44.596343546576811 ], [ 21.140510776521136, 44.620497449109507 ], [ 21.162806686551317, 44.63350339662712 ], [ 21.177670626571441, 44.64093536663718 ], [ 21.22597843163684, 44.65208332165227 ], [ 21.281718206712302, 44.661373284164846 ], [ 21.322594041767637, 44.670663246677421 ], [ 21.391339764360705, 44.700391126717669 ], [ 21.435931584421073, 44.720829044245342 ], [ 21.478665411978927, 44.735692984265462 ], [ 21.500961322009111, 44.737550976767977 ], [ 21.526973217044326, 44.730119006757917 ], [ 21.54926912707451, 44.707823096727729 ], [ 21.573423029607209, 44.694817149210124 ], [ 21.618014849667578, 44.676237224184973 ], [ 21.673232551461293, 44.660424148162768 ], [ 21.673232551461293, 44.660424148162768 ], [ 21.731352392321014, 44.64836733664724 ], [ 21.774086219878868, 44.64836733664724 ], [ 21.788950159898992, 44.64836733664724 ], [ 21.824252017446781, 44.650225329149755 ], [ 21.85769588249206, 44.65208332165227 ], [ 21.909719672562488, 44.64093536663718 ], [ 21.935731567597703, 44.62607142661706 ], [ 21.961743462632917, 44.609349494094417 ], [ 21.982181380160586, 44.581479606556691 ], [ 22.023057215215925, 44.535029793993807 ], [ 22.039779147738564, 44.52388183897871 ], [ 22.058359072763714, 44.507159906456074 ], [ 22.076938997788869, 44.490437973933439 ], [ 22.119672825346722, 44.462568086395706 ], [ 22.15683267539703, 44.462568086395706 ], [ 22.206998472964944, 44.484863996425887 ], [ 22.233010368000159, 44.52016585397368 ], [ 22.255306278030343, 44.544319756506383 ], [ 22.279460180563042, 44.577763621551654 ], [ 22.307330068100772, 44.607491501591902 ], [ 22.320336015618381, 44.63721938163215 ], [ 22.335199955638501, 44.653941314154785 ], [ 22.360595703125, 44.69232819218162 ] ] ] } },
{ "type": "Feature", "properties": { "id": null }, "geometry": { "type": "MultiLineString", "coordinates": [ [ [ -4.983, 34.053 ], [ -4.926646290189136, 34.049820160215333 ], [ -4.869107492099765, 34.034939436571527 ], [ -4.816528935224994, 34.032955340085692 ], [ -4.751053751192261, 34.024026905899404 ], [ -4.712363869718374, 34.006170037526843 ], [ -4.686570615402449, 34.000217748069325 ], [ -4.6399443479852, 34.010138230498526 ], [ -4.631015913798918, 34.025018954142325 ], [ -4.607206755968833, 34.027995098871088 ], [ -4.563556633280345, 34.033947388328613 ], [ -4.531811089506898, 34.041883774271973 ], [ -4.511970124648494, 34.063708835616218 ], [ -4.480224580875048, 34.085533896960463 ], [ -4.464351808988325, 34.097438475875499 ], [ -4.4385585546724, 34.114303296005147 ], [ -4.423677831028597, 34.119263537219744 ], [ -4.409789155627714, 34.128191971406025 ], [ -4.38994819076931, 34.137120405592313 ], [ -4.344313971594982, 34.151009080993191 ], [ -4.321496862007817, 34.157953418693637 ], [ -4.297687704177733, 34.180770528280796 ], [ -4.28181493229101, 34.182754624766638 ], [ -4.267926256890126, 34.1857307694954 ], [ -4.266934208647206, 34.1857307694954 ], [ -4.246101195545882, 34.197635348410444 ], [ -4.23419661663084, 34.204579686110883 ], [ -4.203443121100314, 34.208547879082566 ], [ -4.177649866784389, 34.188706914224163 ], [ -4.150864564225543, 34.197635348410444 ], [ -4.143920226525102, 34.203587637867962 ], [ -4.127055406395459, 34.210531975568408 ], [ -4.077452994249449, 34.216484265025926 ], [ -4.051262920636357, 34.216881084323042 ] ] ] } },
{ "type": "Feature", "properties": { "id": null }, "geometry": { "type": "MultiLineString", "coordinates": [ [ [ -4.051262920636357, 34.216881084323042 ], [ -3.99451776114132, 34.2291824825353 ], [ -3.952851734938672, 34.239102964964502 ], [ -3.911185708736023, 34.25299164036538 ], [ -3.871503779019215, 34.254975736851222 ], [ -3.827853656330727, 34.260928026308747 ], [ -3.770314858241356, 34.254975736851222 ], [ -3.730632928524548, 34.254975736851222 ], [ -3.686982805836059, 34.239102964964502 ], [ -3.609603042888284, 34.2291824825353 ], [ -3.558016534256434, 34.221246096591933 ], [ -3.504445929138743, 34.20140513173353 ], [ -3.409209297818405, 34.215293807134415 ], [ -3.357622789186554, 34.227198386049459 ], [ -3.321115413847091, 34.24227751934184 ], [ -3.259608422786039, 34.244261615827682 ], [ -3.225878782526753, 34.265094628929006 ], [ -3.174292273894902, 34.282951497301568 ], [ -3.145522874850216, 34.291879931487848 ], [ -3.115761427562611, 34.303784510402892 ], [ -3.084015883789164, 34.30973679986041 ], [ -3.057230581230319, 34.330569812961734 ], [ -3.046318050558197, 34.347434633091382 ], [ -3.033421423400235, 34.366283549706864 ], [ -3.003659976112629, 34.382156321593591 ], [ -2.976874673553783, 34.395052948751548 ], [ -2.954057563966619, 34.407949575909512 ], [ -2.938184792079896, 34.410925720638275 ], [ -2.897709223768754, 34.407155937315146 ] ] ] } },
{ "type": "Feature", "properties": { "id": null }, "geometry": { "type": "MultiLineString", "coordinates": [ [ [ -2.897709223768754, 34.407155937315146 ], [ -2.881439632584861, 34.46290904856729 ], [ -2.87747143961318, 34.476797723968176 ], [ -2.825884930981331, 34.518463750170824 ], [ -2.794139387207884, 34.538304715029227 ], [ -2.754457457491077, 34.564097969345156 ], [ -2.694934562915865, 34.589891223661077 ], [ -2.629459378883132, 34.603779899061962 ], [ -2.609618414024728, 34.603779899061962 ], [ -2.560016001878718, 34.597827609604437 ], [ -2.52033407216191, 34.597827609604437 ], [ -2.492556721360145, 34.597827609604437 ], [ -2.442954309214135, 34.597827609604437 ], [ -2.379463221667243, 34.589891223661077 ], [ -2.343749484922116, 34.59385941663276 ], [ -2.302083458719467, 34.60179580257612 ], [ -2.260417432516819, 34.603779899061962 ], [ -2.220735502800012, 34.611716285005322 ], [ -2.194942248484087, 34.623620863920365 ], [ -2.157244415253119, 34.641477732292927 ], [ -2.117562485536311, 34.659334600665495 ], [ -2.069944169876142, 34.673223276066373 ], [ -2.016373564758451, 34.685127854981417 ], [ -2.00843717881509, 34.685127854981417 ], [ -1.9493111035371, 34.676882831806864 ] ] ] } },
{ "type": "Feature", "properties": { "id": null }, "geometry": { "type": "MultiLineString", "coordinates": [ [ [ -2.560016001878718, 34.597827609604437 ], [ -2.516365879190229, 34.621636767434524 ], [ -2.46874756353006, 34.639493635807085 ], [ -2.454858888129178, 34.643461828778769 ], [ -2.437002019756614, 34.657350504179654 ], [ -2.409224668954849, 34.6890960479531 ], [ -2.399304186525646, 34.70496881983982 ], [ -2.393351897068126, 34.722825688212382 ], [ -2.389383704096445, 34.74861894252831 ], [ -2.401288283011487, 34.790284968730958 ], [ -2.407240572469008, 34.804173644131843 ], [ -2.421129247869891, 34.827982801961923 ], [ -2.421129247869891, 34.833935091419448 ], [ -2.423113344355731, 34.871632924650413 ], [ -2.41319286192653, 34.879569310593773 ], [ -2.381447318153083, 34.893457985994658 ], [ -2.353669967351318, 34.90337846842386 ], [ -2.327479893738227, 34.924112276700875 ] ] ] } },
{ "type": "Feature", "properties": { "id": null }, "geometry": { "type": "MultiLineString", "coordinates": [ [ [ -8.0, 31.633 ], [ -7.990091264326699, 31.76136327344701 ], [ -7.99405945729838, 31.820886168022223 ], [ -8.017868615128464, 31.86056809773903 ], [ -8.025805001071825, 31.939931957172647 ], [ -8.005964036213422, 31.987550272832816 ], [ -7.99802765027006, 32.027232202549627 ], [ -7.99405945729838, 32.09865967603988 ], [ -7.990091264326699, 32.189928114388536 ], [ -7.974218492439975, 32.241514623020386 ], [ -7.974218492439975, 32.273260166793833 ], [ -7.966282106496614, 32.336751254340726 ], [ -7.954377527581572, 32.356592219199129 ], [ -7.934536562723168, 32.408178727830979 ], [ -7.906759211921402, 32.447860657547785 ], [ -7.890886440034679, 32.511351745094679 ], [ -7.851204510317872, 32.574842832641572 ], [ -7.831363545459467, 32.598651990471659 ], [ -7.773824747370097, 32.682380862174128 ], [ -7.779777036827618, 32.737935563777654 ], [ -7.775808843855937, 32.783569782951986 ], [ -7.763904264940894, 32.815315326725432 ], [ -7.751999686025852, 32.833172195097994 ], [ -7.736126914139129, 32.854997256442239 ], [ -7.714301852794884, 32.872854124814801 ], [ -7.684540405507279, 32.896663282644887 ], [ -7.666683537134715, 32.916504247503291 ], [ -7.650810765247992, 32.942297501819219 ], [ -7.646842572276311, 32.948249791276737 ], [ -7.64287437930463, 32.974043045592666 ], [ -7.638906186332949, 33.017693168281156 ], [ -7.623827053040562, 33.059756013780962 ], [ -7.631763438983923, 33.089517461068567 ], [ -7.627795246012242, 33.129199390785374 ], [ -7.625811149526402, 33.154992645101302 ], [ -7.6158906670972, 33.172849513473864 ], [ -7.603986088182157, 33.194674574818109 ], [ -7.594065605752956, 33.218483732648195 ], [ -7.586129219809594, 33.244276986964117 ], [ -7.578192833866233, 33.279990723709247 ], [ -7.562320061979509, 33.321656749911895 ], [ -7.554383676036148, 33.345465907741975 ], [ -7.554383676036148, 33.369275065572062 ], [ -7.554383676036148, 33.377211451515421 ], [ -7.560335965493669, 33.399036512859666 ], [ -7.56628825495119, 33.438718442576473 ], [ -7.578192833866233, 33.472448082835761 ], [ -7.594065605752956, 33.494273144180006 ], [ -7.607954281153838, 33.51411410903841 ], [ -7.617874763583041, 33.535939170382655 ], [ -7.603986088182157, 33.563716521184418 ], [ -7.562320061979509, 33.573637003613619 ], [ -7.540495000635265, 33.579589293071145 ], [ -7.510733553347659, 33.587525679014504 ], [ -7.475019816602533, 33.611334836844591 ], [ -7.419465114999001, 33.647048573589714 ], [ -7.367878606367151, 33.662921345476441 ], [ -7.328196676650343, 33.686730503306528 ], [ -7.276610168018493, 33.714507854108291 ], [ -7.221055466414962, 33.742285204910054 ], [ -7.161532571839751, 33.758157976796781 ], [ -7.086136905377816, 33.783951231112702 ], [ -7.022645817830924, 33.845458222173754 ], [ -6.954789718015181, 33.900219285182956 ], [ -6.889314533982448, 33.951805793814806 ], [ -6.841227909860482, 34.026688697892645 ] ] ] } },
{ "type": "Feature", "properties": { "id": null }, "geometry": { "type": "MultiLineString", "coordinates": [ [ [ -6.841227909860482, 34.026688697892645 ], [ -6.775427395695211, 34.071645221559564 ], [ -6.702015825719116, 34.145056791535659 ], [ -6.670270281945671, 34.200611493139192 ], [ -6.644477027629746, 34.224420650969272 ], [ -6.618802982403106, 34.268111598688272 ] ] ] } },
{ "type": "Feature", "properties": { "id": null }, "geometry": { "type": "MultiLineString", "coordinates": [ [ [ -6.618802982403106, 34.268111598688272 ], [ -6.58217639797436, 34.252594821068236 ], [ -6.536542178800031, 34.284340364841682 ], [ -6.510748924484106, 34.307157474428848 ] ] ] } },
{ "type": "Feature", "properties": { "id": null }, "geometry": { "type": "MultiLineString", "coordinates": [ [ [ -6.510748924484106, 34.307157474428848 ], [ -6.443289643965531, 34.324815933152834 ], [ -6.423448679107127, 34.364497862869641 ], [ -6.415512293163766, 34.384338827728044 ], [ -6.38971903884784, 34.429973046902376 ], [ -6.352021205616873, 34.469654976619182 ], [ -6.33614843373015, 34.479575459048384 ], [ -6.28853011806998, 34.539098353623594 ], [ -6.252816381324854, 34.568859800911206 ], [ -6.201229872693004, 34.602589441170487 ], [ -6.13773878514611, 34.634334984943933 ], [ -6.040518057339932, 34.65814414277402 ], [ -5.994883838165602, 34.697826072490827 ], [ -5.967106487363838, 34.76131716003772 ], [ -5.961154197906316, 34.789094510839483 ], [ -5.957186004934636, 34.808935475697886 ], [ -5.939329136562072, 34.870442466758945 ], [ -5.933376847104551, 34.876394756216463 ], [ -5.915519978731988, 34.904172107018226 ], [ -5.915519978731988, 34.953774519164241 ], [ -5.907583592788626, 34.991472352395206 ], [ -5.913535882246147, 35.0549634399421 ], [ -5.919488171703668, 35.086708983715546 ], [ -5.952424173368621, 35.1021849363051 ], [ -5.966312848769503, 35.127978190621029 ], [ -5.966312848769503, 35.165676023851994 ], [ -5.974249234712865, 35.199405664111282 ], [ -5.978217427684545, 35.231151207884729 ], [ -5.974249234712865, 35.250992172743132 ], [ -5.988137910113747, 35.306546874346658 ], [ -5.992106103085428, 35.322419646233385 ], [ -6.011947067943832, 35.36011747946435 ], [ -6.013931164429672, 35.375990251351077 ], [ -6.013931164429672, 35.401783505666998 ], [ -6.007978874972151, 35.429560856468768 ], [ -6.00202658551463, 35.465274593213891 ], [ -5.978217427684545, 35.493051944015654 ], [ -5.974249234712865, 35.532733873732468 ], [ -5.956392366340301, 35.556543031562548 ], [ -5.95044007688278, 35.566463513991749 ], [ -5.934567304996056, 35.596224961279361 ], [ -5.922662726081015, 35.604161347222721 ], [ -5.910758147165972, 35.612097733166081 ], [ -5.894885375279249, 35.620034119109441 ], [ -5.869092120963324, 35.635906890996168 ], [ -5.84726705961908, 35.651779662882888 ], [ -5.821473805303155, 35.667652434769614 ], [ -5.79964874395891, 35.705350268000579 ], [ -5.79568055098723, 35.711302557458097 ], [ -5.79568055098723, 35.725191232858982 ], [ -5.808775587793775, 35.766063620467293 ] ] ] } },
{ "type": "Feature", "properties": { "id": null }, "geometry": { "type": "MultiLineString", "coordinates": [ [ [ -5.808775587793775, 35.766063620467293 ], [ -5.772665031751481, 35.764277933630041 ], [ -5.750839970407237, 35.787095043217207 ], [ -5.738935391492195, 35.802967815103933 ], [ -5.723062619605471, 35.810904201047293 ], [ -5.679412496916983, 35.824792876448178 ], [ -5.656595387329818, 35.826776972934013 ], [ -5.628818036528053, 35.820824683476495 ], [ -5.559374659523639, 35.832729262391538 ], [ -5.531597308721873, 35.851578179007021 ], [ -5.519692729806832, 35.85852251670746 ], [ -5.484971041304624, 35.882331674537546 ], [ -5.473066462389582, 35.889276012237985 ], [ -5.46116188347454, 35.874395288594187 ], [ -5.433384532672775, 35.870427095622503 ], [ -5.40957537484269, 35.889276012237985 ], [ -5.364139565316944, 35.889871241183734 ], [ -5.308, 35.89 ] ] ] } },
{ "type": "Feature", "properties": { "id": null }, "geometry": { "type": "MultiLineString", "coordinates": [ [ [ -9.597188188841493, 30.418513707820406 ], [ -9.498798232159739, 30.410987205184096 ], [ -9.45752902525426, 30.407812650806758 ], [ -9.382133358792325, 30.419717229721797 ], [ -9.366260586905602, 30.445510484037726 ], [ -9.326578657188794, 30.509001571584616 ], [ -9.322610464217112, 30.528842536443019 ], [ -9.332530946646315, 30.566540369673987 ], [ -9.336499139617995, 30.598285913447434 ], [ -9.336499139617995, 30.614158685334157 ], [ -9.324594560702954, 30.63003145722088 ], [ -9.292849016929507, 30.645904229107604 ], [ -9.247214797755177, 30.665745193966007 ], [ -9.223405639925094, 30.68558615882441 ], [ -9.191660096151647, 30.715347606112019 ], [ -9.161898648864041, 30.747093149885462 ], [ -9.138089491033956, 30.782806886630592 ], [ -9.120232622661392, 30.810584237432355 ], [ -9.112296236718031, 30.820504719861557 ], [ -9.094439368345467, 30.907804965238537 ], [ -9.074598403487064, 30.921693640639418 ], [ -9.068646114029542, 30.92764593009694 ], [ -9.056741535114501, 30.955423280898703 ], [ -9.032932377284416, 31.012962078988075 ], [ -9.024995991341054, 31.03081894736064 ], [ -9.019043701883533, 31.064548587619925 ], [ -9.017059605397693, 31.08240545599249 ], [ -8.987298158110086, 31.098278227879213 ], [ -8.939679842449918, 31.120103289223458 ], [ -8.909918395162311, 31.13002377165266 ], [ -8.888093333818068, 31.139944254081861 ], [ -8.862300079502143, 31.169705701369466 ], [ -8.820237234002326, 31.203832160925916 ], [ -8.820237234002326, 31.203832160925916 ], [ -8.776587111313837, 31.21573673984096 ], [ -8.756746146455432, 31.221689029298481 ], [ -8.726984699167827, 31.233593608213525 ], [ -8.689286865936859, 31.25145047658609 ], [ -8.659525418649254, 31.266331200229892 ], [ -8.617859392446606, 31.280219875630774 ], [ -8.578177462729798, 31.300060840489177 ], [ -8.560320594357234, 31.3159336123759 ], [ -8.535519388284229, 31.337758673720145 ], [ -8.519646616397507, 31.350655300878106 ], [ -8.496829506810341, 31.366528072764829 ], [ -8.476988541951938, 31.380416748165715 ], [ -8.453179384121853, 31.393313375323675 ], [ -8.406751526353188, 31.400257713024118 ], [ -8.389886706223546, 31.41117024369624 ], [ -8.370045741365141, 31.420098677882521 ], [ -8.338300197591696, 31.436963498012165 ], [ -8.30655465381825, 31.451844221655968 ], [ -8.262904531129761, 31.46672494529977 ], [ -8.231158987356315, 31.479621572457734 ], [ -8.20536573304039, 31.495494344344458 ], [ -8.189492961153666, 31.505414826773659 ], [ -8.170644044538182, 31.511367116231181 ], [ -8.141874645493496, 31.522279646903304 ], [ -8.120049584149253, 31.538152418790023 ], [ -8.103184764019609, 31.541128563518786 ], [ -8.064494882545722, 31.546088804733387 ], [ -8.027789097557674, 31.567913866077632 ], [ -8.013900422156791, 31.590730975664794 ], [ -8.00497198797051, 31.605611699308596 ], [ -8.0, 31.633 ] ] ] } },
{ "type": "Feature", "properties": { "id": null }, "geometry": { "type": "MultiLineString", "coordinates": [ [ [ -8.0, 31.633 ], [ -7.947631599529724, 31.636762014136295 ], [ -7.913901959270437, 31.640730207107978 ], [ -7.894060994412033, 31.593111891447808 ], [ -7.896045090897873, 31.585175505504445 ], [ -7.884140511982832, 31.585175505504445 ], [ -7.820649424435938, 31.577239119561085 ], [ -7.796840266605854, 31.579223216046923 ], [ -7.763110626346568, 31.577239119561085 ], [ -7.739301468516483, 31.571286830103563 ], [ -7.711524117714717, 31.569302733617722 ], [ -7.681762670427111, 31.567318637131883 ], [ -7.638112547738623, 31.55938225118852 ], [ -7.580573749649251, 31.549461768759318 ], [ -7.564700977762529, 31.545493575787638 ], [ -7.530971337503241, 31.543509479301797 ], [ -7.489305311300594, 31.527636707415073 ], [ -7.459543864012987, 31.51176393552835 ], [ -7.441686995640424, 31.487954777698267 ], [ -7.425814223753701, 31.478034295269065 ], [ -7.409941451866978, 31.470097909325702 ], [ -7.402005065923617, 31.464145619868184 ], [ -7.396052776466095, 31.438352365552259 ], [ -7.396052776466095, 31.424463690151374 ], [ -7.396052776466095, 31.422479593665535 ], [ -7.398036872951936, 31.410575014750492 ], [ -7.405973258895298, 31.398670435835449 ], [ -7.405973258895298, 31.378829470977045 ], [ -7.398036872951936, 31.3570044096328 ], [ -7.374227715121851, 31.337163444774397 ], [ -7.372243618636011, 31.331211155316876 ], [ -7.360339039720968, 31.307401997486792 ], [ -7.364307232692649, 31.291529225600069 ], [ -7.386132294036893, 31.265735971284144 ], [ -7.388116390522734, 31.263751874798302 ], [ -7.400020969437776, 31.243910909939899 ], [ -7.413909644838659, 31.212165366166452 ], [ -7.421846030782021, 31.200260787251409 ], [ -7.445655188612105, 31.182403918878848 ], [ -7.447639285097946, 31.176451629421326 ], [ -7.447639285097946, 31.164547050506282 ], [ -7.388116390522734, 31.132801506732836 ], [ -7.372243618636011, 31.132801506732836 ], [ -7.354386750263447, 31.128833313761156 ], [ -7.348434460805926, 31.124865120789476 ], [ -7.32065711000416, 31.122881024303634 ], [ -7.292879759202395, 31.091135480530188 ], [ -7.290895662716554, 31.085183191072666 ], [ -7.26907060137231, 31.067326322700104 ], [ -7.257166022457268, 31.065342226214263 ], [ -7.2194681892263, 31.055421743785061 ], [ -7.203595417339578, 31.045501261355859 ], [ -7.189706741938695, 31.039548971898338 ], [ -7.171849873566131, 31.039548971898338 ], [ -7.131783099894458, 31.045237803825124 ] ] ] } },
{ "type": "Feature", "properties": { "id": null }, "geometry": { "type": "MultiLineString", "coordinates": [ [ [ -7.131783099894458, 31.045237803825124 ], [ -7.107763557073486, 31.034985549980902 ], [ -7.100819219373045, 31.026057115794622 ], [ -7.096851026401365, 31.0201048263371 ], [ -7.077010061542961, 31.008200247422057 ], [ -7.057169096684556, 30.976454703648614 ], [ -7.046256566012435, 30.96455012473357 ], [ -7.031375842368631, 30.957605787033128 ], [ -7.009550781024387, 30.944709159875167 ], [ -6.991632402939098, 30.928114601447792 ], [ -6.991632402939098, 30.928114601447792 ] ] ] } },
{ "type": "Feature", "properties": { "id": null }, "geometry": { "type": "MultiLineString", "coordinates": [ [ [ -6.991632402939098, 30.928114601447792 ], [ -6.948639018909085, 30.92248727923376 ], [ -6.917885523378559, 30.917527038019159 ], [ -6.904988896220597, 30.92248727923376 ], [ -6.885147931362193, 30.937368002877562 ], [ -6.864314918260868, 30.950264630035527 ], [ -6.851418291102906, 30.96216920895057 ], [ -6.8216568438153, 30.972089691379772 ], [ -6.77304647991221, 30.978041980837293 ], [ -6.740308887895845, 30.97407378786561 ], [ -6.696658765207355, 30.976057884351452 ], [ -6.66590526967683, 30.988954511509416 ], [ -6.634159725903383, 31.003835235153218 ], [ -6.606382375101618, 31.01375571758242 ], [ -6.589517554971975, 31.029628489469143 ], [ -6.579597072542772, 31.037564875412503 ], [ -6.560676848207229, 31.059399190430256 ] ] ] } },
{ "type": "Feature", "properties": { "id": null }, "geometry": { "type": "MultiLineString", "coordinates": [ [ [ -6.386426908382465, 30.67963386936681 ], [ -6.429400968564656, 30.694713002659288 ], [ -6.44725783693722, 30.698681195630972 ], [ -6.461146512338103, 30.70463348508849 ], [ -6.480987477196506, 30.712569871031853 ], [ -6.49884434556907, 30.716538064003533 ], [ -6.510748924484112, 30.718522160489375 ], [ -6.534558082314197, 30.720506256975213 ], [ -6.556383143658441, 30.720506256975213 ], [ -6.584160494460207, 30.720506256975213 ], [ -6.621858327691174, 30.724474449946896 ], [ -6.673444836323024, 30.74828360777698 ], [ -6.687333511723907, 30.760188186692023 ], [ -6.707174476582311, 30.787965537493786 ], [ -6.717094959011513, 30.793917826951308 ], [ -6.756776888728321, 30.811774695323873 ], [ -6.786538336015926, 30.829631563696434 ], [ -6.822252072761054, 30.851456625040679 ], [ -6.848045327076979, 30.861377107469881 ], [ -6.869870388421223, 30.867329396927403 ], [ -6.881774967336265, 30.869313493413244 ], [ -6.948639018909085, 30.92248727923376 ] ] ] } },
{ "type": "Feature", "properties": { "id": null }, "geometry": { "type": "MultiLineString", "coordinates": [ [ [ -6.386426908382465, 30.67963386936681 ], [ -6.320672481140601, 30.677649772881058 ], [ -6.304799709253879, 30.673681579909378 ], [ -6.296863323310517, 30.673681579909378 ], [ -6.257181393593709, 30.689554351796097 ], [ -6.223451753334422, 30.699474834225303 ], [ -6.195674402532657, 30.697490737739461 ], [ -6.171865244702572, 30.705427123682821 ], [ -6.142103797414967, 30.723283992055386 ], [ -6.112342350127361, 30.735188570970429 ], [ -6.090517288783117, 30.745109053399631 ], [ -6.013137525835341, 30.782806886630599 ], [ -5.977423789090214, 30.798679658517319 ], [ -5.953614631260129, 30.824472912833244 ], [ -5.937741859373406, 30.834393395262449 ], [ -5.913932701543322, 30.848282070663331 ], [ -5.900044026142439, 30.85621845660669 ], [ -5.866314385883152, 30.887964000380137 ], [ -5.842505228053067, 30.919709544153584 ], [ -5.824648359680504, 30.94351870198367 ], [ -5.808775587793781, 30.985184728186319 ], [ -5.80282329833626, 31.00304159655888 ], [ -5.788934622935377, 31.020898464931445 ], [ -5.763141368619452, 31.040739429789848 ], [ -5.741316307275207, 31.044707622761528 ], [ -5.707586667015921, 31.032803043846485 ], [ -5.677825219728316, 31.028834850874805 ], [ -5.626238711096465, 31.022882561417283 ], [ -5.532986176261967, 31.022882561417283 ], [ -5.467510992229234, 31.028834850874805 ], [ -5.384178939823938, 31.014946175473924 ], [ -5.306799176876162, 31.001057500073042 ], [ -5.275053633102717, 31.001057500073042 ], [ -5.24330808932927, 31.040739429789848 ], [ -5.213546642041664, 31.070500877077453 ], [ -5.169896519353175, 31.100262324365058 ], [ -5.165928326381495, 31.1022464208509 ], [ -5.092913575702569, 31.143118808459228 ], [ -5.021486102212315, 31.174864352232674 ], [ -4.944106339264541, 31.194705317091078 ], [ -4.886567541175169, 31.206609896006121 ], [ -4.838949225515, 31.214546281949481 ], [ -4.793315006340671, 31.224466764378683 ], [ -4.721887532850417, 31.240339536265406 ], [ -4.648475962874322, 31.248275922208769 ], [ -4.594905357756632, 31.248275922208769 ], [ -4.517525594808856, 31.244307729237089 ], [ -4.454034507261964, 31.254228211666291 ], [ -4.394511612686752, 31.268116887067173 ], [ -4.358797875941626, 31.280021465982216 ], [ -4.305227270823935, 31.287957851925576 ], [ -4.269, 31.285 ] ] ] } },
{ "type": "Feature", "properties": { "id": null }, "geometry": { "type": "MultiLineString", "coordinates": [ [ [ -7.913901959270437, 31.640730207107978 ], [ -7.789300699959663, 31.63239700186746 ], [ -7.729777805384452, 31.652237966725863 ], [ -7.670254910809239, 31.68001531752763 ], [ -7.598827437318986, 31.715729054272757 ], [ -7.571050086517221, 31.767315562904606 ], [ -7.56708189354554, 31.775251948847966 ], [ -7.551209121658816, 31.795092913706373 ], [ -7.511527191942009, 31.83477484342318 ], [ -7.475813455196882, 31.862552194224946 ], [ -7.452004297366797, 31.890329545026709 ], [ -7.428195139536713, 31.922075088800156 ], [ -7.400417788734947, 31.977629790403689 ], [ -7.344863087131416, 32.041120877950583 ], [ -7.313117543357969, 32.072866421724029 ], [ -7.21788091203763, 32.132389316299239 ], [ -7.142485245575696, 32.136357509270923 ], [ -7.051216807227038, 32.144293895214282 ], [ -7.027407649396953, 32.152230281157642 ], [ -6.991693912651827, 32.168103053044362 ], [ -6.90836186024653, 32.191912210874449 ], [ -6.80518884298283, 32.219689561676212 ], [ -6.761538720294341, 32.231594140591255 ], [ -6.757570527322661, 32.231594140591255 ], [ -6.693682620478599, 32.228419586213917 ], [ -6.657968883733473, 32.244292358100644 ], [ -6.586541410243218, 32.254212840529846 ], [ -6.503209357837922, 32.258181033501522 ], [ -6.457575138663593, 32.280006094845767 ], [ -6.411940919489264, 32.303815252675854 ], [ -6.362434854415412, 32.345298382741397 ], [ -6.362434854415412, 32.345298382741397 ], [ -6.358370314371573, 32.375242726166107 ], [ -6.348449831942371, 32.399051883996194 ], [ -6.314720191683085, 32.436749717227158 ], [ -6.298847419796362, 32.470479357486447 ], [ -6.290911033853, 32.496272611802368 ], [ -6.284958744395479, 32.518097673146613 ], [ -6.275038261966277, 32.53397044503334 ], [ -6.277762652339847, 32.602833562269737 ] ] ] } },
{ "type": "Feature", "properties": { "id": null }, "geometry": { "type": "MultiLineString", "coordinates": [ [ [ -6.277762652339847, 32.602833562269737 ], [ -6.218293102471242, 32.572461916858636 ], [ -6.178611172754435, 32.594286978202881 ], [ -6.150833821952669, 32.596271074688723 ], [ -6.123056471150904, 32.596271074688723 ], [ -6.109167795750022, 32.598255171174564 ], [ -6.093295023863298, 32.598255171174564 ], [ -6.035756225773927, 32.594286978202881 ], [ -6.013931164429683, 32.600239267660399 ], [ -6.00202658551464, 32.604207460632082 ], [ -5.974249234712874, 32.602223364146241 ], [ -5.884964892850057, 32.602223364146241 ], [ -5.84726705961909, 32.620080232518809 ], [ -5.827426094760686, 32.637937100891371 ], [ -5.799648743958921, 32.667698548178976 ], [ -5.771871393157155, 32.689523609523221 ], [ -5.688539340751858, 32.729205539240027 ], [ -5.654809700492572, 32.74904650409843 ], [ -5.64488921806337, 32.766903372470992 ], [ -5.599254998889041, 32.862140003791332 ], [ -5.609175481318243, 32.870076389734699 ], [ -5.625048253204966, 32.88793325810726 ], [ -5.654809700492572, 32.913726512423182 ], [ -5.656793796978413, 32.935551573767427 ], [ -5.64687331454921, 32.949440249168312 ], [ -5.629016446176647, 32.967297117540873 ], [ -5.610762758506914, 33.040311868219803 ], [ -5.58893769716267, 33.072057411993249 ], [ -5.547271670960022, 33.129596210082624 ], [ -5.563144442846745, 33.137532596025984 ], [ -5.563144442846745, 33.159357657370229 ], [ -5.592905890134351, 33.169278139799431 ], [ -5.614730951478595, 33.189119104657834 ], [ -5.624651433907797, 33.208960069516237 ], [ -5.634571916336999, 33.230785130860482 ], [ -5.620683240936117, 33.268482964091454 ], [ -5.571080828790107, 33.326021762180822 ], [ -5.559176249875065, 33.349830920010909 ], [ -5.53735118853082, 33.381576463784356 ], [ -5.511557934214895, 33.411337911071961 ], [ -5.501637451785693, 33.431178875930364 ], [ -5.497669258814012, 33.456972130246285 ], [ -5.48378058341313, 33.480781288076372 ], [ -5.469891908012247, 33.508558638878135 ], [ -5.461955522068886, 33.579986112368395 ], [ -5.436162267752961, 33.627604428028562 ], [ -5.424257688837917, 33.651413585858649 ], [ -5.410369013437035, 33.66927045423121 ], [ -5.418305399380396, 33.701015998004657 ], [ -5.440130460724641, 33.732761541778103 ], [ -5.471876004498087, 33.740697927721463 ], [ -5.487748776384811, 33.760538892579866 ], [ -5.499653355299852, 33.778395760952428 ], [ -5.533382995559139, 33.810141304725875 ], [ -5.533382995559139, 33.829982269584285 ], [ -5.55, 33.895 ] ] ] } },
{ "type": "Feature", "properties": { "id": null }, "geometry": { "type": "MultiLineString", "coordinates": [ [ [ -9.810698199733855, 29.440367204311016 ], [ -9.822602778648896, 29.499890098886226 ], [ -9.822602778648896, 29.575285765348163 ], [ -9.814666392705535, 29.622904081008329 ], [ -9.798793620818811, 29.662586010725139 ], [ -9.774984462988726, 29.706236133413626 ], [ -9.7392707262436, 29.745918063130436 ], [ -9.659906866809985, 29.797504571762286 ], [ -9.552765656574604, 29.841154694450772 ], [ -9.524988305772839, 29.908613974969349 ], [ -9.524988305772839, 29.968136869544558 ], [ -9.544829270631242, 30.019723378176408 ], [ -9.548797463602922, 30.055437114921535 ], [ -9.54086107765956, 30.103055430581705 ], [ -9.5329246917162, 30.162578325156918 ], [ -9.497210954971072, 30.237973991618851 ], [ -9.48927456902771, 30.261783149448938 ], [ -9.473401797140987, 30.305433272137424 ], [ -9.498798232159739, 30.410987205184096 ] ] ] } },
{ "type": "Feature", "properties": { "id": null }, "geometry": { "type": "MultiLineString", "coordinates": [ [ [ -1.9493111035371, 34.676882831806864 ], [ -1.896534137013703, 34.68314375849566 ], [ -1.88066136512698, 34.704968819839905 ], [ -1.864788593240257, 34.728777977669992 ], [ -1.840979435410173, 34.752587135500079 ], [ -1.82709076000929, 34.774412196844324 ], [ -1.823122567037609, 34.798221354674403 ], [ -1.809233891636726, 34.816078223046972 ], [ -1.771536058405759, 34.835919187905375 ], [ -1.745742804089834, 34.841871477362893 ], [ -1.713997260316388, 34.833935091419534 ], [ -1.690188102486303, 34.833935091419534 ], [ -1.628681111425251, 34.827982801962008 ], [ -1.618760628996049, 34.825998705476174 ], [ -1.594951471165964, 34.824014608990332 ], [ -1.563205927392518, 34.825998705476174 ], [ -1.555269541449156, 34.825998705476174 ], [ -1.460032910128818, 34.845839670334577 ], [ -1.436223752298733, 34.853776056277937 ], [ -1.400510015553606, 34.86568063519298 ], [ -1.372732664751841, 34.87361702113634 ], [ -1.315, 34.878 ], [ -1.315, 34.878 ] ] ] } },
{ "type": "Feature", "properties": { "id": null }, "geometry": { "type": "MultiLineString", "coordinates": [ [ [ -2.327479893738227, 34.924112276700875 ], [ -2.294940711370454, 34.929568542037046 ], [ -2.281052035969572, 34.930560590279967 ], [ -2.248314443953205, 34.929568542037046 ], [ -2.241370106252764, 34.927584445551204 ], [ -2.22549733436604, 34.927584445551204 ], [ -2.206648417750557, 34.928576493794125 ], [ -2.198712031807195, 34.929568542037046 ], [ -2.179863115191711, 34.929568542037046 ], [ -2.159030102090387, 34.925600349065363 ], [ -2.154069860875786, 34.927584445551204 ], [ -2.135220944260303, 34.938496976223327 ], [ -2.109427689944378, 34.949409506895449 ], [ -2.106451545215617, 34.949409506895449 ], [ -2.089586725085974, 34.954369748110047 ], [ -2.083634435628452, 34.956353844595888 ], [ -2.075698049685091, 34.957345892838809 ], [ -2.06875371198465, 34.957345892838809 ], [ -2.044944554154565, 34.955361796352967 ], [ -2.027087685782002, 34.957345892838809 ], [ -2.003278527951917, 34.961314085810493 ], [ -1.991373949036874, 34.961314085810493 ], [ -1.979469370121832, 34.949409506895449 ], [ -1.974509128907231, 34.949409506895449 ], [ -1.96756479120679, 34.945441313923766 ], [ -1.950699971077146, 34.935520831494564 ], [ -1.935819247433344, 34.941473120952089 ], [ -1.927882861489982, 34.943457217437924 ] ] ] } },
{ "type": "Feature", "properties": { "id": null }, "geometry": { "type": "MultiLineString", "coordinates": [ [ [ -1.315, 34.878 ], [ -1.225512705502485, 34.874807479027851 ], [ -1.164005714441432, 34.878775671999534 ], [ -1.134244267153826, 34.878775671999534 ], [ -1.114403302295423, 34.884727961457052 ], [ -1.068769083121094, 34.890680250914578 ], [ -1.033055346375967, 34.902584829829621 ], [ -1.00130980260252, 34.912505312258823 ], [ -0.989405223687478, 34.912505312258823 ], [ -0.983452934229957, 34.912505312258823 ], [ -0.94575510099899, 34.932346277117226 ], [ -0.94575510099899, 34.932346277117226 ], [ -0.931866425598107, 34.940282663060586 ], [ -0.914009557225543, 34.946234952518104 ], [ -0.89615268885298, 34.952187241975629 ], [ -0.858454855622012, 34.952187241975629 ], [ -0.842582083735289, 34.952187241975629 ], [ -0.812820636447683, 34.952187241975629 ], [ -0.787027382131758, 34.950203145489787 ], [ -0.757265934844152, 34.952187241975629 ], [ -0.741393162957429, 34.950203145489787 ], [ -0.717584005127345, 34.946234952518104 ], [ -0.689806654325579, 34.946234952518104 ], [ -0.656077014066293, 34.952187241975629 ], [ -0.614410987863644, 34.964091820890673 ], [ -0.586633637061879, 34.974012303319874 ], [ -0.566792672203475, 34.983932785749076 ], [ -0.54298351437339, 34.991869171692436 ], [ -0.535047128430029, 34.999805557635796 ], [ -0.533063031944188, 34.999805557635796 ], [ -0.505285681142423, 35.011710136550839 ], [ -0.471556040883136, 35.027582908437559 ], [ -0.453699172510573, 35.031551101409242 ], [ -0.416001339279605, 35.049407969781804 ], [ -0.402112663878723, 35.055360259239329 ], [ -0.368383023619436, 35.065280741668531 ], [ -0.348542058761032, 35.047423873295969 ], [ -0.334653383360149, 35.037503390866767 ], [ -0.326716997416788, 35.031551101409242 ], [ -0.310844225530065, 35.007741943579155 ], [ -0.292987357157501, 34.98591688223491 ], [ -0.263225909869895, 34.958139531433147 ], [ -0.243384945011492, 34.944250856032269 ], [ -0.213623497723886, 34.928378084145542 ], [ -0.175925664492918, 34.906553022801297 ], [ -0.142196024233632, 34.884727961457052 ], [ -0.102514094516824, 34.864886996598649 ], [ -0.070768550743378, 34.845046031740246 ], [ -0.03108662102657, 34.833141452825203 ], [ 0.032404466520323, 34.821236873910159 ], [ 0.072086396237131, 34.813300487966799 ], [ 0.097879650553055, 34.805364102023439 ], [ 0.137561580269872, 34.813300487966686 ] ] ] } },
{ "type": "Feature", "properties": { "id": null }, "geometry": { "type": "MultiLineString", "coordinates": [ [ [ -1.315, 34.878 ], [ -1.292971986021058, 34.906553022801297 ], [ -1.273131021162654, 34.916473505230499 ], [ -1.265194635219292, 34.920441698202183 ], [ -1.233449091445846, 34.942266759546428 ], [ -1.223528609016644, 34.950203145489787 ], [ -1.207655837129921, 34.958139531433147 ], [ -1.191783065243198, 34.979964592777392 ], [ -1.175910293356475, 34.997821461149954 ], [ -1.164005714441432, 35.007741943579155 ], [ -1.144164749583028, 35.015678329522522 ], [ -1.110435109323742, 35.015678329522522 ], [ -1.058848600691892, 35.023614715465882 ], [ -1.027103056918445, 35.0295670049234 ], [ -1.003293899088361, 35.031551101409242 ], [ -0.969564258829074, 35.023614715465882 ], [ -0.941786908027309, 35.021630618980041 ], [ -0.908057267768022, 35.0295670049234 ], [ -0.874327627508735, 35.051392066267645 ], [ -0.854486662650332, 35.075201224097732 ], [ -0.840597987249449, 35.087105803012776 ], [ -0.826709311848566, 35.102978574899495 ], [ -0.810836539961843, 35.120835443272057 ], [ -0.79496376807512, 35.136708215158784 ], [ -0.767186417273354, 35.16051737298887 ], [ -0.733456777014068, 35.180358337847274 ], [ -0.69377484729726, 35.190278820276475 ], [ -0.665997496495494, 35.198215206219835 ], [ -0.648140628122931, 35.204167495677353 ], [ -0.616395084349485, 35.198215206219835 ], [ -0.580681347604358, 35.182342434333115 ], [ -0.560840382745954, 35.174406048389748 ], [ -0.505285681142423, 35.172421951903914 ], [ -0.455683268996413, 35.172421951903914 ], [ -0.412033146307925, 35.17639014487559 ], [ -0.39020808496368, 35.178374241361432 ], [ -0.368383023619436, 35.182342434333115 ], [ -0.342589769303511, 35.196231109733993 ], [ -0.314812418501746, 35.202183399191519 ], [ -0.279098681756619, 35.216072074592397 ], [ -0.247353137983172, 35.229960749993282 ], [ -0.191798436379641, 35.243849425394167 ], [ -0.166005182063716, 35.251785811337527 ], [ -0.136243734776111, 35.277579065653448 ], [ -0.108466383974345, 35.28749954808265 ], [ -0.08068903317258, 35.297420030511859 ], [ -0.062832164800016, 35.305356416455218 ], [ -0.054895778856654, 35.321229188341938 ], [ -0.027118428054889, 35.333133767256982 ], [ -0.009261559682326, 35.333133767256982 ], [ 0.034388563006163, 35.349006539143708 ], [ 0.074070492722971, 35.360911118058745 ], [ 0.107800132982258, 35.370831600487946 ], [ 0.131609290812351, 35.393450300426423 ] ] ] } },
{ "type": "Feature", "properties": { "id": null }, "geometry": { "type": "MultiLineString", "coordinates": [ [ [ -0.616395084349485, 35.198215206219835 ], [ -0.606871421217451, 35.237897135936642 ], [ -0.598935035274089, 35.245833521880002 ], [ -0.589014552844887, 35.253769907823369 ], [ -0.55131671961392, 35.275594969167614 ], [ -0.523539368812154, 35.301388223483535 ], [ -0.513618886382952, 35.313292802398578 ], [ -0.509650693411272, 35.33114967077114 ], [ -0.50369840395375, 35.35892702157291 ], [ -0.489809728552868, 35.388688468860515 ], [ -0.477905149637825, 35.412497626690595 ], [ -0.460048281265262, 35.428370398577322 ], [ -0.426318641005975, 35.444243170464041 ], [ -0.394573097232529, 35.464084135322445 ], [ -0.388620807775008, 35.483925100180855 ], [ -0.40052538669005, 35.517654740440136 ], [ -0.422350448034295, 35.525591126383503 ], [ -0.460048281265262, 35.543447994756065 ], [ -0.511237970599944, 35.561106453480036 ], [ -0.564808575717634, 35.58193946658136 ], [ -0.575721106389757, 35.587891756038879 ], [ -0.582665444090198, 35.609716817383124 ], [ -0.582665444090198, 35.622613444541088 ], [ -0.587625685304799, 35.643446457642412 ], [ -0.5925859265194, 35.660311277772053 ], [ -0.602506408948602, 35.669239711958333 ], [ -0.613418939620724, 35.684120435602139 ], [ -0.624331470292846, 35.704953448703463 ], [ -0.630283759750367, 35.724794413561867 ], [ -0.63, 35.75 ] ] ] } },
{ "type": "Feature", "properties": { "id": null }, "geometry": { "type": "MultiLineString", "coordinates": [ [ [ -1.927882861489982, 34.943457217437924 ], [ -1.916573511520692, 34.970440929645356 ], [ -1.912605318549011, 34.980361412074558 ], [ -1.911613270306091, 34.988297798017925 ], [ -1.90863712557733, 34.999210328690047 ], [ -1.903676884362729, 35.005162618147565 ], [ -1.891772305447687, 35.011114907605091 ], [ -1.885820015990166, 35.013099004090925 ], [ -1.866971099374682, 35.017067197062609 ], [ -1.85407447221672, 35.022027438277206 ], [ -1.837209652087076, 35.027979727734731 ], [ -1.827289169657874, 35.031947920706408 ], [ -1.809432301285311, 35.035916113678091 ], [ -1.80348001182779, 35.035916113678091 ], [ -1.802487963584869, 35.035916113678091 ], [ -1.794551577641508, 35.043852499621451 ], [ -1.787607239941067, 35.043852499621451 ], [ -1.770742419811423, 35.043852499621451 ], [ -1.763798082110982, 35.043852499621451 ], [ -1.748917358467179, 35.048812740836055 ], [ -1.731060490094615, 35.053772982050653 ], [ -1.715187718207892, 35.059725271508178 ], [ -1.692370608620728, 35.063693464479854 ], [ -1.667569402547723, 35.064685512722775 ], [ -1.644752292960558, 35.063693464479854 ], [ -1.625903376345075, 35.062701416236941 ], [ -1.611022652701272, 35.058733223265257 ], [ -1.588205543114107, 35.054765030293574 ], [ -1.556459999340661, 35.053772982050653 ], [ -1.539595179211018, 35.053772982050653 ], [ -1.517770117866773, 35.055757078536494 ], [ -1.49892120125129, 35.059725271508178 ], [ -1.478088188149965, 35.067661657451538 ], [ -1.437215800541654, 35.083732838986847 ], [ -1.437215800541654, 35.083732838986847 ] ] ] } },
{ "type": "Feature", "properties": { "id": null }, "geometry": { "type": "MultiLineString", "coordinates": [ [ [ -1.315, 34.878 ], [ -1.329479361360521, 34.892664347400412 ], [ -1.336423699060963, 34.900600733343772 ], [ -1.344360085004324, 34.907545071044218 ], [ -1.351304422704766, 34.916473505230499 ], [ -1.357256712162287, 34.924409891173859 ], [ -1.361224905133968, 34.934330373603061 ], [ -1.363209001619808, 34.950203145489787 ], [ -1.365193098105648, 34.962107724404824 ], [ -1.377097677020691, 34.977980496291551 ], [ -1.383049966478212, 34.986908930477831 ], [ -1.389002255935733, 34.996829412907033 ], [ -1.394954545393254, 35.015678329522515 ], [ -1.399914786607855, 35.025598811951717 ], [ -1.409835269037057, 35.042463632081365 ], [ -1.417771654980419, 35.052384114510566 ], [ -1.4217398479521, 35.060320500453926 ], [ -1.42471599268086, 35.067264838154365 ], [ -1.437215800541654, 35.083732838986847 ], [ -1.433644426867142, 35.09702628544197 ], [ -1.433644426867142, 35.098018333684891 ], [ -1.432652378624222, 35.105954719628258 ], [ -1.433644426867142, 35.120835443272057 ], [ -1.434636475110062, 35.142660504616302 ], [ -1.434636475110062, 35.146628697587985 ], [ -1.437612619838823, 35.158533276503022 ], [ -1.436620571595902, 35.172421951903907 ], [ -1.427692137409621, 35.180358337847267 ], [ -1.416779606737498, 35.19226291676231 ], [ -1.399914786607855, 35.22004026756408 ], [ -1.383049966478212, 35.225000508778677 ], [ -1.362216953376888, 35.226984605264519 ], [ -1.337415747303883, 35.226984605264519 ], [ -1.297733817587075, 35.234920991207879 ], [ -1.289797431643714, 35.231944846479117 ], [ -1.275908756242831, 35.248809666608764 ], [ -1.267972370299469, 35.255754004309203 ], [ -1.255075743141507, 35.264682438495484 ], [ -1.245155260712305, 35.270634727953009 ], [ -1.228290440582661, 35.282539306868053 ], [ -1.211425620453018, 35.297420030511852 ], [ -1.194560800323375, 35.301388223483535 ], [ -1.178688028436652, 35.303372319969377 ], [ -1.152894774120727, 35.301388223483535 ], [ -1.138014050476924, 35.293451837540175 ], [ -1.121546049644448, 35.306546874346708 ], [ -1.103689181271885, 35.328371935690953 ], [ -1.101705084786044, 35.334324225148471 ], [ -1.101705084786044, 35.343252659334752 ], [ -1.098728940057284, 35.354165190006874 ], [ -1.097736891814364, 35.373014106622357 ], [ -1.099720988300204, 35.380950492565724 ], [ -1.085832312899321, 35.402775553909969 ], [ -1.075911830470119, 35.417656277553768 ], [ -1.064999299797997, 35.437497242412171 ], [ -1.058054962097556, 35.452377966055977 ], [ -1.055078817368795, 35.458330255513495 ], [ -1.046150383182513, 35.473210979157301 ], [ -1.041190141967912, 35.479163268614819 ], [ -1.039206045482072, 35.486107606315265 ], [ -1.03027761129579, 35.513884957117028 ], [ -1.022341225352429, 35.521821343060388 ], [ -1.010436646437386, 35.528765680760827 ], [ -0.990595681578982, 35.536702066704194 ], [ -0.989603633336062, 35.536702066704194 ], [ -0.935040979975452, 35.556543031562597 ], [ -0.931072787003771, 35.558527128048439 ], [ -0.914207966874128, 35.565471465748878 ], [ -0.888414712558202, 35.570431706963475 ], [ -0.871549892428559, 35.572415803449317 ], [ -0.850716879327235, 35.578368092906842 ], [ -0.814011094339188, 35.586304478850202 ], [ -0.796154225966624, 35.59225676830772 ], [ -0.760440489221497, 35.604161347222764 ], [ -0.748535910306455, 35.608129540194447 ], [ -0.713020583209912, 35.620034119109512 ], [ -0.710044438481152, 35.623010263838275 ], [ -0.705084197266551, 35.628962553295793 ], [ -0.696155763080269, 35.642851228696678 ], [ -0.688219377136907, 35.650787614640038 ], [ -0.672346605250184, 35.663684241798002 ], [ -0.654489736877621, 35.675588820713045 ], [ -0.644569254448419, 35.681541110170564 ], [ -0.624331470292846, 35.704953448703463 ] ] ] } },
{ "type": "Feature", "properties": { "id": null }, "geometry": { "type": "MultiLineString", "coordinates": [ [ [ 0.137561580269872, 34.813300487966686 ], [ 0.216131801109142, 34.834728730013886 ], [ 0.216131801109142, 34.838696922985569 ], [ 0.226052283538344, 34.844649212443095 ], [ 0.235972765967546, 34.848617405414771 ], [ 0.243909151910907, 34.862506080815656 ], [ 0.269702406226833, 34.888299335131578 ], [ 0.289543371085236, 34.900203914046621 ], [ 0.30938433594364, 34.910124396475823 ], [ 0.335177590259565, 34.925997168362549 ], [ 0.349066265660448, 34.931949457820068 ], [ 0.390732291863096, 34.931949457820068 ], [ 0.420493739150702, 34.935917650791751 ], [ 0.446286993466627, 34.961710905107672 ], [ 0.480016633725914, 34.989488255909443 ], [ 0.515730370471041, 34.997424641852803 ], [ 0.557396396673689, 35.001392834824479 ], [ 0.575253265046253, 35.015281510225364 ], [ 0.589141940447135, 35.045042957512969 ], [ 0.620887484220582, 35.082740790743941 ], [ 0.640728449078986, 35.098613562630661 ], [ 0.731996887427643, 35.100597659116502 ], [ 0.771678817144451, 35.092661273173142 ], [ 0.799456167946217, 35.086708983715617 ], [ 0.829217615233822, 35.082740790743941 ], [ 0.855010869549748, 35.072820308314739 ], [ 0.888740509809034, 35.058931632913854 ], [ 0.92048605358248, 35.052979343456329 ], [ 0.962152079785129, 35.064883922371372 ], [ 0.995881720044415, 35.074804404800574 ], [ 1.025643167332021, 35.084724887229775 ], [ 1.057388711105467, 35.078772597772257 ], [ 1.085166061907233, 35.064883922371372 ], [ 1.108975219737317, 35.060915729399696 ], [ 1.146673052968285, 35.076788501286416 ], [ 1.176434500255891, 35.096629466144819 ], [ 1.188339079170933, 35.108534045059862 ], [ 1.194291368628454, 35.116470431003222 ], [ 1.200243658085975, 35.15020007126251 ], [ 1.202227754571816, 35.166072843149237 ], [ 1.210164140515177, 35.197818386922684 ], [ 1.22405281591606, 35.223611641238605 ], [ 1.245877877260304, 35.247420799068692 ], [ 1.255798359689506, 35.265277667441254 ], [ 1.269687035090389, 35.285118632299657 ], [ 1.303416675349676, 35.314880079587262 ], [ 1.311353061293037, 35.322816465530629 ], [ 1.32524173669392, 35.34067333390319 ], [ 1.342304966472156, 35.368450684704833 ] ] ] } },
{ "type": "Feature", "properties": { "id": null }, "geometry": { "type": "MultiLineString", "coordinates": [ [ [ 0.131609290812351, 35.393450300426423 ], [ 0.161767557397111, 35.431941772251847 ], [ 0.2054176800856, 35.437894061709365 ], [ 0.251051899259929, 35.487496473855373 ], [ 0.298670214920098, 35.515273824657143 ], [ 0.350256723551948, 35.529162500058021 ], [ 0.362161302466991, 35.552971657888108 ], [ 0.372081784896193, 35.584717201661554 ], [ 0.393906846240437, 35.608526359491641 ], [ 0.437556968928926, 35.646224192722606 ], [ 0.46136612675901, 35.664081061095168 ], [ 0.497079863504137, 35.695826604868614 ], [ 0.530809503763424, 35.727572148642061 ], [ 0.544698179164307, 35.737492631071262 ], [ 0.586364205366955, 35.761301788901349 ], [ 0.606205170225359, 35.775190464302234 ], [ 0.643903003456326, 35.810904201047357 ], [ 0.66374396831473, 35.830745165905761 ], [ 0.679616740201453, 35.842649744820804 ], [ 0.703425898031538, 35.870427095622574 ], [ 0.719298669918261, 35.886299867509294 ], [ 0.774853371521792, 35.906140832367697 ], [ 0.798662529351877, 35.912093121825222 ], [ 0.824455783667802, 35.920029507768582 ], [ 0.870090002842131, 35.941854569112827 ], [ 0.895883257158056, 35.957727340999547 ], [ 0.923660607959821, 35.965663726942907 ], [ 0.937549283360704, 35.96963191991459 ], [ 1.001834009501933, 35.99859972860785 ], [ 1.053420518133783, 36.030345272381297 ], [ 1.083181965421389, 36.046218044268024 ], [ 1.144688956482441, 36.068043105612269 ], [ 1.186354982685089, 36.081931781013147 ], [ 1.218100526458535, 36.10177274587155 ], [ 1.237941491316939, 36.121613710729953 ], [ 1.255798359689503, 36.13748648261668 ], [ 1.279607517519587, 36.149391061531723 ], [ 1.319289447236395, 36.167247929904285 ], [ 1.34309860506648, 36.175184315847645 ], [ 1.378812341811607, 36.183120701791012 ], [ 1.420478368014255, 36.191057087734372 ], [ 1.456192104759382, 36.19700937719189 ], [ 1.503810420419551, 36.191057087734372 ], [ 1.539524157164678, 36.191057087734372 ], [ 1.585158376339008, 36.19700937719189 ], [ 1.632776691999177, 36.208913956106933 ], [ 1.658569946315102, 36.214866245564451 ], [ 1.769679349522164, 36.238675403394538 ], [ 1.827218147611535, 36.23272311393702 ], [ 1.864915980842502, 36.216850342050293 ], [ 1.912534296502672, 36.230739017451178 ], [ 1.946263936761959, 36.238675403394538 ], [ 1.981977673507086, 36.256532271767099 ], [ 1.991898155936287, 36.262484561224625 ], [ 2.023643699709734, 36.266452754196308 ], [ 2.10499165562919, 36.260500464738783 ], [ 2.136737199402636, 36.260500464738783 ], [ 2.170466839661922, 36.266452754196308 ], [ 2.224037444779613, 36.262484561224625 ], [ 2.25975118152474, 36.258516368252941 ], [ 2.331178655014994, 36.243437234960567 ], [ 2.426415286335333, 36.205739401729595 ], [ 2.436335768764535, 36.205739401729595 ], [ 2.533556496570714, 36.189866629842875 ], [ 2.555381557914958, 36.199787112272077 ], [ 2.608952163032649, 36.215659884158796 ], [ 2.652602285721137, 36.235500849017207 ], [ 2.674427347065381, 36.257325910361445 ], [ 2.692284215437945, 36.275182778734013 ], [ 2.769267159088564, 36.279150971705583 ], [ 2.769267159088564, 36.279150971705583 ] ] ] } },
{ "type": "Feature", "properties": { "id": null }, "geometry": { "type": "MultiLineString", "coordinates": [ [ [ 2.769267159088564, 36.279150971705583 ], [ 2.779584460814922, 36.314467889153661 ], [ 2.779584460814922, 36.322404275097021 ], [ 2.761727592442359, 36.350181625898792 ], [ 2.761727592442359, 36.358118011842151 ], [ 2.761727592442359, 36.395815845073116 ], [ 2.759743495956518, 36.413672713445685 ], [ 2.757759399470678, 36.43549777478993 ], [ 2.77164807487156, 36.467243318563369 ], [ 2.779584460814922, 36.471211511535053 ], [ 2.831170969446772, 36.497004765850981 ], [ 2.852996030791016, 36.518829827195219 ], [ 2.878789285106942, 36.542638985025306 ], [ 2.890693864021984, 36.554543563940349 ], [ 2.894662056993665, 36.564464046369551 ], [ 2.900614346451186, 36.574384528798753 ], [ 2.924423504281271, 36.604145976086357 ], [ 2.946248565625515, 36.625971037430602 ], [ 2.97204181994144, 36.643827905803164 ], [ 2.987914591828163, 36.653748388232373 ], [ 3.001803267229046, 36.665652967147409 ], [ 3.02561242505913, 36.687478028491654 ], [ 3.039501100460013, 36.705334896864223 ], [ 3.051, 36.763 ] ] ] } },
{ "type": "Feature", "properties": { "id": null }, "geometry": { "type": "MultiLineString", "coordinates": [ [ [ 1.319289447236395, 36.167247929904285 ], [ 1.272067950873395, 36.180342966710846 ], [ 1.246274696557469, 36.19323959386881 ], [ 1.238338310614108, 36.216056703455969 ], [ 1.234370117642427, 36.238873813043135 ], [ 1.236354214128268, 36.247802247229416 ], [ 1.23893353955986, 36.289468273432071 ], [ 1.245877877260301, 36.30732514180464 ], [ 1.248854021989062, 36.311293334776316 ], [ 1.230997153616498, 36.342046830306842 ], [ 1.225044864158977, 36.357919602193569 ], [ 1.228021008887738, 36.374784422323209 ], [ 1.245877877260301, 36.384704904752411 ], [ 1.255798359689503, 36.392641290695778 ], [ 1.256790407932423, 36.405537917853735 ], [ 1.255798359689503, 36.416450448525858 ], [ 1.264726793875785, 36.429347075683822 ], [ 1.28952799994879, 36.448195992299304 ], [ 1.301432578863832, 36.460100571214348 ], [ 1.311353061293034, 36.472997198372312 ], [ 1.313337157778874, 36.479941536072751 ], [ 1.309, 36.511 ] ] ] } },
{ "type": "Feature", "properties": { "id": null }, "geometry": { "type": "MultiLineString", "coordinates": [ [ [ 1.309, 36.511 ], [ 1.373653690948422, 36.50890934476601 ], [ 1.442105019709916, 36.518829827195212 ], [ 1.491707431855926, 36.521805971923975 ], [ 1.534365506301494, 36.529742357867335 ], [ 1.589920207905025, 36.530734406110255 ], [ 1.656387440180678, 36.528750309624414 ], [ 1.672260212067401, 36.528750309624414 ], [ 1.691109128682885, 36.528750309624414 ], [ 1.750632023258096, 36.528750309624414 ], [ 1.804202628375787, 36.536686695567774 ], [ 1.848844799307196, 36.537678743810694 ], [ 1.899439259696126, 36.540654888539457 ], [ 1.950033720085055, 36.545615129754054 ], [ 1.993683842773544, 36.55156741921158 ], [ 2.027413483032831, 36.556527660426177 ], [ 2.052214689105836, 36.559503805154939 ], [ 2.158165441449713, 36.568233829692652 ], [ 2.219672432510765, 36.575178167393091 ], [ 2.270266892899695, 36.577162263878932 ], [ 2.29903629194438, 36.576170215636012 ], [ 2.338718221661188, 36.568233829692652 ], [ 2.365503524220034, 36.565257684963889 ], [ 2.39724906799348, 36.565257684963889 ], [ 2.431970756495687, 36.572202022664335 ], [ 2.45081967311117, 36.578154312121853 ], [ 2.479589072155856, 36.580138408607695 ], [ 2.517286905386823, 36.576170215636012 ], [ 2.538119918488147, 36.57418611915017 ], [ 2.555976786860711, 36.573194070907249 ], [ 2.597642813063359, 36.570217926178493 ], [ 2.638316791023087, 36.568233829692652 ], [ 2.692879444383698, 36.570217926178493 ], [ 2.726609084642984, 36.579146360364774 ], [ 2.746450049501388, 36.590058891036897 ], [ 2.759346676659351, 36.597995276980257 ], [ 2.790100172189877, 36.612876000624063 ], [ 2.814901378262882, 36.624780579539099 ], [ 2.846646922036328, 36.643629496154588 ], [ 2.882360658781455, 36.668430702227589 ], [ 2.9091459613403, 36.689263715328913 ], [ 2.918074395526582, 36.69720010127228 ], [ 2.933947167413305, 36.723985403831122 ], [ 2.944859698085427, 36.736882030989086 ], [ 2.954780180514629, 36.746802513418288 ], [ 2.994462110231437, 36.760691188819166 ], [ 3.017279219818602, 36.763667333547929 ], [ 3.051, 36.763 ] ] ] } },
{ "type": "Feature", "properties": { "id": null }, "geometry": { "type": "MultiLineString", "coordinates": [ [ [ 1.342304966472156, 35.368450684704833 ], [ 1.412938801368062, 35.387894830266212 ], [ 1.45658892405655, 35.417656277553817 ], [ 1.484366274858316, 35.433529049440544 ], [ 1.528016397546804, 35.467258689699833 ], [ 1.567698327263612, 35.485115558072394 ], [ 1.639125800753866, 35.514877005359999 ], [ 1.682775923442355, 35.534717970218402 ], [ 1.742298818017566, 35.580352189392734 ], [ 1.783964844220215, 35.606145443708655 ], [ 1.835551352852065, 35.624002312081217 ], [ 1.91293111579984, 35.633922794510426 ], [ 1.958565334974169, 35.655747855854663 ], [ 2.004199554148498, 35.68749339962811 ], [ 2.043881483865306, 35.709318460972355 ], [ 2.077611124124592, 35.721223039887398 ], [ 2.109356667898038, 35.729159425830758 ], [ 2.158959080044048, 35.745032197717485 ], [ 2.242291132449345, 35.758920873118363 ], [ 2.27205257973695, 35.760904969604205 ], [ 2.32165499188296, 35.768841355547572 ], [ 2.393082465373214, 35.780745934462608 ], [ 2.430780298604182, 35.800586899321011 ], [ 2.458557649405947, 35.816459671207738 ], [ 2.510144158037797, 35.8343165395803 ], [ 2.533953315867882, 35.840268829037825 ], [ 2.591492113957253, 35.840268829037825 ], [ 2.645062719074944, 35.836300636066142 ], [ 2.694665131220954, 35.840268829037825 ], [ 2.741489808286799, 35.871617553513978 ] ] ] } },
{ "type": "Feature", "properties": { "id": null }, "geometry": { "type": "MultiLineString", "coordinates": [ [ [ -4.269, 31.285 ], [ -4.244910737654392, 31.391130869189318 ], [ -4.225069772795988, 31.442717377821168 ], [ -4.213165193880945, 31.470494728622931 ], [ -4.177451457135819, 31.526049430226465 ], [ -4.181419650107499, 31.585572324801674 ], [ -4.197292421994223, 31.660967991263611 ], [ -4.213165193880945, 31.716522692867141 ], [ -4.252847123597753, 31.811759324187481 ], [ -4.252847123597753, 31.847473060932607 ], [ -4.229037965767668, 31.87525041173437 ], [ -4.117928562560607, 31.92683692036622 ], [ -4.062373860957075, 31.950646078196307 ], [ -3.983010001523461, 31.96255065711135 ], [ -3.863964212373037, 31.96651885008303 ], [ -3.77666396699606, 31.96651885008303 ], [ -3.657618177845637, 31.96255065711135 ], [ -3.546508774638575, 31.97048704305471 ], [ -3.459208529261597, 31.97445523602639 ], [ -3.336194547139494, 31.97445523602639 ], [ -3.225085143932432, 31.998264393856477 ], [ -3.11397574072537, 32.033978130601604 ], [ -2.986993565631585, 32.053819095460007 ], [ -2.867947776481162, 32.085564639233453 ], [ -2.776679338132503, 32.13318295489362 ], [ -2.645728970067038, 32.196674042440513 ], [ -2.510810409029891, 32.22841958621396 ], [ -2.375891847992745, 32.28794248078917 ], [ -2.288591602615768, 32.3236562175343 ], [ -2.193354971295429, 32.363338147251106 ], [ -2.110022918890133, 32.422861041826316 ], [ -1.971136164881305, 32.494288515316576 ], [ -1.955263392994582, 32.498256708288253 ], [ -1.829074856495134, 32.564525530915333 ], [ -1.80526569866505, 32.574446013344534 ], [ -1.747726900575678, 32.602223364146298 ], [ -1.710029067344711, 32.616112039547183 ], [ -1.636617497368617, 32.635953004405586 ], [ -1.567174120364203, 32.661746258721514 ], [ -1.493762550388108, 32.695475898980796 ], [ -1.440191945270418, 32.723253249782566 ], [ -1.372732664751845, 32.764919275985214 ], [ -1.313209770176633, 32.800633012730337 ], [ -1.271543743973985, 32.828410363532107 ], [ -1.221941331827975, 32.856187714333871 ], [ -1.172338919681965, 32.895869644050677 ], [ -1.14654566536604, 32.927615187824124 ], [ -1.136625182936838, 32.95936073159757 ], [ -1.136625182936838, 32.983169889427657 ], [ -1.152497954823561, 33.014915433201104 ], [ -1.154482051309402, 33.01888362617278 ], [ -1.183053040705504, 33.054994182215069 ], [ -1.185037137191344, 33.078803340045155 ], [ -1.189005330163025, 33.14427852407789 ], [ -1.190989426648865, 33.178008164337172 ], [ -1.183053040705504, 33.21173780459646 ], [ -1.169164365304621, 33.245467444855748 ], [ -1.143371110988696, 33.285149374572555 ], [ -1.11360966370109, 33.31491082186016 ], [ -1.079880023441803, 33.342688172661923 ], [ -1.022341225352432, 33.380386005892895 ], [ -0.952897848348018, 33.4101474531805 ], [ -0.90924772565953, 33.431972514524745 ], [ -0.833852059197595, 33.469670347755709 ], [ -0.792186032994947, 33.491495409099954 ], [ -0.754488199763979, 33.513320470444199 ], [ -0.728694945448054, 33.541097821245963 ], [ -0.683060726273725, 33.578795654476934 ], [ -0.649331086014439, 33.606573005278698 ], [ -0.641394700071077, 33.614509391222057 ], [ -0.621553735212673, 33.632366259594626 ], [ -0.694171666594431, 33.681175033146289 ], [ -0.837026613574939, 33.78633214689583 ], [ -0.906469990579353, 33.812125401211752 ], [ -0.94615192029616, 33.83791865552768 ], [ -0.979881560555447, 33.87363239227281 ], [ -1.025515779729776, 33.917282514961293 ], [ -1.059245419989063, 33.937123479819697 ], [ -1.106863735649232, 33.956964444678107 ], [ -1.154482051309401, 34.016487339253317 ], [ -1.176307112653646, 34.038312400597562 ], [ -1.20210036696957, 34.09585119868693 ], [ -1.225909524799655, 34.129580838946218 ], [ -1.241782296686378, 34.18315144406391 ], [ -1.253686875601421, 34.218865180809033 ], [ -1.256464610681597, 34.272435785926724 ], [ -1.260432803653278, 34.318070005101056 ], [ -1.27233738256832, 34.355767838332021 ], [ -1.282257864997522, 34.389497478591309 ], [ -1.282257864997522, 34.409338443449712 ], [ -1.278289672025841, 34.458940855595721 ], [ -1.27432147905416, 34.474813627482447 ], [ -1.294162443912564, 34.524416039628456 ], [ -1.312019312285128, 34.564097969345262 ], [ -1.331860277143532, 34.599811706090392 ], [ -1.335828470115212, 34.635525442835515 ], [ -1.331860277143532, 34.645445925264717 ], [ -1.312019312285128, 34.704968819839927 ], [ -1.331860277143532, 34.722825688212495 ], [ -1.337812566601053, 34.730762074155855 ], [ -1.341780759572734, 34.748618942528417 ], [ -1.341780759572734, 34.756555328471777 ], [ -1.351701242001936, 34.786316775759389 ], [ -1.351701242001936, 34.79623725818859 ], [ -1.343764856058574, 34.827982801962037 ], [ -1.331860277143532, 34.845839670334598 ], [ -1.315, 34.878 ] ] ] } },
{ "type": "Feature", "properties": { "id": null }, "geometry": { "type": "MultiLineString", "coordinates": [ [ [ 2.741489808286799, 35.871617553513978 ], [ 2.758949857362183, 35.910505844636553 ], [ 2.762918050333864, 35.91844223057992 ], [ 2.792679497621469, 35.948203677867525 ], [ 2.818472751937394, 35.968044642725928 ], [ 2.860138778140043, 35.979949221640972 ], [ 2.89585251488517, 35.99383789704185 ], [ 2.905772997314371, 36.019631151357778 ], [ 2.905772997314371, 36.051376695131225 ], [ 2.913709383257733, 36.083122238904672 ], [ 2.917677576229414, 36.098995010791391 ], [ 2.89585251488517, 36.150581519423241 ], [ 2.887916128941808, 36.166454291309968 ], [ 2.883947935970127, 36.196215738597573 ], [ 2.879979742998446, 36.210104413998451 ], [ 2.830377330852437, 36.249786343715265 ], [ 2.792679497621469, 36.269627308573668 ], [ 2.769267159088564, 36.279150971705583 ] ] ] } },
{ "type": "Feature", "properties": { "id": null }, "geometry": { "type": "MultiLineString", "coordinates": [ [ [ 2.741489808286799, 35.871617553513978 ], [ 2.759346676659351, 35.83114198520294 ], [ 2.769267159088553, 35.811301020344537 ], [ 2.773235352060234, 35.807332827372854 ], [ 2.789108123946957, 35.781539573056932 ], [ 2.797044509890318, 35.765666801170205 ], [ 2.810933185291201, 35.741857643340126 ], [ 2.828790053663765, 35.725984871453399 ], [ 2.848631018522169, 35.714080292538355 ], [ 2.882360658781455, 35.704159810109154 ], [ 2.945851746328348, 35.702175713623319 ], [ 3.015295123332761, 35.702175713623319 ], [ 3.070849824936293, 35.702175713623319 ], [ 3.142277298426547, 35.702175713623319 ], [ 3.187911517600875, 35.702175713623319 ], [ 3.237513929746885, 35.700191617137477 ], [ 3.283148148921214, 35.698207520651636 ], [ 3.326798271609702, 35.68431884525075 ], [ 3.386321166184914, 35.670430169849872 ], [ 3.437907674816764, 35.666461976878189 ], [ 3.51528743776454, 35.660509687420671 ], [ 3.578778525311432, 35.654557397963146 ], [ 3.644253709344165, 35.646621012019786 ], [ 3.715681182834419, 35.644636915533944 ], [ 3.769251787952109, 35.644636915533944 ], [ 3.836711068470683, 35.646621012019786 ], [ 3.904170348989256, 35.656541494448987 ], [ 3.937899989248542, 35.658525590934829 ], [ 4.015279752196317, 35.662493783906505 ], [ 4.052977585427285, 35.672414266335707 ], [ 4.1323414448609, 35.652573301477304 ], [ 4.158134699176825, 35.636700529590584 ], [ 4.18194385700691, 35.630748240133059 ], [ 4.23353036563876, 35.616859564732181 ], [ 4.269244102383888, 35.614875468246339 ], [ 4.316862418044057, 35.620827757703857 ], [ 4.388289891534311, 35.604954985817137 ], [ 4.443844593137841, 35.602970889331296 ], [ 4.495431101769691, 35.646621012019786 ], [ 4.531144838514819, 35.672414266335707 ], [ 4.550985803373223, 35.69225523119411 ], [ 4.642055832073295, 35.718842124104384 ], [ 4.680745713547182, 35.736698992476946 ], [ 4.706538967863107, 35.747611523149068 ], [ 4.727371980964431, 35.754555860849507 ], [ 4.758125476494957, 35.771420680979155 ], [ 4.776974393110441, 35.784317308137119 ], [ 4.791855116754244, 35.794237790566321 ], [ 4.81, 35.813 ] ] ] } },
{ "type": "Feature", "properties": { "id": null }, "geometry": { "type": "MultiLineString", "coordinates": [ [ [ 3.051, 36.763 ], [ 3.101801730115401, 36.711684005618906 ], [ 3.119658598487964, 36.703747619675546 ], [ 3.15140414226141, 36.695811233732186 ], [ 3.19902245792158, 36.683906654817143 ], [ 3.240688484124228, 36.675970268873776 ], [ 3.272434027897674, 36.675970268873776 ], [ 3.326004633015365, 36.66406568995874 ], [ 3.343861501387928, 36.652161111043696 ], [ 3.35378198381713, 36.644224725100329 ], [ 3.361718369760492, 36.644224725100329 ], [ 3.389495720562257, 36.642240628614495 ], [ 3.433145843250746, 36.648192918072013 ], [ 3.445050422165788, 36.650177014557855 ], [ 3.460923194052511, 36.63628833915697 ], [ 3.470843676481713, 36.62041556727025 ], [ 3.486716448368436, 36.608510988355206 ], [ 3.512509702684361, 36.59263821646848 ], [ 3.534334764028606, 36.58470183052512 ], [ 3.566080307802052, 36.574781348095918 ], [ 3.599809948061338, 36.570813155124242 ], [ 3.647428263721508, 36.556924479723357 ], [ 3.669253325065752, 36.545019900808313 ], [ 3.695046579381677, 36.531131225407428 ], [ 3.714887544240081, 36.51724255000655 ], [ 3.748617184499368, 36.503353874605665 ], [ 3.756553570442729, 36.493433392176463 ], [ 3.794648222970865, 36.483116090450082 ], [ 3.826393766744312, 36.463275125591679 ], [ 3.844250635116875, 36.451370546676642 ], [ 3.872027985918641, 36.431529581818232 ], [ 3.893853047262885, 36.415656809931512 ], [ 3.913694012121288, 36.403752231016469 ], [ 3.92163039806465, 36.391847652101426 ], [ 3.92163039806465, 36.391847652101426 ], [ 3.935519073465533, 36.389863555615584 ], [ 3.945439555894735, 36.373990783728864 ], [ 3.951391845352256, 36.358118011842137 ], [ 3.967264617238979, 36.338277046983734 ], [ 3.985121485611542, 36.330340661040374 ], [ 4.02281931884251, 36.322404275097014 ], [ 4.044644380186755, 36.320420178611172 ], [ 4.078374020446041, 36.312483792667813 ], [ 4.12797643259205, 36.312483792667813 ], [ 4.187499327167263, 36.320420178611172 ], [ 4.239085835799113, 36.328356564554532 ], [ 4.302576923346005, 36.336292950497899 ], [ 4.340274756576973, 36.342245239955417 ], [ 4.374004396836259, 36.358118011842137 ], [ 4.421622712496428, 36.381927169672224 ], [ 4.453368256269875, 36.399784038044785 ], [ 4.493050185986682, 36.413672713445671 ], [ 4.542652598132692, 36.433513678304074 ], [ 4.572414045420298, 36.457322836134161 ], [ 4.602175492707904, 36.477163800992564 ], [ 4.627968747023829, 36.506925248280169 ], [ 4.647809711882233, 36.534702599081939 ], [ 4.667650676740637, 36.566448142855378 ], [ 4.693443931056562, 36.584305011227947 ], [ 4.723205378344168, 36.606130072572192 ], [ 4.772807790490178, 36.622002844458912 ], [ 4.842251167494592, 36.637875616345639 ], [ 4.873996711268037, 36.649780195260675 ], [ 4.899789965583962, 36.661684774175718 ], [ 4.941455991786611, 36.677557546062445 ], [ 4.983122017989259, 36.691446221463323 ], [ 5.020819851220226, 36.713271282807568 ], [ 5.050581298507832, 36.72319176523677 ], [ 5.062485877422874, 36.733112247665971 ], [ 5.083, 36.75 ] ] ] } },
{ "type": "Feature", "properties": { "id": null }, "geometry": { "type": "MultiLineString", "coordinates": [ [ [ 5.050581298507832, 36.72319176523677 ], [ 5.077168191418094, 36.677557546062452 ], [ 5.100977349248178, 36.659700677689884 ], [ 5.10891373519154, 36.649780195260682 ], [ 5.126770603564103, 36.629939230402279 ], [ 5.15851614733755, 36.614066458515559 ], [ 5.190261691110996, 36.598193686628832 ], [ 5.235895910285325, 36.592241397171314 ], [ 5.30930748026142, 36.580336818256271 ], [ 5.356925795921589, 36.580336818256271 ], [ 5.412480497525119, 36.59620959014299 ], [ 5.452162427241928, 36.602161879600516 ], [ 5.51366941830298, 36.616050555001394 ], [ 5.545414962076426, 36.635891519859804 ], [ 5.571208216392351, 36.659700677689884 ], [ 5.579343011984296, 36.73132656082872 ], [ 5.625969279401546, 36.748191380958367 ], [ 5.657714823174992, 36.770016442302605 ], [ 5.680531932762156, 36.780928972974728 ], [ 5.713269524778522, 36.793825600132692 ], [ 5.741046875580288, 36.789857407161016 ], [ 5.752951454495331, 36.792833551889771 ], [ 5.764856033410373, 36.796801744861455 ], [ 5.80890297539603, 36.783111479109159 ], [ 5.80691887891019, 36.757318224793231 ], [ 5.798982492966828, 36.743429549392346 ], [ 5.790054058780546, 36.731524970477309 ], [ 5.785093817565945, 36.717636295076424 ], [ 5.781125624594265, 36.70473966791846 ], [ 5.782117672837185, 36.682914606574215 ], [ 5.794022251752227, 36.658113400501215 ], [ 5.804934782424349, 36.634304242671128 ], [ 5.818823457825232, 36.613471229569804 ], [ 5.842632615655316, 36.5936302647114 ], [ 5.878346352400444, 36.578749541067594 ], [ 5.939853343461495, 36.570813155124235 ], [ 5.976559128449543, 36.566844962152551 ], [ 5.995408045065027, 36.547996045537069 ], [ 6.009296720465909, 36.522202791221147 ], [ 6.023185395866792, 36.509306164063183 ], [ 6.050962746668557, 36.502361826362744 ], [ 6.099573110571647, 36.488473150961859 ], [ 6.11643793070129, 36.449783269487973 ], [ 6.123382268401731, 36.427958208143728 ], [ 6.129334557859252, 36.427958208143728 ], [ 6.171992632304821, 36.463671944888851 ], [ 6.181913114734023, 36.464663993131772 ], [ 6.236475768094634, 36.458711703674254 ], [ 6.279133842540201, 36.440656425653096 ], [ 6.291038421455244, 36.428751846738059 ], [ 6.322783965228689, 36.421807509037613 ], [ 6.333696495900812, 36.408910881879649 ], [ 6.330720351172051, 36.395022206478771 ], [ 6.335680592386652, 36.383117627563728 ], [ 6.362465894945498, 36.380141482834965 ], [ 6.395203486961864, 36.379149434592044 ], [ 6.42595698249239, 36.380141482834965 ], [ 6.464646863966277, 36.389069917021246 ], [ 6.47853553936716, 36.392046061750008 ], [ 6.494408311253883, 36.407918833636735 ], [ 6.546986868128654, 36.396014254721692 ], [ 6.567819881229978, 36.389069917021246 ], [ 6.593613135545903, 36.377165338106209 ], [ 6.6, 36.35 ] ] ] } },
{ "type": "Feature", "properties": { "id": null }, "geometry": { "type": "MultiLineString", "coordinates": [ [ [ 4.340274756576973, 36.342245239955417 ], [ 4.368052107378739, 36.300579213752776 ], [ 4.379956686293781, 36.26883366997933 ], [ 4.389877168722983, 36.237088126205883 ], [ 4.397813554666345, 36.213278968375796 ], [ 4.413686326553067, 36.197406196489077 ], [ 4.429559098439791, 36.189469810545717 ], [ 4.516859343816768, 36.169628845687306 ], [ 4.564477659476937, 36.149787880828903 ], [ 4.592255010278703, 36.102169565168737 ], [ 4.614080071622947, 36.072408117881132 ], [ 4.693443931056563, 36.06248763545193 ], [ 4.727173571315849, 36.066455828423607 ], [ 4.790664658862742, 36.07042402139529 ], [ 4.840267071008752, 36.072408117881132 ], [ 4.866060325324677, 36.072408117881132 ], [ 4.913678640984847, 36.074392214366974 ], [ 4.961296956645016, 36.094233179225377 ], [ 4.989074307446781, 36.098201372197053 ], [ 4.995026596904302, 36.102169565168737 ], [ 5.056533587965355, 36.108121854626255 ], [ 5.0882791317388, 36.104153661654578 ], [ 5.147802026314013, 36.096217275711211 ], [ 5.199388534945863, 36.094233179225377 ], [ 5.207324920889224, 36.12201053002714 ], [ 5.213277210346745, 36.163676556229788 ], [ 5.254943236549393, 36.169628845687306 ], [ 5.294625166266201, 36.171612942173148 ], [ 5.350179867869732, 36.171612942173148 ], [ 5.403750472987422, 36.185501617574033 ], [ 5.506923490251123, 36.18153342460235 ], [ 5.570414577798015, 36.171612942173148 ], [ 5.620016989944025, 36.163676556229788 ], [ 5.707317235321002, 36.153756073800587 ], [ 5.733110489636927, 36.147803784343068 ], [ 5.882314545372125, 36.132327831753507 ], [ 5.904139606716369, 36.132327831753507 ], [ 5.967630694263262, 36.128359638781831 ], [ 6.021201299380952, 36.130343735267672 ], [ 6.096596965842887, 36.136296024725191 ], [ 6.138262992045536, 36.146216507154392 ], [ 6.171992632304822, 36.170025664984479 ], [ 6.20969046553579, 36.177962050927839 ], [ 6.257308781195959, 36.185898436871199 ], [ 6.302943000370288, 36.217643980644645 ], [ 6.322783965228692, 36.233516752531372 ], [ 6.360481798459659, 36.243437234960574 ], [ 6.433893368435754, 36.253357717389775 ], [ 6.479527587610082, 36.257325910361452 ], [ 6.570796025958741, 36.28311916467738 ], [ 6.582700604873783, 36.29105555062074 ], [ 6.594605183788826, 36.310896515479143 ], [ 6.6, 36.35 ] ] ] } },
{ "type": "Feature", "properties": { "id": null }, "geometry": { "type": "MultiLineString", "coordinates": [ [ [ 6.6, 36.35 ], [ 6.634683932802802, 36.408910881879656 ], [ 6.642620318746164, 36.418831364308858 ], [ 6.664445380090408, 36.438672329167268 ], [ 6.696190923863854, 36.464465583483189 ], [ 6.718015985208099, 36.484306548341593 ], [ 6.733888757094822, 36.514067995629198 ], [ 6.743809239524023, 36.545813539402644 ], [ 6.751745625467385, 36.575574986690249 ], [ 6.759682011410747, 36.589463662091134 ], [ 6.765634300868268, 36.595415951548652 ], [ 6.789443458698353, 36.609304626949537 ], [ 6.813252616528437, 36.621209205864581 ], [ 6.835077677872682, 36.631129688293782 ], [ 6.852934546245245, 36.643034267208826 ], [ 6.882695993532851, 36.656922942609711 ], [ 6.904521054877096, 36.670811618010589 ], [ 6.956107563508946, 36.694620775840676 ], [ 7.011662265112476, 36.706525354755719 ], [ 7.051344194829284, 36.714461740699079 ], [ 7.108882992918655, 36.720414030156597 ], [ 7.170389983979708, 36.726366319614122 ], [ 7.210071913696515, 36.730334512585799 ], [ 7.229912878554919, 36.736286802043324 ], [ 7.251737939899163, 36.738270898529166 ], [ 7.263642518814206, 36.742239091500842 ], [ 7.271578904757567, 36.742239091500842 ], [ 7.289435773130131, 36.748191380958367 ], [ 7.317213123931896, 36.752159573930044 ], [ 7.323165413389417, 36.754143670415885 ], [ 7.346974571219502, 36.77596873176013 ], [ 7.370783729049586, 36.795809696618534 ], [ 7.394592886879671, 36.807714275533577 ], [ 7.426338430653118, 36.81961885444862 ], [ 7.442211202539841, 36.823587047420297 ], [ 7.473956746313287, 36.831523433363664 ], [ 7.513638676030095, 36.833507529849506 ], [ 7.563241088176104, 36.83549162633534 ], [ 7.660461815982284, 36.83549162633534 ], [ 7.680302780840687, 36.839459819307024 ], [ 7.708080131642453, 36.851364398222067 ], [ 7.733873385958378, 36.867237170108787 ], [ 7.767, 36.9 ] ] ] } },
{ "type": "Feature", "properties": { "id": null }, "geometry": { "type": "MultiLineString", "coordinates": [ [ [ 6.6, 36.35 ], [ 6.643810776637665, 36.315261527747985 ], [ 6.659683548524388, 36.315261527747985 ], [ 6.705317767698717, 36.271611405059495 ], [ 6.741031504443844, 36.247802247229409 ], [ 6.778729337674811, 36.225977185885164 ], [ 6.812458977934098, 36.222008992913487 ], [ 6.881902354938512, 36.220024896427645 ], [ 6.957298021400447, 36.223993089399329 ], [ 7.02475730191902, 36.24184995777189 ], [ 7.072375617579189, 36.271611405059495 ], [ 7.110073450810156, 36.287484176946215 ], [ 7.151739477012804, 36.305341045318784 ], [ 7.191421406729612, 36.303356948832942 ], [ 7.201341889158814, 36.295420562889582 ], [ 7.227135143474739, 36.273595501545337 ], [ 7.248960204818983, 36.263675019116135 ], [ 7.264832976705707, 36.255738633172768 ], [ 7.294594423993312, 36.24184995777189 ], [ 7.302530809936674, 36.237881764800207 ], [ 7.318403581823397, 36.223993089399329 ], [ 7.33229225722428, 36.212088510484286 ], [ 7.356101415054365, 36.194231642111717 ], [ 7.38387876585613, 36.180342966710839 ], [ 7.417608406115416, 36.170422484281637 ], [ 7.429512985030459, 36.158517905366594 ], [ 7.445385756917182, 36.144629229965709 ], [ 7.445385756917182, 36.144629229965709 ], [ 7.475147204204788, 36.136692844022349 ], [ 7.506892747978235, 36.136692844022349 ], [ 7.562447449581765, 36.142645133479867 ], [ 7.590224800383531, 36.146613326451551 ], [ 7.619986247671136, 36.156533808880752 ], [ 7.633874923072019, 36.160502001852436 ], [ 7.6378431160437, 36.164470194824112 ], [ 7.675540949274668, 36.188279352654199 ], [ 7.701334203590593, 36.196215738597559 ], [ 7.744984326279081, 36.220024896427645 ], [ 7.794586738425091, 36.239865861286049 ], [ 7.848157343542781, 36.259706826144452 ], [ 7.913632527575514, 36.267643212087812 ], [ 7.937441685405599, 36.271611405059495 ] ] ] } },
{ "type": "Feature", "properties": { "id": null }, "geometry": { "type": "MultiLineString", "coordinates": [ [ [ 7.733873385958378, 36.867237170108787 ], [ 7.782285340212878, 36.833904349146678 ], [ 7.786253533184559, 36.831920252660836 ], [ 7.835855945330569, 36.80017470888739 ], [ 7.857681006674813, 36.78430193700067 ], [ 7.909267515306664, 36.760492779170583 ], [ 7.950933541509311, 36.752556393227223 ], [ 7.960854023938514, 36.752556393227223 ], [ 8.008472339598683, 36.752556393227223 ], [ 8.052122462287171, 36.758508682684742 ], [ 8.089820295518139, 36.770413261599785 ], [ 8.131486321720788, 36.782317840514828 ], [ 8.177120540895116, 36.788270129972346 ], [ 8.214818374126084, 36.790254226458188 ], [ 8.266404882757934, 36.780333744028987 ], [ 8.314023198418102, 36.772397358085627 ], [ 8.343784645705709, 36.762476875656425 ], [ 8.375530189479155, 36.764460972142267 ], [ 8.425132601625165, 36.79223832294403 ], [ 8.439021277026047, 36.80017470888739 ], [ 8.470766820799494, 36.80017470888739 ], [ 8.482671399714537, 36.79223832294403 ], [ 8.49854417160126, 36.768429165113943 ], [ 8.50648055754462, 36.760492779170583 ], [ 8.528305618888865, 36.750572296741382 ], [ 8.566003452119833, 36.742635910798022 ], [ 8.583860320492397, 36.746604103769698 ], [ 8.613621767780002, 36.736683621340497 ], [ 8.617589960751683, 36.72477904242546 ], [ 8.637430925610087, 36.693033498652014 ], [ 8.65131960101097, 36.687081209194488 ], [ 8.70885839910034, 36.671208437307769 ], [ 8.75647671476051, 36.67319253379361 ], [ 8.821951898793243, 36.67319253379361 ], [ 8.875522503910933, 36.665256147850243 ], [ 8.929093109028624, 36.647399279477682 ], [ 8.976711424688794, 36.619621928675919 ], [ 9.010441064948079, 36.615653735704235 ], [ 9.109645889240099, 36.633510604076797 ], [ 9.145359625985225, 36.64541518299184 ], [ 9.185041555702034, 36.683113016222812 ], [ 9.21678709947548, 36.69700169162369 ], [ 9.252500836220607, 36.702953981081215 ], [ 9.286230476479894, 36.712874463510417 ], [ 9.312023730795818, 36.712874463510417 ], [ 9.353689756998467, 36.710890367024575 ], [ 9.383451204286073, 36.706922174052892 ], [ 9.409244458601998, 36.68906530568033 ], [ 9.435037712917923, 36.67319253379361 ], [ 9.476703739120572, 36.643431086505998 ], [ 9.496544703978975, 36.62954241110512 ], [ 9.56797217746923, 36.60176506030335 ], [ 9.605670010700196, 36.60176506030335 ], [ 9.645351940417004, 36.613669639218394 ], [ 9.667177001761249, 36.617637832190077 ], [ 9.712811220935578, 36.644621544397516 ], [ 9.754477247138226, 36.6485897373692 ], [ 9.778286404968311, 36.65652612331256 ], [ 9.812016045227598, 36.676367088170963 ], [ 9.841777492515202, 36.696208053029366 ], [ 9.877491229260329, 36.716049017887769 ], [ 9.923125448434659, 36.731921789774496 ], [ 9.978680150038191, 36.745810465175374 ], [ 10.026298465698359, 36.761683237062101 ], [ 10.063996298929327, 36.777556008948821 ], [ 10.101694132160294, 36.787476491378023 ], [ 10.18, 36.803 ] ] ] } },
{ "type": "Feature", "properties": { "id": null }, "geometry": { "type": "MultiLineString", "coordinates": [ [ [ 7.937441685405599, 36.271611405059495 ], [ 8.020773737810899, 36.234310391125732 ], [ 8.044582895640982, 36.222405812210688 ], [ 8.13188314101796, 36.214469426267328 ], [ 8.151724105876363, 36.214469426267328 ], [ 8.239024351253342, 36.218437619239012 ], [ 8.314420017715275, 36.226374005182372 ], [ 8.413624842007295, 36.214469426267328 ], [ 8.441402192809061, 36.170819303578838 ], [ 8.457274964695785, 36.154946531692119 ], [ 8.500925087384273, 36.119232794946988 ], [ 8.552511596016123, 36.111296409003629 ], [ 8.608066297619654, 36.115264601975305 ], [ 8.647748227336461, 36.123200987918672 ], [ 8.663620999223184, 36.123200987918672 ], [ 8.679493771109907, 36.135105566833715 ], [ 8.695366542996631, 36.139073759805392 ], [ 8.695366542996631, 36.139073759805392 ], [ 8.699334735968311, 36.143041952777075 ], [ 8.750921244600161, 36.131137373862032 ], [ 8.806475946203692, 36.139073759805392 ], [ 8.865998840778904, 36.143041952777075 ], [ 8.90171257752403, 36.131137373862032 ], [ 8.941394507240839, 36.103360023060269 ], [ 8.961235472099244, 36.091455444145225 ], [ 9.076313068277985, 36.043837128485052 ], [ 9.10409041907975, 36.023996163626649 ], [ 9.123931383938155, 36.004155198768245 ], [ 9.187422471485046, 35.972409654994799 ], [ 9.215199822286813, 35.964473269051439 ], [ 9.235040787145216, 35.893045795561186 ], [ 9.239008980116898, 35.853363865844379 ], [ 9.25091355903194, 35.837491093957652 ], [ 9.350118383323959, 35.813681936127566 ], [ 9.389800313040768, 35.805745550184206 ], [ 9.465195979502703, 35.785904585325802 ], [ 9.532655260021276, 35.766063620467399 ], [ 9.556464417851359, 35.766063620467399 ], [ 9.572337189738082, 35.766063620467399 ], [ 9.623923698369932, 35.722413497778909 ], [ 9.66360562808674, 35.682731568062103 ], [ 9.71122394374691, 35.662890603203699 ], [ 9.782651417237165, 35.647017831316973 ], [ 9.850110697755738, 35.623208673486893 ], [ 9.901697206387588, 35.627176866458569 ], [ 9.933442750161035, 35.639081445373613 ], [ 10.102, 35.674 ], [ 10.102, 35.674 ] ] ] } },
{ "type": "Feature", "properties": { "id": null }, "geometry": { "type": "MultiLineString", "coordinates": [ [ [ 10.102, 35.674 ], [ 10.192565751211788, 35.683525206656441 ], [ 10.230263584442756, 35.687493399628124 ], [ 10.281850093074606, 35.687493399628124 ], [ 10.325500215763094, 35.687493399628124 ], [ 10.361213952508221, 35.687493399628124 ], [ 10.396927689253349, 35.695429785571484 ], [ 10.438593715455998, 35.711302557458211 ], [ 10.470339259229442, 35.727175329344931 ], [ 10.488196127602006, 35.743048101231658 ], [ 10.525893960832974, 35.766857259061737 ], [ 10.551687215148899, 35.782730030948464 ], [ 10.585416855408186, 35.792650513377666 ], [ 10.599305530809069, 35.798602802835184 ], [ 10.641, 35.826 ], [ 10.641, 35.826 ] ] ] } },
{ "type": "Feature", "properties": { "id": null }, "geometry": { "type": "MultiLineString", "coordinates": [ [ [ 10.599305530809069, 35.798602802835184 ], [ 10.608829193941101, 35.775587283599421 ], [ 10.611805338669862, 35.762690656441457 ], [ 10.60486100096942, 35.747809932797651 ], [ 10.590972325568538, 35.737889450368449 ], [ 10.587004132596856, 35.734913305639687 ], [ 10.583035939625177, 35.721024630238809 ], [ 10.583035939625177, 35.706143906595003 ], [ 10.584027987868096, 35.6714222180928 ], [ 10.596924615026058, 35.650589204991476 ], [ 10.609821242184021, 35.636700529590591 ], [ 10.629662207042426, 35.62777209540431 ], [ 10.65049522014375, 35.620827757703864 ], [ 10.697121487560999, 35.61884366121803 ], [ 10.75862847862205, 35.614875468246346 ], [ 10.787397877666736, 35.596026551630864 ], [ 10.816167276711422, 35.576185586772461 ], [ 10.842952579270268, 35.564281007857417 ], [ 10.90545161857424, 35.53947980178441 ], [ 10.937197162347685, 35.53154341584105 ], [ 10.975887043821572, 35.525591126383532 ], [ 10.997712105165817, 35.519638836926006 ], [ 11.022513311238823, 35.506742209768042 ], [ 11.062, 35.505 ], [ 11.062, 35.505 ] ] ] } },
{ "type": "Feature", "properties": { "id": null }, "geometry": { "type": "MultiLineString", "coordinates": [ [ [ 10.599305530809069, 35.798602802835184 ], [ 10.575893192276151, 35.82876106941994 ], [ 10.577877288761991, 35.8366974553633 ], [ 10.56795680633279, 35.876379385080114 ], [ 10.544147648502705, 35.904156735881877 ], [ 10.520338490672621, 35.93193408668364 ], [ 10.498513429328376, 35.947806858570367 ], [ 10.470736078526611, 35.971616016400446 ], [ 10.458831499611568, 35.979552402343813 ], [ 10.435022341781483, 36.003361560173893 ], [ 10.41716547340892, 36.03510710394734 ], [ 10.405260894493878, 36.07082084069247 ], [ 10.401292701522197, 36.094629998522556 ], [ 10.407244990979718, 36.126375542295996 ], [ 10.423117762866442, 36.154152893097766 ], [ 10.427085955838121, 36.170025664984486 ], [ 10.421133666380602, 36.213675787672976 ], [ 10.427085955838121, 36.241453138474739 ], [ 10.446926920696527, 36.281135068191553 ], [ 10.456847403125728, 36.297007840078273 ], [ 10.46279969258325, 36.312880611964999 ], [ 10.470736078526611, 36.342642059252604 ], [ 10.490577043385015, 36.382323988969411 ], [ 10.51835439418678, 36.404149050313656 ], [ 10.532243069587663, 36.412085436257016 ], [ 10.554068130931906, 36.437878690572937 ], [ 10.558036323903588, 36.453751462459664 ], [ 10.560020420389428, 36.491449295690629 ], [ 10.550099937960226, 36.515258453520715 ], [ 10.494545236356695, 36.594622312954328 ], [ 10.474704271498291, 36.616447374298573 ], [ 10.431054148809803, 36.673986172387949 ], [ 10.409229087465558, 36.69184304076051 ], [ 10.36756306126291, 36.725572681019798 ], [ 10.337801613975305, 36.737477259934842 ], [ 10.272326429942572, 36.763270514250763 ], [ 10.224708114282402, 36.775175093165807 ], [ 10.18, 36.803 ] ] ] } },
{ "type": "Feature", "properties": { "id": null }, "geometry": { "type": "MultiLineString", "coordinates": [ [ [ 10.76, 34.741 ], [ 10.761207804053646, 34.820443235315871 ], [ 10.763191900539486, 34.852188779089317 ], [ 10.761207804053646, 34.893854805291966 ], [ 10.757239611081964, 34.927584445551247 ], [ 10.755255514596124, 34.977186857697262 ], [ 10.741366839195241, 35.020836980385745 ], [ 10.739382742709401, 35.060518910102559 ], [ 10.741366839195241, 35.106153129276883 ], [ 10.729462260280199, 35.147819155479532 ], [ 10.715573584879316, 35.203373857083065 ], [ 10.709621295421796, 35.22519891842731 ], [ 10.695732620020912, 35.27678542705916 ], [ 10.689780330563391, 35.308530970832606 ], [ 10.665971172733306, 35.358133382978615 ], [ 10.660018883275786, 35.377974347837018 ], [ 10.659622063978619, 35.422814928417019 ], [ 10.645733388577735, 35.46051276164799 ], [ 10.635812906148534, 35.492258305421437 ], [ 10.627876520205172, 35.537892524595762 ], [ 10.612003748318449, 35.585510840255935 ], [ 10.609821242184021, 35.636700529590591 ], [ 10.609821242184021, 35.636700529590591 ] ] ] } },
{ "type": "Feature", "properties": { "id": null }, "geometry": { "type": "MultiLineString", "coordinates": [ [ [ -1.253686875601421, 34.218865180809033 ], [ -1.227099982691155, 34.247832989502371 ], [ -1.215195403776113, 34.25576937544573 ], [ -1.173529377573465, 34.27164214733245 ], [ -1.159640702172582, 34.281562629761652 ], [ -1.139799737314178, 34.30735588407758 ], [ -1.127895158399136, 34.319260462992624 ], [ -1.110038290026572, 34.335133234879343 ], [ -1.078292746253126, 34.35894239270943 ], [ -1.054483588423041, 34.376799261081992 ], [ -1.016785755192074, 34.396640225940395 ], [ -0.977103825475266, 34.412512997827122 ], [ -0.953294667645182, 34.428385769713842 ], [ -0.933453702786778, 34.444258541600568 ], [ -0.899724062527491, 34.466083602944813 ], [ -0.864010325782364, 34.487908664289051 ], [ -0.850121650381481, 34.501797339689936 ], [ -0.836232974980599, 34.515686015090822 ], [ -0.826312492551397, 34.527590594005865 ], [ -0.820360203093875, 34.541479269406743 ] ] ] } },
{ "type": "Feature", "properties": { "id": null }, "geometry": { "type": "MultiLineString", "coordinates": [ [ [ -0.820360203093875, 34.541479269406743 ], [ -0.778694176891227, 34.541479269406743 ], [ -0.725123571773537, 34.563304330750988 ], [ -0.707266703400973, 34.577193006151873 ], [ -0.68940983502841, 34.597033971010276 ], [ -0.665600677198325, 34.61687493586868 ], [ -0.602109589651433, 34.690286505844774 ], [ -0.58822091425055, 34.708143374217336 ], [ -0.576316335335507, 34.735920725019106 ], [ -0.572348142363827, 34.749809400419984 ], [ -0.568379949392146, 34.763698075820869 ], [ -0.564411756420465, 34.779570847707589 ], [ -0.554491273991263, 34.811316391481036 ], [ -0.546554888047902, 34.852982417683684 ], [ -0.54060259859038, 34.888696154428814 ], [ -0.54060259859038, 34.914489408744735 ], [ -0.544570791562061, 34.93631447008898 ], [ -0.566792672203475, 34.983932785749076 ] ] ] } },
{ "type": "Feature", "properties": { "id": null }, "geometry": { "type": "MultiLineString", "coordinates": [ [ [ 18.383, 43.85 ], [ 18.328375436916804, 43.904739223318671 ], [ 18.317793588992323, 43.923257457186516 ], [ 18.283402583237756, 43.94971207699772 ], [ 18.275466197294392, 43.955003000959962 ], [ 18.246366115502067, 43.978812158790049 ], [ 18.214620571728624, 43.997330392657886 ], [ 18.161711332106211, 44.007912240582371 ], [ 18.137902174276128, 44.018494088506856 ], [ 18.106156630502682, 44.050239632280302 ], [ 18.11144755446492, 44.089921561997109 ], [ 18.114093016446041, 44.092567023978226 ], [ 18.074411086729235, 44.132248953695033 ], [ 18.026792771069065, 44.142830801619517 ], [ 17.979174455408895, 44.137539877657275 ], [ 17.958010759559929, 44.15605811152512 ], [ 17.947428911635448, 44.193094579260809 ], [ 17.947428911635448, 44.201030965204168 ], [ 17.923619753805365, 44.208967351147528 ], [ 17.913037905880881, 44.230131046996497 ], [ 17.891874210031919, 44.259231128788819 ], [ 17.891874210031919, 44.261876590769944 ], [ 17.883937824088555, 44.296267596524508 ], [ 17.9024560579564, 44.325367678316837 ], [ 17.910392443899759, 44.338594988222439 ], [ 17.965947145503293, 44.357113222090284 ], [ 17.979174455408895, 44.375631455958121 ], [ 17.989756303333376, 44.402086075769333 ], [ 18.002983613238978, 44.41266792369381 ], [ 18.021501847106823, 44.425895233599412 ], [ 18.032083695031304, 44.433831619542779 ], [ 18.053247390880269, 44.465577163316226 ], [ 18.071765624748114, 44.49203178312743 ], [ 18.097428965173759, 44.548856434893835 ], [ 18.097428965173759, 44.548856434893835 ], [ 18.097955698361208, 44.583167948377053 ], [ 18.097955698361208, 44.587797506844012 ], [ 18.088035215932006, 44.601686182244897 ], [ 18.090680677913124, 44.605654375216581 ], [ 18.101262525837608, 44.6182203196269 ], [ 18.101923891332888, 44.622188512598584 ], [ 18.093987505389524, 44.631447629532502 ], [ 18.087373850436723, 44.639384015475869 ], [ 18.078114733502801, 44.655918152857872 ], [ 18.07083971305472, 44.665177269791791 ], [ 18.066210154587761, 44.678404579697393 ], [ 18.065548789092482, 44.683695503659635 ], [ 18.066210154587761, 44.699568275546355 ], [ 18.074146540531121, 44.710150123470839 ], [ 18.079437464493363, 44.717425143918923 ], [ 18.085127648673957, 44.730243096840503 ], [ 18.085918846347109, 44.753535699961219 ], [ 18.072030170946224, 44.757503892932903 ], [ 18.050866475097262, 44.761472085904579 ], [ 18.044252820144461, 44.761472085904579 ], [ 18.03763916519166, 44.771392568333781 ], [ 18.04557555113502, 44.783297147248824 ], [ 18.046898282125582, 44.785942609229949 ], [ 18.04557555113502, 44.796524457154426 ], [ 18.04557555113502, 44.804460843097793 ], [ 18.0495437441067, 44.812397229041153 ], [ 18.060125592031184, 44.822317711470355 ], [ 18.064093785002864, 44.830915462908997 ], [ 18.068723343469824, 44.836867752366516 ], [ 18.064755150498144, 44.849433696776842 ], [ 18.058141495545343, 44.860015544701319 ], [ 18.051527840592541, 44.869274661635245 ], [ 18.038961896182219, 44.875888316588046 ], [ 18.032348241229418, 44.878533778569164 ], [ 18.022427758800216, 44.883824702531406 ], [ 18.014491372856853, 44.891761088474766 ], [ 18.008539083399334, 44.900358839913409 ], [ 18.001925428446533, 44.90697249486621 ], [ 17.992666311512611, 44.91027932234261 ], [ 17.979439001607005, 44.91490888080957 ], [ 17.976132174130605, 44.915570246304853 ], [ 17.966873057196686, 44.919538439276536 ], [ 17.957613940262764, 44.930781652696297 ], [ 17.955629843776922, 44.938056673144374 ], [ 17.9496775543194, 44.948638521068858 ], [ 17.94240253387132, 44.952606714040542 ], [ 17.923884300003476, 44.96186583097446 ], [ 17.921900203517634, 44.963188561965019 ], [ 17.915947914060116, 44.96980221691782 ], [ 17.912641086583715, 44.974431775384787 ], [ 17.922297022814799, 44.988055904587561 ], [ 17.930233408758163, 44.988055904587561 ], [ 17.945444815149603, 44.988055904587561 ], [ 17.950074373616566, 44.990040001073403 ], [ 17.957349394064646, 44.994669559540363 ], [ 17.965947145503289, 45.001283214493164 ], [ 17.97256080045609, 45.005251407464847 ], [ 17.97652899342777, 45.009219600436523 ], [ 17.983142648380571, 45.015171889894049 ], [ 17.987110841352251, 45.020462813856284 ], [ 17.989756303333373, 45.026415103313809 ], [ 17.991079034323935, 45.035674220247728 ], [ 17.991079034323935, 45.044271971686371 ], [ 17.985788110361693, 45.057499281591973 ], [ 17.973883531446649, 45.070065226002299 ], [ 17.964624414512727, 45.078001611945659 ], [ 17.957349394064646, 45.087260728879578 ], [ 17.956026663074088, 45.091890287346544 ], [ 17.957349394064646, 45.098503942299345 ], [ 17.962640318026889, 45.107763059233264 ], [ 17.975867627932491, 45.115038079681348 ], [ 17.991079034323935, 45.122313100129425 ], [ 17.997692689276736, 45.12826538958695 ], [ 18.001660882248416, 45.139508603006711 ], [ 18.001660882248416, 45.140169968501993 ], [ 18.006290440715375, 45.142154064987828 ], [ 18.01459401666721, 45.157347898342962 ], [ 18.02414730908794, 45.12826538958695 ], [ 18.026131405573782, 45.125619927605825 ], [ 18.036713253498263, 45.121651734634149 ], [ 18.043988273946344, 45.11702217616719 ], [ 18.047295101422744, 45.115038079681348 ], [ 18.053908756375545, 45.111731252204947 ], [ 18.055231487366108, 45.111731252204947 ], [ 18.062506507814188, 45.107763059233264 ], [ 18.065151969795309, 45.106440328242705 ], [ 18.07573381771979, 45.101810769775746 ], [ 18.084992934653712, 45.094535749327662 ], [ 18.095574782578193, 45.089244825365419 ], [ 18.110786188969637, 45.08461526689846 ], [ 18.12335213337996, 45.082631170412618 ], [ 18.137902174276121, 45.079324342936218 ], [ 18.147161291210043, 45.078001611945659 ], [ 18.159727235620366, 45.078001611945659 ], [ 18.17097044904013, 45.078001611945659 ], [ 18.192134144889092, 45.079324342936218 ], [ 18.205361454794698, 45.079324342936218 ], [ 18.217266033709738, 45.085276632393743 ], [ 18.219250130195579, 45.096519845813503 ], [ 18.2185887647003, 45.105117597252146 ], [ 18.224541054157822, 45.113053983195506 ], [ 18.235784267577582, 45.119006272653024 ], [ 18.241075191539824, 45.12032900364359 ], [ 18.255625232435985, 45.115038079681348 ], [ 18.26620708036047, 45.107763059233264 ], [ 18.271498004322709, 45.105778962747422 ], [ 18.282741217742473, 45.10379486626158 ], [ 18.288032141704711, 45.102472135271022 ], [ 18.297291258638634, 45.099165307794621 ], [ 18.308534472058398, 45.094403476228607 ], [ 18.316470858001757, 45.089773917761647 ], [ 18.316470858001757, 45.085805724789964 ], [ 18.316470858001757, 45.083160262808846 ], [ 18.314486761515919, 45.077869338846604 ], [ 18.313825396020636, 45.067948856417402 ], [ 18.317132223497037, 45.061335201464601 ], [ 18.324407243945121, 45.045462429577874 ], [ 18.327052705926242, 45.036864678139231 ], [ 18.327052705926242, 45.02694419571003 ], [ 18.3250686094404, 45.017023713280828 ], [ 18.326391340430959, 45.014378251299711 ], [ 18.341602746822403, 45.015039616794986 ], [ 18.352845960242167, 45.02231463724307 ], [ 18.367396001138328, 45.032896485167555 ], [ 18.375332387081691, 45.036864678139231 ], [ 18.383268773025051, 45.043478333092033 ], [ 18.393189255454253, 45.053398815521234 ], [ 18.407739296350417, 45.059351104978759 ], [ 18.426257530218262, 45.06596475993156 ], [ 18.432871185171063, 45.067948856417402 ], [ 18.438162109133302, 45.067948856417402 ], [ 18.446098495076665, 45.069271587407961 ], [ 18.452050784534187, 45.067948856417402 ], [ 18.461309901468109, 45.063319297950436 ], [ 18.466600825430348, 45.058689739483476 ], [ 18.469907652906748, 45.056044277502359 ], [ 18.474537211373711, 45.053398815521234 ], [ 18.488425886774593, 45.045462429577874 ], [ 18.493716810736835, 45.044139698587315 ], [ 18.505621389651875, 45.042155602101474 ], [ 18.517525968566918, 45.041494236606198 ], [ 18.528107816491399, 45.039510140120356 ], [ 18.543980588378123, 45.040171505615632 ], [ 18.554562436302607, 45.047446526063716 ], [ 18.559853360264846, 45.056044277502359 ], [ 18.564482918731809, 45.064642028941002 ], [ 18.567789746208209, 45.07059431839852 ], [ 18.587630711066613, 45.073239780379645 ], [ 18.604826213943895, 45.068610221912678 ], [ 18.616069427363659, 45.06265793245516 ], [ 18.62598990979286, 45.059351104978759 ], [ 18.651783164108785, 45.053398815521234 ], [ 18.67360822545303, 45.045462429577874 ], [ 18.693449190311433, 45.038187409129797 ], [ 18.695433286797275, 45.033557850662831 ], [ 18.697417383283117, 45.019801448361008 ], [ 18.697417383283117, 45.011865062417648 ], [ 18.697417383283117, 44.997315021521487 ], [ 18.697417383283117, 44.988717270082844 ], [ 18.696756017787834, 44.983426346120602 ], [ 18.696756017787834, 44.970199036215 ], [ 18.696756017787834, 44.969537670719717 ], [ 18.695433286797275, 44.966892208738599 ], [ 18.692787824816154, 44.958294457299957 ], [ 18.690803728330316, 44.95432626432828 ], [ 18.684190073377511, 44.949035340366038 ], [ 18.684851438872794, 44.944405781899079 ], [ 18.694771921301996, 44.935808030460436 ], [ 18.706015134721756, 44.932501202984035 ], [ 18.72188790660848, 44.928533010012352 ], [ 18.734453851018802, 44.923903451545392 ], [ 18.743051602457445, 44.919273893078433 ], [ 18.746358429933846, 44.913982969116191 ], [ 18.749003891914967, 44.913321603620908 ], [ 18.756940277858327, 44.904723852182265 ], [ 18.76950622226865, 44.897448831734188 ], [ 18.783394897669531, 44.884882887323862 ], [ 18.799929035051537, 44.876946501380502 ], [ 18.82043136540522, 44.867687384446583 ], [ 18.838288233777785, 44.859750998503216 ], [ 18.850854178188108, 44.853798709045698 ], [ 18.867388315570111, 44.850491881569297 ], [ 18.892520204390756, 44.850491881569297 ], [ 18.906408879791638, 44.849830516074014 ], [ 18.926249844650041, 44.845862323102338 ], [ 18.936170327079243, 44.842555495625938 ], [ 18.96659313986213, 44.836603206168412 ], [ 18.985772739225254, 44.836603206168412 ], [ 18.998338683635577, 44.833957744187295 ], [ 19.01817964849398, 44.829328185720335 ], [ 19.02611603443734, 44.826682723739211 ], [ 19.043311537314626, 44.826021358243935 ], [ 19.051909288753265, 44.821391799776968 ], [ 19.069104791630551, 44.810148586357208 ], [ 19.082332101536153, 44.800228103928006 ], [ 19.091591218470075, 44.792291717984646 ], [ 19.102834431889836, 44.785678063031845 ], [ 19.115400376300158, 44.77641894609792 ], [ 19.134579975663282, 44.771128022135677 ], [ 19.160373229979207, 44.765837098173442 ], [ 19.178891463847052, 44.763191636192317 ], [ 19.198071063210175, 44.763191636192317 ], [ 19.205346083658256, 44.7605461742112 ], [ 19.209314276629939, 44.757900712230075 ], [ 19.210637007620498, 44.757900712230075 ] ] ] } },
{ "type": "Feature", "properties": { "id": null }, "geometry": { "type": "MultiLineString", "coordinates": [ [ [ 18.693449190311433, 45.038187409129797 ], [ 18.717919713636803, 45.063187024851388 ], [ 18.715935617150961, 45.073107507280589 ], [ 18.712628789674561, 45.082366624214508 ], [ 18.704692403731201, 45.091625741148434 ], [ 18.700724210759518, 45.097578030605952 ], [ 18.700062845264238, 45.105514416549312 ], [ 18.70535376922648, 45.113450802492672 ], [ 18.711306058684002, 45.121387188436039 ], [ 18.721226541113204, 45.133291767351082 ], [ 18.727840196066005, 45.143212249780284 ], [ 18.731808389037685, 45.149164539237802 ], [ 18.738422043990486, 45.155778194190603 ], [ 18.75363345038193, 45.168344138600929 ], [ 18.76090847083001, 45.174296428058447 ], [ 18.774135780735612, 45.194798758412134 ], [ 18.774797146230895, 45.198105585888534 ], [ 18.784056263164814, 45.211994261289412 ], [ 18.790669918117619, 45.222576109213897 ], [ 18.803897228023221, 45.241755708577017 ], [ 18.811172248471301, 45.262258038930703 ], [ 18.81249497946186, 45.272839886855188 ], [ 18.80852678649018, 45.282760369284389 ], [ 18.807204055499621, 45.288051293246632 ] ] ] } },
{ "type": "Feature", "properties": { "id": null }, "geometry": { "type": "MultiLineString", "coordinates": [ [ [ 17.186, 44.776 ], [ 17.222440055709363, 44.770334383541353 ], [ 17.235006000119686, 44.763720728588552 ], [ 17.260137888940331, 44.756445708140475 ], [ 17.262121985426173, 44.75512297714991 ], [ 17.264106081912011, 44.749832053187674 ], [ 17.270719736864812, 44.74255703273959 ], [ 17.279978853798735, 44.73925020526319 ], [ 17.29386752919962, 44.735282012291506 ], [ 17.302465280638259, 44.733959281300947 ], [ 17.304449377124101, 44.732636550310389 ], [ 17.315692590543861, 44.729329722833988 ], [ 17.324951707477783, 44.724038798871746 ], [ 17.331565362430585, 44.716763778423662 ], [ 17.333549458916426, 44.710811488966144 ], [ 17.333549458916426, 44.706181930499184 ], [ 17.337517651888106, 44.700229641041659 ], [ 17.343469941345628, 44.694938717079424 ], [ 17.34876086530787, 44.684356869154939 ], [ 17.338179017383386, 44.678404579697414 ], [ 17.336194920897547, 44.678404579697414 ], [ 17.343469941345628, 44.671129559249337 ], [ 17.354051789270109, 44.666500000782378 ], [ 17.360004078727631, 44.661209076820136 ], [ 17.361988175213472, 44.652611325381493 ], [ 17.365956368185152, 44.644674939438133 ], [ 17.367279099175715, 44.632770360523089 ], [ 17.371908657642674, 44.620865781608046 ], [ 17.372570023137953, 44.616897588636363 ], [ 17.395320996175592, 44.595337073490221 ], [ 17.403918747614235, 44.589384784032703 ], [ 17.419130154005675, 44.586077956556302 ], [ 17.435002925892398, 44.585416591061019 ], [ 17.448230235798004, 44.582771129079902 ], [ 17.459473449217764, 44.574834743136535 ], [ 17.467409835161128, 44.570205184669575 ], [ 17.470055297142245, 44.564914260707333 ], [ 17.472039393628087, 44.558300605754532 ], [ 17.48394397254313, 44.558300605754532 ], [ 17.498494013439291, 44.561607433230932 ], [ 17.522303171269378, 44.563591529716774 ], [ 17.537514577660819, 44.564252895212057 ], [ 17.547435060090024, 44.559623336745091 ], [ 17.551403253061704, 44.558961971249815 ], [ 17.559339639005064, 44.566898357193175 ], [ 17.567276024948427, 44.577480205117659 ], [ 17.573889679901228, 44.585416591061019 ], [ 17.586455624311551, 44.592691611509103 ], [ 17.595714741245473, 44.595337073490221 ], [ 17.601667030702995, 44.598643900966621 ], [ 17.612248878627476, 44.603273459433581 ], [ 17.618862533580277, 44.605918921414705 ], [ 17.626798919523637, 44.613855307358065 ], [ 17.638042132943401, 44.617162134834466 ], [ 17.655237635820683, 44.619807596815583 ], [ 17.677724062660207, 44.619807596815583 ], [ 17.696903662023331, 44.611871210872224 ], [ 17.707485509947816, 44.604596190424139 ], [ 17.724681012825098, 44.598643900966621 ], [ 17.74187651570238, 44.59665980448078 ], [ 17.758410653084383, 44.591368880518537 ], [ 17.784203907400311, 44.591368880518537 ], [ 17.797431217305913, 44.595998438985504 ], [ 17.815288085678475, 44.598643900966621 ], [ 17.82917676107936, 44.600627997452463 ], [ 17.847694994947201, 44.603273459433581 ], [ 17.857615477376406, 44.603934824928864 ], [ 17.865551863319766, 44.611209845376948 ], [ 17.867535959805608, 44.617162134834466 ], [ 17.870181421786725, 44.62774398275895 ], [ 17.874149614758409, 44.634357637711751 ], [ 17.88010190421593, 44.638987196178711 ], [ 17.890022386645132, 44.642955389150387 ], [ 17.905233793036572, 44.644939485636229 ], [ 17.919783833932737, 44.648246313112629 ], [ 17.930365681857218, 44.652214506084313 ], [ 17.934995240324181, 44.652214506084313 ], [ 17.942270260772261, 44.652214506084313 ], [ 17.950868012210904, 44.656182699055996 ], [ 17.967402149592907, 44.664119084999356 ], [ 17.97996809400323, 44.668087277971033 ], [ 17.997163596880512, 44.672716836437999 ], [ 18.007084079309713, 44.6760236639144 ], [ 18.022956851196437, 44.685282780848318 ], [ 18.032877333625638, 44.693880532286961 ], [ 18.040152354073722, 44.702478283725604 ], [ 18.048750105512362, 44.707107842192563 ], [ 18.058009222446284, 44.713721497145364 ], [ 18.064622877399085, 44.717689690117048 ], [ 18.085127648673957, 44.730243096840503 ] ] ] } },
{ "type": "Feature", "properties": { "id": null }, "geometry": { "type": "MultiLineString", "coordinates": [ [ [ 18.383, 43.85 ], [ 18.420834333156961, 43.839131766186924 ], [ 18.436707105043684, 43.845745421139725 ], [ 18.441998029005923, 43.848390883120842 ], [ 18.453902607920966, 43.852359076092526 ], [ 18.46977537980769, 43.841777228168041 ], [ 18.476389034760491, 43.841777228168041 ], [ 18.526652812401782, 43.844422690149166 ], [ 18.538557391316822, 43.851036345101967 ], [ 18.550461970231865, 43.857650000054768 ], [ 18.566334742118588, 43.864263655007569 ], [ 18.57956205202419, 43.872200040950929 ], [ 18.600725747873156, 43.881459157884848 ], [ 18.616598519759879, 43.88675008184709 ], [ 18.63114856065604, 43.896009198781016 ], [ 18.653634987495565, 43.911881970667736 ], [ 18.673475952353968, 43.918495625620537 ], [ 18.715803344051896, 43.911881970667736 ], [ 18.746226156834783, 43.915850163639419 ], [ 18.770035314664867, 43.918495625620537 ], [ 18.77797170060823, 43.906591046705493 ], [ 18.809717244381673, 43.888072812837656 ], [ 18.828235478249518, 43.881459157884848 ], [ 18.866594676975765, 43.847068152130284 ], [ 18.877176524900246, 43.840454497177483 ], [ 18.898340220749212, 43.831195380243564 ], [ 18.923472109569857, 43.823258994300197 ], [ 18.953894922352742, 43.820613532319079 ], [ 18.971090425230024, 43.815322608356837 ], [ 18.985640466126188, 43.815322608356837 ], [ 19.005481430984592, 43.808708953404036 ], [ 19.012095085937393, 43.794158912507875 ], [ 19.008126892965713, 43.778286140621155 ], [ 19.008126892965713, 43.767704292696671 ], [ 19.008126892965713, 43.746540596847709 ], [ 19.020031471880756, 43.731990555951541 ], [ 19.051777015654199, 43.720085977036504 ], [ 19.071617980512606, 43.710826860102578 ], [ 19.072940711503165, 43.708181398121461 ], [ 19.082199828437087, 43.698922281187535 ], [ 19.091326672271958, 43.693499084126245 ], [ 19.10852217514924, 43.676964946744242 ], [ 19.121088119559563, 43.674319484763117 ], [ 19.137622256941565, 43.673658119267841 ], [ 19.141590449913245, 43.674319484763117 ], [ 19.154156394323568, 43.676964946744242 ], [ 19.16341551125749, 43.67961040872536 ], [ 19.168706435219729, 43.686224063678161 ], [ 19.17135189720085, 43.690192256649844 ], [ 19.172674628191412, 43.694160449621521 ], [ 19.173997359181971, 43.696805911602645 ], [ 19.179288283144214, 43.703419566555446 ], [ 19.185240572601735, 43.711355952498806 ], [ 19.186563303592294, 43.715324145470483 ], [ 19.187224669087573, 43.716646876461049 ], [ 19.189208765573415, 43.721937800423284 ], [ 19.193176958545095, 43.729212820871368 ], [ 19.195822420526216, 43.733842379338327 ], [ 19.199790613497896, 43.735826475824169 ], [ 19.202436075479017, 43.736487841319452 ], [ 19.205742902955418, 43.731858282852492 ], [ 19.207065633945977, 43.727228724385526 ], [ 19.20772699944126, 43.724583262404408 ], [ 19.216986116375178, 43.715985510965766 ], [ 19.220954309346862, 43.710694587003523 ], [ 19.229552060785501, 43.705403663041281 ], [ 19.238811177719423, 43.701435470069605 ], [ 19.246086198167504, 43.700112739079046 ], [ 19.256668046091988, 43.695483180612079 ], [ 19.26262033554951, 43.688208160164002 ], [ 19.263281701044789, 43.675642215753676 ], [ 19.268572625007028, 43.663737636838633 ], [ 19.271879452483429, 43.655801250895273 ], [ 19.279154472931513, 43.652494423418872 ], [ 19.292381782837115, 43.651171692428314 ], [ 19.303624996256875, 43.657785347381115 ], [ 19.316852306162478, 43.663737636838633 ], [ 19.334047809039763, 43.657123981885832 ], [ 19.341984194983123, 43.647864864951913 ], [ 19.342645560478402, 43.638605748017994 ], [ 19.345952387954803, 43.630007996579351 ], [ 19.351904677412325, 43.624055707121826 ], [ 19.356534235879288, 43.621410245140709 ], [ 19.362486525336809, 43.619426148654867 ], [ 19.367777449299048, 43.615457955683183 ], [ 19.371844847095026, 43.601966099579464 ], [ 19.373828943580865, 43.600643368588905 ], [ 19.377631795178726, 43.598824613476886 ], [ 19.379781233038386, 43.595517786000485 ], [ 19.383088060514787, 43.5923762998979 ], [ 19.387221594860289, 43.589896179290598 ], [ 19.392677860196347, 43.588077424178579 ], [ 19.39449661530837, 43.587912082804763 ], [ 19.398630149653869, 43.58725071730948 ], [ 19.403755732242292, 43.585101279449823 ], [ 19.408881314830712, 43.584770596702178 ], [ 19.413510873297671, 43.585597303571276 ], [ 19.413180190550033, 43.591218910281164 ], [ 19.412684166428573, 43.5923762998979 ], [ 19.413510873297671, 43.594360396383742 ], [ 19.418636455886094, 43.596509834243399 ], [ 19.423927379848333, 43.597667223860142 ], [ 19.427234207324734, 43.598989954850701 ], [ 19.434839910520456, 43.600147344467445 ], [ 19.444099027454378, 43.60031268584126 ], [ 19.448563244547518, 43.601304734084181 ], [ 19.456334289117059, 43.601139392710365 ], [ 19.462782602696041, 43.601635416831826 ], [ 19.468238868032103, 43.602627465074747 ], [ 19.472207061003783, 43.604115537439121 ], [ 19.475513888480183, 43.603950196065306 ], [ 19.478820715956584, 43.602627465074747 ], [ 19.48602959985514, 43.599519047246936 ], [ 19.4923125720603, 43.600841778237495 ], [ 19.495288716789062, 43.600841778237495 ], [ 19.500579640751301, 43.596542902518173 ], [ 19.504547833722985, 43.593566757789411 ], [ 19.508185343947023, 43.591251978555931 ], [ 19.512484219666344, 43.589929247565372 ], [ 19.517113778133304, 43.586291737341334 ], [ 19.523066067590825, 43.583315592612571 ], [ 19.529018357048347, 43.580670130631454 ], [ 19.531663819029468, 43.578355351397974 ], [ 19.53364791551531, 43.575048523921573 ], [ 19.532986550020027, 43.573064427435732 ], [ 19.532986550020027, 43.570749648202252 ], [ 19.534639963758227, 43.567442820725852 ], [ 19.536293377496428, 43.566450772482931 ], [ 19.540592253215749, 43.563474627754168 ], [ 19.541914984206311, 43.562482579511247 ], [ 19.54555249443035, 43.557853021044288 ], [ 19.546875225420912, 43.554215510820249 ], [ 19.549520687402033, 43.550247317848566 ], [ 19.551174101140234, 43.548263221362724 ], [ 19.554480928616634, 43.543302980148127 ], [ 19.556134342354834, 43.540988200914647 ], [ 19.562417314559994, 43.537020007942964 ], [ 19.570023017755716, 43.531398401233083 ], [ 19.576636672708517, 43.525776794523203 ], [ 19.58358101040896, 43.522800649794441 ], [ 19.588871934371198, 43.518832456822757 ], [ 19.595816272071641, 43.514202898355798 ], [ 19.5971390030622, 43.511888119122318 ], [ 19.605075389005563, 43.507258560655359 ], [ 19.607390168239043, 43.504613098674234 ], [ 19.612681092201285, 43.499652857459637 ], [ 19.630207277826209, 43.493369885254474 ], [ 19.632522057059688, 43.492377837011553 ], [ 19.637151615526648, 43.489071009535152 ], [ 19.639797077507769, 43.487086913049311 ], [ 19.645088001470011, 43.484110768320555 ] ] ] } },
{ "type": "Feature", "properties": { "id": null }, "geometry": { "type": "MultiLineString", "coordinates": [ [ [ 20.74, 42.215 ], [ 20.768152749005203, 42.250928665821242 ], [ 20.773443672967442, 42.257542320774043 ], [ 20.780057327920243, 42.262833244736285 ], [ 20.786670982873044, 42.278706016623005 ], [ 20.799898292778646, 42.291933326528607 ], [ 20.805189216740889, 42.307806098415334 ], [ 20.809157409712569, 42.323678870302054 ], [ 20.827675643580413, 42.354101683084941 ], [ 20.847516608438816, 42.371297185962227 ], [ 20.858098456363297, 42.39113815082063 ], [ 20.871325766268903, 42.412301846669592 ], [ 20.899103117070666, 42.432142811527996 ], [ 20.937462315796914, 42.446692852424157 ], [ 20.95862601164588, 42.454629238367524 ], [ 21.000953403343807, 42.457274700348641 ], [ 21.037989871079493, 42.444047390443039 ], [ 21.07634906980574, 42.428174618556319 ], [ 21.094867303673585, 42.412301846669592 ], [ 21.109417344569746, 42.392460881811189 ], [ 21.134549233390391, 42.375265378933904 ], [ 21.162326584192158, 42.356747145066066 ], [ 21.182167549050561, 42.343519835160457 ], [ 21.200685782918406, 42.327647063273737 ], [ 21.207299437871207, 42.295901519500291 ], [ 21.228463133720169, 42.269446899689086 ], [ 21.244335905606892, 42.254896858792925 ], [ 21.265499601455858, 42.227119507991155 ], [ 21.276081449380339, 42.212569467094994 ], [ 21.281372373342581, 42.190083040255473 ], [ 21.284017835323699, 42.171564806387629 ], [ 21.28666329730482, 42.155692034500902 ], [ 21.305181531172664, 42.137173800633065 ], [ 21.319731572068825, 42.121301028746338 ], [ 21.343540729898912, 42.100137332897376 ], [ 21.363381694757315, 42.08294183002009 ], [ 21.366027156738436, 42.072359982095605 ], [ 21.371318080700675, 42.057809941199444 ], [ 21.387190852587398, 42.0392917073316 ], [ 21.397772700511883, 42.030032590397681 ], [ 21.407031817445805, 42.022096204454321 ], [ 21.434, 42.001 ] ] ] } },
{ "type": "Feature", "properties": { "id": null }, "geometry": { "type": "MultiLineString", "coordinates": [ [ [ 21.094867303673585, 42.412301846669592 ], [ 21.128464670833814, 42.46203653191467 ], [ 21.128464670833814, 42.480554765782514 ], [ 21.120528284890451, 42.522882157480439 ], [ 21.107300974984849, 42.570500473140612 ], [ 21.104655513003728, 42.594309630970692 ], [ 21.096719127060368, 42.631346098706381 ], [ 21.086137279135887, 42.652509794555343 ], [ 21.078200893192523, 42.671028028423187 ], [ 21.067619045268042, 42.692191724272156 ], [ 21.043809887437959, 42.747746425875683 ], [ 21.012064343664512, 42.792719279554731 ], [ 20.990900647815547, 42.808592051441458 ], [ 20.953864180079862, 42.832401209271538 ], [ 20.916827712344173, 42.850919443139382 ], [ 20.893018554514089, 42.874728600969469 ], [ 20.874500320646245, 42.906474144742916 ], [ 20.866563934702885, 42.914410530686276 ], [ 20.850691162816162, 42.927637840591878 ], [ 20.848045700835041, 42.935574226535238 ], [ 20.848045700835041, 42.935574226535238 ], [ 20.842754776872798, 42.956737922384207 ], [ 20.83746385291056, 42.983192542195411 ], [ 20.834818390929438, 42.996419852101013 ], [ 20.834818390929438, 43.001710776063256 ], [ 20.829527466967196, 43.020229009931093 ], [ 20.811009233099352, 43.073138249553509 ], [ 20.784554613288147, 43.115465641251433 ], [ 20.776618227344787, 43.13133841313816 ], [ 20.744872683571341, 43.165729418892724 ], [ 20.726354449703496, 43.184247652760568 ], [ 20.699899829892292, 43.218638658515133 ], [ 20.662863362156607, 43.253029664269697 ], [ 20.644345128288762, 43.263611512194181 ], [ 20.623181432439797, 43.274193360118666 ], [ 20.572917654798509, 43.234511430401859 ], [ 20.567626730836267, 43.218638658515133 ], [ 20.554399420930665, 43.192184038703928 ], [ 20.516210022423454, 43.138886470386353 ], [ 20.516210022423454, 43.138886470386353 ], [ 20.414189935931276, 43.152502108987122 ], [ 20.414189935931276, 43.152502108987122 ], [ 20.36657162027111, 43.184247652760568 ], [ 20.324244228573182, 43.202765886628413 ], [ 20.292498684799735, 43.223929582477375 ], [ 20.268689526969649, 43.239802354364095 ], [ 20.250171293101808, 43.253029664269697 ], [ 20.213134825366119, 43.266256974175306 ], [ 20.176098357630433, 43.266256974175306 ], [ 20.136416427913623, 43.263611512194181 ], [ 20.078216264328972, 43.260966050213064 ], [ 20.043825258574408, 43.274193360118666 ], [ 20.030597948668806, 43.284775208043143 ], [ 19.977688709046394, 43.298002517948746 ], [ 19.977688709046394, 43.298002517948746 ], [ 19.977688709046394, 43.298002517948746 ], [ 19.922134007442864, 43.299589795137429 ], [ 19.889065732678858, 43.307526181080789 ], [ 19.877161153763815, 43.319430759995832 ], [ 19.859965650886533, 43.340594455844794 ], [ 19.850706533952611, 43.363080882684322 ], [ 19.841447417018689, 43.392180964476644 ], [ 19.833511031075329, 43.413344660325613 ], [ 19.818960990179164, 43.441122011127376 ], [ 19.803088218292441, 43.456994783014096 ], [ 19.783247253434038, 43.464931168957463 ], [ 19.730338013811629, 43.470222092919698 ], [ 19.690656084094819, 43.467576630938581 ], [ 19.654942347349692, 43.467576630938581 ], [ 19.652296885368571, 43.467576630938581 ], [ 19.645088001470011, 43.484110768320555 ] ] ] } },
{ "type": "Feature", "properties": { "id": null }, "geometry": { "type": "MultiLineString", "coordinates": [ [ [ 17.26909430096455, 44.337154603089992 ], [ 17.254450145680952, 44.326293590010323 ], [ 17.24915922171871, 44.311743549114162 ], [ 17.250481952709269, 44.301161701189677 ], [ 17.254450145680952, 44.294548046236876 ], [ 17.263709262614871, 44.282643467321833 ], [ 17.279582034501594, 44.268093426425672 ], [ 17.288841151435516, 44.264125233453989 ], [ 17.307359385303361, 44.248252461567269 ], [ 17.312650309265603, 44.223120572746623 ], [ 17.323232157190084, 44.212538724822139 ], [ 17.331168543133444, 44.201956876897661 ], [ 17.339104929076807, 44.191375028973177 ], [ 17.34836404601073, 44.179470450058133 ], [ 17.351009507991847, 44.164920409161972 ], [ 17.373495934831372, 44.142433982322444 ], [ 17.381432320774735, 44.131852134397967 ], [ 17.392014168699216, 44.129206672416842 ], [ 17.397305092661458, 44.141111251331886 ], [ 17.403918747614259, 44.149047637275245 ], [ 17.407886940585939, 44.170211333124215 ], [ 17.413177864548182, 44.179470450058133 ], [ 17.423759712472663, 44.187406836001493 ], [ 17.448891601293308, 44.20327960788822 ], [ 17.476668952095071, 44.213861455812697 ], [ 17.485928069028994, 44.212538724822139 ], [ 17.51370541983076, 44.205925069869338 ], [ 17.537514577660843, 44.208570531850462 ], [ 17.557355542519247, 44.220475110765499 ], [ 17.57322831440597, 44.232379689680542 ], [ 17.597037472236057, 44.240316075623902 ], [ 17.610264782141659, 44.235025151661667 ], [ 17.634073939971742, 44.229734227699424 ], [ 17.67178722657416, 44.231640365603575 ], [ 17.698887758509194, 44.220475110765499 ], [ 17.713437799405359, 44.21121599383158 ], [ 17.718728723367597, 44.201956876897661 ], [ 17.7319560332732, 44.187406836001493 ], [ 17.741215150207122, 44.180793181048692 ], [ 17.774283424971131, 44.166243140152531 ], [ 17.776928886952248, 44.162274947180848 ], [ 17.816610816669058, 44.147724906284687 ], [ 17.831160857565219, 44.146402175294128 ], [ 17.862906401338666, 44.139788520341327 ], [ 17.894651945112113, 44.137143058360202 ], [ 17.909201986008274, 44.137143058360202 ], [ 17.92904295086668, 44.137143058360202 ], [ 17.9449157227534, 44.133174865388526 ], [ 17.979174455408895, 44.137539877657275 ] ] ] } },
{ "type": "Feature", "properties": { "id": null }, "geometry": { "type": "MultiLineString", "coordinates": [ [ [ 15.868151209162649, 44.81472474728649 ], [ 15.87669354591339, 44.842423222526925 ], [ 15.885952662847311, 44.853005070451403 ], [ 15.888598124828432, 44.860941456394762 ], [ 15.907116358696275, 44.878136959272048 ], [ 15.93092551652636, 44.894009731158775 ], [ 15.934893709498041, 44.89930065512101 ], [ 15.929602785535799, 44.913850696017178 ], [ 15.925634592564119, 44.923109812951097 ], [ 15.9362164404886, 44.949564432762301 ], [ 15.9362164404886, 44.952209894743426 ], [ 15.924311861573559, 44.965437204649028 ], [ 15.909761820677396, 44.972050859601829 ], [ 15.904470896715155, 44.977341783564064 ], [ 15.885952662847311, 44.993214555450791 ], [ 15.900502703743474, 45.017023713280878 ], [ 15.911084551667956, 45.03025102318648 ], [ 15.912407282658517, 45.044801064082641 ], [ 15.893889048790673, 45.063319297950486 ], [ 15.887275393837871, 45.085805724790006 ], [ 15.885952662847311, 45.10564668964841 ], [ 15.848916195111624, 45.132101309459614 ], [ 15.839657078177703, 45.142683157384099 ], [ 15.818493382328739, 45.166492315214185 ], [ 15.803809249507836, 45.18548747992223 ], [ 15.843625271149383, 45.173105970166986 ], [ 15.850238926102184, 45.171783239176428 ], [ 15.855529850064425, 45.167815046204744 ], [ 15.892566317800112, 45.155910467289701 ], [ 15.934893709498041, 45.15723319828026 ], [ 15.950766481384763, 45.15723319828026 ], [ 15.981189294167649, 45.167815046204744 ], [ 15.991771142092132, 45.166492315214185 ], [ 15.995739335063812, 45.151942274318024 ], [ 16.002352990016615, 45.144005888374657 ], [ 16.008966644969416, 45.130778578469055 ], [ 16.008966644969416, 45.109614882620093 ], [ 16.008966644969416, 45.091096648752249 ], [ 16.024839416856139, 45.072578414884404 ], [ 16.036743995771179, 45.061996566959927 ], [ 16.061875884591824, 45.039510140120399 ], [ 16.088330504403029, 45.019669175261996 ], [ 16.104203276289752, 45.010410058328077 ], [ 16.121398779167038, 45.001150941394151 ], [ 16.151821591949922, 44.99453728644135 ], [ 16.161080708883844, 44.991891824460232 ], [ 16.171662556808325, 44.973373590592388 ], [ 16.175630749780005, 44.962791742667903 ], [ 16.172985287798888, 44.944273508800059 ], [ 16.166371632846086, 44.929723467903898 ], [ 16.159757977893282, 44.912527965026612 ], [ 16.161080708883844, 44.897977924130451 ], [ 16.159757977893282, 44.866232380357005 ], [ 16.157112515912164, 44.853005070451403 ], [ 16.163726170864965, 44.830518643611882 ], [ 16.174308018789446, 44.813323140734596 ], [ 16.183567135723369, 44.805386754791236 ], [ 16.188858059685607, 44.790836713895075 ], [ 16.19018079067617, 44.778932134980032 ], [ 16.199439907610092, 44.770995749036672 ], [ 16.219280872468495, 44.756445708140504 ], [ 16.225894527421296, 44.749832053187703 ], [ 16.236476375345777, 44.731313819319858 ], [ 16.24176729930802, 44.71411831644258 ], [ 16.236476375345777, 44.699568275546412 ], [ 16.236476375345777, 44.687663696631375 ], [ 16.23779910633634, 44.677081848706891 ], [ 16.24176729930802, 44.671790924744649 ], [ 16.249703685251379, 44.663854538801289 ], [ 16.262930995156982, 44.650627228895686 ], [ 16.277481036053146, 44.641368111961761 ], [ 16.286740152987068, 44.632108995027842 ], [ 16.294676538930428, 44.617558954131681 ], [ 16.305258386854913, 44.597717989273278 ], [ 16.319808427751074, 44.585813410358234 ], [ 16.343617585581157, 44.576554293424309 ], [ 16.356844895486763, 44.569940638471508 ], [ 16.370072205392365, 44.55935879054703 ], [ 16.370072205392365, 44.554067866584788 ], [ 16.363458550439564, 44.547454211631987 ], [ 16.339649392609477, 44.546131480641428 ], [ 16.30393565586435, 44.554067866584788 ], [ 16.284094691005947, 44.569940638471508 ], [ 16.269544650109786, 44.585813410358234 ], [ 16.247058223270262, 44.599040720263837 ], [ 16.233830913364656, 44.609622568188321 ], [ 16.223249065440175, 44.625495340075041 ], [ 16.215312679496815, 44.630786264037283 ], [ 16.184889866713927, 44.641368111961761 ], [ 16.157112515912164, 44.649304497905128 ], [ 16.13859428204432, 44.661209076820171 ], [ 16.13462608907264, 44.669145462763531 ], [ 16.108171469261436, 44.674436386725773 ], [ 16.092298697374712, 44.675759117716332 ], [ 16.063198615582387, 44.690309158612493 ], [ 16.052616767657902, 44.698245544555853 ], [ 16.032775802799499, 44.723377433376498 ], [ 15.998384797044933, 44.737927474272659 ], [ 15.967961984262047, 44.748509322197144 ], [ 15.961348329309246, 44.756445708140504 ], [ 15.946798288413083, 44.770995749036672 ], [ 15.92828005454524, 44.792159444885634 ], [ 15.903148165724595, 44.801418561819553 ], [ 15.900502703743474, 44.802741292810111 ], [ 15.868151209162649, 44.81472474728649 ] ] ] } },
{ "type": "Feature", "properties": { "id": null }, "geometry": { "type": "MultiLineString", "coordinates": [ [ [ 16.370072205392365, 44.554067866584788 ], [ 16.393881363222448, 44.542163287669744 ], [ 16.411076866099734, 44.543486018660303 ], [ 16.421658714024215, 44.548776942622546 ], [ 16.440176947892059, 44.558036059556464 ], [ 16.452081526807099, 44.562004252528148 ], [ 16.475890684637186, 44.564649714509265 ], [ 16.504990766429511, 44.555390597575347 ], [ 16.543349965155759, 44.554067866584781 ], [ 16.560545468033041, 44.550099673613104 ], [ 16.588322818834808, 44.544808749650862 ], [ 16.617422900627133, 44.543486018660303 ], [ 16.64916844440058, 44.555390597575347 ], [ 16.658427561334499, 44.558036059556464 ], [ 16.676945795202343, 44.554067866584781 ], [ 16.707368607985231, 44.554067866584781 ], [ 16.724564110862513, 44.559358790547023 ], [ 16.744405075720916, 44.554067866584781 ], [ 16.76027784760764, 44.543486018660303 ], [ 16.786732467418844, 44.527613246773576 ], [ 16.807896163267809, 44.515708667858533 ], [ 16.823768935154533, 44.506449550924614 ], [ 16.825091666145092, 44.48793131705677 ], [ 16.850223554965737, 44.47999493111341 ], [ 16.8780009057675, 44.47999493111341 ], [ 16.897841870625907, 44.486608586066211 ], [ 16.915037373503189, 44.493222241019012 ], [ 16.938846531333272, 44.490576779037895 ], [ 16.974560268078399, 44.474704007151168 ], [ 16.993078501946243, 44.464122159226683 ], [ 17.006305811851846, 44.448249387339963 ], [ 17.034083162653612, 44.432376615453236 ], [ 17.051278665530894, 44.427085691491001 ], [ 17.07641055435154, 44.416503843566517 ], [ 17.093606057228822, 44.408567457623157 ], [ 17.114769753077788, 44.391371954745871 ], [ 17.13593344892675, 44.378144644840269 ], [ 17.151806220813473, 44.367562796915784 ], [ 17.172969916662439, 44.359626410972425 ], [ 17.207360922417003, 44.351690025029065 ], [ 17.228524618265968, 44.349044563047947 ], [ 17.244397390152692, 44.347721832057381 ], [ 17.26909430096455, 44.337154603089992 ] ] ] } },
{ "type": "Feature", "properties": { "id": null }, "geometry": { "type": "MultiLineString", "coordinates": [ [ [ 17.186, 44.776 ], [ 17.166356261709637, 44.756445708140504 ], [ 17.161065337747395, 44.745863860216019 ], [ 17.162388068737954, 44.733959281300976 ], [ 17.171647185671876, 44.724700164367057 ], [ 17.1875199575586, 44.707504661489772 ], [ 17.195456343501963, 44.698245544555853 ], [ 17.195456343501963, 44.691631889603052 ], [ 17.17958357161524, 44.681050041678567 ], [ 17.170324454681317, 44.675759117716325 ], [ 17.154451682794594, 44.667822731772965 ], [ 17.157097144775715, 44.646659035924003 ], [ 17.158419875766274, 44.640045380971202 ], [ 17.154451682794594, 44.620204416112799 ], [ 17.138578910907871, 44.605654375216631 ], [ 17.134610717936191, 44.596395258282712 ], [ 17.13593344892675, 44.572586100452625 ], [ 17.149160758832352, 44.556713328565905 ], [ 17.151806220813473, 44.552745135594222 ], [ 17.146515296851234, 44.532904170735819 ], [ 17.147838027841793, 44.519676860830216 ], [ 17.157097144775715, 44.49586770300013 ], [ 17.166356261709637, 44.485285855075652 ], [ 17.18355176458692, 44.469413083188925 ], [ 17.198101805483084, 44.464122159226683 ], [ 17.217942770341487, 44.464122159226683 ], [ 17.23117008024709, 44.458831235264448 ], [ 17.233815542228211, 44.437667539415479 ], [ 17.237783735199891, 44.431053884462678 ], [ 17.260270162039415, 44.415181112575958 ], [ 17.268206547982775, 44.400631071679797 ], [ 17.277465664916697, 44.388726492764754 ], [ 17.294661167793983, 44.372853720878027 ], [ 17.301274822746784, 44.363594603944108 ], [ 17.301274822746784, 44.359626410972425 ], [ 17.28937024383174, 44.350367294038506 ], [ 17.26909430096455, 44.337154603089992 ], [ 17.26909430096455, 44.337154603089992 ] ] ] } },
{ "type": "Feature", "properties": { "id": null }, "geometry": { "type": "MultiLineString", "coordinates": [ [ [ 16.190449919384925, 44.037790359865305 ], [ 16.212138125119477, 44.064921946275611 ], [ 16.222719973043958, 44.082117449152889 ], [ 16.222719973043958, 44.082117449152889 ], [ 16.225365435025079, 44.099312952030175 ], [ 16.251820054836283, 44.138994881746981 ], [ 16.251820054836283, 44.149576729671466 ], [ 16.259756440779647, 44.169417694529869 ], [ 16.265047364741889, 44.181322273444913 ], [ 16.282242867619171, 44.186613197407155 ], [ 16.291501984553094, 44.172063156510987 ], [ 16.296792908515332, 44.202485969293875 ], [ 16.306052025449254, 44.193226852359956 ], [ 16.333829376251021, 44.190581390378831 ], [ 16.344411224175502, 44.186613197407155 ], [ 16.357638534081104, 44.177354080473229 ], [ 16.365574920024468, 44.182645004435471 ], [ 16.365574920024468, 44.195872314341074 ], [ 16.348379417147182, 44.209099624246676 ], [ 16.343088493184943, 44.218358741180595 ], [ 16.33912030021326, 44.224972396133396 ], [ 16.317956604364298, 44.240845168020122 ], [ 16.304729294458696, 44.254072477925725 ], [ 16.302083832477575, 44.263331594859643 ], [ 16.302083832477575, 44.277881635755811 ], [ 16.307374756439817, 44.300368062595332 ], [ 16.311342949411497, 44.308304448538692 ], [ 16.33515210724158, 44.325499951415978 ], [ 16.344411224175502, 44.341372723302705 ], [ 16.357638534081104, 44.350631840236623 ], [ 16.369543112996148, 44.357245495189424 ], [ 16.376156767948949, 44.363859150142225 ], [ 16.37880222993007, 44.370472805095027 ], [ 16.383564061496088, 44.386874669377967 ], [ 16.386209523477206, 44.402747441264687 ], [ 16.394145909420569, 44.417297482160848 ], [ 16.40075956437337, 44.426556599094774 ], [ 16.399436833382811, 44.437138447019251 ], [ 16.394145909420569, 44.450365756924853 ], [ 16.392823178430007, 44.471529452773822 ], [ 16.40075956437337, 44.4821113006983 ], [ 16.40075956437337, 44.487402224660542 ], [ 16.378273137533846, 44.501952265556703 ], [ 16.365045827628244, 44.504597727537828 ], [ 16.34520486276984, 44.513856844471746 ], [ 16.34917305574152, 44.524438692396231 ], [ 16.355786710694321, 44.531052347349032 ], [ 16.363458550439564, 44.547454211631987 ] ] ] } },
{ "type": "Feature", "properties": { "id": null }, "geometry": { "type": "MultiLineString", "coordinates": [ [ [ 16.190449919384925, 44.037790359865305 ], [ 16.203672646779889, 44.021800915983334 ], [ 16.203672646779889, 44.011219068058857 ], [ 16.201027184798772, 43.990055372209888 ], [ 16.20234991578933, 43.982118986266528 ], [ 16.204995377770452, 43.975505331313727 ], [ 16.210286301732694, 43.958309828436441 ], [ 16.20631810876101, 43.94375978754028 ], [ 16.195736260836529, 43.929209746644119 ], [ 16.199704453808209, 43.919950629710193 ], [ 16.203672646779889, 43.915982436738517 ], [ 16.204995377770452, 43.894818740889555 ], [ 16.20631810876101, 43.881591430983946 ], [ 16.18779987489317, 43.868364121078343 ], [ 16.178540757959247, 43.853814080182183 ], [ 16.167958910034763, 43.84852315621994 ], [ 16.140181559233, 43.843232232257705 ], [ 16.124308787346276, 43.835295846314338 ], [ 16.103145091497311, 43.831327653342662 ], [ 16.060817699799383, 43.823391267399295 ], [ 16.055526775837144, 43.814132150465376 ], [ 16.042299465931539, 43.803550302540891 ], [ 16.026426694044819, 43.78900026164473 ], [ 16.011876653148654, 43.779741144710812 ], [ 15.974840185412967, 43.773127489758011 ], [ 15.966903799469605, 43.767836565795768 ], [ 15.960290144516804, 43.763868372824085 ], [ 15.956321951545124, 43.761222910842967 ], [ 15.939126448667841, 43.741381945984564 ], [ 15.929407809514275, 43.715732133526544 ], [ 15.929407809514275, 43.715732133526544 ] ] ] } },
{ "type": "Feature", "properties": { "id": null }, "geometry": { "type": "MultiLineString", "coordinates": [ [ [ 17.732327663269302, 43.134169821110184 ], [ 17.779309802735263, 43.136100244704188 ], [ 17.799150767593666, 43.138745706685306 ], [ 17.805764422546467, 43.140068437675865 ], [ 17.832219042357671, 43.134777513713622 ], [ 17.838832697310472, 43.134777513713622 ], [ 17.865287317121677, 43.12155020380802 ], [ 17.883805550989521, 43.109645624892977 ], [ 17.895710129904565, 43.100386507959058 ], [ 17.927455673678011, 43.093772853006257 ], [ 17.938037521602492, 43.088481929044015 ], [ 17.961047334755442, 43.080717447763675 ], [ 17.983010375281541, 43.054090923289451 ], [ 18.006819533111624, 43.036895420412165 ], [ 18.016078650045547, 43.019699917534886 ], [ 18.03988780787563, 42.998536221685917 ], [ 18.043856000847313, 42.981340718808639 ], [ 18.058406041743474, 42.969436139893595 ], [ 18.066342427686838, 42.962822484940794 ], [ 18.082215199573561, 42.949595175035192 ], [ 18.094119778488601, 42.942981520082391 ] ] ] } },
{ "type": "Feature", "properties": { "id": null }, "geometry": { "type": "MultiLineString", "coordinates": [ [ [ 17.732327663269302, 43.134169821110184 ], [ 17.754177913914617, 43.153295747581467 ], [ 17.763437030848539, 43.159909402534268 ], [ 17.77401887877302, 43.163877595505951 ], [ 17.779309802735263, 43.17313671243987 ], [ 17.780632533725822, 43.182395829373796 ], [ 17.789891650659744, 43.199591332251075 ], [ 17.796505305612545, 43.207527718194441 ], [ 17.812378077499268, 43.215464104137801 ], [ 17.82163719443319, 43.222077759090602 ], [ 17.826928118395433, 43.227368683052845 ], [ 17.832219042357671, 43.235305068996205 ], [ 17.834864504338793, 43.241918723949006 ], [ 17.836187235329351, 43.243241454939565 ], [ 17.836187235329351, 43.243241454939565 ], [ 17.837509966319914, 43.263082419797968 ], [ 17.834864504338793, 43.274986998713011 ], [ 17.832219042357671, 43.300118887533657 ], [ 17.826928118395433, 43.310700735458141 ], [ 17.815023539480389, 43.326573507344861 ], [ 17.811055346508709, 43.331864431307103 ] ] ] } },
{ "type": "Feature", "properties": { "id": null }, "geometry": { "type": "MultiLineString", "coordinates": [ [ [ 17.832219042357671, 43.300118887533657 ], [ 17.863964586131118, 43.289537039609172 ], [ 17.885128281980084, 43.272341536731894 ], [ 17.902813791686793, 43.259785217688169 ] ] ] } },
{ "type": "Feature", "properties": { "id": null }, "geometry": { "type": "MultiLineString", "coordinates": [ [ [ 18.383, 43.85 ], [ 18.332740449185678, 43.842967686059588 ], [ 18.331417718195119, 43.842967686059588 ], [ 18.311576753336716, 43.842967686059588 ], [ 18.294381250459431, 43.842967686059588 ], [ 18.282476671544387, 43.832385838135103 ], [ 18.265281168667105, 43.832385838135103 ], [ 18.237503817865342, 43.838999493087904 ], [ 18.222953776969177, 43.837676762097345 ], [ 18.208403736073016, 43.829740376153985 ], [ 18.192530964186293, 43.811222142286141 ], [ 18.17665819229957, 43.797994832380539 ], [ 18.174012730318449, 43.790058446437179 ], [ 18.142267186545002, 43.786090253465495 ], [ 18.13697626258276, 43.788735715446613 ], [ 18.114489835743235, 43.792703908418297 ], [ 18.088035215932031, 43.792703908418297 ], [ 18.078776098998109, 43.783444791484378 ], [ 18.070839713054749, 43.775508405541011 ], [ 18.054966941168026, 43.762281095635409 ], [ 18.053644210177467, 43.755667440682608 ], [ 18.043062362252982, 43.749053785729807 ], [ 18.02983505234738, 43.747731054739248 ], [ 18.027189590366259, 43.742440130777005 ], [ 18.020575935413458, 43.741117399786447 ], [ 17.996766777583375, 43.705403663041317 ], [ 17.988830391640015, 43.697467277097957 ], [ 17.97428035074385, 43.664399002333951 ], [ 17.965021233809928, 43.65778534738115 ], [ 17.941212075979845, 43.65778534738115 ], [ 17.890948298338554, 43.684239967192354 ], [ 17.867139140508471, 43.681594505211237 ], [ 17.840684520697266, 43.681594505211237 ], [ 17.814229900886058, 43.681594505211237 ], [ 17.787775281074854, 43.676303581248995 ], [ 17.782484357112615, 43.668367195305635 ], [ 17.777193433150373, 43.659108078371709 ], [ 17.76132066126365, 43.630007996579387 ], [ 17.750738813339169, 43.615457955683226 ], [ 17.741479696405246, 43.603553376768183 ], [ 17.728252386499644, 43.592971528843698 ], [ 17.725606924518523, 43.579744218938096 ], [ 17.722961462537402, 43.54667594417409 ], [ 17.725606924518523, 43.537416827240165 ], [ 17.734866041452445, 43.526834979315687 ], [ 17.777193433150373, 43.499057628513917 ], [ 17.782484357112615, 43.493766704551682 ], [ 17.794388936027655, 43.48847578058944 ], [ 17.818198093857742, 43.479216663655514 ], [ 17.839361789706704, 43.472603008702713 ], [ 17.845975444659505, 43.460698429787676 ], [ 17.853911830602868, 43.43688927195759 ], [ 17.860525485555669, 43.42895288601423 ], [ 17.867139140508471, 43.414402845118062 ], [ 17.872430064470709, 43.403820997193584 ], [ 17.87110733348015, 43.398530073231342 ], [ 17.856557292583989, 43.394561880259666 ], [ 17.840684520697266, 43.382657301344622 ], [ 17.819520824848301, 43.365461798467344 ], [ 17.814229900886058, 43.354879950542859 ], [ 17.811055346508709, 43.331864431307103 ], [ 17.811055346508709, 43.331864431307103 ] ] ] } },
{ "type": "Feature", "properties": { "id": null }, "geometry": { "type": "MultiLineString", "coordinates": [ [ [ 16.550840441074271, 45.209840991116614 ], [ 16.576682786117892, 45.194534212214059 ], [ 16.580650979089572, 45.194534212214059 ], [ 16.597846481966858, 45.191888750232941 ], [ 16.605782867910218, 45.18527509528014 ], [ 16.616364715834699, 45.17733870933678 ], [ 16.6229783707875, 45.174693247355656 ], [ 16.66662849347599, 45.169402323393413 ], [ 16.673242148428791, 45.169402323393413 ], [ 16.677210341400471, 45.168079592402854 ], [ 16.701019499230558, 45.156175013487811 ], [ 16.727474119041762, 45.165434130421737 ], [ 16.743346890928485, 45.166756861412296 ], [ 16.786997013616972, 45.166756861412296 ], [ 16.786997013616972, 45.166756861412296 ], [ 16.812880649330573, 45.176972352020599 ] ] ] } },
{ "type": "Feature", "properties": { "id": null }, "geometry": { "type": "MultiLineString", "coordinates": [ [ [ 16.812880649330573, 45.176972352020599 ], [ 16.859747218097787, 45.17733870933678 ], [ 16.882233644937312, 45.198502405185742 ], [ 16.888847299890113, 45.199825136176301 ], [ 16.902074609795715, 45.203793329147985 ], [ 16.903397340786274, 45.203793329147985 ], [ 16.910010995739075, 45.203793329147985 ], [ 16.944402001493643, 45.20114786716686 ], [ 16.964242966352046, 45.194534212214059 ], [ 16.98672939319157, 45.190566019242382 ], [ 17.013184013002775, 45.186597826270699 ], [ 17.035670439842299, 45.181306902308457 ], [ 17.055511404700702, 45.170725054383979 ], [ 17.088579679464711, 45.156175013487811 ], [ 17.100484258379751, 45.153529551506693 ], [ 17.126938878190956, 45.146915896553892 ], [ 17.175879924841688, 45.131043124667166 ], [ 17.175879924841688, 45.131043124667166 ], [ 17.175879924841688, 45.131043124667166 ], [ 17.208948199605693, 45.129720393676607 ], [ 17.218207316539615, 45.135011317638849 ], [ 17.243890728489866, 45.152239994372913 ] ] ] } },
{ "type": "Feature", "properties": { "id": null }, "geometry": { "type": "MultiLineString", "coordinates": [ [ [ 17.243890728489866, 45.152239994372913 ], [ 17.261857439228102, 45.126545839299261 ], [ 17.277730211114825, 45.121254915337026 ], [ 17.283021135077067, 45.114641260384225 ], [ 17.306830292907151, 45.094800295525815 ], [ 17.312121216869393, 45.06834567571461 ], [ 17.310798485878831, 45.053795634818449 ], [ 17.314766678850511, 45.026018284016686 ], [ 17.314766678850511, 45.008822781139401 ], [ 17.317412140831632, 44.990304547271556 ], [ 17.320057602812753, 44.970463582413153 ], [ 17.320057602812753, 44.955913541516992 ], [ 17.313443947859952, 44.932104383686905 ], [ 17.310798485878831, 44.926813459724663 ], [ 17.29624844498267, 44.904327032885142 ], [ 17.288312059039306, 44.893745184960657 ], [ 17.277730211114825, 44.876549682083379 ], [ 17.25656651526586, 44.856708717224976 ], [ 17.251275591303621, 44.856708717224976 ], [ 17.231434626445218, 44.846126869300491 ], [ 17.214239123567932, 44.83157682840433 ], [ 17.198366351681209, 44.813058594536486 ], [ 17.186, 44.776 ], [ 17.186, 44.776 ] ] ] } },
{ "type": "Feature", "properties": { "id": null }, "geometry": { "type": "MultiLineString", "coordinates": [ [ [ 16.725093203258751, 44.982632707526314 ], [ 16.735675051183232, 44.995860017431916 ], [ 16.731706858211552, 45.011732789318643 ], [ 16.72244774127763, 45.024960099224245 ], [ 16.717156817315388, 45.035541947148722 ], [ 16.697315852456985, 45.05802837398825 ], [ 16.684088542551383, 45.077869338846654 ], [ 16.681443080570261, 45.089773917761697 ], [ 16.685411273541941, 45.100355765686174 ], [ 16.695993121466426, 45.105646689648417 ], [ 16.72244774127763, 45.11755126856346 ], [ 16.754193285051077, 45.129455847478503 ], [ 16.775356980900039, 45.133424040450187 ], [ 16.797843407739563, 45.146651350355789 ], [ 16.805779793682927, 45.151942274318024 ], [ 16.812880649330573, 45.176972352020599 ] ] ] } },
{ "type": "Feature", "properties": { "id": null }, "geometry": { "type": "MultiLineString", "coordinates": [ [ [ 16.725093203258751, 44.982632707526314 ], [ 16.766097863966117, 44.974696321582954 ], [ 16.779325173871722, 44.978664514554637 ], [ 16.787261559815082, 44.978664514554637 ], [ 16.82958895151301, 44.977341783564071 ], [ 16.838848068446932, 44.972050859601836 ], [ 16.865302688258136, 44.949564432762308 ], [ 16.891757308069341, 44.935014391866147 ], [ 16.906307348965505, 44.923109812951104 ], [ 16.920857389861666, 44.91914161997942 ], [ 16.953925664625675, 44.913850696017185 ], [ 16.979057553446317, 44.907237041064384 ], [ 17.001543980285842, 44.901946117102142 ], [ 17.002866711276404, 44.901946117102142 ], [ 17.006834904248084, 44.903268848092701 ], [ 17.024030407125366, 44.905914310073818 ], [ 17.054453219908254, 44.909882503045502 ], [ 17.067680529813856, 44.909882503045502 ], [ 17.074294184766657, 44.909882503045502 ], [ 17.099426073587303, 44.900623386111583 ], [ 17.136462541322988, 44.879459690262614 ], [ 17.15365804420027, 44.866232380357012 ], [ 17.176144471039795, 44.84506868450805 ], [ 17.188049049954838, 44.829195912621323 ], [ 17.198366351681209, 44.813058594536486 ] ] ] } },
{ "type": "Feature", "properties": { "id": null }, "geometry": { "type": "MultiLineString", "coordinates": [ [ [ 16.175630749780005, 44.962791742667903 ], [ 16.190709883072412, 44.972447678898995 ], [ 16.198646269015772, 44.982368161328196 ], [ 16.210550847930815, 44.985013623309314 ], [ 16.240973660713699, 44.985013623309314 ], [ 16.260814625572106, 44.985674988804597 ], [ 16.278671493944668, 44.986997719795156 ], [ 16.299835189793633, 44.98633635429988 ], [ 16.317030692670915, 44.98633635429988 ], [ 16.341501215996281, 44.990304547271556 ], [ 16.362664911845243, 44.994934105738515 ], [ 16.377214952741408, 45.007500050148842 ], [ 16.381183145713088, 45.014113705101643 ], [ 16.387796800665889, 45.022711456540286 ], [ 16.39441045561869, 45.028002380502521 ], [ 16.404992303543171, 45.034616035455329 ], [ 16.414251420477093, 45.038584228427005 ], [ 16.425494633896857, 45.051150172837332 ], [ 16.426817364887416, 45.062393386257092 ], [ 16.428140095877975, 45.069668406705169 ], [ 16.429462826868537, 45.077604792648536 ], [ 16.444674233259981, 45.088186640573014 ], [ 16.451949253708062, 45.090170737058855 ], [ 16.475097046042865, 45.096123026516381 ], [ 16.488324355948468, 45.101413950478616 ], [ 16.49758347288239, 45.125884473803985 ], [ 16.494276645405989, 45.145064073167106 ], [ 16.496260741891831, 45.15233909361519 ], [ 16.49758347288239, 45.159614114063267 ], [ 16.513456244769113, 45.191359657836713 ], [ 16.513456244769113, 45.191359657836713 ], [ 16.526683554674715, 45.198634678284797 ], [ 16.550840441074271, 45.209840991116614 ] ] ] } },
{ "type": "Feature", "properties": { "id": null }, "geometry": { "type": "MultiLineString", "coordinates": [ [ [ 18.094119778488601, 42.942981520082391 ], [ 18.061712869219889, 42.917188265766498 ], [ 18.022030939503082, 42.911235976308973 ], [ 18.024015035988921, 42.895363204422253 ], [ 18.018062746531399, 42.871554046592166 ], [ 18.025999132474762, 42.857665371191288 ], [ 18.047824193819007, 42.835840309847043 ], [ 18.085522027049972, 42.83187211687536 ], [ 18.101394798936695, 42.827903923903683 ], [ 18.1311562462243, 42.817983441474482 ], [ 18.186710947827834, 42.786237897701035 ], [ 18.208536009172075, 42.756476450413423 ], [ 18.240281552945522, 42.732667292583344 ], [ 18.293852158063213, 42.714810424210782 ], [ 18.341470473723383, 42.702905845295739 ], [ 18.343454570209222, 42.700921748809897 ], [ 18.416866140185316, 42.71282632772494 ], [ 18.474404938274688, 42.708858134753257 ], [ 18.514086867991495, 42.71282632772494 ], [ 18.551784701222463, 42.716794520696617 ], [ 18.571625666080866, 42.7207627136683 ], [ 18.581546148510068, 42.726715003125818 ], [ 18.593450727425111, 42.726715003125818 ], [ 18.652973622000321, 42.750524160955905 ], [ 18.714480613061372, 42.756476450413423 ], [ 18.772019411150744, 42.756476450413423 ], [ 18.801780858438349, 42.756476450413423 ], [ 18.835510498697637, 42.768381029328467 ], [ 18.879160621386124, 42.784253801215193 ], [ 18.904953875702049, 42.78822199418687 ], [ 18.944635805418855, 42.770365125814308 ], [ 18.964476770277262, 42.746555967984222 ], [ 18.984317735135665, 42.706874038267415 ], [ 19.000190507022388, 42.698937652324055 ], [ 19.016063278909112, 42.66917620503645 ], [ 19.06169749808344, 42.621557889376284 ], [ 19.067649787540962, 42.605685117489557 ], [ 19.081538462941843, 42.562034994801067 ], [ 19.107331717257768, 42.524337161570102 ], [ 19.156934129403776, 42.490607521310814 ], [ 19.204552445063946, 42.470766556452411 ], [ 19.224393409922349, 42.454893784565691 ], [ 19.254154857209954, 42.431084626735604 ], [ 19.246218471266594, 42.423148240792244 ], [ 19.196616059120586, 42.409259565391359 ], [ 19.152965936432096, 42.399339082962157 ], [ 19.10931581374361, 42.379498118103754 ], [ 19.063681594569278, 42.377514021617912 ], [ 19.022015568366633, 42.381482214589596 ], [ 18.974397252706463, 42.383466311075438 ], [ 18.938683515961337, 42.383466311075438 ], [ 18.928763033532135, 42.387434504047114 ], [ 18.926778937046294, 42.387434504047114 ], [ 18.912890261645412, 42.409259565391359 ], [ 18.893049296787009, 42.423148240792244 ], [ 18.881144717871965, 42.431084626735604 ], [ 18.767720270434747, 42.421402732420525 ], [ 18.749797530509333, 42.496361401119749 ], [ 18.675393912290318, 42.527114896650275 ], [ 18.677378008776159, 42.59259008068301 ], [ 18.68630644296244, 42.617391286756018 ], [ 18.666465478104037, 42.660049361201587 ], [ 18.644640416759792, 42.677906229574148 ], [ 18.610910776500504, 42.70369948389007 ], [ 18.596030052856701, 42.727508641720156 ] ] ] } },
{ "type": "Feature", "properties": { "id": null }, "geometry": { "type": "MultiLineString", "coordinates": [ [ [ 19.254154857209954, 42.431084626735604 ], [ 19.296217702709775, 42.408465926797014 ], [ 19.308122281624819, 42.398545444367812 ], [ 19.331931439454902, 42.366799900594366 ], [ 19.341851921884103, 42.352911225193488 ], [ 19.355740597284985, 42.335054356820926 ], [ 19.387486141058432, 42.317197488448357 ], [ 19.417247588346036, 42.319181584934199 ], [ 19.427168070775238, 42.321165681420041 ], [ 19.437088553204443, 42.299340620075796 ], [ 19.431136263746922, 42.277515558731551 ], [ 19.423199877803558, 42.255690497387306 ], [ 19.464865904006206, 42.206088085241298 ], [ 19.474786386435408, 42.180294830925376 ], [ 19.500579640751333, 42.142596997694405 ], [ 19.510500123180535, 42.12077193635016 ], [ 19.522404702095578, 42.094978682034238 ], [ 19.513, 42.068 ] ] ] } },
{ "type": "Feature", "properties": { "id": null }, "geometry": { "type": "MultiLineString", "coordinates": [ [ [ 19.688936533807091, 41.375942115565607 ], [ 19.6974020121467, 41.400148092692959 ], [ 19.70137020511838, 41.416020864579686 ], [ 19.70533839809006, 41.433877732952247 ], [ 19.703354301604222, 41.459670987268169 ], [ 19.70137020511838, 41.471575566183212 ], [ 19.695417915660858, 41.487448338069939 ], [ 19.683513336745818, 41.51324159238586 ], [ 19.681529240259977, 41.537050750215947 ], [ 19.683513336745818, 41.55689171507435 ], [ 19.69343381917502, 41.584669065876113 ], [ 19.703354301604222, 41.6084782237062 ], [ 19.703354301604222, 41.654112442880525 ], [ 19.70137020511838, 41.669985214767252 ], [ 19.685497433231657, 41.72752401285662 ], [ 19.685497433231657, 41.72752401285662 ], [ 19.683513336745818, 41.741412688257505 ], [ 19.679545143774135, 41.759269556630066 ], [ 19.679545143774135, 41.789031003917671 ], [ 19.675576950802455, 41.816808354719441 ], [ 19.675576950802455, 41.828712933634478 ], [ 19.659704178915732, 41.868394863351291 ], [ 19.643831407029008, 41.888235828209694 ], [ 19.635895021085648, 41.900140407124738 ], [ 19.618038152713083, 41.917997275497299 ], [ 19.600181284340522, 41.933870047384019 ], [ 19.59819718785468, 41.939822336841544 ], [ 19.582324415967957, 41.961647398185789 ], [ 19.528753810850269, 42.011249810331798 ], [ 19.513, 42.068 ] ] ] } },
{ "type": "Feature", "properties": { "id": null }, "geometry": { "type": "MultiLineString", "coordinates": [ [ [ 20.74, 42.215 ], [ 20.663657000750966, 42.196961241406441 ], [ 20.655720614807603, 42.191008951948923 ], [ 20.635879649949199, 42.17910437303388 ], [ 20.592229527260713, 42.165215697633002 ], [ 20.560483983487266, 42.149342925746275 ], [ 20.510881571341255, 42.129501960887872 ], [ 20.48112012405365, 42.101724610086109 ], [ 20.451358676766045, 42.073947259284338 ], [ 20.441438194336843, 42.069979066312662 ], [ 20.42556542245012, 42.069979066312662 ], [ 20.342233370044823, 42.062042680369302 ], [ 20.302551440328017, 42.06799496982682 ], [ 20.282710475469614, 42.071963162798504 ], [ 20.260885414125369, 42.077915452256022 ], [ 20.231123966837764, 42.091804127656907 ], [ 20.17556926523423, 42.093788224142742 ], [ 20.151760107404147, 42.08386774171354 ], [ 20.139855528489104, 42.077915452256022 ], [ 20.094221309314776, 42.085851838199382 ], [ 20.052555283112127, 42.079899548741864 ], [ 20.024777932310364, 42.06799496982682 ], [ 20.008905160423641, 42.056090390911777 ], [ 19.959302748277629, 42.050138101454259 ], [ 19.925573108018344, 42.052122197940101 ], [ 19.870018406414815, 42.048154004968417 ], [ 19.854145634528091, 42.036249426053374 ], [ 19.84422515209889, 42.02434484713833 ], [ 19.798590932924562, 42.010456171737452 ], [ 19.750972617264392, 42.002519785794085 ], [ 19.731131652405988, 42.002519785794085 ], [ 19.711290687547585, 42.010456171737452 ], [ 19.683513336745818, 42.012440268223287 ], [ 19.58629260893964, 42.036249426053374 ], [ 19.513, 42.068 ] ] ] } },
{ "type": "Feature", "properties": { "id": null }, "geometry": { "type": "MultiLineString", "coordinates": [ [ [ 19.500579640751301, 43.596542902518173 ], [ 19.495288716789062, 43.600841778237495 ], [ 19.496214628482488, 43.649319869041562 ], [ 19.512087400369211, 43.661224447956606 ], [ 19.523991979284254, 43.673129026871649 ], [ 19.555737523057701, 43.696938184701729 ], [ 19.579546680887784, 43.700906377673412 ], [ 19.599387645746187, 43.720747342531816 ], [ 19.599387645746187, 43.740588307390219 ], [ 19.619228610604591, 43.760429272248622 ], [ 19.658910540321397, 43.780270237107025 ], [ 19.686687891123164, 43.784238430078709 ], [ 19.72636982083997, 43.792174816022069 ], [ 19.750178978670057, 43.800111201965429 ], [ 19.754147171641737, 43.812015780880472 ], [ 19.818035078485799, 43.829079010658695 ], [ 19.826740292615046, 43.854193991474894 ], [ 19.863669297660127, 43.85090407200294 ], [ 19.905335323862776, 43.835031300116214 ], [ 19.931128578178701, 43.819158528229494 ], [ 19.966842314923827, 43.81519033525781 ], [ 19.998587858697274, 43.81519033525781 ], [ 20.026365209499037, 43.817174431743652 ], [ 20.040253884899922, 43.821142624715336 ], [ 20.052158463814962, 43.829079010658695 ], [ 20.016841546366997, 43.866380024592502 ], [ 20.004936967451954, 43.89217327890843 ], [ 20.002952870966116, 43.904077857823474 ], [ 19.993032388536911, 43.931855208625237 ], [ 19.983111906107709, 43.947727980511957 ], [ 19.963270941249306, 43.965584848884525 ], [ 19.933509493961701, 43.985425813742928 ], [ 19.917636722074977, 44.007250875087173 ], [ 19.911684432617456, 44.050900997775656 ], [ 19.919620818560819, 44.082646541549103 ], [ 19.917636722074977, 44.11439208532255 ], [ 19.909700336131618, 44.138201243152636 ], [ 19.885891178301531, 44.169946786926083 ], [ 19.870018406414808, 44.19375594475617 ], [ 19.872002502900649, 44.233437874472976 ], [ 19.885193854170009, 44.269862302668031 ], [ 19.939461783419222, 44.288992576076502 ], [ 19.971207327192669, 44.290976672562344 ], [ 19.998984677994432, 44.292960769048186 ], [ 20.038666607711242, 44.312801733906589 ], [ 20.04461889716876, 44.322722216335791 ], [ 20.068428054998847, 44.342563181194194 ], [ 20.09223721282893, 44.360420049566756 ], [ 20.112078177687334, 44.368356435510123 ], [ 20.161680589833345, 44.368356435510123 ], [ 20.161680589833345, 44.368356435510123 ], [ 20.21177902610081, 44.370042917523079 ], [ 20.231123966837757, 44.380459424073742 ], [ 20.247492762845937, 44.390875930624404 ], [ 20.25493312466784, 44.396828220081922 ], [ 20.263861558854121, 44.411708943725728 ], [ 20.268325775947261, 44.428077739733908 ], [ 20.268325775947261, 44.439982318648951 ], [ 20.274278065404783, 44.4742079830297 ], [ 20.277254210133545, 44.487600634309125 ], [ 20.286182644319826, 44.495040996131024 ], [ 20.293623006141726, 44.503969430317305 ], [ 20.299575295599247, 44.52629051578301 ], [ 20.298087223234869, 44.553075818341853 ], [ 20.298087223234869, 44.559028107799378 ], [ 20.329336742886852, 44.587301482722602 ], [ 20.332312887615615, 44.588789555086983 ], [ 20.344217466530658, 44.600694134002026 ], [ 20.36207433490322, 44.618551002374588 ], [ 20.372490841453882, 44.627479436560868 ], [ 20.400764216377109, 44.639384015475912 ], [ 20.420109157114052, 44.648312449662193 ], [ 20.427549518935951, 44.655752811484092 ], [ 20.427549518935951, 44.672121607492279 ], [ 20.426061446571573, 44.700394982415503 ], [ 20.412668795292149, 44.731644502067489 ], [ 20.417133012385289, 44.737596791525007 ], [ 20.420109157114052, 44.761405949355094 ], [ 20.433501808393473, 44.773310528270137 ], [ 20.449870604401656, 44.785215107185181 ], [ 20.460287110952319, 44.794143541371461 ], [ 20.478143979324884, 44.807536192650886 ], [ 20.5, 44.833 ] ] ] } },
{ "type": "Feature", "properties": { "id": null }, "geometry": { "type": "MultiLineString", "coordinates": [ [ [ 22.275372597057505, 43.946046170696434 ], [ 22.286449516519802, 43.92481166610051 ], [ 22.287937588884184, 43.921835521371747 ], [ 22.292401805977324, 43.908442870092323 ], [ 22.308770601985504, 43.896538291177279 ], [ 22.329603615086828, 43.884633712262236 ], [ 22.362341207103196, 43.8727291333472 ], [ 22.393590726755182, 43.865288771525293 ], [ 22.411447595127747, 43.857848409703394 ], [ 22.441209042415352, 43.862312626796538 ], [ 22.476922779160478, 43.874217205711574 ], [ 22.4903154304399, 43.887609856990998 ], [ 22.518588805363127, 43.899514435906042 ], [ 22.54686218028635, 43.902490580634804 ], [ 22.563230976294534, 43.90546672536356 ], [ 22.575135555209577, 43.909930942456704 ], [ 22.616801581412226, 43.920347449007366 ], [ 22.658467607614874, 43.926299738464884 ], [ 22.700133633817519, 43.930763955558028 ], [ 22.734359298198267, 43.945644679201827 ], [ 22.755192311299592, 43.95754925811687 ], [ 22.784953758587196, 43.964989619938777 ], [ 22.813227133510424, 43.972429981760676 ], [ 22.867, 43.983 ] ] ] } },
{ "type": "Feature", "properties": { "id": null }, "geometry": { "type": "MultiLineString", "coordinates": [ [ [ 15.547205548110144, 45.486264897374724 ], [ 15.573159851854586, 45.466008213889161 ], [ 15.585064430769627, 45.451127490245362 ], [ 15.590272684044958, 45.436246766601556 ], [ 15.602921299142192, 45.424342187686513 ], [ 15.605897443870951, 45.422110079139948 ], [ 15.612593769510664, 45.396068812763289 ], [ 15.611775329710254, 45.381113685501269 ], [ 15.627400089536247, 45.374045341770461 ], [ 15.64376888554443, 45.376649468408125 ], [ 15.660509699643708, 45.366232961857463 ], [ 15.673902350923131, 45.354700401033519 ], [ 15.691015183113505, 45.335727478387668 ], [ 15.692131237386789, 45.329403170839058 ], [ 15.67866418248915, 45.305445205772543 ], [ 15.677920146306962, 45.287588337399974 ], [ 15.674944001578201, 45.275683758484938 ], [ 15.684616471946672, 45.262291107205513 ], [ 15.692800869950764, 45.257826890112369 ], [ 15.712145810687707, 45.25038652829047 ], [ 15.731490751424651, 45.24220213028638 ], [ 15.737443040882173, 45.235505804646664 ], [ 15.731490751424651, 45.226577370460383 ], [ 15.731490751424651, 45.220625081002865 ], [ 15.737443040882173, 45.217648936274102 ], [ 15.747115511250644, 45.218392972456293 ], [ 15.782829247995771, 45.20723242972344 ], [ 15.803809249507836, 45.18548747992223 ] ] ] } },
{ "type": "Feature", "properties": { "id": null }, "geometry": { "type": "MultiLineString", "coordinates": [ [ [ 16.375115602087121, 45.486554527043289 ], [ 16.369427374034483, 45.434312272527876 ], [ 16.385052133860476, 45.41943154888407 ], [ 16.416301653512463, 45.409759078515599 ], [ 16.463919969172633, 45.403806789058081 ], [ 16.50037774209995, 45.376277450317048 ], [ 16.542043768302598, 45.355444437215723 ], [ 16.566596962314872, 45.339075641207536 ], [ 16.56064467285735, 45.318242628106212 ], [ 16.536091478845076, 45.284016963725463 ], [ 16.521954791383465, 45.268392203899474 ], [ 16.517490574290324, 45.241606901340631 ], [ 16.518978646654702, 45.230446358607779 ], [ 16.550840441074271, 45.209840991116614 ] ] ] } },
{ "type": "Feature", "properties": { "id": null }, "geometry": { "type": "MultiLineString", "coordinates": [ [ [ 16.0, 45.8 ], [ 15.974641775764393, 45.760795349272918 ], [ 16.005891295416379, 45.717641250705888 ], [ 16.065414189991593, 45.696064201422374 ], [ 16.083271058364154, 45.652910102855344 ], [ 16.104848107647669, 45.626124800296502 ], [ 16.130889374024324, 45.604547751012987 ], [ 16.150234314761267, 45.591899135915753 ], [ 16.194132449510487, 45.585946846458235 ], [ 16.21794160734057, 45.566601905721292 ], [ 16.234310403348754, 45.543536784073396 ], [ 16.252911307903506, 45.527912024247399 ], [ 16.287136972284255, 45.509311119692647 ], [ 16.315410347207479, 45.501126721688557 ], [ 16.342195649766325, 45.496662504595413 ], [ 16.375115602087121, 45.486554527043289 ] ] ] } },
{ "type": "Feature", "properties": { "id": null }, "geometry": { "type": "MultiLineString", "coordinates": [ [ [ 13.651128311460289, 45.085186478376137 ], [ 13.765151929132536, 45.094436544503438 ], [ 13.808306027699564, 45.109317268147237 ], [ 13.79193723169138, 45.122709919426661 ], [ 13.763663856768154, 45.140566787799223 ], [ 13.735390481844929, 45.186697031095015 ], [ 13.741342771302451, 45.225386912568901 ], [ 13.723485902929887, 45.273005228229074 ], [ 13.68628409382038, 45.331040050439903 ], [ 13.649082284710872, 45.357825352998745 ], [ 13.634201561067069, 45.381634510828832 ], [ 13.626761199245168, 45.445621622497185 ], [ 13.626761199245168, 45.493239938157352 ], [ 13.669915297812196, 45.502168372343633 ], [ 13.783008797505099, 45.497704155250496 ], [ 13.809794100063943, 45.530441747266863 ], [ 13.829139040800888, 45.607821510214634 ], [ 13.780148650646861, 45.649120661973939 ] ] ] } },
{ "type": "Feature", "properties": { "id": null }, "geometry": { "type": "MultiLineString", "coordinates": [ [ [ 15.272559211509373, 44.122046682079628 ], [ 15.321080393328565, 44.098320903787261 ], [ 15.361258347166832, 44.086416324872218 ], [ 15.423757386470804, 44.117665844524204 ], [ 15.468399557402213, 44.090880541965362 ], [ 15.536850886163705, 44.061119094677757 ], [ 15.577028840001974, 44.031357647390152 ], [ 15.618694866204622, 43.997131983009403 ], [ 15.672265471322312, 43.965882463357417 ], [ 15.724348004075622, 43.940585233162949 ], [ 15.773454392100172, 43.912311858239725 ], [ 15.818096563031581, 43.884038483316502 ], [ 15.898452470708117, 43.834932095291954 ], [ 15.965415727105229, 43.815587154555011 ], [ 15.974840185412967, 43.773127489758011 ] ] ] } },
{ "type": "Feature", "properties": { "id": null }, "geometry": { "type": "MultiLineString", "coordinates": [ [ [ 16.474931704669032, 43.509341861965545 ], [ 16.510645441414162, 43.528686802702488 ], [ 16.501717007227878, 43.549519815803812 ], [ 16.450378510656758, 43.565888611811999 ], [ 16.419128991004772, 43.556960177625712 ], [ 16.358118024065181, 43.562168430901046 ], [ 16.327612540595386, 43.548775779621621 ], [ 16.288178622939306, 43.532406983613441 ], [ 16.225828390871779, 43.525859465210154 ], [ 16.178210075211609, 43.517675067206063 ], [ 16.123300204965975, 43.523850567518238 ], [ 16.086842432038658, 43.519014332334002 ], [ 16.04889658674696, 43.523850567518238 ], [ 16.027319537463448, 43.532406983613427 ], [ 15.997409282939405, 43.541558628654371 ], [ 15.971740034653845, 43.556811370389276 ], [ 15.96615976328742, 43.576156311126219 ], [ 15.981040486931223, 43.59326914331659 ], [ 15.985504704024363, 43.613730138326822 ], [ 15.982528559295602, 43.634935169519238 ], [ 15.981784523113411, 43.66172047207808 ], [ 15.980296450749032, 43.684041557543786 ], [ 15.96987994419837, 43.693342009821166 ], [ 15.929407809514275, 43.715732133526544 ] ] ] } },
{ "type": "Feature", "properties": { "id": null }, "geometry": { "type": "MultiLineString", "coordinates": [ [ [ 25.004609846212794, 52.53089805699517 ], [ 25.12926296143193, 52.563071741328095 ], [ 25.23640417166731, 52.643427649004636 ], [ 25.423901289579227, 52.701462471215464 ], [ 25.49532876306948, 52.741640425053731 ], [ 25.539970934000891, 52.772889944705717 ], [ 25.64264792714313, 52.857710069475395 ], [ 25.709611183540243, 52.924673325872504 ], [ 25.785502874123637, 52.98270814808334 ], [ 25.861394564707034, 53.027350319014751 ], [ 25.914965169824725, 53.063064055759874 ], [ 26.007377877854275, 53.117037072007342 ] ] ] } },
{ "type": "Feature", "properties": { "id": null }, "geometry": { "type": "MultiLineString", "coordinates": [ [ [ 25.004609846212794, 52.53089805699517 ], [ 24.789982462353226, 52.518429570396691 ], [ 24.691769686304127, 52.509501136210403 ], [ 24.575700041882463, 52.491644267837842 ], [ 24.379274489784265, 52.447002096906438 ], [ 24.321239667573433, 52.402359925975027 ], [ 24.307847016294012, 52.397895708881883 ], [ 24.231955325710615, 52.330932452484774 ], [ 24.093564595823249, 52.255040761901377 ], [ 24.017672905239856, 52.223791242249391 ], [ 23.919460129190757, 52.201470156783685 ], [ 23.825711570234798, 52.165756420038562 ], [ 23.658287502437535, 52.085007593535217 ] ] ] } },
{ "type": "Feature", "properties": { "id": null }, "geometry": { "type": "MultiLineString", "coordinates": [ [ [ 8.631622917910754, 45.462843490510608 ], [ 8.635747616768562, 45.499109402506164 ], [ 8.640709194152715, 45.525157683772967 ], [ 8.634507222422522, 45.553686753731853 ], [ 8.634507222422522, 45.57725424630658 ], [ 8.639468799806677, 45.589658189766965 ], [ 8.62954564503837, 45.616946865379809 ], [ 8.6208628846161, 45.631831597532269 ], [ 8.617141701577985, 45.659120273145113 ], [ 8.61342051853987, 45.676485793989649 ], [ 8.596054997695333, 45.697572497872301 ], [ 8.577449082504758, 45.719899596100994 ], [ 8.558595088444795, 45.757175743226064 ], [ 8.540237252123607, 45.780678919056868 ], [ 8.533291043785793, 45.79804443990141 ], [ 8.548175775938253, 45.830294692898413 ], [ 8.560579719398637, 45.865025734587483 ], [ 8.538252621169946, 45.886112438470136 ], [ 8.509723551211064, 45.907199142352788 ], [ 8.487396452982374, 45.929526240581481 ], [ 8.476232903868029, 45.936968606657707 ], [ 8.44522304521707, 45.939449395349783 ], [ 8.430338313064608, 45.944410972733941 ], [ 8.416693975258186, 45.964257282270552 ], [ 8.400568848759688, 45.985343986153204 ], [ 8.372039778800806, 45.986584380499245 ], [ 8.324904793651347, 45.996507535267547 ], [ 8.287692963270196, 46.006430690035856 ], [ 8.275289019809813, 46.01883463349624 ], [ 8.27776980850189, 46.026276999572474 ], [ 8.265365865041506, 46.039921337378892 ], [ 8.265365865041506, 46.04860409780116 ], [ 8.279010202847928, 46.065969618645696 ], [ 8.288933357616235, 46.087056322528348 ], [ 8.290173751962273, 46.098219871642698 ], [ 8.296623802561472, 46.118427580025887 ], [ 8.311508534714134, 46.148331803222646 ], [ 8.292902619523559, 46.171899295797374 ], [ 8.279258281717137, 46.181822450565683 ], [ 8.260652366526561, 46.20042836575626 ], [ 8.232123296567678, 46.211591914870603 ], [ 8.208555803992951, 46.214072703562678 ], [ 8.203594226608796, 46.214072703562678 ], [ 8.185484469156636, 46.200180286887047 ], [ 8.147652441602466, 46.198319695367992 ], [ 8.112301202740372, 46.198939892541006 ], [ 8.092454893203758, 46.190257132118738 ], [ 8.074469175186202, 46.18157437169647 ], [ 8.058344048687703, 46.191497526464779 ], [ 8.044079513708262, 46.205141864271198 ], [ 8.040978527843166, 46.210103441655356 ], [ 8.031055373074858, 46.220026596423658 ], [ 8.017411035268438, 46.22622856815385 ], [ 8.013069655057302, 46.229329554018946 ], [ 8.018031232441457, 46.234291131403104 ], [ 8.025473598517687, 46.244834483344427 ], [ 8.034776556112973, 46.249796060728585 ], [ 8.047180499573358, 46.251036455074619 ], [ 8.049041091092416, 46.25227684942066 ], [ 8.040978527843166, 46.260339412669907 ], [ 8.03849773915109, 46.26716158157312 ], [ 8.037877541978069, 46.275844341995388 ], [ 8.042218922189205, 46.279565525033505 ], [ 8.051521879784492, 46.28638769393671 ], [ 8.061445034552799, 46.289488679801806 ], [ 8.061445034552799, 46.293830060012944 ], [ 8.058344048687703, 46.294450257185964 ], [ 8.045319908054299, 46.298791637397095 ], [ 8.03849773915109, 46.298791637397095 ], [ 8.023861085867837, 46.295752671249289 ], [ 8.0226206915218, 46.300404150046937 ], [ 8.025101480213875, 46.308466713296184 ], [ 8.03006305759803, 46.314668685026376 ], [ 8.032543846290107, 46.319940360997037 ], [ 8.031303451944067, 46.32676252990025 ], [ 8.027582268905952, 46.330483712938367 ], [ 8.020139902829722, 46.32645243131374 ], [ 8.015488424032078, 46.322111051102603 ], [ 8.007115762196319, 46.320560558170058 ], [ 7.997812804601032, 46.317149473718452 ], [ 7.983548269621591, 46.312187896334301 ], [ 7.962771664325448, 46.309086910469205 ], [ 7.948507129346007, 46.305985924604109 ], [ 7.935048850691491, 46.302388781000609 ], [ 7.917683329846954, 46.294016119164851 ], [ 7.888844161301561, 46.29308582340532 ], [ 7.861555485688717, 46.294636316337872 ], [ 7.840778880392575, 46.298667597962492 ], [ 7.817211387817846, 46.301768583827588 ], [ 7.803256951424914, 46.303008978173629 ], [ 7.786821726339905, 46.305799865452215 ], [ 7.76821581114933, 46.307040259798249 ], [ 7.74588871292064, 46.30735035838476 ], [ 7.748617580481924, 46.316498266686793 ], [ 7.748462531188669, 46.320064400431654 ], [ 7.749547876241452, 46.321459844070951 ], [ 7.753424108572823, 46.322700238416985 ], [ 7.756059946558154, 46.323630534176516 ], [ 7.756990242317683, 46.330142604493219 ], [ 7.756059946558154, 46.332468343892039 ], [ 7.75559479867839, 46.335259231170625 ], [ 7.757455390197447, 46.338670315622231 ], [ 7.766548965511916, 46.345166764679888 ] ] ] } }
]
}
