{
"type": "FeatureCollection",
"name": "Small HRE States",
"crs": { "type": "name", "properties": { "name": "urn:ogc:def:crs:OGC:1.3:CRS84" } },
"features": [
{ "type": "Feature", "properties": { "OBJECTID": 18.0, "YEAR": 1700.0, "OWNER_ID": 2160.0, "SHORT_NAME": "Small States", "LONG_NAME": "Small States of the Holy Roman Empire of the Germans", "VARIANTS": "Imperium Romano-Germanicum", "SHAPE_LENG": 17986820.0, "Shape__Are": 192416609840.802, "Shape__Len": 18011347.184060112 }, "geometry": { "type": "MultiPolygon", "coordinates": [ [ [ [ 7.066905812216803, 51.39816277697691 ], [ 7.039766120160446, 51.391615687456827 ], [ 7.023223414234662, 51.387347057051436 ], [ 7.007711884423539, 51.38468554834548 ], [ 7.000537528034475, 51.386727809054335 ], [ 7.000000000422981, 51.386528681323405 ], [ 6.98805370880302, 51.382102945115832 ], [ 6.96275697163749, 51.379849636113711 ], [ 6.944020272564052, 51.379203930601328 ], [ 6.915278966102808, 51.383723677462889 ], [ 6.916288202663265, 51.389112526850823 ], [ 6.885879462236269, 51.405248906686253 ], [ 6.897551503589862, 51.417232227950805 ], [ 6.90402378256691, 51.441018322021229 ], [ 6.901018012439715, 51.454939322236143 ], [ 6.914269729542352, 51.460490743023506 ], [ 6.894238575212496, 51.463213584887882 ], [ 6.885923342242917, 51.475628727002778 ], [ 6.863039996461812, 51.489486535842445 ], [ 6.836843619895417, 51.489854559779054 ], [ 6.834079290865467, 51.499739115058134 ], [ 6.835677521316695, 51.500000000093614 ], [ 6.859683187179474, 51.503961798771684 ], [ 6.870389872877626, 51.513354988024986 ], [ 6.862974176900954, 51.517791828825615 ], [ 6.855646240937648, 51.537752236726789 ], [ 6.862974176900954, 51.575431233633267 ], [ 6.840990368112745, 51.590936995604004 ], [ 6.815342591792029, 51.617505929054424 ], [ 6.826334496186151, 51.64627130780886 ], [ 6.859419908037681, 51.689484247416658 ], [ 6.889850588917221, 51.699844425731371 ], [ 6.92065424850606, 51.691945501887709 ], [ 6.955297395654134, 51.702754902163498 ], [ 6.943581474293858, 51.723625443162632 ], [ 6.948188858825929, 51.750935612345785 ], [ 6.917538778811323, 51.754107063653137 ], [ 6.901127712007266, 51.761691210862935 ], [ 6.919820531074021, 51.790575871321337 ], [ 6.896542267029369, 51.807010827781959 ], [ 6.854132385647804, 51.816789739270426 ], [ 6.808431514544751, 51.79920992452859 ], [ 6.793358783902162, 51.811867557737514 ], [ 6.76154588775283, 51.811854360778227 ], [ 6.750299479858978, 51.809893122827397 ], [ 6.746272845378307, 51.803653834105418 ], [ 6.742246209999302, 51.797400211519964 ], [ 6.738202242525205, 51.791140304030705 ], [ 6.734159151806835, 51.78488322031977 ], [ 6.722799973903747, 51.782956985991504 ], [ 6.665119901400343, 51.786548718690014 ], [ 6.651278439415394, 51.784817592468407 ], [ 6.628480221583865, 51.774702834438472 ], [ 6.604148840073774, 51.812685759401162 ], [ 6.562945654833547, 51.818478727540047 ], [ 6.530913359549159, 51.806641272543146 ], [ 6.510816384760139, 51.814889550775824 ], [ 6.520448013438607, 51.841326598640954 ], [ 6.510641718132907, 51.864648277963077 ], [ 6.531264397805986, 51.866601336384868 ], [ 6.615338204048788, 51.89884314522223 ], [ 6.685458215776965, 51.91567290575982 ], [ 6.763410781299537, 51.9216105333605 ], [ 6.795026217867915, 51.917094848647601 ], [ 6.836031944425514, 51.930495752428541 ], [ 6.840419929822492, 51.958140504555452 ], [ 6.86637486529165, 51.973093898056369 ], [ 6.869205116290428, 51.982941723194457 ], [ 6.835741485856484, 51.999999999749583 ], [ 6.804613966539737, 52.016040618142483 ], [ 6.748645209805391, 52.01731596570442 ], [ 6.736666008404995, 52.041248527358057 ], [ 6.78682068536422, 52.051524154929346 ], [ 6.801499168784823, 52.066029079176673 ], [ 6.819028499777028, 52.083344939851308 ], [ 6.867822901020635, 52.090520707317623 ], [ 6.9024441077162, 52.120047189599745 ], [ 6.929320520630764, 52.153832012413808 ], [ 6.969053730587832, 52.155302060775618 ], [ 6.999089493203826, 52.199327911980056 ], [ 7.000000000422981, 52.199176171295356 ], [ 7.027589460077458, 52.194577982185457 ], [ 7.023223414234662, 52.215730432673446 ], [ 7.021709558944812, 52.238128556126661 ], [ 7.028620637090424, 52.260766352231933 ], [ 7.048147172690892, 52.284607395270122 ], [ 7.045492441718857, 52.303459766020737 ], [ 7.031845806352711, 52.319968766308939 ], [ 7.019669146269723, 52.329427970500376 ], [ 7.023684152957367, 52.336155037276171 ], [ 7.013701485123737, 52.343777803432225 ], [ 7.000000000422981, 52.342755106876311 ], [ 6.993560631226329, 52.342274455810134 ], [ 6.94998793281174, 52.349645642302619 ], [ 6.818216722797489, 52.365715556261904 ], [ 6.790045854626499, 52.342920637953313 ], [ 6.755095548329966, 52.350304900965043 ], [ 6.718346168047613, 52.353891095854351 ], [ 6.662662630009226, 52.359638945146145 ], [ 6.647633778474963, 52.388301055244064 ], [ 6.652219223452859, 52.400168941145964 ], [ 6.671241142120591, 52.403961773445175 ], [ 6.672601416937874, 52.415864922982649 ], [ 6.649937471190168, 52.42114393708605 ], [ 6.634908620554229, 52.439266788482648 ], [ 6.657857784997904, 52.454462098074544 ], [ 6.701013624696475, 52.46053874704549 ], [ 6.775741020956731, 52.466798655781105 ], [ 6.867910661034011, 52.457079632634191 ], [ 6.883641589081931, 52.451897026075187 ], [ 6.909947563706241, 52.448279361022571 ], [ 7.000000000422981, 52.426677644553905 ], [ 7.000625288047852, 52.426527613776159 ], [ 7.02739200049654, 52.451357683836633 ], [ 7.062693345948235, 52.462669320924071 ], [ 7.054656907822045, 52.500000000004945 ], [ 7.01762873269631, 52.673560074727497 ], [ 7.050538625419466, 52.705307446714166 ], [ 7.052157413815927, 52.766981025574395 ], [ 7.052622918101238, 52.784699867852559 ], [ 7.068704886202616, 52.812209413982082 ], [ 7.075155224727182, 52.846189374426046 ], [ 7.094484301645059, 52.870167678218721 ], [ 7.119781039708912, 52.880472016155906 ], [ 7.117301827865296, 52.909843000102221 ], [ 7.14180872760547, 52.925692383434189 ], [ 7.158088154389468, 52.928982637116363 ], [ 7.160260207982949, 52.949152980250254 ], [ 7.189914600263081, 52.979034292901801 ], [ 7.204817407736327, 53.001318911016128 ], [ 7.211254868241848, 53.01896690035025 ], [ 7.211254868241848, 53.01896690035025 ], [ 7.211254868241848, 53.01896690035025 ], [ 7.211254868241848, 53.01896690035025 ], [ 7.207766632856971, 53.034677524829036 ], [ 7.206287764860768, 53.052141883834828 ], [ 7.202725942567373, 53.068917705836746 ], [ 7.202725942567373, 53.068917705836746 ], [ 7.202725942567373, 53.068917705836746 ], [ 7.202725942567373, 53.068917705836746 ], [ 7.202725942567373, 53.068917705836746 ], [ 7.202725942567373, 53.068917705836746 ], [ 7.202725942567373, 53.068917705836746 ], [ 7.199955960115863, 53.07888310736805 ], [ 7.217092959865967, 53.085665316315811 ], [ 7.233141578012431, 53.087814766766876 ], [ 7.237466816086822, 53.087592570101002 ], [ 7.252846705877913, 53.078471574343268 ], [ 7.268226595668979, 53.069348635905932 ], [ 7.29905219481203, 53.070091813536031 ], [ 7.38003247091427, 53.07112693186729 ], [ 7.444075121928881, 53.067145570049789 ], [ 7.453838390627436, 53.054455829025478 ], [ 7.470929594390974, 53.01724103592921 ], [ 7.499999999554868, 53.007035284415721 ], [ 7.50193071356073, 53.006357382366616 ], [ 7.546600407650819, 53.006636484930162 ], [ 7.573805919268044, 53.013121784407574 ], [ 7.611191557401511, 53.044431465135716 ], [ 7.638353189012043, 53.071604670648441 ], [ 7.663759625745158, 53.097646631956962 ], [ 7.701145263878634, 53.131770382094892 ], [ 7.735630511454255, 53.126788030409998 ], [ 7.758408477666019, 53.124507776850294 ], [ 7.78526295012811, 53.129358485621346 ], [ 7.853912986573136, 53.123341404055665 ], [ 7.90123741163525, 53.101320152884682 ], [ 7.936165778377618, 53.099662465589624 ], [ 7.986320454438508, 53.080149983331424 ], [ 7.999999999585081, 53.071913961769724 ], [ 8.059424295841364, 53.036118096230446 ], [ 8.079916189792254, 53.035347766660706 ], [ 8.089152881342608, 53.017613113195949 ], [ 8.087529344451521, 53.015938863892636 ], [ 8.097643651406877, 53.001931372086077 ], [ 8.098204188466095, 52.999999999855014 ], [ 8.101921938134637, 52.98733626616287 ], [ 8.09779723098111, 52.962949682458422 ], [ 8.107033941396105, 52.953033339090368 ], [ 8.137640141404026, 52.935378172149861 ], [ 8.178514227941566, 52.899242777099239 ], [ 8.222394084606334, 52.884345389098435 ], [ 8.255062638640142, 52.887612454105017 ], [ 8.301948265432063, 52.884951395769598 ], [ 8.337841988728194, 52.881908102981157 ], [ 8.432644419324989, 52.844976264497141 ], [ 8.467155927351337, 52.839820166349199 ], [ 8.454584348106541, 52.80153240060875 ], [ 8.440871893179526, 52.763541006071115 ], [ 8.443746023286661, 52.731955200711184 ], [ 8.471127054032289, 52.706445104952522 ], [ 8.43330261762862, 52.690475484596284 ], [ 8.416474692108578, 52.697700248844662 ], [ 8.383871958533891, 52.695900786217749 ], [ 8.34808793480531, 52.673851318850048 ], [ 8.316165339088462, 52.65763133714772 ], [ 8.290166523612623, 52.661246599800741 ], [ 8.269279712296552, 52.651340328629978 ], [ 8.265242765156392, 52.636476691824839 ], [ 8.274654994699803, 52.60987640041018 ], [ 8.286963294802842, 52.578749220786854 ], [ 8.284176923810756, 52.55198092112154 ], [ 8.28705629289262, 52.533852570801763 ], [ 8.28595405734406, 52.53365700697897 ], [ 8.273316659436693, 52.518846200154478 ], [ 8.273316659436693, 52.501292551427468 ], [ 8.293335241844138, 52.500276198992275 ], [ 8.293586618308419, 52.500000000004945 ], [ 8.309186271950601, 52.483051410560748 ], [ 8.323844314206921, 52.453725477542008 ], [ 8.357368525226986, 52.429186300715749 ], [ 8.385386472288847, 52.414925428877076 ], [ 8.393270146511098, 52.410707331479308 ], [ 8.411077470151143, 52.399549940777284 ], [ 8.43165712321705, 52.393662417476257 ], [ 8.468933060884668, 52.316010337784654 ], [ 8.449165185696598, 52.241803197071974 ], [ 8.439336097437176, 52.205148858035244 ], [ 8.414258759406748, 52.17076772265748 ], [ 8.429726409211179, 52.167510848819589 ], [ 8.449450404392566, 52.167643246579978 ], [ 8.473321047179944, 52.154891511748559 ], [ 8.465137453332126, 52.135087928519994 ], [ 8.408488558739977, 52.127389297652208 ], [ 8.336744992154397, 52.129151752814636 ], [ 8.334287719864966, 52.10725523462461 ], [ 8.245825928225184, 52.105770334091716 ], [ 8.213267074657217, 52.117277016989995 ], [ 8.170264814532889, 52.098716375389024 ], [ 8.164323043731679, 52.100360764025588 ], [ 8.151298843839385, 52.102005223947579 ], [ 8.143869325485435, 52.101211377415247 ], [ 8.135757475587775, 52.097562309883955 ], [ 8.132805019574386, 52.086208488909868 ], [ 8.133405734682984, 52.080147967616327 ], [ 8.134217950938698, 52.072093231037123 ], [ 8.131942122166965, 52.061032703342221 ], [ 8.126449242208176, 52.057223714274691 ], [ 8.121525483609469, 52.056180330139021 ], [ 8.119251848523685, 52.056071755956395 ], [ 8.111978323517139, 52.056963700210105 ], [ 8.108833015381917, 52.057855626564958 ], [ 8.047401215332645, 52.046705260885837 ], [ 8.059687574983149, 52.028115102829922 ], [ 8.108833015381917, 52.02439613888982 ], [ 8.182551175081716, 52.035552098238441 ], [ 8.236711423723136, 52.022672027764706 ], [ 8.25012615450712, 52.016957277930722 ], [ 8.254792777542288, 51.999999999749583 ], [ 8.256269334781518, 51.994693154624798 ], [ 8.268555694432056, 51.968925338256504 ], [ 8.348417034406287, 51.957877427071757 ], [ 8.434421553756627, 51.957877427071757 ], [ 8.499999999615302, 51.949753336134926 ], [ 8.508754031753373, 51.948668743688934 ], [ 8.5234568550266, 51.951820695400428 ], [ 8.540123302086139, 51.954716958336149 ], [ 8.545884947198145, 51.954989788596571 ], [ 8.549628118290912, 51.95485192642689 ], [ 8.557103929526416, 51.953464205673846 ], [ 8.561102261685736, 51.950085820901528 ], [ 8.566429495899405, 51.941836382803416 ], [ 8.566938722087874, 51.940642483818962 ], [ 8.613231971035365, 51.945458412970801 ], [ 8.613759744739506, 51.946392161094387 ], [ 8.627975602975299, 51.940681960869782 ], [ 8.646800061163781, 51.938168525641146 ], [ 8.680258452622981, 51.925559737628717 ], [ 8.699082910811461, 51.90538880511194 ], [ 8.734625594952442, 51.868815656906285 ], [ 8.75342811358674, 51.844834535627548 ], [ 8.765562210593213, 51.834583467572749 ], [ 8.771458346978008, 51.830322687421614 ], [ 8.78271791878406, 51.824627164456224 ], [ 8.80656135519475, 51.816714920490604 ], [ 8.808640382850635, 51.815963430923382 ], [ 8.832894534399134, 51.806944836356386 ], [ 8.864246692724054, 51.798101056832877 ], [ 8.901895609999313, 51.799355131244383 ], [ 8.949987932932608, 51.800622371422939 ], [ 8.970896684701158, 51.804410677450605 ], [ 8.970896684701158, 51.825893690011156 ], [ 8.993889730049831, 51.834731989070406 ], [ 8.999999999645505, 51.835308900416472 ], [ 9.060806512069913, 51.841049644911493 ], [ 9.094264902630798, 51.852403357539735 ], [ 9.099947344182517, 51.859957717923862 ], [ 9.102927224863215, 51.860876415118845 ], [ 9.107361943316219, 51.861707958990692 ], [ 9.10903530167128, 51.861795093457758 ], [ 9.11153140723213, 51.861527098101867 ], [ 9.113939752779611, 51.860409093424785 ], [ 9.114776541551606, 51.857334271364223 ], [ 9.113593979548654, 51.852469282607878 ], [ 9.135073388796407, 51.849125186281675 ], [ 9.137761249636119, 51.848856060228186 ], [ 9.150716338540345, 51.847353222724628 ], [ 9.176089207926223, 51.844265503835402 ], [ 9.182679303647754, 51.843552324213732 ], [ 9.219717414140522, 51.83978354716286 ], [ 9.23851993277481, 51.814520060466016 ], [ 9.251069571567125, 51.835998229600271 ], [ 9.28246473134638, 51.836257936130266 ], [ 9.289884376317033, 51.836314651970355 ], [ 9.322198819855767, 51.836512629279476 ], [ 9.33351082722327, 51.833214168464259 ], [ 9.339596744389906, 51.835089178384628 ], [ 9.341670725310539, 51.836364509360692 ], [ 9.347539437027999, 51.838886706688648 ], [ 9.37070712385105, 51.845990775808772 ], [ 9.383760503718717, 51.850827460557539 ], [ 9.417838526111444, 51.865132841049395 ], [ 9.418734504877509, 51.864465995183878 ], [ 9.467967704391311, 51.86020818928327 ], [ 9.454145549896753, 51.854025081588034 ], [ 9.458884574448886, 51.839058162848914 ], [ 9.444053182495555, 51.828479402602056 ], [ 9.433631716391703, 51.788304865594306 ], [ 9.446115535623152, 51.782415560337405 ], [ 9.440103995368778, 51.762589596096511 ], [ 9.423692928564741, 51.740441798396134 ], [ 9.43652778695134, 51.72829287680571 ], [ 9.442122468489693, 51.71710609197882 ], [ 9.419019723573477, 51.71003027081774 ], [ 9.420489698856638, 51.68855793428245 ], [ 9.436352267822922, 51.673522528270126 ], [ 9.437370866625271, 51.646575050091322 ], [ 9.424131727733259, 51.629393248405222 ], [ 9.43376335551344, 51.62466255012508 ], [ 9.449316560865547, 51.624546871714706 ], [ 9.449998903189062, 51.607895718973829 ], [ 9.433522016824154, 51.605615479096031 ], [ 9.386570569573051, 51.592077500128724 ], [ 9.386395050444634, 51.575471032925705 ], [ 9.420752977998422, 51.56720531774355 ], [ 9.360154896279496, 51.549434886683379 ], [ 9.308113385321111, 51.519399080104542 ], [ 9.244421773461633, 51.502167969979759 ], [ 9.24413389215916, 51.500000000093614 ], [ 9.243258957326942, 51.493482688786557 ], [ 9.234044187364466, 51.49448167158495 ], [ 9.203767086059187, 51.494718269816374 ], [ 9.175837556577473, 51.491537237014356 ], [ 9.14266438471256, 51.492838595941386 ], [ 9.115919611818036, 51.49268085738624 ], [ 9.072149454720853, 51.49578294602113 ], [ 9.063566516610095, 51.500000000093614 ], [ 9.034939335715798, 51.514218479270468 ], [ 9.000252309459356, 51.514630292325684 ], [ 8.999999999645505, 51.514624878513928 ], [ 8.974867812280442, 51.514085635189517 ], [ 8.947640361109041, 51.50570240963561 ], [ 8.923254907307037, 51.500000000093614 ], [ 8.89013580773401, 51.492339088634658 ], [ 8.88655335512704, 51.489197028908301 ], [ 8.883709874639083, 51.486702945083088 ], [ 8.848833230195831, 51.500000000093614 ], [ 8.845854651173989, 51.501148022411996 ], [ 8.841589867023307, 51.500000000093614 ], [ 8.776589432252722, 51.482691144426816 ], [ 8.757349093613591, 51.464239355467001 ], [ 8.715020348966796, 51.478078900239915 ], [ 8.703476145962943, 51.464239355467001 ], [ 8.657299333947641, 51.475772602599228 ], [ 8.614970589300846, 51.471159655651256 ], [ 8.564945709018735, 51.482691144426816 ], [ 8.518768897003433, 51.473466187737138 ], [ 8.499999999615302, 51.475716090556084 ], [ 8.499528558364304, 51.475772602599228 ], [ 8.487984355360453, 51.455010648031099 ], [ 8.472592084089834, 51.475772602599228 ], [ 8.472592084089834, 51.489608630762113 ], [ 8.468589420254178, 51.500000000093614 ], [ 8.461047881086019, 51.519789218523137 ], [ 8.426415272074534, 51.529106941801281 ], [ 8.445655610713654, 51.536093976267182 ], [ 8.441807542446854, 51.577993549118801 ], [ 8.457199813717507, 51.633799303274955 ], [ 8.499999999615302, 51.635787454640798 ], [ 8.507224693101284, 51.636123047233241 ], [ 8.499999999615302, 51.641939584066705 ], [ 8.484136287093651, 51.65470868815428 ], [ 8.45335174545067, 51.668642893272271 ], [ 8.418719136439186, 51.666320825045531 ], [ 8.399478797800056, 51.650062995742061 ], [ 8.380238459160893, 51.636123047233241 ], [ 8.330213579777114, 51.668642893272271 ], [ 8.287884835130317, 51.661676329112538 ], [ 8.230163819212867, 51.668642893272271 ], [ 8.17244280419375, 51.663998637179319 ], [ 8.141658262550768, 51.659353901960188 ], [ 8.117194990390665, 51.666064638067283 ], [ 8.116687509628782, 51.670491015502542 ], [ 8.068156387526962, 51.686572913008149 ], [ 8.049309988886007, 51.697211605092299 ], [ 8.005737291369751, 51.702794589292161 ], [ 7.999999999585081, 51.704175067061193 ], [ 7.949768533737073, 51.716259697095197 ], [ 7.88526514399972, 51.711551335899244 ], [ 7.7632572017857, 51.694830026798307 ], [ 7.711193751273158, 51.684031957662839 ], [ 7.672382017863208, 51.671377985417053 ], [ 7.583262028818131, 51.642085502222017 ], [ 7.543989556685478, 51.649079288834031 ], [ 7.512834857941476, 51.64295978450496 ], [ 7.499999999554868, 51.637108236848881 ], [ 7.490083152180395, 51.632586521354902 ], [ 7.465005814149968, 51.645198400780153 ], [ 7.444618898221512, 51.638333120077213 ], [ 7.442890366240006, 51.637382630405099 ], [ 7.397694113866356, 51.623390344729039 ], [ 7.364520942001442, 51.617916802817213 ], [ 7.361936020906749, 51.617730394074982 ], [ 7.360220715719506, 51.626411773579555 ], [ 7.335384716378354, 51.633527234701717 ], [ 7.311119155327468, 51.628863223017419 ], [ 7.283233506750735, 51.610639808089751 ], [ 7.251047631892102, 51.586242056658307 ], [ 7.225465675132243, 51.587170473407383 ], [ 7.192051163679738, 51.586334899415206 ], [ 7.142927663733514, 51.568266809924623 ], [ 7.101834178060829, 51.568306615522765 ], [ 7.052271879844374, 51.567019553462785 ], [ 7.032021325481121, 51.537778791696198 ], [ 7.057208363079135, 51.531166141925205 ], [ 7.073421970302237, 51.522148542894215 ], [ 7.064489247084462, 51.500000000093614 ], [ 7.058831917936528, 51.486121081747768 ], [ 7.070262620600817, 51.469526793460211 ], [ 7.059446236233438, 51.445321392874519 ], [ 7.070328441060009, 51.441452595146899 ], [ 7.06359288294114, 51.42301206431403 ], [ 7.075879242591679, 51.41629737950143 ], [ 7.066905812216803, 51.39816277697691 ] ] ], [ [ [ 8.644753288416481, 50.098300382582906 ], [ 8.646737506080665, 50.105094105569698 ], [ 8.639094304571758, 50.116060124531344 ], [ 8.636228103893643, 50.124715723642112 ], [ 8.650559106385963, 50.128177523252532 ], [ 8.668711710081837, 50.124138732851101 ], [ 8.67922111226887, 50.133946628630923 ], [ 8.658821511230304, 50.152419120553787 ], [ 8.698929331237228, 50.160368790693589 ], [ 8.737433906397033, 50.177471905030224 ], [ 8.721812677018333, 50.207731447146053 ], [ 8.74871102948708, 50.286220961818131 ], [ 8.770782597390358, 50.334078097763012 ], [ 8.750115184311085, 50.355219580659089 ], [ 8.758781456435788, 50.366109751272838 ], [ 8.77639921938122, 50.373755101306799 ], [ 8.799984641676016, 50.368008022650862 ], [ 8.816088549331559, 50.35814672585132 ], [ 8.826795235029719, 50.36510785502589 ], [ 8.796342613697709, 50.393877538697673 ], [ 8.782322999622226, 50.412740290504729 ], [ 8.815891089750641, 50.426974560352726 ], [ 8.818743281201925, 50.443191907674624 ], [ 8.802946532694806, 50.453127537499761 ], [ 8.731905044419548, 50.443652545943387 ], [ 8.711566730042918, 50.456982786958939 ], [ 8.718741087330278, 50.484986356206868 ], [ 8.751409640465798, 50.488562877121971 ], [ 8.747162098578663, 50.499999999891088 ], [ 8.742875008361153, 50.511664274524939 ], [ 8.780831084784881, 50.520244078826877 ], [ 8.810603567360756, 50.525250453892632 ], [ 8.827804471590168, 50.538952176297862 ], [ 8.816834506750229, 50.549557641575092 ], [ 8.839300993815316, 50.558634757564235 ], [ 8.857708594186111, 50.547288087703492 ], [ 8.897705083284919, 50.553101110711381 ], [ 8.943186555252872, 50.5417663755251 ], [ 8.999999999645505, 50.546889272871844 ], [ 9.007514425861785, 50.547566810701561 ], [ 9.019625266383898, 50.555450004672103 ], [ 9.034303077864678, 50.573732850262928 ], [ 9.054663331795492, 50.567537648330706 ], [ 9.046721077535256, 50.546757182308397 ], [ 9.061706049062819, 50.538168949049528 ], [ 9.087024726680866, 50.534571246686831 ], [ 9.089021259349281, 50.518012949592801 ], [ 9.065348077041127, 50.515157480076276 ], [ 9.055598645991218, 50.499999999891088 ], [ 9.052403519086976, 50.495084067903271 ], [ 9.034149498290443, 50.486695756894257 ], [ 9.015434739669521, 50.471387832607896 ], [ 8.999999999645505, 50.479191951817533 ], [ 8.999177252439717, 50.479607913445612 ], [ 8.970282367302547, 50.466783959620528 ], [ 8.981471730379251, 50.453285438198527 ], [ 8.967825095013104, 50.445929349874113 ], [ 8.941124202125273, 50.426171445896188 ], [ 8.926402509739479, 50.425763300476618 ], [ 8.918109217222407, 50.433688587897691 ], [ 8.903584984417565, 50.431885109827277 ], [ 8.899723557304165, 50.412648102720972 ], [ 8.909881743367906, 50.374796354494819 ], [ 8.932765089149012, 50.374229599287439 ], [ 8.937306654120224, 50.351369185915509 ], [ 8.971291603862994, 50.354652590335206 ], [ 8.982919766108235, 50.367691649294152 ], [ 8.975306610550636, 50.379567374647564 ], [ 8.99619342276503, 50.38280928367422 ], [ 8.999999999645505, 50.379680657346512 ], [ 9.008106803706223, 50.373016983405719 ], [ 9.068661006316781, 50.384680528717396 ], [ 9.105520086166685, 50.392849881960984 ], [ 9.114186357393093, 50.409421414940276 ], [ 9.142883783847662, 50.419759205014074 ], [ 9.176122776171757, 50.433201524065993 ], [ 9.203394107349851, 50.453048587238392 ], [ 9.245496829582956, 50.471427292654212 ], [ 9.280732354575466, 50.464955439723823 ], [ 9.339750762342, 50.465113300154059 ], [ 9.371980517207323, 50.494282115427907 ], [ 9.369806958935762, 50.499999999891088 ], [ 9.357368525287413, 50.533057739493124 ], [ 9.344029048171427, 50.592340060488958 ], [ 9.340650299334905, 50.623596255301287 ], [ 9.367658351371212, 50.636620132578912 ], [ 9.4201167201473, 50.638858866548595 ], [ 9.454255249464305, 50.632791515696802 ], [ 9.486923802599833, 50.648567639983895 ], [ 9.479157068366332, 50.678330401283382 ], [ 9.480451523622756, 50.708312283912726 ], [ 9.493856820299609, 50.739940395197586 ], [ 9.49943278723565, 50.766202425104673 ], [ 9.499999999675717, 50.766515978278832 ], [ 9.539140832686636, 50.78814779125144 ], [ 9.603117664140399, 50.809098267421604 ], [ 9.662509050616265, 50.815696965324591 ], [ 9.680697250953617, 50.833798978413199 ], [ 9.714857719824805, 50.842056007335252 ], [ 9.739101340423209, 50.843638657180662 ], [ 9.783595515384883, 50.834893844768693 ], [ 9.803977708869882, 50.82932690714911 ], [ 9.832346036621797, 50.835263191565843 ], [ 9.875194717171889, 50.83387812606631 ], [ 9.918569955107236, 50.841027256874952 ], [ 9.940882862598098, 50.856390203021107 ], [ 9.972300840483884, 50.853502621127717 ], [ 9.9722569604772, 50.835553390193553 ], [ 9.999999999705929, 50.82763904022373 ], [ 10.001021802798896, 50.827347976810273 ], [ 10.015195197671227, 50.814086969391496 ], [ 10.04650851104663, 50.807936799479712 ], [ 10.074607537351099, 50.836023334462247 ], [ 10.124361843273009, 50.830752482523131 ], [ 10.12258338113139, 50.829313714210514 ], [ 10.122824029914538, 50.8239969853731 ], [ 10.124248113863095, 50.792521823646965 ], [ 10.054442006732845, 50.779614680081636 ], [ 10.03803577555998, 50.740156840180433 ], [ 10.05991075075657, 50.638069221592595 ], [ 10.043504519583706, 50.581990840688377 ], [ 10.027098287512528, 50.565484407259511 ], [ 10.0216295434888, 50.532454094105368 ], [ 10.065379494780299, 50.51923545367876 ], [ 10.092723214000616, 50.506013090597733 ], [ 10.149490657464181, 50.52071850244613 ], [ 10.16110424993381, 50.512261989560535 ], [ 10.162357936947698, 50.499999999891088 ], [ 10.163152534545745, 50.492308901027648 ], [ 10.157852060246093, 50.492112830761208 ], [ 10.151040041123512, 50.478818848119268 ], [ 10.132317976504382, 50.471664050516914 ], [ 10.122099947371352, 50.470651243584655 ], [ 10.106783891864358, 50.480870390304716 ], [ 10.093181828207671, 50.482921843531592 ], [ 10.077843798112198, 50.475767670371908 ], [ 10.064241734455511, 50.471677203792076 ], [ 10.048903704360038, 50.477806194725815 ], [ 10.038707649815484, 50.473729058200462 ], [ 10.055715723482622, 50.462469064331593 ], [ 10.072276840380143, 50.453782820645912 ], [ 10.081249808122648, 50.448153404862275 ], [ 10.084361582148304, 50.445639030969019 ], [ 10.094697832267673, 50.444420749182711 ], [ 10.104924650517447, 50.443765467600606 ], [ 10.10885342702265, 50.443734933748893 ], [ 10.119666958340678, 50.443897735602775 ], [ 10.127219949232106, 50.444060536319839 ], [ 10.153769463418158, 50.444060536319839 ], [ 10.181672153035811, 50.444060536319839 ], [ 10.19358219943067, 50.45633807420112 ], [ 10.197845204917117, 50.469756798135265 ], [ 10.198551676887474, 50.472110863087913 ], [ 10.20210821040356, 50.486998182855096 ], [ 10.201844436290054, 50.488168452794909 ], [ 10.209887096147909, 50.491941913365586 ], [ 10.227955028238393, 50.499999999891088 ], [ 10.23414667352071, 50.502790629435104 ], [ 10.250825132852219, 50.501714519660759 ], [ 10.253931411883284, 50.499999999891088 ], [ 10.288928491660041, 50.480883541004481 ], [ 10.34905005305335, 50.471493058751236 ], [ 10.362168682949997, 50.456127553859602 ], [ 10.37820988909705, 50.432635470114953 ], [ 10.40899582043377, 50.423143186734258 ], [ 10.423784493902076, 50.408341413112495 ], [ 10.405919424758945, 50.399278958031218 ], [ 10.407875133489272, 50.382861996109568 ], [ 10.423520803331892, 50.378170385687142 ], [ 10.443077889736848, 50.380516248935486 ], [ 10.456268812454299, 50.387296643534512 ], [ 10.466963905393694, 50.377089667258709 ], [ 10.478632234908533, 50.365516525845436 ], [ 10.497727862141931, 50.363921371529912 ], [ 10.49999999973614, 50.359625280646334 ], [ 10.506144001969048, 50.348006426229844 ], [ 10.54114898961525, 50.350815335835613 ], [ 10.558794316466841, 50.335265331259833 ], [ 10.597161365844848, 50.334988312318771 ], [ 10.610016490224258, 50.337451145837449 ], [ 10.612147807914532, 50.303648360433492 ], [ 10.623684291695119, 50.257293162899629 ], [ 10.633572706492528, 50.222001117227059 ], [ 10.668511771271604, 50.191446350285091 ], [ 10.720920369787692, 50.181521741351695 ], [ 10.753552138708965, 50.183903836481484 ], [ 10.768384760455918, 50.225174510966276 ], [ 10.833977911735778, 50.222794485420486 ], [ 10.859160407451695, 50.23222132907113 ], [ 10.878014318703389, 50.220678807226939 ], [ 10.913898276414066, 50.208392786889867 ], [ 10.934576050661837, 50.177392493148481 ], [ 10.89763732797547, 50.163731653958848 ], [ 10.874058952964088, 50.152344621379079 ], [ 10.883991316040142, 50.138663336895448 ], [ 10.900252264478736, 50.122010037238383 ], [ 10.930400942630996, 50.124342115057395 ], [ 10.945936740429529, 50.108333282557219 ], [ 10.98491906840351, 50.121122227731277 ], [ 10.989863276251373, 50.138120242223344 ], [ 10.999999999766354, 50.139401941543731 ], [ 11.02590105428478, 50.142676745031608 ], [ 11.027462325350264, 50.156732527244145 ], [ 11.027285352747716, 50.157921863419908 ], [ 11.037020027172453, 50.158885878033374 ], [ 11.066026043791737, 50.167623804502405 ], [ 11.120412324728317, 50.158885878033374 ], [ 11.161921692648274, 50.150623088426123 ], [ 11.200178870880508, 50.150146345374289 ], [ 11.200178870880508, 50.161070510083 ], [ 11.195762045071334, 50.165055550606311 ], [ 11.228008430447513, 50.173722706837275 ], [ 11.255773735318874, 50.164115587649846 ], [ 11.279945416134384, 50.169808035019436 ], [ 11.283966704740807, 50.181587912081497 ], [ 11.276319663832394, 50.193827947726682 ], [ 11.260212534818214, 50.195918362639972 ], [ 11.2406594827472, 50.193828312767103 ], [ 11.215538874666146, 50.241342297084309 ], [ 11.232700767757699, 50.259182594865941 ], [ 11.225257518654637, 50.264429819711708 ], [ 11.257026267997622, 50.275523697846651 ], [ 11.285241211109719, 50.285098522873561 ], [ 11.294074861829754, 50.322309680531134 ], [ 11.3024259573421, 50.340272622194377 ], [ 11.309940273963916, 50.356313984921954 ], [ 11.313850811973905, 50.372699457843055 ], [ 11.315813991992449, 50.384294557420262 ], [ 11.320531864812901, 50.412569083985012 ], [ 11.327024158254508, 50.427182182936605 ], [ 11.327375966367544, 50.427917610069748 ], [ 11.33367246929803, 50.443336679941915 ], [ 11.321387294525357, 50.45581329593255 ], [ 11.335869894908376, 50.459508921817992 ], [ 11.347428353277445, 50.475465172148695 ], [ 11.371358316314618, 50.475951798672618 ], [ 11.395068537958567, 50.464521319948595 ], [ 11.43053498477633, 50.473308172229217 ], [ 11.444334817034388, 50.459666801101321 ], [ 11.463408470577622, 50.453930192213264 ], [ 11.49920453173101, 50.463968798597286 ], [ 11.499999999796566, 50.464207639878481 ], [ 11.513531746027757, 50.468270402081799 ], [ 11.515904965651, 50.48115970313097 ], [ 11.506368138879383, 50.495491612313756 ], [ 11.503638043746587, 50.499999999891088 ], [ 11.499999999796566, 50.50607134823214 ], [ 11.496831312107767, 50.511358772612603 ], [ 11.480130879086094, 50.528716092841165 ], [ 11.473954135057708, 50.534361482527459 ], [ 11.463408470577622, 50.538845976827275 ], [ 11.454943328550067, 50.541115673040004 ], [ 11.450653074466112, 50.542385343811596 ], [ 11.434776016572609, 50.547513720461886 ], [ 11.406143562567594, 50.572087951341977 ], [ 11.406143562567594, 50.586531903396747 ], [ 11.403770342944354, 50.596649300703689 ], [ 11.399001929109385, 50.629863538224036 ], [ 11.434776016572609, 50.650064174915435 ], [ 11.454750240171323, 50.663345319323277 ], [ 11.470572077725995, 50.660154598967772 ], [ 11.496831312107767, 50.668813147108523 ], [ 11.498250252303006, 50.677431832288462 ], [ 11.499999999796566, 50.677577296192275 ], [ 11.515904965651, 50.678899521612074 ], [ 11.531224856964258, 50.680004329828314 ], [ 11.540362311625177, 50.663689704793143 ], [ 11.546273386094802, 50.616506455689539 ], [ 11.571939315570763, 50.590523430985826 ], [ 11.599473057219761, 50.584516118453415 ], [ 11.633599075699802, 50.572446119476389 ], [ 11.688051279503506, 50.5689571779292 ], [ 11.741097130305736, 50.587393889507311 ], [ 11.762587951750856, 50.619514782622275 ], [ 11.797153454813976, 50.635229148483702 ], [ 11.772542289415385, 50.656592742813281 ], [ 11.811942128282283, 50.661716963648999 ], [ 11.865713130622888, 50.648607371523099 ], [ 11.967453931081925, 50.65427540433646 ], [ 11.999999999826779, 50.661921411362407 ], [ 12.036892576955314, 50.670587024215209 ], [ 12.046297557992679, 50.690320173437641 ], [ 12.077852588248101, 50.708113879234226 ], [ 12.080819112777156, 50.696922496533709 ], [ 12.130371057011644, 50.693032663806001 ], [ 12.133996809313633, 50.679428930279002 ], [ 12.187240428717237, 50.680593607526369 ], [ 12.176231326975335, 50.703259318411369 ], [ 12.200271162056591, 50.712862129678335 ], [ 12.228090568864257, 50.705574226389125 ], [ 12.233166621548051, 50.694342541628167 ], [ 12.22989245817017, 50.683690448597261 ], [ 12.241648684242296, 50.676517110019695 ], [ 12.255536413955966, 50.685410827073284 ], [ 12.262106716198527, 50.66455027054117 ], [ 12.281356162856341, 50.666853860857636 ], [ 12.28933281810038, 50.686495955957206 ], [ 12.344202531898683, 50.693839764354443 ], [ 12.389469497854879, 50.690439261993561 ], [ 12.330908107989144, 50.663861819211299 ], [ 12.317701580636893, 50.648620615742757 ], [ 12.258261220706682, 50.623954029562078 ], [ 12.216312368203646, 50.575868479449817 ], [ 12.177220169083895, 50.581505541876766 ], [ 12.16023407000524, 50.570708314319354 ], [ 12.131733460836161, 50.589873670449734 ], [ 12.096201091151274, 50.599751708071103 ], [ 12.090421861517582, 50.581784061461356 ], [ 12.118614830939515, 50.573215509301953 ], [ 12.105518174733033, 50.5590328367499 ], [ 12.119757492472493, 50.550486667021232 ], [ 12.122064789228608, 50.537239679585923 ], [ 12.058009835786164, 50.522236069384931 ], [ 12.031860472550163, 50.523696808429911 ], [ 12.019928451566821, 50.537106925220975 ], [ 12.036035580581002, 50.553074568731759 ], [ 12.028124849102403, 50.56522916239949 ], [ 12.010018063079251, 50.572286934231109 ], [ 11.999999999826779, 50.566058074318327 ], [ 11.987955910418485, 50.558568411276873 ], [ 11.969080025476625, 50.56522916239949 ], [ 11.938579760196889, 50.552490644812778 ], [ 11.945743367345264, 50.538514101574293 ], [ 11.92585666660468, 50.531252088380654 ], [ 11.915440869768588, 50.512155729678604 ], [ 11.921803400669086, 50.499999999891088 ], [ 11.924076751887247, 50.495701955896756 ], [ 11.947918818367132, 50.489706780700786 ], [ 11.952775128759386, 50.47789825497447 ], [ 11.943304224854895, 50.466810268897277 ], [ 11.90493717547689, 50.472177022656595 ], [ 11.896586958516895, 50.45515388545698 ], [ 11.895488247957509, 50.442046892852126 ], [ 11.877908842176414, 50.440375334167115 ], [ 11.829741275456605, 50.436637191237793 ], [ 11.800867103673255, 50.435702609556913 ], [ 11.780387098026862, 50.435044441713117 ], [ 11.755863830083877, 50.4422969400268 ], [ 11.760786063343257, 50.458311655874724 ], [ 11.717299012104494, 50.464455544101426 ], [ 11.704180382207852, 50.450824763592863 ], [ 11.685700033570429, 50.449956259783939 ], [ 11.677591533490453, 50.462850580109183 ], [ 11.638828947808012, 50.456640695470064 ], [ 11.648871182928149, 50.445810906603533 ], [ 11.654628437075047, 50.441309823664653 ], [ 11.629226198169269, 50.435623630062096 ], [ 11.601450740538569, 50.435597303343137 ], [ 11.568818971617294, 50.441336146615612 ], [ 11.55675510579802, 50.433412146974817 ], [ 11.523837671718081, 50.440401658214313 ], [ 11.521859988399273, 50.426118782447503 ], [ 11.536934327924561, 50.406194506215328 ], [ 11.538890036654889, 50.383507714641084 ], [ 11.564687811865101, 50.364791462228219 ], [ 11.568533306458628, 50.330766877577361 ], [ 11.555194933372126, 50.320937387527479 ], [ 11.568445409003022, 50.306657896845415 ], [ 11.601714431108753, 50.314946333581744 ], [ 11.656781914406748, 50.344617050107139 ], [ 11.685700033570429, 50.359030107752538 ], [ 11.705718580045263, 50.358370869255644 ], [ 11.700225016468551, 50.325872179104252 ], [ 11.66974672487898, 50.314774771985235 ], [ 11.624655553833994, 50.277253913117427 ], [ 11.628786713586191, 50.266950936458748 ], [ 11.635642680987418, 50.239544679939883 ], [ 11.628742765307544, 50.217148059688022 ], [ 11.638565257237827, 50.2049008077881 ], [ 11.649266719232585, 50.198326194985718 ], [ 11.67080148895635, 50.1913537302325 ], [ 11.669483033410479, 50.174679169983605 ], [ 11.638719076662241, 50.176068940130541 ], [ 11.619249886814574, 50.175539508484746 ], [ 11.609976751511459, 50.166829513972125 ], [ 11.612481815970636, 50.157919311976279 ], [ 11.620062934011925, 50.150901186861894 ], [ 11.632983796205512, 50.146093835612419 ], [ 11.630324911423603, 50.137192993357679 ], [ 11.612569713426241, 50.129655115340356 ], [ 11.616041645405501, 50.112866130682519 ], [ 11.633599075699802, 50.111090154085581 ], [ 11.636807316210559, 50.100817347179103 ], [ 11.627731949508819, 50.083129675241317 ], [ 11.609800957498562, 50.093194155712474 ], [ 11.58831013605344, 50.090184316506459 ], [ 11.585761122417304, 50.099571204244043 ], [ 11.598088679705077, 50.107047571796407 ], [ 11.590683355676687, 50.120539179696991 ], [ 11.577454853735953, 50.128157995759622 ], [ 11.573081977103739, 50.14135222520548 ], [ 11.559018454275492, 50.144199896636245 ], [ 11.546932613867739, 50.140345565543235 ], [ 11.546515102974823, 50.129893590442272 ], [ 11.53631904843027, 50.119916370264058 ], [ 11.516212605398145, 50.124646866789789 ], [ 11.499999999796566, 50.121156677778693 ], [ 11.493007792102718, 50.119651342760328 ], [ 11.467583579506778, 50.138928258552276 ], [ 11.469890876262895, 50.155151910510931 ], [ 11.446004860606051, 50.199463919633637 ], [ 11.415350775003585, 50.217663803392668 ], [ 11.417592148892579, 50.226602468283126 ], [ 11.428579276944316, 50.230489469261201 ], [ 11.436951467594476, 50.24216177651649 ], [ 11.426931207062818, 50.24689333185151 ], [ 11.399639182293843, 50.23548657320255 ], [ 11.389552999793374, 50.248029892274069 ], [ 11.37269874644897, 50.247303025357866 ], [ 11.363557455981788, 50.241302644847501 ], [ 11.356899257181936, 50.231904046914529 ], [ 11.377225442505599, 50.22727676714166 ], [ 11.389289308324875, 50.222688703722895 ], [ 11.385509736598468, 50.21482053143346 ], [ 11.367666642043819, 50.208247292625579 ], [ 11.357514535777911, 50.160540911916264 ], [ 11.365886727326385, 50.142358863567281 ], [ 11.357822175525056, 50.125892353739481 ], [ 11.361030416934131, 50.094732150127143 ], [ 11.380279864490257, 50.0875986195839 ], [ 11.372347158423178, 50.067810083535072 ], [ 11.372654797272011, 50.045544798745631 ], [ 11.415109058123566, 50.012114108294178 ], [ 11.434072840521027, 50.02006896317215 ], [ 11.459606924262737, 50.00066423020494 ], [ 11.459381806452539, 50.000000000210534 ], [ 11.45519009935188, 49.986497994493298 ], [ 11.366677799935257, 49.995432078836735 ], [ 11.341539252497983, 49.988180514633022 ], [ 11.329797103924671, 50.000000000210534 ], [ 11.327146115334109, 50.002444321524742 ], [ 11.329101824064438, 50.008833507292572 ], [ 11.352570328828365, 50.012791451774639 ], [ 11.341517277909503, 50.028566844211035 ], [ 11.308907483576709, 50.02495542965238 ], [ 11.287900095891629, 50.00175354769685 ], [ 11.288009161248588, 50.000000000210534 ], [ 11.289745933476185, 49.969509929450382 ], [ 11.294843960748461, 49.947144967041844 ], [ 11.33613358547856, 49.930070322498878 ], [ 11.384432997932617, 49.90562383057123 ], [ 11.404407596128806, 49.878562741691923 ], [ 11.414911289522191, 49.85048273352951 ], [ 11.445411555700241, 49.836109193744612 ], [ 11.473494653976406, 49.820057542943808 ], [ 11.494853629687276, 49.780465817875054 ], [ 11.470286412567331, 49.769641230464423 ], [ 11.467056196569777, 49.749952608554921 ], [ 11.478900320097511, 49.730649666855683 ], [ 11.496581309167565, 49.724134013962271 ], [ 11.494853629687276, 49.717742714472337 ], [ 11.473208987919424, 49.708071177584905 ], [ 11.441604359880532, 49.686312072949605 ], [ 11.426008288719697, 49.680869630669655 ], [ 11.397068194967538, 49.67003728700184 ], [ 11.38420226834684, 49.664612904153216 ], [ 11.379055238874129, 49.662705245703755 ], [ 11.364546297192033, 49.659187912454506 ], [ 11.330773625639109, 49.654954536656973 ], [ 11.32680551460256, 49.654361130534738 ], [ 11.295854776547188, 49.649533867169538 ], [ 11.270540435097018, 49.643515545060673 ], [ 11.263310905081518, 49.627838102705631 ], [ 11.279593828108593, 49.608530198218006 ], [ 11.275874465065792, 49.600653258486957 ], [ 11.27290530398138, 49.597373271788364 ], [ 11.268668667641785, 49.593946098142951 ], [ 11.263332878771683, 49.592856055080738 ], [ 11.215191021835308, 49.589334670292132 ], [ 11.212535653059422, 49.589151274638134 ], [ 11.163658658911972, 49.585832012736496 ], [ 11.163525813352811, 49.586699059027353 ], [ 11.154428471164275, 49.60671740377547 ], [ 11.126411296653551, 49.609699707156231 ], [ 11.090769054924579, 49.607272944609697 ], [ 11.094878240986606, 49.630073872767859 ], [ 11.075101411391794, 49.632178032917565 ], [ 11.055368530075626, 49.624286961164948 ], [ 11.053346898478173, 49.668329000367251 ], [ 11.049369559048708, 49.693158920944711 ], [ 11.030493673208536, 49.698470663352154 ], [ 11.001707399779107, 49.696763381104077 ], [ 10.999999999766354, 49.696488099661686 ], [ 10.956000949239831, 49.689393650669587 ], [ 10.922907721146997, 49.653696588573453 ], [ 10.942179143291606, 49.627867328746142 ], [ 10.962571251482395, 49.615093702826591 ], [ 10.972327820545551, 49.606439630679006 ], [ 10.986830828855192, 49.594040565651795 ], [ 10.986105678215132, 49.57839099419752 ], [ 10.950661205087535, 49.57452901467186 ], [ 10.927368495234818, 49.568428217447725 ], [ 10.920512527833589, 49.560102390419985 ], [ 10.876651906794034, 49.548042692368867 ], [ 10.869642127154913, 49.578683555535278 ], [ 10.858171566241449, 49.596351008790066 ], [ 10.828901858153666, 49.609071099886471 ], [ 10.809322797160227, 49.616906184016855 ], [ 10.802225112878977, 49.631505880591831 ], [ 10.822771041392498, 49.638139324097416 ], [ 10.884518698078827, 49.645984316312166 ], [ 10.894253292553504, 49.652907890210443 ], [ 10.892737069304571, 49.662765700644194 ], [ 10.859995429237527, 49.67098630912826 ], [ 10.82826460496921, 49.67250470556732 ], [ 10.785568628135948, 49.678504825160374 ], [ 10.781195751503734, 49.702410314758076 ], [ 10.748893596019769, 49.721914152430465 ], [ 10.724897710115469, 49.725676888217485 ], [ 10.697166199865098, 49.72373721984237 ], [ 10.66512773674795, 49.716969646133009 ], [ 10.642098717465416, 49.734645018329545 ], [ 10.640099059558128, 49.744748572871238 ], [ 10.589931835829351, 49.737196620838134 ], [ 10.580504880203502, 49.713848075479731 ], [ 10.557080324616535, 49.70740007905539 ], [ 10.563738524314703, 49.669424062738933 ], [ 10.528645639212897, 49.663802479715947 ], [ 10.505616619930363, 49.654251591432931 ], [ 10.49999999973614, 49.650050949213998 ], [ 10.491399276779386, 49.643617804474701 ], [ 10.483554467269599, 49.617943945495668 ], [ 10.472435494381923, 49.593894330918815 ], [ 10.458152229262137, 49.592314972494599 ], [ 10.437848017628637, 49.582472070092962 ], [ 10.389526630586101, 49.578625043525662 ], [ 10.387988432748687, 49.5479256762302 ], [ 10.401568522715211, 49.543812418624057 ], [ 10.414247667130459, 49.523270194368756 ], [ 10.422488012944683, 49.506850673231973 ], [ 10.449251977446936, 49.499999999800124 ], [ 10.458833430725237, 49.497572312192027 ], [ 10.476478757576828, 49.485649650683605 ], [ 10.49999999973614, 49.47509483046192 ], [ 10.511945205292905, 49.469733714834078 ], [ 10.534446841638438, 49.45748491399894 ], [ 10.547609420712044, 49.436753626796722 ], [ 10.539984354392111, 49.418148941062384 ], [ 10.51550503472777, 49.418715464560094 ], [ 10.504627794889792, 49.404739314705601 ], [ 10.501727176159875, 49.40526238192917 ], [ 10.49999999973614, 49.405441790477838 ], [ 10.471512576038803, 49.408400797715544 ], [ 10.463777637674784, 49.413805373789387 ], [ 10.441035228578595, 49.423802108264198 ], [ 10.441737460500812, 49.425847290861043 ], [ 10.484147772175408, 49.443098801454823 ], [ 10.455800983329061, 49.46217291109631 ], [ 10.400909294942274, 49.474957384947281 ], [ 10.354170054015793, 49.482008450665901 ], [ 10.329602836895848, 49.497354771583176 ], [ 10.33059167900441, 49.499999999800124 ], [ 10.33454704474371, 49.510688738565086 ], [ 10.328789789698499, 49.536375466650128 ], [ 10.295960253074163, 49.535555575757634 ], [ 10.285478533370945, 49.548803907026453 ], [ 10.248671656418832, 49.555697465206656 ], [ 10.204459455438323, 49.557731682990934 ], [ 10.145810169015299, 49.546930329189664 ], [ 10.103202088739328, 49.53450141008296 ], [ 10.08250233990308, 49.523050523063802 ], [ 10.029060951898101, 49.514248200084403 ], [ 10.008273307402876, 49.500433689689594 ], [ 10.008129534736598, 49.499999999800124 ], [ 10.00051639534869, 49.477264327508877 ], [ 10.015261119640037, 49.463566161174427 ], [ 10.036488250514973, 49.456541454684746 ], [ 10.039214060683864, 49.456448025487006 ], [ 10.041476406641479, 49.441516215508535 ], [ 10.015458888241414, 49.43412529251033 ], [ 9.999999999705929, 49.430703087496141 ], [ 9.993165712245769, 49.429187706078785 ], [ 9.973573356186126, 49.429187706078785 ], [ 9.967188837222416, 49.400903136206139 ], [ 9.917736238573513, 49.405509393782943 ], [ 9.887503016376602, 49.381674220825694 ], [ 9.904550341031763, 49.349943778577291 ], [ 9.933884025337452, 49.357027472746047 ], [ 9.952856359696419, 49.346680570515019 ], [ 9.968291757287224, 49.343658213731736 ], [ 9.979132494981949, 49.342773365916067 ], [ 9.989062067890726, 49.343304538657378 ], [ 9.995483665716101, 49.343835559483274 ], [ 9.997707277216982, 49.343222775360587 ], [ 9.992483161513112, 49.315961972375668 ], [ 9.992206498371909, 49.305742809968244 ], [ 9.992716382127174, 49.287985704216446 ], [ 9.993226266780756, 49.272327384833936 ], [ 9.99257333440133, 49.262017805432095 ], [ 9.977149564603565, 49.261362027116789 ], [ 9.957776607679024, 49.256829629428196 ], [ 9.953893240113116, 49.26312532235977 ], [ 9.916156563722804, 49.263635355176653 ], [ 9.922431383118962, 49.235808991782839 ], [ 9.911242019143941, 49.227074472223428 ], [ 9.906963733314511, 49.178911964765298 ], [ 9.931536453513887, 49.172152893195403 ], [ 9.992968252664848, 49.175510647194756 ], [ 9.999999999705929, 49.171327346192086 ], [ 10.015151248494266, 49.162326496821848 ], [ 10.013942664992483, 49.139936016175334 ], [ 9.999999999705929, 49.129168987066699 ], [ 9.995030605792447, 49.125324868494559 ], [ 9.953806689232122, 49.09040382957707 ], [ 9.843203609643259, 49.108272224873289 ], [ 9.837040716738242, 49.121175980746251 ], [ 9.822073689956794, 49.128212970258922 ], [ 9.81150873056272, 49.150490143716979 ], [ 9.696174585495145, 49.119416576729861 ], [ 9.607469780706397, 49.080007626658634 ], [ 9.605552995977334, 49.081465435360947 ], [ 9.557877531760056, 49.090927750555416 ], [ 9.526832532583606, 49.102961429103971 ], [ 9.502193992823363, 49.112872753373601 ], [ 9.499999999675717, 49.11467917608956 ], [ 9.481636280209948, 49.129796339385663 ], [ 9.461758704556022, 49.128276669053434 ], [ 9.443153645502649, 49.139979842857549 ], [ 9.42202549459898, 49.134048244334728 ], [ 9.400195265385006, 49.137452426542907 ], [ 9.397716053541389, 49.152322876042433 ], [ 9.408313038773658, 49.158617362255789 ], [ 9.432732179398799, 49.162662349853704 ], [ 9.446664033460905, 49.208754643455485 ], [ 9.394074025563082, 49.203414936755301 ], [ 9.37761907875236, 49.215231541425034 ], [ 9.381699905899186, 49.226461976735642 ], [ 9.406250685646061, 49.232513679293056 ], [ 9.392977028989259, 49.270906381962206 ], [ 9.402345378525968, 49.296572210593702 ], [ 9.413754140737778, 49.324291352337134 ], [ 9.401292261958831, 49.359194558236929 ], [ 9.354274995146859, 49.373634494357759 ], [ 9.360264595847047, 49.382604591726455 ], [ 9.324546391679334, 49.389523672204717 ], [ 9.308458568358926, 49.396761954801661 ], [ 9.334420123513421, 49.403312589014568 ], [ 9.340899795625285, 49.457998145707492 ], [ 9.421795454919337, 49.472267235973248 ], [ 9.442454130085851, 49.483001146848018 ], [ 9.442454130085851, 49.486249095486386 ], [ 9.470214143880192, 49.499357420007804 ], [ 9.470343763589165, 49.499999999800124 ], [ 9.478145576136196, 49.539060383618626 ], [ 9.499999999675717, 49.563359179232556 ], [ 9.501939873802531, 49.565515437180345 ], [ 9.499999999675717, 49.577157572359063 ], [ 9.497974157674527, 49.589312666027155 ], [ 9.499999999675717, 49.593363686823963 ], [ 9.513837023084855, 49.621024152923425 ], [ 9.533665603724874, 49.615740345171332 ], [ 9.529699887596871, 49.584025401056969 ], [ 9.537631319852878, 49.560225578857363 ], [ 9.561425617519211, 49.554935144767242 ], [ 9.601082780595876, 49.560225578857363 ], [ 9.652637092056548, 49.539060383618626 ], [ 9.686061302619187, 49.531625427776994 ], [ 9.702169485357196, 49.551330208589242 ], [ 9.672465673594882, 49.576093423677179 ], [ 9.640739943672539, 49.591956081833537 ], [ 9.660103671305851, 49.617762959363567 ], [ 9.641923210852987, 49.636653556325456 ], [ 9.627096354493528, 49.658500292925638 ], [ 9.620399792241153, 49.66836415773205 ], [ 9.612346362481356, 49.677742450450829 ], [ 9.607533309563291, 49.682400347063364 ], [ 9.590408143193818, 49.709908805696053 ], [ 9.588290038823056, 49.709707607109067 ], [ 9.55413345606379, 49.709793925221796 ], [ 9.516096987608655, 49.716770392660209 ], [ 9.499999999675717, 49.712489484629792 ], [ 9.470190905362106, 49.704560913431145 ], [ 9.417726810724394, 49.702816449996945 ], [ 9.384936752361853, 49.711538136122734 ], [ 9.345588681608149, 49.713282284620291 ], [ 9.337931896673847, 49.715827640090389 ], [ 9.366942242274487, 49.756708880380664 ], [ 9.390092102929039, 49.756708880380664 ], [ 9.417961916902239, 49.775218746555986 ], [ 9.425924721022913, 49.793721505942102 ], [ 9.394073505438534, 49.817500327055889 ], [ 9.386224967021999, 49.845263345855422 ], [ 9.415792866376771, 49.863464854022467 ], [ 9.481821338548366, 49.863464854022467 ], [ 9.499999999675717, 49.867481021319271 ], [ 9.55295186693629, 49.879177635250464 ], [ 9.558068262959495, 49.88129639593771 ], [ 9.550198649168081, 49.918649757776798 ], [ 9.541017432179782, 49.951635503825194 ], [ 9.535844633634833, 49.950913851414384 ], [ 9.499999999675717, 49.951944923928615 ], [ 9.397785101647386, 49.954885017948733 ], [ 9.409790278732521, 49.978705104089315 ], [ 9.395148154623032, 50.000000000210534 ], [ 9.379777336918005, 50.020471190951071 ], [ 9.277733335287641, 50.031369037399841 ], [ 9.092077118638393, 50.037976913576628 ], [ 8.999999999645505, 50.096445163472133 ], [ 8.998760980323578, 50.097231442287175 ], [ 8.96561221388831, 50.095849985387275 ], [ 8.947913668144334, 50.095086048372401 ], [ 8.936536031658814, 50.088210067563296 ], [ 8.891025484818377, 50.089738149225774 ], [ 8.846779120009307, 50.088974114229551 ], [ 8.829080574265321, 50.079040549315927 ], [ 8.832873119461057, 50.073690849665581 ], [ 8.82402384703825, 50.067576171841573 ], [ 8.808853664458669, 50.065282965033113 ], [ 8.787362572620658, 50.057638148205911 ], [ 8.768399844845302, 50.054579878001157 ], [ 8.762840899187283, 50.052440302084591 ], [ 8.764485837541692, 50.05592240412782 ], [ 8.736578248512487, 50.092478175873019 ], [ 8.717973189459109, 50.109340619424209 ], [ 8.644753288416481, 50.098300382582906 ] ], [ [ 10.289633797617158, 50.086161399909273 ], [ 10.282471025902002, 50.077103878340225 ], [ 10.271169223396127, 50.057726704012289 ], [ 10.253538410624582, 50.051720911213643 ], [ 10.240880391889867, 50.044349133065793 ], [ 10.245853185028384, 50.033425887053248 ], [ 10.26664850203445, 50.025778127660871 ], [ 10.270265078944128, 50.005560297409971 ], [ 10.280438446536181, 50.000000000210534 ], [ 10.303266342908065, 49.986378593392274 ], [ 10.334911390643166, 49.987273796392536 ], [ 10.351638058962711, 49.999804885676809 ], [ 10.351536269061238, 50.000000000210534 ], [ 10.332651029962326, 50.033152773999724 ], [ 10.331294813733487, 50.064277615663784 ], [ 10.341692472685677, 50.094836643318217 ], [ 10.351638058962711, 50.122377544402028 ], [ 10.365200222149424, 50.12701157553812 ], [ 10.35525463587239, 50.136823329761832 ], [ 10.328130309498967, 50.137095849485661 ], [ 10.310951568504262, 50.128374440087079 ], [ 10.296485261763868, 50.116652529986986 ], [ 10.290608324173354, 50.106291229681915 ], [ 10.283375170353999, 50.092381731324288 ], [ 10.289633797617158, 50.086161399909273 ] ], [ [ 10.681872118946584, 50.002444321524742 ], [ 10.698347787195965, 50.000000000210534 ], [ 10.701624117310315, 49.999469418721617 ], [ 10.721469726414856, 49.996519718662775 ], [ 10.723813646586793, 50.000000000210534 ], [ 10.730786809996617, 50.009484333000131 ], [ 10.716811183725662, 50.02074619390109 ], [ 10.728457539550334, 50.036226919161393 ], [ 10.709823370590183, 50.044668836383167 ], [ 10.688859932082062, 50.034819787833207 ], [ 10.667896492675627, 50.037634009024764 ], [ 10.656250137749268, 50.04748247708639 ], [ 10.663237949986431, 50.058735381462583 ], [ 10.649434821809592, 50.066235799672512 ], [ 10.642702350302049, 50.069362560339805 ], [ 10.637615968789115, 50.071391727892326 ], [ 10.633174752821661, 50.072252608811297 ], [ 10.629849828342017, 50.07189844214863 ], [ 10.627246318409169, 50.069706929339247 ], [ 10.625473874979955, 50.067603799526189 ], [ 10.623640343416476, 50.062954536526355 ], [ 10.600347632665441, 50.064360838632197 ], [ 10.591030548185365, 50.082638994140012 ], [ 10.579384193259006, 50.07701569264421 ], [ 10.55609148340629, 50.071391727892326 ], [ 10.542115857135332, 50.058735381462583 ], [ 10.532798772655257, 50.046075677465815 ], [ 10.570067109677247, 50.036226919161393 ], [ 10.609664717145519, 50.034819787833207 ], [ 10.621311072071876, 50.030598145055848 ], [ 10.642274511478313, 50.01370784186868 ], [ 10.681872118946584, 50.002444321524742 ] ], [ [ 9.572050725409765, 49.429608872437754 ], [ 9.590809364037369, 49.424264144441231 ], [ 9.631025253169613, 49.434953015470064 ], [ 9.67124114140354, 49.45810903893517 ], [ 9.695353122880212, 49.470575344151314 ], [ 9.687323109504927, 49.483038459086174 ], [ 9.68999978092946, 49.495498385147528 ], [ 9.679606102412292, 49.499999999800124 ], [ 9.658691502611225, 49.509150618952916 ], [ 9.648972113919363, 49.500565553776099 ], [ 9.647631931720028, 49.499999999800124 ], [ 9.62834858174508, 49.491944948082569 ], [ 9.601537989289689, 49.497282257830811 ], [ 9.592666888703773, 49.499999999800124 ], [ 9.566697382560697, 49.50803728296971 ], [ 9.561555005462843, 49.499999999800124 ], [ 9.558645428732913, 49.495498385147528 ], [ 9.574727396834298, 49.486607052415856 ], [ 9.590809364037369, 49.477699587347274 ], [ 9.596184646440621, 49.468805003458044 ], [ 9.588132692612838, 49.45810903893517 ], [ 9.550615415357624, 49.456338245789638 ], [ 9.572050725409765, 49.429608872437754 ] ] ], [ [ [ 10.341234324704253, 48.513398962816929 ], [ 10.359312030465029, 48.523371663196301 ], [ 10.395020194162813, 48.540880852664728 ], [ 10.432354453153613, 48.553833146921896 ], [ 10.461950075416365, 48.562049318428556 ], [ 10.499090265966448, 48.566109135625176 ], [ 10.49999999973614, 48.566554581770554 ], [ 10.512049514968751, 48.572454183216138 ], [ 10.512934046503153, 48.571653564033312 ], [ 10.534314996802502, 48.569912766698401 ], [ 10.556047535127643, 48.558486377294223 ], [ 10.572594148724903, 48.547423275676991 ], [ 10.593689433865588, 48.553613644138743 ], [ 10.596590035527516, 48.572048526271338 ], [ 10.602259393117125, 48.590798350210527 ], [ 10.665699067065281, 48.608664135548793 ], [ 10.684794694298679, 48.627692537182575 ], [ 10.680575637989191, 48.643120411504803 ], [ 10.705120880520656, 48.653753531474877 ], [ 10.686398815003214, 48.670560359999783 ], [ 10.636539231021581, 48.668151386753799 ], [ 10.617927036649908, 48.670720954335415 ], [ 10.604808406753262, 48.683333283317175 ], [ 10.601182654451273, 48.693272012342767 ], [ 10.517790356895407, 48.718029982006463 ], [ 10.49999999973614, 48.697733182367244 ], [ 10.487817472756042, 48.683829536485071 ], [ 10.473380387313524, 48.663362295580356 ], [ 10.459866221112444, 48.642331601385834 ], [ 10.427629988495605, 48.625690655967723 ], [ 10.392119592500883, 48.626903483794756 ], [ 10.363970572255909, 48.61407232613881 ], [ 10.342655544823684, 48.64899227596608 ], [ 10.339324377052817, 48.649074626802005 ], [ 10.340589964947586, 48.671669909056561 ], [ 10.308705321254855, 48.660544110454239 ], [ 10.302838195063872, 48.671363325934657 ], [ 10.280116815528485, 48.681231448952573 ], [ 10.251022901453595, 48.698919133387072 ], [ 10.230894483832991, 48.691987823490663 ], [ 10.180002109464148, 48.716410948819494 ], [ 10.115309902837248, 48.707279204155753 ], [ 10.09968620758311, 48.71677560074756 ], [ 10.041718122623184, 48.700115599072369 ], [ 10.02077665780523, 48.710488633951982 ], [ 10.005966010646759, 48.703413027527155 ], [ 10.005174937139572, 48.686471274170565 ], [ 9.999999999705929, 48.685056839066704 ], [ 9.979255797737846, 48.679377674392832 ], [ 9.981691129574779, 48.659332096055223 ], [ 9.971379363038478, 48.645428340873629 ], [ 9.980330853859169, 48.627210339530087 ], [ 9.965521402358339, 48.609511944797148 ], [ 9.96459992581125, 48.585694762025142 ], [ 9.996763860217394, 48.567864693601457 ], [ 9.999999999705929, 48.56847552347412 ], [ 10.032466961908549, 48.574593764428606 ], [ 10.067032464971669, 48.580064127863309 ], [ 10.126978232352085, 48.561281034803649 ], [ 10.178112323600947, 48.545359650438385 ], [ 10.202305978106622, 48.552472215059765 ], [ 10.218720746867946, 48.557462118140862 ], [ 10.227840062746646, 48.547013484399486 ], [ 10.243353886855015, 48.530882621366999 ], [ 10.258867710963383, 48.520516326351419 ], [ 10.269217584932351, 48.518202652608402 ], [ 10.295081283009688, 48.522815251171686 ], [ 10.276117500612225, 48.533195712511123 ], [ 10.286467374581191, 48.544715664548946 ], [ 10.290863682869279, 48.554521077361173 ], [ 10.299935172442254, 48.55552789428512 ], [ 10.313550329942521, 48.557038960868674 ], [ 10.322922663507514, 48.533283549494236 ], [ 10.304727980927073, 48.519652372190819 ], [ 10.325427728865009, 48.504552744813324 ], [ 10.326524804490576, 48.50380563712055 ], [ 10.320693356687734, 48.500000000192749 ], [ 10.301519739517998, 48.487608734777226 ], [ 10.206217395567275, 48.472039178887208 ], [ 10.116650332073284, 48.437153481044618 ], [ 10.114850232211417, 48.436811268980868 ], [ 10.110420211049034, 48.446569589373354 ], [ 10.045836242430717, 48.440749939072141 ], [ 10.01880935631616, 48.4383143520595 ], [ 10.011939333873997, 48.448301868002169 ], [ 10.004779992824906, 48.458707887539632 ], [ 9.999999999705929, 48.457918455668811 ], [ 9.968085501403044, 48.452639103021802 ], [ 9.932401637133697, 48.456574413812049 ], [ 9.938654831386021, 48.500000000192749 ], [ 9.940570232709549, 48.513426658176925 ], [ 9.880953818255009, 48.559322857768997 ], [ 9.844266793629789, 48.592953473409658 ], [ 9.824619129196417, 48.586405851993241 ], [ 9.798408013072839, 48.577669619939194 ], [ 9.789236257141113, 48.559322857768997 ], [ 9.81612933470252, 48.521445473687081 ], [ 9.810384168286088, 48.524323406164868 ], [ 9.79285416535404, 48.521848836789033 ], [ 9.768632484309819, 48.516049962181462 ], [ 9.747460453399464, 48.536182077981181 ], [ 9.704918931997838, 48.551521004275273 ], [ 9.672820816254251, 48.560125148550078 ], [ 9.671460541436955, 48.560607990056077 ], [ 9.697788455615459, 48.624214765750658 ], [ 9.70428267414672, 48.652935679146069 ], [ 9.701825242855481, 48.65420625746885 ], [ 9.696779218156689, 48.692177535166586 ], [ 9.661894732319331, 48.729274252488416 ], [ 9.649015993926048, 48.74179893784266 ], [ 9.674663770246744, 48.747702968360642 ], [ 9.72753899863717, 48.789375771582435 ], [ 9.745639438961152, 48.805510991640745 ], [ 9.734844994147966, 48.813969702374337 ], [ 9.722448934929886, 48.84748468911161 ], [ 9.730851927014509, 48.882082010060969 ], [ 9.715208758081642, 48.90086122732977 ], [ 9.715011299399038, 48.92033063093043 ], [ 9.690087540044512, 48.936626754091151 ], [ 9.716722613371484, 48.946790966309877 ], [ 9.711742250130067, 48.971960206274964 ], [ 9.712510147102924, 48.987731641610139 ], [ 9.69656759214374, 49.000000000276607 ], [ 9.696186840312251, 49.000295937702901 ], [ 9.658779262624593, 49.018737277731326 ], [ 9.656560961065356, 49.024488707590585 ], [ 9.684729212443933, 49.031366312891613 ], [ 9.764846824700733, 49.026078305030403 ], [ 9.804237974163886, 49.031389061268101 ], [ 9.852007742621373, 49.03782866626274 ], [ 9.87763925404554, 49.033881799262275 ], [ 9.909234608775749, 49.029016157025012 ], [ 9.973046222082457, 49.023337785777628 ], [ 9.999999999705929, 49.020939067582766 ], [ 10.001680632618161, 49.020789731911371 ], [ 10.027878120400562, 49.03311202604862 ], [ 10.030313484576846, 49.031623094507275 ], [ 10.057231946731553, 49.038416083413345 ], [ 10.051540615451779, 49.052760277819075 ], [ 10.071471264471009, 49.054706669153205 ], [ 10.093731184834837, 49.032486910219674 ], [ 10.118210504499176, 49.032560114207669 ], [ 10.138141153518404, 49.044168897690767 ], [ 10.186594386295193, 49.025942034488004 ], [ 10.239903928565919, 49.029148692314436 ], [ 10.222895854898786, 49.074707618219193 ], [ 10.23520143759808, 49.08800296272495 ], [ 10.26917363575539, 49.09021119323647 ], [ 10.273414667551672, 49.076038776387442 ], [ 10.284204027002035, 49.072323146174639 ], [ 10.311452102594052, 49.083264438576997 ], [ 10.330965240720365, 49.075994892864102 ], [ 10.32241725605731, 49.060003978104433 ], [ 10.32742738587398, 49.027874839383152 ], [ 10.364871516908865, 49.028592301155342 ], [ 10.394470837535644, 49.0246680989871 ], [ 10.412006293241468, 49.023701643338882 ], [ 10.440243210942045, 49.020509276335183 ], [ 10.472479442660569, 49.016159711409287 ], [ 10.49999999973614, 49.013785813749976 ], [ 10.505418851328988, 49.013318375113734 ], [ 10.525085809778032, 49.014402202748101 ], [ 10.574835522613897, 49.018444379308882 ], [ 10.594546429341584, 49.016071837369772 ], [ 10.620071742831175, 49.000000000276607 ], [ 10.626650816224174, 48.995898314562091 ], [ 10.667237264902692, 48.957170833889137 ], [ 10.690178386729619, 48.933097833727871 ], [ 10.695474182603272, 48.909434516733036 ], [ 10.670797094337555, 48.892867845947904 ], [ 10.695891693496186, 48.871991792541735 ], [ 10.710328778938704, 48.846844579592457 ], [ 10.719514017684528, 48.841214168530605 ], [ 10.715492729078104, 48.836645356704992 ], [ 10.727512646618734, 48.812179079782425 ], [ 10.752057889150199, 48.792434291656249 ], [ 10.760913513560398, 48.770773017547363 ], [ 10.768296863000311, 48.741055417826779 ], [ 10.769285705108873, 48.718307108624003 ], [ 10.7438834662031, 48.719969835485976 ], [ 10.713185432321986, 48.722959688251606 ], [ 10.698067144518054, 48.716498465643568 ], [ 10.702681738030288, 48.703982030484163 ], [ 10.716943029459911, 48.690937098690746 ], [ 10.777218411175953, 48.698116609843716 ], [ 10.793281591013173, 48.681392008480692 ], [ 10.757705272151325, 48.671538516434765 ], [ 10.72322766654381, 48.658003227461244 ], [ 10.738389902626388, 48.643208056506005 ], [ 10.754980464502291, 48.641747289659783 ], [ 10.759397290311467, 48.625924456664023 ], [ 10.779723475635132, 48.621920473853791 ], [ 10.787326568264902, 48.607991725217154 ], [ 10.801543932077129, 48.609278099797223 ], [ 10.849623580680079, 48.607494720850568 ], [ 10.850085040749955, 48.592757756458852 ], [ 10.814157133862317, 48.582287206955996 ], [ 10.785744422148843, 48.585387653043782 ], [ 10.790271118205473, 48.571682820270638 ], [ 10.823430269165431, 48.56783543454582 ], [ 10.852128646037572, 48.576436787774767 ], [ 10.893835781660588, 48.578908672824859 ], [ 10.891023077454264, 48.568523011889255 ], [ 10.898208658292802, 48.536533403551473 ], [ 10.910470292713452, 48.507687278018857 ], [ 10.910713533136194, 48.500000000192749 ], [ 10.911327289087764, 48.480789483802447 ], [ 10.905592008631031, 48.457684231566574 ], [ 10.889836467642644, 48.433435564261472 ], [ 10.875641099080145, 48.405920286708053 ], [ 10.873289854045382, 48.375089459969082 ], [ 10.874392472276254, 48.362384148331252 ], [ 10.872740497418217, 48.36232136439876 ], [ 10.833406580520132, 48.360532410750992 ], [ 10.835472160396227, 48.331973316842195 ], [ 10.800818760775817, 48.32446351666583 ], [ 10.803389749000434, 48.302553579050183 ], [ 10.835911645877623, 48.306324800444003 ], [ 10.843536712197556, 48.297180195555526 ], [ 10.856919033562704, 48.299539312118185 ], [ 10.862324700582125, 48.29024783692585 ], [ 10.878256035583409, 48.286766736796999 ], [ 10.880240322417869, 48.286493925745155 ], [ 10.874674231560066, 48.268701966377947 ], [ 10.878893288767864, 48.226822365612939 ], [ 10.861885215100731, 48.221265953829999 ], [ 10.856018088909746, 48.214162779927904 ], [ 10.870059638047829, 48.205672676222427 ], [ 10.851359547118866, 48.179201309385121 ], [ 10.825781514200196, 48.132967496346417 ], [ 10.733225952486984, 48.131959407428219 ], [ 10.744476771108909, 48.103417841207708 ], [ 10.781745107232583, 48.055579003935165 ], [ 10.737862520587701, 48.030098383263628 ], [ 10.76930767879904, 48.024461955725528 ], [ 10.774647422951336, 48.010214403293631 ], [ 10.78675523794757, 48.00094331394267 ], [ 10.797127193404535, 48.000000000254126 ], [ 10.799961764401505, 47.999744698693355 ], [ 10.800407742905774, 48.000000000254126 ], [ 10.811212583023428, 48.006245468899415 ], [ 10.835595590712895, 48.000000000254126 ], [ 10.84615164870082, 47.997322171799532 ], [ 10.843251047038892, 47.975920635486361 ], [ 10.850810190491702, 47.945885401467613 ], [ 10.864346332179577, 47.928282894322216 ], [ 10.874872000161441, 47.922748187561496 ], [ 10.872960239709757, 47.900254588879335 ], [ 10.854238174192314, 47.85823440047308 ], [ 10.820727436104878, 47.827882949673125 ], [ 10.785634551003072, 47.80361513584289 ], [ 10.790271118205473, 47.790595782286985 ], [ 10.813717648380921, 47.786065908421442 ], [ 10.827077995157589, 47.772022233330524 ], [ 10.842679716721561, 47.769967807709847 ], [ 10.853293281260715, 47.759898482889767 ], [ 10.846437313859486, 47.753252528799869 ], [ 10.83367027198863, 47.732667974013623 ], [ 10.817607091253096, 47.705919150575781 ], [ 10.77350476141836, 47.645209089989621 ], [ 10.747311449903711, 47.604662124806985 ], [ 10.734786124912878, 47.577042863251272 ], [ 10.713031611999257, 47.557719673209704 ], [ 10.69521049113477, 47.544418929104303 ], [ 10.646867130402066, 47.546292066881016 ], [ 10.591030548185365, 47.549365037411491 ], [ 10.555322384487582, 47.522960848826216 ], [ 10.509440139935414, 47.521247920156135 ], [ 10.49999999973614, 47.524167833370669 ], [ 10.483312750389576, 47.529328936480312 ], [ 10.472171803811738, 47.554705720572507 ], [ 10.454790167530334, 47.563074129391616 ], [ 10.431277715386074, 47.558743792150175 ], [ 10.440748619290565, 47.542487185902338 ], [ 10.44929660395362, 47.528977614280848 ], [ 10.425725737061384, 47.500000000208502 ], [ 10.421235480265937, 47.494530595665431 ], [ 10.434595827940919, 47.478989716713592 ], [ 10.428223293401416, 47.464445882344158 ], [ 10.432486298887861, 47.453019891803727 ], [ 10.400931268632437, 47.431206301491322 ], [ 10.403370411122806, 47.415515805416398 ], [ 10.377726455337012, 47.399268279116683 ], [ 10.341117346986273, 47.377054202265136 ], [ 10.329361120914145, 47.331098762786283 ], [ 10.26381191791293, 47.305157416835144 ], [ 10.230103411224121, 47.287287996124689 ], [ 10.205908022071633, 47.284387481132093 ], [ 10.195230268413853, 47.283107393253886 ], [ 10.18575936450936, 47.29356555944134 ], [ 10.211007783092407, 47.31227727742688 ], [ 10.191187005218948, 47.334285956576274 ], [ 10.215930016351788, 47.344530236377643 ], [ 10.222192678847206, 47.376836085356217 ], [ 10.181891895327352, 47.388758472976413 ], [ 10.166268200073214, 47.39061928420265 ], [ 10.158401416873261, 47.375483740868361 ], [ 10.130142524584201, 47.35998018075005 ], [ 10.115287928248767, 47.382957552470536 ], [ 10.081403627547063, 47.374102277456402 ], [ 10.054946624563916, 47.419249988954206 ], [ 10.075382681931666, 47.438730259067242 ], [ 10.096565863629641, 47.451974440911478 ], [ 10.086369809085088, 47.469178153491079 ], [ 10.05804499482722, 47.468089478395456 ], [ 10.044069368556263, 47.482704857395184 ], [ 10.017348674104616, 47.488581786000076 ], [ 10.011195882754969, 47.496677804319575 ], [ 10.001191175654141, 47.500000000208502 ], [ 9.999999999705929, 47.500399339660405 ], [ 9.985355098005584, 47.50531645278479 ], [ 9.971116083896693, 47.526240145430677 ], [ 9.984850479276197, 47.56738947868336 ], [ 9.999999999705929, 47.570469189205532 ], [ 10.018337516213178, 47.574190912686461 ], [ 10.039872285936944, 47.569802992668592 ], [ 10.139459609064275, 47.601241582727695 ], [ 10.145678323281048, 47.625078371905587 ], [ 10.164268543064241, 47.634750271439088 ], [ 10.235399206199455, 47.635539138124116 ], [ 10.255132087515625, 47.65311023574364 ], [ 10.228938775102662, 47.678893776770259 ], [ 10.160774636496502, 47.671770274575024 ], [ 10.094632128589476, 47.650393896162079 ], [ 10.073426973201338, 47.671536700132876 ], [ 10.039520697911152, 47.679025143697707 ], [ 10.005987984336921, 47.66771177622357 ], [ 9.999999999705929, 47.661715268147155 ], [ 9.981581430007227, 47.643237267122153 ], [ 9.950931349992612, 47.645150666734345 ], [ 9.919162333849989, 47.669522080628724 ], [ 9.86211851919769, 47.668689932216161 ], [ 9.85679314988657, 47.662463878021477 ], [ 9.830670533089839, 47.682452237324107 ], [ 9.781096804709708, 47.676562890013386 ], [ 9.76393733976437, 47.692773037250561 ], [ 9.767228328587528, 47.72756430317223 ], [ 9.712137168393586, 47.755963481522642 ], [ 9.684536738512842, 47.754083319841982 ], [ 9.678766536947755, 47.738485544512294 ], [ 9.697832334723829, 47.721585078135718 ], [ 9.656453630355209, 47.717384623814056 ], [ 9.637475591694187, 47.729562085881355 ], [ 9.610445600103697, 47.743092479597735 ], [ 9.532251694993541, 47.75105159714208 ], [ 9.531834836277522, 47.723845597995791 ], [ 9.580673116629489, 47.720345395863767 ], [ 9.583744707215857, 47.700579400502669 ], [ 9.56292371456234, 47.689723129183093 ], [ 9.522422606734128, 47.69947053054792 ], [ 9.523285020847919, 47.674214964809792 ], [ 9.499999999675717, 47.681960690753804 ], [ 9.494659545854347, 47.683737020719668 ], [ 9.481972378585294, 47.687956756034367 ], [ 9.492737883273287, 47.698580499555028 ], [ 9.473694025949714, 47.717034570877431 ], [ 9.497345268703684, 47.731399394323994 ], [ 9.489293314875898, 47.76247793220486 ], [ 9.499999999675717, 47.764767671460469 ], [ 9.533107351979764, 47.771847391891605 ], [ 9.52992606272416, 47.801853200086455 ], [ 9.499999999675717, 47.795592505105091 ], [ 9.497279449142816, 47.795023313324144 ], [ 9.458226376145262, 47.799465026752948 ], [ 9.448528927905901, 47.768161010698975 ], [ 9.423276069848722, 47.765494413661187 ], [ 9.430428486683603, 47.738106474625774 ], [ 9.421608635882961, 47.700535629363145 ], [ 9.385846551708564, 47.700010378262668 ], [ 9.381382479905335, 47.674287596982282 ], [ 9.381180166726939, 47.673121532291411 ], [ 9.358421641854552, 47.674062163404301 ], [ 9.3296583949408, 47.673711817737683 ], [ 9.270596108065902, 47.689591789358197 ], [ 9.253680423430792, 47.705233475812427 ], [ 9.247699031535671, 47.717913941669693 ], [ 9.256307257221678, 47.722159586824503 ], [ 9.256307257221678, 47.731937408754867 ], [ 9.255387831528383, 47.748433295064089 ], [ 9.251740653508552, 47.751996646906989 ], [ 9.262586166647324, 47.758454569422888 ], [ 9.269179228605925, 47.76187049943703 ], [ 9.328482237925826, 47.788429242403417 ], [ 9.350254507837668, 47.809351200460547 ], [ 9.359283024702394, 47.818024624223831 ], [ 9.372154996086643, 47.86619521929871 ], [ 9.373040234595171, 47.901684826702549 ], [ 9.383477039432497, 47.899949375631721 ], [ 9.41116522932661, 47.909032330753135 ], [ 9.402784176796173, 47.941717695760616 ], [ 9.411450448920894, 47.9490073285262 ], [ 9.431130564095589, 47.952230701024149 ], [ 9.443833783360455, 47.963902843685176 ], [ 9.44361438422535, 47.983074820025614 ], [ 9.437515212416699, 48.000000000254126 ], [ 9.437361504383379, 48.000430645573147 ], [ 9.435512868546713, 48.000000000254126 ], [ 9.413907720312011, 47.995015588248613 ], [ 9.392182137642115, 48.000000000254126 ], [ 9.387667566146876, 48.001045846639833 ], [ 9.386306758628617, 48.000000000254126 ], [ 9.380120231048476, 47.995291222838013 ], [ 9.387667566146876, 47.978503803056562 ], [ 9.38196318504097, 47.965847942782347 ], [ 9.363270365974234, 47.962465745586762 ], [ 9.354011716005074, 47.969752434341643 ], [ 9.344489786894128, 47.984845072930504 ], [ 9.345915882170605, 47.993332731686706 ], [ 9.344907523264181, 48.000000000254126 ], [ 9.344489786894128, 48.002788877755478 ], [ 9.330799271521308, 48.022295060431347 ], [ 9.314366265163086, 48.034621716365827 ], [ 9.283803945161837, 48.037476041788338 ], [ 9.262171175528781, 48.042379254199645 ], [ 9.254645779984566, 48.054174314654354 ], [ 9.269499111492078, 48.077405265696861 ], [ 9.287029114424124, 48.089718657317874 ], [ 9.281039513723936, 48.10774467530964 ], [ 9.275993330023338, 48.120854498102943 ], [ 9.261469097218477, 48.128292131813645 ], [ 9.246703525724332, 48.144245050633998 ], [ 9.233254349939111, 48.156454721156507 ], [ 9.224961056523725, 48.191548542846192 ], [ 9.233364049506662, 48.211478776401918 ], [ 9.206663156618822, 48.231342883199723 ], [ 9.179150485853128, 48.234813201638907 ], [ 9.155740582686759, 48.236125444929051 ], [ 9.143168996255422, 48.233734225976299 ], [ 9.09376028390141, 48.2760014898763 ], [ 9.12480528307786, 48.274937951693865 ], [ 9.14448539915087, 48.275025366557088 ], [ 9.169672436748867, 48.277181554025091 ], [ 9.201222053756387, 48.285237307736665 ], [ 9.231850194216818, 48.292155786699574 ], [ 9.22504881653709, 48.315875366526065 ], [ 9.201353693776438, 48.337837755468456 ], [ 9.173292525172991, 48.346451283151751 ], [ 9.187597358842748, 48.354830607614929 ], [ 9.211314421157585, 48.358568851778514 ], [ 9.245891748744793, 48.36178323048766 ], [ 9.248502599710143, 48.38557201378206 ], [ 9.263816669940359, 48.385179502294001 ], [ 9.288169991004633, 48.388813751114647 ], [ 9.303484060336533, 48.390950567629147 ], [ 9.330031373650138, 48.39634308366535 ], [ 9.340365080638936, 48.386662307560627 ], [ 9.353550977282371, 48.39877025501653 ], [ 9.3683823692357, 48.418590216085839 ], [ 9.40074376322276, 48.420798411299948 ], [ 9.428475833123555, 48.417093818749265 ], [ 9.440301454949697, 48.392680305053467 ], [ 9.479749446210768, 48.390485418303776 ], [ 9.499999999675717, 48.386902992907586 ], [ 9.505879900808354, 48.385862761446013 ], [ 9.520755172768366, 48.390441810036045 ], [ 9.510443406232069, 48.402723242778002 ], [ 9.517924921769598, 48.421902472424563 ], [ 9.540150069247092, 48.417122875412602 ], [ 9.552633888478539, 48.427712923311127 ], [ 9.538921433551534, 48.439898173413354 ], [ 9.572884442841803, 48.445430672128587 ], [ 9.57856688349521, 48.461603581044173 ], [ 9.613363610217515, 48.461937437581 ], [ 9.624333575057436, 48.472474553641362 ], [ 9.663167248021569, 48.472779313613884 ], [ 9.66810373215462, 48.459527815120026 ], [ 9.697854275176327, 48.454200109553703 ], [ 9.698819631730101, 48.438939726285803 ], [ 9.729403892183848, 48.435309079665096 ], [ 9.743511266272689, 48.412415475101078 ], [ 9.736885407721381, 48.390848816280545 ], [ 9.785811448086713, 48.39212795864114 ], [ 9.823285651124051, 48.390895890117825 ], [ 9.828802815239905, 48.385869616788241 ], [ 9.848852671595651, 48.367599494289806 ], [ 9.876067461911445, 48.354068485742957 ], [ 9.885539696220873, 48.349358106938247 ], [ 9.905101515849065, 48.356341980164792 ], [ 9.945156110675411, 48.370639086536606 ], [ 9.999999999705929, 48.382754404414975 ], [ 10.013966098444982, 48.385834310898318 ], [ 10.0190845992209, 48.387950644404867 ], [ 10.02591910407336, 48.390776351921595 ], [ 10.07826883958214, 48.379756768278568 ], [ 10.098646090536446, 48.395933099943605 ], [ 10.120627672401064, 48.394119285384164 ], [ 10.146029911306838, 48.389526033713743 ], [ 10.181254642142896, 48.366189942792282 ], [ 10.217424265910555, 48.360416053911642 ], [ 10.226301864909235, 48.329164549237241 ], [ 10.250517494003388, 48.327301653595399 ], [ 10.274183766470376, 48.336164349825395 ], [ 10.261878183771081, 48.347877029636649 ], [ 10.25515406120579, 48.371905008631337 ], [ 10.301343945505106, 48.394482657854034 ], [ 10.345116661004216, 48.427451467540372 ], [ 10.374935725719167, 48.454737260642489 ], [ 10.409127666168018, 48.462314837625108 ], [ 10.4026013122041, 48.446824591561686 ], [ 10.42499307830218, 48.441001817776446 ], [ 10.458306048686552, 48.43812648406449 ], [ 10.496167689716037, 48.441088946472966 ], [ 10.485773867468426, 48.453691988381415 ], [ 10.49001489836639, 48.466393483765131 ], [ 10.49999999973614, 48.474274698812636 ], [ 10.502518249667059, 48.476262152338485 ], [ 10.49999999973614, 48.476308504561487 ], [ 10.463887509718868, 48.476973202878767 ], [ 10.42864080429433, 48.480484772228877 ], [ 10.413105006495798, 48.488696828025873 ], [ 10.392888691419589, 48.494847739317123 ], [ 10.388104396268714, 48.500000000192749 ], [ 10.377089202152556, 48.511978636509646 ], [ 10.341234324704253, 48.513398962816929 ] ], [ [ 10.358366025419105, 48.028113721930424 ], [ 10.400865345765315, 48.006538390090995 ], [ 10.404237875565125, 48.000000000254126 ], [ 10.420817969373021, 47.968155837779818 ], [ 10.454504502371668, 47.969157344872329 ], [ 10.471996009798843, 47.968213896651761 ], [ 10.47720390821689, 47.948978288541291 ], [ 10.492827603471028, 47.94954457162374 ], [ 10.499771467429548, 47.966602737529342 ], [ 10.49999999973614, 47.966859365384472 ], [ 10.514494218929045, 47.983132862626576 ], [ 10.517987008890886, 48.000000000254126 ], [ 10.520647010278692, 48.012967579405355 ], [ 10.54510435535455, 48.016350268745093 ], [ 10.545654555499768, 48.018128024349934 ], [ 10.546135960863898, 48.019683448897794 ], [ 10.577559531660642, 48.021179045907616 ], [ 10.587041495622911, 48.006961592310745 ], [ 10.62971033614807, 48.005381631871238 ], [ 10.636821808670614, 48.073275969273297 ], [ 10.667638193793778, 48.089052450012183 ], [ 10.68897261315804, 48.126896146185928 ], [ 10.646303773531198, 48.136352690870581 ], [ 10.603634933904354, 48.119014354519237 ], [ 10.603634933904354, 48.093784445112867 ], [ 10.538039672481894, 48.041081989154563 ], [ 10.53662229355862, 48.042437797150811 ], [ 10.514494218929045, 48.045511210499534 ], [ 10.501683227881228, 48.05237449943958 ], [ 10.505243057316093, 48.072622424957316 ], [ 10.500364772335356, 48.099397650176279 ], [ 10.49999999973614, 48.099841533382303 ], [ 10.486608889254256, 48.116134179973677 ], [ 10.440375056676297, 48.144581001801605 ], [ 10.420795995682857, 48.173449921720952 ], [ 10.403348436534328, 48.142068618193569 ], [ 10.378297786552656, 48.143894490849185 ], [ 10.354719410642957, 48.105581303760921 ], [ 10.370431003352703, 48.099470747633269 ], [ 10.345622069352739, 48.088870561477123 ], [ 10.341346173940281, 48.065948245153756 ], [ 10.309694036700959, 48.062229536591353 ], [ 10.221985866007548, 48.052759267297759 ], [ 10.179317025482391, 48.030655157019659 ], [ 10.146130149817818, 48.029075926879671 ], [ 10.11294327505156, 48.018019952719094 ], [ 10.100926517784098, 48.000000000254126 ], [ 10.093979346228705, 47.989680473957513 ], [ 10.09872032820984, 47.958368266007909 ], [ 10.117684257032694, 47.944271539721377 ], [ 10.134277694415825, 47.956802153989599 ], [ 10.146130149817818, 47.934871573374828 ], [ 10.176946534940981, 47.920768399250285 ], [ 10.212503901146963, 47.922335609789208 ], [ 10.207762919165829, 47.947404480149231 ], [ 10.19353997232411, 47.970895441681165 ], [ 10.188798990342976, 47.984984860560886 ], [ 10.20065144574497, 47.994375658189377 ], [ 10.221985866007548, 47.994375658189377 ], [ 10.229194811128311, 48.000000000254126 ], [ 10.248061267352949, 48.014860664784031 ], [ 10.285989124998656, 48.029075926879671 ], [ 10.309694036700959, 48.006961592310745 ], [ 10.358366025419105, 48.028113721930424 ] ], [ [ 9.572160424977316, 47.835741702732825 ], [ 9.58365694720249, 47.815364686817126 ], [ 9.635413238566592, 47.804445117029871 ], [ 9.656124530754242, 47.797775764364566 ], [ 9.679446674805559, 47.799829084575599 ], [ 9.712202987954456, 47.804284946441243 ], [ 9.725871563773092, 47.831812475866634 ], [ 9.677757300387299, 47.855747010145436 ], [ 9.692084073611241, 47.861419829664946 ], [ 9.686681147351752, 47.866180879927491 ], [ 9.678565567649022, 47.869712659175129 ], [ 9.668570832746164, 47.873447632118349 ], [ 9.647392439068652, 47.880063006111946 ], [ 9.638531122034497, 47.87616754706756 ], [ 9.632160863825924, 47.874584473808667 ], [ 9.627595603094148, 47.87422995886692 ], [ 9.617301607929111, 47.877524615103674 ], [ 9.614614186365575, 47.880819061187111 ], [ 9.591752781036959, 47.872341884869513 ], [ 9.572160424977316, 47.835741702732825 ] ], [ [ 9.90472586016018, 47.723189327929255 ], [ 9.956196932828311, 47.714190300781816 ], [ 9.994491103683949, 47.728563495995559 ], [ 9.995899865967019, 47.729124621936229 ], [ 9.999999999705929, 47.730778356504281 ], [ 10.032972369358754, 47.744054635929935 ], [ 10.035631254140663, 47.7712354418953 ], [ 9.999999999705929, 47.778968079008102 ], [ 9.994218828812908, 47.780224553200334 ], [ 9.980023694710702, 47.801358100129924 ], [ 9.990818139523887, 47.814331066353894 ], [ 9.992814673090615, 47.829920519227947 ], [ 9.943647294035999, 47.810851544634751 ], [ 9.934542223641072, 47.797673824573486 ], [ 9.9541784597074, 47.774921603845975 ], [ 9.937701573342494, 47.759563290565545 ], [ 9.906261655902522, 47.757595815161615 ], [ 9.90472586016018, 47.723189327929255 ] ], [ [ 9.815311649503359, 48.099888450195863 ], [ 9.798319415829628, 48.09062375061842 ], [ 9.769774313104525, 48.077939505013198 ], [ 9.686042011298461, 48.086818807576599 ], [ 9.678429984024875, 48.070327447701246 ], [ 9.691751032202806, 48.046215124793491 ], [ 9.667011942216183, 48.050023088838842 ], [ 9.653690894936565, 48.043676324336722 ], [ 9.672720963120529, 48.02336139100224 ], [ 9.687945017667699, 48.02082145750294 ], [ 9.710781100386768, 48.036059168233663 ], [ 9.72029613492791, 48.051292347445369 ], [ 9.764065292200181, 48.053830769643113 ], [ 9.784998367651696, 48.048753798761055 ], [ 9.81164046400756, 48.039867888212939 ], [ 9.83637955309587, 48.047484477211896 ], [ 9.845894587637007, 48.06271425691989 ], [ 9.815311649503359, 48.099888450195863 ] ], [ [ 10.613782583628138, 47.952082076317758 ], [ 10.603634933904354, 47.933304744948217 ], [ 10.539631674014933, 47.897254511564824 ], [ 10.542002164556344, 47.8847093766177 ], [ 10.546743147435794, 47.870592445666034 ], [ 10.563336584818924, 47.853333163272843 ], [ 10.587041495622911, 47.869023658709942 ], [ 10.598893951024907, 47.8847093766177 ], [ 10.601264442464631, 47.894118514755668 ], [ 10.648674264970923, 47.886277685837157 ], [ 10.681861139737183, 47.875298519280804 ], [ 10.698454578018627, 47.886277685837157 ], [ 10.696084086578901, 47.905093668525801 ], [ 10.648674264970923, 47.917633835479755 ], [ 10.63208082668948, 47.933304744948217 ], [ 10.62971033614807, 47.947404480149231 ], [ 10.613782583628138, 47.952082076317758 ] ], [ [ 9.535038065985626, 48.268337691145106 ], [ 9.538767853977301, 48.251607361495829 ], [ 9.567026481263349, 48.255936206555582 ], [ 9.587540314768399, 48.254566174512604 ], [ 9.599716974851377, 48.241446974283839 ], [ 9.603271243714634, 48.231065830657769 ], [ 9.64519844681932, 48.211216203416051 ], [ 9.669112968715075, 48.196612086607587 ], [ 9.677159656618665, 48.197741465502482 ], [ 9.681308058634423, 48.201405062247808 ], [ 9.683446543084033, 48.204840948799678 ], [ 9.684266438138796, 48.209821187377862 ], [ 9.684105399852758, 48.212171963081076 ], [ 9.683944360668404, 48.213083360864722 ], [ 9.676484784685057, 48.22718693843197 ], [ 9.668059852147936, 48.261896874805103 ], [ 9.65129774708706, 48.270756428990765 ], [ 9.623916716341418, 48.261605416033433 ], [ 9.59572390771792, 48.290029364690582 ], [ 9.557987231327608, 48.283751532207489 ], [ 9.535038065985626, 48.268337691145106 ] ], [ [ 9.467816099314071, 48.01275011280611 ], [ 9.469657078809572, 48.010170468161085 ], [ 9.486287544748711, 48.011942477990011 ], [ 9.487582969287329, 48.000000000254126 ], [ 9.488481537896359, 47.991794901435085 ], [ 9.499999999675717, 47.989975707090373 ], [ 9.519438777059442, 47.986905454669952 ], [ 9.540983786679131, 47.973424417691625 ], [ 9.557965290875108, 47.958517147067994 ], [ 9.571173127971043, 47.965702788488514 ], [ 9.55590293774751, 47.982407332029901 ], [ 9.564437569852183, 47.99977370996951 ], [ 9.541466464956017, 47.999947779090462 ], [ 9.541423028717084, 48.000000000254126 ], [ 9.531681256703289, 48.011825322306123 ], [ 9.545744750785447, 48.027448607888736 ], [ 9.53339257157405, 48.046403928925592 ], [ 9.499999999675717, 48.053010518884392 ], [ 9.498924943554393, 48.053223200570358 ], [ 9.488810636599011, 48.035221869647714 ], [ 9.474352223355019, 48.033172536590797 ], [ 9.471084270929008, 48.02521859106929 ], [ 9.469820311679847, 48.021666351032728 ], [ 9.467816099314071, 48.01275011280611 ] ], [ [ 10.077953669257967, 48.2052787710141 ], [ 10.101927581472101, 48.153840695636845 ], [ 10.161851375162353, 48.15889338404201 ], [ 10.159522103817755, 48.193401828772714 ], [ 10.120891363869564, 48.222534794377438 ], [ 10.11302458066961, 48.218626080504926 ], [ 10.104059084215324, 48.207948512777961 ], [ 10.077953669257967, 48.2052787710141 ] ], [ [ 10.306794743884399, 47.740801231617077 ], [ 10.302582563280099, 47.737074980765392 ], [ 10.283618634457248, 47.719771015563424 ], [ 10.269395687615527, 47.705608923932978 ], [ 10.271766179055252, 47.689868724222748 ], [ 10.32628747408409, 47.685145732302033 ], [ 10.357103858308937, 47.699313417852494 ], [ 10.345251402906943, 47.716624218920153 ], [ 10.306794743884399, 47.740801231617077 ] ], [ [ 9.672754996693381, 47.921077489381481 ], [ 9.697985914298064, 47.917968394469774 ], [ 9.714024002392765, 47.921295409850067 ], [ 9.723129072787691, 47.895850621066359 ], [ 9.741229514009991, 47.89157710337539 ], [ 9.763191382345697, 47.902463698181904 ], [ 9.751475460087109, 47.927803534068033 ], [ 9.747482392953648, 47.953145405309655 ], [ 9.728394655623392, 47.955192540585635 ], [ 9.705357730268044, 47.938072491526981 ], [ 9.676045986414852, 47.934920851485927 ], [ 9.672754996693381, 47.921077489381481 ] ], [ [ 10.553168907155881, 48.464346944384701 ], [ 10.566155692216592, 48.455724442379548 ], [ 10.607269522933795, 48.457161628358435 ], [ 10.624585236348077, 48.470079947783169 ], [ 10.641900948864041, 48.474390156483892 ], [ 10.659216661380007, 48.484445877876198 ], [ 10.638484391733842, 48.487151003591592 ], [ 10.622409784427894, 48.490176597132859 ], [ 10.61164239956601, 48.495461628547595 ], [ 10.606867882577005, 48.500000000192749 ], [ 10.605116045602093, 48.501681692209353 ], [ 10.602604321931715, 48.500000000192749 ], [ 10.58995381041783, 48.491612801817055 ], [ 10.585646855754424, 48.478699996890235 ], [ 10.563980241194724, 48.477263424342603 ], [ 10.556122906474927, 48.470811838574136 ], [ 10.553168907155881, 48.464346944384701 ] ], [ [ 9.444899500596083, 48.098131060882366 ], [ 9.45197216679667, 48.086818807576599 ], [ 9.491935311330465, 48.093160222384761 ], [ 9.499547338604049, 48.114715147849139 ], [ 9.499999999675717, 48.11561974736653 ], [ 9.50906237314519, 48.133726649526551 ], [ 9.499999999675717, 48.134157687824235 ], [ 9.486386056697715, 48.134805208070276 ], [ 9.486967682606515, 48.135567982658465 ], [ 9.479777543716226, 48.137064445072447 ], [ 9.442457133153846, 48.102036881209131 ], [ 9.444899500596083, 48.098131060882366 ] ], [ [ 9.868678558188131, 48.827462814664742 ], [ 9.881775818062483, 48.809886551815552 ], [ 9.886316286190734, 48.811624410133199 ], [ 9.890925645219809, 48.813314604082358 ], [ 9.945292788447576, 48.810883385606829 ], [ 9.946740604089307, 48.815852261706667 ], [ 9.946982162865837, 48.819502611431616 ], [ 9.946609184156499, 48.824512400251685 ], [ 9.946236205447166, 48.826589584642299 ], [ 9.914247789271126, 48.827419153734724 ], [ 9.882807871831156, 48.829063696522162 ], [ 9.868678558188131, 48.827462814664742 ] ], [ [ 10.561804789274539, 48.37235578789079 ], [ 10.57263809700355, 48.360852390680755 ], [ 10.587778358497648, 48.360852390680755 ], [ 10.602940594580225, 48.370916188511075 ], [ 10.611598451287366, 48.389613251192081 ], [ 10.585624882064259, 48.388174142673293 ], [ 10.561826763863021, 48.388174142673293 ], [ 10.561804789274539, 48.37235578789079 ] ] ], [ [ [ 10.967051672623795, 51.640210645505768 ], [ 10.99663134709531, 51.634693162165952 ], [ 10.999999999766354, 51.636180393984432 ], [ 11.02913126938402, 51.649039554362247 ], [ 11.078199780756783, 51.633712725151675 ], [ 11.11403979108713, 51.618036088372705 ], [ 11.17682023726235, 51.603122992747302 ], [ 11.208682907264921, 51.60923464309348 ], [ 11.230041882975788, 51.606212064533494 ], [ 11.264080004000224, 51.600086745983347 ], [ 11.338550754278764, 51.599251410791275 ], [ 11.338307741129787, 51.621961891928656 ], [ 11.348197452196152, 51.639091617637675 ], [ 11.38880587546315, 51.669326012693688 ], [ 11.423657043684935, 51.68567300757784 ], [ 11.470000747408664, 51.696801453328654 ], [ 11.499999999796566, 51.690935487826962 ], [ 11.521969860443358, 51.68663908142134 ], [ 11.553788581268964, 51.674727133903616 ], [ 11.585233740378619, 51.642668359146327 ], [ 11.615470315088171, 51.64285381201752 ], [ 11.650497277322851, 51.635726572865224 ], [ 11.716112402292874, 51.63617702663263 ], [ 11.751600824597434, 51.595578404784554 ], [ 11.85676960875708, 51.552434717538176 ], [ 11.856681711301476, 51.521032839159098 ], [ 11.847760164024153, 51.510910554744115 ], [ 11.82033629441924, 51.502367287795174 ], [ 11.781310017268298, 51.503005099027895 ], [ 11.761137651369047, 51.504812181843583 ], [ 11.760666411340674, 51.500000000093614 ], [ 11.759577478943157, 51.489000138147837 ], [ 11.817413718168831, 51.486239402266087 ], [ 11.821456981363735, 51.471341678030164 ], [ 11.827257208218878, 51.470969900935543 ], [ 11.826598956914657, 51.467290965934453 ], [ 11.794077059139152, 51.455426085110417 ], [ 11.785265383007598, 51.421392730970538 ], [ 11.727582964104652, 51.41777206190843 ], [ 11.704444073676349, 51.435280259635817 ], [ 11.638763024940888, 51.438359951876855 ], [ 11.605208337676492, 51.437372894161591 ], [ 11.598000782249473, 51.45942523839409 ], [ 11.585145842923014, 51.457175758116186 ], [ 11.535857589258709, 51.473906065806034 ], [ 11.54965742151677, 51.490525043828406 ], [ 11.526101020195552, 51.491024570554352 ], [ 11.523073081443785, 51.500000000093614 ], [ 11.521156812347693, 51.505742270273004 ], [ 11.548009352533589, 51.51039242448941 ], [ 11.549327807181143, 51.528669548907295 ], [ 11.499999999796566, 51.53138076812786 ], [ 11.499314402876781, 51.531418449639112 ], [ 11.433962969375257, 51.523901736908059 ], [ 11.337122427587122, 51.539186178867268 ], [ 11.332947318657967, 51.554651278590988 ], [ 11.311939930972887, 51.551452494164629 ], [ 11.289636062330414, 51.558208167418115 ], [ 11.247555364093131, 51.547257894244403 ], [ 11.259773050235134, 51.528802350231352 ], [ 11.241775650267499, 51.500000000093614 ], [ 11.23865579050597, 51.495060020638043 ], [ 11.224837572428989, 51.500000000093614 ], [ 11.21391277937313, 51.503948511374581 ], [ 11.210174834678677, 51.500000000093614 ], [ 11.185961527729532, 51.474695079003851 ], [ 11.196157581375768, 51.457412550939026 ], [ 11.217472608807993, 51.436372653228098 ], [ 11.219274498113906, 51.406868814958308 ], [ 11.214253805007809, 51.395394723467895 ], [ 11.193542645770821, 51.385660574807488 ], [ 11.138362226275305, 51.368207590537793 ], [ 11.132586062591677, 51.369543609098777 ], [ 11.118940049758031, 51.3815495112786 ], [ 11.103777813675453, 51.376555124357388 ], [ 11.099360988764595, 51.354963583220545 ], [ 11.079825876049799, 51.349109168292721 ], [ 11.056950676191683, 51.330578418024274 ], [ 11.043282689667871, 51.342502270040143 ], [ 11.021154615038295, 51.336276930749136 ], [ 11.034383116979026, 51.318097242788582 ], [ 11.001509631177731, 51.317806942625367 ], [ 10.999999999766354, 51.318581032510629 ], [ 10.98015065546686, 51.328757909428511 ], [ 10.964504985624242, 51.316065100612171 ], [ 10.981930570184293, 51.307368092932919 ], [ 10.999999999766354, 51.289088391523386 ], [ 11.011617788266678, 51.277331543323854 ], [ 10.999999999766354, 51.248160098911534 ], [ 10.999158386142968, 51.246046142777843 ], [ 10.948463779477189, 51.248768611669661 ], [ 10.934927638687627, 51.262074657632695 ], [ 10.883595778837389, 51.264162047263731 ], [ 10.80295026351904, 51.261665094987791 ], [ 10.792204852347322, 51.28768483093048 ], [ 10.767681584404338, 51.289599403614652 ], [ 10.764956776755303, 51.264915069545729 ], [ 10.667962415542751, 51.276671177604307 ], [ 10.626628841635693, 51.282653743219285 ], [ 10.587009259578942, 51.258388464578701 ], [ 10.577394595584584, 51.2555854151856 ], [ 10.576615437331327, 51.256551862953842 ], [ 10.566199640495235, 51.281570864202322 ], [ 10.554795002448898, 51.306694962594179 ], [ 10.540072250949398, 51.319970956465959 ], [ 10.516208210779352, 51.333309044123034 ], [ 10.49999999973614, 51.337455514892667 ], [ 10.47542399349946, 51.343741960474006 ], [ 10.444550164707135, 51.345495933436247 ], [ 10.410336249669806, 51.331805241164339 ], [ 10.398931611623466, 51.315827571396575 ], [ 10.364717696586135, 51.288424261705245 ], [ 10.376122334632475, 51.265575605126642 ], [ 10.424817284289281, 51.227777625239405 ], [ 10.443289440291313, 51.217796042373877 ], [ 10.429695568371704, 51.198707463218618 ], [ 10.404842686093092, 51.197490293651015 ], [ 10.387658819311378, 51.188042898381816 ], [ 10.388183196485437, 51.170039736534605 ], [ 10.360366794542401, 51.173934340371922 ], [ 10.339249534813234, 51.181545030637274 ], [ 10.314704292281771, 51.196140784567092 ], [ 10.285039047889551, 51.193296102016042 ], [ 10.257505299952346, 51.184588931093572 ], [ 10.224917486496238, 51.197146304769205 ], [ 10.234805901293646, 51.220320071273321 ], [ 10.170289488679638, 51.225953017142963 ], [ 10.117397457301823, 51.239040989157637 ], [ 10.09272036903611, 51.250301580928031 ], [ 10.089797792785703, 51.28154445218469 ], [ 10.086172040483714, 51.299118261412104 ], [ 10.083798820860471, 51.315180958386954 ], [ 10.034532541784646, 51.319865397113745 ], [ 10.026599835717567, 51.29987070782412 ], [ 9.999999999705929, 51.302393709808022 ], [ 9.996961319798309, 51.302682371376235 ], [ 9.965952521829495, 51.332100465235371 ], [ 9.963319071946541, 51.334168168136969 ], [ 9.93829395118693, 51.353473679567514 ], [ 9.956918600700018, 51.387946513818704 ], [ 9.959005243374582, 51.387491986348849 ], [ 9.977500603758717, 51.409529027125323 ], [ 9.976052568029742, 51.438359951876855 ], [ 9.999999999705929, 51.450477450742376 ], [ 10.000472446171731, 51.450716104912622 ], [ 10.032576833054319, 51.451966007526153 ], [ 10.054023706220793, 51.459491011043539 ], [ 10.070834011286555, 51.456412751181574 ], [ 10.103465779309515, 51.461608837744869 ], [ 10.107904578808853, 51.486147374786768 ], [ 10.094895820057978, 51.494126772483938 ], [ 10.077448261807762, 51.494192494853074 ], [ 10.05490267628527, 51.48591073240059 ], [ 10.035389537260643, 51.470342185556269 ], [ 10.02255657252266, 51.474734529331691 ], [ 10.024973740424549, 51.493758725456587 ], [ 10.034862155221957, 51.498845393127773 ], [ 10.034913717620951, 51.500000000093614 ], [ 10.035763099874913, 51.51922640302751 ], [ 10.02930266877812, 51.536012857353498 ], [ 10.032291167895654, 51.546846377764481 ], [ 10.045541643526548, 51.550324237890315 ], [ 10.056682591002701, 51.544470129040924 ], [ 10.058023020238737, 51.533888333332762 ], [ 10.086809294566482, 51.527686809808671 ], [ 10.098257880891467, 51.538323163456411 ], [ 10.102125350073475, 51.556403213925435 ], [ 10.099202773823068, 51.570323381043281 ], [ 10.113200374682506, 51.583284260273643 ], [ 10.070921907843845, 51.585260567219208 ], [ 10.036751941085159, 51.580856865569132 ], [ 10.004186095929326, 51.586825634854925 ], [ 9.999999999705929, 51.587567049179562 ], [ 9.98309528529707, 51.590565662364263 ], [ 9.961747734359982, 51.586069634449117 ], [ 9.920149629957947, 51.582607786132755 ], [ 9.916463721972958, 51.619493993559864 ], [ 9.964270826210281, 51.626729807280334 ], [ 9.999999999705929, 51.616231307945121 ], [ 10.002296310066122, 51.61555754156381 ], [ 10.036707992806512, 51.626557539560203 ], [ 10.067559847010356, 51.62561668036215 ], [ 10.117089817554678, 51.61961327438906 ], [ 10.121352823041125, 51.632626269762085 ], [ 10.110123979007682, 51.638694184471234 ], [ 10.106783891864358, 51.651820875021095 ], [ 10.197603488037094, 51.659846010301187 ], [ 10.200460140522063, 51.643940020586633 ], [ 10.215512505458873, 51.644575838142508 ], [ 10.234937747027894, 51.640522348159607 ], [ 10.283544799229096, 51.621442211181638 ], [ 10.33608524258112, 51.599662450655316 ], [ 10.3670689416209, 51.5705356669487 ], [ 10.370172805980481, 51.571504208502837 ], [ 10.391174699569282, 51.572472729314399 ], [ 10.398563982381646, 51.573266237710726 ], [ 10.40188275429991, 51.577443834512209 ], [ 10.403168687239235, 51.582286789413914 ], [ 10.402496934256293, 51.587362785545437 ], [ 10.3995449130275, 51.595521252059861 ], [ 10.395921138815767, 51.602247938011651 ], [ 10.42653127613959, 51.605695024500008 ], [ 10.457405104033596, 51.599781783874285 ], [ 10.498782626219301, 51.600404964584598 ], [ 10.49999999973614, 51.600056625918434 ], [ 10.522646667287665, 51.593576026765717 ], [ 10.528689272182877, 51.573230043628563 ], [ 10.52422881340372, 51.572539065788988 ], [ 10.518647352371403, 51.55893809119641 ], [ 10.503836705212931, 51.542823939292191 ], [ 10.503485117187141, 51.518695084773412 ], [ 10.519196708998569, 51.502367287795174 ], [ 10.530833352238393, 51.500000000093614 ], [ 10.547741266446295, 51.496597866341972 ], [ 10.554838950727543, 51.48567408821895 ], [ 10.53833628540893, 51.479823330130799 ], [ 10.533809588453982, 51.464568368059162 ], [ 10.502496275078579, 51.457623032411618 ], [ 10.503704859478679, 51.447229351773181 ], [ 10.508407349548207, 51.435609296783156 ], [ 10.526404264425588, 51.436135750701801 ], [ 10.530205810740474, 51.412597296152391 ], [ 10.517812331483888, 51.406486890859483 ], [ 10.535941091197204, 51.373853446234108 ], [ 10.552311911679887, 51.369820400101275 ], [ 10.565013030683614, 51.345153056590163 ], [ 10.612829009377631, 51.364218353931214 ], [ 10.621860428699042, 51.377978382769726 ], [ 10.69033220705235, 51.37310221954197 ], [ 10.705450493957967, 51.349926721921655 ], [ 10.730391273692181, 51.333889445910245 ], [ 10.75882595909582, 51.345166244208862 ], [ 10.742455139511456, 51.358206922052986 ], [ 10.729512303627706, 51.378452792167877 ], [ 10.741202606832708, 51.385014951140775 ], [ 10.780119012837881, 51.399532672451507 ], [ 10.796094296117809, 51.411280467444342 ], [ 10.796138244396454, 51.425579181437094 ], [ 10.816376533162829, 51.441926342964486 ], [ 10.822155761898207, 51.46981612745423 ], [ 10.812003656530615, 51.484674910847382 ], [ 10.796973266182286, 51.497176187844701 ], [ 10.797381583716584, 51.500000000093614 ], [ 10.799082794337028, 51.511893657794467 ], [ 10.801079375514469, 51.511935239972097 ], [ 10.820463744636381, 51.512810316121296 ], [ 10.835786392879243, 51.513974312323228 ], [ 10.856787187828452, 51.515121805890949 ], [ 10.875904789650331, 51.515121805890949 ], [ 10.883551830558744, 51.505875138250516 ], [ 10.888409789359548, 51.500000000093614 ], [ 10.898845912375574, 51.487514620414373 ], [ 10.94281639647606, 51.484083282522008 ], [ 10.979139839668134, 51.464897193100796 ], [ 10.999999999766354, 51.465252300709636 ], [ 11.027043715817758, 51.465712668364908 ], [ 11.013551523306841, 51.479507761940205 ], [ 10.999999999766354, 51.487189141957096 ], [ 10.977393924387576, 51.500000000093614 ], [ 10.977228079216452, 51.500095013088014 ], [ 10.950463437384476, 51.520900015615808 ], [ 10.938992875572696, 51.533609482540378 ], [ 10.938992875572696, 51.561326851490719 ], [ 10.945372661313172, 51.577488938142807 ], [ 10.946460606462193, 51.580095458971002 ], [ 10.952375196937842, 51.592488605258289 ], [ 10.956903431808554, 51.605019548638488 ], [ 10.960022237846255, 51.619016865973038 ], [ 10.967051672623795, 51.640210645505768 ] ] ], [ [ [ 7.495083807465782, 50.082270270459304 ], [ 7.499758623136341, 50.076618450898081 ], [ 7.499999999554868, 50.07442959991085 ], [ 7.50097557624161, 50.065581858396364 ], [ 7.499999999554868, 50.065362164575497 ], [ 7.497674367285487, 50.064838441673778 ], [ 7.497169749454424, 50.054077956705783 ], [ 7.482996555804708, 50.050587906762019 ], [ 7.477840672536549, 50.035510083778334 ], [ 7.484247131054441, 50.007571677315354 ], [ 7.457743697747538, 50.009205408451244 ], [ 7.425974681604888, 50.016377225450427 ], [ 7.391880032294568, 50.013415660924665 ], [ 7.372199916221576, 50.008408473522756 ], [ 7.374942408105301, 50.00081035987801 ], [ 7.386438930330449, 50.001713695401257 ], [ 7.38633634092839, 50.000000000210534 ], [ 7.385692972911778, 49.988267539947017 ], [ 7.375425086382188, 49.985540671915984 ], [ 7.383477040209947, 49.978374651216022 ], [ 7.39023453788299, 49.978055491244525 ], [ 7.403595954553179, 49.967725180198265 ], [ 7.441727550105315, 49.968305593850609 ], [ 7.46208780403612, 49.974675171676658 ], [ 7.489183615187498, 49.976851370682105 ], [ 7.477336053807162, 49.955447781640324 ], [ 7.477752912523181, 49.941831571558964 ], [ 7.486616643330506, 49.916316164856788 ], [ 7.499999999554868, 49.91123733643974 ], [ 7.517661642506956, 49.904534124027279 ], [ 7.535235525445705, 49.906568221958274 ], [ 7.544516114969047, 49.914064580665716 ], [ 7.560181223456071, 49.910621631234896 ], [ 7.58027819824512, 49.935704466232778 ], [ 7.611805875698457, 49.946767531887993 ], [ 7.641446719152605, 49.949046612656772 ], [ 7.646317382826471, 49.960338801234904 ], [ 7.676967462841104, 49.958814946592319 ], [ 7.717183351973355, 49.950135307174456 ], [ 7.722373748514694, 49.949509761176756 ], [ 7.740691442796873, 49.933024541307411 ], [ 7.883458473859885, 49.902673983364835 ], [ 7.912273838331474, 49.922620800030593 ], [ 7.912273838331474, 49.940067928543698 ], [ 7.990219413164479, 49.921902261729691 ], [ 7.991849316415995, 49.918509542165154 ], [ 7.996215362258789, 49.90284866390472 ], [ 7.999999999585081, 49.902280479849225 ], [ 8.009861997624936, 49.900799877446879 ], [ 8.035202614797159, 49.909067138764748 ], [ 8.043583668225892, 49.896513126769378 ], [ 8.043649487786787, 49.878882564252827 ], [ 8.037703767093282, 49.858176920884766 ], [ 8.03116566855533, 49.832704304591729 ], [ 8.043013229935667, 49.809664044958858 ], [ 8.031034028535272, 49.796749107261093 ], [ 8.051876960742964, 49.782694535637248 ], [ 8.033293841243797, 49.765634205794413 ], [ 8.018967068019844, 49.770224042657681 ], [ 7.999999999585081, 49.762471241188656 ], [ 7.993121832118236, 49.759659477446164 ], [ 7.983687663020649, 49.75036074439339 ], [ 7.98958950370748, 49.741978689115477 ], [ 7.977917462353886, 49.734411722375619 ], [ 7.960606858556951, 49.731451680250316 ], [ 7.949724653730389, 49.748392914723404 ], [ 7.931295113805419, 49.751701738082232 ], [ 7.911790517759169, 49.749602774921286 ], [ 7.908478340373416, 49.748716726314925 ], [ 7.903409465228723, 49.757079914882297 ], [ 7.8546589439918, 49.77753773758031 ], [ 7.843513460023487, 49.790486955299144 ], [ 7.821222492985108, 49.799734265613665 ], [ 7.80450426703261, 49.790486955299144 ], [ 7.784999670986324, 49.773837321780213 ], [ 7.775477741875371, 49.771724752215228 ], [ 7.787786041978419, 49.764585038529312 ], [ 7.78221329999424, 49.731262114576587 ], [ 7.778247219150213, 49.72838966828251 ], [ 7.777320695867868, 49.727499814128308 ], [ 7.780721385156896, 49.723853894050571 ], [ 7.786294126242751, 49.709034042077143 ], [ 7.797878408481301, 49.697040636314277 ], [ 7.80450426703261, 49.697916167750627 ], [ 7.821222492985108, 49.694209641274462 ], [ 7.835154347047215, 49.714592019542188 ], [ 7.840727089031394, 49.733113992064858 ], [ 7.8546589439918, 49.746075144971513 ], [ 7.888095394998499, 49.746075144971513 ], [ 7.905976436187381, 49.746075144971513 ], [ 7.905976436187381, 49.743990515209653 ], [ 7.900688913797505, 49.730620502872888 ], [ 7.912690054752075, 49.68818228092222 ], [ 7.881008797724505, 49.66919045164537 ], [ 7.884058447858374, 49.648905776048544 ], [ 7.892987999124863, 49.63090678036324 ], [ 7.877542288874606, 49.621685548409474 ], [ 7.858893349814545, 49.624096974919688 ], [ 7.826154525067619, 49.600829986240662 ], [ 7.824710941389181, 49.601731868630864 ], [ 7.819138199405002, 49.625865278236802 ], [ 7.819138199405002, 49.635144159122071 ], [ 7.807992716334979, 49.646276469928161 ], [ 7.791274490382492, 49.649986671435705 ], [ 7.749478926399529, 49.64442126253374 ], [ 7.738333443329506, 49.629577043894201 ], [ 7.713256104400745, 49.627721196616633 ], [ 7.696537879346554, 49.64442126253374 ], [ 7.699324250338638, 49.655551440505732 ], [ 7.724092016345763, 49.662145958847752 ], [ 7.7411198143216, 49.666679059821178 ], [ 7.757526931233317, 49.674533880087431 ], [ 7.768983523344112, 49.683365689730962 ], [ 7.770650957309865, 49.714971280492399 ], [ 7.752265297391623, 49.729687233889642 ], [ 7.735678711459147, 49.727733143493623 ], [ 7.734055156601754, 49.727266483052745 ], [ 7.718280348547143, 49.761874585241117 ], [ 7.727187959361159, 49.785214465172011 ], [ 7.728811514218553, 49.803636534843562 ], [ 7.769992759904569, 49.802762919783227 ], [ 7.787939621552654, 49.82784391750905 ], [ 7.73269488178447, 49.83258789423072 ], [ 7.69807367419058, 49.838495382069333 ], [ 7.652987121384473, 49.839644784750888 ], [ 7.621218105241859, 49.838233489029413 ], [ 7.597357774215593, 49.839780237401108 ], [ 7.580396235076832, 49.840654926361076 ], [ 7.555658307510167, 49.841327081836113 ], [ 7.54379209710456, 49.840881452565021 ], [ 7.529881524131516, 49.834133950897687 ], [ 7.527402970753012, 49.827145378207121 ], [ 7.536288642012845, 49.811017947143803 ], [ 7.538021896437788, 49.806868771566769 ], [ 7.528807126475303, 49.77992683112452 ], [ 7.553818644944872, 49.777027854608015 ], [ 7.562792075319748, 49.759309714219839 ], [ 7.593442155334388, 49.75745884206377 ], [ 7.612946751380639, 49.731539171803846 ], [ 7.613294938384772, 49.72227877165296 ], [ 7.615733122372723, 49.713016594408032 ], [ 7.619312841406292, 49.706511588679568 ], [ 7.625263607936766, 49.699754441442458 ], [ 7.629995834038801, 49.695311835131186 ], [ 7.627997542469087, 49.694370165971804 ], [ 7.568364817303926, 49.683365689730962 ], [ 7.543287479273499, 49.664824634416675 ], [ 7.504278286282631, 49.649986671435705 ], [ 7.499999999554868, 49.648981616342546 ], [ 7.455966563315901, 49.638636065142634 ], [ 7.462482722299667, 49.622153228167356 ], [ 7.479200948252165, 49.605445483082299 ], [ 7.498705544298453, 49.585017082802864 ], [ 7.499999999554868, 49.583434997434289 ], [ 7.515423769352652, 49.564580077492494 ], [ 7.532427214001101, 49.560746266047126 ], [ 7.535016125412269, 49.560658465274884 ], [ 7.531198578305553, 49.546213080801273 ], [ 7.527139691611226, 49.529757380118205 ], [ 7.516390842586897, 49.521080346818934 ], [ 7.499999999554868, 49.525869748150726 ], [ 7.442890366240006, 49.542553486679822 ], [ 7.388106365194536, 49.568559897178801 ], [ 7.35750016428829, 49.570827663069224 ], [ 7.354099475897582, 49.552682568713649 ], [ 7.320092586600638, 49.554951076276176 ], [ 7.303089141952182, 49.584432034153458 ], [ 7.265681564264495, 49.602565263483861 ], [ 7.210634283178933, 49.607258325088111 ], [ 7.191107746680139, 49.607696905899644 ], [ 7.168882599202663, 49.604378213191801 ], [ 7.144595098597564, 49.607068272657266 ], [ 7.141918427173056, 49.612389471333351 ], [ 7.076076702172596, 49.630819106523319 ], [ 7.053983193816846, 49.629606269469114 ], [ 7.024473990382721, 49.621597857879323 ], [ 7.007053687018243, 49.602097394094365 ], [ 7.006614888748049, 49.561916928034307 ], [ 7.024583689950272, 49.52442711516705 ], [ 7.014074463833072, 49.519682101927344 ], [ 7.000000000422981, 49.518139406618872 ], [ 6.994833146928572, 49.517573058578648 ], [ 6.988624147093272, 49.506381881436333 ], [ 6.98692624856129, 49.499999999800124 ], [ 6.984960178662458, 49.492684664522137 ], [ 6.973836635146646, 49.492278546797486 ], [ 6.965828561325544, 49.499196584900211 ], [ 6.961553923554458, 49.499999999800124 ], [ 6.958961364084949, 49.500492295929405 ], [ 6.957982467224897, 49.499999999800124 ], [ 6.937547993586967, 49.48982726594587 ], [ 6.922870181207891, 49.483009445417224 ], [ 6.918240856223311, 49.479846812631109 ], [ 6.908612227917874, 49.473837415672854 ], [ 6.874934948464961, 49.483466849547341 ], [ 6.854329845228722, 49.488579821316883 ], [ 6.816637047946778, 49.48573668808919 ], [ 6.791230610315375, 49.491828912778466 ], [ 6.796307739180889, 49.499999999800124 ], [ 6.804153228715322, 49.512754137064903 ], [ 6.828550428887981, 49.525906175536996 ], [ 6.831205159860007, 49.543519646514795 ], [ 6.846519230090241, 49.545700754207367 ], [ 6.858213211896306, 49.532978685507757 ], [ 6.87703767098312, 49.545642202436326 ], [ 6.882742052089024, 49.560951134093095 ], [ 6.883729349095297, 49.57246624117063 ], [ 6.870718971580271, 49.587093949025295 ], [ 6.879955681096931, 49.589741093034988 ], [ 6.905581517863437, 49.578420250060205 ], [ 6.921970644214994, 49.591656891354212 ], [ 6.972300840302628, 49.602726092379548 ], [ 6.972959037707924, 49.627224343611829 ], [ 6.97815880098273, 49.633989875662934 ], [ 6.991915135916428, 49.647897892316784 ], [ 6.985420917385169, 49.664956052473364 ], [ 6.982875885980685, 49.677059608881443 ], [ 6.994065249057392, 49.68679573544032 ], [ 7.000000000422981, 49.693093423640789 ], [ 7.009730358442786, 49.703417063034095 ], [ 7.042135632436511, 49.72803938653766 ], [ 7.060652932374821, 49.755724496031505 ], [ 7.092553588537485, 49.785039677160825 ], [ 7.112433188095765, 49.874619459739087 ], [ 7.120417297560033, 49.873968689667457 ], [ 7.144726738617614, 49.884377366188396 ], [ 7.134524671648856, 49.902020441209238 ], [ 7.158132034396151, 49.949235321626247 ], [ 7.156238540287456, 49.950421994453897 ], [ 7.180176396821031, 49.958710306674661 ], [ 7.20209965107426, 49.977431673663645 ], [ 7.204454575608427, 49.979358461873609 ], [ 7.224389270639686, 49.970130856566129 ], [ 7.246193678679151, 49.94334322209901 ], [ 7.271113002152806, 49.945404341057973 ], [ 7.283572663889614, 49.955708608006894 ], [ 7.264883171284383, 49.988667364257466 ], [ 7.271942713098658, 50.000000000210534 ], [ 7.286687579323847, 50.021677524649157 ], [ 7.276641276632095, 50.041434445948184 ], [ 7.323361635869611, 50.085251481681041 ], [ 7.362502467982204, 50.111699825262427 ], [ 7.420577458749164, 50.130979960805902 ], [ 7.453187193793124, 50.094287172536333 ], [ 7.489751519330335, 50.082094646922258 ], [ 7.495083807465782, 50.082270270459304 ] ], [ [ 7.058195660085416, 49.679001152005902 ], [ 7.088779920539155, 49.671190711089089 ], [ 7.113242941170969, 49.691976832904359 ], [ 7.14865398529189, 49.691728736717984 ], [ 7.155718642113402, 49.708333778895337 ], [ 7.129610127070009, 49.716386190255669 ], [ 7.142839904618436, 49.746497891110401 ], [ 7.116555870446633, 49.750010913719855 ], [ 7.097577831785621, 49.727791475513143 ], [ 7.076537440895308, 49.720893204424108 ], [ 7.078533973563705, 49.700557259416527 ], [ 7.058195660085416, 49.679001152005902 ] ] ], [ [ [ 8.222175011559646, 48.086062930676221 ], [ 8.276410188678923, 48.07923345104053 ], [ 8.305222895035605, 48.082861579384222 ], [ 8.313269268528828, 48.066259236254254 ], [ 8.328188420495541, 48.049155160811935 ], [ 8.366298075595179, 48.055227835379682 ], [ 8.377684899151109, 48.044516030361216 ], [ 8.369852344458444, 48.038866552834314 ], [ 8.3827091423992, 48.029293217553423 ], [ 8.424504706382162, 48.024989024818005 ], [ 8.454781807687468, 48.008076196629339 ], [ 8.464866581629542, 48.000000000254126 ], [ 8.487538120836353, 47.982015541278308 ], [ 8.499999999615302, 47.982635287524644 ], [ 8.521676649255024, 47.983713278993875 ], [ 8.532010355345516, 47.998250578600434 ], [ 8.499999999615302, 47.998590766231324 ], [ 8.493791000678335, 47.998656751629966 ], [ 8.492973762840176, 48.000000000254126 ], [ 8.482053138865542, 48.01812206433933 ], [ 8.481197480980995, 48.033845898132078 ], [ 8.499999999615302, 48.03335517089409 ], [ 8.524945698524004, 48.032704106368961 ], [ 8.551690471418508, 48.009643247250011 ], [ 8.566829022520333, 48.011180960655473 ], [ 8.567860198634964, 48.034899837215356 ], [ 8.581144335936177, 48.036657763546302 ], [ 8.586180038992374, 48.031898981012546 ], [ 8.577886746475313, 48.018868836391142 ], [ 8.586048399870622, 48.007710056313236 ], [ 8.598334759521151, 48.005601037713213 ], [ 8.605370632524339, 48.000000000254126 ], [ 8.61805875470254, 47.989995870932518 ], [ 8.618651133445299, 47.97684942965153 ], [ 8.634645340635005, 47.964483478149603 ], [ 8.651253867019951, 47.971276411929395 ], [ 8.667533293803951, 47.963351235133608 ], [ 8.685348515431947, 47.968576763867908 ], [ 8.672864696200518, 47.979330969760262 ], [ 8.697415476845707, 47.991910965635853 ], [ 8.711742250069634, 47.983161883299317 ], [ 8.732892340527496, 47.998888848715133 ], [ 8.732594278617892, 48.000000000254126 ], [ 8.729008973859903, 48.013494766126286 ], [ 8.720671800437826, 48.02938105439484 ], [ 8.699368130405755, 48.035661002122197 ], [ 8.723672657678714, 48.049123172477088 ], [ 8.761589766982047, 48.040491207233956 ], [ 8.800401500391999, 48.042203624944435 ], [ 8.809550450793616, 48.05211110675922 ], [ 8.835395686695223, 48.046228313475133 ], [ 8.824381842746961, 48.074392274324971 ], [ 8.82802387072527, 48.104645763546998 ], [ 8.827014634164813, 48.147881968384233 ], [ 8.85075363693214, 48.140973063840065 ], [ 8.895006472306209, 48.098754390693387 ], [ 8.914686588379201, 48.072841830683799 ], [ 8.914927927068513, 48.052067207546195 ], [ 8.907095373274146, 48.027580367537141 ], [ 8.923023760902955, 48.022675738252417 ], [ 8.92131244693052, 48.002012576864374 ], [ 8.924092431799242, 48.000000000254126 ], [ 8.94237477827334, 47.986890945092767 ], [ 8.96637705928412, 47.987123095422817 ], [ 8.977002935234241, 48.000000000254126 ], [ 8.977654183272527, 48.000796837874852 ], [ 8.987768490227909, 48.017302067196887 ], [ 8.993516751340495, 48.023246749078581 ], [ 8.998343535007677, 48.028429479687276 ], [ 8.999999999645505, 48.032758171013477 ], [ 9.007536365415969, 48.052447664133638 ], [ 9.047225696264642, 48.076513087954368 ], [ 9.077502797569922, 48.07920420061356 ], [ 9.132418438635442, 48.070954907188444 ], [ 9.13143114162917, 48.056822707427784 ], [ 9.137332982315991, 48.045847810663695 ], [ 9.144836437407706, 48.029439612205444 ], [ 9.159097391070782, 48.021826530741656 ], [ 9.193323679502836, 48.018971333241225 ], [ 9.209690866300193, 48.008954922598562 ], [ 9.211544045815566, 48.000000000254126 ], [ 9.213003795575846, 47.993013563651033 ], [ 9.197536145771396, 47.986296054323418 ], [ 9.174565040875232, 47.994725444213614 ], [ 9.171324625405942, 48.000000000254126 ], [ 9.168816779762643, 48.004121743676521 ], [ 9.154819105241355, 48.004692961235975 ], [ 9.150300106848393, 48.000000000254126 ], [ 9.141984246854754, 47.991446706654138 ], [ 9.149399942831419, 47.975702946611491 ], [ 9.162476139907305, 47.955540981389717 ], [ 9.160699006373992, 47.940004046133801 ], [ 9.1670835253377, 47.921818414723681 ], [ 9.171976248041682, 47.918430558447476 ], [ 9.181015380298122, 47.912171027886451 ], [ 9.199313280203025, 47.909337490729072 ], [ 9.202420847418207, 47.91276774152827 ], [ 9.206158537889436, 47.916893242970168 ], [ 9.236347879181348, 47.936765383327277 ], [ 9.249116918007079, 47.964860886939888 ], [ 9.267480638371165, 47.974469360689611 ], [ 9.284988700850711, 47.963148009246069 ], [ 9.285778538276066, 47.946306509520184 ], [ 9.317042936587619, 47.918782007609366 ], [ 9.337153775076427, 47.908558211128195 ], [ 9.316989405979838, 47.890263642350924 ], [ 9.281131773398561, 47.864366778243124 ], [ 9.223667617261885, 47.843639910359897 ], [ 9.212472628036554, 47.84149827419089 ], [ 9.200222241421576, 47.830833857275849 ], [ 9.18908174040812, 47.826547546682129 ], [ 9.177236579326232, 47.821989727172905 ], [ 9.167485794515189, 47.821842700708096 ], [ 9.157009196107406, 47.821684730023819 ], [ 9.134881178970009, 47.82831438396245 ], [ 9.128506974462393, 47.830223965733751 ], [ 9.119792031615578, 47.833050153247328 ], [ 9.107819878396921, 47.836932374290491 ], [ 9.090504476698042, 47.847080516651793 ], [ 9.083455076863316, 47.846078798125426 ], [ 9.044429124902507, 47.863426992016969 ], [ 9.047840013663265, 47.875846341583681 ], [ 9.058590579368081, 47.896519234278244 ], [ 9.079236051994865, 47.933918676659083 ], [ 9.0663353740474, 47.940657563504928 ], [ 9.048542091973568, 47.941659606929697 ], [ 9.011156453840092, 47.937665838883177 ], [ 8.999999999645505, 47.93827200170432 ], [ 8.963042190454281, 47.940279976838355 ], [ 8.934783562269926, 47.953029252818006 ], [ 8.910561881225711, 47.945304556715392 ], [ 8.925108054483061, 47.929938832706455 ], [ 8.848471883771118, 47.891344521017366 ], [ 8.840354110382457, 47.853564990440077 ], [ 8.83495688842503, 47.839554222009774 ], [ 8.803100112269039, 47.841504027322536 ], [ 8.753164834444954, 47.829585781027397 ], [ 8.750115184311085, 47.815350128789817 ], [ 8.719136005593798, 47.800877557539465 ], [ 8.702990508635519, 47.791982818181459 ], [ 8.701608841338059, 47.795364975871664 ], [ 8.70047817860234, 47.795895719487923 ], [ 8.697896405204412, 47.797107607103669 ], [ 8.693197283817222, 47.799313307696778 ], [ 8.677274622049978, 47.806527293096849 ], [ 8.657353167287701, 47.809424727606398 ], [ 8.649553089387474, 47.803191164917223 ], [ 8.646207683319354, 47.800120329469912 ], [ 8.642040016932327, 47.792410993212407 ], [ 8.640437481754249, 47.789124709210505 ], [ 8.629643036941088, 47.785570657111698 ], [ 8.629499412496825, 47.78657493288712 ], [ 8.627711751606697, 47.799073226577519 ], [ 8.626220408097884, 47.809497524848126 ], [ 8.617102959816641, 47.814307453557312 ], [ 8.606386713348945, 47.818538207895884 ], [ 8.5891833962447, 47.8187426782956 ], [ 8.584885582837634, 47.818378081031405 ], [ 8.562923714501906, 47.812569496900522 ], [ 8.560138349622932, 47.80289981932529 ], [ 8.559040347834323, 47.798926216538 ], [ 8.533514087520405, 47.798221886738098 ], [ 8.514897211129471, 47.787959472948927 ], [ 8.506671792620331, 47.780322402883947 ], [ 8.504497685478119, 47.777500303685663 ], [ 8.499999999615302, 47.776606374662286 ], [ 8.473126460411313, 47.771264854127637 ], [ 8.469911203159862, 47.764647093784561 ], [ 8.46899186280651, 47.762754717929717 ], [ 8.462570482373442, 47.747261693879715 ], [ 8.460463010462394, 47.745195579418557 ], [ 8.459038153962675, 47.742261512030787 ], [ 8.442122468429259, 47.725245612599288 ], [ 8.441677299307079, 47.723068584823601 ], [ 8.440806072720335, 47.710237234939434 ], [ 8.435819987210586, 47.700613847963169 ], [ 8.433595858280095, 47.693998163768569 ], [ 8.433140171682531, 47.692642614916807 ], [ 8.43410486617794, 47.691473997652352 ], [ 8.450307254341494, 47.671842728751912 ], [ 8.47055477239909, 47.662713862131071 ], [ 8.488415717376752, 47.655914050317499 ], [ 8.488922297128402, 47.654431226864347 ], [ 8.491260259673375, 47.647587160990476 ], [ 8.492386844956034, 47.644288915020546 ], [ 8.492961431666252, 47.641811880851009 ], [ 8.493913693478129, 47.638578784661476 ], [ 8.499999999615302, 47.640755672517258 ], [ 8.509960727894747, 47.644318127444791 ], [ 8.517274285423607, 47.642833798601451 ], [ 8.521618150963739, 47.642144162168464 ], [ 8.526386344711462, 47.641387148208416 ], [ 8.53611667218852, 47.640589973913308 ], [ 8.542102722746723, 47.659710640869733 ], [ 8.550387322266781, 47.661931592887363 ], [ 8.556034577707138, 47.66353615528358 ], [ 8.557680072118707, 47.66388656967824 ], [ 8.576070979096567, 47.658817406732894 ], [ 8.588001053430659, 47.658367263517313 ], [ 8.607235171236491, 47.659680742212586 ], [ 8.605147134376587, 47.651612880385528 ], [ 8.604280480214666, 47.646611229607004 ], [ 8.606909686456198, 47.640983580315549 ], [ 8.61443866717674, 47.630133698383254 ], [ 8.613978575241042, 47.622699404251748 ], [ 8.613837181313636, 47.62041450463736 ], [ 8.613604949744692, 47.616661478039809 ], [ 8.60529337830822, 47.616323637527344 ], [ 8.603007964512424, 47.615229301580989 ], [ 8.602459465776345, 47.616208446729594 ], [ 8.601027500907803, 47.620262016714058 ], [ 8.596360165508596, 47.632120627868296 ], [ 8.586711465246452, 47.629317187149262 ], [ 8.586827080220159, 47.624498638387273 ], [ 8.592169639692544, 47.599487371484017 ], [ 8.590072475051059, 47.595434399748967 ], [ 8.589163869565359, 47.592148278821192 ], [ 8.586311679012407, 47.587060012881544 ], [ 8.583294929675827, 47.585447462664341 ], [ 8.575179057122325, 47.579770577365679 ], [ 8.572709850714343, 47.584603306137652 ], [ 8.570800149201283, 47.585436926495326 ], [ 8.571721625748372, 47.589224048889697 ], [ 8.572176632321229, 47.592618260764191 ], [ 8.573071822366476, 47.602362880405416 ], [ 8.573462694617964, 47.606617153343088 ], [ 8.573824081466892, 47.610550201872272 ], [ 8.531396037946903, 47.623193456989867 ], [ 8.519392387997737, 47.626744822878273 ], [ 8.511321002712068, 47.616749161278612 ], [ 8.499999999615302, 47.612987953197681 ], [ 8.490029096118588, 47.609675067317674 ], [ 8.486911450704252, 47.608557362096477 ], [ 8.484571105827138, 47.607718310613919 ], [ 8.480012725292129, 47.592879310314359 ], [ 8.499999999615302, 47.58627993178353 ], [ 8.506494219044859, 47.584135496909404 ], [ 8.499999999615302, 47.572001021518076 ], [ 8.499473441331723, 47.57101702110932 ], [ 8.498573904338826, 47.570373443249728 ], [ 8.490330532998716, 47.569262284729824 ], [ 8.473408806294985, 47.566014456653342 ], [ 8.460552506020889, 47.562112134666783 ], [ 8.457211342695855, 47.56109793111164 ], [ 8.438853419160289, 47.555525065238449 ], [ 8.366627175196156, 47.570154039639291 ], [ 8.344928585103926, 47.558685271662604 ], [ 8.310658417563486, 47.564478485787482 ], [ 8.291329340645609, 47.576179981687126 ], [ 8.27175892414016, 47.588639183055037 ], [ 8.271490040409317, 47.589495163436105 ], [ 8.270574167552969, 47.590028228295715 ], [ 8.270737876530339, 47.59188956945119 ], [ 8.269474531728832, 47.595911000189922 ], [ 8.268155472515117, 47.600109446965426 ], [ 8.266763603050947, 47.604539275041539 ], [ 8.266032602581756, 47.605188342264526 ], [ 8.266800500452925, 47.620446326320184 ], [ 8.251618069344463, 47.66406177598806 ], [ 8.201090414574239, 47.677609282880546 ], [ 8.206707036565064, 47.696289693726833 ], [ 8.175223239118418, 47.754957822120737 ], [ 8.15337107035027, 47.765858710909313 ], [ 8.137881480093339, 47.75615295140355 ], [ 8.084808793918592, 47.841998742236171 ], [ 8.028225717989013, 47.856794347275553 ], [ 8.041740714233434, 47.871033105724031 ], [ 8.090359595450261, 47.866423029313374 ], [ 8.137903420545811, 47.876791486077089 ], [ 8.138912657106268, 47.891460812327736 ], [ 8.109381513219661, 47.896461094370011 ], [ 8.096897693988213, 47.910761544065089 ], [ 8.1191667214724, 47.933206975204925 ], [ 8.113703679055773, 47.974614490196913 ], [ 8.173862963402801, 47.979098784173019 ], [ 8.174795313158125, 48.000000000254126 ], [ 8.174959959976633, 48.003726281545454 ], [ 8.178338708813156, 48.030683950760384 ], [ 8.183384892513756, 48.049184428422208 ], [ 8.213332894218084, 48.054993721670826 ], [ 8.222175011559646, 48.086062930676221 ] ], [ [ 8.235228942992908, 47.942937547248683 ], [ 8.308947102692716, 47.937709409351285 ], [ 8.353704556796172, 47.920278440969717 ], [ 8.456383422092353, 47.918535019299291 ], [ 8.459016213510203, 47.949907570177167 ], [ 8.416891550824598, 47.951649928011243 ], [ 8.382665262392518, 47.958618769578024 ], [ 8.351071765378322, 47.976036735600815 ], [ 8.337907808289089, 47.962102835178079 ], [ 8.243127317246467, 47.965586664999357 ], [ 8.235228942992908, 47.942937547248683 ] ] ], [ [ [ 10.545214742133295, 52.028739356018718 ], [ 10.530205810740474, 52.001251886554456 ], [ 10.541349648096896, 51.999999999749583 ], [ 10.564749340113428, 51.997400539833272 ], [ 10.562639811060372, 51.979891628009469 ], [ 10.596546086350555, 51.967623405016568 ], [ 10.614784718107959, 51.946576792418973 ], [ 10.642911764662768, 51.940826709202106 ], [ 10.651086187609868, 51.92761318605735 ], [ 10.629683262722036, 51.917608316637882 ], [ 10.648888761999519, 51.897236216915992 ], [ 10.681718298623853, 51.896301010371332 ], [ 10.684678300485629, 51.882125344228037 ], [ 10.63638541069885, 51.880320451400252 ], [ 10.613949696322127, 51.909405284847587 ], [ 10.578724965486071, 51.930285160260738 ], [ 10.549213541416581, 51.929508593231077 ], [ 10.522646667287665, 51.919569974139236 ], [ 10.49999999973614, 51.908284772214472 ], [ 10.49014674410064, 51.903373844857107 ], [ 10.454372656637416, 51.911525313569229 ], [ 10.45265866478711, 51.92774481450229 ], [ 10.422312218931788, 51.931338111166546 ], [ 10.42004959000486, 51.931859163226477 ], [ 10.418791767147402, 51.939451251287892 ], [ 10.41542285935482, 51.942141142040555 ], [ 10.402321552570113, 51.943486026346356 ], [ 10.38560964806226, 51.945531865320959 ], [ 10.367794092260958, 51.945603145811788 ], [ 10.357048681987557, 51.955654361798359 ], [ 10.331668417670262, 51.968070537923673 ], [ 10.332920949450692, 51.984414108362579 ], [ 10.356125762746121, 51.994233145522053 ], [ 10.351401340308932, 51.999999999749583 ], [ 10.335733654555332, 52.019335191740147 ], [ 10.293565058862439, 52.011403889222983 ], [ 10.261680415169707, 52.009849348029782 ], [ 10.242584787936311, 52.036826887237268 ], [ 10.214809329407291, 52.047807147914554 ], [ 10.185385801895091, 52.037477546688109 ], [ 10.204239713146784, 52.021566861627832 ], [ 10.209689327546535, 52.001557543423381 ], [ 10.208653473005896, 51.999999999749583 ], [ 10.197713359182865, 51.983730506874352 ], [ 10.168399702816437, 51.986293957413423 ], [ 10.160708713629377, 51.974987374069293 ], [ 10.15873103031057, 51.960508130420457 ], [ 10.165213435995843, 51.941563603685665 ], [ 10.167015324403438, 51.906257975779909 ], [ 10.163609315291305, 51.871939244469978 ], [ 10.117441405580472, 51.872242365529949 ], [ 10.115134108824352, 51.905915576911909 ], [ 10.084523971500532, 51.939273928357537 ], [ 10.065362421400009, 51.969780122201861 ], [ 10.030687047191115, 51.956746177154429 ], [ 10.03433477318327, 51.935233812770754 ], [ 10.027566703237646, 51.923506195326119 ], [ 9.999999999705929, 51.920243375181876 ], [ 9.998650694216572, 51.920083414233275 ], [ 9.980747712575189, 51.929956107697777 ], [ 9.963744267926714, 51.932996457863418 ], [ 9.946850522845788, 51.922374073343683 ], [ 9.933006428797045, 51.910906434031901 ], [ 9.885857521965026, 51.928771499724249 ], [ 9.82721209290783, 51.945313679660288 ], [ 9.792371487077155, 51.964559110127645 ], [ 9.788356480389512, 51.986228229569704 ], [ 9.786990388082438, 51.999999999749583 ], [ 9.786447988008833, 52.005528546146842 ], [ 9.79327102407006, 52.009224858660168 ], [ 9.775082822834394, 52.030784596268461 ], [ 9.774753724131742, 52.060204811082407 ], [ 9.78074332483193, 52.082880663808858 ], [ 9.684405098492791, 52.077614104503638 ], [ 9.668037912593752, 52.083888800404672 ], [ 9.665119901581615, 52.09992305314492 ], [ 9.731817284466597, 52.113326902156651 ], [ 9.748074771696404, 52.125653277052336 ], [ 9.76518791591243, 52.138983111329907 ], [ 9.778176352974947, 52.145514062091436 ], [ 9.805689023740639, 52.145116668558941 ], [ 9.822736347497484, 52.143633034950426 ], [ 9.825456898928703, 52.13519392431472 ], [ 9.841385287455854, 52.132848705631211 ], [ 9.849634699966241, 52.147726153687486 ], [ 9.843294061009217, 52.156388011197784 ], [ 9.830152043474149, 52.1558582825974 ], [ 9.815276772412451, 52.162638330868432 ], [ 9.824886460638448, 52.179928049320409 ], [ 9.830941880899505, 52.192725503228097 ], [ 9.806062002449977, 52.201484397294095 ], [ 9.81123982527231, 52.217925791883701 ], [ 9.835154347168064, 52.23713714414373 ], [ 9.852464950965011, 52.244367333376644 ], [ 9.873900261017148, 52.276234779603001 ], [ 9.888753592524662, 52.290826400074955 ], [ 9.923221220544315, 52.290166250229923 ], [ 9.951787006978835, 52.324243470227131 ], [ 9.999999999705929, 52.325495151510388 ], [ 10.002098541464745, 52.3255495468361 ], [ 9.999999999705929, 52.316150841238219 ], [ 9.99994515037131, 52.315904774922188 ], [ 9.999999999705929, 52.315890414349965 ], [ 10.023721208644117, 52.309689308484081 ], [ 10.036422327647848, 52.288515831809327 ], [ 10.056374951255558, 52.29567159850486 ], [ 10.060022677247712, 52.321697168723567 ], [ 10.083535130290285, 52.331037283902795 ], [ 10.051364820540572, 52.352717703863796 ], [ 10.060110574703316, 52.373346378381768 ], [ 10.094302515152169, 52.370012175122049 ], [ 10.108058399131584, 52.35120147724006 ], [ 10.134932913007647, 52.359414845793623 ], [ 10.168355754537791, 52.357925215637884 ], [ 10.200262372819004, 52.35522265989119 ], [ 10.233619291482025, 52.343672307145354 ], [ 10.263855866191575, 52.342023892878522 ], [ 10.290950123257492, 52.344727259730234 ], [ 10.329031506578518, 52.31750138756157 ], [ 10.349533486813392, 52.307854852556012 ], [ 10.347929366108854, 52.276314023076651 ], [ 10.342699493102328, 52.251014889864074 ], [ 10.35601589160035, 52.222818670023798 ], [ 10.375946540619578, 52.20098166781456 ], [ 10.387504998988648, 52.189562877902937 ], [ 10.389944141479017, 52.17447444142659 ], [ 10.372276840038944, 52.175626108872819 ], [ 10.349994945984953, 52.180073645707203 ], [ 10.323867556439117, 52.160360774022976 ], [ 10.343358720875264, 52.139049353185506 ], [ 10.339952711763132, 52.115421302023364 ], [ 10.339732968573275, 52.102044604588336 ], [ 10.336348933151307, 52.092244840643957 ], [ 10.353884388857127, 52.086117231429618 ], [ 10.364849542320385, 52.098543990095159 ], [ 10.380561134131815, 52.102044604588336 ], [ 10.407457622596356, 52.103940655316123 ], [ 10.420817969373021, 52.095653122877884 ], [ 10.447099178343274, 52.091130792885039 ], [ 10.473248541579276, 52.093398646586508 ], [ 10.49471738933423, 52.097841181880469 ], [ 10.49999999973614, 52.097478580667357 ], [ 10.513263659940463, 52.096568142834471 ], [ 10.522009414103207, 52.103701995735825 ], [ 10.543016801788289, 52.105173707890231 ], [ 10.529920145581807, 52.05683362587903 ], [ 10.540248044962295, 52.028048695277469 ], [ 10.545214742133295, 52.028739356018718 ] ] ], [ [ [ 8.756322879792563, 50.038640077177647 ], [ 8.764590613443181, 50.029190744859378 ], [ 8.839027484659082, 50.040323294854097 ], [ 8.882153183184908, 50.024264768165317 ], [ 8.939654114552713, 50.01087853767519 ], [ 8.957861845162638, 50.000000000210534 ], [ 8.999999999645505, 49.972508395595256 ], [ 9.023693937528298, 49.957043152654435 ], [ 9.042492318522388, 49.926310352844609 ], [ 9.043598106009581, 49.876510682682245 ], [ 9.020206450321581, 49.854664774463259 ], [ 9.023311174368887, 49.854206350145539 ], [ 9.034017859168708, 49.843500173970625 ], [ 9.035773053147835, 49.829532011888425 ], [ 9.036716470147425, 49.822066111996982 ], [ 9.041325979195152, 49.802073062752115 ], [ 9.042069812996493, 49.798846018663006 ], [ 9.034223025396447, 49.800588274638862 ], [ 9.0924071138597, 49.73986857679985 ], [ 9.109728944801065, 49.737212211271128 ], [ 9.133748399803473, 49.738892408087025 ], [ 9.1425976722263, 49.716204817183289 ], [ 9.124270363275626, 49.706584337229494 ], [ 9.125124027798549, 49.705692286786189 ], [ 9.115375366604837, 49.698488738593902 ], [ 9.099449758363491, 49.677300366617274 ], [ 9.099449758363491, 49.650801839905547 ], [ 9.111393964993658, 49.64284945181916 ], [ 9.119356768216019, 49.624288798248841 ], [ 9.09546835675231, 49.616332055216191 ], [ 9.103431160872985, 49.595107685302217 ], [ 9.123338170725512, 49.595107685302217 ], [ 9.131300974846186, 49.573874022644375 ], [ 9.119356768216019, 49.557942676271999 ], [ 9.107412562484164, 49.542006101548552 ], [ 9.107412562484164, 49.526064298554502 ], [ 9.131300974846186, 49.518091436079651 ], [ 9.111393964993658, 49.504800426195779 ], [ 9.109596803521086, 49.499999999800124 ], [ 9.104871036305919, 49.487503761152141 ], [ 9.103431160872985, 49.483695690464195 ], [ 9.119356768216019, 49.470531276548442 ], [ 9.135219465641388, 49.44534553679712 ], [ 9.133737814954481, 49.434559417510059 ], [ 9.102258664492792, 49.444975906399961 ], [ 9.064602611899231, 49.471297466420175 ], [ 9.062634503723036, 49.486047336635508 ], [ 9.051641731556368, 49.485282263694515 ], [ 9.045798248125349, 49.491077349930201 ], [ 8.999999999645505, 49.491492108347622 ], [ 8.999237389258097, 49.491499015106214 ], [ 8.976501659136055, 49.475996248523529 ], [ 8.974370184240597, 49.448736999725988 ], [ 8.965133794524169, 49.430398928712926 ], [ 8.940977081437943, 49.428047395161208 ], [ 8.921083318142594, 49.430869222171793 ], [ 8.910631024553139, 49.435193165030164 ], [ 8.90508920617431, 49.427398184414706 ], [ 8.88977774824494, 49.401327915918415 ], [ 8.861342183390612, 49.383939999924479 ], [ 8.835093969540765, 49.391185717183234 ], [ 8.828531916527457, 49.404225300123791 ], [ 8.828531916527457, 49.414364790887099 ], [ 8.821969862615813, 49.433189686330621 ], [ 8.808845755690889, 49.457795898544681 ], [ 8.826344564624714, 49.475157512680838 ], [ 8.848218076465688, 49.488174663028559 ], [ 8.85418084808161, 49.499999999800124 ], [ 8.854780129479007, 49.501200607288659 ], [ 8.835093969540765, 49.515805444840382 ], [ 8.821969862615813, 49.518725886528053 ], [ 8.828531916527457, 49.5362448513578 ], [ 8.846030725461242, 49.552298356306672 ], [ 8.885403045337744, 49.552298356306672 ], [ 8.901042606636413, 49.558557785468324 ], [ 8.894152450253804, 49.574180951546495 ], [ 8.883215694333298, 49.577097885556356 ], [ 8.865716885399511, 49.581472958135301 ], [ 8.850405427470143, 49.596053684744042 ], [ 8.828531916527457, 49.60625758579058 ], [ 8.80665840468648, 49.60625758579058 ], [ 8.796750990520797, 49.593052128837058 ], [ 8.80665840468648, 49.574180951546495 ], [ 8.821969862615813, 49.559593650388642 ], [ 8.811033106695335, 49.534785178563872 ], [ 8.797909000668717, 49.514345158226554 ], [ 8.767286084809971, 49.507043068612226 ], [ 8.703852901189743, 49.509964035885524 ], [ 8.66010587840608, 49.512884828350472 ], [ 8.671042634326586, 49.521646152246795 ], [ 8.668855283322142, 49.5362448513578 ], [ 8.668855283322142, 49.559593650388642 ], [ 8.686354092255954, 49.577097885556356 ], [ 8.695103497172015, 49.598969303914252 ], [ 8.695103497172015, 49.613544771515009 ], [ 8.679792039242646, 49.623744991535013 ], [ 8.668855283322142, 49.617916557214137 ], [ 8.65354382539277, 49.610630028807009 ], [ 8.629482962547343, 49.610630028807009 ], [ 8.607609451604656, 49.612087421779684 ], [ 8.592297993675286, 49.596053684744042 ], [ 8.581361237754814, 49.571263842211465 ], [ 8.581361237754814, 49.5420831029544 ], [ 8.581361237754814, 49.521646152246795 ], [ 8.563862428820993, 49.511424454042015 ], [ 8.54417626888276, 49.515805444840382 ], [ 8.539801565975564, 49.545001966296731 ], [ 8.5354268639667, 49.569805221503948 ], [ 8.522302757041741, 49.584389454429889 ], [ 8.509178650116816, 49.593137890272011 ], [ 8.499999999615302, 49.594667333996043 ], [ 8.474181032249215, 49.598969303914252 ], [ 8.445745467394921, 49.597511516533615 ], [ 8.436996063377158, 49.578556287107361 ], [ 8.450120170302084, 49.56542909696914 ], [ 8.441370765386022, 49.545001966296731 ], [ 8.456682223315392, 49.515805444840382 ], [ 8.415122551536182, 49.505582518909662 ], [ 8.406373147518419, 49.514345158226554 ], [ 8.391061689589051, 49.528946049551287 ], [ 8.373562879756932, 49.53186570203502 ], [ 8.367000826743622, 49.562511461639815 ], [ 8.353876719818699, 49.591679927004876 ], [ 8.353876719818699, 49.600427048054087 ], [ 8.349502017809835, 49.631029548095917 ], [ 8.367000826743622, 49.628115857039191 ], [ 8.3888743376863, 49.635399756353301 ], [ 8.384499635677436, 49.648508015164488 ], [ 8.364813475739203, 49.661612725257271 ], [ 8.33200320887601, 49.671802824495167 ], [ 8.33093673885219, 49.677479958014978 ], [ 8.3888743376863, 49.721267061276713 ], [ 8.41074784952732, 49.738712940073654 ], [ 8.430032856893952, 49.742207940966367 ], [ 8.431387227084873, 49.740091712442783 ], [ 8.439050878741215, 49.72666856811567 ], [ 8.441464271023964, 49.710507478688868 ], [ 8.45822637608485, 49.696208866494153 ], [ 8.477796792590299, 49.691436856912638 ], [ 8.487011562552784, 49.670840306532547 ], [ 8.499999999615302, 49.680111789727945 ], [ 8.503290989336746, 49.682460701034486 ], [ 8.523519603247529, 49.686007576597348 ], [ 8.535915663363941, 49.697565957429241 ], [ 8.525384497692531, 49.723314274275076 ], [ 8.522159327531909, 49.746687396938185 ], [ 8.535893722911432, 49.759732344368665 ], [ 8.552480308843863, 49.767237055749639 ], [ 8.581484894446927, 49.738610879325506 ], [ 8.610643059624199, 49.723883062121729 ], [ 8.654698435417343, 49.712826956921269 ], [ 8.686094473748945, 49.703490014916511 ], [ 8.712290747907378, 49.697638918146495 ], [ 8.764354198419957, 49.711805816773257 ], [ 8.800379560837822, 49.726814402121882 ], [ 8.836668202397465, 49.74438412336881 ], [ 8.855404901470905, 49.763113252202935 ], [ 8.872934904402969, 49.768417302094811 ], [ 8.896410628028502, 49.769874356652799 ], [ 8.935858619289574, 49.757619156580546 ], [ 8.953191202166584, 49.783584225773566 ], [ 8.957060326045321, 49.789378456472647 ], [ 8.957644968496854, 49.790253929402539 ], [ 8.91835055591172, 49.807028921758175 ], [ 8.900469514722838, 49.816767967498052 ], [ 8.898910303494301, 49.837112688575317 ], [ 8.898802079858751, 49.838524481401613 ], [ 8.865190109723642, 49.855588088011295 ], [ 8.810559687354074, 49.866495147842613 ], [ 8.79373176273233, 49.887400692859629 ], [ 8.797900348994206, 49.927282048114961 ], [ 8.785548168884503, 49.954881726513541 ], [ 8.771374975234796, 49.967928325458509 ], [ 8.745047061056301, 49.96997424396934 ], [ 8.752462757032937, 49.982204399029293 ], [ 8.733317045129198, 50.000000000210534 ], [ 8.732958160986689, 50.000305547281492 ], [ 8.715883699125092, 50.009464499811301 ], [ 8.717973189459109, 50.01089221076132 ], [ 8.755183308464163, 50.036226919161393 ], [ 8.756322879792563, 50.038640077177647 ] ], [ [ 8.847488958865339, 49.627792102510178 ], [ 8.867904236403929, 49.626658945493993 ], [ 8.87665364131999, 49.616459338939961 ], [ 8.881028343328881, 49.601884748369628 ], [ 8.89633980125825, 49.604800016945532 ], [ 8.902901854271532, 49.626658945493993 ], [ 8.900714503267112, 49.645595375645918 ], [ 8.89633980125825, 49.661612725257271 ], [ 8.887590396342198, 49.673258377318014 ], [ 8.861342183390612, 49.683446023485793 ], [ 8.837281320545182, 49.676169352716293 ], [ 8.832906618536319, 49.654332769052019 ], [ 8.837281320545182, 49.636856405003329 ], [ 8.847488958865339, 49.627792102510178 ] ], [ [ 8.763443440570846, 49.688598031259097 ], [ 8.765098732907228, 49.681990776704055 ], [ 8.745412572968995, 49.671802824495167 ], [ 8.732288466044034, 49.657244882844019 ], [ 8.708227604096939, 49.661612725257271 ], [ 8.703852901189743, 49.648508015164488 ], [ 8.727913764035172, 49.633943063888445 ], [ 8.743225221964542, 49.632486328191753 ], [ 8.762911381902782, 49.63831300925542 ], [ 8.773848137823288, 49.649964269498192 ], [ 8.780410190836596, 49.664524400965554 ], [ 8.786972244748211, 49.671802824495167 ], [ 8.786972244748211, 49.683446023485793 ], [ 8.782597542739349, 49.690721599209027 ], [ 8.763443440570846, 49.688598031259097 ] ] ], [ [ [ 10.974656226812531, 51.164504096027208 ], [ 10.97243769169132, 51.152419038983709 ], [ 10.976239238006206, 51.130376915672784 ], [ 10.988918383319771, 51.105725959400033 ], [ 10.994499844352086, 51.08927138124281 ], [ 10.999999999766354, 51.089056479328988 ], [ 11.019616417200881, 51.08829001958825 ], [ 11.020011954403634, 51.10467866405245 ], [ 11.028867578813832, 51.126415099989806 ], [ 11.061455398558147, 51.130469663183767 ], [ 11.093911373466526, 51.112221311595839 ], [ 11.134937307626441, 51.105619905145971 ], [ 11.159130962132116, 51.087679973628333 ], [ 11.163108302459895, 51.065699659215966 ], [ 11.201409428970775, 51.064240123793951 ], [ 11.233887377569319, 51.041173323224804 ], [ 11.243473156235714, 50.999999999968175 ], [ 11.244193303259642, 50.996938652359091 ], [ 11.231206518198931, 50.959289438204898 ], [ 11.191828653920513, 50.95184275385737 ], [ 11.193982130353902, 50.916908904758934 ], [ 11.218681193208093, 50.876809110187423 ], [ 11.220790721362837, 50.824630108734219 ], [ 11.240259911210506, 50.798327179109577 ], [ 11.285241211109719, 50.803000237114496 ], [ 11.281351768237545, 50.834630023747408 ], [ 11.300491344647902, 50.84454865581985 ], [ 11.327475729669734, 50.85806465463719 ], [ 11.331848606301952, 50.881039405672823 ], [ 11.32600345469945, 50.919502866505717 ], [ 11.351537538441161, 50.929613978374519 ], [ 11.362612563050188, 50.909784638052365 ], [ 11.38946510233777, 50.908533498681741 ], [ 11.403836265811476, 50.897653743307181 ], [ 11.380917117674715, 50.891053518497834 ], [ 11.392805189481093, 50.858657949555813 ], [ 11.425898440930125, 50.8390356214165 ], [ 11.423635069096456, 50.837861725672006 ], [ 11.413482963728864, 50.801680212084925 ], [ 11.402803475424269, 50.784701345758364 ], [ 11.446004860606051, 50.763885195719403 ], [ 11.48977831631696, 50.758616483620969 ], [ 11.475626156719628, 50.754160757277013 ], [ 11.441895675442337, 50.740297278754703 ], [ 11.421635412087484, 50.728981410461351 ], [ 11.411505280410054, 50.716380019951025 ], [ 11.407945450975191, 50.699621373311722 ], [ 11.372742694727615, 50.700520964204877 ], [ 11.346505434036009, 50.699078964351678 ], [ 11.332178219739259, 50.686112193726991 ], [ 11.303545765734246, 50.66737016722697 ], [ 11.27254009210599, 50.651507688921775 ], [ 11.263103467912741, 50.638487959799562 ], [ 11.257166024296263, 50.632698776964823 ], [ 11.249867934858282, 50.626762198966574 ], [ 11.243907638100975, 50.625530854977264 ], [ 11.226876051929592, 50.621948867254979 ], [ 11.20662435850255, 50.618118916404818 ], [ 11.203343163112622, 50.618308824731557 ], [ 11.194922189450958, 50.619619739241486 ], [ 11.188109950241131, 50.620966661426792 ], [ 11.174710709107607, 50.624086538022368 ], [ 11.155615080975895, 50.608209363804924 ], [ 11.141309841267629, 50.598094464802671 ], [ 11.16038349481086, 50.585099644024908 ], [ 11.150846668039245, 50.566303817011807 ], [ 11.138782802219971, 50.550951172556026 ], [ 11.140584706797243, 50.54331941190452 ], [ 11.114105713954254, 50.547606628055718 ], [ 11.099998241949049, 50.536907792969224 ], [ 11.099998241949049, 50.52408190474614 ], [ 11.089406651100061, 50.505885968719269 ], [ 11.073238685479895, 50.499999999891088 ], [ 11.062949648116915, 50.496293544144841 ], [ 11.045304321265323, 50.488878439530829 ], [ 11.043592307505273, 50.490252425902419 ], [ 11.039450379647766, 50.491626371528177 ], [ 11.036264332914417, 50.490636608579045 ], [ 11.032954790287386, 50.486761501634554 ], [ 11.03251267364052, 50.485839576191246 ], [ 10.999999999766354, 50.496196277516368 ], [ 10.997795982318452, 50.496898270016779 ], [ 10.99663664266391, 50.499999999891088 ], [ 10.985929884202237, 50.528941815514827 ], [ 10.974723014757274, 50.553034756020317 ], [ 10.968130737926232, 50.576120503620231 ], [ 10.979667221706819, 50.584675262720069 ], [ 10.968789965699168, 50.610727806082188 ], [ 10.918823651081995, 50.613749520357928 ], [ 10.915546346295564, 50.623450494674898 ], [ 10.894121602227797, 50.623901022987042 ], [ 10.901329003144587, 50.63014177016727 ], [ 10.899241448680009, 50.640739850773024 ], [ 10.899241448680009, 50.664775338659652 ], [ 10.924621712997304, 50.688798463636957 ], [ 10.939124721306946, 50.69971397924229 ], [ 10.982633746235873, 50.717173492339668 ], [ 10.997136754545515, 50.732445204267819 ], [ 10.999999999766354, 50.742779528243368 ], [ 11.004388259149495, 50.758613639764974 ], [ 10.999999999766354, 50.768287390602325 ], [ 10.993511002243524, 50.782588455551476 ], [ 10.946376225910925, 50.776051094617841 ], [ 10.926313731157446, 50.776051094617841 ], [ 10.929214332819374, 50.778666149248167 ], [ 10.899483165560028, 50.793191554024489 ], [ 10.905042652003866, 50.83079126077871 ], [ 10.934290385503171, 50.856904411102541 ], [ 10.936224119645017, 50.876189688813227 ], [ 10.972723357748302, 50.889525188348763 ], [ 10.999999999766354, 50.899566470221046 ], [ 11.000279073087464, 50.899669193590917 ], [ 11.011881479735179, 50.909666110742243 ], [ 11.012606630375238, 50.920095375238041 ], [ 11.005113408891239, 50.930087882634581 ], [ 10.999999999766354, 50.930462972738411 ], [ 10.969581039206354, 50.932694268729257 ], [ 10.97127305646818, 50.94109162515759 ], [ 10.999999999766354, 50.94526237577923 ], [ 11.003179674749394, 50.945723996730244 ], [ 11.007530576793128, 50.957447613630691 ], [ 10.999999999766354, 50.957797227769831 ], [ 10.944903950940638, 50.96035503162566 ], [ 10.90554805945407, 50.959236815972162 ], [ 10.899768830718694, 50.970957006284813 ], [ 10.883529856868581, 50.973074479021392 ], [ 10.875509253345895, 50.963933141384643 ], [ 10.862214829436356, 50.96870790713227 ], [ 10.863950794976827, 50.980307349000405 ], [ 10.853688818463464, 50.983252775154156 ], [ 10.840745981681399, 50.974376479215344 ], [ 10.827209840891836, 50.977558991930472 ], [ 10.815607434244122, 50.989853003467232 ], [ 10.838851556918071, 50.999999999968175 ], [ 10.842437999841541, 51.00158248045787 ], [ 10.885463591010426, 51.005528480200546 ], [ 10.911900195948416, 50.999999999968175 ], [ 10.917611926171659, 50.998818335889339 ], [ 10.942508756728914, 50.999830441685475 ], [ 10.942545730487694, 50.999999999968175 ], [ 10.946134509030905, 51.016633926614531 ], [ 10.936224119645017, 51.029635590955074 ], [ 10.918051410754741, 51.042766338991932 ], [ 10.889331059294124, 51.046138040292689 ], [ 10.913744456989651, 51.083648161827014 ], [ 10.922687978855457, 51.118357913163649 ], [ 10.891506511214303, 51.129727678417566 ], [ 10.902010204607688, 51.158047092224159 ], [ 10.928577078736605, 51.151597948205627 ], [ 10.954616570826836, 51.161211741319875 ], [ 10.974656226812531, 51.164504096027208 ] ] ], [ [ [ 8.267826764579604, 49.619927795619375 ], [ 8.269411351418277, 49.619157074538059 ], [ 8.26355339073814, 49.599450925039747 ], [ 8.25030167363553, 49.583378929039029 ], [ 8.261732377198143, 49.573504954023107 ], [ 8.245738169110142, 49.566657818493617 ], [ 8.24117466368642, 49.546022788563505 ], [ 8.222196625923706, 49.516840730067614 ], [ 8.208988788827789, 49.507187614727528 ], [ 8.218338926818717, 49.499999999800124 ], [ 8.221033809789015, 49.497949380394012 ], [ 8.234921783844438, 49.487883558965571 ], [ 8.249709295791101, 49.483096487542873 ], [ 8.251947168945405, 49.469835291749511 ], [ 8.231652734575468, 49.462245477151427 ], [ 8.194574255590471, 49.451780334263972 ], [ 8.150716338479912, 49.460634485178382 ], [ 8.116139011791038, 49.450343197207424 ], [ 8.091522411584954, 49.432135795400796 ], [ 8.110522389800177, 49.414139508344284 ], [ 8.134217512560813, 49.423363616249183 ], [ 8.169080058844015, 49.423334566449086 ], [ 8.216448364811118, 49.424728926795666 ], [ 8.23854187226857, 49.449660905173879 ], [ 8.285317799492939, 49.449486701833337 ], [ 8.315551021689851, 49.428171082361033 ], [ 8.333059084169408, 49.407993977160842 ], [ 8.310702296671836, 49.387168968918637 ], [ 8.270223129296141, 49.392038136902954 ], [ 8.259340924469569, 49.383927433219363 ], [ 8.235228942992908, 49.380409469079353 ], [ 8.177943789651348, 49.38093281862016 ], [ 8.125924219145444, 49.369984922900322 ], [ 8.115371113919858, 49.377211100220769 ], [ 8.077436977948638, 49.374724950495356 ], [ 8.06793698839186, 49.360139900812648 ], [ 8.055036310444384, 49.348343623214276 ], [ 8.079433510617044, 49.332732091805745 ], [ 8.135731367850664, 49.333343261363837 ], [ 8.132550077696763, 49.324451448950562 ], [ 8.171186291978303, 49.314859287393801 ], [ 8.216031506095097, 49.277156564287914 ], [ 8.250279734081355, 49.254993233799638 ], [ 8.236238179553364, 49.248623613929531 ], [ 8.281412492372848, 49.221007514528658 ], [ 8.324568332071419, 49.217507006006045 ], [ 8.333454003331214, 49.206916448971747 ], [ 8.377487439570183, 49.203269035025649 ], [ 8.373494372436751, 49.194951918998775 ], [ 8.298657276608916, 49.190836615201682 ], [ 8.274413655112193, 49.210344771395683 ], [ 8.258704666618451, 49.213116431864023 ], [ 8.273689638146029, 49.192062486018003 ], [ 8.238739331849489, 49.19645494061924 ], [ 8.21930055536407, 49.221707586546046 ], [ 8.193652779043379, 49.220249092068038 ], [ 8.211972619400772, 49.206653844485281 ], [ 8.219278614911596, 49.197315873739925 ], [ 8.180269421920729, 49.200350908925252 ], [ 8.176284289606158, 49.203790744672702 ], [ 8.172458807680536, 49.206347470419132 ], [ 8.1624688706796, 49.208416204468854 ], [ 8.157386056376652, 49.209090229137736 ], [ 8.149970381061239, 49.227424465964368 ], [ 8.113001601643793, 49.238870809578721 ], [ 8.034171438682517, 49.236042279929627 ], [ 8.01547861961577, 49.219607341159886 ], [ 8.017892011898521, 49.191420367075736 ], [ 8.026075604848041, 49.170590729606033 ], [ 8.064733758683756, 49.153257606678558 ], [ 8.06688387182472, 49.136342075542721 ], [ 8.062561705988609, 49.114407514578168 ], [ 8.041740714233434, 49.104657312853128 ], [ 8.000844687243378, 49.110987123758633 ], [ 7.999999999585081, 49.110911472929224 ], [ 7.969997147647817, 49.108224327161061 ], [ 7.940882862477239, 49.104014053627836 ], [ 7.937482174086542, 49.12886116300534 ], [ 7.911702757745793, 49.132572538941574 ], [ 7.859046929388778, 49.124974147327116 ], [ 7.850990895412973, 49.139850521027135 ], [ 7.850446477723238, 49.140944025310567 ], [ 7.809477931536935, 49.14184534697101 ], [ 7.7973507434733, 49.14211214539764 ], [ 7.775746359704907, 49.142587439669775 ], [ 7.762796463063033, 49.142872334208839 ], [ 7.758961022414154, 49.141846710166661 ], [ 7.741053993862399, 49.137057962411326 ], [ 7.7087803589904, 49.114875242067193 ], [ 7.711618587927197, 49.091312078845085 ], [ 7.712795366576341, 49.084215104675636 ], [ 7.686154088585727, 49.065416377527264 ], [ 7.700412516186206, 49.053868707291478 ], [ 7.706223384484214, 49.054295574321905 ], [ 7.732387722636002, 49.027962692464364 ], [ 7.723815692767727, 49.026721983692283 ], [ 7.694980144050017, 49.022574087791376 ], [ 7.689607773984918, 49.026177749355355 ], [ 7.68093859042036, 49.030832470845155 ], [ 7.667160315034189, 49.026454527928259 ], [ 7.667481270508782, 49.024195595678073 ], [ 7.669266548168471, 49.016071837369772 ], [ 7.655970951957484, 49.012307757111579 ], [ 7.644606068854025, 49.023071972407216 ], [ 7.64260771530054, 49.022837066888016 ], [ 7.640380055990998, 49.022088061305347 ], [ 7.622556440504968, 49.020479987974255 ], [ 7.632802387480383, 49.033921688990503 ], [ 7.638311906933161, 49.040065409257039 ], [ 7.63769499070845, 49.044168897690767 ], [ 7.657024068524624, 49.060925826973509 ], [ 7.624136115355679, 49.082211371449169 ], [ 7.608602645990342, 49.082767159905913 ], [ 7.579210208271803, 49.076963741222485 ], [ 7.578009897355495, 49.083516564174111 ], [ 7.565697535969048, 49.080177544438101 ], [ 7.505993403721979, 49.12151642969954 ], [ 7.499999999554868, 49.125706165658201 ], [ 7.498470408476194, 49.126775380986551 ], [ 7.49746114047471, 49.127480867703994 ], [ 7.499999999554868, 49.130342408218709 ], [ 7.506495736238959, 49.137662975204947 ], [ 7.499999999554868, 49.138924554358361 ], [ 7.489816482796737, 49.140902295888857 ], [ 7.488949526800861, 49.15071478118773 ], [ 7.494681265200438, 49.151544278262669 ], [ 7.499999999554868, 49.155605517137126 ], [ 7.51238130574102, 49.165058243013377 ], [ 7.512549639245481, 49.166064554711333 ], [ 7.522137387917302, 49.175715025260217 ], [ 7.546732047670879, 49.181437254152684 ], [ 7.535740143276765, 49.203166903321886 ], [ 7.528456087320151, 49.223370216657166 ], [ 7.518736698628272, 49.245679024998708 ], [ 7.535103885425644, 49.256246654170752 ], [ 7.543287479273499, 49.27412627218343 ], [ 7.547938743812253, 49.292640180251055 ], [ 7.538131596005339, 49.307085201823718 ], [ 7.499999999554868, 49.326520821503706 ], [ 7.494207858435589, 49.3294723927227 ], [ 7.477599332948948, 49.339105341088278 ], [ 7.462767940995628, 49.36527352058436 ], [ 7.48145002699137, 49.384564491544722 ], [ 7.496292152015695, 49.381194490995362 ], [ 7.499999999554868, 49.382356134452529 ], [ 7.538285175579572, 49.394349004906218 ], [ 7.605421356734747, 49.408473443823596 ], [ 7.665558700629295, 49.413514820448803 ], [ 7.682364685696837, 49.390555635777503 ], [ 7.700026327750627, 49.373561796416908 ], [ 7.785372649695661, 49.379391828567655 ], [ 7.834561969202787, 49.372136894593964 ], [ 7.866440685811276, 49.376426013723744 ], [ 7.905669277937246, 49.423000495434913 ], [ 7.903760503485551, 49.441211307587636 ], [ 7.982086048615764, 49.451664203236732 ], [ 7.999999999585081, 49.454005700221025 ], [ 8.003631058235461, 49.454480295180737 ], [ 8.009028280192899, 49.439614139736008 ], [ 7.999999999585081, 49.436917226499922 ], [ 7.956482152301757, 49.423915555062734 ], [ 7.958522564976846, 49.412163724341923 ], [ 7.947245441886772, 49.395380866535433 ], [ 7.915191206149866, 49.390657377120881 ], [ 7.882039974737433, 49.367512947686691 ], [ 7.855536540532197, 49.333314158588038 ], [ 7.872825204774985, 49.306590181034771 ], [ 7.87644529319908, 49.27412627218343 ], [ 7.879802101583131, 49.25512440706872 ], [ 7.873176243031812, 49.233811417431411 ], [ 7.889016871545579, 49.208535814467098 ], [ 7.910452181597734, 49.21018430256116 ], [ 7.948320498906421, 49.227803623281787 ], [ 7.978356260624081, 49.238550057080509 ], [ 7.999999999585081, 49.244667234569185 ], [ 8.004508655674156, 49.245941421558641 ], [ 8.003784637809707, 49.267263717619656 ], [ 7.999999999585081, 49.276695947687848 ], [ 7.998189956271344, 49.2812063735687 ], [ 7.987417451012333, 49.296776084898106 ], [ 7.967452116243336, 49.322617584896776 ], [ 7.985333157432227, 49.340094721002792 ], [ 7.999999999585081, 49.341606183354067 ], [ 8.01681695487887, 49.343339163965439 ], [ 8.035224555249666, 49.357216550867264 ], [ 8.043298448631635, 49.370464762776564 ], [ 7.999999999585081, 49.386485347335693 ], [ 7.999330831953526, 49.386732900450831 ], [ 7.965916321399308, 49.39600578649889 ], [ 7.983885122601575, 49.407674330102694 ], [ 7.999999999585081, 49.408746842608288 ], [ 8.027764979266301, 49.41059466262903 ], [ 8.058788037990242, 49.422085418645182 ], [ 8.074826126084963, 49.456004400221659 ], [ 8.037462427505673, 49.462579279964295 ], [ 8.025395466990236, 49.474246418032081 ], [ 8.02486695487095, 49.47716768471502 ], [ 8.038120625809302, 49.479469604178753 ], [ 8.053017837323479, 49.499486627851169 ], [ 8.053183930429611, 49.499999999800124 ], [ 8.06460211956203, 49.535643421913839 ], [ 8.081803022893109, 49.56433132796537 ], [ 8.078314574489037, 49.598573610247669 ], [ 8.086676709397905, 49.606245379930535 ], [ 8.131540841136315, 49.593748096328795 ], [ 8.158965751888633, 49.587752092073238 ], [ 8.190625068463685, 49.59692129163988 ], [ 8.212806335934513, 49.622679362936644 ], [ 8.249818995358652, 49.628685661808824 ], [ 8.259935575949992, 49.623765777422157 ], [ 8.267826764579604, 49.619927795619375 ] ], [ [ 7.653798898364002, 49.260953982500162 ], [ 7.693554048773541, 49.276078500917933 ], [ 7.723896970538005, 49.315951054888224 ], [ 7.690548278646356, 49.325877740432531 ], [ 7.652153403952425, 49.343688329292682 ], [ 7.623214637910264, 49.301013569645846 ], [ 7.630147655610051, 49.287265895027197 ], [ 7.624706553645932, 49.268414829068995 ], [ 7.653798898364002, 49.260953982500162 ] ] ], [ [ [ 7.098938107501193, 50.499133061179442 ], [ 7.143849141178892, 50.495701955896756 ], [ 7.147433196380348, 50.499999999891088 ], [ 7.159119331402433, 50.514161345172766 ], [ 7.178558107887851, 50.511279076333899 ], [ 7.208462230483793, 50.507666028097873 ], [ 7.208227090169951, 50.499999999891088 ], [ 7.208045371767774, 50.494137499336766 ], [ 7.245365190340381, 50.486445925010806 ], [ 7.25704916132092, 50.499999999891088 ], [ 7.260767019685649, 50.504358251889798 ], [ 7.288550323202035, 50.499999999891088 ], [ 7.296507163407546, 50.498764985457704 ], [ 7.298519756156592, 50.499999999891088 ], [ 7.309210381774068, 50.506629882157931 ], [ 7.3243050528692, 50.508542749467409 ], [ 7.288915948302463, 50.541540715115843 ], [ 7.269741766990704, 50.549738537145153 ], [ 7.246571886481756, 50.559391104668876 ], [ 7.243330267269986, 50.571554567585714 ], [ 7.316669957757425, 50.575629718248123 ], [ 7.362721867117306, 50.576200089798235 ], [ 7.405855767261692, 50.553432882758102 ], [ 7.449538164345508, 50.557254724464208 ], [ 7.449231005197031, 50.615220900506912 ], [ 7.458186387519525, 50.646915747284574 ], [ 7.479683626529043, 50.666920054344786 ], [ 7.499999999554868, 50.669364970220101 ], [ 7.503334869283031, 50.669766283252642 ], [ 7.553687004924813, 50.675709709836589 ], [ 7.592696197915682, 50.680792128704269 ], [ 7.67082428346497, 50.721616688245383 ], [ 7.725498584942898, 50.722700975629039 ], [ 7.725301125361971, 50.762484790270598 ], [ 7.699894688628901, 50.78614069653468 ], [ 7.714857719703972, 50.798868433190101 ], [ 7.739123280754862, 50.795475590867227 ], [ 7.765911932757771, 50.816238017121563 ], [ 7.796737532799119, 50.819418217424229 ], [ 7.805162465336212, 50.874489532521679 ], [ 7.779404989447971, 50.899932644826457 ], [ 7.795157857948408, 50.919450198418176 ], [ 7.825605753243684, 50.924106837824951 ], [ 7.85305318476021, 50.915122022433472 ], [ 7.876141591666167, 50.898952111783849 ], [ 7.884143653961369, 50.888381091697333 ], [ 7.882303253879218, 50.888233974168386 ], [ 7.848603523730743, 50.86975776065448 ], [ 7.853145088701956, 50.85235544987826 ], [ 7.876993791036861, 50.847449982804221 ], [ 7.903497224343766, 50.826358480013241 ], [ 7.949351675021054, 50.829129017796738 ], [ 7.96813225410114, 50.806577317053879 ], [ 7.952028346445586, 50.78268089666976 ], [ 7.963766208258344, 50.748729514300095 ], [ 7.999999999585081, 50.723203064321872 ], [ 8.014579082622864, 50.712928257930514 ], [ 8.031494767257984, 50.693019432177685 ], [ 8.02263103645066, 50.660472372656834 ], [ 7.999999999585081, 50.652908655562243 ], [ 7.976315847050668, 50.644991655124336 ], [ 7.969975208093644, 50.615936574991068 ], [ 7.939105728943936, 50.601753579704294 ], [ 7.920478729438083, 50.586571687658747 ], [ 7.918526075878039, 50.563743180339692 ], [ 7.850183198581452, 50.554295478520579 ], [ 7.793841462239473, 50.550725555764195 ], [ 7.75273860983333, 50.499999999891088 ], [ 7.752287237844131, 50.49944855260533 ], [ 7.718631387702304, 50.485998854929626 ], [ 7.634469821446163, 50.445889869008234 ], [ 7.598093419873144, 50.471019539538524 ], [ 7.54273898053742, 50.471861348111887 ], [ 7.511672041806795, 50.425447314441335 ], [ 7.499999999554868, 50.427343521353592 ], [ 7.457941157328454, 50.434175646691138 ], [ 7.4159261942104, 50.421668485068203 ], [ 7.287489853025987, 50.42039125128386 ], [ 7.224566138139346, 50.431569164864882 ], [ 7.179018846610526, 50.418534592023647 ], [ 7.129610127070009, 50.396920853746074 ], [ 7.158066214835292, 50.374809534847707 ], [ 7.152142433695963, 50.34157036075586 ], [ 7.113374580292696, 50.353281236459054 ], [ 7.073575549876471, 50.36817939102604 ], [ 7.044632929163427, 50.379007419425371 ], [ 7.041938172855594, 50.380015456391206 ], [ 7.072544373761841, 50.405430552865489 ], [ 7.068595186635065, 50.434228301704181 ], [ 7.085949669540377, 50.46702074143478 ], [ 7.098938107501193, 50.499133061179442 ] ] ], [ [ [ 11.03727767118246, 49.13386042506567 ], [ 11.034386555729933, 49.132450706405606 ], [ 11.046932450344142, 49.090424563157555 ], [ 11.0597853558848, 49.068651126526298 ], [ 11.059321000544765, 49.067884558942986 ], [ 11.053193079053758, 49.054311543114203 ], [ 11.056774882178788, 49.02582489203045 ], [ 11.029570754865414, 49.007269007157809 ], [ 11.070053566706235, 49.000000000276607 ], [ 11.076156175469166, 48.9989151456545 ], [ 11.075189307949083, 48.988239377867487 ], [ 11.117094212173475, 48.989153290253903 ], [ 11.136780141244687, 49.000000000276607 ], [ 11.153923063714068, 49.009539437737907 ], [ 11.186335089445485, 49.023994510644584 ], [ 11.241358624464837, 49.026586310979518 ], [ 11.288844988823229, 49.02500488942416 ], [ 11.27076017738856, 49.041592656794073 ], [ 11.307039672301986, 49.069192436953806 ], [ 11.308621818418041, 49.082694030249804 ], [ 11.291987307365178, 49.095899492352352 ], [ 11.271250863247886, 49.111882294611561 ], [ 11.28981202253164, 49.126771731126688 ], [ 11.303326023442708, 49.124258084944373 ], [ 11.307632977207795, 49.13644434539524 ], [ 11.346439511168883, 49.158062428051295 ], [ 11.387443471638633, 49.153199186643917 ], [ 11.415504594428, 49.136824204420833 ], [ 11.425920391264093, 49.11404209957535 ], [ 11.448048466791985, 49.06029663047719 ], [ 11.499999999796566, 49.049576093973364 ], [ 11.519816383111655, 49.045486242264552 ], [ 11.519728486554365, 49.023613782691072 ], [ 11.540186517612279, 49.01733134878468 ], [ 11.541996957981382, 49.000000000276607 ], [ 11.542559737235523, 48.994665421566282 ], [ 11.547701712786445, 48.949462356509997 ], [ 11.532649347849636, 48.938572635903974 ], [ 11.540560080226552, 48.911323347833701 ], [ 11.50210513339294, 48.898637743403285 ], [ 11.499999999796566, 48.897857250470246 ], [ 11.476900663088538, 48.889292207946077 ], [ 11.461760401594441, 48.865564390232656 ], [ 11.441895675442337, 48.826342166874447 ], [ 11.481734998892314, 48.81018457072016 ], [ 11.477779633153014, 48.799890469616649 ], [ 11.42792004917138, 48.797677033152247 ], [ 11.391091197630788, 48.789200992969597 ], [ 11.374258917976546, 48.778815152765596 ], [ 11.360063549414049, 48.754437084315924 ], [ 11.341738240113198, 48.740107347468957 ], [ 11.32283916156902, 48.746784609024836 ], [ 11.302754692227062, 48.752236206883175 ], [ 11.294734089602693, 48.765381730251399 ], [ 11.269727387001351, 48.763108472633938 ], [ 11.24428119981693, 48.764521984816128 ], [ 11.227734586219672, 48.777780820643734 ], [ 11.191059555001809, 48.771865775213463 ], [ 11.157790532896076, 48.780548704083763 ], [ 11.141375764134754, 48.800560306016727 ], [ 11.08986811027162, 48.800982589738503 ], [ 11.08028733522136, 48.7831853350744 ], [ 11.066619348697548, 48.783593199268608 ], [ 11.050841834018994, 48.811349256953243 ], [ 11.045875652480969, 48.840763126308588 ], [ 11.084726134720702, 48.833866033438774 ], [ 11.11729198077485, 48.840734026402316 ], [ 11.086637895172384, 48.851296081440864 ], [ 11.045721832158238, 48.851179707522036 ], [ 11.046776596235611, 48.867527598940214 ], [ 11.000301047675944, 48.863397500163522 ], [ 11.00526722921397, 48.876004862012564 ], [ 10.999999999766354, 48.878130310872393 ], [ 10.996367655626811, 48.879595993668033 ], [ 10.964329191611347, 48.866233344052759 ], [ 10.927522314659232, 48.878505596256254 ], [ 10.908558533160084, 48.896196155471443 ], [ 10.907943253665794, 48.930149613086755 ], [ 10.941036481758628, 48.944017795255334 ], [ 10.951210561714699, 48.95792564878316 ], [ 10.934839742130336, 48.979969878818792 ], [ 10.954374854845129, 48.994970021187015 ], [ 10.952653760914187, 49.000000000276607 ], [ 10.94615648272107, 49.019176622114557 ], [ 10.999999999766354, 49.016000702422602 ], [ 11.004036274068348, 49.015762618137543 ], [ 11.010277359030642, 49.035488185480141 ], [ 11.002300704684917, 49.072718127613484 ], [ 10.999999999766354, 49.073313692599655 ], [ 10.976305160873331, 49.079446963529868 ], [ 10.930620684922538, 49.073800654586428 ], [ 10.8865183550878, 49.077501546646253 ], [ 10.880848997498191, 49.105885330601474 ], [ 10.841493106909939, 49.110110061797485 ], [ 10.825627694775781, 49.114451364550348 ], [ 10.821606406169355, 49.139526962707045 ], [ 10.83714220396789, 49.143427438974889 ], [ 10.841163492574314, 49.151577999655245 ], [ 10.787480387689316, 49.151461154943249 ], [ 10.742806727537246, 49.162238882585136 ], [ 10.718569124752927, 49.172430281387022 ], [ 10.688618215202043, 49.172152893195403 ], [ 10.684772720608512, 49.198993921221359 ], [ 10.651218033344117, 49.208535814467098 ], [ 10.645773008437153, 49.221069872379836 ], [ 10.691298497854019, 49.232777376879831 ], [ 10.70937332181936, 49.233493424973808 ], [ 10.709845345178662, 49.232542842549172 ], [ 10.750497716724306, 49.230195163261108 ], [ 10.771395233263616, 49.217565349730521 ], [ 10.82325447515254, 49.203560838051963 ], [ 10.863884872109702, 49.193302920144113 ], [ 10.898472349761304, 49.168021081336128 ], [ 10.927654160393482, 49.169276722042255 ], [ 10.95048541107464, 49.173335432601242 ], [ 10.966065158050132, 49.181510237458106 ], [ 10.99625778448104, 49.178897367224401 ], [ 10.999999999766354, 49.165282561326208 ], [ 11.00082842971463, 49.162268087544398 ], [ 11.007596499660252, 49.147064683850928 ], [ 11.026648178615005, 49.150044394807487 ], [ 11.03727767118246, 49.13386042506567 ] ] ], [ [ [ 7.767820465562601, 48.449902986079131 ], [ 7.766460431493813, 48.451543305231553 ], [ 7.786595780515177, 48.500000000192749 ], [ 7.78825216789788, 48.504023831363099 ], [ 7.836404923195283, 48.500700223827515 ], [ 7.837313260983018, 48.500000000192749 ], [ 7.867208582784122, 48.477176358078829 ], [ 7.886844818850431, 48.443470407160746 ], [ 7.914028390015176, 48.422396386429476 ], [ 7.942594177348009, 48.414580352653751 ], [ 7.977566423198727, 48.412575301634682 ], [ 7.999999999585081, 48.427039877280215 ], [ 8.018528269749639, 48.438983292730654 ], [ 8.042069812936077, 48.459222975092231 ], [ 8.055321530038677, 48.472866387468279 ], [ 8.063527062542372, 48.493208536410904 ], [ 8.068491080937202, 48.500000000192749 ], [ 8.085357291756374, 48.523298451407712 ], [ 8.072061694647054, 48.543486214541574 ], [ 8.039458961072402, 48.536577318851634 ], [ 7.999999999585081, 48.547781625738516 ], [ 7.999045613257565, 48.548052591624803 ], [ 7.992507514719623, 48.575617674631062 ], [ 7.964599925690382, 48.571946128620858 ], [ 7.946280085333, 48.542388466489072 ], [ 7.898845959805002, 48.537323876670683 ], [ 7.858717830686134, 48.536723703704126 ], [ 7.815230044625479, 48.547930590385668 ], [ 7.814969613143125, 48.554681881169209 ], [ 7.815828805, 48.556999670055696 ], [ 7.815715570561797, 48.558442481114184 ], [ 7.80156782107, 48.57412594145174 ], [ 7.811907065180055, 48.59511865043816 ], [ 7.83173219883847, 48.616762728331572 ], [ 7.94140942076081, 48.668326589081929 ], [ 7.976930165347605, 48.711393071984297 ], [ 7.977121744556699, 48.712696565626018 ], [ 7.98087935247439, 48.738256184181324 ], [ 7.983161179297237, 48.738649807821922 ], [ 7.999999999585081, 48.732222320058973 ], [ 8.020480923309687, 48.724403503910168 ], [ 8.027413941009481, 48.713231073947696 ], [ 8.024495929997331, 48.698933724140197 ], [ 8.024934642029274, 48.664166377772339 ], [ 8.005978630957326, 48.66178529989616 ], [ 8.011704951617441, 48.635816138359282 ], [ 8.041279975510722, 48.580356643497041 ], [ 8.073400030808488, 48.58272596065536 ], [ 8.092926567307254, 48.594307680357304 ], [ 8.083755677351453, 48.611558320711687 ], [ 8.088404967393229, 48.614590020023947 ], [ 8.09720967978472, 48.617569507423276 ], [ 8.098372715108333, 48.617621682151409 ], [ 8.101365102134425, 48.617273115414072 ], [ 8.104597951094068, 48.615695546466419 ], [ 8.107582439233848, 48.611762953774594 ], [ 8.110658417192056, 48.606270606405793 ], [ 8.114328967578977, 48.602431277742149 ], [ 8.117359310222437, 48.60114973069399 ], [ 8.126377717446948, 48.600313622628612 ], [ 8.131014282852744, 48.600389938571638 ], [ 8.199159700568366, 48.61885151208449 ], [ 8.234022246851533, 48.62094134948925 ], [ 8.236720858728583, 48.608488725259249 ], [ 8.225794773895331, 48.597436626518494 ], [ 8.240099607565107, 48.590140323661984 ], [ 8.241404740196989, 48.589940793077382 ], [ 8.25642291435576, 48.575749318672585 ], [ 8.253395203776092, 48.545023022655151 ], [ 8.238761271403673, 48.519769519244726 ], [ 8.251925228492933, 48.509020127896271 ], [ 8.281829351088867, 48.505285129832536 ], [ 8.282331722233421, 48.500000000192749 ], [ 8.283365145932894, 48.489233611901405 ], [ 8.30133394803345, 48.481282822560225 ], [ 8.31046095798256, 48.464100193373149 ], [ 8.333892801601445, 48.457568098120774 ], [ 8.323383575484218, 48.44641803587669 ], [ 8.329987494481353, 48.387897945320077 ], [ 8.340738059287828, 48.363281264808542 ], [ 8.366780753872066, 48.357376134657152 ], [ 8.425294543807517, 48.354030557979534 ], [ 8.427093617793329, 48.329062673667252 ], [ 8.395851159934285, 48.321348660973278 ], [ 8.349887009689455, 48.337022886417522 ], [ 8.328736918333295, 48.328320433074865 ], [ 8.301004848432509, 48.309062036815639 ], [ 8.316099519527604, 48.279381353319934 ], [ 8.286348976505904, 48.266589133908113 ], [ 8.26241251415766, 48.278113930887756 ], [ 8.205653919997923, 48.268541685429383 ], [ 8.204074245147249, 48.254420424313416 ], [ 8.170703613701381, 48.250237212770045 ], [ 8.173358344673442, 48.231619934232697 ], [ 8.14843458621722, 48.224328618034953 ], [ 8.154292546897359, 48.204024090023424 ], [ 8.13366901382477, 48.189038472721876 ], [ 8.146065073941156, 48.173946259638051 ], [ 8.155826793045819, 48.168078412247809 ], [ 8.150694398925737, 48.140622480974294 ], [ 8.093145966442346, 48.13356649639595 ], [ 8.051942780303857, 48.147429193517787 ], [ 8.045009763502369, 48.169128655004464 ], [ 8.021885079031987, 48.175698003091938 ], [ 8.021698011162286, 48.172165014804847 ], [ 7.999999999585081, 48.174212857656123 ], [ 7.995864323103637, 48.174603170939243 ], [ 7.978136861488981, 48.17196087776879 ], [ 7.957162289261237, 48.174895128399349 ], [ 7.927345926678679, 48.17796058256436 ], [ 7.91672700189219, 48.186645035376543 ], [ 7.879683572474643, 48.191190277450296 ], [ 7.881315956872973, 48.19216144831924 ], [ 7.846146251441302, 48.198479779678948 ], [ 7.808365695044316, 48.206110344768383 ], [ 7.773195989612681, 48.211682998898851 ], [ 7.777540095002968, 48.233121815475435 ], [ 7.751519339972951, 48.238108326403676 ], [ 7.7232168326802, 48.24041187084368 ], [ 7.694760744914917, 48.240645135827016 ], [ 7.694058667502937, 48.259754612321764 ], [ 7.750243248077562, 48.302099609119914 ], [ 7.783310296568065, 48.299262631195646 ], [ 7.797812588920434, 48.271907474958894 ], [ 7.806303341018421, 48.250849411177562 ], [ 7.827607011948817, 48.241578183260287 ], [ 7.847528466711122, 48.240251501259465 ], [ 7.898143882393021, 48.244420956283051 ], [ 7.91429166915696, 48.229695128346002 ], [ 7.945117269198308, 48.23920179438273 ], [ 7.940553763774596, 48.257816297474214 ], [ 7.963810088265028, 48.274340612468578 ], [ 7.954419798275836, 48.304067925323785 ], [ 7.959553741989811, 48.316312087548617 ], [ 7.936604576647812, 48.326326516593078 ], [ 7.927367867131151, 48.338739916570887 ], [ 7.906305535788365, 48.330648994837603 ], [ 7.881535356008073, 48.319747492195873 ], [ 7.871377169046001, 48.334228950460151 ], [ 7.836536563215307, 48.357143406206845 ], [ 7.839300993754918, 48.377081457386872 ], [ 7.857489194990575, 48.381966609563527 ], [ 7.914050330467684, 48.364022994006348 ], [ 7.940970622490615, 48.364153885808513 ], [ 7.95446367828252, 48.376485320364324 ], [ 7.939522586761631, 48.392215171633524 ], [ 7.894852892671542, 48.406559671356035 ], [ 7.849963799446352, 48.428816833356912 ], [ 7.835768665344162, 48.46293899334097 ], [ 7.819138199405002, 48.46126972229861 ], [ 7.797922288487984, 48.449859138025595 ], [ 7.76990502863731, 48.453561324017372 ], [ 7.767820465562601, 48.449902986079131 ] ] ], [ [ [ 8.403222975904276, 49.202743785096473 ], [ 8.408686017422569, 49.222422232631132 ], [ 8.446181355123596, 49.250474824182504 ], [ 8.428958511339999, 49.258680530795779 ], [ 8.364082142893349, 49.263139894900291 ], [ 8.335955154729042, 49.276471851173206 ], [ 8.311601834563074, 49.287061980575103 ], [ 8.324107593348707, 49.301188303012509 ], [ 8.342405494151915, 49.310128015636842 ], [ 8.385363873371261, 49.299790415695313 ], [ 8.412635204549344, 49.325019060051531 ], [ 8.391923912361685, 49.35072928983142 ], [ 8.371629478890044, 49.37031935735758 ], [ 8.403376554580177, 49.394116469607205 ], [ 8.432776059345048, 49.399246520757522 ], [ 8.442012768861709, 49.388520756784231 ], [ 8.452960793249147, 49.399900455023392 ], [ 8.491750587104915, 49.400045772429515 ], [ 8.484773689398436, 49.382749960597785 ], [ 8.485585467276309, 49.360590750183391 ], [ 8.499999999615302, 49.361765394197782 ], [ 8.509499989172046, 49.362539535090612 ], [ 8.521391430559063, 49.357172917700098 ], [ 8.546095789880155, 49.36281584886752 ], [ 8.552392548830532, 49.358234653112362 ], [ 8.546227429001917, 49.347136198701165 ], [ 8.54458193459034, 49.336908264237238 ], [ 8.548158143007752, 49.323767396390643 ], [ 8.510333706604083, 49.325310139873935 ], [ 8.503071590201642, 49.314437131115831 ], [ 8.505331402910167, 49.305993237289186 ], [ 8.518824458702072, 49.308628470895989 ], [ 8.525735535949359, 49.298902154032717 ], [ 8.536376401188312, 49.288693268917044 ], [ 8.552085390580352, 49.287309590535024 ], [ 8.573608459747552, 49.289887571255164 ], [ 8.586860176850152, 49.278569665135358 ], [ 8.600813971364767, 49.266739151641517 ], [ 8.655203054146737, 49.254220760836013 ], [ 8.679402794738433, 49.242107381028099 ], [ 8.687301168991993, 49.249002607607871 ], [ 8.704348493647172, 49.25636325012902 ], [ 8.755797625862812, 49.257645783860013 ], [ 8.794060861434973, 49.265806575791913 ], [ 8.829230566866645, 49.272392511316006 ], [ 8.843096601367856, 49.284585813954209 ], [ 8.855865640193606, 49.282371724069819 ], [ 8.852662410485504, 49.270250722448559 ], [ 8.871728208261587, 49.26351877649612 ], [ 8.899153119013903, 49.269114224844948 ], [ 8.907161192835014, 49.258855415073725 ], [ 8.912229316089798, 49.24935244510317 ], [ 8.888468373768257, 49.247705270891068 ], [ 8.886634634693957, 49.240894129117201 ], [ 8.883992628357912, 49.233767674258829 ], [ 8.856611597612279, 49.230034758648365 ], [ 8.856611597612279, 49.219534414376604 ], [ 8.843184361381233, 49.215144021362065 ], [ 8.849876039493417, 49.208025209117523 ], [ 8.876796331516369, 49.212416238041804 ], [ 8.90964040467863, 49.205822253376304 ], [ 8.937547993707835, 49.195827470953304 ], [ 8.962669211744945, 49.195827470953304 ], [ 8.973814695713301, 49.184633822522279 ], [ 8.998935913750431, 49.180911771040982 ], [ 8.999999999645505, 49.183813334131351 ], [ 9.00227078258027, 49.190004756575995 ], [ 8.999999999645505, 49.191404420841735 ], [ 8.985223457925109, 49.200511410446609 ], [ 8.973968275287536, 49.21151180571924 ], [ 8.967605695878003, 49.230034758648365 ], [ 8.948583777210306, 49.236304727990742 ], [ 8.936275478005593, 49.248244617325206 ], [ 8.92749950631331, 49.260735385962981 ], [ 8.921970644335817, 49.275058689876914 ], [ 8.933335527439265, 49.285299545697931 ], [ 8.952620724350458, 49.288110672253183 ], [ 8.971664582572338, 49.287091111430961 ], [ 8.990708439895911, 49.278278307516594 ], [ 8.999506352040683, 49.27803065194459 ], [ 8.999999999645505, 49.278191178947687 ], [ 9.015544439237072, 49.283245718770011 ], [ 9.031779986014376, 49.292916888842001 ], [ 9.050604445101165, 49.303561708589321 ], [ 9.073729129571564, 49.303008409457085 ], [ 9.083163298669142, 49.296761522937544 ], [ 9.101658658154962, 49.303998519001901 ], [ 9.088363061943975, 49.326285244904319 ], [ 9.12164593337644, 49.338392393532061 ], [ 9.138210579754713, 49.328817516369661 ], [ 9.162695539940721, 49.331480625928684 ], [ 9.176715154016195, 49.336398994095191 ], [ 9.175398758307271, 49.3631503323708 ], [ 9.208133131901981, 49.369461456111701 ], [ 9.257651550111753, 49.39272123514985 ], [ 9.266339761790658, 49.393665929424813 ], [ 9.268937106585712, 49.393683166207218 ], [ 9.277090326597161, 49.375364673321933 ], [ 9.252495666843602, 49.364139226047762 ], [ 9.253197744255591, 49.342408045613624 ], [ 9.253022225127172, 49.313723824227793 ], [ 9.271298185477889, 49.304813888136813 ], [ 9.301794685918271, 49.302440543803598 ], [ 9.302694222911176, 49.291067279668475 ], [ 9.270508348052536, 49.283245718770011 ], [ 9.251179271134676, 49.254541411555408 ], [ 9.235711621330227, 49.217725795057241 ], [ 9.263290111656788, 49.20008826878145 ], [ 9.248436780149275, 49.184429481496018 ], [ 9.231082296345647, 49.163231833824575 ], [ 9.248151561453307, 49.148627593923599 ], [ 9.218664297573383, 49.130190861637011 ], [ 9.181212838980725, 49.133902136872223 ], [ 9.186566181829793, 49.142609387197894 ], [ 9.134897650479058, 49.146261299687659 ], [ 9.137859540599562, 49.168386096265692 ], [ 9.119693279816394, 49.189639901966792 ], [ 9.123708286504035, 49.206624665860794 ], [ 9.087595164072804, 49.209090179110312 ], [ 9.085225651796739, 49.192690003717551 ], [ 9.092334188624935, 49.177612776677016 ], [ 9.087375764937704, 49.157784958898674 ], [ 9.068463546735863, 49.144040969041974 ], [ 9.044812303981894, 49.132367982366404 ], [ 9.025198007469751, 49.133712196759227 ], [ 9.017892011958953, 49.153067741165444 ], [ 9.002819280418024, 49.163042006762488 ], [ 8.999999999645505, 49.162329419434208 ], [ 8.987856249342959, 49.159259909310968 ], [ 8.987493733311737, 49.15625098698694 ], [ 8.974867812280442, 49.155419103961115 ], [ 8.971445183437236, 49.162224280688115 ], [ 8.98055025383217, 49.164619011681886 ], [ 8.971576822558964, 49.17124772023476 ], [ 8.900052656006809, 49.171028724332814 ], [ 8.871794027822451, 49.185451176374094 ], [ 8.834123170992981, 49.184195948276006 ], [ 8.835329867134366, 49.171379117190426 ], [ 8.830261742981284, 49.158325292587378 ], [ 8.845795212346575, 49.152950899987339 ], [ 8.859244389030129, 49.156339172196752 ], [ 8.853474187465032, 49.137218670423444 ], [ 8.852947629181463, 49.120326861631412 ], [ 8.875787094955921, 49.11768151267551 ], [ 8.873110423531378, 49.107142554836912 ], [ 8.873417582679847, 49.105607566991964 ], [ 8.823482305754057, 49.094378777325801 ], [ 8.81718554590539, 49.095665539198841 ], [ 8.816571227608446, 49.111849552116205 ], [ 8.797680949859105, 49.112843519127516 ], [ 8.782695978331551, 49.097566376102066 ], [ 8.794850698860328, 49.092214602397767 ], [ 8.79109897131447, 49.087637352135509 ], [ 8.735327673262754, 49.078320678854354 ], [ 8.714813839757678, 49.044505555957322 ], [ 8.693876649123853, 49.04065743523897 ], [ 8.693466289718932, 49.041651209093395 ], [ 8.671548300491592, 49.055628617429903 ], [ 8.646997520744707, 49.055701787163301 ], [ 8.634667281087486, 49.053535916847636 ], [ 8.633197305804318, 49.054311543114203 ], [ 8.615772605186516, 49.06480225207617 ], [ 8.616764299446123, 49.065534815723581 ], [ 8.62736128467839, 49.070553003081521 ], [ 8.636532174634157, 49.081216787297429 ], [ 8.621459443991569, 49.093048113536128 ], [ 8.599804734804312, 49.091395700668805 ], [ 8.591138462679616, 49.075643820912731 ], [ 8.583020689290954, 49.065476291710397 ], [ 8.59036840795344, 49.061743435375853 ], [ 8.588001053430659, 49.059769854840368 ], [ 8.582845170162509, 49.045281324512807 ], [ 8.60015577306114, 49.028065187627085 ], [ 8.573805919328468, 49.020772874348552 ], [ 8.564854428507779, 49.005232855103074 ], [ 8.539623510903107, 49.006360805770072 ], [ 8.531821254588317, 49.000000000276607 ], [ 8.520162793965181, 48.990589404817072 ], [ 8.5023036923305, 48.998407518820571 ], [ 8.502593354093847, 49.000000000276607 ], [ 8.507334932556329, 49.02632504133534 ], [ 8.537100419052807, 49.035942021037776 ], [ 8.533282871946081, 49.051574844136034 ], [ 8.514743631555238, 49.051926086556577 ], [ 8.503620088039424, 49.063881481977525 ], [ 8.499999999615302, 49.064971776507846 ], [ 8.490017328188383, 49.067978222160733 ], [ 8.485585467276309, 49.152439718121066 ], [ 8.470315277052757, 49.151636421612658 ], [ 8.472026591025193, 49.199066878483009 ], [ 8.403222975904276, 49.202743785096473 ] ], [ [ 9.008852761124896, 49.232017905407588 ], [ 9.026944865083042, 49.230537406846594 ], [ 9.045097522677864, 49.229816024401892 ], [ 9.061596349495268, 49.240809862684507 ], [ 9.070023694907244, 49.252850393622644 ], [ 9.072093288456029, 49.256074966933767 ], [ 9.074782246138705, 49.260575081099184 ], [ 9.075578884709076, 49.262891142855977 ], [ 9.073135215607991, 49.26448053953419 ], [ 9.067753790524826, 49.263467627472181 ], [ 9.06488163401637, 49.262527849173651 ], [ 9.059928914631191, 49.260575081099184 ], [ 9.035224555310082, 49.261682631178914 ], [ 9.010498255536472, 49.263868510530955 ], [ 9.007207266713319, 49.24519796187851 ], [ 9.008852761124896, 49.232017905407588 ] ] ], [ [ [ 6.45757708086316, 50.384445311276259 ], [ 6.492781763098688, 50.382954242155286 ], [ 6.500000000392768, 50.386834336879957 ], [ 6.544384474888564, 50.410685775804666 ], [ 6.530364860813081, 50.459008968309952 ], [ 6.500000000392768, 50.467443231166143 ], [ 6.476655915888951, 50.473926347130963 ], [ 6.405131749336771, 50.485775318007704 ], [ 6.339575243032317, 50.471229993238055 ], [ 6.313751947583181, 50.489062516480836 ], [ 6.304397185065161, 50.494928628239144 ], [ 6.306928629450971, 50.499343389032141 ], [ 6.30775258309417, 50.499999999891088 ], [ 6.32474385107897, 50.513683192866303 ], [ 6.33463875889926, 50.514280882774905 ], [ 6.333322363190335, 50.523789763199929 ], [ 6.345477083719137, 50.548535692154005 ], [ 6.359562518253776, 50.563172657145046 ], [ 6.3656618176232, 50.575444013932163 ], [ 6.367460892507337, 50.587022574552293 ], [ 6.444338401010269, 50.589131076348195 ], [ 6.456273722403944, 50.562907294834062 ], [ 6.427159437233365, 50.54712881642984 ], [ 6.435584369770487, 50.521253364386318 ], [ 6.471982710897689, 50.520031594951583 ], [ 6.485453827135381, 50.549557641575092 ], [ 6.500000000392768, 50.549091395432299 ], [ 6.508227473348971, 50.548827679648362 ], [ 6.518275960743469, 50.524400602697085 ], [ 6.551975690891979, 50.530057133660215 ], [ 6.543704337929084, 50.55107061589645 ], [ 6.593244695693029, 50.552570271125887 ], [ 6.589558787708039, 50.570283802623749 ], [ 6.563055354401099, 50.573600199191013 ], [ 6.560400623429074, 50.592631775155198 ], [ 6.593749314422424, 50.594024026272898 ], [ 6.605991794066271, 50.603530003093496 ], [ 6.626001008841924, 50.624338302719806 ], [ 6.645571425347365, 50.609415582039887 ], [ 6.700245726825294, 50.592393099394442 ], [ 6.682145286501301, 50.569580696024602 ], [ 6.680828890792376, 50.559722832206042 ], [ 6.692457053037619, 50.543385791219805 ], [ 6.663562167002133, 50.532659439770725 ], [ 6.655510213174338, 50.533071015863214 ], [ 6.642258496071737, 50.51984567091489 ], [ 6.64091813959923, 50.499999999891088 ], [ 6.640525241646793, 50.494242674563608 ], [ 6.661741152563821, 50.493979736341458 ], [ 6.666743456257737, 50.483618791121707 ], [ 6.702308080851216, 50.476793519519184 ], [ 6.721088659033014, 50.478937208877213 ], [ 6.768062045838301, 50.478266494166355 ], [ 6.76733802887211, 50.465718427850689 ], [ 6.778000833665247, 50.435584139978161 ], [ 6.801674016871706, 50.387447726074839 ], [ 6.838138177559794, 50.346502997529825 ], [ 6.91553409662666, 50.308994001009793 ], [ 6.918863016812679, 50.307380012390858 ], [ 6.920325149803416, 50.306671096222978 ], [ 6.884870225675776, 50.279974581610794 ], [ 6.874975317855523, 50.269526890631496 ], [ 6.848669343231212, 50.241791691008132 ], [ 6.815693630947189, 50.239531461838006 ], [ 6.813164562605296, 50.241741204991214 ], [ 6.767952445983727, 50.281227369030496 ], [ 6.762050505583928, 50.286379421385341 ], [ 6.729250312428323, 50.30535114828794 ], [ 6.699455889399939, 50.301747501599614 ], [ 6.665778099703963, 50.273991546591326 ], [ 6.683571381777787, 50.255945410398503 ], [ 6.709548256801146, 50.240998640575029 ], [ 6.79858048673118, 50.217796044051326 ], [ 6.807992716274557, 50.206395512098211 ], [ 6.792590886030982, 50.177061608206195 ], [ 6.768742183696105, 50.158104682284559 ], [ 6.748030891508445, 50.143842291650586 ], [ 6.739386559836222, 50.119518828166406 ], [ 6.708868118943342, 50.118816495643081 ], [ 6.700772285108864, 50.170800834466235 ], [ 6.64458412834112, 50.172481926554184 ], [ 6.616522959737654, 50.19661955718226 ], [ 6.573805919207611, 50.207982757138282 ], [ 6.527095811544109, 50.208525053963371 ], [ 6.500000000392768, 50.215911306071476 ], [ 6.490368371714264, 50.218536587349497 ], [ 6.487472301154628, 50.240020526846223 ], [ 6.500000000392768, 50.255398441642249 ], [ 6.503707847931943, 50.259948916829472 ], [ 6.527205511111652, 50.300981855948081 ], [ 6.503356808776783, 50.333919797364558 ], [ 6.500000000392768, 50.33744151851316 ], [ 6.47327585102052, 50.365469199255585 ], [ 6.45757708086316, 50.384445311276259 ] ] ], [ [ [ 5.559128166955207, 50.494834304107087 ], [ 5.57247310942139, 50.499999999891088 ], [ 5.572950262160964, 50.500186667146416 ], [ 5.557087694093013, 50.517322340372885 ], [ 5.591665020781894, 50.525091107786693 ], [ 5.601406349027941, 50.520058155631787 ], [ 5.617203097535024, 50.517614522172209 ], [ 5.638835867168098, 50.514108217697405 ], [ 5.657528686234818, 50.500253096599749 ], [ 5.657296438496235, 50.499999999891088 ], [ 5.646361262712323, 50.488207867237335 ], [ 5.639954804194403, 50.468336173167309 ], [ 5.675694947018004, 50.429791935598111 ], [ 5.69166721555183, 50.434939134027239 ], [ 5.692413172970502, 50.445547696866207 ], [ 5.705533250053071, 50.457482761999884 ], [ 5.727495118388796, 50.464929129409505 ], [ 5.752175320215287, 50.461779083363183 ], [ 5.784144013879253, 50.458851087392389 ], [ 5.846080431759612, 50.472387471175757 ], [ 5.945028274778901, 50.499999999891088 ], [ 6.000000000362556, 50.51549753928866 ], [ 6.012034051097559, 50.518889477213627 ], [ 6.063987801144253, 50.543319422780648 ], [ 6.065124567932317, 50.543792996648783 ], [ 6.114515456812778, 50.500372669035251 ], [ 6.115071304666177, 50.499999999891088 ], [ 6.150957677946663, 50.476188534327164 ], [ 6.174367528112439, 50.466192023377502 ], [ 6.165525790758225, 50.428093631515324 ], [ 6.16368283676572, 50.413728005851034 ], [ 6.105103227269411, 50.408631172101764 ], [ 6.070657539702228, 50.403678681278542 ], [ 6.032350424123339, 50.369352585613129 ], [ 6.000000000362556, 50.354396401256828 ], [ 5.994679567293904, 50.351936215666221 ], [ 5.921882885039518, 50.354613032376086 ], [ 5.863895653387601, 50.372239311342682 ], [ 5.853869106445623, 50.351843908974821 ], [ 5.854176265594054, 50.33225761489949 ], [ 5.877015731368512, 50.318760110035925 ], [ 5.911636938064068, 50.314880348204774 ], [ 5.932984488102858, 50.292664565742818 ], [ 5.909662344949846, 50.286934026268433 ], [ 5.844522696463078, 50.268866403109882 ], [ 5.827694771841335, 50.281110348568255 ], [ 5.835966124804221, 50.291172579743964 ], [ 5.828616248388416, 50.304783558763859 ], [ 5.813719036874238, 50.314405253648268 ], [ 5.785328769568119, 50.307515844122442 ], [ 5.779185590192012, 50.284636334090337 ], [ 5.735985870486759, 50.284411841375714 ], [ 5.695045964388352, 50.284319402754221 ], [ 5.663342767806606, 50.314550422239456 ], [ 5.683790780852481, 50.324671515254771 ], [ 5.727560937949664, 50.322929838526207 ], [ 5.728965093671966, 50.346239233386001 ], [ 5.681947826859986, 50.346621691115125 ], [ 5.664264244353688, 50.375218121661085 ], [ 5.695506702212757, 50.37882934767071 ], [ 5.694190306503833, 50.393403238327295 ], [ 5.648818535001728, 50.393706264225948 ], [ 5.630367054624286, 50.410158963235276 ], [ 5.625891309213939, 50.435465670101216 ], [ 5.632912086927101, 50.438848522849376 ], [ 5.626900546672721, 50.447469091577048 ], [ 5.604061080898308, 50.44613991584481 ], [ 5.600813971183512, 50.428593913504457 ], [ 5.559742425065047, 50.43085828109227 ], [ 5.558996467646375, 50.438703736778422 ], [ 5.551514952108834, 50.448390280462256 ], [ 5.526218137688164, 50.446626852712079 ], [ 5.538899492857328, 50.462074389502078 ], [ 5.557811711957473, 50.480449568261257 ], [ 5.559128166955207, 50.494834304107087 ] ] ], [ [ [ 12.559638128388578, 50.901249877389681 ], [ 12.566098558587056, 50.884360114588624 ], [ 12.588797964432278, 50.870983586487654 ], [ 12.632285014772723, 50.856429757603813 ], [ 12.699877823061556, 50.81808546263548 ], [ 12.738069078426665, 50.798617609148046 ], [ 12.7489683090228, 50.762471578918181 ], [ 12.735564013069173, 50.74513476698214 ], [ 12.786786001773638, 50.742742519875328 ], [ 12.787708920116758, 50.726231345097993 ], [ 12.746023758183911, 50.722039827508333 ], [ 12.772480761167056, 50.690412797832913 ], [ 12.786676130627868, 50.646037990450225 ], [ 12.777556814749166, 50.610860352011372 ], [ 12.802233903014884, 50.612397855979765 ], [ 12.80952935499919, 50.600175952750853 ], [ 12.818077340560562, 50.574542012867752 ], [ 12.803332615370898, 50.560956837348471 ], [ 12.770041619575004, 50.552145595130426 ], [ 12.740068735435639, 50.547394268061325 ], [ 12.717193536475834, 50.533336547057957 ], [ 12.674321764731364, 50.551508573352862 ], [ 12.657533434254084, 50.556299293531232 ], [ 12.638415832432207, 50.565467976601525 ], [ 12.625868532852891, 50.586386026717769 ], [ 12.626286042847491, 50.61172189082771 ], [ 12.639580467655346, 50.626392123648451 ], [ 12.631669736176748, 50.642475057406884 ], [ 12.60259779669034, 50.675577347687607 ], [ 12.567614782734301, 50.688467650343718 ], [ 12.542564131854316, 50.73228656263678 ], [ 12.530895802339478, 50.759062868283934 ], [ 12.509822491787274, 50.761995959756661 ], [ 12.510349873825959, 50.788332650634132 ], [ 12.499999999856989, 50.818431532418018 ], [ 12.496923604182168, 50.827374363231854 ], [ 12.450184364154001, 50.84456184442918 ], [ 12.441152944832591, 50.867266466450289 ], [ 12.480047376249283, 50.876585065404193 ], [ 12.499999999856989, 50.896114292513516 ], [ 12.519491164293139, 50.915183905863131 ], [ 12.531379236099518, 50.908744219223166 ], [ 12.559638128388578, 50.901249877389681 ] ] ], [ [ [ 9.065677175743778, 52.18580448559333 ], [ 9.022411637375983, 52.202555985995595 ], [ 9.054860791376409, 52.358083408699997 ], [ 9.081386164237514, 52.363922977246823 ], [ 9.088538581072394, 52.397548007960403 ], [ 9.127087035340558, 52.391976359530219 ], [ 9.139943834179658, 52.412968435804999 ], [ 9.151879154675035, 52.430923573834328 ], [ 9.185907983526173, 52.434068915013775 ], [ 9.217413721425324, 52.451568159873887 ], [ 9.230621558521261, 52.467009057101322 ], [ 9.270749687640135, 52.472097836919325 ], [ 9.287226574005043, 52.49226304782831 ], [ 9.294025106720264, 52.492161366789063 ], [ 9.301256560927103, 52.492053210342661 ], [ 9.293786612097168, 52.486440541129831 ], [ 9.280227736744397, 52.478277213277579 ], [ 9.281070010629517, 52.47845995149261 ], [ 9.283240746394458, 52.472782081402848 ], [ 9.282649465392982, 52.465436938748539 ], [ 9.28173435161305, 52.459722789079123 ], [ 9.280227736744397, 52.452410052267545 ], [ 9.298306237514199, 52.449686997418141 ], [ 9.323186116862042, 52.455132938466228 ], [ 9.34806599531157, 52.463300581909337 ], [ 9.377443559623941, 52.475555765502946 ], [ 9.379703372332456, 52.486440541129831 ], [ 9.366508202380341, 52.491077267944391 ], [ 9.379888330957881, 52.49087714409751 ], [ 9.390037078422939, 52.490725350752371 ], [ 9.446971192609377, 52.478080012546251 ], [ 9.457107440017257, 52.453620245104865 ], [ 9.444009302488872, 52.442832568226351 ], [ 9.408444678793709, 52.445069255808107 ], [ 9.396750696987615, 52.433621474264541 ], [ 9.396728326242096, 52.432608103714493 ], [ 9.362305008522146, 52.435779675874343 ], [ 9.324568332131834, 52.435779675874343 ], [ 9.294378989941606, 52.428988878936437 ], [ 9.275510651746451, 52.428988878936437 ], [ 9.264189648649694, 52.410874946963219 ], [ 9.271736983748093, 52.39048783278168 ], [ 9.290605322841563, 52.39048783278168 ], [ 9.328341999231876, 52.388222013152628 ], [ 9.328341999231876, 52.363290285074207 ], [ 9.309473661036719, 52.329269673812306 ], [ 9.271736983748093, 52.331538533472113 ], [ 9.249094977554581, 52.313384383410764 ], [ 9.267963316648052, 52.28613912129213 ], [ 9.260415980651338, 52.254331685957958 ], [ 9.245321310454539, 52.238419366395156 ], [ 9.211358301164269, 52.242966328753504 ], [ 9.181168958974041, 52.249785894110211 ], [ 9.162300620778886, 52.222501310898132 ], [ 9.166074288777244, 52.211696505841779 ], [ 9.169062945998267, 52.199205135199435 ], [ 9.169847955877286, 52.190647988649317 ], [ 9.171514513087329, 52.184647259841448 ], [ 9.177493582837442, 52.182060332778327 ], [ 9.183055792973219, 52.180973688275877 ], [ 9.186965269174546, 52.180814329183214 ], [ 9.193516312435733, 52.181178577852393 ], [ 9.196263630069156, 52.181542823523095 ], [ 9.184942626972399, 52.149659987073036 ], [ 9.143432282583731, 52.156493956599562 ], [ 9.147205949683773, 52.174712719622896 ], [ 9.09060093419999, 52.188371872766972 ], [ 9.065677175743778, 52.18580448559333 ] ] ], [ [ [ 8.370795761458032, 50.746932175328219 ], [ 8.348022115244444, 50.758098342839496 ], [ 8.317393975682347, 50.824880792383119 ], [ 8.264562627298588, 50.867833280820719 ], [ 8.228932184042575, 50.879866558908404 ], [ 8.199422979710151, 50.896507664148899 ], [ 8.199576559284385, 50.94634248848611 ], [ 8.206772856125957, 50.980912228820166 ], [ 8.192151719356461, 50.999999999968175 ], [ 8.190317909315217, 51.002419538937296 ], [ 8.178383145775307, 51.006684169824403 ], [ 8.214771548840547, 51.033117734405259 ], [ 8.226315751844364, 51.075016838814925 ], [ 8.249404157851995, 51.063382021429682 ], [ 8.303277105502646, 51.049416359212586 ], [ 8.38793459479624, 51.054072050269987 ], [ 8.418719136439186, 51.091300643426962 ], [ 8.434111406811541, 51.08664871598458 ], [ 8.45335174545067, 51.06105470521603 ], [ 8.468744016721322, 51.051744263556486 ], [ 8.499999999615302, 51.06119727284127 ], [ 8.502135524116033, 51.061843066705947 ], [ 8.502435332350522, 51.054061895395343 ], [ 8.499999999615302, 51.047080479832005 ], [ 8.497564667778368, 51.040098006252904 ], [ 8.499999999615302, 51.032417496724293 ], [ 8.501711314486071, 51.027019615787303 ], [ 8.514151253710809, 51.028174912645603 ], [ 8.521128151417278, 51.018214508533106 ], [ 8.500943416614891, 51.002379679327056 ], [ 8.499999999615302, 51.001796470620953 ], [ 8.497094048485856, 50.999999999968175 ], [ 8.457699817801279, 50.975902008779322 ], [ 8.444601680272877, 50.955276797949892 ], [ 8.452390354958887, 50.914222618966292 ], [ 8.42843195305643, 50.895466946426588 ], [ 8.4056363672887, 50.841251473479907 ], [ 8.374810768145677, 50.79794433723243 ], [ 8.365135259460489, 50.786285950133902 ], [ 8.370795761458032, 50.746932175328219 ] ] ], [ [ [ 7.717428737572986, 50.995322447957825 ], [ 7.706586366741077, 50.99868689189087 ], [ 7.683198403128875, 50.984002250998728 ], [ 7.641863577868624, 50.998910346578938 ], [ 7.631507931325659, 50.99894977951346 ], [ 7.62805614765989, 50.999999999968175 ], [ 7.627317404611274, 51.000227210944772 ], [ 7.62687415069727, 50.999999999968175 ], [ 7.600462932149219, 50.986605598652808 ], [ 7.619901709532934, 50.972890355032128 ], [ 7.616764299385689, 50.954500541874737 ], [ 7.642543715726436, 50.942315564076317 ], [ 7.65410605751247, 50.901012778202237 ], [ 7.624969832787716, 50.884136105735962 ], [ 7.638353189012043, 50.850799470424498 ], [ 7.612595713123811, 50.83720221304393 ], [ 7.544976853691758, 50.854531095608003 ], [ 7.499999999554868, 50.843438731251361 ], [ 7.4931108627601, 50.841739471117037 ], [ 7.463448078853441, 50.878667325215304 ], [ 7.453991970201679, 50.937551233027676 ], [ 7.431657123156617, 50.981753787539652 ], [ 7.421543673194024, 50.999999999968175 ], [ 7.415531275048557, 51.010961981372866 ], [ 7.429243730873861, 51.037894192373791 ], [ 7.448896860657419, 51.035192518197185 ], [ 7.457005199938957, 51.034216641808051 ], [ 7.479136883101031, 51.032490685093379 ], [ 7.480714802643685, 51.032516975169166 ], [ 7.484438667144366, 51.034264307449114 ], [ 7.480007898583692, 51.039474576871491 ], [ 7.476839333964078, 51.041759559530519 ], [ 7.469240219972712, 51.046443339902538 ], [ 7.464545075427264, 51.063563414442108 ], [ 7.499999999554868, 51.072481677053887 ], [ 7.503049649688738, 51.073248699508156 ], [ 7.530342921319329, 51.086619005013617 ], [ 7.539820970423599, 51.091963387347988 ], [ 7.579773579515734, 51.085955886497963 ], [ 7.588286272066231, 51.054406956623119 ], [ 7.603973321005763, 51.05390263523401 ], [ 7.6572654072139, 51.069534036526925 ], [ 7.706652186301945, 51.06002047949837 ], [ 7.711617155114329, 51.060503588046501 ], [ 7.726066950819782, 51.037775072394744 ], [ 7.741459222090435, 51.009823984111499 ], [ 7.725236077453951, 50.999999999968175 ], [ 7.717428737572986, 50.995322447957825 ] ] ], [ [ [ 10.938575338628636, 47.513297433824597 ], [ 10.963076659830916, 47.508201463727239 ], [ 10.984062072927516, 47.507147061711734 ], [ 10.999999999766354, 47.510486211740393 ], [ 11.06444389767568, 47.523985651133891 ], [ 11.092658840787779, 47.5264158160508 ], [ 11.111029318279433, 47.517411927400218 ], [ 11.129026233156814, 47.514205288858101 ], [ 11.191960498756449, 47.524644442154731 ], [ 11.246346779693027, 47.530573184321639 ], [ 11.28851537538592, 47.532593194932026 ], [ 11.318466284936804, 47.526240145430677 ], [ 11.335650152616834, 47.512741004880276 ], [ 11.351449641883869, 47.506195153037453 ], [ 11.402298067974066, 47.502914596420823 ], [ 11.415124393263781, 47.500000000208502 ], [ 11.424516742191621, 47.497885976729627 ], [ 11.417196612588141, 47.490308461806457 ], [ 11.442181340601003, 47.477044967643437 ], [ 11.46525430816218, 47.472690788796776 ], [ 11.465232333573701, 47.450493350294899 ], [ 11.429040736115878, 47.458043570424515 ], [ 11.378895486077262, 47.46061330006566 ], [ 11.363052048531584, 47.4442635984486 ], [ 11.321828345770292, 47.439470975953355 ], [ 11.316049117034918, 47.420877253955446 ], [ 11.272935628410426, 47.413350728809021 ], [ 11.26054214915384, 47.418058566027227 ], [ 11.265837944129178, 47.435796334563804 ], [ 11.249247381354957, 47.444176463745443 ], [ 11.183830024986309, 47.43477959018076 ], [ 11.15524151925994, 47.422562582651814 ], [ 11.123598591548911, 47.40127406072623 ], [ 11.055390504664105, 47.400329318209813 ], [ 10.999999999766354, 47.395359832515446 ], [ 10.999334180155865, 47.395300094130093 ], [ 10.9833808705661, 47.405125526513359 ], [ 10.995708427853874, 47.424189744637438 ], [ 10.985028940447597, 47.445396335765537 ], [ 10.962681122628164, 47.466318519451491 ], [ 10.955693309492686, 47.486506798029318 ], [ 10.933763003464485, 47.491411182303196 ], [ 10.902911149260643, 47.491106485323435 ], [ 10.899131841638933, 47.500000000208502 ], [ 10.897263765361201, 47.504437737732502 ], [ 10.916095702024416, 47.510163765550459 ], [ 10.938575338628636, 47.513297433824597 ] ] ], [ [ [ 12.634861316532247, 50.948941544149704 ], [ 12.702316965551923, 50.985119867931054 ], [ 12.729033497210542, 50.999999999968175 ], [ 12.747210367995532, 51.010231352227436 ], [ 12.777776557040706, 51.007454855492853 ], [ 12.777830702994457, 50.999999999968175 ], [ 12.777930376465122, 50.986421528600232 ], [ 12.795707549050963, 50.980557191945969 ], [ 12.819044208080641, 50.981937876199581 ], [ 12.815581385916678, 50.999999999968175 ], [ 12.814517511125697, 51.00560819394709 ], [ 12.847215202914096, 51.000054477512634 ], [ 12.847271361992398, 50.999999999968175 ], [ 12.878198901953873, 50.970312538722375 ], [ 12.925729215489225, 50.948513724289811 ], [ 12.944121666671041, 50.92320263121298 ], [ 12.938803897107224, 50.903041253736404 ], [ 12.885977788596536, 50.884689536669448 ], [ 12.878924052593934, 50.859857700888412 ], [ 12.866442675881743, 50.84808297518402 ], [ 12.828756828865153, 50.840855796153065 ], [ 12.776260333791775, 50.848636836575018 ], [ 12.763866853636877, 50.840908553059464 ], [ 12.745210710986559, 50.839945724532917 ], [ 12.704558339440913, 50.881421562769539 ], [ 12.653907681952095, 50.882765676666949 ], [ 12.622396599975316, 50.922254676793976 ], [ 12.623551031235145, 50.924155198066778 ], [ 12.646609467648288, 50.929816818680067 ], [ 12.634861316532247, 50.948941544149704 ] ] ], [ [ [ 6.104401149857387, 50.886086261891776 ], [ 6.105563965992078, 50.885229784517136 ], [ 6.128447310874885, 50.868426450781058 ], [ 6.148061607387019, 50.852223589178692 ], [ 6.162914938894549, 50.833442811735523 ], [ 6.177483051706103, 50.812767258711048 ], [ 6.183692051541374, 50.79028683580411 ], [ 6.180115843123961, 50.770846962277645 ], [ 6.203547686742811, 50.767267132639432 ], [ 6.226496851186487, 50.762788655469066 ], [ 6.243631935855003, 50.763224632555421 ], [ 6.264562627177765, 50.76564224835893 ], [ 6.268599574317918, 50.752878988358873 ], [ 6.283321266703676, 50.740548417375344 ], [ 6.301224248345076, 50.709185253670832 ], [ 6.291109941389686, 50.692794500198978 ], [ 6.26021852178747, 50.689671798663646 ], [ 6.247603062535954, 50.665106319888132 ], [ 6.236896377736135, 50.653719226043719 ], [ 6.220891069166167, 50.650526769283175 ], [ 6.219563834385025, 50.65295115890455 ], [ 6.132220978873252, 50.686932647345493 ], [ 6.116555870386199, 50.714819484986812 ], [ 6.117345707811555, 50.724565361445784 ], [ 6.102580135419102, 50.726694108145374 ], [ 6.105454266424536, 50.731585890159508 ], [ 6.09235612889617, 50.734137345584379 ], [ 6.093782224172646, 50.751028950037536 ], [ 6.030639110150903, 50.771111145619045 ], [ 6.028752276151716, 50.784873013849776 ], [ 6.017804251764321, 50.800558160933136 ], [ 6.009181859646274, 50.810550061237898 ], [ 6.038844643552931, 50.854056417824374 ], [ 6.024408170761429, 50.867332375467228 ], [ 6.042245331943629, 50.882106802243307 ], [ 6.059928914449928, 50.877942498117456 ], [ 6.071271857999164, 50.884215167540241 ], [ 6.089920797059237, 50.878930895326825 ], [ 6.104401149857387, 50.886086261891776 ] ] ], [ [ [ 12.147133168360726, 49.025175248640444 ], [ 12.148488136829638, 49.024884681655386 ], [ 12.181636993994756, 49.037801239113506 ], [ 12.234550999961048, 49.051062610959953 ], [ 12.253668601782927, 49.096674453625482 ], [ 12.295639428874443, 49.09883843359416 ], [ 12.312955141390407, 49.1131943259889 ], [ 12.340620728773654, 49.119011512836636 ], [ 12.341688730425052, 49.118779990666432 ], [ 12.340928368520801, 49.117228428219427 ], [ 12.350267426691042, 49.115226034478248 ], [ 12.368418160992839, 49.122825928390384 ], [ 12.390748399680474, 49.10213838984096 ], [ 12.387250097656052, 49.089363010700652 ], [ 12.366770092009656, 49.075643820912731 ], [ 12.357919960797419, 49.073471510525408 ], [ 12.355598380828285, 49.072948093633315 ], [ 12.345608884900162, 49.07129910400463 ], [ 12.343523308525839, 49.06789284187505 ], [ 12.343812489690528, 49.064942255337797 ], [ 12.344500063802252, 49.061826588979358 ], [ 12.345477039165912, 49.058584589273543 ], [ 12.349542276050981, 49.041651209093395 ], [ 12.370769406925916, 49.032281938595119 ], [ 12.386107436123075, 49.023276982193984 ], [ 12.409773709488379, 49.019030174420216 ], [ 12.42759482945455, 49.022925536240791 ], [ 12.445657667199056, 49.038211136359614 ], [ 12.444962190607775, 49.039300530813094 ], [ 12.458952092006912, 49.041007128806278 ], [ 12.467104540365533, 49.033145742211325 ], [ 12.492902315575742, 49.032355142886431 ], [ 12.499999999856989, 49.027174719990704 ], [ 12.512019917397621, 49.018400444041553 ], [ 12.540388680832448, 49.005086366148795 ], [ 12.537838860509186, 49.000000000276607 ], [ 12.534785245211651, 48.993969185982984 ], [ 12.555726710927923, 48.967983909479443 ], [ 12.569856156623294, 48.961147997331352 ], [ 12.569372722863253, 48.952293292612808 ], [ 12.580008261990885, 48.950493126479877 ], [ 12.564933923363913, 48.935377864602827 ], [ 12.513799832115053, 48.934070853055296 ], [ 12.506350559808011, 48.943132089922436 ], [ 12.523995886659606, 48.950754444924186 ], [ 12.521249104422091, 48.960886733643825 ], [ 12.502373219480234, 48.965429623654686 ], [ 12.499999999856989, 48.96514545347712 ], [ 12.487101112251885, 48.963600906851717 ], [ 12.459809087482906, 48.967751707437799 ], [ 12.425858863914078, 48.978257774603172 ], [ 12.384437393449728, 48.982102671160803 ], [ 12.355519273387733, 48.973933723774678 ], [ 12.342356695212443, 48.987296434455274 ], [ 12.350487168982582, 48.991329205054562 ], [ 12.34968104240618, 49.000000000276607 ], [ 12.349520302360816, 49.001746300040793 ], [ 12.336973002781502, 49.006844205585551 ], [ 12.259315985682369, 49.007884230966432 ], [ 12.259865341411219, 49.01728741311998 ], [ 12.247845423870588, 49.024082370616377 ], [ 12.1743287616789, 49.015978033236607 ], [ 12.147828773411094, 49.023850859747881 ], [ 12.147133168360726, 49.025175248640444 ] ] ], [ [ [ 8.761502007867005, 48.289679807638123 ], [ 8.764705236676784, 48.302509895031484 ], [ 8.761262189127189, 48.314629652034668 ], [ 8.802003115695216, 48.326384734200325 ], [ 8.810779086489173, 48.346727706707306 ], [ 8.801279097830729, 48.36230682062159 ], [ 8.791159659698453, 48.370318789577254 ], [ 8.798053928568441, 48.374144323810256 ], [ 8.815627810608856, 48.367527878925749 ], [ 8.836865661978383, 48.360197883817868 ], [ 8.863939533575586, 48.356445213840445 ], [ 8.882456833513887, 48.356576125829349 ], [ 8.901631555611429, 48.350132159052023 ], [ 8.90161039040502, 48.314943683121925 ], [ 8.892966058732789, 48.307285761918301 ], [ 8.867406042425474, 48.290990634773394 ], [ 8.864224752271545, 48.27163064341709 ], [ 8.881688935642705, 48.254012320932304 ], [ 8.905757037112712, 48.251825999037443 ], [ 8.919491432492201, 48.197239522285429 ], [ 8.90319006525573, 48.174530181012436 ], [ 8.925459092739889, 48.154819145196107 ], [ 8.937175014998498, 48.168369475651488 ], [ 8.970743105126914, 48.168982659968606 ], [ 8.947881699798319, 48.149941313176484 ], [ 8.949768533797505, 48.11408808634495 ], [ 8.973332016538091, 48.086121464595493 ], [ 8.963546809183677, 48.07079400329058 ], [ 8.954441738788741, 48.070179639447311 ], [ 8.945205028373783, 48.080622827952332 ], [ 8.927345926739067, 48.096809941979011 ], [ 8.907183132389187, 48.108124717291084 ], [ 8.861021523461764, 48.162616865682949 ], [ 8.809704030367849, 48.185652601446122 ], [ 8.793314904016302, 48.224576540083433 ], [ 8.795201738015487, 48.260279256614893 ], [ 8.775916540205998, 48.266224843525592 ], [ 8.768478904675151, 48.289694372263661 ], [ 8.761502007867005, 48.289679807638123 ] ] ], [ [ [ 12.111684689645278, 50.847595661296545 ], [ 12.076644003848001, 50.834537685921987 ], [ 12.008391967786235, 50.826609154901064 ], [ 11.999999999826779, 50.831798696128082 ], [ 11.991559689030307, 50.837017548010913 ], [ 11.978111444798039, 50.859356709950099 ], [ 11.951825553808526, 50.869304597291659 ], [ 11.953258562519428, 50.870667247036479 ], [ 11.969563459236667, 50.877375807900776 ], [ 11.96870646376067, 50.888523841534528 ], [ 11.937568944398164, 50.893082430209731 ], [ 11.934206883564675, 50.916105669156167 ], [ 11.971563116245639, 50.936787841138077 ], [ 11.966091527257408, 50.955500462747025 ], [ 11.945040191293684, 50.972061786580831 ], [ 11.945151626406362, 50.974453185854628 ], [ 11.979693590914094, 50.973876725669854 ], [ 11.999999999826779, 50.977036615281229 ], [ 12.016456519587562, 50.97959726322248 ], [ 12.036848627778355, 50.993875787588927 ], [ 12.068052070007985, 50.994730255379714 ], [ 12.083939456730626, 50.983607791872465 ], [ 12.101760577595112, 50.970983311019744 ], [ 12.102924531895265, 50.971760690082526 ], [ 12.106770707411782, 50.96385421566039 ], [ 12.153378102604012, 50.945447646700153 ], [ 12.150785139790914, 50.911378146211682 ], [ 12.126899125032386, 50.913840731832124 ], [ 12.101057401543528, 50.893372267243052 ], [ 12.099607100263407, 50.864590483067808 ], [ 12.109297746459438, 50.84990278088673 ], [ 12.111684689645278, 50.847595661296545 ] ], [ [ 12.08189585054469, 50.951816438225762 ], [ 12.062382712418378, 50.944026391966958 ], [ 12.068887091793815, 50.928442361244166 ], [ 12.091652419607849, 50.920648376620377 ], [ 12.107913368944759, 50.93233886072877 ], [ 12.111165558632477, 50.944026391966958 ], [ 12.08189585054469, 50.951816438225762 ] ] ], [ [ [ 7.939457477768172, 49.50474828015038 ], [ 7.934235064371746, 49.504448066504473 ], [ 7.910781281198713, 49.505839834742844 ], [ 7.869874734936688, 49.499999999800124 ], [ 7.844895675293271, 49.496470096304982 ], [ 7.841876929900113, 49.499999999800124 ], [ 7.837392220201556, 49.505297782594859 ], [ 7.793731762671932, 49.502279757892374 ], [ 7.735393492763189, 49.508344918174892 ], [ 7.71384848314348, 49.509692628756937 ], [ 7.697294444072082, 49.499999999800124 ], [ 7.694607165340682, 49.498442464902709 ], [ 7.678720817070511, 49.499999999800124 ], [ 7.676265385429088, 49.50024321819145 ], [ 7.658406283794408, 49.506645577596636 ], [ 7.628271602292597, 49.499999999800124 ], [ 7.627580683753059, 49.499849179693811 ], [ 7.627356062711201, 49.499999999800124 ], [ 7.613714649251819, 49.509253161890534 ], [ 7.609765462125035, 49.520809816370807 ], [ 7.601230830020362, 49.535145625124379 ], [ 7.574837096281001, 49.546491198840002 ], [ 7.560890365219464, 49.565184614723883 ], [ 7.562375216603729, 49.565677486799451 ], [ 7.579510300373949, 49.572012711545682 ], [ 7.607374010294794, 49.579444207576287 ], [ 7.621305864356902, 49.581301903773934 ], [ 7.651955944371507, 49.581301903773934 ], [ 7.682606024386149, 49.581301903773934 ], [ 7.704896992322817, 49.573870692240959 ], [ 7.724445468375758, 49.570608206710546 ], [ 7.734428136209414, 49.560482863838423 ], [ 7.768040106344522, 49.564111842236393 ], [ 7.759549354246534, 49.546535111761294 ], [ 7.727231839367843, 49.540987096503713 ], [ 7.730347309062579, 49.529698808549242 ], [ 7.740922354740674, 49.524383181680015 ], [ 7.752484696526716, 49.514658326967712 ], [ 7.772647490876604, 49.516108391113079 ], [ 7.791252550828307, 49.51405778266772 ], [ 7.792963864800752, 49.535174907635913 ], [ 7.812271002164409, 49.544632170208999 ], [ 7.816637048007212, 49.558756077002812 ], [ 7.848932622433386, 49.56962795479248 ], [ 7.888731652849619, 49.593821213678901 ], [ 7.907665810605643, 49.601644141992864 ], [ 7.927060884950802, 49.612206613489377 ], [ 7.931755852528131, 49.605927939506159 ], [ 7.944722350036464, 49.604246630649413 ], [ 7.947026042751672, 49.591335159598898 ], [ 7.952796244316766, 49.549989493123135 ], [ 7.952796244316766, 49.518422545414197 ], [ 7.939237368065663, 49.506455130415624 ], [ 7.939457477768172, 49.50474828015038 ] ] ], [ [ [ 8.500099059536627, 50.53361549553027 ], [ 8.501120272436452, 50.518163870165822 ], [ 8.499999999615302, 50.516542495002732 ], [ 8.491509247517305, 50.504251974122639 ], [ 8.493263808184141, 50.499999999891088 ], [ 8.499999999615302, 50.483844951308967 ], [ 8.502106232749574, 50.478792545560751 ], [ 8.515182430723764, 50.466244619643867 ], [ 8.525208977665789, 50.454811780669935 ], [ 8.53029904137308, 50.4450475949983 ], [ 8.508381053044037, 50.432464336465692 ], [ 8.499999999615302, 50.43126599045663 ], [ 8.477445753435138, 50.428040969642176 ], [ 8.46210974365073, 50.441191368195419 ], [ 8.461583185367159, 50.462508531288364 ], [ 8.406140986018086, 50.484447224425018 ], [ 8.402060158871251, 50.499987511721699 ], [ 8.401587424046236, 50.499999999891088 ], [ 8.355284231646882, 50.501236240609138 ], [ 8.334507119898355, 50.516379376366686 ], [ 8.318249632668568, 50.554521077563031 ], [ 8.334726519033456, 50.578972263200477 ], [ 8.382029004541396, 50.592538957361292 ], [ 8.448792206987271, 50.603476976804473 ], [ 8.46581759118993, 50.629214323727837 ], [ 8.468691282919183, 50.631718004151729 ], [ 8.499999999615302, 50.625296147521588 ], [ 8.503312928890956, 50.624616567537842 ], [ 8.52479211894976, 50.628525351640434 ], [ 8.536486100755861, 50.617765470775332 ], [ 8.512681278427641, 50.613312382263693 ], [ 8.509851028327196, 50.600613451407085 ], [ 8.499999999615302, 50.595822777976942 ], [ 8.496028872934343, 50.593891432657536 ], [ 8.488898396551964, 50.58350819373176 ], [ 8.496511551211229, 50.562495980511827 ], [ 8.497919405297537, 50.562060777831519 ], [ 8.482232706700946, 50.550847903142241 ], [ 8.477830852214277, 50.541083649310956 ], [ 8.495438271957537, 50.53486897486971 ], [ 8.499999999615302, 50.533642137268437 ], [ 8.500099059536627, 50.53361549553027 ] ] ], [ [ [ 10.552399808237174, 49.255678246744836 ], [ 10.575846338412623, 49.237383664827519 ], [ 10.559519467106902, 49.224828618494563 ], [ 10.561804789274539, 49.211657682987941 ], [ 10.564595519790698, 49.185684703636156 ], [ 10.570792259418992, 49.172079896012065 ], [ 10.560332514304255, 49.159800226816387 ], [ 10.538226414263159, 49.155594356547113 ], [ 10.510714646304326, 49.169393523899309 ], [ 10.49999999973614, 49.169222763512607 ], [ 10.472237726678863, 49.168780309585358 ], [ 10.430069130985974, 49.162414110902724 ], [ 10.426992735311151, 49.176255161606178 ], [ 10.412160113564196, 49.181262094131576 ], [ 10.39315238288809, 49.180021356373032 ], [ 10.366673405316462, 49.176006991779758 ], [ 10.35652129994887, 49.187800992840558 ], [ 10.340282325200443, 49.189888003630983 ], [ 10.329976399510119, 49.195915025409256 ], [ 10.316550129866327, 49.192938089998066 ], [ 10.301453816650875, 49.19944625461671 ], [ 10.299959567092108, 49.217667451523162 ], [ 10.323142406697372, 49.222991025712297 ], [ 10.368914779205456, 49.251101596359021 ], [ 10.418818312364049, 49.265558857829802 ], [ 10.43984767463761, 49.278118059970915 ], [ 10.466480471633652, 49.27489843181062 ], [ 10.49999999973614, 49.261851377981728 ], [ 10.504364087251618, 49.260152457102969 ], [ 10.525151732645156, 49.24492098398656 ], [ 10.536820061261682, 49.254789185729926 ], [ 10.552399808237174, 49.255678246744836 ] ] ], [ [ [ 8.963261589589385, 50.69878791337517 ], [ 8.942594177408443, 50.69184183361331 ], [ 8.922957941342098, 50.690624509556848 ], [ 8.907227012395881, 50.700997211317414 ], [ 8.908280128963021, 50.733952270826116 ], [ 8.911966036948012, 50.758362597991194 ], [ 8.940751223415939, 50.775179377261566 ], [ 8.964643804859202, 50.776830343646139 ], [ 8.981998288662821, 50.788240221319363 ], [ 8.977983281975179, 50.815195496959348 ], [ 8.96021193945554, 50.816501942082581 ], [ 8.93914960811272, 50.808451544497309 ], [ 8.911483358671125, 50.818732051462824 ], [ 8.908433708537254, 50.837888106118676 ], [ 8.914796287946752, 50.860872851072529 ], [ 8.938118431998088, 50.872855214472473 ], [ 8.964950964007645, 50.86383907074709 ], [ 8.999999999645505, 50.871162649887651 ], [ 9.010498255536472, 50.873356060162472 ], [ 9.026821562327145, 50.846909294619685 ], [ 9.051701441674988, 50.847555482133849 ], [ 9.048849251122036, 50.872051214637239 ], [ 9.100978521195472, 50.871932590185558 ], [ 9.145472696157142, 50.837386877342254 ], [ 9.147995787109128, 50.837294545569364 ], [ 9.100890761182105, 50.814100166087023 ], [ 9.066072094905614, 50.804742613224569 ], [ 9.037440488011914, 50.793521623782389 ], [ 9.014052524399728, 50.773501935275902 ], [ 8.999999999645505, 50.763266125021495 ], [ 8.988009828917194, 50.75453074604728 ], [ 8.962800850866707, 50.757186649426487 ], [ 8.948693477676192, 50.744592887436589 ], [ 8.96442440572411, 50.729232610660119 ], [ 8.957381689355069, 50.719381919368836 ], [ 8.960870137759141, 50.707478978704245 ], [ 8.963261589589385, 50.69878791337517 ] ] ], [ [ [ 11.93143812673868, 49.241961594146709 ], [ 11.910452713642082, 49.243638117737333 ], [ 11.888786098184065, 49.263445914900601 ], [ 11.856044458117022, 49.262061524027622 ], [ 11.837761878080975, 49.275757990926387 ], [ 11.828114009658773, 49.272919704821966 ], [ 11.818644276259098, 49.296586773198086 ], [ 11.765202888254118, 49.296586773198086 ], [ 11.761247522514816, 49.305803961196467 ], [ 11.752721511541928, 49.345434116204572 ], [ 11.766521343799988, 49.349100066775669 ], [ 11.752633614086324, 49.393840332758202 ], [ 11.755248550589585, 49.427168960635441 ], [ 11.784474309500411, 49.427982278129157 ], [ 11.806382641838448, 49.416304061937176 ], [ 11.808602042037275, 49.401687829417654 ], [ 11.839102307317011, 49.402922968372579 ], [ 11.83396033176609, 49.388389940389793 ], [ 11.877667125296393, 49.352678467735004 ], [ 11.90212392958645, 49.337520915527378 ], [ 11.915638637471648, 49.29922251274688 ], [ 11.919594004109262, 49.263679071743013 ], [ 11.947325513461321, 49.258403628385395 ], [ 11.93143812673868, 49.241961594146709 ] ] ], [ [ [ 9.598091832670878, 51.751251391819764 ], [ 9.589076109612426, 51.780196966776472 ], [ 9.607483709983192, 51.803803514019023 ], [ 9.628677680447732, 51.828637707132401 ], [ 9.652526382782618, 51.848948757616846 ], [ 9.674948989841029, 51.871741555546485 ], [ 9.697612935588726, 51.876222289809157 ], [ 9.71036003396196, 51.871227559923909 ], [ 9.725849623320592, 51.863292832247026 ], [ 9.74875490865589, 51.872782707544452 ], [ 9.784144014120951, 51.862897377123495 ], [ 9.794938458934137, 51.838807572598071 ], [ 9.781291822669685, 51.824086241042153 ], [ 9.738728361713875, 51.818544702548593 ], [ 9.701978981431521, 51.803790314686417 ], [ 9.704151034126671, 51.774108476981056 ], [ 9.673830053713024, 51.748543661377916 ], [ 9.641556418841015, 51.737983195464956 ], [ 9.612529892785476, 51.737071099199632 ], [ 9.598091832670878, 51.751251391819764 ] ] ], [ [ [ 8.991333819148943, 47.728390731353514 ], [ 8.991474261760462, 47.730232651131537 ], [ 8.993516751340495, 47.757012844819613 ], [ 8.989084885936833, 47.789124709210505 ], [ 8.999999999645505, 47.792189442257559 ], [ 9.030375831190401, 47.800717375278737 ], [ 9.032377206676511, 47.800868422628248 ], [ 9.037468937656961, 47.801252701217351 ], [ 9.070065161140757, 47.784143141444446 ], [ 9.101943877749246, 47.759607011821728 ], [ 9.142554685145008, 47.738587601081989 ], [ 9.182902213398986, 47.715590576442615 ], [ 9.181322538548278, 47.69507859044321 ], [ 9.182682814263885, 47.674310323638025 ], [ 9.205851378740967, 47.661316807339894 ], [ 9.209186248469122, 47.650028786052665 ], [ 9.201068474182154, 47.641426045033768 ], [ 9.172963426470336, 47.644186672620442 ], [ 9.150431119844376, 47.664222381707432 ], [ 9.125331841361431, 47.666178807437809 ], [ 9.108613616307238, 47.66595980793921 ], [ 9.071688715998151, 47.671011155157764 ], [ 9.070152921154126, 47.676499922086101 ], [ 9.084567454391435, 47.679711165242246 ], [ 9.112826082575801, 47.670908964783614 ], [ 9.131167862487386, 47.673741012996857 ], [ 9.079718730271752, 47.694626243118478 ], [ 9.061837688184553, 47.704445668292593 ], [ 9.033491300885139, 47.728439253736781 ], [ 9.012801948251671, 47.730232856588941 ], [ 8.999999999645505, 47.724964769336673 ], [ 8.99880427373038, 47.72447269246257 ], [ 8.991333819148943, 47.728390731353514 ] ] ], [ [ [ 8.22294200123409, 49.803328857075677 ], [ 8.241634312752684, 49.814181974267143 ], [ 8.255840443132275, 49.835123254080976 ], [ 8.263732737587985, 49.856055418696627 ], [ 8.29530191630915, 49.875932533041869 ], [ 8.32448835416333, 49.870517012376496 ], [ 8.334178020297415, 49.855020853313569 ], [ 8.347956295683586, 49.844271214831736 ], [ 8.358970139631882, 49.824511212741363 ], [ 8.344599486401238, 49.823536097846556 ], [ 8.303286601593497, 49.838015244030359 ], [ 8.274216196429601, 49.839586587424719 ], [ 8.281785471082182, 49.822852050394097 ], [ 8.308574123983382, 49.813274365960666 ], [ 8.356052129518062, 49.811876854679575 ], [ 8.400129445763714, 49.808877890560701 ], [ 8.433960815033915, 49.811673047282021 ], [ 8.433543956317896, 49.803447252828903 ], [ 8.453860330242053, 49.792278305432532 ], [ 8.433894995473056, 49.78668557726705 ], [ 8.406382325605698, 49.791171462823016 ], [ 8.386789968647737, 49.778382674594368 ], [ 8.357478224794539, 49.776095483237029 ], [ 8.339246144450495, 49.790472391104579 ], [ 8.319368568796575, 49.79061803168883 ], [ 8.319368568796575, 49.754806287516629 ], [ 8.213091555528772, 49.753436229369839 ], [ 8.192928761178893, 49.776430556247789 ], [ 8.209076548841129, 49.787777957953523 ], [ 8.228888304035891, 49.793530754382211 ], [ 8.22294200123409, 49.803328857075677 ] ] ], [ [ [ 10.018535283916236, 47.211475737652833 ], [ 9.999999999705929, 47.208325074826391 ], [ 9.909859803874147, 47.192976208639841 ], [ 9.875787095016326, 47.202941666914619 ], [ 9.83743610032908, 47.195821590071333 ], [ 9.786316066816099, 47.178746998757568 ], [ 9.758605937367804, 47.191546163905556 ], [ 9.807597797294004, 47.241341395432926 ], [ 9.939698106909223, 47.262665724929285 ], [ 9.978027162042288, 47.252726135007315 ], [ 9.999999999705929, 47.249053168587679 ], [ 10.01214077568657, 47.247026784820207 ], [ 10.048420270599998, 47.254139944604894 ], [ 10.056946281572888, 47.235655392698945 ], [ 10.018535283916236, 47.211475737652833 ] ] ], [ [ [ 8.525358977453616, 50.278475391309406 ], [ 8.527490730826811, 50.287449011026922 ], [ 8.536924899924388, 50.319208769089506 ], [ 8.548969919987318, 50.340251386427965 ], [ 8.542278241875142, 50.347267906194318 ], [ 8.522444547126204, 50.356815029031303 ], [ 8.524871876770595, 50.364992561280701 ], [ 8.527117751219143, 50.364751913338516 ], [ 8.555156980268405, 50.37575850540486 ], [ 8.577096909049949, 50.368047569386817 ], [ 8.590831303531138, 50.381043393389909 ], [ 8.602086487067011, 50.381544175021901 ], [ 8.616566839865195, 50.376799714382301 ], [ 8.6355229380737, 50.394246436197754 ], [ 8.660907435252632, 50.387012891297843 ], [ 8.72380921058507, 50.397777162073403 ], [ 8.723545931443287, 50.383639493093277 ], [ 8.680104873048746, 50.365793365191237 ], [ 8.673237674909855, 50.34345642982511 ], [ 8.634667281087486, 50.328721984071549 ], [ 8.593134996246309, 50.312913953215855 ], [ 8.557811711240431, 50.296770585371092 ], [ 8.530650080528233, 50.278019942160448 ], [ 8.525358977453616, 50.278475391309406 ] ] ], [ [ [ 11.233469866676403, 51.781926950697901 ], [ 11.222548662390107, 51.766988783371332 ], [ 11.196201530552731, 51.755586997918385 ], [ 11.166997745332068, 51.753697430411549 ], [ 11.152165123585116, 51.746574501290105 ], [ 11.135925812866772, 51.73654224841242 ], [ 11.131531297615991, 51.747962173443014 ], [ 11.123664514416038, 51.772312148805092 ], [ 11.105228114955576, 51.789691248876238 ], [ 11.08859360390271, 51.816723761678944 ], [ 11.112677387262615, 51.825616640865341 ], [ 11.11425953337867, 51.838807572598071 ], [ 11.159724267037925, 51.836934696656535 ], [ 11.179303328031363, 51.824891026597008 ], [ 11.199365822784843, 51.812659365960329 ], [ 11.221318103401526, 51.785479151672902 ], [ 11.233469866676403, 51.781926950697901 ] ] ], [ [ [ 8.599651736440066, 52.842652655154843 ], [ 8.603797801937779, 52.820258324466572 ], [ 8.652855481424846, 52.80664027469826 ], [ 8.667950152519978, 52.772576391107918 ], [ 8.663028806796071, 52.765047695026588 ], [ 8.659963742470241, 52.75863886941535 ], [ 8.604828978052412, 52.752468769971856 ], [ 8.575363654625004, 52.758943332769221 ], [ 8.552173149695394, 52.772166933868682 ], [ 8.532975712797613, 52.773316047182924 ], [ 8.523234384551557, 52.785993894872973 ], [ 8.529838302650369, 52.801044019418356 ], [ 8.550110796567797, 52.820152774390579 ], [ 8.576285131172094, 52.834215014002396 ], [ 8.599651736440066, 52.842652655154843 ] ] ], [ [ [ 8.733265319236823, 48.093681125467498 ], [ 8.701584063107587, 48.092204374457516 ], [ 8.683220342743484, 48.072154355017879 ], [ 8.631173576640697, 48.070024796662267 ], [ 8.607066851206749, 48.07597192326142 ], [ 8.589887886531548, 48.09243831791261 ], [ 8.635808157667993, 48.090347408799872 ], [ 8.663386647096257, 48.112348842433931 ], [ 8.70581846893033, 48.11306500879278 ], [ 8.709087518199302, 48.1306444781087 ], [ 8.689714561274743, 48.145910177922779 ], [ 8.698490532967034, 48.19216144831924 ], [ 8.746187937636808, 48.199880504233541 ], [ 8.761172908266028, 48.156235673707009 ], [ 8.754042431883649, 48.115008838982206 ], [ 8.743555146218958, 48.107963930343132 ], [ 8.733265319236823, 48.093681125467498 ] ] ], [ [ [ 8.761905065765323, 48.413421133336222 ], [ 8.760295311725631, 48.414420532460063 ], [ 8.740593256098455, 48.414783759061692 ], [ 8.731312665676777, 48.424517258192026 ], [ 8.729482019501981, 48.423676933555456 ], [ 8.736676483780373, 48.445584113569296 ], [ 8.726481964456658, 48.462448488075005 ], [ 8.708648719929071, 48.469891276855272 ], [ 8.70283463835732, 48.483372202455833 ], [ 8.693575989286485, 48.497980933523387 ], [ 8.727297658989135, 48.497835882618993 ], [ 8.737499725957901, 48.486143399072205 ], [ 8.767196522776151, 48.485142047782098 ], [ 8.773292328597428, 48.460949478781231 ], [ 8.826343771412308, 48.453148986235433 ], [ 8.863448110199391, 48.453148986235433 ], [ 8.862408895061298, 48.445584113569296 ], [ 8.883454241956986, 48.435634485578341 ], [ 8.846919956082912, 48.422904635425354 ], [ 8.804051998585138, 48.420066219703408 ], [ 8.761905065765323, 48.413421133336222 ] ] ], [ [ [ 10.561826763863021, 49.123366645549005 ], [ 10.609554845101432, 49.130570768859755 ], [ 10.638956398923467, 49.124287311835047 ], [ 10.66161185559173, 49.114349048477528 ], [ 10.653854943537546, 49.093881610599432 ], [ 10.635616311780144, 49.082255249448679 ], [ 10.617751242637013, 49.074927042345372 ], [ 10.642823867207165, 49.04920389089088 ], [ 10.626255279021423, 49.040231293188612 ], [ 10.593206000105548, 49.054370080941787 ], [ 10.583691147024098, 49.072089081281469 ], [ 10.563782472593347, 49.071650206838648 ], [ 10.546203068608882, 49.080617101973573 ], [ 10.527415080224316, 49.07890576488613 ], [ 10.523283920472119, 49.091337206704701 ], [ 10.530073965006222, 49.097771077066589 ], [ 10.561826763863021, 49.123366645549005 ] ] ], [ [ [ 9.02445205005108, 48.162295635027405 ], [ 9.049200289378874, 48.188294184203897 ], [ 9.062912745204194, 48.190745917870743 ], [ 9.071315737288815, 48.221980591845956 ], [ 9.056067487517783, 48.246388937274084 ], [ 9.075528203557376, 48.250047720992569 ], [ 9.110324930279683, 48.223322334106953 ], [ 9.138890717612517, 48.184864478253431 ], [ 9.09462253631845, 48.143301823188487 ], [ 9.044746484421026, 48.151270349651242 ], [ 9.02445205005108, 48.162295635027405 ] ] ], [ [ [ 8.87459444487232, 47.640763030762244 ], [ 8.860560784739063, 47.658673906937594 ], [ 8.868634678121031, 47.681477264250013 ], [ 8.866747844121845, 47.682425970311961 ], [ 8.91490598751434, 47.69547256660676 ], [ 8.950799710810434, 47.713242176038619 ], [ 8.965109406162538, 47.716946738702568 ], [ 8.965016784466837, 47.714759167297068 ], [ 8.981537549940111, 47.695997864308012 ], [ 8.999999999645505, 47.684070969349143 ], [ 9.000603347716192, 47.683681154640432 ], [ 8.999999999645505, 47.681852694614072 ], [ 8.997641457595691, 47.674704458253622 ], [ 8.964292766602348, 47.662309685051923 ], [ 8.948276618960163, 47.653519135055632 ], [ 8.896366748021817, 47.640681088874182 ], [ 8.87459444487232, 47.640763030762244 ] ] ], [ [ [ 8.109218209382485, 49.916038680731106 ], [ 8.132720648006272, 49.880116140960496 ], [ 8.151812338822095, 49.826957644359879 ], [ 8.133712893831452, 49.826301296543392 ], [ 8.09663441484642, 49.816112936129024 ], [ 8.079762610218021, 49.806868771566769 ], [ 8.07225915422798, 49.812400925802116 ], [ 8.078599794083329, 49.831409219824238 ], [ 8.065150617399775, 49.842190830807112 ], [ 8.068661006256356, 49.862016281920894 ], [ 8.074409267368944, 49.875320782202422 ], [ 8.076471620496541, 49.889028559345093 ], [ 8.070701419829769, 49.902020441209238 ], [ 8.090359595450261, 49.903168324675121 ], [ 8.107582439233848, 49.908456950115465 ], [ 8.109218209382485, 49.916038680731106 ] ] ], [ [ [ 9.190845994795204, 51.953037159747737 ], [ 9.220595010680929, 51.951839376295403 ], [ 9.235595779082763, 51.951839376295403 ], [ 9.250038394554169, 51.951839376295403 ], [ 9.264841264997226, 51.946783097050911 ], [ 9.270526338612729, 51.944171979360235 ], [ 9.280161916285214, 51.93781321202944 ], [ 9.290471927513448, 51.918904863481899 ], [ 9.300697689344446, 51.899844153316685 ], [ 9.303593759904082, 51.892678548241896 ], [ 9.302628403350308, 51.891519298500761 ], [ 9.236435639194713, 51.891519298500761 ], [ 9.21175321942779, 51.89576095299379 ], [ 9.21723820139859, 51.902662660984795 ], [ 9.194618135657578, 51.924296030592004 ], [ 9.1904495493957, 51.949497603111269 ], [ 9.190845994795204, 51.953037159747737 ] ] ], [ [ [ 9.0998008361462, 48.397620585568887 ], [ 9.112628622994881, 48.39711339659592 ], [ 9.118464644120836, 48.416556267164843 ], [ 9.142379166016591, 48.429993342769265 ], [ 9.173599684321458, 48.430400030698202 ], [ 9.19841374321012, 48.420943683800054 ], [ 9.198962241047873, 48.40544074306532 ], [ 9.195780982334988, 48.38693851046299 ], [ 9.172041949024932, 48.38132691396001 ], [ 9.161401083785981, 48.366480801819506 ], [ 9.126297197915203, 48.359281560117857 ], [ 9.088736040653311, 48.376819739690113 ], [ 9.0998008361462, 48.397620585568887 ] ] ], [ [ [ 9.537629989447941, 52.086542113580073 ], [ 9.499999999675717, 52.089885248306622 ], [ 9.468372482563389, 52.092694914746616 ], [ 9.468845301830031, 52.094406544375161 ], [ 9.441113231929236, 52.107997666808146 ], [ 9.4585993548546, 52.130847884450013 ], [ 9.499999999675717, 52.14060745613574 ], [ 9.500021940128216, 52.140612627372406 ], [ 9.513427235906754, 52.128793966949658 ], [ 9.588549551328857, 52.145355104774495 ], [ 9.595307049001901, 52.133259458950306 ], [ 9.551953750620736, 52.118443426372693 ], [ 9.532427214121959, 52.099790452397094 ], [ 9.537629989447941, 52.086542113580073 ] ] ], [ [ [ 9.338127207484606, 48.760849684804299 ], [ 9.288542969713967, 48.757556042976269 ], [ 9.25879242669226, 48.760849684804299 ], [ 9.246396366575862, 48.772375720287783 ], [ 9.263750850379491, 48.785545074443704 ], [ 9.291022181557583, 48.795419809479242 ], [ 9.310855876306514, 48.797065408314637 ], [ 9.328210360110141, 48.793774155753844 ], [ 9.355481691288233, 48.793774155753844 ], [ 9.372836174193546, 48.795419809479242 ], [ 9.392669869840791, 48.790482686005156 ], [ 9.405065929058871, 48.76908283872892 ], [ 9.377794598779094, 48.76908283872892 ], [ 9.353002479444617, 48.770729306956959 ], [ 9.338127207484606, 48.760849684804299 ] ] ], [ [ [ 8.642579193850693, 48.414357318512572 ], [ 8.6264178676788, 48.411659925462153 ], [ 8.600879790925635, 48.421147064598614 ], [ 8.587825533403953, 48.429223531355113 ], [ 8.589054169997809, 48.441481024045679 ], [ 8.580014919163768, 48.445793675830153 ], [ 8.575648873320965, 48.451949819643517 ], [ 8.577908686029488, 48.466886962748646 ], [ 8.556912174247534, 48.476784557733197 ], [ 8.541817504050726, 48.474448203883014 ], [ 8.540128128734167, 48.488856413228163 ], [ 8.568979134762962, 48.491975473368825 ], [ 8.567421400364761, 48.498633657725172 ], [ 8.582559950568253, 48.497864892833249 ], [ 8.59094100309869, 48.482632223768441 ], [ 8.653864717985304, 48.47597192511293 ], [ 8.655119873744662, 48.475373677021786 ], [ 8.629634025940474, 48.455703414189834 ], [ 8.629634025940474, 48.442210562378229 ], [ 8.642579193850693, 48.414357318512572 ] ] ], [ [ [ 9.030704929893052, 48.76908283872892 ], [ 9.070372320289225, 48.780606973595333 ], [ 9.092685227780088, 48.787190999064954 ], [ 9.10260207515455, 48.775668384635054 ], [ 9.117477347114564, 48.772375720287783 ], [ 9.137311042761809, 48.777314635652282 ], [ 9.139790254605423, 48.762496423961998 ], [ 9.169540797627132, 48.754262183920353 ], [ 9.167061585783516, 48.737789630095193 ], [ 9.15466552566712, 48.741084575345006 ], [ 9.122435770801795, 48.741084575345006 ], [ 9.119956558958179, 48.721311645623473 ], [ 9.097643651467319, 48.731199087842924 ], [ 9.092685227780088, 48.744379303348857 ], [ 9.06789310844561, 48.737789630095193 ], [ 9.05549704922753, 48.752615172633817 ], [ 9.030704929893052, 48.76908283872892 ] ] ], [ [ [ 7.502633621914366, 49.478994481738013 ], [ 7.499999999554868, 49.477925106680956 ], [ 7.498837183420178, 49.477452940349025 ], [ 7.483237894493984, 49.461069893635106 ], [ 7.469569319573662, 49.435635512763689 ], [ 7.46136378617166, 49.42031331682918 ], [ 7.459608591294207, 49.405988884848362 ], [ 7.463162860157471, 49.404724762574183 ], [ 7.453180192323816, 49.402327199248397 ], [ 7.43148160312991, 49.399464499623754 ], [ 7.425601702895552, 49.412134668460084 ], [ 7.396948155549351, 49.410623720013731 ], [ 7.389422760903461, 49.421736813700257 ], [ 7.404605191113634, 49.426834915290272 ], [ 7.421542816201225, 49.43229553909233 ], [ 7.424153667166603, 49.4482817755678 ], [ 7.437471203830071, 49.457470399847097 ], [ 7.442385747510619, 49.471765208800569 ], [ 7.456931920767997, 49.478671653841012 ], [ 7.481394940501489, 49.487709492260592 ], [ 7.499999999554868, 49.480075238020518 ], [ 7.502633621914366, 49.478994481738013 ] ] ], [ [ [ 8.762950042697666, 48.806937862906295 ], [ 8.797659009406633, 48.803647261887185 ], [ 8.849722459919175, 48.802001880233249 ], [ 8.876993791097259, 48.79871095344744 ], [ 8.872035367410026, 48.778960831774334 ], [ 8.844764036231943, 48.770729306956959 ], [ 8.817492705053859, 48.772375720287783 ], [ 8.78774216203216, 48.772375720287783 ], [ 8.77286689007213, 48.778960831774334 ], [ 8.76047083085404, 48.792128448324959 ], [ 8.762950042697666, 48.806937862906295 ] ] ], [ [ [ 12.167251768293591, 49.753725789516871 ], [ 12.167133985685112, 49.746410426675887 ], [ 12.208731306756222, 49.755826804004961 ], [ 12.203215712895481, 49.727572729639682 ], [ 12.194777598479879, 49.709063219101047 ], [ 12.162233727014213, 49.706845686509361 ], [ 12.136545822949772, 49.714023121658528 ], [ 12.126525562418117, 49.73538864198359 ], [ 12.137622561615624, 49.741905795366769 ], [ 12.140940674170468, 49.749005136691096 ], [ 12.164914586384601, 49.753742309318582 ], [ 12.167251768293591, 49.753725789516871 ] ] ], [ [ [ 8.46531489755019, 48.308411254078464 ], [ 8.47463744288887, 48.329149995340231 ], [ 8.483369534574477, 48.332395346268292 ], [ 8.4997806004802, 48.326617603960862 ], [ 8.499999999615302, 48.32669746384245 ], [ 8.513295596724586, 48.331536731289418 ], [ 8.534072709371445, 48.333806936300299 ], [ 8.538329054748365, 48.351543051503185 ], [ 8.580212378744685, 48.350859329602798 ], [ 8.581769434016515, 48.334526254591886 ], [ 8.577338247739233, 48.334403575857387 ], [ 8.571085367897243, 48.328451417146134 ], [ 8.576065732036993, 48.313182172654102 ], [ 8.499999999615302, 48.312259824826292 ], [ 8.498025406501073, 48.312235881026183 ], [ 8.472904188463923, 48.305829752290521 ], [ 8.46531489755019, 48.308411254078464 ] ] ], [ [ [ 11.713980858227149, 49.64350101113957 ], [ 11.745316187513534, 49.642960419675276 ], [ 11.767971644181797, 49.637072774122863 ], [ 11.749161682107065, 49.622533214573672 ], [ 11.770718426419309, 49.593850460821677 ], [ 11.746678591338052, 49.583408181894292 ], [ 11.727407170091759, 49.605620922443592 ], [ 11.7105749128954, 49.603866447717138 ], [ 11.689171966448001, 49.606980555674937 ], [ 11.697478234231037, 49.624155432080812 ], [ 11.713980858227149, 49.64350101113957 ] ] ], [ [ [ 12.432263465614277, 49.702107850083102 ], [ 12.423551567157959, 49.699886056502699 ], [ 12.421200322123196, 49.681205365937238 ], [ 12.355409402241964, 49.662093972897011 ], [ 12.28144752062242, 49.647684273950482 ], [ 12.284828095733914, 49.658107222550939 ], [ 12.32422793460081, 49.671263711621691 ], [ 12.360815069261385, 49.682533684556049 ], [ 12.386151385300034, 49.691918457617071 ], [ 12.40021490812828, 49.703183616153382 ], [ 12.413751048917842, 49.713425043284396 ], [ 12.432263465614277, 49.702107850083102 ] ] ], [ [ [ 10.327471334152625, 48.583778954975884 ], [ 10.341754600170727, 48.58863414162893 ], [ 10.364168339958971, 48.584802677454064 ], [ 10.391504313904907, 48.595535888105481 ], [ 10.398931611623466, 48.60522890123957 ], [ 10.410621915726784, 48.612610710689403 ], [ 10.424839257979448, 48.612245299879092 ], [ 10.438880807117528, 48.605638218133166 ], [ 10.434749647365333, 48.585548519660094 ], [ 10.391504313904907, 48.573584461228585 ], [ 10.364388083148825, 48.558661962227532 ], [ 10.34691855031013, 48.557330426207379 ], [ 10.343117003995244, 48.577212007178126 ], [ 10.325406350757879, 48.575854400580951 ], [ 10.328086613646915, 48.582550459754572 ], [ 10.327471334152625, 48.583778954975884 ] ] ], [ [ [ 11.370137333366964, 49.578487143902109 ], [ 11.368150075803857, 49.577162215681916 ], [ 11.379291022381699, 49.565077572723112 ], [ 11.377555056841226, 49.557702414072672 ], [ 11.371775827207534, 49.546959604015512 ], [ 11.359118656482448, 49.521586020578823 ], [ 11.34465959645145, 49.526418710850329 ], [ 11.346461485757363, 49.539713452054166 ], [ 11.333804315032278, 49.562663209902809 ], [ 11.31393958798186, 49.583188782420912 ], [ 11.290427135837602, 49.588015346909046 ], [ 11.294052887241275, 49.596467990568918 ], [ 11.298999951731739, 49.596766438424105 ], [ 11.307578700998331, 49.597064884442574 ], [ 11.311536923380235, 49.596979781584771 ], [ 11.322179933796086, 49.59538590053657 ], [ 11.323370718977147, 49.590950833164705 ], [ 11.337649809625807, 49.58724020367783 ], [ 11.34795573531613, 49.586391919620802 ], [ 11.354833677305839, 49.584168759871851 ], [ 11.359975652856757, 49.583466688720243 ], [ 11.363887070317414, 49.587327956374452 ], [ 11.370137333366964, 49.578487143902109 ] ] ], [ [ [ 9.208814138430665, 49.42031882312056 ], [ 9.216408302704826, 49.43640526081699 ], [ 9.227665181361655, 49.462474492158293 ], [ 9.232271168115155, 49.473137239887755 ], [ 9.260031181909492, 49.465268432362869 ], [ 9.271928330293502, 49.441654381563573 ], [ 9.271928330293502, 49.419830877497709 ], [ 9.269655865712528, 49.419956255126912 ], [ 9.226594685987029, 49.415817594113804 ], [ 9.208814138430665, 49.42031882312056 ] ] ], [ [ [ 8.201485332837748, 49.732530731271389 ], [ 8.242820158097999, 49.736802953458529 ], [ 8.266098422142615, 49.740185468832657 ], [ 8.312084512839963, 49.742037003918753 ], [ 8.343985169002625, 49.74528795303555 ], [ 8.343063691557211, 49.732034954084 ], [ 8.327047543915034, 49.725195624557024 ], [ 8.292952894604714, 49.725749806482455 ], [ 8.250367494094695, 49.722380864029347 ], [ 8.21686522262884, 49.717961505470264 ], [ 8.201485332837748, 49.732530731271389 ] ] ], [ [ [ 10.304024804875494, 48.622431949631711 ], [ 10.311921220801723, 48.607964067592349 ], [ 10.300530898307754, 48.609219598315605 ], [ 10.295520767592766, 48.590886086631109 ], [ 10.272975182070276, 48.580883168539053 ], [ 10.259643480771389, 48.57398770279385 ], [ 10.258867710963383, 48.574652274059765 ], [ 10.241445399864228, 48.590644859525121 ], [ 10.236344099131056, 48.604527207798348 ], [ 10.266273034093462, 48.619231488778432 ], [ 10.28578617311809, 48.611952969315517 ], [ 10.304024804875494, 48.622431949631711 ] ] ], [ [ [ 7.921795125146973, 48.495950181677649 ], [ 7.952927883438501, 48.493730766253492 ], [ 7.95821255367736, 48.482425897855116 ], [ 7.959193927192649, 48.480186589012256 ], [ 7.963497444003453, 48.467560989770355 ], [ 7.963261589528985, 48.466741822372185 ], [ 7.944897870063215, 48.450802858958546 ], [ 7.918767414567315, 48.465958056526844 ], [ 7.898692380230766, 48.487028409253156 ], [ 7.921795125146973, 48.495950181677649 ] ] ], [ [ [ 8.736518376697108, 48.535333453990013 ], [ 8.734866934540051, 48.543910671043527 ], [ 8.724489348442875, 48.55122832082801 ], [ 8.730588648710624, 48.555954955985406 ], [ 8.746165997184299, 48.554594082129434 ], [ 8.755709866747734, 48.558632698412737 ], [ 8.76819368597919, 48.565816536470514 ], [ 8.774205226233562, 48.562510049949829 ], [ 8.782849557905795, 48.548989232981121 ], [ 8.792810285286944, 48.544203397661619 ], [ 8.801717896100925, 48.542227461133308 ], [ 8.803429210971693, 48.5376020032814 ], [ 8.786952324606805, 48.53779229939353 ], [ 8.774336865355288, 48.533766649266411 ], [ 8.766328791534185, 48.521175264425793 ], [ 8.746319576758543, 48.519667015736673 ], [ 8.736518376697108, 48.535333453990013 ] ] ], [ [ [ 10.893681962236172, 50.901407943029696 ], [ 10.881596121828418, 50.879668885029524 ], [ 10.868543414798898, 50.864735490921845 ], [ 10.846788901885276, 50.867925551835476 ], [ 10.836395079637665, 50.875029898706991 ], [ 10.846788901885276, 50.891844014153179 ], [ 10.865401096256949, 50.904450597335504 ], [ 10.893681962236172, 50.901407943029696 ] ] ], [ [ [ 10.998235466901532, 49.202991820664366 ], [ 10.963340350401101, 49.195710731828697 ], [ 10.943717341129016, 49.210271830867271 ], [ 10.954616570826836, 49.224814034578706 ], [ 10.987336237203715, 49.229174398444421 ], [ 10.999999999766354, 49.225558774857454 ], [ 11.002608344432064, 49.224814034578706 ], [ 10.999999999766354, 49.211798633865655 ], [ 10.998235466901532, 49.202991820664366 ] ] ], [ [ [ 8.90659075454476, 50.796175302117497 ], [ 8.905154347507128, 50.785072676034424 ], [ 8.905043989474475, 50.784306770812194 ], [ 8.903497224404198, 50.773832144804672 ], [ 8.884936045357502, 50.766382040450125 ], [ 8.87565545493586, 50.785005065314671 ], [ 8.884936045357502, 50.807342856010344 ], [ 8.90659075454476, 50.796175302117497 ] ] ], [ [ [ 8.29690208173149, 49.458544469958326 ], [ 8.292426336321146, 49.471968353361618 ], [ 8.337315430444622, 49.477931724454173 ], [ 8.348526733973838, 49.463014671042586 ], [ 8.29690208173149, 49.458544469958326 ] ] ] ] } }
]
}
