{
"type": "FeatureCollection",
"name": "Spanish Monarchy",
"crs": { "type": "name", "properties": { "name": "urn:ogc:def:crs:OGC:1.3:CRS84" } },
"features": [
{ "type": "Feature", "properties": { "OBJECTID": 34.0, "YEAR": 1700.0, "OWNER_ID": 1122.0, "SHORT_NAME": "Spanish", "LONG_NAME": "Spanish Monarchy", "VARIANTS": null, "SHAPE_LENG": 21816310.0, "Shape__Are": 1195116827198.8794, "Shape__Len": 21855507.032438096 }, "geometry": { "type": "MultiPolygon", "coordinates": [ [ [ [ 1.355831469623655, 42.705758686738854 ], [ 1.356798217667794, 42.701241570072689 ], [ 1.392370159039271, 42.687284815380487 ], [ 1.415308458359576, 42.658151007960271 ], [ 1.444025275847849, 42.581061746729731 ], [ 1.433171329325216, 42.560157429165038 ], [ 1.426162404882218, 42.54175320442431 ], [ 1.445804971376379, 42.539440160748875 ], [ 1.455260557208628, 42.499999999702688 ], [ 1.456461174450474, 42.495030509968636 ], [ 1.437016351404888, 42.475453754682789 ], [ 1.430820373547956, 42.46448229359072 ], [ 1.437411839200298, 42.444622717840844 ], [ 1.456614975010268, 42.423808347670686 ], [ 1.484738560356296, 42.4158022035611 ], [ 1.500000000090646, 42.416734055967574 ], [ 1.517915603061761, 42.41782795145923 ], [ 1.546632420550061, 42.422554441094654 ], [ 1.621533438696866, 42.461767240081194 ], [ 1.63860533407165, 42.463068552996219 ], [ 1.646998466247731, 42.485106396255702 ], [ 1.663169528360672, 42.49512685282599 ], [ 1.694105472061657, 42.483050718288808 ], [ 1.706365598210917, 42.492541601114105 ], [ 1.706519398770703, 42.49512685282599 ], [ 1.771994621016701, 42.486551754399152 ], [ 1.826571954749611, 42.489137255501973 ], [ 1.866164689755764, 42.465365864716645 ], [ 1.928937412216171, 42.457959540376642 ], [ 1.943482578462106, 42.450552332880186 ], [ 1.952556829456255, 42.444719138883691 ], [ 1.963322889303103, 42.4071035987347 ], [ 2.000000000120858, 42.388437649075271 ], [ 2.016537986298129, 42.380019201840923 ], [ 2.084957397361921, 42.384989845807844 ], [ 2.104094618389631, 42.414644603357559 ], [ 2.137798977556757, 42.433597594807736 ], [ 2.186378077779588, 42.437197849307516 ], [ 2.248359823750859, 42.433002889569515 ], [ 2.312428867268528, 42.438242527225924 ], [ 2.383748522464811, 42.414483824071041 ], [ 2.447509963964567, 42.396827710455334 ], [ 2.479105054590085, 42.386260593597612 ], [ 2.500000000151079, 42.377486651884716 ], [ 2.525421084813191, 42.366810485389642 ], [ 2.553698471617311, 42.3620958567031 ], [ 2.554357617643538, 42.388110370936218 ], [ 2.595620191405513, 42.3881747098036 ], [ 2.622425483800709, 42.383751243483303 ], [ 2.649933866009254, 42.390667798246525 ], [ 2.635674328989355, 42.418631801889845 ], [ 2.667994480423423, 42.435076295987258 ], [ 2.717913845490594, 42.4470171287252 ], [ 2.751881863786879, 42.45415160676572 ], [ 2.784267930003199, 42.450022065368572 ], [ 2.827793572866603, 42.448977585287928 ], [ 2.892258104179673, 42.467309678307252 ], [ 2.922073499276697, 42.484351584855162 ], [ 2.957909098879, 42.486872940086343 ], [ 3.000000000181255, 42.483233737285509 ], [ 3.014375985811435, 42.481990732522512 ], [ 3.049991870969954, 42.461815437661933 ], [ 3.083256799452961, 42.455710155894003 ], [ 3.119707602192737, 42.455806559745938 ], [ 3.113533597127637, 42.42814859777868 ], [ 3.115862581011362, 42.398789748487481 ], [ 3.14761147309499, 42.377750912384862 ], [ 3.167188124806827, 42.36216022242278 ], [ 3.182743982883979, 42.383284750581538 ], [ 3.208494641457547, 42.382753909124951 ], [ 3.215657366460294, 42.368596480267648 ], [ 3.235761336430441, 42.375933003652733 ], [ 3.271926509944191, 42.36093725839433 ], [ 3.285285212803877, 42.349511041055315 ], [ 3.308575057030847, 42.339982228389111 ], [ 3.287262652679233, 42.329663073365282 ], [ 3.273266773890223, 42.315976696358227 ], [ 3.273860006032505, 42.294764939225509 ], [ 3.262324941590056, 42.277671111778844 ], [ 3.238683552456429, 42.272095677300356 ], [ 3.231015481088908, 42.261765307844556 ], [ 3.200365167512292, 42.254769986717022 ], [ 3.177470811080767, 42.261910364190825 ], [ 3.157564585457483, 42.27270803286283 ], [ 3.136405981665664, 42.266036260216907 ], [ 3.124387542752018, 42.231086474224483 ], [ 3.138009904740856, 42.16790818304947 ], [ 3.162596070923386, 42.128235999131768 ], [ 3.198475613414468, 42.116201837670161 ], [ 3.218469725713538, 42.092579111881399 ], [ 3.229038041213515, 42.056594789387375 ], [ 3.222951921925949, 42.048557747444072 ], [ 3.212888950994117, 42.046827304388955 ], [ 3.202312048498321, 41.999999999713268 ], [ 3.19891504499692, 41.985071670579366 ], [ 3.212823037110127, 41.976334006723917 ], [ 3.227741720156262, 41.976157313700128 ], [ 3.237672861523545, 41.963128848404132 ], [ 3.228532695747073, 41.949953071961225 ], [ 3.228862268760186, 41.937433542799191 ], [ 3.217920436460055, 41.925715334554575 ], [ 3.214119358167415, 41.912660401079116 ], [ 3.196981548010308, 41.893764569720972 ], [ 3.161299748967791, 41.879078217988216 ], [ 3.060384414016601, 41.857822831067644 ], [ 3.049750183734338, 41.824549738801089 ], [ 3.001786287547322, 41.787457159057972 ], [ 3.000000000181255, 41.786561915309179 ], [ 2.896828187067913, 41.734833338974063 ], [ 2.860311468647507, 41.727593155411526 ], [ 2.80553639146606, 41.722593885721906 ], [ 2.783037522829901, 41.707464675740141 ], [ 2.760318938851704, 41.684764133723711 ], [ 2.753375929191004, 41.661603525002185 ], [ 2.500000000151079, 41.543619994742919 ], [ 2.498440019964631, 41.542892922614143 ], [ 2.430657783931856, 41.503257650629337 ], [ 2.418694365931003, 41.499999999681769 ], [ 2.288677620463869, 41.464860161403259 ], [ 2.265387776236935, 41.437813980256315 ], [ 2.245459578720108, 41.41146396903212 ], [ 2.233133538686856, 41.392293558365246 ], [ 2.186905395139573, 41.315458318359909 ], [ 2.141160625165232, 41.290443831633297 ], [ 2.08566048717527, 41.27323572862791 ], [ 2.001860990487609, 41.268046620468994 ], [ 2.000000000120858, 41.268219396205858 ], [ 1.966970167035948, 41.271285832861153 ], [ 1.620083316181494, 41.20827748977981 ], [ 1.500000000090646, 41.168843955118632 ], [ 1.463338269328861, 41.156800032742943 ], [ 1.401927783606319, 41.142123913723729 ], [ 1.349591548877961, 41.125732476827984 ], [ 1.315293957568536, 41.122453694505523 ], [ 1.299452469367051, 41.116622545729626 ], [ 1.276404311477363, 41.114877945138936 ], [ 1.250785483366713, 41.11751098164747 ], [ 1.191044835501632, 41.107882921076566 ], [ 1.151518014379433, 41.089786071900527 ], [ 1.135127236924384, 41.080687276538548 ], [ 1.12963434977909, 41.054822313353071 ], [ 1.120098696207253, 41.050084681098362 ], [ 1.092194826203297, 41.064797703864286 ], [ 1.080945391885254, 41.063520551327535 ], [ 1.052997578992554, 41.053011381611142 ], [ 1.033508813058214, 41.053625810875232 ], [ 1.012130493026016, 41.048645537469525 ], [ 1.000000000060433, 41.04265849097974 ], [ 0.971043692615711, 41.02836478855383 ], [ 0.954345314041082, 41.007948299900754 ], [ 0.952639963983808, 40.999999999862673 ], [ 0.951269296557011, 40.993659542193832 ], [ 0.935603580808809, 40.986945824292853 ], [ 0.850134246263706, 40.890372080815283 ], [ 0.803378785356476, 40.815062406660225 ], [ 0.806432830947014, 40.773403083696472 ], [ 0.871161020490948, 40.73844113693044 ], [ 0.880367101049675, 40.764410494138694 ], [ 0.936768072301487, 40.679887994727366 ], [ 0.898383772575098, 40.647411400377422 ], [ 0.851869998903448, 40.627307316719744 ], [ 0.787669125821201, 40.56543893451768 ], [ 0.71494329099833, 40.539165002428248 ], [ 0.67765756888062, 40.541574552722651 ], [ 0.644810100086599, 40.556838397237343 ], [ 0.671175961797645, 40.569124538270437 ], [ 0.699892778387619, 40.574571744738961 ], [ 0.77674926541457, 40.574216154190694 ], [ 0.805707769240161, 40.596937780832832 ], [ 0.800346710761114, 40.610541175761306 ], [ 0.716217641060377, 40.621735225703368 ], [ 0.678426573476222, 40.607407149050509 ], [ 0.625035704027897, 40.605597746505289 ], [ 0.530909578177589, 40.531159494182333 ], [ 0.506301440999825, 40.511683487028989 ], [ 0.500000000030215, 40.50450357424662 ], [ 0.496047790970834, 40.499999999920512 ], [ 0.37767998039155, 40.365989139661501 ], [ 0.375175223156206, 40.350892677530808 ], [ 0.356675177159518, 40.342586560823911 ], [ 0.275556210160569, 40.235545195377824 ], [ 0.258769944910149, 40.196675507936405 ], [ 0.193646266672478, 40.178652352158615 ], [ 0.136388404149232, 40.082501223600708 ], [ 0.073352023457992, 40.058951259527902 ], [ 0.046085328485096, 40.029118151263965 ], [ 0.028632127018248, 40.00000000026855 ], [ 0.017917800250316, 39.98085396039253 ], [ 0.0, 39.96379237092475 ], [ -0.29037261282508, 39.686662451753897 ], [ -0.376072901534784, 39.543607935723053 ], [ -0.382786659338323, 39.50000000024815 ], [ -0.39213209375045, 39.439691670573836 ], [ -0.371898829261465, 39.368871340241604 ], [ -0.336551030129797, 39.287812802421335 ], [ -0.295008029285583, 39.227952546967721 ], [ -0.219633077062877, 39.150125117321245 ], [ -0.192655390778132, 39.055334230041062 ], [ -0.164008075943357, 39.00721012252869 ], [ -0.15767220524386, 38.999999999654428 ], [ -0.095113919624948, 38.929275788394705 ], [ -0.047419654567088, 38.895186697382968 ], [ 0.0, 38.8780982128945 ], [ 0.03055144230148, 38.867087661501273 ], [ 0.094642456814358, 38.863650444836352 ], [ 0.126962609146724, 38.85691440328727 ], [ 0.150208509586612, 38.846895956006925 ], [ 0.164292274153184, 38.830432749127851 ], [ 0.165193108313332, 38.786755402390355 ], [ 0.210256759469604, 38.759604170074148 ], [ 0.217705115495048, 38.742251129564032 ], [ 0.194678929498941, 38.732599051325089 ], [ 0.107363985541351, 38.686181157705001 ], [ 0.019763410561097, 38.635692470082923 ], [ 0.0, 38.630607673527116 ], [ -0.033711123481232, 38.621932436167462 ], [ -0.055767798215395, 38.608378814097073 ], [ -0.071585334636475, 38.55694565745069 ], [ -0.106515726181496, 38.541356748275398 ], [ -0.141555961922832, 38.544513167583986 ], [ -0.167193551348199, 38.538915223674259 ], [ -0.193731861746012, 38.52136866789202 ], [ -0.287022254344792, 38.499999999878447 ], [ -0.348809620159958, 38.485942491296605 ], [ -0.441517956556887, 38.440000638528105 ], [ -0.455512081834492, 38.407997289016627 ], [ -0.444110274379614, 38.385300074711012 ], [ -0.450349413590993, 38.375441555275444 ], [ -0.476338503905592, 38.387035589461604 ], [ -0.500000000030215, 38.384013925213644 ], [ -0.501888218333259, 38.383772787336966 ], [ -0.51550887442138, 38.369522321123569 ], [ -0.522341171214841, 38.333006697512864 ], [ -0.510917395459711, 38.235123569411243 ], [ -0.520385947574799, 38.221017577989642 ], [ -0.555008776627752, 38.22783610818442 ], [ -0.582447807998045, 38.224792201191484 ], [ -0.600286472960022, 38.200297122506413 ], [ -0.642708225578068, 38.116502250806363 ], [ -0.648112550514449, 38.032994006148535 ], [ -0.638406396701677, 37.999999999985143 ], [ -0.638182653313881, 37.999244467806101 ], [ -0.646333077768139, 37.988326492997047 ], [ -0.658196229410234, 37.979244262775069 ], [ -0.675639456882477, 37.973766644655903 ], [ -0.701057357915212, 37.934926144082873 ], [ -0.742226889569943, 37.874213771739505 ], [ -0.788603026068675, 37.743978122970397 ], [ -0.780232913221786, 37.700630782552757 ], [ -0.787724274294811, 37.686587857975134 ], [ -0.796665575525233, 37.710565357566473 ], [ -0.805826565148286, 37.732134941042702 ], [ -0.849654321323159, 37.696593934071515 ], [ -0.872479903634871, 37.638818376135504 ], [ -0.849654321323159, 37.598649938988501 ], [ -0.798510954968992, 37.555896877378665 ], [ -0.776673967729131, 37.569598678176824 ], [ -0.783220670330875, 37.611333405288299 ], [ -0.779398098946755, 37.645139514551438 ], [ -0.767073602219179, 37.644268866339992 ], [ -0.771643112880563, 37.609260295186388 ], [ -0.766106974549283, 37.571829773786384 ], [ -0.753782477821673, 37.555251818875995 ], [ -0.805804595949704, 37.521264975774535 ], [ -0.866746047007872, 37.529113504341431 ], [ -0.893152544909118, 37.518264873597822 ], [ -0.970900127460246, 37.516485685462925 ], [ -0.975052230534984, 37.545243976171754 ], [ -1.000000000060433, 37.550328251813553 ], [ -1.000975415050434, 37.550527030602275 ], [ -1.00326016948283, 37.537205337756824 ], [ -1.049987806870759, 37.547179396841138 ], [ -1.072461889191599, 37.548103498281982 ], [ -1.092563341183987, 37.543012077666219 ], [ -1.110445944543158, 37.535897450595805 ], [ -1.115388924394034, 37.524980049323069 ], [ -1.106711249055069, 37.512700408332073 ], [ -1.158052333704993, 37.519224221526379 ], [ -1.156822081041897, 37.538024935206288 ], [ -1.169080671970391, 37.545575267795734 ], [ -1.197420423414795, 37.550823428345936 ], [ -1.237447576505835, 37.549969102171083 ], [ -1.258955032055081, 37.538931713531689 ], [ -1.266226704735503, 37.527195051793029 ], [ -1.296433804822258, 37.527386899358504 ], [ -1.321895644252189, 37.525049814090515 ], [ -1.414362323057937, 37.516555458240262 ], [ -1.438597885768227, 37.499999999942176 ], [ -1.452873629294167, 37.490312069609189 ], [ -1.482992853484883, 37.447749895407632 ], [ -1.482707259293099, 37.425722398566556 ], [ -1.500000000090646, 37.422489591030185 ], [ -1.593781511536706, 37.404955065100211 ], [ -1.658106157193769, 37.37385393408907 ], [ -1.731284229981812, 37.338432794501877 ], [ -1.810240096895749, 37.275640438989953 ], [ -1.899147830208845, 37.119142482916374 ], [ -1.90758384975322, 37.051022900118433 ], [ -1.926018894554234, 37.000000000102617 ], [ -1.94150367612944, 36.957399441245094 ], [ -1.977444632843228, 36.94149651323702 ], [ -2.000000000120858, 36.889363093626642 ], [ -2.000204310254114, 36.888890697029673 ], [ -2.013956778838839, 36.809948126643334 ], [ -2.049875766354003, 36.806838059364608 ], [ -2.066132678662016, 36.785064018845134 ], [ -2.074502791508942, 36.761597372958214 ], [ -2.095482995275218, 36.748035564766276 ], [ -2.135246522474765, 36.738036529847435 ], [ -2.179579561234049, 36.773488045932922 ], [ -2.259018741533761, 36.850228487129229 ], [ -2.312842301606685, 36.857990289220766 ], [ -2.420775015046019, 36.827007794380883 ], [ -2.457924256122577, 36.831523968439022 ], [ -2.500000000151079, 36.843838215586693 ], [ -2.50023616454431, 36.843907327581945 ], [ -2.538967159173164, 36.831819247474954 ], [ -2.58692504922419, 36.800878188227699 ], [ -2.594658066990132, 36.760745484244161 ], [ -2.607356032907187, 36.749148419690542 ], [ -2.635388221859597, 36.716573295289059 ], [ -2.7009650893783, 36.690684136386217 ], [ -2.784204871863515, 36.681112664936649 ], [ -2.860634326753881, 36.685515690941422 ], [ -2.942138574889988, 36.72330512263693 ], [ -2.993655410433638, 36.731427750420814 ], [ -3.000000000181255, 36.732116530863969 ], [ -3.092822573536275, 36.742192809705159 ], [ -3.296099878694136, 36.736958293851714 ], [ -3.376198123273402, 36.71885209430647 ], [ -3.448739100980506, 36.72551414545665 ], [ -3.493225920536612, 36.748957148524987 ], [ -3.500000000211477, 36.747821032507126 ], [ -3.543095096728841, 36.74059292965331 ], [ -3.599489005425919, 36.758328850569896 ], [ -3.664999967145496, 36.728349254453853 ], [ -3.734333499350841, 36.750365585808005 ], [ -3.827832711625642, 36.754434257906496 ], [ -3.923375022538212, 36.747079192308213 ], [ -3.989237485146961, 36.722017945727309 ], [ -4.000000000241688, 36.723593102886156 ], [ -4.109275007819571, 36.739584291846391 ], [ -4.163823537971174, 36.707422621760031 ], [ -4.248249635620652, 36.700532796546305 ], [ -4.340979940317866, 36.715860069075561 ], [ -4.422659938449438, 36.695260615250213 ], [ -4.442827296240968, 36.637207732518384 ], [ -4.500000000271902, 36.577828123843844 ], [ -4.501549898665898, 36.57621775573233 ], [ -4.542785336119743, 36.555214524942969 ], [ -4.597158116275918, 36.542522644512609 ], [ -4.634505075648196, 36.508289422619697 ], [ -4.717195367657304, 36.499999999919694 ], [ -4.814781047600572, 36.490279737723206 ], [ -4.884641831588913, 36.499206201962004 ], [ -4.971638279659129, 36.477520892573807 ], [ -5.000000000302123, 36.461095387611437 ], [ -5.003162624362763, 36.459263045637762 ], [ -5.096569869813675, 36.443550542911744 ], [ -5.136871373782396, 36.420895304977144 ], [ -5.195050491867171, 36.402519890138187 ], [ -5.21573932976599, 36.38816701280394 ], [ -5.248705300719046, 36.335592194958849 ], [ -5.272886202740954, 36.250386021403841 ], [ -5.294651210672022, 36.221881936184474 ], [ -5.369653736649311, 36.112899514921367 ], [ -5.37439767408773, 36.095252314637307 ], [ -5.37092757107839, 36.075544744124898 ], [ -5.37593506074645, 36.054664269381661 ], [ -5.382831340046043, 36.053688084052013 ], [ -5.386850508628408, 36.063170512969386 ], [ -5.393109870713479, 36.077810235498482 ], [ -5.387970605379762, 36.090304109518208 ], [ -5.391330893837194, 36.099398807880725 ], [ -5.41735666056819, 36.109764075665588 ], [ -5.449773565049909, 36.106889811667372 ], [ -5.474108205647867, 36.089223825650265 ], [ -5.475887182524143, 36.059806474433344 ], [ -5.45713106007763, 36.048440876368858 ], [ -5.456450217042337, 36.036289012543413 ], [ -5.500000000332335, 36.0223538592818 ], [ -5.555304204979047, 36.004653916250355 ], [ -5.577376690960526, 36.027343892644886 ], [ -5.616843612419589, 36.046331434564827 ], [ -5.651808186657798, 36.052851343422859 ], [ -5.680711063207728, 36.04809221281436 ], [ -5.72182518587739, 36.058656044347991 ], [ -5.756350506399537, 36.064042001941118 ], [ -5.79974874659605, 36.088945040191284 ], [ -5.823380582146649, 36.086139706906295 ], [ -5.840731093600064, 36.100844802023389 ], [ -5.863660123204961, 36.11239436929926 ], [ -5.895571886137806, 36.141252086453257 ], [ -5.922344383736934, 36.152203721999726 ], [ -5.957858024446488, 36.156886859520306 ], [ -6.000000000362556, 36.154879713573102 ], [ -6.00391374805304, 36.154693306051712 ], [ -6.022560056845933, 36.162614180000027 ], [ -6.04412740127854, 36.219811982253503 ], [ -6.088470036739987, 36.270640330143848 ], [ -6.122094887817972, 36.277245739639262 ], [ -6.138544928928936, 36.315076916834094 ], [ -6.21036286703688, 36.422231211964416 ], [ -6.248226514004394, 36.452759915871603 ], [ -6.266938710630134, 36.479219883164767 ], [ -6.270211149242654, 36.483865909272318 ], [ -6.284201163829544, 36.499999999919694 ], [ -6.299114025792611, 36.517306990370699 ], [ -6.281478000097453, 36.520847447664657 ], [ -6.265626933160085, 36.499999999919694 ], [ -6.241571824922357, 36.468557230332642 ], [ -6.220268032719389, 36.460875736467557 ], [ -6.209023143876656, 36.469372152453651 ], [ -6.196021241966345, 36.485928793884341 ], [ -6.205607767132749, 36.499999999919694 ], [ -6.208869405300599, 36.504818161067121 ], [ -6.221172863484256, 36.499999999919694 ], [ -6.227801229233541, 36.497420991993756 ], [ -6.229330871516177, 36.499999999919694 ], [ -6.236652185997507, 36.512423332955038 ], [ -6.226175990933287, 36.540325759548026 ], [ -6.225582999539528, 36.563843105199609 ], [ -6.252992414353186, 36.566265905350534 ], [ -6.262809728394187, 36.595594878889514 ], [ -6.286441563944751, 36.60481123071159 ], [ -6.341567871622496, 36.611291630042189 ], [ -6.360697359053898, 36.606100386138436 ], [ -6.403414756215119, 36.656639041247253 ], [ -6.419271805932288, 36.684436712035314 ], [ -6.445956452788214, 36.718017122008789 ], [ -6.444023737335907, 36.736575691196684 ], [ -6.419820872403609, 36.745514192540057 ], [ -6.407236261298985, 36.768516440945085 ], [ -6.37637870638635, 36.776669007040319 ], [ -6.377081512332015, 36.797611354974379 ], [ -6.382352553331383, 36.826052415566643 ], [ -6.372008134831137, 36.868702701245816 ], [ -6.359752963788964, 36.887345976086472 ], [ -6.335594024677428, 36.900639957476194 ], [ -6.301244404743413, 36.906158183325097 ], [ -6.266279830505204, 36.901160562614415 ], [ -6.274230317825018, 36.909489747527125 ], [ -6.299399540932615, 36.913324334514137 ], [ -6.355623981553019, 36.901819989588887 ], [ -6.372908604275299, 36.890435386448779 ], [ -6.387184341513022, 36.868494370461221 ], [ -6.395244642486409, 36.832201371537224 ], [ -6.393136225547682, 36.808523418888669 ], [ -6.397638573666843, 36.800078869381636 ], [ -6.41501104713237, 36.796759869889108 ], [ -6.419974610979657, 36.791129402613699 ], [ -6.43446997462624, 36.823568373764466 ], [ -6.452193851064581, 36.895902292086568 ], [ -6.500000000392768, 36.96025721237546 ], [ -6.504486973845832, 36.966294602527867 ], [ -6.543074438353518, 37.000000000102617 ], [ -6.549159049369766, 37.005348770738244 ], [ -6.59051476135866, 37.024500747339452 ], [ -6.83219200681034, 37.120640454205322 ], [ -6.912114170814144, 37.150419494139086 ], [ -6.935196938995063, 37.15902012750098 ], [ -6.940380130149516, 37.190645949428081 ], [ -6.903109475474121, 37.2272156837723 ], [ -6.971830676455937, 37.217300823580942 ], [ -6.985601272144753, 37.240572574693118 ], [ -6.976684427547949, 37.1675675521183 ], [ -7.000000000422981, 37.172781756568597 ], [ -7.107757654671286, 37.196875549748071 ], [ -7.321718008157203, 37.18659121065474 ], [ -7.404716130356277, 37.148855441610479 ], [ -7.427160797343129, 37.205140280034975 ], [ -7.43941596838531, 37.260759905772787 ], [ -7.430718750197357, 37.315660606521561 ], [ -7.429137437717874, 37.377221537304671 ], [ -7.451715065248253, 37.440153749433499 ], [ -7.460746595960734, 37.499999999942176 ], [ -7.461290789969987, 37.503628910290594 ], [ -7.499999999554868, 37.530817588088325 ], [ -7.50345912065987, 37.533246728383503 ], [ -7.500691824494511, 37.53697863892517 ], [ -7.499999999554868, 37.537913037123715 ], [ -7.469395015865813, 37.579237225878259 ], [ -7.437856618816219, 37.633785456972625 ], [ -7.419737414482561, 37.679991804965987 ], [ -7.413148612335047, 37.718411156833461 ], [ -7.393777535584377, 37.752376754563763 ], [ -7.35591388861687, 37.775637509629341 ], [ -7.326571758350881, 37.809924101379217 ], [ -7.298503463412301, 37.874717168792714 ], [ -7.276321164675545, 37.940770881981216 ], [ -7.285918852307644, 37.96919009083765 ], [ -7.268853855994231, 37.984548145233937 ], [ -7.233634434201494, 37.999999999985143 ], [ -7.230221515248187, 38.001507507262282 ], [ -7.202175183219971, 38.005974012924277 ], [ -7.17147526108015, 37.999999999985143 ], [ -7.144523168696134, 37.99479082479975 ], [ -7.127748751325973, 37.999999999985143 ], [ -7.106242230922966, 38.006724218981425 ], [ -7.106110454358984, 38.018429924866787 ], [ -7.104045963241001, 38.029924454419813 ], [ -7.086761340518722, 38.043736414734248 ], [ -7.061855670539054, 38.043579475660053 ], [ -7.026407916764048, 38.011643985465398 ], [ -7.000000000422981, 38.012864729184628 ], [ -6.999613457152845, 38.012882597363983 ], [ -6.988456419053323, 38.031825498609663 ], [ -6.996341018540325, 38.077819087365832 ], [ -6.976113397267941, 38.104324508281145 ], [ -6.963287196844051, 38.139423602737125 ], [ -6.956434843365192, 38.176698833833122 ], [ -6.955182970948179, 38.183469338106107 ], [ -7.000000000422981, 38.180400283855242 ], [ -7.006268146234874, 38.179971033079852 ], [ -7.041562160535561, 38.173931273427186 ], [ -7.109624482290771, 38.201706510510036 ], [ -7.153835341188237, 38.24821827745145 ], [ -7.169362950842964, 38.276712348575337 ], [ -7.176083528656137, 38.289052224646767 ], [ -7.214408391351778, 38.310372629840849 ], [ -7.249746331473201, 38.349834320036415 ], [ -7.267975349460443, 38.401560200430978 ], [ -7.273070688973388, 38.429889471910194 ], [ -7.270479093396125, 38.487242302951657 ], [ -7.274856030413433, 38.499999999878447 ], [ -7.279813229696924, 38.514547719293752 ], [ -7.284557166237056, 38.528485484918136 ], [ -7.277485186349338, 38.585655899166873 ], [ -7.233845356833585, 38.641892323964399 ], [ -7.202175183219971, 38.633149676873686 ], [ -7.184099903808788, 38.614075831115279 ], [ -7.156734413917542, 38.575965088339096 ], [ -7.064535115961194, 38.572130231235235 ], [ -7.000000000422981, 38.648229514233719 ], [ -6.997856443186969, 38.650755782246584 ], [ -7.000000000422981, 38.660428359447572 ], [ -7.003061596353489, 38.674241212085008 ], [ -7.00879385397929, 38.718666436015262 ], [ -7.024519127132478, 38.740999042485157 ], [ -7.052675272814303, 38.769774065676465 ], [ -7.126623590771381, 38.793619780434824 ], [ -7.120188527199878, 38.814747453482347 ], [ -7.08471881231114, 38.823224546265344 ], [ -7.064622966704404, 38.845715178626726 ], [ -7.062646326329633, 38.869309611448216 ], [ -7.041078981897052, 38.883837354436849 ], [ -7.048721992064786, 38.911704185947514 ], [ -7.009913949832312, 38.949565269425456 ], [ -7.000000000422981, 38.959900503850072 ], [ -6.984634914867753, 38.975915511466148 ], [ -6.96036616210267, 38.999033174789602 ], [ -6.959907761694643, 38.999999999654428 ], [ -6.945299768176079, 39.031023387493605 ], [ -6.964912435144269, 39.065725675273704 ], [ -6.98452510121417, 39.090146472675578 ], [ -7.000000000422981, 39.091670276567527 ], [ -7.017798549319314, 39.093422848161531 ], [ -7.047074791752458, 39.082233742946315 ], [ -7.085531431012082, 39.084569311540356 ], [ -7.092186120094111, 39.10898353404923 ], [ -7.092559485977334, 39.143594942764715 ], [ -7.117399268124156, 39.156654681114098 ], [ -7.15036523907722, 39.168824157763773 ], [ -7.167232571892171, 39.194044252607469 ], [ -7.166266213716836, 39.227013288326397 ], [ -7.162269007146549, 39.256176565148849 ], [ -7.207116784156895, 39.282790207702647 ], [ -7.26779964797402, 39.324089825539751 ], [ -7.30287403496748, 39.363351181388566 ], [ -7.323233432803846, 39.398200652564462 ], [ -7.313921259413419, 39.420475681796283 ], [ -7.31930211406636, 39.451222167327948 ], [ -7.34528395497662, 39.463426791431779 ], [ -7.374735898896194, 39.471764221389705 ], [ -7.40836074997418, 39.499993070041185 ], [ -7.408361512643847, 39.50000000024815 ], [ -7.411237859793113, 39.526322286153935 ], [ -7.449013656017409, 39.53633488643451 ], [ -7.454723950732836, 39.550339618795981 ], [ -7.467023047595789, 39.55865739431178 ], [ -7.497682938111621, 39.606765667791883 ], [ -7.499999999554868, 39.612506411793397 ], [ -7.510179698473033, 39.637721910465523 ], [ -7.515318963806751, 39.651549281620696 ], [ -7.512068488104595, 39.668002659625863 ], [ -7.510948392251537, 39.67372994606491 ], [ -7.499999999554868, 39.674515518312575 ], [ -7.479409995201942, 39.675992875111447 ], [ -7.418880869960847, 39.670561718475206 ], [ -7.35413491263892, 39.671623613499406 ], [ -7.224796735672797, 39.679526377099315 ], [ -7.134508190258338, 39.670631352088535 ], [ -7.07257345402421, 39.675766585569306 ], [ -7.000000000422981, 39.701010188335104 ], [ -6.998822800463933, 39.701419583274209 ], [ -6.985249869171938, 39.749045307449002 ], [ -6.978419478603452, 39.774392735951572 ], [ -6.990191471007161, 39.794500566764249 ], [ -6.981296588422386, 39.812952151735452 ], [ -6.924347378945917, 39.828689389208634 ], [ -6.89678422555621, 39.848781219427806 ], [ -6.892962720472343, 39.907425166409773 ], [ -6.867200505970987, 39.948614024361532 ], [ -6.833309331360719, 40.00000000026855 ], [ -6.831423313031801, 40.002669685280409 ], [ -6.84908130163733, 40.088270279112898 ], [ -6.901879565069157, 40.134840977111992 ], [ -6.980110603838219, 40.154764640234283 ], [ -7.000000000422981, 40.16848433877999 ], [ -7.007278429332645, 40.173504297938017 ], [ -7.017688736564028, 40.211709935845064 ], [ -7.011934516027864, 40.25626113286323 ], [ -7.00464290883298, 40.273892857155033 ], [ -7.000000000422981, 40.275459837413607 ], [ -6.976376949497572, 40.283432040988387 ], [ -6.97161105004707, 40.301298247429088 ], [ -6.907436121208526, 40.316309268356676 ], [ -6.897135628529061, 40.352115971697927 ], [ -6.82615227203247, 40.338529710738584 ], [ -6.83788033861537, 40.362947589298003 ], [ -6.820354126573823, 40.392456053413675 ], [ -6.853188320962904, 40.430521059333145 ], [ -6.857866370568485, 40.466475519575162 ], [ -6.81681813573167, 40.484116167683304 ], [ -6.795479171790375, 40.499999999920512 ], [ -6.794613874084505, 40.500648866963374 ], [ -6.794262471111654, 40.529752365954671 ], [ -6.821013006698752, 40.548123559614126 ], [ -6.82670133850378, 40.572535155718334 ], [ -6.818926552670397, 40.593690002139446 ], [ -6.810317185225663, 40.614337349552081 ], [ -6.795228829286987, 40.640403922414642 ], [ -6.795947413606422, 40.663119944523615 ], [ -6.804870251291518, 40.668200231101039 ], [ -6.814797570434451, 40.731733546789577 ], [ -6.825317690421119, 40.796281920614 ], [ -6.802981652210008, 40.841033787352231 ], [ -6.803904084564532, 40.860928044730372 ], [ -6.817411128023753, 40.876005683244536 ], [ -6.846753258289735, 40.908225147506066 ], [ -6.913629595460788, 40.960983918421093 ], [ -6.940213760362276, 40.999999999862673 ], [ -6.953755397044755, 41.020017771363904 ], [ -6.874645851741893, 41.026795760173435 ], [ -6.822177027474212, 41.046349308911715 ], [ -6.807549888162005, 41.093955256057882 ], [ -6.79775453613308, 41.115621021510421 ], [ -6.778712899444888, 41.124892608012694 ], [ -6.75512498971507, 41.131998853701106 ], [ -6.724179584059224, 41.145369413146923 ], [ -6.689017346322556, 41.174829849893506 ], [ -6.660202320515801, 41.213164921373696 ], [ -6.624710641818356, 41.230292221299848 ], [ -6.597279264094299, 41.227599244406321 ], [ -6.549686153829001, 41.238983161056538 ], [ -6.501741639692556, 41.259327338966862 ], [ -6.500000000392768, 41.259357591379562 ], [ -6.453489649302365, 41.260165472469296 ], [ -6.40818065656391, 41.279874601686267 ], [ -6.376510482950297, 41.295550600229511 ], [ -6.365353444850783, 41.339915806551936 ], [ -6.352373505850871, 41.340897777020544 ], [ -6.334320189350051, 41.33478034001952 ], [ -6.317123417370955, 41.33751715994697 ], [ -6.282049029479173, 41.378619903223886 ], [ -6.273088259061589, 41.412525251717305 ], [ -6.250708295928038, 41.457276163755672 ], [ -6.226604701122841, 41.499999999681769 ], [ -6.224309164212125, 41.504099143221239 ], [ -6.185193644827606, 41.558513820631475 ], [ -6.14566083463739, 41.579400422215514 ], [ -6.169424445853638, 41.598712856120478 ], [ -6.19740489094734, 41.627727121031171 ], [ -6.209374546849507, 41.663653618205771 ], [ -6.263710197838349, 41.69034724712283 ], [ -6.348420225101354, 41.708851938323555 ], [ -6.406884858326134, 41.70080216928492 ], [ -6.455729841906741, 41.690669955766282 ], [ -6.469039220969132, 41.673773978778215 ], [ -6.500000000392768, 41.677956671850751 ], [ -6.500577618018763, 41.678034703946238 ], [ -6.538441264986269, 41.69368720010479 ], [ -6.522913656229874, 41.710723081595489 ], [ -6.547621661812713, 41.728173690564297 ], [ -6.525044035180668, 41.753002738051819 ], [ -6.507671561715178, 41.826465789192113 ], [ -6.508901471221781, 41.865289576560365 ], [ -6.534378170583169, 41.875571006072995 ], [ -6.519970657679797, 41.915442034843096 ], [ -6.52728422778508, 41.944971271148503 ], [ -6.5284043236381, 41.949535258504163 ], [ -6.552914666620786, 41.984975305401406 ], [ -6.578281552328555, 41.963032450444793 ], [ -6.617375109700998, 41.956557371306808 ], [ -6.663826161202875, 41.95907999956431 ], [ -6.700481860675824, 41.961618593699313 ], [ -6.711946375927416, 41.991945306675134 ], [ -6.758551166005351, 41.98942398947181 ], [ -6.761340425979371, 41.959578086347172 ], [ -6.809943819342439, 41.949647747220325 ], [ -6.895883756112058, 41.939442620169004 ], [ -6.939765174947071, 41.950210186460311 ], [ -6.951844644502821, 41.969876354517943 ], [ -6.972533482401639, 41.974133338737772 ], [ -6.974312458379582, 41.974502799478991 ], [ -7.000000000422981, 41.963436752344265 ], [ -7.010484980112356, 41.958919325485333 ], [ -7.048392552002309, 41.957441106016752 ], [ -7.072793080433077, 41.98364224573465 ], [ -7.114763747624489, 41.990772986918422 ], [ -7.149442806722658, 41.980783299054693 ], [ -7.155570392243749, 41.961811394451338 ], [ -7.151177857778171, 41.937096011587819 ], [ -7.157129742711165, 41.89128759202891 ], [ -7.18388027739992, 41.862022983784797 ], [ -7.24629819137426, 41.846701545764063 ], [ -7.302303005585761, 41.838894558821963 ], [ -7.36507232343124, 41.854201786830743 ], [ -7.394941557258205, 41.837751599950678 ], [ -7.427665938892003, 41.823342115005296 ], [ -7.469834269581875, 41.865321759066127 ], [ -7.49790256452049, 41.869231792924936 ], [ -7.499999999554868, 41.863735046144065 ], [ -7.505743239085017, 41.848681309376815 ], [ -7.530319469002207, 41.836882293878816 ], [ -7.555862057094703, 41.834547985692495 ], [ -7.584896709310318, 41.84448027391236 ], [ -7.578681273046017, 41.864581561334035 ], [ -7.553534013747108, 41.880880012152403 ], [ -7.575408835331795, 41.886655062580722 ], [ -7.632533745396351, 41.885850769582724 ], [ -7.707733935770432, 41.912338816797572 ], [ -7.810541204456695, 41.899731436690011 ], [ -7.873398372147054, 41.887797141795765 ], [ -7.886971303439083, 41.870422454754092 ], [ -7.906166678703323, 41.876198457290265 ], [ -7.917301753892448, 41.898010591957792 ], [ -7.9017082564049, 41.918496867293349 ], [ -7.895404969397388, 41.937996090595135 ], [ -7.914929785622414, 41.938880084557397 ], [ -7.935684510455736, 41.928914347421788 ], [ -7.947917719485841, 41.902787026619556 ], [ -7.975129469902705, 41.906533944184311 ], [ -7.999090745515737, 41.897608518416618 ], [ -7.999999999585081, 41.895951133867641 ], [ -8.012246386002106, 41.87362425931596 ], [ -8.063111934879934, 41.838282837216326 ], [ -8.080637994207866, 41.836735760022592 ], [ -8.103962505319956, 41.834676777285075 ], [ -8.134358843606156, 41.844737816562208 ], [ -8.122740589778507, 41.878064686027081 ], [ -8.144725225016803, 41.886896348692368 ], [ -8.157924791323909, 41.892188322752311 ], [ -8.183862707311693, 41.900229990535934 ], [ -8.172925296519365, 41.947430079760416 ], [ -8.145911209600968, 41.976269755077134 ], [ -8.10262278215974, 41.999829796093366 ], [ -8.102388082918711, 41.999999999713268 ], [ -8.08358114547155, 42.013745694572748 ], [ -8.070491392818028, 42.026527442913377 ], [ -8.073082988395255, 42.04766827313108 ], [ -8.096253607319383, 42.064064923640387 ], [ -8.155552822155549, 42.058373472953313 ], [ -8.172793519955382, 42.073845904506797 ], [ -8.185883272608912, 42.09380732424254 ], [ -8.195612736804991, 42.144983073091225 ], [ -8.215466992194161, 42.134341042435921 ], [ -8.24882829104248, 42.123567986855875 ], [ -8.31353032344197, 42.102824255894781 ], [ -8.347111249597507, 42.095245595251995 ], [ -8.386512284122039, 42.087051860091094 ], [ -8.403928682509994, 42.079131851603286 ], [ -8.499999999615302, 42.078622192061211 ], [ -8.507526607885133, 42.078582263204588 ], [ -8.53225657637838, 42.058987915990073 ], [ -8.581365112188628, 42.045679040302971 ], [ -8.638050768537132, 42.052164031903729 ], [ -8.670511598839621, 42.033887908624934 ], [ -8.696316156330226, 41.999999999713268 ], [ -8.701017749881109, 41.993872360360641 ], [ -8.739584202794306, 41.986292277416858 ], [ -8.772220733684893, 41.984895001979481 ], [ -8.800684356518797, 41.95361685594618 ], [ -8.886338779046699, 41.903816245299517 ], [ -8.908050830393471, 41.999999999713268 ], [ -8.930110384228128, 42.09834827048789 ], [ -8.901119656934988, 42.116088753964014 ], [ -8.868263499635507, 42.104343109983489 ], [ -8.850276070967535, 42.118140381298865 ], [ -8.863717226593907, 42.145160694039376 ], [ -8.759855748989137, 42.232376480577379 ], [ -8.620458668662772, 42.294233345139432 ], [ -8.626256814121385, 42.349269619153965 ], [ -8.652062953545215, 42.341028537352571 ], [ -8.666712055767819, 42.294233345139432 ], [ -8.777425886851448, 42.24695171007609 ], [ -8.846674192292538, 42.227990350215684 ], [ -8.889084112301678, 42.233553588716717 ], [ -8.932087024602875, 42.252513264846677 ], [ -8.925893551248981, 42.264601897321249 ], [ -8.902920595823312, 42.266697023014643 ], [ -8.881133624981837, 42.250707828650292 ], [ -8.859720020023619, 42.247709400248993 ], [ -8.876213986955321, 42.262039302141638 ], [ -8.885570085268187, 42.289013815096119 ], [ -8.886536442545196, 42.310469095999018 ], [ -8.828247510806801, 42.317377674964789 ], [ -8.79321704873578, 42.357364778798633 ], [ -8.755265551025065, 42.366392136553166 ], [ -8.746392631350691, 42.396666885165686 ], [ -8.791020781053843, 42.402713637832235 ], [ -8.834990050632074, 42.387048766371031 ], [ -8.869778923383855, 42.364284261235532 ], [ -8.903623401769007, 42.368210323475076 ], [ -8.935183761729009, 42.38106483944042 ], [ -8.913638380206802, 42.413503059967859 ], [ -8.918733720618045, 42.436506745524127 ], [ -8.94873473011066, 42.438547891447243 ], [ -8.951545952096755, 42.446647527683737 ], [ -8.936018343340351, 42.458104140533656 ], [ -8.890204209053032, 42.484367644880862 ], [ -8.889611216760922, 42.466667101622583 ], [ -8.882121945169246, 42.438258599169465 ], [ -8.851308316077345, 42.438772895843918 ], [ -8.845576059349879, 42.48594149595322 ], [ -8.85828695022728, 42.499999999702688 ], [ -8.860225161572492, 42.502160756501262 ], [ -8.850078406570741, 42.536512338110974 ], [ -8.807646523651229, 42.559171050205066 ], [ -8.769343623865959, 42.598387739854623 ], [ -8.811094663750179, 42.594024374077456 ], [ -8.818979263237171, 42.62008687283366 ], [ -8.835231639951308, 42.638855406153084 ], [ -8.870701355738388, 42.638564715162346 ], [ -8.882341572476403, 42.575840370899066 ], [ -8.916054274297606, 42.576454672797794 ], [ -8.916515490025734, 42.605497751135289 ], [ -8.969138052869438, 42.589935459437704 ], [ -8.972168902162725, 42.561822920047568 ], [ -8.999999999645505, 42.55622874182059 ], [ -9.000808226483041, 42.556066277142435 ], [ -9.011943300773867, 42.513651155231599 ], [ -9.049367694923644, 42.512356568904423 ], [ -9.069112136659204, 42.554125715542192 ], [ -9.099772027175037, 42.573205267090032 ], [ -9.097048655932143, 42.597789815716951 ], [ -9.088505176320238, 42.612057626864534 ], [ -9.073307007626296, 42.620393804937407 ], [ -9.050421902943855, 42.689011429066511 ], [ -9.016709201122669, 42.730613036197411 ], [ -8.999999999645505, 42.739029348273966 ], [ -8.995581110406121, 42.741254920994621 ], [ -8.971048805411371, 42.746317232463376 ], [ -8.943266024714463, 42.772379931075463 ], [ -8.915593057671174, 42.787864034477053 ], [ -8.900197224580428, 42.793341346627635 ], [ -8.856820947294288, 42.817580646362458 ], [ -8.845949424334767, 42.835403712208887 ], [ -8.870042475613459, 42.827708389231155 ], [ -8.926398692797845, 42.797046310630513 ], [ -8.940520691459511, 42.795757653012046 ], [ -8.965294584875206, 42.802136245096996 ], [ -8.987169406459875, 42.792229814058935 ], [ -8.999999999645505, 42.782479817872101 ], [ -9.019564348031221, 42.767609848193906 ], [ -9.038737761283386, 42.769833784419134 ], [ -9.07001260700169, 42.791682094905738 ], [ -9.086506573035093, 42.791665985561771 ], [ -9.096148186487973, 42.783191823061607 ], [ -9.109721117779994, 42.746462324024137 ], [ -9.145059057901417, 42.729661626325949 ], [ -9.160894144708216, 42.736014828885814 ], [ -9.184152614375563, 42.776102272242966 ], [ -9.179518490590736, 42.790586641952757 ], [ -9.149341778713405, 42.811461327224904 ], [ -9.169437623421805, 42.838848586528016 ], [ -9.157446004609255, 42.873479741570151 ], [ -9.170931085158069, 42.904023234684246 ], [ -9.202535370938834, 42.917432466690073 ], [ -9.241101822953716, 42.899826217108924 ], [ -9.267522918478328, 42.909490183006035 ], [ -9.288738859039768, 42.883099609297588 ], [ -9.301433283798001, 42.922769617126001 ], [ -9.256058403226726, 42.995305413062063 ], [ -9.258141176857361, 43.00000000005209 ], [ -9.271871527123142, 43.031193838733088 ], [ -9.245999498968176, 43.034785380947788 ], [ -9.233590589349955, 43.080922708578882 ], [ -9.208597068627096, 43.103307647909361 ], [ -9.180396997124525, 43.106442497838728 ], [ -9.152460477851587, 43.118657173520624 ], [ -9.148682898588483, 43.137410645389522 ], [ -9.189379730452483, 43.137814403620901 ], [ -9.192783944730678, 43.156561959245082 ], [ -9.142203910094551, 43.165764066696852 ], [ -9.041900386242331, 43.178095929461946 ], [ -9.03157792975415, 43.205301087891989 ], [ -8.999999999645505, 43.222942246898846 ], [ -8.993494656377768, 43.226575849388887 ], [ -8.961143640627187, 43.233139031220546 ], [ -8.924773455395925, 43.233413153699168 ], [ -8.92055662151847, 43.245860224568077 ], [ -8.944627710785085, 43.2546457984554 ], [ -8.969225903612648, 43.263607380402007 ], [ -8.99312129139286, 43.281397663527741 ], [ -8.980888082362744, 43.301405471881083 ], [ -8.930901040917005, 43.30510989373564 ], [ -8.909377621406872, 43.326333459982862 ], [ -8.879771939809547, 43.321905790189895 ], [ -8.858512072529056, 43.342109420560497 ], [ -8.803451653582444, 43.312598574689957 ], [ -8.739562239883906, 43.308411469659049 ], [ -8.658322315630288, 43.316318412580785 ], [ -8.607698356071692, 43.330358331956631 ], [ -8.553296816351716, 43.321744777748535 ], [ -8.514444849196801, 43.339695000456814 ], [ -8.499999999615302, 43.372083114067834 ], [ -8.498016770996244, 43.376528533766709 ], [ -8.475307367800209, 43.362547638086376 ], [ -8.456002178882384, 43.368581219157022 ], [ -8.440430644305218, 43.391664140836681 ], [ -8.425627802608259, 43.383815331939843 ], [ -8.419082926281506, 43.382142502579235 ], [ -8.400304841822928, 43.350221164502884 ], [ -8.372917389919644, 43.35076834630398 ], [ -8.367756161675553, 43.384362208630733 ], [ -8.352909395056118, 43.394092560860507 ], [ -8.29973776574108, 43.384764320212405 ], [ -8.282672769427668, 43.360101854130512 ], [ -8.255109616037952, 43.34553773153992 ], [ -8.243842765183153, 43.344877836855936 ], [ -8.233146943710064, 43.33605709063437 ], [ -8.224603464098141, 43.33876139827052 ], [ -8.253330639161677, 43.38944470471462 ], [ -8.238813312604721, 43.410638588696528 ], [ -8.21370997822825, 43.418499974749444 ], [ -8.157683202004639, 43.423434920957142 ], [ -8.146877566877968, 43.436099964139714 ], [ -8.220716071181462, 43.438108767588794 ], [ -8.257986725856885, 43.436292812242662 ], [ -8.287768108940604, 43.426649651507027 ], [ -8.310433587214167, 43.433962523268271 ], [ -8.318449962366818, 43.438462309605661 ], [ -8.319350431810982, 43.449983440927248 ], [ -8.30360319574741, 43.451847182099563 ], [ -8.284627446892038, 43.457839681681371 ], [ -8.271010590677569, 43.453421677242538 ], [ -8.255658682509264, 43.454224974479217 ], [ -8.244150242335232, 43.462851715409521 ], [ -8.227019358188976, 43.468762806916175 ], [ -8.195788438291421, 43.497057303760506 ], [ -8.202093240756801, 43.499999999890157 ], [ -8.204112290596154, 43.50095023058465 ], [ -8.205516236112659, 43.499999999890157 ], [ -8.238242283223002, 43.478029840730969 ], [ -8.249443246244962, 43.476680829709643 ], [ -8.263301692676997, 43.470465350245931 ], [ -8.268023667205053, 43.488066174594074 ], [ -8.279927435274384, 43.488692386520093 ], [ -8.286362497947545, 43.470529596020903 ], [ -8.303778897233805, 43.465598517496609 ], [ -8.310982653685514, 43.465887647694494 ], [ -8.324665398631119, 43.467750895239845 ], [ -8.334900004376072, 43.460393943637222 ], [ -8.340017306799426, 43.462434061913598 ], [ -8.329497186812759, 43.473886352879042 ], [ -8.338414031409561, 43.486894017437244 ], [ -8.338084591347084, 43.497603149938975 ], [ -8.335002963884074, 43.499999999890157 ], [ -8.331913080903556, 43.502423301026219 ], [ -8.315616777470323, 43.504025831445119 ], [ -8.323786892097329, 43.521035909193131 ], [ -8.336700943264422, 43.528107184662666 ], [ -8.328069612909324, 43.533818612337996 ], [ -8.303339643517781, 43.532718436420701 ], [ -8.211447823611799, 43.573411486471095 ], [ -8.089576955326981, 43.639325245422185 ], [ -8.044729178316635, 43.645026056466548 ], [ -8.018549673009618, 43.661899202058258 ], [ -8.008380955995765, 43.676330428632234 ], [ -7.999999999585081, 43.677689051134806 ], [ -7.994939800369427, 43.678509337032054 ], [ -7.925998972080391, 43.698599959211592 ], [ -7.915149412031273, 43.705359857529977 ], [ -7.910273698927195, 43.70556957935564 ], [ -7.908977901587744, 43.688837892759786 ], [ -7.906496118765776, 43.685223101887523 ], [ -7.913590062462189, 43.679493854793677 ], [ -7.934564414602677, 43.654520815581115 ], [ -7.947258838462614, 43.634108445712201 ], [ -7.934169085809092, 43.63186330454014 ], [ -7.912843331594058, 43.63255785381174 ], [ -7.893582067598675, 43.641893100664902 ], [ -7.889123645300285, 43.653051487599434 ], [ -7.850161864491788, 43.65083935352289 ], [ -7.841772124354211, 43.660704513870066 ], [ -7.843089884604062, 43.67729884241966 ], [ -7.799120615025839, 43.69169406814872 ], [ -7.747793849521587, 43.69543754762492 ], [ -7.717902652784249, 43.71929669913073 ], [ -7.705120377282833, 43.730247088705646 ], [ -7.687528276510123, 43.726425163555277 ], [ -7.70753627137364, 43.699616412818237 ], [ -7.735472790646569, 43.680462217167296 ], [ -7.732398016430842, 43.659009308329679 ], [ -7.717507324888961, 43.662092932845844 ], [ -7.707053092735139, 43.682092257946778 ], [ -7.668750192051564, 43.69453397060839 ], [ -7.66066792906611, 43.685093998435725 ], [ -7.639737501848024, 43.673376669732278 ], [ -7.635257116639273, 43.65413330416726 ], [ -7.640023016988065, 43.613753719976707 ], [ -7.632687483972409, 43.607128860361456 ], [ -7.619839321536451, 43.620668643641913 ], [ -7.608067329132771, 43.644315503409729 ], [ -7.622123439063268, 43.660349331789746 ], [ -7.610878551118867, 43.66940581255794 ], [ -7.601873854880519, 43.682415032641252 ], [ -7.578505571559587, 43.68264097447355 ], [ -7.557904585302286, 43.698002985955021 ], [ -7.530890498383918, 43.697454410940338 ], [ -7.499999999554868, 43.686784303129159 ], [ -7.498890884707862, 43.686401160485616 ], [ -7.492587597700351, 43.66721042857332 ], [ -7.469746418838666, 43.666774570508508 ], [ -7.438120171045823, 43.658508809411892 ], [ -7.424986492571565, 43.645026056466548 ], [ -7.40344111104933, 43.617970626204787 ], [ -7.357714827505221, 43.589254232684425 ], [ -7.299909074405328, 43.551515724254607 ], [ -7.26696506636267, 43.536196864769956 ], [ -7.268612266674965, 43.521456649400918 ], [ -7.261847763939362, 43.513235502268564 ], [ -7.24895567478429, 43.52017823809031 ], [ -7.239445837895403, 43.531796214603283 ], [ -7.205008368116467, 43.539691268925488 ], [ -7.186757387218861, 43.533090556969263 ], [ -7.165563408669469, 43.538817686842719 ], [ -7.130730610096955, 43.532103623235891 ], [ -7.110678690310991, 43.537960270343937 ], [ -7.042177115738008, 43.530162067199626 ], [ -7.030888913725562, 43.499999999890157 ], [ -7.029372878224489, 43.495981650139171 ], [ -7.028450445869964, 43.496944922990352 ], [ -7.025548940502851, 43.499999999890157 ], [ -7.000000000422981, 43.52711967269984 ], [ -6.999679344985683, 43.527459963124407 ], [ -6.951625018093952, 43.527443782610767 ], [ -6.920240359620379, 43.539658913849351 ], [ -6.881805683271154, 43.538979462360963 ], [ -6.845215870732692, 43.524369383475118 ], [ -6.817718605175823, 43.537685247282681 ], [ -6.762526409665239, 43.545223657926343 ], [ -6.717041716338696, 43.532686078230171 ], [ -6.674829459828042, 43.540710431476498 ], [ -6.630069533560943, 43.541713400019887 ], [ -6.596203093163717, 43.547747034106216 ], [ -6.536859952506814, 43.535776228749732 ], [ -6.500000000392768, 43.536055530105436 ], [ -6.477077559032147, 43.536229221716937 ], [ -6.44011438150883, 43.546905920097075 ], [ -6.328236528751408, 43.545417767462496 ], [ -6.241330234704791, 43.56227055318741 ], [ -6.180735222529182, 43.548669010254955 ], [ -6.111311215601673, 43.544366332516411 ], [ -6.115066832852693, 43.521974479345964 ], [ -6.093388342564946, 43.499999999890157 ], [ -6.093016309781622, 43.499625950021631 ], [ -6.092935053570904, 43.499999999890157 ], [ -6.080255997190542, 43.558825983893797 ], [ -6.000000000362556, 43.563778609403556 ], [ -5.96495196724458, 43.565941307468748 ], [ -5.947096315140552, 43.588898625217347 ], [ -5.911297159290994, 43.596931604290859 ], [ -5.890915799442587, 43.617776752094912 ], [ -5.865043771287613, 43.602103172095639 ], [ -5.822062821896798, 43.58573039298944 ], [ -5.79247910231154, 43.565132790502723 ], [ -5.658045585832472, 43.541373686570672 ], [ -5.56384768459097, 43.547407354896691 ], [ -5.500000000332335, 43.542094010702769 ], [ -5.436530073820364, 43.536811635930569 ], [ -5.4121954323241, 43.519191091580886 ], [ -5.314747056278748, 43.517799349532815 ], [ -5.300546304112745, 43.499999999890157 ], [ -5.292213354569151, 43.489639719820218 ], [ -5.245015571300836, 43.47793348408711 ], [ -5.15681347991474, 43.478656157433917 ], [ -5.086532928465517, 43.470947193190085 ], [ -5.060023983096021, 43.458128848595237 ], [ -5.000000000302123, 43.454297779832061 ], [ -4.973681377398611, 43.452618368605528 ], [ -4.879654914239175, 43.431503569054883 ], [ -4.613898341969725, 43.400750110747687 ], [ -4.587347425513506, 43.400324784935655 ], [ -4.500000000271902, 43.398925523324898 ], [ -4.365958465463698, 43.39677818330096 ], [ -4.213099555683002, 43.410220572110184 ], [ -4.000000000241688, 43.447738999108353 ], [ -3.989347329343272, 43.449613899354887 ], [ -3.949320175353908, 43.476905666986113 ], [ -3.851009795724843, 43.483216827692409 ], [ -3.851822641699588, 43.462562570588425 ], [ -3.867684114721244, 43.437337394777117 ], [ -3.845144126601278, 43.422920547721432 ], [ -3.834621070920262, 43.443716991280091 ], [ -3.808566074806552, 43.463108731350204 ], [ -3.798658145906201, 43.484742326937912 ], [ -3.746570121080719, 43.478142256946967 ], [ -3.592744584528448, 43.484758384893844 ], [ -3.550784176097624, 43.498293478330069 ], [ -3.515458346164538, 43.491036607636488 ], [ -3.500000000211477, 43.484735722570889 ], [ -3.482131676472098, 43.47745169658392 ], [ -3.479978734536295, 43.465453952202573 ], [ -3.500000000211477, 43.463844359483566 ], [ -3.507351859209115, 43.463253302292372 ], [ -3.505572386462802, 43.442335070420043 ], [ -3.500000000211477, 43.441777678917596 ], [ -3.482439239862426, 43.440021085714029 ], [ -3.484152805911289, 43.425203043871868 ], [ -3.466995173529122, 43.412069469404422 ], [ -3.456889525434764, 43.442479691382083 ], [ -3.397881328818085, 43.444665034681655 ], [ -3.281117157446351, 43.431712503404057 ], [ -3.252601655108176, 43.400589308897146 ], [ -3.193154082604531, 43.376625053769111 ], [ -3.163123419724432, 43.370880741424607 ], [ -3.123600862006563, 43.36331996976778 ], [ -3.090010567320918, 43.371332331165426 ], [ -3.041547394685511, 43.345730870064791 ], [ -3.013427330735397, 43.327009657120271 ], [ -3.000000000181255, 43.321919670914461 ], [ -2.973927428529029, 43.312034942983061 ], [ -3.000000000181255, 43.349371784069334 ], [ -3.004134527717487, 43.355290450588711 ], [ -3.012065264677445, 43.371026658186651 ], [ -3.005606437971759, 43.393947823462078 ], [ -3.000000000181255, 43.399617226567777 ], [ -2.991150967608637, 43.408564555048677 ], [ -2.950618531933189, 43.411426381112108 ], [ -2.955913012673292, 43.420702264648618 ], [ -2.947301243133487, 43.434637512603345 ], [ -2.862589550393964, 43.430073150832683 ], [ -2.804262386357068, 43.445532722230361 ], [ -2.751669079845538, 43.428369462066662 ], [ -2.719111317730613, 43.437562379427767 ], [ -2.526620693246974, 43.379713600356901 ], [ -2.500000000151079, 43.381175812825362 ], [ -2.494700027111321, 43.381466923849679 ], [ -2.452190399495544, 43.358122627460354 ], [ -2.447928452224521, 43.355773217280507 ], [ -2.412296571664017, 43.339242169703617 ], [ -2.382571272200125, 43.325447951893189 ], [ -2.307767508360917, 43.309635422816562 ], [ -2.261303496864446, 43.31581922677924 ], [ -2.230920646782236, 43.329344089067042 ], [ -2.201658205166793, 43.32948898176538 ], [ -2.157017603915504, 43.319860902355209 ], [ -2.002225439693341, 43.355998507123402 ], [ -2.000000000120858, 43.355925003892573 ], [ -1.9281686151314, 43.353552457947067 ], [ -1.889547464698859, 43.37728460013831 ], [ -1.825091005646941, 43.402760095649114 ], [ -1.818610209742639, 43.386887426191208 ], [ -1.795933109964236, 43.372440472977189 ], [ -1.793011997967741, 43.373681638501445 ], [ -1.790575091384133, 43.37471704705893 ], [ -1.752484122140693, 43.36653791414912 ], [ -1.737556122666755, 43.355028584222225 ], [ -1.734887112973298, 43.352860465236382 ], [ -1.72798891038068, 43.340435432657074 ], [ -1.725770061747437, 43.336990734696656 ], [ -1.682535463154647, 43.348547401865844 ], [ -1.652833645652282, 43.342383048904495 ], [ -1.645869536362188, 43.333578036014202 ], [ -1.646001348858781, 43.323370982607607 ], [ -1.64595741135992, 43.302742311440852 ], [ -1.644068094417296, 43.301131657605474 ], [ -1.629898218245923, 43.289582012813995 ], [ -1.608610451089309, 43.288454314271057 ], [ -1.582203954086391, 43.288293212572775 ], [ -1.568978736386338, 43.297056511990839 ], [ -1.561004061927482, 43.308717460275432 ], [ -1.558982932488282, 43.312034942983061 ], [ -1.555665643688545, 43.321213434167696 ], [ -1.552633949080592, 43.330825199258157 ], [ -1.545867558984542, 43.348660061055817 ], [ -1.532905967175983, 43.352120184999364 ], [ -1.510409915656564, 43.348370366787876 ], [ -1.500000000090646, 43.346877309304212 ], [ -1.498964170702815, 43.346728741819469 ], [ -1.497931637233798, 43.346294186954296 ], [ -1.496305946182641, 43.342463527631409 ], [ -1.490989497142292, 43.333948290812145 ], [ -1.46381409166349, 43.331678431313534 ], [ -1.453444817677665, 43.32984316296136 ], [ -1.444437609749791, 43.326317359677617 ], [ -1.433563054077874, 43.324948841628739 ], [ -1.408013339650246, 43.289163155719493 ], [ -1.436309153595789, 43.247955982023662 ], [ -1.427455727363062, 43.216431349955243 ], [ -1.425983818007114, 43.197815240002306 ], [ -1.427675415755694, 43.136667724280642 ], [ -1.443778545470228, 43.12729967414402 ], [ -1.476621901776902, 43.111128311946288 ], [ -1.478027904435437, 43.099800949128429 ], [ -1.470141105872609, 43.079823452524785 ], [ -1.445184549027051, 43.055408381509295 ], [ -1.414691854748556, 43.037309040760775 ], [ -1.375455578433646, 43.038570830808908 ], [ -1.362340204031581, 43.065741517448352 ], [ -1.36231823573129, 43.083331303491356 ], [ -1.37176481954613, 43.094904160683676 ], [ -1.366711995498942, 43.105990055363847 ], [ -1.354387498771331, 43.1111444689219 ], [ -1.336307176218143, 43.111968488726426 ], [ -1.333714858395419, 43.093918290256369 ], [ -1.341140312770996, 43.070737662979084 ], [ -1.31044989929844, 43.062863293092306 ], [ -1.273322627420462, 43.051397552578294 ], [ -1.22762752350155, 43.042048708336523 ], [ -1.217390062910616, 43.031679194450163 ], [ -1.183711892328941, 43.023654146944565 ], [ -1.150604911029098, 43.014851267346288 ], [ -1.116882802948588, 43.029203839019452 ], [ -1.116091926172423, 43.031290909922163 ], [ -1.112313292287211, 43.026954899496928 ], [ -1.097660102730036, 43.012828367205586 ], [ -1.059654079078196, 43.002227273461699 ], [ -1.025712283503352, 43.007050594619791 ], [ -1.005868453063072, 43.00000000005209 ], [ -1.000000000060433, 42.997931780202499 ], [ -0.999108066408092, 42.997617430040556 ], [ -0.962793640504823, 42.968437852221165 ], [ -0.943966378674367, 42.963907905145717 ], [ -0.934190263168916, 42.962205072313004 ], [ -0.90752014027454, 42.959747126398305 ], [ -0.850884573986255, 42.959200902764202 ], [ -0.788097743484294, 42.970076260680557 ], [ -0.73073720711733, 42.979777308926984 ], [ -0.715359047481479, 42.962847656865087 ], [ -0.707669967214405, 42.941863797182776 ], [ -0.70835099979422, 42.937219381028648 ], [ -0.713403823841404, 42.902511698667553 ], [ -0.682383878678237, 42.868991025266432 ], [ -0.658393948604284, 42.866432792210297 ], [ -0.597386591746964, 42.823248524172236 ], [ -0.578493423219027, 42.80208792461368 ], [ -0.557930627039426, 42.791376014662461 ], [ -0.532029411722561, 42.794613947017268 ], [ -0.522121482822244, 42.813522639746409 ], [ -0.500000000030215, 42.81210144439472 ], [ -0.497055082678673, 42.811912245231248 ], [ -0.488684969831784, 42.795902628624653 ], [ -0.469572113809547, 42.786430186652751 ], [ -0.42820486385913, 42.776086158815041 ], [ -0.402215773544532, 42.803167066183136 ], [ -0.313198196035122, 42.796563067356566 ], [ -0.274313419711084, 42.795209965306121 ], [ -0.272841510355138, 42.795016662675117 ], [ -0.23503320589731, 42.77992106400437 ], [ -0.190502448842337, 42.792052611298772 ], [ -0.168841211597909, 42.783852398414403 ], [ -0.152935800179095, 42.787477381724678 ], [ -0.149860168970603, 42.772782793098386 ], [ -0.13397672585204, 42.754635285846639 ], [ -0.124112735348887, 42.740980834946768 ], [ -0.105724849405365, 42.723517424197119 ], [ -0.077780536349021, 42.695433362403982 ], [ -0.037709444860786, 42.661638104703705 ], [ 0.0, 42.65880198956026 ], [ 0.01659950729952, 42.657553661116559 ], [ 0.047733195347339, 42.687413909385882 ], [ 0.091808126565898, 42.691238204910611 ], [ 0.12674289290635, 42.700789840198652 ], [ 0.125534457626559, 42.738771978763054 ], [ 0.142101007534935, 42.744366518157108 ], [ 0.187120715802424, 42.731274176346908 ], [ 0.223263918320963, 42.70919470019161 ], [ 0.262592994197992, 42.689834377419253 ], [ 0.295550321561382, 42.680587678584558 ], [ 0.308733251967739, 42.703435639325221 ], [ 0.335824174487307, 42.718840324566528 ], [ 0.356741091941807, 42.725130135104735 ], [ 0.373109897503315, 42.69985410373679 ], [ 0.400881937942689, 42.69133501939875 ], [ 0.434542354221061, 42.675745921700816 ], [ 0.494898206121959, 42.681281632110277 ], [ 0.500000000030215, 42.681207357914062 ], [ 0.541455922682355, 42.68060381701941 ], [ 0.594583133899852, 42.675423124795032 ], [ 0.644502498068693, 42.663769011811887 ], [ 0.667968114748989, 42.664705295855114 ], [ 0.688291800061215, 42.665932129903702 ], [ 0.704616662733973, 42.700241306662747 ], [ 0.668671204562301, 42.747897103977458 ], [ 0.664430694687182, 42.807338494586411 ], [ 0.662233540368076, 42.836337389127245 ], [ 0.70962617630633, 42.851515687296953 ], [ 0.775430971565443, 42.83295676856465 ], [ 0.859669899835583, 42.80410123353208 ], [ 0.904865380556398, 42.79268087326394 ], [ 0.944809660469245, 42.791907627263271 ], [ 0.950566206743697, 42.770268893041134 ], [ 1.000000000060433, 42.78810068383531 ], [ 1.008768846315873, 42.791263247280817 ], [ 1.068333721727598, 42.785785749894444 ], [ 1.100456129713092, 42.772283243929635 ], [ 1.128953230960986, 42.743399198816249 ], [ 1.146816102824951, 42.715453236918776 ], [ 1.155802467143269, 42.68730095206309 ], [ 1.201459350441814, 42.687107310267614 ], [ 1.250104364548609, 42.690463683533082 ], [ 1.301320050673033, 42.683153655249122 ], [ 1.350162809126699, 42.69907968992581 ], [ 1.355831469623655, 42.705758686738854 ] ] ], [ [ [ 15.768875297497031, 39.926158354693861 ], [ 15.705426476004337, 40.00000000026855 ], [ 15.672808419865877, 40.035425432916171 ], [ 15.623589511649929, 40.057981284527372 ], [ 15.521748961363429, 40.058773432072712 ], [ 15.500000000038265, 40.042610629020771 ], [ 15.487809429543113, 40.033549482193685 ], [ 15.465922773552881, 40.00000000026855 ], [ 15.464297631372379, 39.997332007768712 ], [ 15.385463957794974, 39.98887689615173 ], [ 15.368266355772565, 40.00000000026855 ], [ 15.231221296625368, 40.082727470611445 ], [ 15.176053091522771, 40.091098066948661 ], [ 15.132080980573303, 40.140121159864371 ], [ 15.084025588279653, 40.174504891209466 ], [ 15.010065507782254, 40.168888466788161 ], [ 15.000000000008052, 40.183560459051087 ], [ 14.977970809230005, 40.215629303638181 ], [ 14.948503333439161, 40.239785630845304 ], [ 14.901961861114057, 40.248136733360631 ], [ 14.897786753083217, 40.267817365204365 ], [ 14.930022984801738, 40.27806641702275 ], [ 14.923386759692049, 40.326550909745563 ], [ 14.983156733957887, 40.343133895144483 ], [ 14.979289264775876, 40.382031431430072 ], [ 14.972850808267566, 40.401656682241274 ], [ 14.962061448817201, 40.41920192165108 ], [ 14.901895939145245, 40.479569890126257 ], [ 14.889305768367311, 40.499999999920512 ], [ 14.887107264778621, 40.503593768489381 ], [ 14.819031023628066, 40.58554561874368 ], [ 14.768797876133844, 40.620959941076059 ], [ 14.732606278676023, 40.634945972314291 ], [ 14.717268248580551, 40.635866427090072 ], [ 14.688569871708408, 40.621993651897441 ], [ 14.655212952147076, 40.597567928257334 ], [ 14.641435094477494, 40.596339942969884 ], [ 14.633941873891811, 40.602172671157973 ], [ 14.623130539852967, 40.606970958224437 ], [ 14.601046414400349, 40.60393369906074 ], [ 14.584345980480359, 40.601235591505848 ], [ 14.560372068266226, 40.584931518029492 ], [ 14.5096335133218, 40.581440729420756 ], [ 14.501041579481786, 40.591589363984369 ], [ 14.49999999997784, 40.59205549531579 ], [ 14.492845182844521, 40.59525735775356 ], [ 14.481462518488348, 40.597099357560786 ], [ 14.440766198664058, 40.590118877500466 ], [ 14.419846707536269, 40.589407861743275 ], [ 14.394026957737578, 40.583493205815984 ], [ 14.334300932648704, 40.559974812589736 ], [ 14.324368569572652, 40.570110564247273 ], [ 14.328961189394724, 40.579808399617818 ], [ 14.336564281126176, 40.588632199127616 ], [ 14.336322564246155, 40.600153086864282 ], [ 14.355132526320887, 40.609846533009424 ], [ 14.364647379402339, 40.604192194646551 ], [ 14.375876223435782, 40.60382060718193 ], [ 14.387105067469227, 40.609765760219652 ], [ 14.402860608457615, 40.628970777594304 ], [ 14.419934604991873, 40.639338204178735 ], [ 14.462520710679366, 40.662360360881706 ], [ 14.473947323314183, 40.666314975156233 ], [ 14.466563973874271, 40.701766809360507 ], [ 14.453335471933539, 40.716058348257043 ], [ 14.43982130573246, 40.730620923852797 ], [ 14.394993825257657, 40.733990984824501 ], [ 14.32098453415068, 40.787953009877278 ], [ 14.288946071033534, 40.860783205115041 ], [ 14.261192587092996, 40.882360748405382 ], [ 14.236141936213009, 40.880478426009788 ], [ 14.226429315428497, 40.869473000747732 ], [ 14.199840466711102, 40.86794432376908 ], [ 14.184744153495647, 40.859141670579639 ], [ 14.17336149003779, 40.84546061921899 ], [ 14.126644223699788, 40.827348968464193 ], [ 14.077575712327025, 40.842031862356578 ], [ 14.06034789636835, 40.838635124668251 ], [ 14.052634932592811, 40.829168408215729 ], [ 14.06023802522258, 40.799503653560834 ], [ 14.012158355060064, 40.800518466764856 ], [ 14.03516540065243, 40.830086160093352 ], [ 14.043493643023945, 40.853846636449525 ], [ 14.042966260985258, 40.878129469480768 ], [ 14.03654977816711, 40.898913207667448 ], [ 13.999999999947628, 40.949707079581962 ], [ 13.98893156807447, 40.965081314306602 ], [ 13.954014476985558, 40.991555556039579 ], [ 13.93799986366586, 40.999999999862673 ], [ 13.908571717016468, 41.015633543074685 ], [ 13.904045020959838, 41.040430489881629 ], [ 13.876225614152176, 41.095231812846585 ], [ 13.849592817156132, 41.102535178853465 ], [ 13.736776992088068, 41.214842370111647 ], [ 13.681841354524323, 41.244239083450061 ], [ 13.602997727613568, 41.269158607347045 ], [ 13.559818317020268, 41.264452678078065 ], [ 13.547336940308078, 41.250477922193838 ], [ 13.558214196315729, 41.233888057489487 ], [ 13.546941403105325, 41.225164181663217 ], [ 13.526878908351847, 41.231614480448165 ], [ 13.508310663157136, 41.2328077152753 ], [ 13.499999999917415, 41.238812887480513 ], [ 13.479458466860581, 41.253653535366951 ], [ 13.425467722228436, 41.276281315350076 ], [ 13.367917148161427, 41.283338792517213 ], [ 13.324078509795191, 41.300576427403975 ], [ 13.293710074080028, 41.303319278173127 ], [ 13.293534600765689, 41.304991232797434 ], [ 13.293622191895784, 41.329757170111762 ], [ 13.292769439162875, 41.33145005085224 ], [ 13.292677298964184, 41.334635446490658 ], [ 13.282430525538688, 41.351971275048584 ], [ 13.277361243457188, 41.362030675052594 ], [ 13.276091553854831, 41.3626934272447 ], [ 13.275141844156677, 41.364299676218266 ], [ 13.263056003748924, 41.37097748048771 ], [ 13.255117305020583, 41.402585510197206 ], [ 13.254793683346216, 41.403873682655437 ], [ 13.26756072611539, 41.424857358675169 ], [ 13.324166406352481, 41.428554923146926 ], [ 13.377190283464543, 41.419246301469776 ], [ 13.379180219803827, 41.41917495260585 ], [ 13.385188912398748, 41.417879637427014 ], [ 13.427555275794699, 41.416898837368542 ], [ 13.45011285831781, 41.447723881760346 ], [ 13.451858802344457, 41.450109106921062 ], [ 13.452891591833348, 41.451941121131462 ], [ 13.439380390072705, 41.48466435009626 ], [ 13.459464715684218, 41.498686016199812 ], [ 13.464559245815094, 41.499999999681769 ], [ 13.470232460770532, 41.501474633522434 ], [ 13.472272885123727, 41.50259415883685 ], [ 13.476741524860175, 41.503166487415051 ], [ 13.496980165766141, 41.508426685400941 ], [ 13.499999999917415, 41.507877702134813 ], [ 13.50559092470125, 41.506861302271098 ], [ 13.527352149826676, 41.502905074264852 ], [ 13.535712559071884, 41.50138043555949 ], [ 13.545776767882185, 41.508565341760963 ], [ 13.553248014777704, 41.516720208571655 ], [ 13.559400806127352, 41.54761516890926 ], [ 13.554911844702547, 41.55669447122758 ], [ 13.551885610953187, 41.562814559804629 ], [ 13.536789297737734, 41.570736218581224 ], [ 13.539384431778876, 41.590503647700011 ], [ 13.545315308710624, 41.635656906288581 ], [ 13.549149474650108, 41.654151319659555 ], [ 13.555555311533821, 41.685038459619491 ], [ 13.553863293373679, 41.707948607629227 ], [ 13.548250155947816, 41.718858296602015 ], [ 13.537888010093752, 41.738993250125809 ], [ 13.510373222897249, 41.77488854313237 ], [ 13.516484335112658, 41.795675775992294 ], [ 13.515658567770883, 41.819280070692834 ], [ 13.516243369224215, 41.823503132344491 ], [ 13.505739675830831, 41.843176447800474 ], [ 13.50273285916634, 41.844220163602188 ], [ 13.501037184862991, 41.841598943728407 ], [ 13.499999999917415, 41.841906336311638 ], [ 13.35227147831881, 41.885673823875031 ], [ 13.303796271851855, 41.949631677703401 ], [ 13.256183489380161, 41.987831907120999 ], [ 13.25334338296441, 41.988364042798132 ], [ 13.214918190129641, 41.999999999713268 ], [ 13.188541305191739, 42.008049701503161 ], [ 13.168208726558197, 42.021192531628749 ], [ 13.138373781425654, 42.040472668736221 ], [ 13.135121890876926, 42.042573770432234 ], [ 13.11033493146544, 42.044902737169082 ], [ 13.091736457961417, 42.040227445769482 ], [ 13.081482735168885, 42.038368474891691 ], [ 13.080867455674595, 42.037495031962443 ], [ 13.073605117388292, 42.03745336605111 ], [ 13.059956491355482, 42.03737506066247 ], [ 13.052674486252661, 42.037333282167886 ], [ 13.049542865747432, 42.042327583354854 ], [ 13.040390878141846, 42.068672682314073 ], [ 13.039739989429693, 42.071224292228095 ], [ 13.039358087754639, 42.074557188957229 ], [ 13.060563244041097, 42.091480164969155 ], [ 13.0655048683342, 42.096110062418354 ], [ 13.075000329483615, 42.105005577399844 ], [ 13.069221100748235, 42.140736165658268 ], [ 13.055619037091549, 42.208587714338783 ], [ 13.055233895193268, 42.221897125255026 ], [ 13.05597062511734, 42.250337063053927 ], [ 13.066738009979224, 42.285098881462105 ], [ 13.020427216035925, 42.313581261458566 ], [ 13.001760138193655, 42.325058344968099 ], [ 12.999999999887205, 42.326484520939253 ], [ 12.985798043978729, 42.33799065950322 ], [ 12.936958059522668, 42.38166004087558 ], [ 12.913301978442577, 42.400179606550999 ], [ 12.906827043147207, 42.40524765989209 ], [ 12.916000328011547, 42.43147689695116 ], [ 12.919202861525307, 42.44060504173563 ], [ 12.917296950004438, 42.445172047592024 ], [ 12.909666035652005, 42.463454121197415 ], [ 12.911672305159785, 42.499999999702688 ], [ 12.912237022978307, 42.510366089419577 ], [ 12.920588023269231, 42.519851231256162 ], [ 12.911336078325352, 42.527097075502546 ], [ 12.886724912926763, 42.557667195153194 ], [ 12.894503799569428, 42.593604182282697 ], [ 12.911000416531236, 42.601361644962722 ], [ 12.910375314857626, 42.602080537436393 ], [ 12.93374981901191, 42.614561829715306 ], [ 12.983521506436253, 42.609214022478 ], [ 12.985696957458121, 42.610296546513077 ], [ 12.992676003036427, 42.612415470938721 ], [ 12.999999999887205, 42.614639047797468 ], [ 13.029865210159983, 42.62370534693666 ], [ 13.09025046212348, 42.626176772010986 ], [ 13.127782489715656, 42.647284854493485 ], [ 13.134646545547701, 42.656047840981444 ], [ 13.164926478342757, 42.695310814164117 ], [ 13.199443316073676, 42.702998824425649 ], [ 13.217898909836814, 42.70761383548745 ], [ 13.252508361178579, 42.787364607850236 ], [ 13.283052669060066, 42.817234667052887 ], [ 13.288056762198028, 42.821187921069253 ], [ 13.29477385005633, 42.821993093217657 ], [ 13.305520287104104, 42.823039400428847 ], [ 13.321285881138836, 42.824157210865323 ], [ 13.322386491635049, 42.824681512710349 ], [ 13.355637481858079, 42.819800700826434 ], [ 13.363430129792581, 42.818812384887408 ], [ 13.373208516239044, 42.812840903917689 ], [ 13.414063083283782, 42.789539499200885 ], [ 13.443647189144597, 42.790689444708306 ], [ 13.446875634562724, 42.790850819056615 ], [ 13.477979125742268, 42.807797676326423 ], [ 13.499999999917415, 42.820107549388084 ], [ 13.528235205429061, 42.83588768055882 ], [ 13.53417436123447, 42.839299303369188 ], [ 13.572842116263944, 42.853700454311259 ], [ 13.584552911837209, 42.877047470419249 ], [ 13.586308365429455, 42.880546432542623 ], [ 13.651956136973533, 42.899529020079861 ], [ 13.675452237982991, 42.912116828822271 ], [ 13.696969682798187, 42.923642320234833 ], [ 13.756719577022478, 42.936151218362838 ], [ 13.876247588740654, 42.959393688056309 ], [ 13.919168219853431, 42.962665098165502 ], [ 13.922160292469163, 42.96259371825564 ], [ 13.903841476191186, 43.00000000005209 ], [ 13.895562958265591, 43.017035924276207 ], [ 13.903896073099208, 43.00000000005209 ], [ 13.959727782853808, 42.886670480484355 ], [ 13.976274397349384, 42.849970666487728 ], [ 13.999999999947628, 42.797292518300971 ], [ 14.011191488438296, 42.772428274922341 ], [ 14.102384646326991, 42.639953560878709 ], [ 14.172812133410625, 42.565299284742622 ], [ 14.223528713766569, 42.505947968345261 ], [ 14.234567830917062, 42.499999999702688 ], [ 14.280661776940663, 42.475357381302508 ], [ 14.292681694481292, 42.468932152972243 ], [ 14.321160328163577, 42.441681804557973 ], [ 14.410639495100277, 42.395991413483507 ], [ 14.436788858336278, 42.373278440770854 ], [ 14.440546455474204, 42.353776000858311 ], [ 14.493218744560476, 42.306362236424363 ], [ 14.49999999997784, 42.2876796412774 ], [ 14.507765702047077, 42.2662780038875 ], [ 14.59924452509444, 42.23084459532685 ], [ 14.733353403006246, 42.170636036800921 ], [ 14.741417954807579, 42.101305365151894 ], [ 14.804418143274338, 42.078695413637476 ], [ 14.839423131818856, 42.039565395113463 ], [ 14.8457517171814, 42.037624431901264 ], [ 14.96854168956264, 41.999999999713268 ], [ 14.990803773967986, 41.993230015886226 ], [ 15.000000000008052, 41.988110640756055 ], [ 15.029640053843075, 41.971591842834187 ], [ 15.035311602423661, 41.968430520623713 ], [ 15.089228479488307, 41.931502374920314 ], [ 15.21706153009421, 41.89805884047712 ], [ 15.337803721818394, 41.90516706890724 ], [ 15.414595754723711, 41.894054080347424 ], [ 15.500000000038265, 41.90933077720117 ], [ 15.589013338397864, 41.92524913330918 ], [ 15.640669043602971, 41.9249115371383 ], [ 15.704267248639209, 41.916390656238939 ], [ 15.808281157771278, 41.924654319193259 ], [ 15.979713116936807, 41.946353358602408 ], [ 16.000000000068475, 41.945035521734788 ], [ 16.031171243085065, 41.943010583552692 ], [ 16.080873119733734, 41.92667987812159 ], [ 16.120739996310107, 41.896144950800881 ], [ 16.155162497461461, 41.886011629132597 ], [ 16.167697731768197, 41.863455156156967 ], [ 16.195929451816543, 41.85069320051818 ], [ 16.18133062291049, 41.827254733694467 ], [ 16.199024842368051, 41.799893556704497 ], [ 16.199661482901483, 41.756500599192471 ], [ 16.167390388465098, 41.71252965096842 ], [ 16.09312296376628, 41.684844818091477 ], [ 16.056790541014628, 41.642342356278654 ], [ 16.000000000068475, 41.621074921532419 ], [ 15.936641083766048, 41.597339360307529 ], [ 15.905840848555062, 41.555894432256174 ], [ 15.904501708401456, 41.518532260704887 ], [ 15.910952535609548, 41.499999999681769 ], [ 15.919298114567733, 41.476202354553479 ], [ 15.954884131641386, 41.439823148129264 ], [ 16.000000000068475, 41.413580843880268 ], [ 16.002588273675791, 41.41207501306004 ], [ 16.058700462614922, 41.381435304452928 ], [ 16.168575856517993, 41.346773190722402 ], [ 16.212522487652741, 41.348041339319117 ], [ 16.220451092910547, 41.348270129089606 ], [ 16.251470859308981, 41.313380856788299 ], [ 16.385648364016923, 41.280390214476078 ], [ 16.500000000098691, 41.241052312193695 ], [ 16.502592663772798, 41.240160138007987 ], [ 16.649963997248133, 41.202808937846662 ], [ 16.705790795913078, 41.199485639513213 ], [ 16.816676033637734, 41.173248203664848 ], [ 16.982334320147917, 41.11680023347494 ], [ 17.0000000001289, 41.109547179064108 ], [ 17.105447448876209, 41.066236492132617 ], [ 17.188452216811765, 41.019775109827172 ], [ 17.207661201552551, 41.000019418554537 ], [ 17.207722452281882, 40.999999999862673 ], [ 17.269371438017405, 40.980600888249477 ], [ 17.333628236615983, 40.959489510241262 ], [ 17.387106051305736, 40.931008898982199 ], [ 17.448289412381722, 40.861233815748761 ], [ 17.490812617134704, 40.833177439120895 ], [ 17.500000000159112, 40.820163109195285 ], [ 17.501042773524073, 40.818685812028185 ], [ 17.577681135226996, 40.780106438765195 ], [ 17.583388947897284, 40.778221188938922 ], [ 17.643979574497667, 40.75826968810901 ], [ 17.775654422231391, 40.701960394552508 ], [ 17.858000597502915, 40.658114941399617 ], [ 17.916132474085224, 40.653562515276427 ], [ 17.944386146264172, 40.656371496317469 ], [ 17.961575444260092, 40.632249126689281 ], [ 17.939841849516178, 40.604951519346933 ], [ 17.974352163681502, 40.612754290652362 ], [ 18.000000000189324, 40.61347434726612 ], [ 18.045699822060115, 40.614757338300407 ], [ 18.041945837047951, 40.592623532702227 ], [ 18.062208572566469, 40.580309416459329 ], [ 18.065721072463958, 40.560944807685935 ], [ 18.053317556330704, 40.553216785493092 ], [ 18.076434197286051, 40.523638290422781 ], [ 18.109254121038528, 40.500778315944551 ], [ 18.11138124988463, 40.499999999920512 ], [ 18.213443655300221, 40.462924332301831 ], [ 18.263848031569061, 40.447689039843119 ], [ 18.314954908356391, 40.419861185570319 ], [ 18.367927800686189, 40.365216695550956 ], [ 18.454313350345753, 40.257502274550163 ], [ 18.466343663190852, 40.230417618901676 ], [ 18.465707022657423, 40.191706310560981 ], [ 18.478110538790673, 40.151083888171797 ], [ 18.491523897847202, 40.130771563175607 ], [ 18.500000000219536, 40.12568351998631 ], [ 18.518965305261407, 40.114297617556488 ], [ 18.502895617129955, 40.104524405272933 ], [ 18.512796477187308, 40.092633103017086 ], [ 18.513630695879275, 40.081935603793859 ], [ 18.501424757904555, 40.074921520178329 ], [ 18.500000000219536, 40.0745726601453 ], [ 18.48188647593344, 40.070137303510926 ], [ 18.470317178492152, 40.029247537079335 ], [ 18.461579834357099, 40.020238442180755 ], [ 18.444368584230578, 40.019639949679508 ], [ 18.433457880351636, 40.010613398446736 ], [ 18.42827098993482, 40.00000000026855 ], [ 18.418529755113564, 39.978653119321805 ], [ 18.408014208450012, 39.925672744091827 ], [ 18.41220725493876, 39.874143683695365 ], [ 18.427991552796019, 39.868172810951229 ], [ 18.421405614477624, 39.776148279783158 ], [ 18.393788582832116, 39.731098233844762 ], [ 18.369376706882672, 39.729741577812355 ], [ 18.3397619406229, 39.751236197403323 ], [ 18.298797408109284, 39.783813044730671 ], [ 18.194454201746886, 39.802562889680935 ], [ 18.087213182093194, 39.864614338399115 ], [ 18.018653570962986, 39.963591900635073 ], [ 18.022782817303625, 40.00000000026855 ], [ 18.024207711532569, 40.011729650109288 ], [ 18.000000000189324, 40.027307118894129 ], [ 17.978106147795355, 40.04139255106054 ], [ 17.975164429344556, 40.054246749265417 ], [ 17.987172788262423, 40.060082879900406 ], [ 17.999751929525299, 40.083987974025142 ], [ 17.971959272750169, 40.122518942362355 ], [ 17.952245365649429, 40.131692047006808 ], [ 17.926933411921286, 40.136940181464837 ], [ 17.892840208000258, 40.159462150309352 ], [ 17.883619894534164, 40.206548279387071 ], [ 17.819055751734165, 40.260693674816565 ], [ 17.756335672346037, 40.279597194343999 ], [ 17.586286760290253, 40.30629155701093 ], [ 17.504928476709718, 40.30977054585707 ], [ 17.500000000159112, 40.311690745589267 ], [ 17.441681521932725, 40.33440821458985 ], [ 17.37893948861737, 40.339865922900771 ], [ 17.184698232697912, 40.4252476093274 ], [ 17.169506669316256, 40.42833455732714 ], [ 17.170604325253496, 40.435488653773056 ], [ 17.187354560874521, 40.436887230377963 ], [ 17.196926123701544, 40.442561613105646 ], [ 17.198572608056566, 40.456062453520559 ], [ 17.185488544433735, 40.467937718082048 ], [ 17.191130498017287, 40.471922447247266 ], [ 17.21723276437957, 40.46943201961308 ], [ 17.22309424915057, 40.461365606913219 ], [ 17.230887608550777, 40.458248046786991 ], [ 17.248911125238667, 40.459389026478462 ], [ 17.259404718873313, 40.462763640930952 ], [ 17.265683312990291, 40.468130532711484 ], [ 17.285946047610494, 40.46723072496227 ], [ 17.296264017013829, 40.482059939529044 ], [ 17.297032376619057, 40.493175668953313 ], [ 17.282217502887171, 40.499999999920512 ], [ 17.276879407143422, 40.502477310058978 ], [ 17.255704958866641, 40.499999999920512 ], [ 17.238154093460434, 40.497961928936228 ], [ 17.231677921184918, 40.490332660190511 ], [ 17.226936046278389, 40.490139909811944 ], [ 17.221052608478477, 40.497544348890294 ], [ 17.215230202218972, 40.499999999920512 ], [ 17.21301776486191, 40.500940126645538 ], [ 17.192755029343395, 40.502153695737036 ], [ 17.188173683378139, 40.499999999920512 ], [ 17.178814794898003, 40.495633086561696 ], [ 17.17284354408412, 40.483280832672754 ], [ 17.187574092061968, 40.473239926723821 ], [ 17.181427217016783, 40.470572807867512 ], [ 17.169879872604412, 40.479521694796382 ], [ 17.154183387761115, 40.481690454235093 ], [ 17.142833621507275, 40.481433419569541 ], [ 17.136768132928516, 40.499999999920512 ], [ 17.136137918044312, 40.501943344761145 ], [ 17.101166589373491, 40.518267791779451 ], [ 17.064460963333683, 40.518267791779451 ], [ 17.031443462320983, 40.511262846021189 ], [ 17.014173582749127, 40.499999999920512 ], [ 17.004748461483089, 40.493898448414733 ], [ 17.0000000001289, 40.49195271727794 ], [ 16.954849006675889, 40.47344879327995 ], [ 16.910811036639679, 40.445438807151668 ], [ 16.86855126913197, 40.400386041652609 ], [ 16.795249783095237, 40.322138822010288 ], [ 16.694836185976307, 40.184025920141629 ], [ 16.643312199842995, 40.165983235702463 ], [ 16.61859167713498, 40.139847179277581 ], [ 16.607352979481185, 40.127961586140749 ], [ 16.599032745590428, 40.095072929299604 ], [ 16.609636105267953, 40.026627421271257 ], [ 16.632153205212784, 40.00000000026855 ], [ 16.663904231693525, 39.959778403484655 ], [ 16.65391555952052, 39.945493217364429 ], [ 16.502373132585348, 39.825007270794416 ], [ 16.500000000098691, 39.814299127438758 ], [ 16.495062741617865, 39.792015649939891 ], [ 16.500000000098691, 39.763942131143494 ], [ 16.500133913754723, 39.763180527664403 ], [ 16.532800165406496, 39.716538862658716 ], [ 16.531548837368543, 39.684452088529881 ], [ 16.549945556446275, 39.648728306130494 ], [ 16.594993370304071, 39.617585389443065 ], [ 16.65538641874592, 39.610442125091758 ], [ 16.732990718212601, 39.614763017536134 ], [ 16.884686816350165, 39.525764049693429 ], [ 16.972631038249098, 39.518279753244364 ], [ 16.995077928566275, 39.50000000024815 ], [ 17.0000000001289, 39.496020001620771 ], [ 17.014649320642132, 39.484173167482865 ], [ 17.048259556130432, 39.440870817050012 ], [ 17.113043230117881, 39.414630047901547 ], [ 17.095041667357215, 39.369878114262917 ], [ 17.077040103698241, 39.332253016493418 ], [ 17.069685806672933, 39.28456292940372 ], [ 17.084174869536103, 39.237135738757289 ], [ 17.097763854620567, 39.216036941434858 ], [ 17.107774479822488, 39.203249315689781 ], [ 17.108564792456626, 39.202240124200067 ], [ 17.100617760955711, 39.196271676339919 ], [ 17.09168283866212, 39.18381111097478 ], [ 17.078489009894728, 39.125254947771879 ], [ 17.082594245166138, 39.073291629975294 ], [ 17.104393698996795, 39.027290560123717 ], [ 17.155346903683412, 39.012601525385811 ], [ 17.14093458299665, 38.999999999654428 ], [ 17.12353682375252, 38.984893139190092 ], [ 17.122834324132352, 38.968583508348097 ], [ 17.131900965497735, 38.957644749112838 ], [ 17.110935730359049, 38.935554013433958 ], [ 17.071046900753764, 38.91392472935371 ], [ 17.038556274231617, 38.930108292600728 ], [ 17.009204945217114, 38.93066328969855 ], [ 17.0000000001289, 38.952769279460739 ], [ 16.999940726591507, 38.952911604020699 ], [ 16.89120689468351, 38.945611880984288 ], [ 16.797840251286786, 38.922077685916719 ], [ 16.659996575478964, 38.838595367771106 ], [ 16.588231807754365, 38.771529746443534 ], [ 16.554533759252092, 38.727207228214851 ], [ 16.557760868875395, 38.671647576494607 ], [ 16.571042509758446, 38.654481936016147 ], [ 16.593522511078671, 38.528659907795635 ], [ 16.592147097852209, 38.499999999878447 ], [ 16.589746573037591, 38.45030111360915 ], [ 16.542810790608414, 38.353897365694031 ], [ 16.500000000098691, 38.327871099761261 ], [ 16.469597115789011, 38.309382335552115 ], [ 16.394056410921646, 38.30123360501269 ], [ 16.247738828224044, 38.175480424289191 ], [ 16.196741717479597, 38.108993755851223 ], [ 16.193470701798468, 38.027936152815059 ], [ 16.165930565941277, 37.999999999985143 ], [ 16.1593335909213, 37.993352430880456 ], [ 16.152703746545075, 37.94906024028635 ], [ 16.115690777202165, 37.929306429012435 ], [ 16.06794272910993, 37.918620837753089 ], [ 16.015364993097201, 37.928681989645852 ], [ 16.000000000068475, 37.930027772489453 ], [ 15.948825068711852, 37.934509883616037 ], [ 15.880441081812949, 37.914491893911801 ], [ 15.827643814612772, 37.907534616581955 ], [ 15.765604281815905, 37.914890920142859 ], [ 15.724881233518651, 37.94932035133214 ], [ 15.69919607650235, 37.967803199355373 ], [ 15.691402717102143, 37.979590933812034 ], [ 15.695003029115286, 37.991498073664289 ], [ 15.701116318846944, 37.999999999985143 ], [ 15.71039217065548, 38.012987267664897 ], [ 15.707801701565609, 38.047188994235789 ], [ 15.696364123196119, 38.065303627822097 ], [ 15.68299467019742, 38.075919247340856 ], [ 15.677286857527129, 38.092284128008053 ], [ 15.680887169540272, 38.107687093878305 ], [ 15.693005295399336, 38.121397160966232 ], [ 15.699569279790504, 38.145605550967822 ], [ 15.687253575772907, 38.178613436610739 ], [ 15.657287559253884, 38.202524291593647 ], [ 15.654060450528901, 38.212284744467226 ], [ 15.660097559531206, 38.216738273655146 ], [ 15.685607091417884, 38.217486300853153 ], [ 15.765670140902646, 38.226775103914648 ], [ 15.82560217394068, 38.253278145049798 ], [ 15.846655222093336, 38.265969721388373 ], [ 15.8962034266413, 38.354435615190084 ], [ 15.940131003610556, 38.499999999878447 ], [ 15.945751631189259, 38.518734568089627 ], [ 15.858356237708104, 38.576243979268767 ], [ 15.863493268931704, 38.605957008191204 ], [ 15.903118661291712, 38.626844551613168 ], [ 15.977144600875851, 38.680698778755698 ], [ 16.000000000068475, 38.689495054563992 ], [ 16.007352101611232, 38.692324399925788 ], [ 16.046121321352047, 38.674049738946593 ], [ 16.100367495647024, 38.680646563801808 ], [ 16.140278277382908, 38.708610987704411 ], [ 16.158696950387867, 38.763376763467704 ], [ 16.167895309926735, 38.874343457465315 ], [ 16.153735544293891, 38.92318780311745 ], [ 16.114790698525141, 38.943288294261741 ], [ 16.075406791279807, 38.973090267950482 ], [ 16.06696732759465, 38.999999999654428 ], [ 16.0574930406348, 39.03041289190211 ], [ 16.038481634052548, 39.116806131769067 ], [ 16.034178821520918, 39.284667205783478 ], [ 16.016308976933736, 39.389576694577073 ], [ 16.000000000068475, 39.423106880301098 ], [ 15.976859210601665, 39.470654933154059 ], [ 15.957749544497004, 39.50000000024815 ], [ 15.94270014669558, 39.523269374541655 ], [ 15.88112162930252, 39.549868770635648 ], [ 15.836403111776741, 39.639881532678828 ], [ 15.817633189410854, 39.748993142562988 ], [ 15.781569408743231, 39.85661476343104 ], [ 15.771795062918915, 39.885754141946457 ], [ 15.77849076638188, 39.890075017904529 ], [ 15.768875297497031, 39.926158354693861 ] ], [ [ 13.651265986493573, 41.469682474745007 ], [ 13.670656458769523, 41.447216347272828 ], [ 13.693487709450681, 41.429889209954759 ], [ 13.732162398575833, 41.410081059956873 ], [ 13.772243439804145, 41.389494716668089 ], [ 13.775798946545864, 41.391831198719998 ], [ 13.786306962632393, 41.387435720642763 ], [ 13.817246713393523, 41.40158998952468 ], [ 13.836584058405256, 41.427059846737365 ], [ 13.790174431814403, 41.432718448262442 ], [ 13.754312447793888, 41.455090778214029 ], [ 13.743413217197757, 41.470772488639639 ], [ 13.723372696134442, 41.487735282660232 ], [ 13.692784533399102, 41.495444163922599 ], [ 13.657274137404379, 41.487735282660232 ], [ 13.648132847835512, 41.471543622296601 ], [ 13.651265986493573, 41.469682474745007 ] ], [ [ 14.739000786905688, 41.198533790383323 ], [ 14.729090397519803, 41.184415738521906 ], [ 14.729090397519803, 41.18341525723207 ], [ 14.718323012657921, 41.159415231105804 ], [ 14.718323012657921, 41.158414365046987 ], [ 14.721399408332744, 41.142107767025429 ], [ 14.72302550362576, 41.109013807034586 ], [ 14.741483877674701, 41.079329621003104 ], [ 14.760975041212534, 41.099336017542626 ], [ 14.797078742113071, 41.085842878133299 ], [ 14.803725814379813, 41.110006215759576 ], [ 14.795720956527427, 41.131725125512624 ], [ 14.811515828453901, 41.161336204712164 ], [ 14.81783679161126, 41.178632799738971 ], [ 14.818152052665274, 41.179445454292058 ], [ 14.794595651344057, 41.192483571878284 ], [ 14.794595651344057, 41.193483913558275 ], [ 14.792969556949357, 41.211793896770729 ], [ 14.765479763579002, 41.217277820794749 ], [ 14.762864827974054, 41.200389077334115 ], [ 14.762864827974054, 41.19938884197974 ], [ 14.739000786905688, 41.198533790383323 ] ] ], [ [ [ 6.220891069166167, 50.650526769283175 ], [ 6.219103095662322, 50.650170122408703 ], [ 6.211862919712391, 50.607069392764529 ], [ 6.223469141505116, 50.60272134122841 ], [ 6.245409070286631, 50.557095487613687 ], [ 6.289837424789111, 50.535327981975456 ], [ 6.297428640792527, 50.520549522927375 ], [ 6.295322407658246, 50.500625099687895 ], [ 6.296243513201133, 50.499999999891088 ], [ 6.301566704995995, 50.496425556186459 ], [ 6.304397185065161, 50.494928628239144 ], [ 6.313751947583181, 50.489062516480836 ], [ 6.339575243032317, 50.471229993238055 ], [ 6.405131749336771, 50.485775318007704 ], [ 6.476655915888951, 50.473926347130963 ], [ 6.500000000392768, 50.467443231166143 ], [ 6.530364860813081, 50.459008968309952 ], [ 6.544384474888564, 50.410685775804666 ], [ 6.500000000392768, 50.386834336879957 ], [ 6.492781763098688, 50.382954242155286 ], [ 6.45757708086316, 50.384445311276259 ], [ 6.453267952276749, 50.38462781831435 ], [ 6.427510476388517, 50.421497311563911 ], [ 6.404736830174927, 50.429146850300732 ], [ 6.343897408868427, 50.363657704672121 ], [ 6.369435485621557, 50.343891665485387 ], [ 6.353814256242893, 50.305958328590826 ], [ 6.300434410919713, 50.287316964600379 ], [ 6.318337392561078, 50.242293949459054 ], [ 6.318161872534334, 50.211765477222649 ], [ 6.28312380712275, 50.199384544514217 ], [ 6.266120362474292, 50.204490747869379 ], [ 6.251464490547696, 50.196672477409479 ], [ 6.250630773115649, 50.185055139987938 ], [ 6.230182759171477, 50.176360124877085 ], [ 6.208835209132696, 50.151073341781668 ], [ 6.222810943201496, 50.131125691803838 ], [ 6.238081133425, 50.139524327319819 ], [ 6.257563789917111, 50.141855547048905 ], [ 6.258287807781599, 50.122990583686693 ], [ 6.286085697243252, 50.125812855103831 ], [ 6.300544110487263, 50.107074081801855 ], [ 6.324129533680357, 50.091536778485455 ], [ 6.346223041137809, 50.080172249815 ], [ 6.365486298494782, 50.087916866819569 ], [ 6.384047478439803, 50.108558609895667 ], [ 6.415202176285479, 50.108320027906686 ], [ 6.430231027819707, 50.089441771644232 ], [ 6.450459641730489, 50.066907997477735 ], [ 6.469766778195849, 50.049499702344264 ], [ 6.499978059940259, 50.040620618794847 ], [ 6.500000000392768, 50.040623254052406 ], [ 6.517881041581652, 50.042770862498038 ], [ 6.533853309217154, 50.053295039588257 ], [ 6.536815200235981, 50.083554044200298 ], [ 6.573038022234764, 50.115993809429902 ], [ 6.600879790804804, 50.107060826801003 ], [ 6.609940981193019, 50.087837305354277 ], [ 6.589076109431153, 50.074535393315507 ], [ 6.600046074271063, 50.063511755843628 ], [ 6.589778187741474, 50.051755708757717 ], [ 6.574573817078791, 50.048132776378353 ], [ 6.562616556130905, 50.032947973625944 ], [ 6.584951403175959, 50.019936172184131 ], [ 6.626725026706412, 50.015819456337624 ], [ 6.647502139353237, 50.032430224680262 ], [ 6.629291998563403, 50.054675087863409 ], [ 6.649191513771497, 50.081684140341821 ], [ 6.668345071560955, 50.084919955487713 ], [ 6.708977818510893, 50.065528303585175 ], [ 6.717205291467097, 50.074097680483575 ], [ 6.742677548659368, 50.090064979647281 ], [ 6.765495074879614, 50.095275739324961 ], [ 6.789760635032206, 50.079641750973863 ], [ 6.803122051702393, 50.06205235864109 ], [ 6.777825314536828, 50.050256140125477 ], [ 6.756521643606442, 50.0574350635275 ], [ 6.762620943874182, 50.042956681374463 ], [ 6.758781456314956, 50.029443102014184 ], [ 6.764266438285758, 50.013681279933294 ], [ 6.74436692307763, 50.004583000667985 ], [ 6.738365111577784, 50.000000000210534 ], [ 6.721768796890817, 49.986164384351454 ], [ 6.681267689062606, 49.987049171142445 ], [ 6.677362381942515, 49.976619247634744 ], [ 6.691820794288164, 49.96225443518928 ], [ 6.701276903838259, 49.931217534704651 ], [ 6.731641765156897, 49.912873377073957 ], [ 6.769904999830805, 49.91696983069469 ], [ 6.792678646044359, 49.927543455257634 ], [ 6.810077008956363, 49.919206753825058 ], [ 6.82675135490217, 49.906088763985593 ], [ 6.810888786834191, 49.887909407030584 ], [ 6.738706421978409, 49.871511564389117 ], [ 6.663737686130552, 49.826592361119665 ], [ 6.639340485957891, 49.837564200529485 ], [ 6.63082779340743, 49.850890018103115 ], [ 6.611498716489554, 49.849275404930566 ], [ 6.606342833221396, 49.865244597384006 ], [ 6.623302397863206, 49.877297967493305 ], [ 6.635106079236858, 49.905740064057184 ], [ 6.634206542243944, 49.929620143640001 ], [ 6.601099190838203, 49.934992974626446 ], [ 6.579225081617555, 49.924333851888385 ], [ 6.555486078850228, 49.896454998883819 ], [ 6.565139647981204, 49.890961578838201 ], [ 6.558820948578363, 49.880365350426835 ], [ 6.544779394050408, 49.883839543283948 ], [ 6.512396059610849, 49.863426878900249 ], [ 6.501228636088317, 49.851791850275589 ], [ 6.511189363469475, 49.841594340529049 ], [ 6.528302507685484, 49.827625625357442 ], [ 6.528412207253034, 49.811207199391554 ], [ 6.517376423750562, 49.795846242673214 ], [ 6.511013844341065, 49.778455513218262 ], [ 6.516871805021204, 49.758872506619056 ], [ 6.537100418931949, 49.756015986846535 ], [ 6.543726277483268, 49.736802953458529 ], [ 6.534972246243486, 49.721447435737637 ], [ 6.550483775156303, 49.714285690610843 ], [ 6.55392834445199, 49.712301801727506 ], [ 6.552019570000329, 49.69472040003631 ], [ 6.536859080242664, 49.688007140517271 ], [ 6.528521906820585, 49.677964698672525 ], [ 6.519811755587495, 49.66172889935482 ], [ 6.526262094112062, 49.647561926409416 ], [ 6.533151231805165, 49.633726870409319 ], [ 6.530408740819763, 49.623190877276457 ], [ 6.507042716761773, 49.620487097622018 ], [ 6.500000000392768, 49.619728163608322 ], [ 6.481680160035348, 49.617753934377511 ], [ 6.460924986942707, 49.62083786683138 ], [ 6.460442308665821, 49.621992463723295 ], [ 6.440696373031963, 49.600942323174401 ], [ 6.472794488775552, 49.60145406696865 ], [ 6.499188222514905, 49.600503681254338 ], [ 6.500000000392768, 49.600142168924748 ], [ 6.517837161574968, 49.592197980697847 ], [ 6.518999977709658, 49.575392135282051 ], [ 6.504980363634175, 49.568662314825033 ], [ 6.500000000392768, 49.567347516400403 ], [ 6.492233265260934, 49.565297054670431 ], [ 6.489183615127065, 49.545012764248675 ], [ 6.470666315188755, 49.544266211117723 ], [ 6.472728669214649, 49.56184376201228 ], [ 6.47494460191648, 49.582208785175546 ], [ 6.46274600138102, 49.580043944103977 ], [ 6.457787577693787, 49.57161769879643 ], [ 6.444491980584467, 49.567813705949625 ], [ 6.438107461620795, 49.553194821675 ], [ 6.45401390969542, 49.546242356643866 ], [ 6.464610823062467, 49.534794314290735 ], [ 6.463639283404603, 49.534148240645813 ], [ 6.446817613752183, 49.522962654146959 ], [ 6.450525461291347, 49.510073496439652 ], [ 6.42141117612077, 49.512329345993393 ], [ 6.419552140488066, 49.509511074264253 ], [ 6.422919498686768, 49.499999999800124 ], [ 6.424197547112863, 49.49642658750961 ], [ 6.429453555704265, 49.475997102558068 ], [ 6.38913754124877, 49.476466341034325 ], [ 6.352410101418898, 49.470343171978826 ], [ 6.311470194422185, 49.455612491814911 ], [ 6.258967945639412, 49.433253989668763 ], [ 6.222789003647312, 49.421736813700257 ], [ 6.126494657314839, 49.434996579200593 ], [ 6.112409223678498, 49.451780334263972 ], [ 6.084479694196784, 49.446597732120971 ], [ 6.043605607659246, 49.453841607952327 ], [ 6.042552491092106, 49.450967413605241 ], [ 6.014491322488667, 49.458370297781748 ], [ 6.000000000362556, 49.454830002495342 ], [ 5.992924373314785, 49.453101301345015 ], [ 5.986693433027014, 49.461026353198761 ], [ 5.961001776699604, 49.460184558901886 ], [ 5.960497158868542, 49.471866780894331 ], [ 5.942550297220459, 49.476683975005919 ], [ 5.9424844776596, 49.483183528927619 ], [ 5.917758177885991, 49.486984205575361 ], [ 5.895554970860998, 49.473753088392847 ], [ 5.859661247564857, 49.488115647522505 ], [ 5.837260580958971, 49.499762167521332 ], [ 5.837034894515187, 49.499999999800124 ], [ 5.831897923478722, 49.505469048008003 ], [ 5.826899805035716, 49.513811902429723 ], [ 5.81565403674232, 49.522153326569992 ], [ 5.806907328568716, 49.522987390230647 ], [ 5.777341021028636, 49.522685234179541 ], [ 5.75159389732572, 49.520393684360457 ], [ 5.745902718759556, 49.519887142596609 ], [ 5.717563252979394, 49.514377925203704 ], [ 5.697665892829667, 49.510509487778833 ], [ 5.667906381926477, 49.516072619048373 ], [ 5.63473310046709, 49.508681849320936 ], [ 5.628212338515824, 49.499999999800124 ], [ 5.623982535660577, 49.494425129170722 ], [ 5.614261678223253, 49.499999999800124 ], [ 5.601779328635574, 49.507231563751397 ], [ 5.557833651511684, 49.500023442864531 ], [ 5.557735031764839, 49.499999999800124 ], [ 5.539404111586714, 49.495686927355997 ], [ 5.519943394648824, 49.495657921225011 ], [ 5.510304886671873, 49.498252595272405 ], [ 5.503813464596084, 49.499999999800124 ], [ 5.500000000332335, 49.50103710749714 ], [ 5.49510739620597, 49.502367664182842 ], [ 5.489033988977988, 49.499999999800124 ], [ 5.475009210487929, 49.494588026257247 ], [ 5.466155539015164, 49.499999999800124 ], [ 5.456010443201726, 49.506264682489117 ], [ 5.450569341237607, 49.533417937405218 ], [ 5.418237778504512, 49.562664458581224 ], [ 5.411977006962757, 49.568325799307509 ], [ 5.372183713187931, 49.587618997370107 ], [ 5.331545229596596, 49.583305795947275 ], [ 5.284922881048137, 49.61787086451924 ], [ 5.305085675398052, 49.647006847421281 ], [ 5.273404418370481, 49.667744957004629 ], [ 5.217238202055218, 49.702993939477373 ], [ 5.146284472894994, 49.719142957865131 ], [ 5.127065095544668, 49.737415323097409 ], [ 5.088626340844053, 49.731859972615808 ], [ 5.090491235289057, 49.736919596087695 ], [ 5.127328374686454, 49.758041801546987 ], [ 5.148017727319938, 49.78825859744493 ], [ 5.181432238772453, 49.794914235459146 ], [ 5.199554619548919, 49.802122259051259 ], [ 5.242776278808347, 49.829517459503691 ], [ 5.260021062146119, 49.85688252217254 ], [ 5.269038372527677, 49.871438865945009 ], [ 5.293216174463533, 49.88760417940717 ], [ 5.307986770235054, 49.896882274424897 ], [ 5.311231514685689, 49.898477159854394 ], [ 5.313927247462236, 49.899802188301805 ], [ 5.319867921420493, 49.902722542418559 ], [ 5.322747317451833, 49.906146880200467 ], [ 5.315441321941008, 49.916214482561571 ], [ 5.301866210437801, 49.919325133494794 ], [ 5.281478751028598, 49.917805929611468 ], [ 5.278965511002028, 49.917463607640677 ], [ 5.269405743054704, 49.916161413366588 ], [ 5.263728910583618, 49.915299333362114 ], [ 5.267085718967632, 49.931043276406164 ], [ 5.278340902503539, 49.952007804067378 ], [ 5.240823625248302, 49.970627178079454 ], [ 5.214320191043065, 49.969887185376301 ], [ 5.21745760119031, 49.954896240935192 ], [ 5.198172404279127, 49.948625644126878 ], [ 5.173533864518894, 49.980333083007203 ], [ 5.153809868439217, 49.977591255706351 ], [ 5.134107812812005, 49.992923161965955 ], [ 5.115787972454586, 49.994213893116473 ], [ 5.13875907735077, 49.947711113616691 ], [ 5.108328396471266, 49.945838448738513 ], [ 5.093782224112212, 49.919163178103346 ], [ 5.050977423568802, 49.92449361095013 ], [ 5.020239584439119, 49.935980348175001 ], [ 5.004464775486219, 49.934470239012704 ], [ 5.008808880876505, 49.917739692610056 ], [ 5.013416266306919, 49.900044274629053 ], [ 5.008194563477891, 49.891601056644305 ], [ 5.000000000302123, 49.885737719826182 ], [ 4.987355371855025, 49.876701912890873 ], [ 4.984499070611351, 49.857231576546162 ], [ 4.972920063280157, 49.839353799158559 ], [ 4.944840420822874, 49.830477901063325 ], [ 4.924406877839614, 49.82752375511528 ], [ 4.914651508925695, 49.817845109941409 ], [ 4.88456211329396, 49.825443193308466 ], [ 4.876091436745932, 49.827581966459604 ], [ 4.878288591963408, 49.861710889097004 ], [ 4.895909775693422, 49.879057012130097 ], [ 4.908345674296011, 49.904679420011483 ], [ 4.910081426935752, 49.928414804036855 ], [ 4.909047033954078, 49.934780198491445 ], [ 4.903446018394657, 49.944502860249401 ], [ 4.880573632958344, 49.957610341325555 ], [ 4.848407282084096, 49.971047953209606 ], [ 4.850230921399667, 49.994489437488866 ], [ 4.861275067319118, 49.998115026689575 ], [ 4.86119167760959, 50.000000000210534 ], [ 4.861040924135259, 50.003121802046785 ], [ 4.885714976095312, 50.043514134242606 ], [ 4.901226891283684, 50.090476027249764 ], [ 4.908564311659769, 50.112424429165003 ], [ 4.919463279049507, 50.145007809712141 ], [ 4.915460049275248, 50.177898876393442 ], [ 4.91499104245866, 50.181750802758955 ], [ 4.913267301192575, 50.195905132378563 ], [ 4.911620709938045, 50.198821129405751 ], [ 4.897228069542516, 50.224301848548514 ], [ 4.876003550968435, 50.227475088375286 ], [ 4.864336656961411, 50.227514752176837 ], [ 4.863224995390565, 50.227575508702685 ], [ 4.862566990224749, 50.231862355028071 ], [ 4.856910272829505, 50.245756744174223 ], [ 4.86046966388652, 50.258019876596414 ], [ 4.848253481524301, 50.263225462265424 ], [ 4.841112727516728, 50.255165810511755 ], [ 4.812373938134921, 50.255033673461476 ], [ 4.793983749809304, 50.25250978846568 ], [ 4.785502730957428, 50.262921598599313 ], [ 4.774209353750604, 50.267888864466038 ], [ 4.753600038314007, 50.26705661942438 ], [ 4.732221719180115, 50.265273188441363 ], [ 4.725168850950075, 50.275259537513058 ], [ 4.749403472225975, 50.286154936362266 ], [ 4.758279978873253, 50.300150192548884 ], [ 4.747448004244117, 50.307977808888687 ], [ 4.715171795698828, 50.294116896657229 ], [ 4.696122460448652, 50.289588118372848 ], [ 4.681511379420456, 50.296559351834645 ], [ 4.691156889765011, 50.307977808888687 ], [ 4.701285775479165, 50.337982664231646 ], [ 4.728398668993976, 50.35721058638412 ], [ 4.723784643216992, 50.375349923270996 ], [ 4.747667719586226, 50.380173602312055 ], [ 4.749579244679294, 50.400135224102421 ], [ 4.748392781293045, 50.415295138303669 ], [ 4.734001414708608, 50.428909878428904 ], [ 4.715413482934453, 50.411805233964863 ], [ 4.702252523523305, 50.412806138647333 ], [ 4.695089797622225, 50.424301847938047 ], [ 4.691530406565211, 50.442836554581149 ], [ 4.686916380788253, 50.449245653627273 ], [ 4.671140806470695, 50.444968631180501 ], [ 4.678413390042806, 50.422050331678172 ], [ 4.680478716593994, 50.394918348346522 ], [ 4.698561302901706, 50.380951143607483 ], [ 4.687158068023877, 50.359715706185085 ], [ 4.6738213361594, 50.350076859724282 ], [ 4.657935904170793, 50.313771786430429 ], [ 4.640490492894106, 50.310221574883471 ], [ 4.627856850842942, 50.33552915668303 ], [ 4.590812815960884, 50.326215219987873 ], [ 4.557306200242297, 50.314959530646085 ], [ 4.526062654523409, 50.310129186674523 ], [ 4.52147059974167, 50.285111728266784 ], [ 4.534455786699491, 50.279248204716055 ], [ 4.527315032691954, 50.266396096876527 ], [ 4.509847649521724, 50.268760724182506 ], [ 4.509034702037378, 50.258521963090786 ], [ 4.528479525082956, 50.248201695353735 ], [ 4.518548383715681, 50.236147526130992 ], [ 4.500000000271902, 50.239504011061491 ], [ 4.49897173110551, 50.239690078240457 ], [ 4.476275119020849, 50.237786650419714 ], [ 4.448920537372089, 50.229564021705023 ], [ 4.438549965320687, 50.242241080095731 ], [ 4.438396164760866, 50.249166424865884 ], [ 4.418665711590919, 50.250474725619362 ], [ 4.421697785287949, 50.263053713651502 ], [ 4.437275615258608, 50.263370787927933 ], [ 4.447030984172564, 50.281110348568255 ], [ 4.491852948991517, 50.289759770763474 ], [ 4.495346425266245, 50.317796797273253 ], [ 4.477483554300614, 50.348533933881214 ], [ 4.500000000271902, 50.358305207127685 ], [ 4.509935535299221, 50.362616205121945 ], [ 4.524260987101382, 50.353690009094173 ], [ 4.564227238907761, 50.364343235898708 ], [ 4.564315124685259, 50.374321862213641 ], [ 4.617134733884857, 50.37073665417676 ], [ 4.631262441340172, 50.38247983191642 ], [ 4.622363962799325, 50.39623579577124 ], [ 4.632317076060142, 50.419969888046211 ], [ 4.629175143793739, 50.430028903605283 ], [ 4.61425646074764, 50.429509434678742 ], [ 4.590988588414213, 50.42869923538148 ], [ 4.515505779966901, 50.421371595573028 ], [ 4.514088158498518, 50.421233966452363 ], [ 4.506288257566411, 50.403085928171706 ], [ 4.500000000271902, 50.401392055967371 ], [ 4.471617150355121, 50.393745789424266 ], [ 4.472254325386146, 50.385721540790861 ], [ 4.434507199792441, 50.367217085569862 ], [ 4.399638348234277, 50.34093725753646 ], [ 4.367867485155431, 50.329962123669588 ], [ 4.328186863473456, 50.322995812094213 ], [ 4.23502748656561, 50.307172666964071 ], [ 4.16267516854291, 50.293100269812655 ], [ 4.186712045471938, 50.253342289091819 ], [ 4.219493599483668, 50.238513663269003 ], [ 4.238235332715941, 50.208710226901239 ], [ 4.259042391601104, 50.205443139249994 ], [ 4.262184323867472, 50.197968997055412 ], [ 4.214879573706719, 50.183202454173511 ], [ 4.223184820105258, 50.150954157450805 ], [ 4.26510653989346, 50.151404407671968 ], [ 4.307357832694786, 50.136901568652412 ], [ 4.357321140650665, 50.137590387858872 ], [ 4.385005295312547, 50.1423191280184 ], [ 4.387444137765601, 50.14127275297021 ], [ 4.42503746190118, 50.118630972201885 ], [ 4.421522013732945, 50.099902628529584 ], [ 4.421697785287949, 50.07106010531546 ], [ 4.438308278085072, 50.055550866596185 ], [ 4.417413333422411, 50.032801942202973 ], [ 4.437407444823193, 50.001620705810382 ], [ 4.439095134001999, 50.000000000210534 ], [ 4.464036939612241, 49.973848216245301 ], [ 4.416600385938056, 49.975661727365456 ], [ 4.359027260564154, 49.97676689038579 ], [ 4.33119696617524, 49.977301105773293 ], [ 4.229820228646354, 49.965867808982729 ], [ 4.169878934876042, 49.971110953109495 ], [ 4.166963075329013, 49.971365992469018 ], [ 4.161515800142279, 49.97184244194888 ], [ 4.156830735592626, 49.972252220385606 ], [ 4.143878033512111, 49.993080294211218 ], [ 4.142826245553276, 50.000000000210534 ], [ 4.142087824999856, 50.004450166064743 ], [ 4.171991105874377, 50.03414275719522 ], [ 4.207672904916859, 50.035098562296689 ], [ 4.209210914108062, 50.047150688284638 ], [ 4.193589140350315, 50.06109709314444 ], [ 4.195676437896712, 50.073248770437118 ], [ 4.179263689446489, 50.081869807711435 ], [ 4.126070563446672, 50.07190905374452 ], [ 4.11620533776001, 50.085742135891984 ], [ 4.113678608631125, 50.154503070978087 ], [ 4.153798661895597, 50.170853782887505 ], [ 4.15955520817005, 50.19632849660821 ], [ 4.153183457859808, 50.22694622971725 ], [ 4.116227308755247, 50.227461866908733 ], [ 4.106406025059004, 50.216182677991966 ], [ 4.090103134279794, 50.219581262056472 ], [ 4.076546687073236, 50.253302646317152 ], [ 4.062309121946908, 50.277636929188162 ], [ 4.040117855328661, 50.32154436830303 ], [ 4.035089345082979, 50.320153224477167 ], [ 4.028832971692857, 50.333200376707858 ], [ 4.007411185777339, 50.331362939749802 ], [ 4.000000000241688, 50.330472949617338 ], [ 3.976808634726056, 50.327687850341619 ], [ 3.930904807250879, 50.316660868463934 ], [ 3.912543276979474, 50.327687850341619 ], [ 3.860518939114375, 50.342386492124497 ], [ 3.808494602147583, 50.347897303838884 ], [ 3.735048479265272, 50.338712260058841 ], [ 3.711225262134977, 50.326196369061329 ], [ 3.689144651790096, 50.311146412902744 ], [ 3.661602356382953, 50.316660868463934 ], [ 3.646301079959023, 50.338712260058841 ], [ 3.670783121518646, 50.355244052845116 ], [ 3.667722865874541, 50.384619619283093 ], [ 3.683024142298471, 50.428648688163051 ], [ 3.673843376264454, 50.452480595342763 ], [ 3.627939549687575, 50.457978552857284 ], [ 3.607137201567788, 50.484441988731156 ], [ 3.561006209021869, 50.479476403286583 ], [ 3.544241915664962, 50.477030250935414 ], [ 3.50515452612525, 50.496503884137539 ], [ 3.506872948466521, 50.499999999891088 ], [ 3.515964528860842, 50.518690267645582 ], [ 3.50572578637398, 50.535354533427224 ], [ 3.500000000211477, 50.538198691102465 ], [ 3.476701366867776, 50.549769991773097 ], [ 3.470549332797913, 50.565627185584283 ], [ 3.491949623825348, 50.584197828869677 ], [ 3.456462522942547, 50.619875794182413 ], [ 3.455872336089096, 50.620468924681198 ], [ 3.406634089840029, 50.616824526230332 ], [ 3.390748658749763, 50.638368738699256 ], [ 3.430209565089702, 50.649256316737386 ], [ 3.435592594563955, 50.670944439470546 ], [ 3.415093137696695, 50.690558349675001 ], [ 3.438092977902159, 50.712741046211192 ], [ 3.440865767265473, 50.715414610323087 ], [ 3.416103828629624, 50.722172057882766 ], [ 3.42179446012178, 50.737666849256271 ], [ 3.396944635708406, 50.74131504361371 ], [ 3.386683921328, 50.728650882690999 ], [ 3.335468236101874, 50.731797415015087 ], [ 3.270234700193194, 50.734758663301918 ], [ 3.201683460463124, 50.730819104365445 ], [ 3.112852478309569, 50.800716569990961 ], [ 3.066690249544583, 50.791567574569839 ], [ 3.041357050659968, 50.799132457394855 ], [ 3.03467769923012, 50.814839187574144 ], [ 3.03573233395009, 50.829076246932757 ], [ 3.05269437165387, 50.842464863635151 ], [ 3.098702799859045, 50.844218948468381 ], [ 3.129089455204799, 50.839906155895726 ], [ 3.161761151545488, 50.880789024725942 ], [ 3.158619220177453, 50.955237327712723 ], [ 3.179514164840078, 50.965748399807772 ], [ 3.167627555491017, 50.980899079565013 ], [ 3.146403036916901, 50.971732985979827 ], [ 3.134406570795097, 50.978203358403228 ], [ 3.153411962258196, 50.996491723376032 ], [ 3.140272974740582, 50.999804153378854 ], [ 3.088991373833871, 50.982805713664902 ], [ 3.002379518791297, 50.973955634842021 ], [ 3.000000000181255, 50.961348231422392 ], [ 2.997238175654328, 50.946710947884519 ], [ 2.952811699529108, 50.933168141437555 ], [ 2.886809159923133, 50.934089546003271 ], [ 2.853983662124316, 50.905346232266808 ], [ 2.854620837155342, 50.88938025802458 ], [ 2.880349523835367, 50.838771838154244 ], [ 2.808151006372442, 50.77824352427713 ], [ 2.771985832858693, 50.774571806692158 ], [ 2.739248221735716, 50.778441629854456 ], [ 2.746960235991981, 50.795766038722569 ], [ 2.754298734346389, 50.80777841503123 ], [ 2.694536114587802, 50.812740864559018 ], [ 2.693020077290134, 50.80037335015772 ], [ 2.685593693158229, 50.785493654695522 ], [ 2.645209982561237, 50.795026713857162 ], [ 2.62778654227976, 50.861874795352989 ], [ 2.605111901190309, 50.920674709989974 ], [ 2.591445596312683, 50.952763786987845 ], [ 2.565760852521402, 50.977664195176082 ], [ 2.551501316399872, 50.996610028844785 ], [ 2.544435304918903, 50.999999999968175 ], [ 2.537856982517492, 51.003190150735918 ], [ 2.531485233105556, 51.006285754665996 ], [ 2.530079053478929, 51.016169039504689 ], [ 2.536450803789162, 51.026236122317229 ], [ 2.557417948746135, 51.033704567668153 ], [ 2.547743759686118, 51.052227588577772 ], [ 2.52955823235546, 51.081703383873588 ], [ 2.575253265840925, 51.104765073293855 ], [ 2.762113313486846, 51.173881149543782 ], [ 2.902462344906489, 51.234719907161221 ], [ 3.035875523029232, 51.282848209721948 ], [ 3.109313969702301, 51.311930533653204 ], [ 3.166432761559132, 51.323660289849322 ], [ 3.273734491975895, 51.350550904088244 ], [ 3.365940541687638, 51.370931376380042 ], [ 3.374100369095756, 51.359213712873419 ], [ 3.378996265540628, 51.343670447810368 ], [ 3.383484170615093, 51.341121868502 ], [ 3.385320131781919, 51.335896837873598 ], [ 3.380424235337048, 51.330033899417984 ], [ 3.378005159027559, 51.320063320698807 ], [ 3.376708837071973, 51.307460482674216 ], [ 3.393275386980351, 51.29370556211078 ], [ 3.403118641671803, 51.271638876513187 ], [ 3.436207797701437, 51.250394085554341 ], [ 3.469253010842326, 51.256459370216959 ], [ 3.500000000211477, 51.255435528562167 ], [ 3.502188366312175, 51.255362657491574 ], [ 3.52174304702883, 51.26605118524153 ], [ 3.545604151504538, 51.267464684696293 ], [ 3.584098309800265, 51.283115939540082 ], [ 3.586537151355022, 51.262404946852421 ], [ 3.594732540082529, 51.254688760594981 ], [ 3.613672017661674, 51.261559401370107 ], [ 3.62527299688641, 51.257899591913109 ], [ 3.635028364902032, 51.251279482345701 ], [ 3.652693492419124, 51.258560229409724 ], [ 3.67407181155299, 51.268640365712599 ], [ 3.69017695888367, 51.252587724115543 ], [ 3.726034530379517, 51.252085574917274 ], [ 3.753916429388226, 51.256525436476629 ], [ 3.757190190320835, 51.272140811021224 ], [ 3.777052472157069, 51.290800922538608 ], [ 3.803132703743749, 51.285743767848956 ], [ 3.7952888599229, 51.256380091143065 ], [ 3.84454907806551, 51.242411527020337 ], [ 3.904992815743868, 51.239715116591825 ], [ 3.969259602710112, 51.243905058653539 ], [ 4.000000000241688, 51.248305898278275 ], [ 4.013664107840112, 51.25026193578929 ], [ 4.049301963993877, 51.256908618900844 ], [ 4.086939231018217, 51.265694500619183 ], [ 4.093530696670559, 51.279299376569476 ], [ 4.086236141204903, 51.300755146624979 ], [ 4.136638879844973, 51.312422852932499 ], [ 4.141999938324025, 51.340708615202672 ], [ 4.166168644817628, 51.338901700940248 ], [ 4.168211999475282, 51.314375978231297 ], [ 4.190095664075589, 51.294286467746744 ], [ 4.174056431527231, 51.271599249869951 ], [ 4.185239951063024, 51.252799153143926 ], [ 4.273433758185551, 51.243191341679186 ], [ 4.331812169312722, 51.229588940159523 ], [ 4.385686413232317, 51.21034832364434 ], [ 4.383809096883583, 51.213073953929268 ], [ 4.374590779474024, 51.226455452616406 ], [ 4.328494465491359, 51.242887347495042 ], [ 4.279212276353539, 51.250380870538642 ], [ 4.197565991994572, 51.258943394221177 ], [ 4.188469769106889, 51.271665294256323 ], [ 4.201520870846997, 51.294576918075684 ], [ 4.180494096619787, 51.315392098520078 ], [ 4.177923424602159, 51.334548985069617 ], [ 4.197785707336689, 51.354950398436081 ], [ 4.171372154067169, 51.382323864028443 ], [ 4.225689577340609, 51.383842265451619 ], [ 4.292614922101979, 51.391668384130789 ], [ 4.314696331049185, 51.368779130535309 ], [ 4.43479282991681, 51.359182515515542 ], [ 4.470386743181821, 51.404010889384431 ], [ 4.4388575673386, 51.418996538445661 ], [ 4.416622356933266, 51.433977250258202 ], [ 4.413150852552083, 51.456728479976199 ], [ 4.430552320940016, 51.473511553782245 ], [ 4.459818426783512, 51.487869571260283 ], [ 4.500000000271902, 51.498411277434748 ], [ 4.506056505697829, 51.500000000093614 ], [ 4.506815574926397, 51.500201320630943 ], [ 4.507254404637627, 51.500000000093614 ], [ 4.543486093906589, 51.483557384262042 ], [ 4.531006253313516, 51.467843356950915 ], [ 4.565237929840653, 51.440083962092203 ], [ 4.633986913917595, 51.45557079755806 ], [ 4.714820250792181, 51.447663566090661 ], [ 4.729760905731815, 51.484070135125791 ], [ 4.777852807355267, 51.500000000093614 ], [ 4.806749221425052, 51.509675002941883 ], [ 4.834675062424208, 51.508930998729156 ], [ 4.838689940652765, 51.500000000093614 ], [ 4.842189333231945, 51.492299653612953 ], [ 4.867324787769697, 51.491287477442746 ], [ 4.872883590595611, 51.480835762697694 ], [ 4.844869862920614, 51.476115268077734 ], [ 4.859678688295673, 51.46333196571009 ], [ 4.816965992018371, 51.456517994357007 ], [ 4.810132840028738, 51.442360607972354 ], [ 4.912674069948627, 51.446584602205775 ], [ 4.941566659890256, 51.43197659744731 ], [ 4.999923099123901, 51.453821063272393 ], [ 5.000000000302123, 51.453941560342635 ], [ 5.027238420801476, 51.496663584568985 ], [ 5.064141380658064, 51.489447098340378 ], [ 5.083426578467544, 51.47253841058221 ], [ 5.07682265947041, 51.447281984032706 ], [ 5.11302354191501, 51.444018671425319 ], [ 5.144068540193162, 51.421326903146216 ], [ 5.160084687835339, 51.397609538375498 ], [ 5.18296803361648, 51.410938086150814 ], [ 5.198325983853361, 51.413426878454615 ], [ 5.217304021616076, 51.402311852932336 ], [ 5.218773996899236, 51.386306188755881 ], [ 5.20405230451344, 51.372034665883923 ], [ 5.25826586816699, 51.323084845247394 ], [ 5.289288926890933, 51.324047996759106 ], [ 5.301004849149542, 51.307645261032839 ], [ 5.290363983012256, 51.285241983296729 ], [ 5.308837402943901, 51.282138718326557 ], [ 5.284813181480586, 51.274518318388168 ], [ 5.267370938561925, 51.263937459101712 ], [ 5.263246231408408, 51.243878624869161 ], [ 5.27748524551728, 51.22883533618328 ], [ 5.29514688757107, 51.220888686854479 ], [ 5.306029092397642, 51.207226746743061 ], [ 5.317233716054377, 51.188965448043326 ], [ 5.316801597656626, 51.188161995399213 ], [ 5.2767831681053, 51.178633263631454 ], [ 5.225268215430495, 51.138935390471111 ], [ 5.161708242692741, 51.121273505707876 ], [ 5.120329537425799, 51.092003168967565 ], [ 5.077020119051327, 51.083807318558705 ], [ 5.027326180814842, 51.073208901105872 ], [ 5.027633339963283, 51.050252775135505 ], [ 5.053983193695989, 51.043868142331689 ], [ 5.07135961705381, 51.025904129869261 ], [ 5.102953114068015, 51.032317806782622 ], [ 5.10387459151342, 51.047637969972143 ], [ 5.136433445081388, 51.051128768045729 ], [ 5.163156278421726, 51.047491961153426 ], [ 5.169101999115232, 51.036513436077712 ], [ 5.162015401841211, 51.016062778806514 ], [ 5.132133218799451, 51.017019115711108 ], [ 5.142554684903311, 51.001994368552609 ], [ 5.139452478833753, 50.999999999968175 ], [ 5.113330700165181, 50.983384263103822 ], [ 5.136784484236548, 50.972706229741839 ], [ 5.177783451869957, 50.999999999968175 ], [ 5.179720923901684, 51.00130345740174 ], [ 5.202757849257022, 51.014521972306405 ], [ 5.225509555018105, 51.029383295084962 ], [ 5.298372057731692, 51.069480967700862 ], [ 5.308859343396409, 51.061108600617075 ], [ 5.294313170139032, 51.046894648097556 ], [ 5.305524473668247, 51.038956284759593 ], [ 5.298152657698257, 51.027006336338282 ], [ 5.310987516084873, 51.017882458331037 ], [ 5.305656113688306, 51.001436325734119 ], [ 5.307568695200158, 50.999999999968175 ], [ 5.321650321776308, 50.989537476306559 ], [ 5.304076438837595, 50.979860258996986 ], [ 5.230928717428013, 50.971298964967964 ], [ 5.208177011666966, 50.957960700684367 ], [ 5.155038504134766, 50.957605487395178 ], [ 5.155411483742401, 50.95060590921986 ], [ 5.160940345719895, 50.921003874425459 ], [ 5.136521205094764, 50.857550459417595 ], [ 5.156662058992169, 50.845485012743993 ], [ 5.149970380879984, 50.797693508203864 ], [ 5.132242919265336, 50.790669740746338 ], [ 5.115458873751942, 50.754583601020258 ], [ 5.134371091953791, 50.74825375471891 ], [ 5.12226025143167, 50.718813292743988 ], [ 5.099706005251542, 50.716234548671657 ], [ 5.096700235124356, 50.703854591306886 ], [ 5.112233704489655, 50.703761993597112 ], [ 5.128491190821144, 50.695797918171685 ], [ 5.105081287654802, 50.690346637650833 ], [ 5.109096294342446, 50.681970006703175 ], [ 5.129544307388285, 50.683465471075088 ], [ 5.151944974892503, 50.668363048134957 ], [ 5.141304109653577, 50.655811481307232 ], [ 5.122545470127631, 50.654924270833604 ], [ 5.10637574291122, 50.651997679569234 ], [ 5.110895368328258, 50.637136773142757 ], [ 5.112739029294863, 50.635657460850979 ], [ 5.132242919265336, 50.620005108127131 ], [ 5.131365321826604, 50.606128232523481 ], [ 5.13279141710308, 50.591385344198123 ], [ 5.127723293848297, 50.582884860972072 ], [ 5.145757914611424, 50.55688317059019 ], [ 5.128315671692735, 50.55197306933696 ], [ 5.106134404221942, 50.562270419844673 ], [ 5.084677153717277, 50.560439355331368 ], [ 5.089920796998803, 50.535593499824913 ], [ 5.120373417432491, 50.525940946479153 ], [ 5.147381469468816, 50.530787387160409 ], [ 5.156420720302857, 50.522780532177471 ], [ 5.228317865564374, 50.535142117956958 ], [ 5.258770485998053, 50.527653855602168 ], [ 5.258704666437194, 50.501754375933118 ], [ 5.257507262469128, 50.499999999891088 ], [ 5.251069571325419, 50.490666585916486 ], [ 5.243785515368804, 50.474202550128176 ], [ 5.239002610809981, 50.455088096510693 ], [ 5.254952938891336, 50.434794335933191 ], [ 5.233210469690746, 50.424946999026744 ], [ 5.204447223675284, 50.428106796974411 ], [ 5.181958797056024, 50.417520640611265 ], [ 5.149026963880394, 50.416928061590013 ], [ 5.122369950999222, 50.402585375260415 ], [ 5.085818030297793, 50.400319648446164 ], [ 5.069714122642242, 50.383033309968766 ], [ 5.091149432694362, 50.369510766702248 ], [ 5.107187520789046, 50.371237545215365 ], [ 5.105871125080157, 50.383599959423961 ], [ 5.11541499374525, 50.387658553579705 ], [ 5.141720968369596, 50.384311556381832 ], [ 5.134634371095575, 50.361469211241847 ], [ 5.133954233237771, 50.343983988295335 ], [ 5.091017793572636, 50.342731027379642 ], [ 5.080047828732689, 50.354810820690822 ], [ 5.068704886081749, 50.354191081048967 ], [ 5.050055947021712, 50.36224706078692 ], [ 5.027435880382393, 50.355351438125403 ], [ 5.036058272500413, 50.327415844623992 ], [ 5.034654116778113, 50.308268184514418 ], [ 5.004179556790258, 50.320633894217082 ], [ 5.000000000302123, 50.315407153583422 ], [ 4.993639235489463, 50.307463047533091 ], [ 5.000000000302123, 50.303345653116274 ], [ 5.023662213282323, 50.288003603952447 ], [ 5.008677241754778, 50.2701873695176 ], [ 5.000000000302123, 50.272036369959295 ], [ 4.987706916761682, 50.274651962634792 ], [ 4.976391568559639, 50.299820163813322 ], [ 4.951453857470434, 50.30904691094667 ], [ 4.919133706036393, 50.310287566186361 ], [ 4.928185985136999, 50.295093893857697 ], [ 4.924384906844405, 50.278918029611347 ], [ 4.908938905539987, 50.26572235489477 ], [ 4.905511344047547, 50.256500371818078 ], [ 4.90028211513308, 50.251624414892497 ], [ 4.914409822588368, 50.236121088605636 ], [ 4.931569603740694, 50.226708241253107 ], [ 4.956683086384903, 50.239637205973189 ], [ 4.977270429927984, 50.237205032344114 ], [ 4.98518018853113, 50.22718421698719 ], [ 4.96375750879186, 50.196091287001593 ], [ 4.962640892113925, 50.194470069139861 ], [ 4.961560771291037, 50.192901784944432 ], [ 4.972568518373501, 50.172693713547233 ], [ 4.995023443222583, 50.164552474258358 ], [ 5.000000000302123, 50.167213082785437 ], [ 5.010410496179724, 50.172786369987783 ], [ 5.028006318672656, 50.179960080412386 ], [ 5.037923166047084, 50.202109685239073 ], [ 5.040665657032485, 50.206541011462541 ], [ 5.063154084550079, 50.205734143947957 ], [ 5.055979727262717, 50.184022938217794 ], [ 5.074650606775262, 50.172892262923909 ], [ 5.062100967982938, 50.136822088982598 ], [ 5.060543232686441, 50.113051676585989 ], [ 5.06925338391953, 50.096853439525404 ], [ 5.083931196298606, 50.08761188000004 ], [ 5.101505079237354, 50.08015898732922 ], [ 5.134217512379556, 50.077320747260359 ], [ 5.175223238937162, 50.07255902018607 ], [ 5.195473792402112, 50.05821791272173 ], [ 5.203635445797421, 50.029111188413033 ], [ 5.226167752423401, 50.029111188413033 ], [ 5.222130806181582, 50.055670289854937 ], [ 5.215461067623582, 50.067690690661259 ], [ 5.228844423847943, 50.074906783588887 ], [ 5.248217380772467, 50.073076333954148 ], [ 5.249204677778748, 50.054515853271589 ], [ 5.246922924617716, 50.04104536605314 ], [ 5.259977182139436, 50.035948151285176 ], [ 5.305129555404736, 50.062171765627795 ], [ 5.300258890832546, 50.071219284116381 ], [ 5.296331644158269, 50.093154379112185 ], [ 5.28514228018323, 50.107524746749235 ], [ 5.309407841234163, 50.112932397572237 ], [ 5.341791175673714, 50.095819322899651 ], [ 5.359803856882656, 50.10501952419289 ], [ 5.377004761112041, 50.122487062279561 ], [ 5.36164681087516, 50.132649213224688 ], [ 5.316209218913891, 50.140292582561862 ], [ 5.314827003644099, 50.156264186832253 ], [ 5.274720814079406, 50.160845431842674 ], [ 5.279876697347565, 50.175618924040378 ], [ 5.307959806403512, 50.174586517233699 ], [ 5.311206915219976, 50.183586230583636 ], [ 5.293764672301287, 50.193801486035277 ], [ 5.295980605003117, 50.217293526088824 ], [ 5.310504837807986, 50.237958490627506 ], [ 5.324458632322576, 50.254293699976508 ], [ 5.360418175179565, 50.267585030715239 ], [ 5.379900831671676, 50.273185826233927 ], [ 5.404517430979437, 50.278019942160448 ], [ 5.415004716644128, 50.266316833712985 ], [ 5.428629412456092, 50.270781792294095 ], [ 5.463579718752634, 50.300255801419141 ], [ 5.450108602514904, 50.332099308402228 ], [ 5.40087540300113, 50.333128289142266 ], [ 5.36886504727087, 50.32402499105288 ], [ 5.368119089852208, 50.301760701772061 ], [ 5.329943614293378, 50.292189248002956 ], [ 5.308288905106156, 50.322098561035027 ], [ 5.321343162627838, 50.328154675615778 ], [ 5.316604138075698, 50.338615807047361 ], [ 5.33068957171205, 50.344326897710111 ], [ 5.351378924345535, 50.339077468550173 ], [ 5.369501305121992, 50.347175590377837 ], [ 5.378869654658711, 50.367467550719411 ], [ 5.392472410916509, 50.38764537681643 ], [ 5.37244125568832, 50.419785540588087 ], [ 5.33005331386093, 50.441915257564531 ], [ 5.332861625305521, 50.492073388649075 ], [ 5.366407775879763, 50.494794840785495 ], [ 5.381348866502328, 50.485472884177831 ], [ 5.368579828574911, 50.470019871889988 ], [ 5.382862721792179, 50.462679555722978 ], [ 5.418624805068252, 50.468967566894229 ], [ 5.440301454707982, 50.454351251618426 ], [ 5.478345290246788, 50.450627377745022 ], [ 5.500000000332335, 50.448817830181596 ], [ 5.526218137688164, 50.446626852712079 ], [ 5.551514952108834, 50.448390280462256 ], [ 5.558996467646375, 50.438703736778422 ], [ 5.559742425065047, 50.43085828109227 ], [ 5.600813971183512, 50.428593913504457 ], [ 5.604061080898308, 50.44613991584481 ], [ 5.626900546672721, 50.447469091577048 ], [ 5.632912086927101, 50.438848522849376 ], [ 5.625891309213939, 50.435465670101216 ], [ 5.630367054624286, 50.410158963235276 ], [ 5.648818535001728, 50.393706264225948 ], [ 5.694190306503833, 50.393403238327295 ], [ 5.695506702212757, 50.37882934767071 ], [ 5.664264244353688, 50.375218121661085 ], [ 5.681947826859986, 50.346621691115125 ], [ 5.728965093671966, 50.346239233386001 ], [ 5.727560937949664, 50.322929838526207 ], [ 5.683790780852481, 50.324671515254771 ], [ 5.663342767806606, 50.314550422239456 ], [ 5.695045964388352, 50.284319402754221 ], [ 5.735985870486759, 50.284411841375714 ], [ 5.779185590192012, 50.284636334090337 ], [ 5.785328769568119, 50.307515844122442 ], [ 5.813719036874238, 50.314405253648268 ], [ 5.828616248388416, 50.304783558763859 ], [ 5.835966124804221, 50.291172579743964 ], [ 5.827694771841335, 50.281110348568255 ], [ 5.844522696463078, 50.268866403109882 ], [ 5.909662344949846, 50.286934026268433 ], [ 5.932984488102858, 50.292664565742818 ], [ 5.911636938064068, 50.314880348204774 ], [ 5.877015731368512, 50.318760110035925 ], [ 5.854176265594054, 50.33225761489949 ], [ 5.853869106445623, 50.351843908974821 ], [ 5.863895653387601, 50.372239311342682 ], [ 5.921882885039518, 50.354613032376086 ], [ 5.994679567293904, 50.351936215666221 ], [ 6.000000000362556, 50.354396401256828 ], [ 6.032350424123339, 50.369352585613129 ], [ 6.070657539702228, 50.403678681278542 ], [ 6.105103227269411, 50.408631172101764 ], [ 6.16368283676572, 50.413728005851034 ], [ 6.165525790758225, 50.428093631515324 ], [ 6.174367528112439, 50.466192023377502 ], [ 6.150957677946663, 50.476188534327164 ], [ 6.115071304666177, 50.499999999891088 ], [ 6.114515456812778, 50.500372669035251 ], [ 6.065124567932317, 50.543792996648783 ], [ 6.041192215376488, 50.564817868452863 ], [ 6.017540972622537, 50.572804285444931 ], [ 6.020524803195512, 50.584330449935386 ], [ 6.000000000362556, 50.589390270705145 ], [ 5.993143772449878, 50.591080361248743 ], [ 5.981010991475284, 50.581784061461356 ], [ 5.969887447959437, 50.587884552203441 ], [ 5.960606858436093, 50.581916689361805 ], [ 5.935288180818056, 50.584489594261093 ], [ 5.940992561923959, 50.626339122693707 ], [ 5.908521468369331, 50.633798379477604 ], [ 5.898538800535701, 50.626749876521757 ], [ 5.895576910415207, 50.61180141651208 ], [ 5.875106956916816, 50.608169597927187 ], [ 5.862272099428541, 50.584423284000465 ], [ 5.813587397752476, 50.588826078716238 ], [ 5.744410803023889, 50.580152708826553 ], [ 5.73960595891089, 50.600799055367702 ], [ 5.765363434799157, 50.609176991844812 ], [ 5.773327628613577, 50.599499810473013 ], [ 5.790045854566075, 50.601289577027373 ], [ 5.794038921699533, 50.614306411527672 ], [ 5.810625507631972, 50.623185473774868 ], [ 5.808343754470986, 50.651971193611594 ], [ 5.78175256115067, 50.670216368700629 ], [ 5.756060904823297, 50.680831833409258 ], [ 5.728021676672367, 50.67846275562669 ], [ 5.724599047829162, 50.707730294804321 ], [ 5.699631409366248, 50.711552771884257 ], [ 5.704677593066857, 50.734084467401352 ], [ 5.725279185686966, 50.734044808012094 ], [ 5.727473178834586, 50.753315058268917 ], [ 5.709284977598928, 50.75663169711521 ], [ 5.711522850753276, 50.766012145874654 ], [ 5.735327673081462, 50.766368829634317 ], [ 5.770892296776644, 50.772828299635606 ], [ 5.792568946416375, 50.78423915897897 ], [ 5.80206893507482, 50.794775869084944 ], [ 5.825281379558577, 50.800412952487939 ], [ 5.852377191608243, 50.800954182280776 ], [ 5.895642729976066, 50.791290304226713 ], [ 5.941541060660002, 50.796175302117497 ], [ 5.942638057233833, 50.80912466364304 ], [ 5.922782422032425, 50.812239364283514 ], [ 5.886384080006898, 50.826450834106637 ], [ 5.873878321221267, 50.841541635239892 ], [ 5.873351762937696, 50.85099726740475 ], [ 5.874580398633245, 50.863417220096949 ], [ 5.887239737891444, 50.882212222757794 ], [ 5.893558437294259, 50.894953165938333 ], [ 5.918899054466507, 50.892397353029885 ], [ 5.933686566413135, 50.877112228377946 ], [ 5.965345882988233, 50.873290159707949 ], [ 5.998606814866505, 50.87383054044215 ], [ 6.000000000362556, 50.874663065163539 ], [ 6.015325039920706, 50.883819856602031 ], [ 6.027084841287666, 50.898035763391775 ], [ 6.006702647802658, 50.9132218054365 ], [ 6.031472827582941, 50.929785110996846 ], [ 6.029893152732232, 50.944157991010663 ], [ 6.026777683037495, 50.961131189383998 ], [ 6.021471512520636, 50.968931006648184 ], [ 6.059753395321517, 50.974455386966724 ], [ 6.082197941934095, 50.977716796992553 ], [ 6.098521248724776, 50.975717895492906 ], [ 6.113901138515833, 50.96424884350084 ], [ 6.113725619387423, 50.94888216581888 ], [ 6.10473024856004, 50.936169221589445 ], [ 6.121799512769392, 50.932707431704848 ], [ 6.131036223184386, 50.925704083861724 ], [ 6.131014282731877, 50.916355858696271 ], [ 6.103852651121344, 50.913116455474992 ], [ 6.099881524440393, 50.908507158404653 ], [ 6.106002764262309, 50.886890018305344 ], [ 6.104401149857387, 50.886086261891776 ], [ 6.089920797059237, 50.878930895326825 ], [ 6.071271857999164, 50.884215167540241 ], [ 6.059928914449928, 50.877942498117456 ], [ 6.042245331943629, 50.882106802243307 ], [ 6.024408170761429, 50.867332375467228 ], [ 6.038844643552931, 50.854056417824374 ], [ 6.009181859646274, 50.810550061237898 ], [ 6.017804251764321, 50.800558160933136 ], [ 6.028752276151716, 50.784873013849776 ], [ 6.030639110150903, 50.771111145619045 ], [ 6.093782224172646, 50.751028950037536 ], [ 6.09235612889617, 50.734137345584379 ], [ 6.105454266424536, 50.731585890159508 ], [ 6.102580135419102, 50.726694108145374 ], [ 6.117345707811555, 50.724565361445784 ], [ 6.116555870386199, 50.714819484986812 ], [ 6.132220978873252, 50.686932647345493 ], [ 6.219563834385025, 50.65295115890455 ], [ 6.220891069166167, 50.650526769283175 ] ], [ [ 5.085659832484675, 50.637342367588104 ], [ 5.086827266858241, 50.641243200071642 ], [ 5.064338840238981, 50.647071057694788 ], [ 5.053105597155592, 50.641243200071642 ], [ 5.050159038582016, 50.639551186444294 ], [ 5.022587156262711, 50.623715513501786 ], [ 5.000000000302123, 50.606302221366498 ], [ 4.987223543188774, 50.596463679717239 ], [ 4.992057284307831, 50.576982681921116 ], [ 5.000000000302123, 50.573372644556578 ], [ 5.011331972726813, 50.568214252175771 ], [ 5.001700344048309, 50.537996371834822 ], [ 5.024188771565894, 50.530203185154896 ], [ 5.051482042298188, 50.529220647536278 ], [ 5.070767239209382, 50.537027272650711 ], [ 5.065940454643876, 50.56431369716185 ], [ 5.04777419386069, 50.574064475727461 ], [ 5.033557120204316, 50.589648241556787 ], [ 5.037023629054177, 50.602310376387557 ], [ 5.056308826863695, 50.613020795890598 ], [ 5.083624037150138, 50.6305392412552 ], [ 5.085659832484675, 50.637342367588104 ] ], [ [ 4.974348213901996, 50.704423400961552 ], [ 4.971140367751636, 50.716089076938374 ], [ 4.942181863027748, 50.72481658488033 ], [ 4.914827281379014, 50.718033072233894 ], [ 4.887494671623797, 50.714145000003441 ], [ 4.885890748548642, 50.735512165257298 ], [ 4.871411496186696, 50.740363368086712 ], [ 4.848912627550536, 50.735498946249812 ], [ 4.840849068387605, 50.716089076938374 ], [ 4.842474963356313, 50.685979861073697 ], [ 4.887494671623797, 50.678171575461896 ], [ 4.908389617184765, 50.686932647345493 ], [ 4.927702610665802, 50.695678843863355 ], [ 4.974348213901996, 50.704423400961552 ] ], [ [ 4.81512038170759, 50.716089076938374 ], [ 4.79259954207622, 50.718998427636151 ], [ 4.774912443563918, 50.726773438264033 ], [ 4.755599450082907, 50.715110435923016 ], [ 4.755599450082907, 50.704423400961552 ], [ 4.762037114277139, 50.693733915906996 ], [ 4.76041121930843, 50.685966628016025 ], [ 4.79259954207622, 50.68110976197412 ], [ 4.813494487637178, 50.685966628016025 ], [ 4.823161969875303, 50.697623690167639 ], [ 4.81512038170759, 50.716089076938374 ] ] ], [ [ [ 13.743676130725222, 37.984476984497071 ], [ 13.766596055904703, 37.98175758842703 ], [ 13.86867151384137, 37.999999999985143 ], [ 13.877631966255336, 38.001612193939366 ], [ 13.9178448532179, 38.022476765225377 ], [ 13.97258272218027, 38.030081423711771 ], [ 13.999999999947628, 38.023442227202416 ], [ 14.069027726765654, 38.006724218981425 ], [ 14.118535723619814, 38.017400736242877 ], [ 14.21546416196524, 38.00679400534667 ], [ 14.329950030604969, 38.022476765225377 ], [ 14.406156746423976, 38.038243336091533 ], [ 14.48851625449095, 38.028843104193449 ], [ 14.49999999997784, 38.032801648412722 ], [ 14.555252066405471, 38.051844486288836 ], [ 14.673099995878685, 38.061764743504618 ], [ 14.697689187587109, 38.069138677761458 ], [ 14.747702591891477, 38.111328266792349 ], [ 14.765831351604794, 38.13574901085736 ], [ 14.863550863457403, 38.14297611060644 ], [ 14.922595687083177, 38.155164763918329 ], [ 14.967335270102373, 38.132248397368727 ], [ 15.000000000008052, 38.135147859044594 ], [ 15.011470507920915, 38.136166983274812 ], [ 15.027606055139106, 38.134547326623128 ], [ 15.037111758879391, 38.129966811558234 ], [ 15.062928634967488, 38.10294806818316 ], [ 15.097021838888514, 38.094270667396252 ], [ 15.14817262173367, 38.105509271789849 ], [ 15.237236452598758, 38.138935989839361 ], [ 15.271175985317393, 38.161658735973056 ], [ 15.276686219829148, 38.183800014527371 ], [ 15.27332739113405, 38.198939907980417 ], [ 15.272822469672413, 38.210753780495878 ], [ 15.278508329313789, 38.20828329221056 ], [ 15.287311532535584, 38.1874199561993 ], [ 15.295500048252862, 38.177099164552459 ], [ 15.312886923509005, 38.17198173251392 ], [ 15.323929346459742, 38.171755443311817 ], [ 15.436702552755783, 38.20932717033584 ], [ 15.472134897728729, 38.230079820673822 ], [ 15.500000000038265, 38.258330546703206 ], [ 15.511584664060802, 38.270072273057231 ], [ 15.535755055793878, 38.277459753727108 ], [ 15.568487166532389, 38.275982318355737 ], [ 15.590132948262335, 38.261849550690513 ], [ 15.611295761559559, 38.256772898246133 ], [ 15.655948419100282, 38.253834535175898 ], [ 15.659526778084512, 38.24649679828218 ], [ 15.616125448581737, 38.238932235705136 ], [ 15.591625760516648, 38.216999214387755 ], [ 15.575578025414108, 38.187037086085276 ], [ 15.576741541336405, 38.178004250190895 ], [ 15.581680994401466, 38.174662337003994 ], [ 15.586839979552293, 38.178073871857272 ], [ 15.592064822891546, 38.176281095590163 ], [ 15.590176854320161, 38.169596955328764 ], [ 15.565721072312897, 38.125403424205189 ], [ 15.505986617433395, 38.0399349000539 ], [ 15.500000000038265, 38.033743433855875 ], [ 15.467381955577901, 37.999999999985143 ], [ 15.287838407026133, 37.815257673225048 ], [ 15.255808796806111, 37.720655144933104 ], [ 15.267400047276313, 37.70141376625218 ], [ 15.255216062330508, 37.691860794510781 ], [ 15.24663239029616, 37.643938017507111 ], [ 15.223998717773537, 37.600409726027735 ], [ 15.203165201706645, 37.556280423085489 ], [ 15.187490669892261, 37.538931713531689 ], [ 15.171574653861519, 37.521299859918187 ], [ 15.117510436022284, 37.499999999942176 ], [ 15.116757699018162, 37.499705394604923 ], [ 15.118491995488837, 37.430995717828139 ], [ 15.136054496772919, 37.352967919166787 ], [ 15.185888091595068, 37.297556008709044 ], [ 15.206414264358862, 37.284400487151487 ], [ 15.247137312656113, 37.276839791823726 ], [ 15.263646063162462, 37.276752883074586 ], [ 15.272383407297516, 37.281185112458473 ], [ 15.29582934548319, 37.27204226414451 ], [ 15.315235908382512, 37.260620821200035 ], [ 15.317058017867154, 37.243041947054685 ], [ 15.308606064006286, 37.241702931560624 ], [ 15.293480360609685, 37.239511763482341 ], [ 15.273107859946601, 37.227024356913553 ], [ 15.26970512519368, 37.220379789363719 ], [ 15.273920125609655, 37.181143940893897 ], [ 15.284150281999022, 37.141156170800315 ], [ 15.294007235998549, 37.126335957194662 ], [ 15.306937626622355, 37.124036907209963 ], [ 15.315411533512133, 37.125604448733711 ], [ 15.319231377611041, 37.120832052944152 ], [ 15.312469814163022, 37.114561291718211 ], [ 15.303820283041933, 37.110241129081906 ], [ 15.309923252029293, 37.094491334287724 ], [ 15.336574346809359, 37.067845062276476 ], [ 15.371216379148164, 37.055852030211604 ], [ 15.373609269181182, 37.041119599465056 ], [ 15.364432862671229, 37.036062834188748 ], [ 15.356771222342818, 37.03560945257405 ], [ 15.35106340967253, 37.027343476088575 ], [ 15.352929425214997, 37.018919617518009 ], [ 15.375870441040721, 37.016582396440931 ], [ 15.387198254265648, 37.010843688389258 ], [ 15.389874353463345, 37.000000000102617 ], [ 15.390074113629705, 36.999195850009805 ], [ 15.383158878979291, 36.997324087954425 ], [ 15.377472650130336, 37.000000000102617 ], [ 15.375277707463432, 37.00103977805918 ], [ 15.365091457131889, 37.003726385618378 ], [ 15.353874762812664, 37.000000000102617 ], [ 15.340042940649022, 36.995434947945981 ], [ 15.335213252728526, 36.9843937979591 ], [ 15.33422536193585, 36.974287215214183 ], [ 15.317628799313846, 36.963000220582849 ], [ 15.298814969991819, 36.958960072031317 ], [ 15.274973875489071, 36.956150913823059 ], [ 15.214163717701242, 36.912855865894954 ], [ 15.168852466598171, 36.862244183380405 ], [ 15.133222543466685, 36.780562460858462 ], [ 15.106329964470262, 36.731532103716191 ], [ 15.100731916944536, 36.708866622652955 ], [ 15.122904574063352, 36.679964007363765 ], [ 15.137635121142884, 36.647481173512027 ], [ 15.129995433843385, 36.638653063108436 ], [ 15.106615354744449, 36.62719415169186 ], [ 15.087033166715505, 36.621342129655091 ], [ 15.065958166432251, 36.628970569504567 ], [ 15.042600040362231, 36.668963867487541 ], [ 15.003347851290377, 36.705978593498962 ], [ 15.000000000008052, 36.706030654513597 ], [ 14.910399975529653, 36.707422621760031 ], [ 14.842301758892305, 36.729897214167259 ], [ 14.775763715579158, 36.710049638514256 ], [ 14.674989781741889, 36.741201583582153 ], [ 14.521235919969515, 36.775626083830971 ], [ 14.49999999997784, 36.787044482529282 ], [ 14.465992642658625, 36.805326415678898 ], [ 14.440898043499995, 36.90386764826826 ], [ 14.354596356962093, 37.000000000102617 ], [ 14.336278615967508, 37.020524234603165 ], [ 14.254666233129077, 37.071993369927675 ], [ 14.146355130427478, 37.097104914184754 ], [ 14.06069948439414, 37.103342288980031 ], [ 13.999999999947628, 37.099071548782078 ], [ 13.978735513529918, 37.097575348349061 ], [ 13.929337388719844, 37.089873788636872 ], [ 13.919997337012898, 37.095574788096677 ], [ 13.865106641264502, 37.129070341077274 ], [ 13.77156223744273, 37.141330304200928 ], [ 13.631344516459917, 37.209385386637727 ], [ 13.544809900362104, 37.263958775147735 ], [ 13.499999999917415, 37.272681559196613 ], [ 13.498729888106874, 37.272928787164865 ], [ 13.480359410615222, 37.321984016895904 ], [ 13.429379139689091, 37.33944009882326 ], [ 13.301774641152718, 37.361198021570971 ], [ 13.221898223854758, 37.400790489352786 ], [ 13.174345936629241, 37.448894452796146 ], [ 13.120069526838432, 37.482009597285675 ], [ 13.083284623576482, 37.491040008454291 ], [ 13.005319966730205, 37.49563278938696 ], [ 12.999999999887205, 37.496849473029116 ], [ 12.986223867881282, 37.499999999942176 ], [ 12.970007339336858, 37.503733587612885 ], [ 12.925289730906144, 37.558947752316591 ], [ 12.822669959484315, 37.565746393099147 ], [ 12.716512334114418, 37.557622816666701 ], [ 12.671531034215205, 37.558494487305204 ], [ 12.613650846710886, 37.626348645141213 ], [ 12.525512109908536, 37.651686457967728 ], [ 12.499999999856989, 37.671281535367513 ], [ 12.490946606845414, 37.678233917819711 ], [ 12.47861904955764, 37.769118984026711 ], [ 12.468862480494485, 37.789176808884278 ], [ 12.492462830992663, 37.801549435656028 ], [ 12.499999999856989, 37.814716077667114 ], [ 12.507888757645427, 37.828494371163224 ], [ 12.506262662352407, 37.867808180032938 ], [ 12.499999999856989, 37.87535056635479 ], [ 12.484310381735726, 37.894242811297758 ], [ 12.499999999856989, 37.932186573927723 ], [ 12.528060976220969, 37.999999999985143 ], [ 12.535158807825923, 38.017261183807818 ], [ 12.559813922401473, 38.039307107438745 ], [ 12.650787337998628, 38.048932659070516 ], [ 12.664169658465458, 38.086184763905223 ], [ 12.704712158865332, 38.10960352356269 ], [ 12.695526921017819, 38.181972571741554 ], [ 12.74099165377876, 38.188394524290956 ], [ 12.782654842021444, 38.135209126216168 ], [ 12.86371786823271, 38.043143531060409 ], [ 12.920982776242738, 38.015359758561189 ], [ 12.999999999887205, 38.025092865665442 ], [ 13.011472758079853, 38.026505937500076 ], [ 13.074165307697783, 38.054337753861233 ], [ 13.093238961241013, 38.079492299880201 ], [ 13.067309340296553, 38.114603423782505 ], [ 13.088690290595904, 38.169353250977615 ], [ 13.149053568869235, 38.183608570841123 ], [ 13.175928082745298, 38.160022240712649 ], [ 13.232226124133561, 38.151821794860446 ], [ 13.339943921929351, 38.172120987382733 ], [ 13.37365242861816, 38.185435972249977 ], [ 13.422479223110903, 38.17114619908574 ], [ 13.426830126052952, 38.125612440939662 ], [ 13.448782406669633, 38.105195659784329 ], [ 13.490269800001109, 38.104010891857477 ], [ 13.499999999917415, 38.106662566077411 ], [ 13.524857277652709, 38.113436230845103 ], [ 13.551028614578877, 38.100020868203728 ], [ 13.548545523809864, 38.071125851291505 ], [ 13.562718918682195, 38.040510371258435 ], [ 13.61574279579426, 38.011347413267856 ], [ 13.648555903130362, 37.999999999985143 ], [ 13.667404269081805, 37.993525732645452 ], [ 13.743676130725222, 37.984476984497071 ] ] ], [ [ [ 9.04952938897984, 41.085875200106656 ], [ 9.072061694707488, 41.077907284733655 ], [ 9.134919590033242, 41.096395235769975 ], [ 9.146898791433619, 41.115491791150589 ], [ 9.18582022441112, 41.114167168239099 ], [ 9.23786173447119, 41.162433878541158 ], [ 9.246944865311931, 41.176427595829217 ], [ 9.229919480210956, 41.213422993283508 ], [ 9.231082296345647, 41.236290545564913 ], [ 9.216470304425735, 41.2426430045603 ], [ 9.21396915212962, 41.251138849757815 ], [ 9.26035016109047, 41.257796105388067 ], [ 9.267941376195553, 41.263050503062502 ], [ 9.324348932996733, 41.251993208543638 ], [ 9.354691853862878, 41.224083694193212 ], [ 9.353572917734871, 41.198888718865831 ], [ 9.384837315148106, 41.197452858982096 ], [ 9.395280721704458, 41.203438086785262 ], [ 9.409870774070184, 41.205777176560765 ], [ 9.420094780593118, 41.195371613060118 ], [ 9.446971192609377, 41.188595001444774 ], [ 9.457809517429244, 41.170036375803534 ], [ 9.462877640684027, 41.136165336906657 ], [ 9.459696351428423, 41.125910140401999 ], [ 9.468230983533097, 41.098091857038796 ], [ 9.473825665071448, 41.095054066283566 ], [ 9.472860308517674, 41.13411442668739 ], [ 9.479135127913834, 41.138668328487988 ], [ 9.484049671594381, 41.159705801909908 ], [ 9.491333728449311, 41.169084094580072 ], [ 9.499999999675717, 41.166897474236571 ], [ 9.502720551106934, 41.166211026515207 ], [ 9.513844094622772, 41.175152630193608 ], [ 9.524441080753357, 41.176120960799523 ], [ 9.537100419113223, 41.167599153611462 ], [ 9.547960683487277, 41.145417852160328 ], [ 9.558579609172044, 41.147759030420403 ], [ 9.564371750291317, 41.141865558600543 ], [ 9.562989535021524, 41.110128518737248 ], [ 9.558930648327198, 41.104506300793439 ], [ 9.547543824771259, 41.099723802622186 ], [ 9.53319511199313, 41.101517280645091 ], [ 9.524090041598205, 41.093955256057882 ], [ 9.531812896723338, 41.087135754765725 ], [ 9.538131596126179, 41.085050978325867 ], [ 9.534928366418075, 41.071571046893737 ], [ 9.521786348883008, 41.040592213435453 ], [ 9.509982667509364, 41.02765306859488 ], [ 9.499999999675717, 41.015479430027789 ], [ 9.495085455995168, 41.009485420937359 ], [ 9.499999999675717, 41.011200973970467 ], [ 9.512374119339615, 41.015520293314388 ], [ 9.528499967447685, 41.027976578566204 ], [ 9.539930670111991, 41.032845208364868 ], [ 9.544823274238357, 41.024870817680785 ], [ 9.532997652412213, 41.009339800665749 ], [ 9.550044977067373, 41.007106913170254 ], [ 9.593376335894352, 41.021538431403627 ], [ 9.607242370395591, 41.019872174550017 ], [ 9.628743500008598, 41.003676532679805 ], [ 9.645461725961106, 41.007462885643484 ], [ 9.650968647486092, 41.003676532679805 ], [ 9.650799548617011, 40.999999999862673 ], [ 9.650464029655021, 40.992760136581097 ], [ 9.637036793423986, 40.991924963496004 ], [ 9.601234481792849, 40.999999999862673 ], [ 9.585697360775905, 41.003530898792143 ], [ 9.580885560109346, 40.999999999862673 ], [ 9.572774742375938, 40.994093179853095 ], [ 9.544757453779173, 40.987764998527084 ], [ 9.503971127254992, 40.967057613149002 ], [ 9.526196274732486, 40.959859098679885 ], [ 9.568342876972274, 40.968712516947335 ], [ 9.60151604883719, 40.979444276557253 ], [ 9.598949076980206, 40.955231063569741 ], [ 9.641929397550349, 40.955311414786294 ], [ 9.646953640798449, 40.928324139895139 ], [ 9.661082954441474, 40.915767011331432 ], [ 9.677515961698012, 40.904140279518415 ], [ 9.684778077202127, 40.906295320058781 ], [ 9.700991684425249, 40.89761039528176 ], [ 9.713321924980777, 40.893653548595843 ], [ 9.698995150858519, 40.890709886561361 ], [ 9.681333508804737, 40.89543898452915 ], [ 9.66977116612038, 40.880414071809945 ], [ 9.669990566153798, 40.857306965421309 ], [ 9.708187981266811, 40.809232331644694 ], [ 9.737631365140052, 40.802274218121475 ], [ 9.747657912980381, 40.773016330837798 ], [ 9.743445446711823, 40.744245232099757 ], [ 9.77916364998122, 40.680888511717427 ], [ 9.809199411698899, 40.657146365934778 ], [ 9.801366857904529, 40.630198158693709 ], [ 9.824798701523397, 40.585206247800514 ], [ 9.857160095510457, 40.566505840777126 ], [ 9.854702823221023, 40.538097657068889 ], [ 9.898253582081422, 40.519739869361317 ], [ 9.899614136274767, 40.499999999920512 ], [ 9.900886373499272, 40.481674389640474 ], [ 9.872408346179805, 40.443301015565289 ], [ 9.858915289489586, 40.387967873487447 ], [ 9.796123214623012, 40.357169872160746 ], [ 9.759000855631323, 40.326116155009942 ], [ 9.722909673652589, 40.265496608061177 ], [ 9.712312687522004, 40.23522271773956 ], [ 9.700947805316881, 40.202676777409131 ], [ 9.721988196207183, 40.118254961413058 ], [ 9.762379604467844, 40.08553933145452 ], [ 9.753077075390317, 40.056946628590104 ], [ 9.712334627974505, 40.000501585260984 ], [ 9.712381093332576, 40.00000000026855 ], [ 9.716327695107966, 39.954369803186069 ], [ 9.745244520697634, 39.904493302795842 ], [ 9.719377345241833, 39.871991452545394 ], [ 9.706191447700082, 39.831051398428031 ], [ 9.715208758081642, 39.789739178136088 ], [ 9.688529805646301, 39.736541981730554 ], [ 9.685063296796413, 39.651166193086269 ], [ 9.709263037388133, 39.576370731822188 ], [ 9.695418943339394, 39.525659379853565 ], [ 9.681795678543688, 39.50000000024815 ], [ 9.633833563715882, 39.410241161552094 ], [ 9.634447882012816, 39.372655345763071 ], [ 9.654895895058685, 39.333833438826076 ], [ 9.614570306358891, 39.300341637340296 ], [ 9.594714671157462, 39.258558475817907 ], [ 9.57703108865118, 39.198220613190749 ], [ 9.585324382066567, 39.175665291992125 ], [ 9.544406415522335, 39.125777521539362 ], [ 9.517222843459296, 39.124802047112198 ], [ 9.501426094952194, 39.096838480053513 ], [ 9.499999999675717, 39.100843659425081 ], [ 9.491684766706147, 39.124192368942239 ], [ 9.449867263169009, 39.126822656649892 ], [ 9.402169858499237, 39.152737016131482 ], [ 9.323975954287397, 39.231918164578758 ], [ 9.242381359888219, 39.240839978941203 ], [ 9.203964544741789, 39.232961710982671 ], [ 9.160457666786391, 39.224665087334074 ], [ 9.145538515718011, 39.212331381375527 ], [ 9.142510805138325, 39.19949087377514 ], [ 9.143805261293066, 39.192251821095915 ], [ 9.138627438470731, 39.188127313066197 ], [ 9.125287961354747, 39.188510188929207 ], [ 9.11719212752028, 39.188597205814041 ], [ 9.111070887698355, 39.191694939372056 ], [ 9.109118234138309, 39.196271676339919 ], [ 9.108196757591219, 39.203249315689781 ], [ 9.089811096774636, 39.202675122540917 ], [ 9.086893086660815, 39.208764810691392 ], [ 9.087266065370152, 39.219063871829093 ], [ 9.080201408548637, 39.230891996174869 ], [ 9.06738849061454, 39.23426612163847 ], [ 9.050845784688766, 39.232909533684712 ], [ 9.040358498125732, 39.235344415814247 ], [ 9.036014392735437, 39.252594853479778 ], [ 9.025527107070719, 39.259201751019191 ], [ 9.019054828093642, 39.257741333251523 ], [ 9.013855064818809, 39.254333571832071 ], [ 9.014293863089014, 39.246352497190671 ], [ 9.018637969377625, 39.244091896154522 ], [ 9.018637969377625, 39.241744270568695 ], [ 9.015654138804623, 39.237866168126999 ], [ 9.01743127323625, 39.227065470043762 ], [ 9.023749972639092, 39.220907800043911 ], [ 9.025592926631587, 39.218611580502269 ], [ 9.027413941069897, 39.216263095476172 ], [ 9.030507470312136, 39.218124493981279 ], [ 9.034259198756308, 39.216593627952356 ], [ 9.03300862260825, 39.209582528412753 ], [ 9.025022488341333, 39.210974366024068 ], [ 9.019471686809663, 39.207842691944812 ], [ 9.019142587208696, 39.200761110507862 ], [ 9.022279997355932, 39.199525674639929 ], [ 9.021599859498128, 39.194618516869134 ], [ 9.022455516484349, 39.178015144667775 ], [ 9.017628732817167, 39.177510368767621 ], [ 9.01490818138595, 39.17148758018093 ], [ 9.01519340008192, 39.168406356730991 ], [ 9.015829658831356, 39.163444779951384 ], [ 9.022433576930165, 39.169311588906581 ], [ 9.030156432055298, 39.181026322150409 ], [ 9.050538625540296, 39.190459343494226 ], [ 9.058744158942316, 39.196410887522909 ], [ 9.062605586055726, 39.199804084427775 ], [ 9.061179490779249, 39.206102812726762 ], [ 9.058788038050686, 39.211270127916556 ], [ 9.054685271349674, 39.212296586207323 ], [ 9.045185282691229, 39.210452430003841 ], [ 9.037330788444361, 39.209373750302845 ], [ 9.03711138930926, 39.21238357339633 ], [ 9.039283442004407, 39.2134622064928 ], [ 9.049573268088208, 39.214488632482542 ], [ 9.058085960638698, 39.217341669196209 ], [ 9.061969328204604, 39.215793389247629 ], [ 9.068595186755912, 39.209408546930852 ], [ 9.073773009578247, 39.206990156682686 ], [ 9.075967002725895, 39.203197116825876 ], [ 9.077875776279257, 39.200987314840873 ], [ 9.034785757039879, 39.178519917613883 ], [ 9.018330810229157, 39.158900710116754 ], [ 9.008765001111529, 39.129661862761111 ], [ 8.999999999645505, 39.105651635237095 ], [ 8.99935277246645, 39.103878338004272 ], [ 8.999879330750019, 39.072681502614202 ], [ 8.999999999645505, 39.07003022954229 ], [ 9.000888567310476, 39.050504124936296 ], [ 9.009620658996065, 39.042569473259384 ], [ 9.019647205938083, 39.039343039472563 ], [ 9.022784616085318, 39.028337167547669 ], [ 9.021029421207874, 39.011990869410894 ], [ 9.005839183739575, 38.999999999654428 ], [ 9.000405889033591, 38.995741018967003 ], [ 8.999999999645505, 38.995547147713594 ], [ 8.989413984639487, 38.9904905775348 ], [ 8.976776585833806, 38.972882269495955 ], [ 8.946455604521843, 38.933542267891738 ], [ 8.934608043141507, 38.925182499854031 ], [ 8.908850567253275, 38.902214043724918 ], [ 8.884168147486321, 38.88439271634293 ], [ 8.866352925858333, 38.884566266084946 ], [ 8.823986923585117, 38.907106744523418 ], [ 8.79636455415018, 38.917689084303873 ], [ 8.763586300548784, 38.940687173748238 ], [ 8.740615195652639, 38.940357691548577 ], [ 8.731312665676777, 38.950016080569021 ], [ 8.71672261331104, 38.949409218767777 ], [ 8.698951271689735, 38.927732160972234 ], [ 8.681289628737622, 38.914358420683996 ], [ 8.656738848990763, 38.898657079322781 ], [ 8.658757322111668, 38.881511728614342 ], [ 8.653316220147548, 38.87802314494008 ], [ 8.64605410374511, 38.895689913432435 ], [ 8.629950196089558, 38.891178193541315 ], [ 8.626395928124589, 38.927870915518149 ], [ 8.626966366414845, 38.946721626174813 ], [ 8.611125737901084, 38.954766757489615 ], [ 8.589822066970683, 38.953570449241724 ], [ 8.575802452895207, 38.970490250019267 ], [ 8.571304767930677, 38.982969458527108 ], [ 8.585719300269671, 38.999951485939754 ], [ 8.585723559182407, 38.999999999654428 ], [ 8.587211216005313, 39.017067875954801 ], [ 8.573213541484041, 39.027482439204164 ], [ 8.54258540102361, 39.035593214158638 ], [ 8.518451479992736, 39.059728116882859 ], [ 8.499999999615302, 39.075402941390308 ], [ 8.491465367510621, 39.082652059553311 ], [ 8.456888040821747, 39.098093159727981 ], [ 8.440433094011, 39.10192676492813 ], [ 8.43615480818157, 39.116509969213297 ], [ 8.427291077374248, 39.131421067093036 ], [ 8.410024353584003, 39.142654547770583 ], [ 8.399646767486827, 39.142689377000096 ], [ 8.393284188077294, 39.150508201798097 ], [ 8.383301520243673, 39.16097256375852 ], [ 8.381195287109385, 39.175630478516219 ], [ 8.398396191338769, 39.182523160324905 ], [ 8.418361526107757, 39.19818581167425 ], [ 8.454343008518931, 39.259688550126654 ], [ 8.426632879070617, 39.306388033559578 ], [ 8.398659470480554, 39.326938366966431 ], [ 8.390739155774485, 39.348663334774713 ], [ 8.404473551154009, 39.373592636576127 ], [ 8.413205642839607, 39.384787070931502 ], [ 8.423341890247471, 39.397801579644408 ], [ 8.420204480100253, 39.426841135871726 ], [ 8.391046314922963, 39.465610914084166 ], [ 8.431174444041831, 39.494344758719421 ], [ 8.435074774495275, 39.50000000024815 ], [ 8.471587792754999, 39.553304139963423 ], [ 8.484751749844261, 39.627410520399259 ], [ 8.469196340026453, 39.66897755045327 ], [ 8.459959630509791, 39.716904190043053 ], [ 8.45805085695644, 39.767909000981156 ], [ 8.499999999615302, 39.754033223986397 ], [ 8.519965335282588, 39.747428176777589 ], [ 8.552392548830532, 39.710293212846054 ], [ 8.578764343015701, 39.705334561724797 ], [ 8.58997564654489, 39.710241018396466 ], [ 8.57064656962705, 39.733863642343671 ], [ 8.546227429001917, 39.740994053574852 ], [ 8.544450295468586, 39.759425329564493 ], [ 8.576570350766387, 39.815140991148198 ], [ 8.565337106784657, 39.87062023727497 ], [ 8.544625814596996, 39.929540185267072 ], [ 8.505792140734572, 39.970819622957457 ], [ 8.499999999615302, 39.970135518923065 ], [ 8.467638605628226, 39.966313219994255 ], [ 8.465312973358843, 39.925516654454732 ], [ 8.425404243375068, 39.914017062683499 ], [ 8.411121350157837, 39.933615500795284 ], [ 8.410594791874265, 39.972119491737864 ], [ 8.427274445965086, 40.00000000026855 ], [ 8.454123609383839, 40.041893830157854 ], [ 8.497652427791735, 40.069054342552882 ], [ 8.482557756696606, 40.104088212537292 ], [ 8.455396125086072, 40.167080782159559 ], [ 8.461692884934712, 40.244444964848469 ], [ 8.492145505368425, 40.294677512942535 ], [ 8.480978081845894, 40.313780823223432 ], [ 8.45949889178709, 40.339399056895743 ], [ 8.445940016434319, 40.353564580913066 ], [ 8.422464292808741, 40.363446477196959 ], [ 8.421784154950972, 40.383205891917122 ], [ 8.425930801658639, 40.421919333307805 ], [ 8.425053204219907, 40.470476404155654 ], [ 8.402254401585136, 40.499999999920512 ], [ 8.398308431325393, 40.505147070924458 ], [ 8.385122534681958, 40.508658047626255 ], [ 8.36809714958099, 40.50996854879147 ], [ 8.3527392002424, 40.549126066279953 ], [ 8.3218697210927, 40.58420428562814 ], [ 8.296660743042178, 40.591217705921061 ], [ 8.281609951953765, 40.588842275228956 ], [ 8.265637684318236, 40.581473052208381 ], [ 8.265067246027984, 40.568057674080421 ], [ 8.231850194156385, 40.574377786245115 ], [ 8.231038417176855, 40.583073019083265 ], [ 8.243785515550096, 40.588664518413061 ], [ 8.246220847387029, 40.596598468149281 ], [ 8.228230105732262, 40.610686564738074 ], [ 8.20762851311218, 40.603610578504046 ], [ 8.193213979874852, 40.586095072749458 ], [ 8.185205906053751, 40.598440430721148 ], [ 8.185688584330636, 40.612770444763974 ], [ 8.188979574052118, 40.623721850571947 ], [ 8.208198951402434, 40.621719073776141 ], [ 8.224039579916202, 40.635495017136847 ], [ 8.2407578049704, 40.650172208092577 ], [ 8.26471620687283, 40.680630315277412 ], [ 8.26438710817018, 40.698879091089758 ], [ 8.253395203776092, 40.715622872837891 ], [ 8.237554575262291, 40.721348337198073 ], [ 8.217698940060888, 40.719316257659756 ], [ 8.207167774389477, 40.728798762026422 ], [ 8.221099629349881, 40.749742529223397 ], [ 8.217874460087595, 40.759027246112943 ], [ 8.245321310394122, 40.781556594145009 ], [ 8.275949449956221, 40.797651176573368 ], [ 8.286963294802842, 40.807557297264012 ], [ 8.286941354350335, 40.821342849440619 ], [ 8.323273875916668, 40.851512823629996 ], [ 8.324656091186462, 40.866624805521084 ], [ 8.318863950067181, 40.889406911380242 ], [ 8.315178042082191, 40.902757156699728 ], [ 8.299907851858677, 40.911280591054989 ], [ 8.289047587484623, 40.927488144824281 ], [ 8.284615722080952, 40.943048771454308 ], [ 8.30874964311179, 40.97383763380595 ], [ 8.315880120392503, 40.968535782211802 ], [ 8.327157243482585, 40.956195264854443 ], [ 8.348109875257819, 40.944527481645764 ], [ 8.339772702734065, 40.909479505084278 ], [ 8.375820004706133, 40.872337163234711 ], [ 8.452170955823783, 40.856293027605986 ], [ 8.489315255267982, 40.835930487922873 ], [ 8.499999999615302, 40.835703065144088 ], [ 8.580080738724627, 40.833998535966728 ], [ 8.625715790266813, 40.865466182137794 ], [ 8.677559840745975, 40.898157258354402 ], [ 8.736336909823212, 40.916570996761216 ], [ 8.817295245472941, 40.918211097003542 ], [ 8.866265165844958, 40.943273794944737 ], [ 8.91712192021617, 40.987748936799548 ], [ 8.920716518045756, 40.999999999862673 ], [ 8.926556089313722, 41.020050125940649 ], [ 8.999999999645505, 41.071192938291873 ], [ 9.024671449186181, 41.088363963655191 ], [ 9.026075604908474, 41.088218519180515 ], [ 9.04952938897984, 41.085875200106656 ] ] ], [ [ [ 10.098763289239987, 45.25967342775386 ], [ 10.106014792945651, 45.250301698064767 ], [ 10.122781149732768, 45.237385691460275 ], [ 10.164861847970053, 45.21955208070392 ], [ 10.214018255900106, 45.198313552401679 ], [ 10.241134486656188, 45.183824180858672 ], [ 10.2632405875956, 45.179124916649641 ], [ 10.303827036274118, 45.166236421491654 ], [ 10.344281639218387, 45.144934047912933 ], [ 10.381198388214584, 45.132256865706857 ], [ 10.413983976560273, 45.123199998474334 ], [ 10.443671194642659, 45.120000533157473 ], [ 10.466282703032277, 45.123521395428192 ], [ 10.492058504552322, 45.122747117016409 ], [ 10.49999999973614, 45.120121189881232 ], [ 10.508627092738061, 45.117268426456818 ], [ 10.519744307622725, 45.110170032000418 ], [ 10.525779097174965, 45.096938003702924 ], [ 10.531410659047308, 45.083743091071788 ], [ 10.532319295075727, 45.080959383727993 ], [ 10.537112758432389, 45.06899202388545 ], [ 10.541845793916522, 45.057402709423251 ], [ 10.549960665746806, 45.050809963526014 ], [ 10.576000157837038, 45.0430128812093 ], [ 10.572088741274698, 45.021591000508757 ], [ 10.54453910753001, 45.000000000297035 ], [ 10.520668983968855, 44.979484345179522 ], [ 10.516823489375327, 44.967441199893955 ], [ 10.49999999973614, 44.96219390678818 ], [ 10.497543746136241, 44.961427754113117 ], [ 10.490378142931306, 44.962459337784701 ], [ 10.44729694694465, 44.978328313673998 ], [ 10.442704328020893, 44.994622980829298 ], [ 10.415522174397687, 44.995248988009813 ], [ 10.4026013122041, 44.978809996585149 ], [ 10.375726798328037, 44.976754789263047 ], [ 10.332503438557778, 44.989871520356836 ], [ 10.334633616285956, 45.000000000297035 ], [ 10.33608524258112, 45.006295171891175 ], [ 10.319736396686922, 45.010496445328805 ], [ 10.308207951929811, 45.000000000297035 ], [ 10.306551843923151, 44.99834682110103 ], [ 10.299130900886913, 45.000000000297035 ], [ 10.285874069675382, 45.002693833279189 ], [ 10.27319492526013, 45.021005590505041 ], [ 10.240101697167297, 45.025161875052675 ], [ 10.183232324563388, 45.040130762179771 ], [ 10.158950773500425, 45.040774497093395 ], [ 10.128758147069519, 45.021049496289145 ], [ 10.096961399934074, 45.017566181134931 ], [ 10.059539243487672, 45.027620379173172 ], [ 10.026402067116191, 45.056470588898883 ], [ 10.015212556715777, 45.077167585048201 ], [ 10.008825959948817, 45.097588110183324 ], [ 10.002318283756287, 45.111482354570875 ], [ 9.999999999705929, 45.111091473060547 ], [ 9.972761139930411, 45.106491393034368 ], [ 9.956005397636694, 45.103923334953841 ], [ 9.939263476821937, 45.101356476254267 ], [ 9.937947081113013, 45.095621398343738 ], [ 9.944086092306202, 45.086080943270076 ], [ 9.926865881484721, 45.072489587827306 ], [ 9.913194015137195, 45.066711377162051 ], [ 9.903646415768693, 45.065679967290549 ], [ 9.892720551022702, 45.066984837281339 ], [ 9.884114395055109, 45.07526391481953 ], [ 9.882072006984702, 45.083438572762937 ], [ 9.882340331963437, 45.086338230100161 ], [ 9.88653765982283, 45.094836799464176 ], [ 9.88417099969779, 45.097263204213192 ], [ 9.87502468225828, 45.104554509645304 ], [ 9.863189407136096, 45.112124549957706 ], [ 9.849093442549677, 45.113591270873066 ], [ 9.840259988560689, 45.112865513136903 ], [ 9.829420566897856, 45.10980998218745 ], [ 9.81597884982444, 45.103079809332691 ], [ 9.812925469885512, 45.097978492436049 ], [ 9.826013954117855, 45.081774730124657 ], [ 9.830341824256019, 45.078339436807077 ], [ 9.838601329338623, 45.071328875163445 ], [ 9.846805326621507, 45.064565473596218 ], [ 9.84775795853928, 45.060325927419314 ], [ 9.847141227367491, 45.057282776892336 ], [ 9.840155773207947, 45.054886840961579 ], [ 9.821123982953585, 45.053572185106724 ], [ 9.800028521743105, 45.054291241523366 ], [ 9.791779109232717, 45.066697776884716 ], [ 9.788520810102749, 45.072923423532799 ], [ 9.785263827902991, 45.079143708915659 ], [ 9.780995195369606, 45.079614044011009 ], [ 9.77785273938542, 45.07924458939496 ], [ 9.772958818328847, 45.07630056012637 ], [ 9.765144035905745, 45.069062359982624 ], [ 9.748732969101708, 45.081125026674179 ], [ 9.739298800004129, 45.057275025026492 ], [ 9.712137168393586, 45.054759296721016 ], [ 9.662158011461116, 45.069837372168585 ], [ 9.642170736239635, 45.099543061842191 ], [ 9.62740516474549, 45.09930921961363 ], [ 9.616128041655415, 45.080028526880525 ], [ 9.608185787395181, 45.071021803883468 ], [ 9.592718137590731, 45.073492946616071 ], [ 9.581287434926425, 45.08665106553363 ], [ 9.582428311506932, 45.102904438847361 ], [ 9.561300160603261, 45.104935782992875 ], [ 9.548487241770848, 45.092980495305056 ], [ 9.562989535021524, 45.067000484141523 ], [ 9.535454924701645, 45.061194658720488 ], [ 9.527841769144064, 45.079282894563967 ], [ 9.50877597136799, 45.079955426268334 ], [ 9.499999999675717, 45.075804659455819 ], [ 9.497740186967203, 45.074735788257108 ], [ 9.467638605688657, 45.082002211638262 ], [ 9.459433072286638, 45.066956613846074 ], [ 9.433390376804104, 45.064806917021812 ], [ 9.3940082051039, 45.055593009394507 ], [ 9.354604093849511, 45.054320495126014 ], [ 9.330097194109319, 45.036312095490302 ], [ 9.330755391514623, 45.023756967738656 ], [ 9.319917066694755, 45.0225861850233 ], [ 9.317613374877872, 45.004494531074982 ], [ 9.299425173642206, 45.000102485330558 ], [ 9.299434817056781, 45.000000000297035 ], [ 9.301202308073833, 44.979404066140241 ], [ 9.284966761296529, 44.950448006419364 ], [ 9.286941354410757, 44.925382637521629 ], [ 9.307564887483355, 44.898971752461136 ], [ 9.329790034960851, 44.87267733585967 ], [ 9.362436648542197, 44.849508928851705 ], [ 9.397321134379554, 44.847690455143528 ], [ 9.412788784184004, 44.833559107370498 ], [ 9.429090151420491, 44.818152286059906 ], [ 9.454781807747876, 44.812484366108308 ], [ 9.460113210144442, 44.798811422369802 ], [ 9.43944579706516, 44.777578880678796 ], [ 9.433302617689053, 44.744554557698997 ], [ 9.446159415629836, 44.718656907198728 ], [ 9.433894995533489, 44.695877971410937 ], [ 9.409388095793298, 44.684017092203412 ], [ 9.371783057626406, 44.701993033485955 ], [ 9.336284253492108, 44.718866586684541 ], [ 9.292799315090896, 44.732993973537518 ], [ 9.250104215013351, 44.745022091682252 ], [ 9.244114614313165, 44.719156910567854 ], [ 9.203021127742199, 44.700137608396851 ], [ 9.138429978889816, 44.699298613863554 ], [ 9.10315057389062, 44.717221390949717 ], [ 9.095954277049058, 44.754226897841718 ], [ 9.058458939348032, 44.766443958465452 ], [ 9.019274227228747, 44.762866144043947 ], [ 9.006900107564848, 44.741055993046331 ], [ 8.999999999645505, 44.741983958346324 ], [ 8.93149257344677, 44.751196406258025 ], [ 8.860231686036411, 44.734977335162711 ], [ 8.849766339925868, 44.771310717058789 ], [ 8.816417648034211, 44.761367263426877 ], [ 8.764178678393215, 44.741862133012582 ], [ 8.772077052646774, 44.723092265060806 ], [ 8.778878431224836, 44.702509315121638 ], [ 8.742260690064215, 44.671879348908234 ], [ 8.740176432416723, 44.672798627299372 ], [ 8.675870466327712, 44.701154066021921 ], [ 8.605706575491141, 44.741217222201023 ], [ 8.569001075215471, 44.722237477068525 ], [ 8.52257618624793, 44.750857884439903 ], [ 8.499999999615302, 44.766693838806304 ], [ 8.485673226391341, 44.776741016690856 ], [ 8.475317580746683, 44.802596368008182 ], [ 8.499648961358474, 44.826315037176641 ], [ 8.485431887702065, 44.859067034233959 ], [ 8.457721758253751, 44.888407193253023 ], [ 8.417725268256637, 44.881958154084586 ], [ 8.358794620503463, 44.878821823934615 ], [ 8.327552161746096, 44.884660084300862 ], [ 8.33029465362983, 44.940985517490141 ], [ 8.332222684367931, 44.94230324975463 ], [ 8.362524408495146, 44.963008681528883 ], [ 8.410616731428441, 44.986034747589486 ], [ 8.44172755016575, 44.998988837882457 ], [ 8.442655204427039, 45.000000000297035 ], [ 8.460398428779996, 45.0176393626978 ], [ 8.487603940397213, 45.023991121261872 ], [ 8.499999999615302, 45.02949672480316 ], [ 8.524901818517311, 45.040555042712484 ], [ 8.554235502822991, 45.046845727375391 ], [ 8.584819763276766, 45.04683109833303 ], [ 8.612837051873521, 45.041491374946666 ], [ 8.637217596382488, 45.050486951579849 ], [ 8.624256396239367, 45.074442376476711 ], [ 8.591203326432995, 45.09587440753009 ], [ 8.579454735142482, 45.103468162526219 ], [ 8.569848253902052, 45.118888913002266 ], [ 8.562745206678548, 45.131404577100732 ], [ 8.550230562656422, 45.141647728922067 ], [ 8.548401967335437, 45.144823423580114 ], [ 8.523623373934194, 45.195775265243739 ], [ 8.499999999615302, 45.205654283816848 ], [ 8.489051976126197, 45.210232033853451 ], [ 8.431328023616064, 45.241890593728222 ], [ 8.376587902577278, 45.287050943699938 ], [ 8.367833870439204, 45.339306652887231 ], [ 8.371015160593135, 45.380622573672497 ], [ 8.374330869256278, 45.500000000291124 ], [ 8.375863884712816, 45.555602685836334 ], [ 8.351400864080974, 45.618099440868981 ], [ 8.346574080413793, 45.643063928195048 ], [ 8.315419381669791, 45.70989722651165 ], [ 8.276827047394951, 45.742722488278595 ], [ 8.224795237343328, 45.749636672019449 ], [ 8.171572494786911, 45.793819046705259 ], [ 8.16113984286115, 45.794198535442199 ], [ 8.137500455173996, 45.794209485160806 ], [ 8.139973912409873, 45.766678489828664 ], [ 8.139973912409873, 45.755535673158612 ], [ 8.125959207627426, 45.754501211685586 ], [ 8.115602490292625, 45.753736743598012 ], [ 8.114515456933646, 45.753902849791203 ], [ 8.101961396633474, 45.760532951394048 ], [ 8.089581586142252, 45.767070250658229 ], [ 7.999999999585081, 45.749198754885107 ], [ 7.998738454109097, 45.748947035696183 ], [ 7.983770719455189, 45.74602001493195 ], [ 7.95681125100441, 45.740739816239198 ], [ 7.944151911746212, 45.775411779011577 ], [ 7.898385221082298, 45.789440544274704 ], [ 7.884255907439264, 45.875778223054432 ], [ 7.851565413851247, 45.89229682882219 ], [ 7.862184339536022, 45.921381399223705 ], [ 7.855470720971338, 45.930636987082735 ], [ 7.853737466546384, 45.932641917581037 ], [ 7.853291633569218, 45.93424437972606 ], [ 7.842117909263284, 45.952738322020515 ], [ 7.84763896667759, 45.954557761712081 ], [ 7.859770947253274, 45.960456428273709 ], [ 7.866812947664998, 45.985462620635651 ], [ 7.869161236344169, 45.995803418415299 ], [ 7.87832723497324, 46.000000000240469 ], [ 7.915783584892628, 46.017302410091879 ], [ 7.942296871819901, 46.019718361518343 ], [ 7.962691151238733, 46.021576662802893 ], [ 7.999550231088627, 46.019117544239734 ], [ 7.999999999585081, 46.019446375783886 ], [ 8.03526843525635, 46.045225419086826 ], [ 8.035845249788471, 46.05508635738309 ], [ 8.036540950958592, 46.066977374398874 ], [ 8.059957396555166, 46.095585119597281 ], [ 8.064031681271768, 46.100561126067937 ], [ 8.090030496747611, 46.101613483655775 ], [ 8.090844541973251, 46.10375985007893 ], [ 8.099947344122084, 46.12775516324028 ], [ 8.109272515236347, 46.129393169002938 ], [ 8.137003883552904, 46.135847932056777 ], [ 8.162081221583371, 46.170294535444356 ], [ 8.159327829541986, 46.233517574971899 ], [ 8.142220062641242, 46.23537959940861 ], [ 8.139439215389837, 46.235477723967243 ], [ 8.138292044314127, 46.235807118885738 ], [ 8.135424208702196, 46.23611924855647 ], [ 8.130628381878028, 46.238007589910005 ], [ 8.102580135539935, 46.249050187260281 ], [ 8.125770639571209, 46.285523096198851 ], [ 8.126885521602349, 46.286156524062939 ], [ 8.150957678067522, 46.301340340592908 ], [ 8.15274557162129, 46.300847022185764 ], [ 8.185402293944534, 46.291835541228423 ], [ 8.20819742246981, 46.285544439912591 ], [ 8.231266791379952, 46.297472521248061 ], [ 8.261907896326562, 46.314940076038809 ], [ 8.278801641407506, 46.343351669411568 ], [ 8.297648040048459, 46.345912640618586 ], [ 8.310268498424522, 46.38692951746016 ], [ 8.310680357117661, 46.388267547726279 ], [ 8.32952675575865, 46.398676672430128 ], [ 8.332679808269919, 46.399680697589211 ], [ 8.338744770435916, 46.401611908580747 ], [ 8.359859394508035, 46.408334710037856 ], [ 8.366958568196026, 46.418230318604728 ], [ 8.36922373576194, 46.42487305841194 ], [ 8.354972308732471, 46.431140667566609 ], [ 8.353814256363723, 46.431649933047858 ], [ 8.41050703186089, 46.460624831582543 ], [ 8.412108646265775, 46.461031386564763 ], [ 8.414698235904991, 46.463870014385371 ], [ 8.421367296234953, 46.471179748371583 ], [ 8.423844913568923, 46.470951466708208 ], [ 8.425864982097769, 46.472515299156889 ], [ 8.427466596502665, 46.472341098669986 ], [ 8.459235612645305, 46.468769866270719 ], [ 8.479113188299223, 46.46416756392415 ], [ 8.482426117574878, 46.463165749166478 ], [ 8.48345729368951, 46.459361587989989 ], [ 8.492694004104505, 46.425228332999431 ], [ 8.494668597218734, 46.412135790018944 ], [ 8.496994229488115, 46.346814772391035 ], [ 8.47895960872499, 46.307223298490484 ], [ 8.45824831653732, 46.303306251578441 ], [ 8.448463108284617, 46.280103977163911 ], [ 8.456822220362547, 46.263362486104349 ], [ 8.4505693414189, 46.246863659961718 ], [ 8.467243686466407, 46.240157762558866 ], [ 8.499912240500224, 46.227472614257806 ], [ 8.499999999615302, 46.227411857163261 ], [ 8.535235525506137, 46.203012570170557 ], [ 8.56981285219501, 46.180117842198079 ], [ 8.58644331813416, 46.149488987236879 ], [ 8.615689242426473, 46.117659437152298 ], [ 8.658055244699689, 46.10396660009102 ], [ 8.735987201971282, 46.089524149358631 ], [ 8.737719125093003, 46.089203143559097 ], [ 8.748601329919529, 46.108292562146325 ], [ 8.726924680279808, 46.067811003272197 ], [ 8.729886570400302, 46.03669489485047 ], [ 8.720518220863584, 46.028265493933226 ], [ 8.698117554257697, 46.022689085320337 ], [ 8.659108361266828, 46.001607781271886 ], [ 8.65753004826208, 46.000000000240469 ], [ 8.647019460298884, 45.989388937336926 ], [ 8.634206542364774, 45.976514179898935 ], [ 8.623741196254269, 45.948722306052225 ], [ 8.600309352635373, 45.942491167812094 ], [ 8.563296693211242, 45.949535642663115 ], [ 8.548618881730464, 45.95457515714326 ], [ 8.53029904137308, 45.961647127854327 ], [ 8.503444568910979, 45.972129978544992 ], [ 8.499999999615302, 45.972353882443514 ], [ 8.48356699325706, 45.973422047915051 ], [ 8.487033502106959, 45.961429318750291 ], [ 8.482097017973901, 45.959120490891422 ], [ 8.491926106233324, 45.949550165974429 ], [ 8.499999999615302, 45.944686628364487 ], [ 8.515796748122376, 45.935169768933676 ], [ 8.538350995200874, 45.924810652311287 ], [ 8.561738958813041, 45.911964386845696 ], [ 8.577447947306776, 45.905074998317801 ], [ 8.587320915572864, 45.888240340282373 ], [ 8.591555321395598, 45.869684285011516 ], [ 8.589229689126217, 45.856097764360896 ], [ 8.570471050498639, 45.847644505768351 ], [ 8.56309923452865, 45.824664314944428 ], [ 8.57152416706578, 45.790867987381525 ], [ 8.585324382006126, 45.768330492790547 ], [ 8.618365913851006, 45.719742468493919 ], [ 8.650507909601281, 45.696592437475559 ], [ 8.667270014662165, 45.691193752382077 ], [ 8.684075999729705, 45.692142208297568 ], [ 8.669354308242243, 45.714637745787122 ], [ 8.649015993865614, 45.728200689261207 ], [ 8.642675354908588, 45.744515579336159 ], [ 8.633394765385244, 45.763638277291605 ], [ 8.620208867843502, 45.792411913903237 ], [ 8.624684613253859, 45.803072574835426 ], [ 8.631595691399431, 45.808518623036903 ], [ 8.653294280593375, 45.808547744576657 ], [ 8.666611817256834, 45.825872504938147 ], [ 8.663606046231349, 45.848473884509197 ], [ 8.639559885213851, 45.888691076444573 ], [ 8.631880910095393, 45.911702780138157 ], [ 8.64100792004451, 45.918969169585047 ], [ 8.655071414126677, 45.928849922476765 ], [ 8.672776937085448, 45.942418539402844 ], [ 8.721966256592568, 45.985862105040418 ], [ 8.750212350583791, 46.000000000240469 ], [ 8.765341495426238, 46.007640202294958 ], [ 8.773876127530919, 46.019717696890027 ], [ 8.769729480823209, 46.030065631132871 ], [ 8.769883060397452, 46.058040660836078 ], [ 8.786413621100575, 46.088663821306092 ], [ 8.807510037220203, 46.065880474899032 ], [ 8.842416463510054, 46.065119944818029 ], [ 8.851499594350813, 46.047741890004694 ], [ 8.841999604794033, 46.029436321162201 ], [ 8.825347199300737, 46.020595956159596 ], [ 8.823899164470076, 46.004506940304346 ], [ 8.84671668979199, 46.000509575117427 ], [ 8.847937922471299, 46.000000000240469 ], [ 8.865920092401598, 45.992564109927194 ], [ 8.862579257859966, 45.983946200431994 ], [ 8.855470721031763, 45.978256149788244 ], [ 8.856874876754064, 45.963229846913656 ], [ 8.864115052703994, 45.958597723851227 ], [ 8.867252462851239, 45.942128026061667 ], [ 8.866967243256944, 45.919448717833518 ], [ 8.864158932710678, 45.897705015940367 ], [ 8.875194717111448, 45.890014182335911 ], [ 8.891956822172331, 45.897545103950435 ], [ 8.899908628218983, 45.902577157228663 ], [ 8.901430127273596, 45.900008676870748 ], [ 8.917889818087314, 45.872215023776945 ], [ 8.935770859276197, 45.839990354614294 ], [ 8.942769696536851, 45.823630782909611 ], [ 8.923111520916331, 45.815842275706096 ], [ 8.913041093069326, 45.791523433245295 ], [ 8.920237389910907, 45.781414136455723 ], [ 8.955648434930117, 45.781909447995346 ], [ 8.999999999645505, 45.769319554940012 ], [ 9.00102020643221, 45.769029919189265 ], [ 9.027019021908062, 45.771754684650631 ], [ 9.045097522677864, 45.822568116160255 ], [ 9.060367712901394, 45.850554551290337 ], [ 9.073465850429779, 45.848692140136009 ], [ 9.088692160646628, 45.844603344731546 ], [ 9.117214067972778, 45.863604221003463 ], [ 9.109337633273411, 45.879995590865072 ], [ 9.086958906221684, 45.884430750314593 ], [ 9.039239561997725, 45.909304661550749 ], [ 9.02668992320541, 45.927251685341041 ], [ 9.007207266713319, 45.967222742723244 ], [ 9.027940499353468, 45.994990765398711 ], [ 9.036049966020688, 46.000000000240469 ], [ 9.040226859003997, 46.002603469505388 ], [ 9.036756699400794, 46.011632236859327 ], [ 9.04002939942308, 46.012427599723203 ], [ 9.064119441345568, 46.01841491916403 ], [ 9.093935803928144, 46.019454216183384 ], [ 9.125222141793879, 46.022367070592558 ], [ 9.148390706270963, 46.027943511897107 ], [ 9.165920709203009, 46.042928306858002 ], [ 9.161554663360214, 46.052906145974099 ], [ 9.13118980204157, 46.041655344164205 ], [ 9.115195594851864, 46.035509588496033 ], [ 9.091961209915599, 46.035582756628116 ], [ 9.06486539876424, 46.036285162106296 ], [ 9.0431887491245, 46.030636393808145 ], [ 9.030575382947616, 46.027711300511584 ], [ 9.024605629625313, 46.043235569831687 ], [ 9.038537484585737, 46.06640698954682 ], [ 9.098236029311757, 46.075576306246205 ], [ 9.111290286833457, 46.092126916295349 ], [ 9.104620549173781, 46.121414505103601 ], [ 9.138781017146652, 46.149021683892357 ], [ 9.153630163403255, 46.15239230099872 ], [ 9.155696531101857, 46.152861331097725 ], [ 9.157759055807674, 46.15332948439773 ], [ 9.170703613761823, 46.156863087236047 ], [ 9.180577605209029, 46.164757350248394 ], [ 9.183011912966537, 46.166703406491159 ], [ 9.19643090176495, 46.171789544490906 ], [ 9.212946537857951, 46.177840838949649 ], [ 9.237642335336089, 46.212042330871299 ], [ 9.283057986844849, 46.220851836286023 ], [ 9.330470172818655, 46.225241472371998 ], [ 9.350803467409477, 46.214453658560863 ], [ 9.380098290595976, 46.209212485767083 ], [ 9.411647907603497, 46.220530985130608 ], [ 9.422461141579168, 46.22184186759123 ], [ 9.43096299415912, 46.222796571585185 ], [ 9.457302788557257, 46.225754258783056 ], [ 9.450218302324162, 46.219437160503162 ], [ 9.439994295801229, 46.202954214663798 ], [ 9.431942341973443, 46.190552257454883 ], [ 9.424680225571015, 46.177753403844051 ], [ 9.429913661295956, 46.179177923720943 ], [ 9.415369190346061, 46.151919418572248 ], [ 9.415186372405959, 46.151847556242807 ], [ 9.404802649917086, 46.147765786992935 ], [ 9.377268040495524, 46.143136242167834 ], [ 9.357127185699811, 46.137995089937434 ], [ 9.322703437686839, 46.124336558866723 ], [ 9.287775071842796, 46.081966135863105 ], [ 9.258397507530423, 46.042372304010826 ], [ 9.260695628894229, 46.000000000240469 ], [ 9.260810899813173, 45.997893042536781 ], [ 9.256861712686398, 45.992306022818283 ], [ 9.187202439680913, 45.954531589920528 ], [ 9.130926522899784, 45.928152515277731 ], [ 9.122062792092459, 45.917428774947908 ], [ 9.126779877090407, 45.900045492250719 ], [ 9.15203273424927, 45.860563938305908 ], [ 9.1517475155533, 45.848153774781046 ], [ 9.136828363586604, 45.843977630339708 ], [ 9.096261436197526, 45.816628454747402 ], [ 9.077875776279257, 45.800800803256799 ], [ 9.072083635159986, 45.776038269176908 ], [ 9.067432369722908, 45.762661896848584 ], [ 9.093167906056973, 45.745084108360565 ], [ 9.105805304862654, 45.748145318460686 ], [ 9.108152877584537, 45.766683891021422 ], [ 9.112540862981517, 45.786789482049443 ], [ 9.122808749511131, 45.806072336371976 ], [ 9.15813203451701, 45.819394552898515 ], [ 9.172744026436922, 45.823397871155606 ], [ 9.183845630398576, 45.832684453678482 ], [ 9.18579828395862, 45.840325063715781 ], [ 9.179413764994914, 45.869349753720634 ], [ 9.168772899755961, 45.889839708380713 ], [ 9.166886065756783, 45.904871501190918 ], [ 9.172700147328552, 45.91739971075652 ], [ 9.205610040051681, 45.921657491302533 ], [ 9.233868667337733, 45.932816255534505 ], [ 9.267261238337747, 45.95244031830461 ], [ 9.297845498791494, 45.997980108928431 ], [ 9.303703460369949, 45.976775478961095 ], [ 9.302452884221891, 45.939455229427146 ], [ 9.300544110668527, 45.907240743009538 ], [ 9.306336251787799, 45.882104153955552 ], [ 9.31568266087201, 45.858018118182322 ], [ 9.332027907216865, 45.833266632198288 ], [ 9.357083305693127, 45.812173290161205 ], [ 9.378628315312817, 45.801820199592512 ], [ 9.385846551708564, 45.789018131220558 ], [ 9.406404265220296, 45.769161060420515 ], [ 9.427776607862592, 45.760887463995886 ], [ 9.416672151749912, 45.756074523173865 ], [ 9.431543466631098, 45.740896671094347 ], [ 9.428892691839573, 45.736468082818618 ], [ 9.428892691839573, 45.72248423953836 ], [ 9.437292784162459, 45.716885363256416 ], [ 9.431042804980537, 45.670031688017488 ], [ 9.473825665071448, 45.626763049802825 ], [ 9.499802540993114, 45.59821041247816 ], [ 9.499999999675717, 45.597654030095384 ], [ 9.512417999346297, 45.562652606897792 ], [ 9.512955088579941, 45.552919825275801 ], [ 9.507866781079041, 45.512909278336913 ], [ 9.503671305545765, 45.500000000291124 ], [ 9.502369511951784, 45.496029492960162 ], [ 9.512178415066762, 45.492109356140624 ], [ 9.51746988734895, 45.488183574499431 ], [ 9.520253844567867, 45.484548555256445 ], [ 9.521653392831066, 45.478965003887588 ], [ 9.519944711820719, 45.471461664199161 ], [ 9.519372956600257, 45.470016862791567 ], [ 9.518771144648708, 45.466679345495052 ], [ 9.51963053143999, 45.463006336340733 ], [ 9.521696395183717, 45.459899010887732 ], [ 9.524911033495931, 45.459532765462789 ], [ 9.528945347673973, 45.460010394311183 ], [ 9.536674564667949, 45.464709788933575 ], [ 9.550308256209158, 45.478364866442774 ], [ 9.585828999897638, 45.465907735756666 ], [ 9.564064591142847, 45.418929023645887 ], [ 9.542585401084025, 45.395962829291285 ], [ 9.531110818413035, 45.378746558641645 ], [ 9.522466486740813, 45.361525008990419 ], [ 9.520551788798151, 45.351580943019343 ], [ 9.519009631186966, 45.339752706347426 ], [ 9.518637091753805, 45.332094639806854 ], [ 9.519307137039391, 45.324343967063932 ], [ 9.525472256867998, 45.295542702050525 ], [ 9.55094451406028, 45.277232118337722 ], [ 9.582165032365147, 45.26276298804661 ], [ 9.630476754433543, 45.255199095053861 ], [ 9.66558064030432, 45.256073585517008 ], [ 9.695067904184244, 45.329380489890262 ], [ 9.714484741115466, 45.396965979704476 ], [ 9.707310383828091, 45.418681969429031 ], [ 9.712224928406954, 45.431701716894501 ], [ 9.729469711744716, 45.447754275287529 ], [ 9.756477763781024, 45.451646872734869 ], [ 9.763498540595853, 45.475054850389959 ], [ 9.792130147489553, 45.483910156511051 ], [ 9.816088549391992, 45.482487595138082 ], [ 9.84215318442871, 45.476259834946326 ], [ 9.866199346344514, 45.452852361027368 ], [ 9.885418723694823, 45.452692598948751 ], [ 9.886025362294395, 45.426793365721679 ], [ 9.891160402851323, 45.405871569706406 ], [ 9.901566072080902, 45.384542371441469 ], [ 9.918065337276166, 45.356389522148604 ], [ 9.918084863955498, 45.355594570798061 ], [ 9.915477522707961, 45.339273471503503 ], [ 9.912869962271495, 45.322928273027003 ], [ 9.913984510129341, 45.318928473430667 ], [ 9.957910879762856, 45.297442612151215 ], [ 9.977917461576421, 45.29002247620285 ], [ 9.999999999705929, 45.283607758549593 ], [ 10.039608594468442, 45.272118076583673 ], [ 10.07494319645027, 45.264278559772009 ], [ 10.098763289239987, 45.25967342775386 ] ] ], [ [ [ 3.195048051922029, 39.953346974098999 ], [ 3.175317598752073, 39.917226043614292 ], [ 3.129924373684354, 39.908188471791426 ], [ 3.102965280729373, 39.893215723008687 ], [ 3.097054932996802, 39.874681730674347 ], [ 3.12526640501866, 39.839699820592394 ], [ 3.15547728791105, 39.847253267977351 ], [ 3.187379980554471, 39.859701604343584 ], [ 3.205484538755718, 39.876295846086037 ], [ 3.217437062887111, 39.8544412877228 ], [ 3.216909745527126, 39.833552259410368 ], [ 3.197311121921755, 39.82228029057692 ], [ 3.16307944449632, 39.828828333152622 ], [ 3.137680331727707, 39.816374354529842 ], [ 3.150248058996583, 39.789183082050414 ], [ 3.193575957513115, 39.750279864796596 ], [ 3.245978107922093, 39.726280243028341 ], [ 3.306883247279851, 39.72097484190752 ], [ 3.357461758373258, 39.728454468315356 ], [ 3.379696968778546, 39.753809533884535 ], [ 3.372622128655009, 39.76888246942049 ], [ 3.389562194465209, 39.778651155025237 ], [ 3.42933070282306, 39.763910680834456 ], [ 3.468154433233612, 39.739324560864162 ], [ 3.471164535935395, 39.70625672390571 ], [ 3.471274393606472, 39.657887346359239 ], [ 3.46507841664783, 39.626382779592461 ], [ 3.438185237576793, 39.620808326502249 ], [ 3.420168566051378, 39.601346454550196 ], [ 3.417883524158108, 39.583639550762562 ], [ 3.441656742856311, 39.574383438624544 ], [ 3.409270676639955, 39.558570211117413 ], [ 3.371479608157505, 39.537800022619287 ], [ 3.349508056881367, 39.518192518913494 ], [ 3.338840665290381, 39.50000000024815 ], [ 3.335797809114987, 39.494847234595248 ], [ 3.324284716566082, 39.460635866718917 ], [ 3.309893349981635, 39.420284882630853 ], [ 3.284582122990563, 39.391155809322527 ], [ 3.247845689228076, 39.359584027695078 ], [ 3.168132901855757, 39.336490550006751 ], [ 3.114720060513894, 39.305067601089625 ], [ 3.098307312063635, 39.266607684705122 ], [ 3.064844639233801, 39.238300943990666 ], [ 3.043686035441981, 39.252647016018884 ], [ 3.025757249694063, 39.290940878711893 ], [ 3.001918116213599, 39.296067143468584 ], [ 3.011937143358345, 39.325131988136597 ], [ 3.000000000181255, 39.337434815434342 ], [ 2.997040432205789, 39.340484709023528 ], [ 2.954745195617387, 39.341856562556316 ], [ 2.936816409869468, 39.324819341489558 ], [ 2.913636423313538, 39.329856264240689 ], [ 2.852028194142467, 39.335622224340248 ], [ 2.805250761341691, 39.349166869729657 ], [ 2.780181221586235, 39.384839133506013 ], [ 2.785827910189647, 39.409200278480292 ], [ 2.807447916559128, 39.427430821949123 ], [ 2.810633791714285, 39.443055653088443 ], [ 2.783433010625346, 39.471781553996621 ], [ 2.785893824971935, 39.484606400653526 ], [ 2.801911085626758, 39.49741153758108 ], [ 2.800134402149403, 39.50000000024815 ], [ 2.788794069104362, 39.516639729347197 ], [ 2.758846845341087, 39.524665007746997 ], [ 2.741093832046497, 39.537486067489588 ], [ 2.703478536017367, 39.544131147652386 ], [ 2.676101983373433, 39.549851331778747 ], [ 2.664105516353295, 39.550880217469071 ], [ 2.653537199954986, 39.543154482770838 ], [ 2.652087077439615, 39.530194927746045 ], [ 2.640530042001956, 39.532846340787053 ], [ 2.630576928741174, 39.544200908849774 ], [ 2.620294243365567, 39.537782580705183 ], [ 2.614691497650899, 39.52954950271576 ], [ 2.597685517058367, 39.526130392880887 ], [ 2.559433045998221, 39.508159832215156 ], [ 2.556577590967552, 39.50000000024815 ], [ 2.550688368915518, 39.483289363963785 ], [ 2.553984101741671, 39.459526400355386 ], [ 2.52974948046578, 39.443246389408401 ], [ 2.508239331767331, 39.456093873734268 ], [ 2.509096222140438, 39.480603224708588 ], [ 2.500000000151079, 39.481237003079009 ], [ 2.489695342881929, 39.481954972085155 ], [ 2.487651988224285, 39.497567471515488 ], [ 2.489788658975319, 39.50000000024815 ], [ 2.500000000151079, 39.511708679929811 ], [ 2.512062381953478, 39.525537264839301 ], [ 2.500000000151079, 39.524607344378303 ], [ 2.485586662571386, 39.523496166861285 ], [ 2.449663176293261, 39.52351361239343 ], [ 2.430811585389947, 39.54510779798364 ], [ 2.43415126110488, 39.576301003232864 ], [ 2.463659054184001, 39.589652741203317 ], [ 2.482488674092105, 39.615459910796389 ], [ 2.500000000151079, 39.638638255482242 ], [ 2.508085531207545, 39.649337786513691 ], [ 2.548403327022258, 39.678847541237467 ], [ 2.577032258733025, 39.673956242332082 ], [ 2.601772225475367, 39.688368037080807 ], [ 2.638508659237855, 39.723062262082088 ], [ 2.69906225458729, 39.776269949417404 ], [ 2.75401310422202, 39.810311552857947 ], [ 2.794484701494852, 39.823391938712852 ], [ 2.856598276132374, 39.848034611069501 ], [ 2.876350701195864, 39.851663398861291 ], [ 2.964456621642597, 39.893337183802075 ], [ 2.989064758820355, 39.886292097805899 ], [ 3.000000000181255, 39.894895896401906 ], [ 3.024197269507642, 39.913930331384563 ], [ 3.055330957555463, 39.915543515425227 ], [ 3.07057921361471, 39.902376730249223 ], [ 3.100614324952114, 39.918804459369014 ], [ 3.12311319268994, 39.916011852005795 ], [ 3.138734965549379, 39.938436197146757 ], [ 3.16575997418499, 39.945597246553056 ], [ 3.195048051922029, 39.953346974098999 ] ] ], [ [ [ 6.2961122450836, 51.303236763353269 ], [ 6.285010641121938, 51.299514287118278 ], [ 6.259516444375491, 51.314890639671958 ], [ 6.267348998169851, 51.330525650649093 ], [ 6.221209328796601, 51.331145662889959 ], [ 6.195824831617669, 51.330776295137724 ], [ 6.184569648081799, 51.345087119002088 ], [ 6.13129950232617, 51.363440603667883 ], [ 6.091588231024989, 51.341183413353711 ], [ 6.134085873318265, 51.323902865555809 ], [ 6.132484258015036, 51.313861311549829 ], [ 6.104949647695168, 51.29257013376904 ], [ 6.133647074149736, 51.248980058351222 ], [ 6.167149344717285, 51.247169511359807 ], [ 6.185271726392084, 51.270608573749982 ], [ 6.224456438511362, 51.252297006830574 ], [ 6.226782070780743, 51.207914570026482 ], [ 6.234329405879143, 51.203866845632703 ], [ 6.29323811407814, 51.201181393633412 ], [ 6.329241536941823, 51.188082597422017 ], [ 6.363599464495603, 51.170836758711182 ], [ 6.363116786218717, 51.155372198059283 ], [ 6.368391250697623, 51.154765803964956 ], [ 6.357522104680363, 51.137199977590981 ], [ 6.353309638411803, 51.137186729899305 ], [ 6.353601077042799, 51.124491294022398 ], [ 6.329066016915081, 51.11910008155315 ], [ 6.308069506031453, 51.112499662953752 ], [ 6.275159613308332, 51.135769205937144 ], [ 6.222416024937977, 51.149412713832007 ], [ 6.194245156766959, 51.167513906374104 ], [ 6.165657429879952, 51.205573282911857 ], [ 6.158110094781552, 51.207967479125472 ], [ 6.110478509672626, 51.19185384665716 ], [ 6.103984291141368, 51.193203481403309 ], [ 6.044329625523733, 51.20597011938014 ], [ 6.024737269464081, 51.206419863861896 ], [ 6.002292722851504, 51.196365705601352 ], [ 6.000559468426551, 51.184496314905566 ], [ 6.0251541281801, 51.181624439936449 ], [ 6.046018999941994, 51.170902948588818 ], [ 6.087441585215621, 51.165488304925006 ], [ 6.086695627796948, 51.163118369814519 ], [ 6.072171394992071, 51.147055193877875 ], [ 6.056528226059195, 51.140458790833122 ], [ 6.006022509944854, 51.13305326632419 ], [ 6.000000000362556, 51.123867054902732 ], [ 5.995754623415229, 51.117390425489099 ], [ 5.989019066194683, 51.101523375772913 ], [ 5.938864389235505, 51.102332104762546 ], [ 5.921531845884358, 51.128800180465745 ], [ 5.877783628341358, 51.130337166682104 ], [ 5.870455639377458, 51.137725440095089 ], [ 5.895906009117851, 51.144485623373669 ], [ 5.897112705259225, 51.162138584769799 ], [ 5.926951008294301, 51.170452856102038 ], [ 5.95477083731013, 51.194314915838902 ], [ 5.976579126071623, 51.199990748357386 ], [ 5.979014458806852, 51.21739754251535 ], [ 6.000000000362556, 51.226375053225965 ], [ 6.009028280970364, 51.230236765161081 ], [ 6.018116456749723, 51.237788142712098 ], [ 6.019749884990422, 51.241245877749606 ], [ 6.011200333665512, 51.259749351726072 ], [ 6.031497180910286, 51.265755137094196 ], [ 6.040029399241797, 51.269089494729478 ], [ 6.040009653373537, 51.27052852578656 ], [ 6.040454595221977, 51.278905024101306 ], [ 6.040917527630604, 51.287507233839001 ], [ 6.039195681809758, 51.299461483814149 ], [ 6.068375787439529, 51.322966099063187 ], [ 6.017058294345651, 51.340339324896313 ], [ 6.000000000362556, 51.345880306349379 ], [ 5.987176112202189, 51.350045397924234 ], [ 5.966793917818884, 51.352458407940695 ], [ 5.948123039204638, 51.356005168573972 ], [ 5.922541082444813, 51.380297671682335 ], [ 5.834496149521063, 51.39224804295538 ], [ 5.837918778364267, 51.393275601691322 ], [ 5.868481098365497, 51.41109610886582 ], [ 5.912602294617841, 51.429501983582071 ], [ 5.938996029255527, 51.468014333933944 ], [ 5.926405397641862, 51.500000000093614 ], [ 5.920390969303851, 51.515440623180517 ], [ 5.92712652742271, 51.522042286819584 ], [ 5.917143860487387, 51.592011192878587 ], [ 5.905888676951481, 51.607789664130927 ], [ 5.916748941325544, 51.620925344947381 ], [ 5.9387985696746, 51.619016865973038 ], [ 5.955626494296352, 51.605973431751558 ], [ 5.966859738278075, 51.607829434376598 ], [ 5.990335461903618, 51.622860248844376 ], [ 6.000000000362556, 51.626440279252172 ], [ 6.042530551537921, 51.642191476514363 ], [ 6.027918558719677, 51.668346328373929 ], [ 6.01389894464423, 51.689232821808773 ], [ 6.000000000362556, 51.698783408525323 ], [ 5.968724631824746, 51.720266707079325 ], [ 5.968944030959848, 51.73344896803151 ], [ 5.971181904114187, 51.733673707353397 ], [ 6.000000000362556, 51.727620988629589 ], [ 6.002907040250117, 51.727010372302509 ], [ 6.059709515314825, 51.727142590739689 ], [ 6.106858421248531, 51.723453545509216 ], [ 6.096217556009569, 51.64813889973891 ], [ 6.17596919641626, 51.608081314769294 ], [ 6.20396454545883, 51.620355460376892 ], [ 6.220792470080582, 51.615371976492014 ], [ 6.236764737716111, 51.626690053120434 ], [ 6.259231224781198, 51.640747551665434 ], [ 6.269279712175686, 51.627803153008308 ], [ 6.300280831345479, 51.621415705307498 ], [ 6.31603369984588, 51.607444982912924 ], [ 6.366692994636156, 51.614311589623824 ], [ 6.422771451836386, 51.614947824732958 ], [ 6.450262182149563, 51.643900282145886 ], [ 6.471324490136159, 51.642774333187255 ], [ 6.475646679328504, 51.606570012461184 ], [ 6.489819872978185, 51.605973431751558 ], [ 6.493220562267215, 51.579371182462488 ], [ 6.470030057337634, 51.575961886306644 ], [ 6.472245990039465, 51.565161874291398 ], [ 6.487560060269662, 51.567258392552333 ], [ 6.497915706812663, 51.540527139525835 ], [ 6.500000000392768, 51.525073815011496 ], [ 6.500197459075362, 51.523609542430691 ], [ 6.5200530942768, 51.50604786620729 ], [ 6.521079763543659, 51.500000000093614 ], [ 6.522861405721364, 51.489617993935035 ], [ 6.516608525879419, 51.474300573839265 ], [ 6.527315210679202, 51.461858761285754 ], [ 6.532931832670063, 51.439478592078473 ], [ 6.502369512668833, 51.427343168053049 ], [ 6.500000000392768, 51.429248565450052 ], [ 6.48547576758789, 51.440926202826724 ], [ 6.467155927230506, 51.438070417401434 ], [ 6.448682507298853, 51.447637250189523 ], [ 6.405175629343455, 51.438267827292528 ], [ 6.379703372151183, 51.42559234577822 ], [ 6.356447047660742, 51.421261075226639 ], [ 6.359913556510604, 51.395580938352772 ], [ 6.372243796167826, 51.359459368912219 ], [ 6.386833848533572, 51.32057791743928 ], [ 6.339070624302921, 51.317609009253253 ], [ 6.2961122450836, 51.303236763353269 ] ] ], [ [ [ -16.658922626980388, 28.571626679642229 ], [ -16.665839902603125, 28.500000000205191 ], [ -16.666344608469096, 28.494796937342471 ], [ -16.791332531076808, 28.425534294382654 ], [ -16.860172506407196, 28.349991862750112 ], [ -16.871766607231791, 28.233426625186695 ], [ -16.902925753534767, 28.140472090853592 ], [ -16.978221535434859, 28.064061130619699 ], [ -17.064957708329601, 28.04190671746235 ], [ -17.180876759953396, 28.00808010921746 ], [ -17.266558923355607, 28.127568298348837 ], [ -17.307423738381104, 28.26671349885963 ], [ -17.367216801146373, 28.31148892371565 ], [ -17.399759334122269, 28.378080756825842 ], [ -17.319325258865604, 28.405928480500823 ], [ -17.178219778701575, 28.41844780960523 ], [ -17.013443008979696, 28.442411435709928 ], [ -16.917923426342131, 28.494057651778792 ], [ -16.907950615722093, 28.500000000205191 ], [ -16.824643613202458, 28.549863766535267 ], [ -16.74792052779183, 28.556467357201218 ], [ -16.658922626980388, 28.571626679642229 ] ] ], [ [ [ -0.629439070379178, 35.538546596347039 ], [ -0.630993961609501, 35.539005746012506 ], [ -0.672893356466237, 35.551377366148081 ], [ -0.724410192908217, 35.555229679386997 ], [ -0.785571331460719, 35.557791974326967 ], [ -0.8580024649715, 35.541109429188161 ], [ -0.886171958720095, 35.541754483332859 ], [ -0.892391984477199, 35.541886980161983 ], [ -0.923996740076853, 35.542399531509218 ], [ -0.94124049035202, 35.537591876771231 ], [ -0.947554301123103, 35.534579053893907 ], [ -0.949063579496564, 35.533858839464983 ], [ -0.956989209534159, 35.530012656661519 ], [ -0.973206851989528, 35.561521970419555 ], [ -0.916175847313178, 35.600380196482611 ], [ -0.864790824266127, 35.633507919377649 ], [ -0.839988049115758, 35.669963752271812 ], [ -0.828256709970263, 35.69237905839244 ], [ -0.835286211223103, 35.714038402891653 ], [ -0.814020927101444, 35.727538094403357 ], [ -0.793853569309908, 35.750754307941378 ], [ -0.775333870869752, 35.781142439442313 ], [ -0.771621143681981, 35.799946614527542 ], [ -0.754771073791853, 35.800919721291415 ], [ -0.745412364974751, 35.792839094319199 ], [ -0.72876001517697, 35.787051813429954 ], [ -0.706439714551342, 35.786825875214902 ], [ -0.697674163316354, 35.784827160084468 ], [ -0.682317971980788, 35.770052476332687 ], [ -0.657668978525568, 35.760438754089158 ], [ -0.633525267654763, 35.758230735834239 ], [ -0.610721652745006, 35.759812865769028 ], [ -0.577988141532977, 35.77147791949816 ], [ -0.553734586465822, 35.787868663203497 ], [ -0.532380912611759, 35.815897099442338 ], [ -0.510214393681281, 35.82041407847079 ], [ -0.500000000030215, 35.830762926191632 ], [ -0.497406583567905, 35.833390264033739 ], [ -0.487850155556787, 35.855759168860452 ], [ -0.483785927479783, 35.874423994801084 ], [ -0.49299085460167, 35.893848065726566 ], [ -0.486861559586606, 35.903896703428018 ], [ -0.445450371238993, 35.899193615076868 ], [ -0.414540270272142, 35.906985663164583 ], [ -0.394658505774025, 35.921439684640781 ], [ -0.367856570383044, 35.92084977661316 ], [ -0.347886930887227, 35.904365261572607 ], [ -0.322512967353325, 35.892962890707288 ], [ -0.326489319534297, 35.870621938864488 ], [ -0.340395569814169, 35.864423672289682 ], [ -0.346656678224164, 35.848326729900691 ], [ -0.331212611890864, 35.831861721653105 ], [ -0.304037206412069, 35.806723358859529 ], [ -0.264537304205664, 35.792561036514314 ], [ -0.202563319678449, 35.776397239155742 ], [ -0.151112389933917, 35.774902354457907 ], [ -0.137843234735027, 35.776223416691316 ], [ -0.141402180227649, 35.770939035638712 ], [ -0.148256446219726, 35.713848633042439 ], [ -0.174267505732907, 35.659676342451 ], [ -0.208758521390961, 35.608410847537677 ], [ -0.252300682475788, 35.572693480021734 ], [ -0.327368072206459, 35.556240662845283 ], [ -0.437871135168234, 35.561678835645225 ], [ -0.500000000030215, 35.569232084880362 ], [ -0.524889551538735, 35.572257803108144 ], [ -0.61783954462858, 35.541074561822889 ], [ -0.629439070379178, 35.538546596347039 ] ] ], [ [ [ -14.019727538982801, 28.710321661224867 ], [ -13.999999999947628, 28.727012787921499 ], [ -13.991554751112041, 28.73415734311472 ], [ -13.927391942343322, 28.749290735586669 ], [ -13.874669524569248, 28.729476464374827 ], [ -13.859057013340397, 28.629079218867766 ], [ -13.864239225331211, 28.520982797158084 ], [ -13.900550650861414, 28.500000000205191 ], [ -13.901546758543992, 28.499427082729017 ], [ -13.895837541806914, 28.468743684588336 ], [ -13.890809039646051, 28.441574455904703 ], [ -13.901744385211552, 28.357862185265812 ], [ -13.926711227767104, 28.272796432046079 ], [ -13.96158136481443, 28.245556977106865 ], [ -13.997351801524339, 28.240291561880724 ], [ -13.999999999947628, 28.23907187748965 ], [ -14.022757815150937, 28.228589698186269 ], [ -14.040083091131418, 28.200070728520664 ], [ -14.160657349999758, 28.199056232894801 ], [ -14.235953131899855, 28.148904582995698 ], [ -14.303761056156512, 28.085527363736144 ], [ -14.345065041354744, 28.056618230909958 ], [ -14.386544694801728, 28.060740216108655 ], [ -14.438893817659485, 28.075331932005934 ], [ -14.4734126182093, 28.074531099899239 ], [ -14.475476719458442, 28.114760562072433 ], [ -14.398446214387913, 28.112788501963959 ], [ -14.349303036845365, 28.117689297231504 ], [ -14.288412047749951, 28.18493031174604 ], [ -14.219220735922054, 28.213999558506057 ], [ -14.195900782861717, 28.237093181041722 ], [ -14.185799860804067, 28.358037507669756 ], [ -14.177236036147608, 28.433788276607693 ], [ -14.147174816174777, 28.46740095858884 ], [ -14.11028192553421, 28.500000000205191 ], [ -14.107649471882908, 28.502336842260224 ], [ -14.075282606257451, 28.5309103113532 ], [ -14.037535901973621, 28.619707755602999 ], [ -14.019727538982801, 28.710321661224867 ] ] ], [ [ [ -15.931261034003583, 27.812941901743134 ], [ -16.042459003126417, 27.78892898242405 ], [ -16.071224670999857, 27.755005500121975 ], [ -16.14983618941087, 27.800059013374163 ], [ -16.231324275058384, 27.836929972977387 ], [ -16.289206945506148, 27.926443268755108 ], [ -16.279413444006718, 27.995591448963612 ], [ -16.274396216600991, 27.999999999632248 ], [ -16.21026604991475, 28.056598695481593 ], [ -16.175615497055475, 28.148553243047669 ], [ -16.070478081167227, 28.150388007879375 ], [ -15.99388674626943, 28.131921796132758 ], [ -15.932864006661188, 28.153881781356983 ], [ -15.889825298292521, 28.137563506012235 ], [ -15.899970136289468, 28.073417738389107 ], [ -15.886994042078951, 27.999999999632248 ], [ -15.884774837712854, 27.987497607205309 ], [ -15.882403316803813, 27.92085574604241 ], [ -15.900167762957029, 27.856178912320814 ], [ -15.931261034003583, 27.812941901743134 ] ] ], [ [ [ 4.044270478527948, 40.069878688040383 ], [ 4.077205833997796, 40.052306649675053 ], [ 4.097727262758599, 40.062782526872411 ], [ 4.106032509157147, 40.085022216040286 ], [ 4.120467818630338, 40.06467383166661 ], [ 4.13938532431594, 40.047407649547687 ], [ 4.165685270346396, 40.0728365489338 ], [ 4.175770213171762, 40.062426890959244 ], [ 4.178956087428586, 40.044189962169973 ], [ 4.205739408828571, 40.027969838550135 ], [ 4.219471628488458, 40.03780264104212 ], [ 4.226854069731611, 40.019688476183603 ], [ 4.256383833805941, 40.023133775978494 ], [ 4.275696828185278, 40.005387801838673 ], [ 4.277494579850991, 40.00000000026855 ], [ 4.285452196200899, 39.97445919151231 ], [ 4.313707611111511, 39.975221743575844 ], [ 4.337722517045293, 39.934205100563382 ], [ 4.34932349627003, 39.880565258486115 ], [ 4.328428550709072, 39.827004670657423 ], [ 4.299755676109515, 39.821255473201099 ], [ 4.243882021319353, 39.822037115130911 ], [ 4.186909788920476, 39.856403103660803 ], [ 4.121104993661365, 39.900502988007013 ], [ 4.057409466045562, 39.926175697840755 ], [ 4.000000000241688, 39.940848329595141 ], [ 3.999668229949373, 39.940933113223032 ], [ 3.935423413978376, 39.936424725056469 ], [ 3.905036758632622, 39.917069934569035 ], [ 3.838682674119981, 39.914311948271774 ], [ 3.854480219432757, 39.966174556714691 ], [ 3.84037448297268, 39.998440796343857 ], [ 3.840470035871136, 40.00000000026855 ], [ 3.842461780519077, 40.030347308595658 ], [ 3.867531320274532, 40.050544343988292 ], [ 3.922174568789729, 40.05587962313642 ], [ 3.998613595229402, 40.061262978713863 ], [ 4.000000000241688, 40.061524617284782 ], [ 4.044270478527948, 40.069878688040383 ] ] ], [ [ [ -13.561606836699806, 29.076535717326966 ], [ -13.555326699277165, 29.165081853596593 ], [ -13.499999999917415, 29.189225776506014 ], [ -13.495226216851998, 29.191308730814075 ], [ -13.416065735275911, 29.181259797840827 ], [ -13.445314490159696, 29.03161821269526 ], [ -13.46134296628086, 28.999999999695707 ], [ -13.481370387212383, 28.960672326126474 ], [ -13.499999999917415, 28.953852748873992 ], [ -13.597904278155982, 28.918006342289676 ], [ -13.691249967450382, 28.881223842366904 ], [ -13.765316070710874, 28.879685272013553 ], [ -13.796848512828479, 28.832484779647832 ], [ -13.86595199008284, 28.850779243413186 ], [ -13.871375745578822, 28.91446302218667 ], [ -13.812878235811255, 28.938718689826029 ], [ -13.790030058175198, 28.999999999695707 ], [ -13.772540425532021, 29.047113956118924 ], [ -13.662045129404209, 29.078469520005196 ], [ -13.561606836699806, 29.076535717326966 ] ] ], [ [ [ 9.539293490589388, 46.014086168231735 ], [ 9.521215910592755, 46.002383833632415 ], [ 9.499999999675717, 46.002085821376305 ], [ 9.478476930508529, 46.001783492270711 ], [ 9.477933487490876, 46.000000000240469 ], [ 9.461758704556022, 45.947371559426379 ], [ 9.499999999675717, 45.93808827637509 ], [ 9.522312907166576, 45.932670973735981 ], [ 9.499999999675717, 45.907616368908833 ], [ 9.486090085167795, 45.891991512139121 ], [ 9.499999999675717, 45.839654060612538 ], [ 9.501426094952194, 45.834285430486119 ], [ 9.499999999675717, 45.83404515266686 ], [ 9.467046227844218, 45.828492584622111 ], [ 9.465378792980141, 45.804863713912688 ], [ 9.471565852362934, 45.773969368608874 ], [ 9.441925008908777, 45.767019043713631 ], [ 9.431977222657611, 45.762707957738762 ], [ 9.418931964458427, 45.779505690281887 ], [ 9.397913513122308, 45.805344253804755 ], [ 9.348768072723558, 45.879966506318262 ], [ 9.339663002328631, 45.912618397871114 ], [ 9.337030210910783, 45.936971155843537 ], [ 9.33692051134323, 45.969749007793574 ], [ 9.327486342245653, 45.998662120365132 ], [ 9.327316218398831, 46.000000000240469 ], [ 9.324480572118468, 46.022498803805583 ], [ 9.322330458977502, 46.033065728257377 ], [ 9.337052151363281, 46.045488776165477 ], [ 9.334638759080532, 46.060819827635228 ], [ 9.338280787058839, 46.086337695572084 ], [ 9.34578424304887, 46.097696271358252 ], [ 9.357043018049266, 46.102125294015387 ], [ 9.379856951906691, 46.079246528210511 ], [ 9.419765681890464, 46.074772041631356 ], [ 9.442337440727076, 46.067098720245617 ], [ 9.448243708311615, 46.065090693450422 ], [ 9.470139757086459, 46.053857018287211 ], [ 9.499999999675717, 46.051080136375923 ], [ 9.509938787502682, 46.050155837638492 ], [ 9.518795119785326, 46.024088836721049 ], [ 9.532335814135063, 46.017481536262366 ], [ 9.539293490589388, 46.014086168231735 ] ] ], [ [ [ 1.543534431172411, 39.084046429716985 ], [ 1.576447815647059, 39.081606263347339 ], [ 1.582929422730062, 39.065254955458457 ], [ 1.565879499248785, 39.036883874404907 ], [ 1.580007206704074, 39.023295866143251 ], [ 1.554476264370921, 39.015794297476546 ], [ 1.543051057599513, 39.003633072686128 ], [ 1.544687703605542, 38.999999999654428 ], [ 1.550125896824762, 38.988012509447714 ], [ 1.530197700206267, 38.98101106296258 ], [ 1.515938163186404, 38.942473287341073 ], [ 1.500000000090646, 38.926664356839986 ], [ 1.498558665793672, 38.925234535164741 ], [ 1.443212328363495, 38.898639727908545 ], [ 1.444223020194721, 38.863581004673257 ], [ 1.452154749793105, 38.855890051913448 ], [ 1.435544256995973, 38.850837525411151 ], [ 1.426777608019737, 38.859188757170664 ], [ 1.3949408310569, 38.884444781801939 ], [ 1.360687182636219, 38.882674550767049 ], [ 1.34297811223041, 38.884010905546518 ], [ 1.319160950643463, 38.869222817496819 ], [ 1.297980374958136, 38.889130471360126 ], [ 1.284907302222782, 38.923534711020018 ], [ 1.289147811199567, 38.938727599638931 ], [ 1.278293864676934, 38.95632712886573 ], [ 1.287741632471273, 38.969172870593766 ], [ 1.312811172226729, 38.966122002722905 ], [ 1.332234023378781, 38.972847603260718 ], [ 1.351788704095399, 38.967820797752154 ], [ 1.358907486209437, 38.980941737796833 ], [ 1.343461485803317, 38.987821885310829 ], [ 1.341676553995014, 38.999999999654428 ], [ 1.336408618471611, 39.036186223149926 ], [ 1.388634995528928, 39.067887460347372 ], [ 1.41038683146302, 39.062099305816943 ], [ 1.430820373547956, 39.082530050684532 ], [ 1.500000000090646, 39.100342908091015 ], [ 1.500602020451325, 39.100497900168207 ], [ 1.538173372693404, 39.098615936574625 ], [ 1.543534431172411, 39.084046429716985 ] ] ], [ [ [ 11.009477778477716, 42.652546090288396 ], [ 11.013594275927842, 42.653848576601497 ], [ 11.065872224367324, 42.670387268290291 ], [ 11.096790000539976, 42.666787670287775 ], [ 11.131399452780055, 42.620022255110023 ], [ 11.171260750818512, 42.563116473798104 ], [ 11.220790721362837, 42.543257445742832 ], [ 11.255553993027334, 42.540168051020956 ], [ 11.299985936299382, 42.538453451297485 ], [ 11.314313150596128, 42.515997524517225 ], [ 11.311952112128139, 42.499999999702688 ], [ 11.307281389182005, 42.468594810414132 ], [ 11.306070772792731, 42.427460089456069 ], [ 11.330837790503223, 42.438805038787365 ], [ 11.306028856503259, 42.426766180827656 ], [ 11.25761957290343, 42.427714586655178 ], [ 11.225734929210699, 42.440380044631482 ], [ 11.182511569440436, 42.425239056258079 ], [ 11.176161009489414, 42.395734089233486 ], [ 11.1505390282921, 42.375756036354701 ], [ 11.117885285680661, 42.375981267737387 ], [ 11.10034982997484, 42.396473894003812 ], [ 11.074947591069064, 42.398902322663808 ], [ 11.059631535562071, 42.419419565134483 ], [ 11.063784669902745, 42.452721563004083 ], [ 11.1174238265091, 42.43941576020859 ], [ 11.137200656103913, 42.455710155894003 ], [ 11.152296969319364, 42.494950224250815 ], [ 11.150169772201302, 42.499999999702688 ], [ 11.13348700634632, 42.539909246466756 ], [ 11.116852495293454, 42.554885775927318 ], [ 11.095976953342623, 42.544664606249206 ], [ 11.086835663773758, 42.565978366145259 ], [ 11.092153433337574, 42.591325397297808 ], [ 11.050270502803349, 42.630263291001405 ], [ 11.013683368142775, 42.637983329077358 ], [ 11.009477778477716, 42.652546090288396 ] ] ], [ [ [ -17.803115475800858, 28.134771970978242 ], [ -17.777160499009188, 28.180910713591985 ], [ -17.725250546324162, 28.211658707133072 ], [ -17.681992252869129, 28.196285828077045 ], [ -17.6387339594141, 28.173222318606964 ], [ -17.586824006729074, 28.127080227280889 ], [ -17.595475665959071, 28.073222410019085 ], [ -17.64738561774578, 28.027036839183925 ], [ -17.716598887992483, 28.027036839183925 ], [ -17.777160499009188, 28.065526206882556 ], [ -17.803115475800858, 28.134771970978242 ] ] ], [ [ [ -5.39032131052703, 35.761011501451385 ], [ -5.432708568736498, 35.750789083842101 ], [ -5.498223219836929, 35.752232262877584 ], [ -5.500000000332335, 35.753685582089297 ], [ -5.547858859208106, 35.792821716375478 ], [ -5.587237930822291, 35.826042566307628 ], [ -5.623586153143162, 35.853189152404326 ], [ -5.646349832548621, 35.869368877766021 ], [ -5.641793208220003, 35.86973650194571 ], [ -5.609683781788662, 35.86543070696451 ], [ -5.568503771286152, 35.862687375243837 ], [ -5.531364892276414, 35.869823310358179 ], [ -5.506371371553526, 35.886957323724374 ], [ -5.500000000332335, 35.900411904081892 ], [ -5.49839892132335, 35.903792579259438 ], [ -5.486209638113989, 35.910543022506218 ], [ -5.475909144536181, 35.907940092269143 ], [ -5.468200246535645, 35.911219769984598 ], [ -5.450366557342018, 35.911861807609441 ], [ -5.442416070022178, 35.915870082886414 ], [ -5.436705775306786, 35.915679217733171 ], [ -5.429655757431134, 35.908304508082544 ], [ -5.419948256145418, 35.914464606964266 ], [ -5.40330055063766, 35.915089266364397 ], [ -5.393988377247269, 35.911011540950533 ], [ -5.387663127329349, 35.906204758185858 ], [ -5.382853302956416, 35.897110976954316 ], [ -5.372772435787512, 35.89513241935483 ], [ -5.35199574804378, 35.900894395387361 ], [ -5.341783105209193, 35.902039798145637 ], [ -5.332910185534818, 35.897301888024302 ], [ -5.33598495975058, 35.889960165020739 ], [ -5.351051352778847, 35.885221524816558 ], [ -5.363635963883507, 35.883815499770144 ], [ -5.381250027566552, 35.884683419566379 ], [ -5.393658937184791, 35.885742268226608 ], [ -5.401499610851011, 35.875257297477766 ], [ -5.404464572311452, 35.827310657687896 ], [ -5.397458479358286, 35.775232622275084 ], [ -5.39032131052703, 35.761011501451385 ] ] ], [ [ [ 5.797286394333695, 51.022664704914213 ], [ 5.830130103678258, 51.023553552652515 ], [ 5.836690142668719, 51.022012996390998 ], [ 5.871596568958568, 51.003987321832973 ], [ 5.870722562984334, 50.999999999968175 ], [ 5.870609271952294, 50.9994886942319 ], [ 5.892373680707095, 50.995019456018476 ], [ 5.907621931376425, 50.988604028950981 ], [ 5.944700410361431, 50.998568592312253 ], [ 5.978092981361465, 50.998976068306767 ], [ 5.998892033562474, 50.993284223873495 ], [ 6.000000000362556, 50.993352984360037 ], [ 6.016685315636323, 50.994388470161432 ], [ 6.019405867067505, 50.983029245233993 ], [ 6.016382914863906, 50.973568140855754 ], [ 6.000000000362556, 50.971049179139897 ], [ 5.98434586120342, 50.968642142311808 ], [ 5.958829724004466, 50.956566143523773 ], [ 5.939829745789268, 50.966116704548611 ], [ 5.925590732578693, 50.961223275186541 ], [ 5.933686566413135, 50.944592266956846 ], [ 5.90694179351862, 50.92391358371664 ], [ 5.886362140452722, 50.922754988616568 ], [ 5.866287106116175, 50.930706583510741 ], [ 5.862250158976023, 50.944592266956846 ], [ 5.87455845907907, 50.953500599939986 ], [ 5.87455845907907, 50.966208779849694 ], [ 5.847111608772577, 50.982739968913151 ], [ 5.830217863691634, 50.982739968913151 ], [ 5.792217907261223, 50.967484667398047 ], [ 5.796430373529783, 50.959855126968641 ], [ 5.770738717202409, 50.914986382647761 ], [ 5.735086333493852, 50.901987511670086 ], [ 5.72677110052431, 50.88347725079602 ], [ 5.708078281457554, 50.889090395448044 ], [ 5.689550931167854, 50.886295813440313 ], [ 5.689078303242366, 50.907967181977618 ], [ 5.674861229585965, 50.920148042591443 ], [ 5.690943197687334, 50.923373787548719 ], [ 5.709438557173171, 50.924743015445749 ], [ 5.723129072546002, 50.942934101421066 ], [ 5.728899233686891, 50.959526240063767 ], [ 5.741207573315775, 50.958973702207778 ], [ 5.754108251263252, 50.962394062043266 ], [ 5.763476600799979, 50.968181786514961 ], [ 5.759198314970551, 50.977243380756008 ], [ 5.739737710322053, 50.983949618349556 ], [ 5.750795321987597, 50.989892444139834 ], [ 5.751417118759274, 50.999999999968175 ], [ 5.751804559446378, 51.006365467104274 ], [ 5.765538953927567, 51.008623927263955 ], [ 5.790199434140309, 51.007747126354438 ], [ 5.797286394333695, 51.022664704914213 ] ] ], [ [ [ 5.601406349027941, 50.520058155631787 ], [ 5.591665020781894, 50.525091107786693 ], [ 5.557087694093013, 50.517322340372885 ], [ 5.572950262160964, 50.500186667146416 ], [ 5.57247310942139, 50.499999999891088 ], [ 5.559128166955207, 50.494834304107087 ], [ 5.553410490783126, 50.499999999891088 ], [ 5.542322121700533, 50.510123462228343 ], [ 5.508533872462267, 50.499999999891088 ], [ 5.506274819728492, 50.499330243497283 ], [ 5.505019833750714, 50.499999999891088 ], [ 5.500000000332335, 50.502707537791714 ], [ 5.491618946903599, 50.507227661848255 ], [ 5.499451501596256, 50.514759028994654 ], [ 5.483918032230966, 50.52768041139668 ], [ 5.482272537819388, 50.539589368072591 ], [ 5.500000000332335, 50.543720310948693 ], [ 5.510640865571296, 50.546199724459591 ], [ 5.526064635369043, 50.535965222976763 ], [ 5.538329055465399, 50.539708840924668 ], [ 5.538263235006207, 50.55205269652901 ], [ 5.580431777698496, 50.564711727549025 ], [ 5.605882094438295, 50.561872368152756 ], [ 5.652350863412493, 50.569341903351912 ], [ 5.663035608658137, 50.559231875075049 ], [ 5.654018298276569, 50.54872150253604 ], [ 5.684448978257776, 50.532646163284127 ], [ 5.704304614357521, 50.512408096433987 ], [ 5.730983566792869, 50.509153787373364 ], [ 5.739383419265573, 50.499999999891088 ], [ 5.749171768028527, 50.489443816522645 ], [ 5.752175320215287, 50.461779083363183 ], [ 5.727495118388796, 50.464929129409505 ], [ 5.705533250053071, 50.457482761999884 ], [ 5.692413172970502, 50.445547696866207 ], [ 5.69166721555183, 50.434939134027239 ], [ 5.675694947018004, 50.429791935598111 ], [ 5.639954804194403, 50.468336173167309 ], [ 5.646361262712323, 50.488207867237335 ], [ 5.657296438496235, 50.499999999891088 ], [ 5.657528686234818, 50.500253096599749 ], [ 5.638835867168098, 50.514108217697405 ], [ 5.617203097535024, 50.517614522172209 ], [ 5.601406349027941, 50.520058155631787 ] ] ], [ [ [ -3.933421971118636, 35.229009757010225 ], [ -3.964698334989763, 35.183873392431551 ], [ -4.000000000241688, 35.183206388136369 ], [ -4.233640383562348, 35.178791752692227 ], [ -4.279392538586666, 35.201954102065066 ], [ -4.275732604489782, 35.202665712348846 ], [ -4.257037156054227, 35.201186846100953 ], [ -4.245239910211242, 35.202926685664806 ], [ -4.214879028429315, 35.205084035027731 ], [ -4.201434123234955, 35.203448630495828 ], [ -4.176631348084586, 35.207102147331916 ], [ -4.166855232579164, 35.208772271935239 ], [ -4.154135297463492, 35.214617432882697 ], [ -4.125927357617349, 35.223680072864191 ], [ -4.106419063207047, 35.229785037674787 ], [ -4.064876063261162, 35.238532940121686 ], [ -4.044137516187799, 35.242376150801192 ], [ -4.032911458728349, 35.246879950853518 ], [ -4.023750470003627, 35.247453776519109 ], [ -4.014325854489114, 35.24759288519892 ], [ -4.000000000241688, 35.246765714490763 ], [ -3.999870384125992, 35.246758230244609 ], [ -3.968213342983517, 35.25616498241012 ], [ -3.95373590432014, 35.261937157725384 ], [ -3.947562671806176, 35.26211101182394 ], [ -3.937193397820351, 35.253852518445498 ], [ -3.937193397820351, 35.249592543097201 ], [ -3.944289320505336, 35.240480653690135 ], [ -3.93798427459648, 35.233785190541852 ], [ -3.933421971118636, 35.229009757010225 ] ] ], [ [ [ -2.920998015557298, 35.228220920264647 ], [ -2.950838219427487, 35.234254760662147 ], [ -2.989063931471969, 35.277373948849714 ], [ -2.997952507883413, 35.297852146518622 ], [ -3.000000000181255, 35.30796848043591 ], [ -3.007348783347369, 35.344267142049887 ], [ -3.007607093907309, 35.350512092751821 ], [ -3.007819973968403, 35.355659350245382 ], [ -3.007737411607271, 35.360156924383617 ], [ -3.000619504452346, 35.384516475976248 ], [ -3.000000000181255, 35.387784669387266 ], [ -2.996758783414759, 35.404881509175766 ], [ -2.997406143544468, 35.40710051979368 ], [ -2.996797658906976, 35.419103358826519 ], [ -2.995794789605254, 35.421711176948136 ], [ -2.996438198046036, 35.426193155011838 ], [ -2.999389267060636, 35.447294859040085 ], [ -2.990491903329074, 35.46434339958406 ], [ -2.976124307963657, 35.468678663121402 ], [ -2.949915530154791, 35.467464812861429 ], [ -2.948487558297678, 35.448994673838776 ], [ -2.958922738082665, 35.432498003730501 ], [ -2.963052871958787, 35.393107311236136 ], [ -2.946773991350491, 35.340515651264759 ], [ -2.89879413299921, 35.264336312816944 ], [ -2.864640474256183, 35.226914718024865 ], [ -2.880299457131303, 35.225869565965311 ], [ -2.890050550064506, 35.246879950853518 ], [ -2.908570248504625, 35.268004448448977 ], [ -2.918895584093291, 35.267204774576044 ], [ -2.921663653708083, 35.23529823975376 ], [ -2.920998015557298, 35.228220920264647 ] ] ], [ [ [ 8.466607428615287, 39.013212176045343 ], [ 8.462836357646397, 38.999999999654428 ], [ 8.454321068964756, 38.970368913288773 ], [ 8.440060115301664, 38.94282010016002 ], [ 8.411187169718694, 38.939716064515864 ], [ 8.392121371942602, 38.981825623099972 ], [ 8.376586706919642, 38.999999999654428 ], [ 8.375161807300801, 39.001678705632379 ], [ 8.362085609326611, 39.027325447523104 ], [ 8.348131814811994, 39.03041289190211 ], [ 8.345915882110162, 39.064993442537997 ], [ 8.352695320235714, 39.084726174975458 ], [ 8.371739178457632, 39.090582169929561 ], [ 8.383082121108536, 39.07733576816053 ], [ 8.414938897264552, 39.069212391612133 ], [ 8.452105136262926, 39.052335070098103 ], [ 8.461166326651176, 39.028023186960809 ], [ 8.474659382443054, 39.02001620939776 ], [ 8.466607428615287, 39.013212176045343 ] ] ], [ [ [ 11.958532383804599, 36.830499167785518 ], [ 11.999999999826779, 36.813269156408396 ], [ 12.019488966983742, 36.80517003755115 ], [ 12.062228892993963, 36.769733297110321 ], [ 12.053505113419698, 36.724348763383261 ], [ 12.005820980459932, 36.705317463402935 ], [ 11.999999999826779, 36.706985259269743 ], [ 11.976309555492126, 36.713772540609554 ], [ 11.937634867265292, 36.761058424536429 ], [ 11.927702504189238, 36.789026559277126 ], [ 11.930163620369772, 36.815525079633325 ], [ 11.958532383804599, 36.830499167785518 ] ] ], [ [ [ 8.324678031638969, 40.98993335273537 ], [ 8.32074890389247, 40.999999999862673 ], [ 8.314059105954183, 41.017267551355808 ], [ 8.319368568796575, 41.03684012550319 ], [ 8.345915882110162, 41.060319475797463 ], [ 8.372463195423785, 41.083790383368921 ], [ 8.361844270637343, 41.10725284735468 ], [ 8.388391583950929, 41.126798449643587 ], [ 8.400362447188829, 41.118763816754232 ], [ 8.425557822949303, 41.09161214246307 ], [ 8.441486210578139, 41.072055984977595 ], [ 8.430867285791695, 41.05249396351018 ], [ 8.392373680858137, 41.054450429695279 ], [ 8.377772658266178, 41.056406837251814 ], [ 8.356534807794949, 41.032926079921545 ], [ 8.351225344952557, 41.013352333355151 ], [ 8.373856380919838, 40.999999999862673 ], [ 8.377772658266178, 40.997706714105959 ], [ 8.377772658266178, 40.978271580374447 ], [ 8.324678031638969, 40.98993335273537 ] ] ], [ [ [ 6.815013493089386, 50.112269727991588 ], [ 6.849503060663216, 50.119214043605147 ], [ 6.901237411574818, 50.093167637982631 ], [ 6.909859803692864, 50.067106988507319 ], [ 6.892615020355103, 50.065369105212227 ], [ 6.872496106011908, 50.061893149246025 ], [ 6.866747844000987, 50.05320215036236 ], [ 6.863873713893859, 50.044509568982434 ], [ 6.878244367124495, 50.034076380728735 ], [ 6.866747844000987, 50.021901446673553 ], [ 6.846628929657792, 50.027119655474216 ], [ 6.82938414632002, 50.041032092686173 ], [ 6.815013493089386, 50.112269727991588 ] ] ], [ [ [ 10.370672807369305, 42.782257418487838 ], [ 10.374644824280711, 42.785902274331129 ], [ 10.416708784209309, 42.824488302166714 ], [ 10.418054169450766, 42.825063340306819 ], [ 10.440704670113606, 42.834743691155658 ], [ 10.45237043853157, 42.83784960958225 ], [ 10.451971338610402, 42.838654076579374 ], [ 10.459228967029674, 42.834164154717413 ], [ 10.467249570552356, 42.803392556382498 ], [ 10.415610070954976, 42.796546959292186 ], [ 10.421433248867313, 42.78390073324038 ], [ 10.44767050955892, 42.780920033509581 ], [ 10.478456439997322, 42.748412971903704 ], [ 10.458877379003882, 42.729693878163964 ], [ 10.426487327860945, 42.730113144561827 ], [ 10.408776078142228, 42.745946440408758 ], [ 10.396316675120204, 42.779357122575973 ], [ 10.368211603153874, 42.779840501165374 ], [ 10.370672807369305, 42.782257418487838 ] ] ], [ [ [ 1.560276753534118, 38.699876551532476 ], [ 1.584401517138977, 38.710472571176474 ], [ 1.598726968042803, 38.704417896952201 ], [ 1.598573167483018, 38.690636366450384 ], [ 1.578557084188693, 38.674432684707128 ], [ 1.544347378656765, 38.68089023396228 ], [ 1.505479704459136, 38.709080737834334 ], [ 1.500000000090646, 38.710778619125144 ], [ 1.489813988710979, 38.713934638188938 ], [ 1.475642338366902, 38.708210828123022 ], [ 1.461976033489311, 38.678018350940647 ], [ 1.430556715317122, 38.665798493384919 ], [ 1.428535332553021, 38.709463494585947 ], [ 1.438510416809012, 38.714839270899809 ], [ 1.424492567024765, 38.740059962123631 ], [ 1.439103648951285, 38.744929130426428 ], [ 1.462745038084912, 38.745676866401261 ], [ 1.461954061595768, 38.759691098799195 ], [ 1.474280102527361, 38.764037381357106 ], [ 1.484958275698369, 38.748041744837494 ], [ 1.490758765759908, 38.727659460976291 ], [ 1.500000000090646, 38.72366780536256 ], [ 1.528813492473184, 38.711220670098648 ], [ 1.550257726389337, 38.69204596393319 ], [ 1.560276753534118, 38.699876551532476 ] ] ], [ [ [ 5.313181509232529, 50.843546337275079 ], [ 5.324308563364498, 50.837738925026919 ], [ 5.335779635419341, 50.831859814209587 ], [ 5.340628359539022, 50.82212319611002 ], [ 5.342251914396416, 50.80458421788871 ], [ 5.334178021014447, 50.783129892878506 ], [ 5.335779635419341, 50.770450685022688 ], [ 5.306709230255445, 50.766553776156861 ], [ 5.292184997450568, 50.762656540359593 ], [ 5.284111104068598, 50.772405621625339 ], [ 5.28250948876538, 50.786061467521627 ], [ 5.284111104068598, 50.813347935938012 ], [ 5.288959828188289, 50.831859814209587 ], [ 5.313181509232529, 50.843546337275079 ] ] ], [ [ [ 5.232815551427199, 50.251901921718932 ], [ 5.237269356385073, 50.242029603781489 ], [ 5.2298536604084, 50.222292020400168 ], [ 5.219476074311224, 50.207030416714424 ], [ 5.17647381508522, 50.207030416714424 ], [ 5.17647381508522, 50.21959448571981 ], [ 5.180927620043058, 50.228572450917795 ], [ 5.170550033945891, 50.244725862602685 ], [ 5.152756751872078, 50.257279949746838 ], [ 5.160172447848715, 50.268945662006665 ], [ 5.200190877400041, 50.268945662006665 ], [ 5.232815551427199, 50.251901921718932 ] ] ], [ [ [ 12.531489107245289, 35.523010923964492 ], [ 12.552057010347289, 35.550209433251197 ], [ 12.606904750455428, 35.54477047616875 ], [ 12.682320393665568, 35.54477047616875 ], [ 12.668608457964798, 35.512128914818838 ], [ 12.593192815652971, 35.517570105428547 ], [ 12.531489107245289, 35.523010923964492 ] ] ], [ [ [ 13.940456361607517, 40.735022930947387 ], [ 13.942261986108381, 40.724540673271598 ], [ 13.942368121160884, 40.723974949734178 ], [ 13.944279881612568, 40.713977718406845 ], [ 13.932809320699103, 40.708364528872337 ], [ 13.911779958425541, 40.706961157153884 ], [ 13.889432141504425, 40.710961494527929 ], [ 13.869721234776735, 40.708364528872337 ], [ 13.851966036779375, 40.710300165452416 ], [ 13.843330154660714, 40.721412846993836 ], [ 13.852779083976728, 40.740311400983039 ], [ 13.849373074864591, 40.745099680803996 ], [ 13.853943719199867, 40.750048816895962 ], [ 13.866271276487643, 40.753321168621625 ], [ 13.873083295610227, 40.750758108666261 ], [ 13.881191795690201, 40.751854272046522 ], [ 13.907956438420491, 40.74904934671752 ], [ 13.925162279790689, 40.746244302156882 ], [ 13.940456361607517, 40.735022930947387 ] ] ], [ [ [ 8.295475986455015, 39.093823670738452 ], [ 8.288894007910379, 39.072472314826243 ], [ 8.268906733587208, 39.067102948851485 ], [ 8.253812062492111, 39.070572164376379 ], [ 8.23909037100465, 39.079601777519635 ], [ 8.240516466281125, 39.108739607941253 ], [ 8.229107703170984, 39.113269519874542 ], [ 8.229107703170984, 39.119819950312404 ], [ 8.246988745258173, 39.129836043231371 ], [ 8.259933302314042, 39.142846110766783 ], [ 8.279130740110149, 39.145980704530608 ], [ 8.289288927072224, 39.141609648813414 ], [ 8.292821255482979, 39.1124332503178 ], [ 8.295475986455015, 39.093823670738452 ] ] ], [ [ [ 6.586158099317342, 49.667555141233059 ], [ 6.598949077697231, 49.663291394267013 ], [ 6.611783935185515, 49.657566868839943 ], [ 6.626746967158921, 49.65042486554993 ], [ 6.639581824647204, 49.64044766570477 ], [ 6.656673029309029, 49.636166919181782 ], [ 6.671636060384111, 49.630453797634772 ], [ 6.656673029309029, 49.617593155336706 ], [ 6.635303538817776, 49.611863224831694 ], [ 6.616062221913276, 49.624740001563431 ], [ 6.594670790969505, 49.631871182128968 ], [ 6.564766669271868, 49.630468410159921 ], [ 6.558316329849004, 49.649022631004051 ], [ 6.566894841960333, 49.663291394267013 ], [ 6.586158099317342, 49.667555141233059 ] ] ], [ [ [ 14.949931660130803, 38.505335786922707 ], [ 14.969510721124241, 38.505021723423475 ], [ 14.97011498098494, 38.499999999878447 ], [ 14.971774069601715, 38.486306440349551 ], [ 14.965159819080506, 38.473844442658127 ], [ 14.949777840706385, 38.466199778384009 ], [ 14.940350885080539, 38.456404399772168 ], [ 14.946767367000373, 38.439081500944425 ], [ 14.929056118179973, 38.439411004267235 ], [ 14.88932666497745, 38.47802179405938 ], [ 14.906139168220712, 38.499999999878447 ], [ 14.911850275911462, 38.507516749628095 ], [ 14.929957061934612, 38.508755506518469 ], [ 14.949931660130803, 38.505335786922707 ] ] ], [ [ [ 5.723523991707811, 50.829669913134403 ], [ 5.74090041506564, 50.830276763276458 ], [ 5.757991618829168, 50.830210801602107 ], [ 5.788817218870516, 50.83059337823628 ], [ 5.808234054903434, 50.832532594767507 ], [ 5.810384168044398, 50.823099588449132 ], [ 5.796847232245803, 50.811434313661849 ], [ 5.772647490755772, 50.80094098128194 ], [ 5.744937361307458, 50.795066320742762 ], [ 5.716733453998625, 50.794291990188576 ], [ 5.716678734021427, 50.795013511744209 ], [ 5.722821913397534, 50.828680465816952 ], [ 5.723523991707811, 50.829669913134403 ] ] ], [ [ [ -16.366940123571702, 30.111982202501672 ], [ -16.366940123571702, 30.16351678517864 ], [ -16.323681830116669, 30.17823595857104 ], [ -16.315030170886676, 30.13407178002555 ], [ -16.315030170886676, 30.097253044451872 ], [ -16.366940123571702, 30.111982202501672 ] ] ], [ [ [ 5.319061409466843, 51.07908542193919 ], [ 5.318754251216672, 51.088581778110658 ], [ 5.346530200225843, 51.106839513733433 ], [ 5.380910068232133, 51.118410925629313 ], [ 5.394490884037412, 51.111094632396103 ], [ 5.40052436384597, 51.101032828530812 ], [ 5.395982798874757, 51.089138765949897 ], [ 5.368843107716697, 51.078170166618428 ], [ 5.340167620816319, 51.07084746934725 ], [ 5.319061409466843, 51.07908542193919 ] ] ], [ [ [ 5.236896377675702, 50.124169863390939 ], [ 5.272373242255814, 50.146027614878804 ], [ 5.29503718800352, 50.138557367704209 ], [ 5.258243927714482, 50.115251666755228 ], [ 5.24233747963982, 50.110785315570375 ], [ 5.215241668488479, 50.090847292781191 ], [ 5.181454178326628, 50.085410613111186 ], [ 5.181519997887496, 50.102726268533914 ], [ 5.214320191043065, 50.116603417829658 ], [ 5.236896377675702, 50.124169863390939 ] ] ], [ [ [ 5.246791285495991, 50.298975278470166 ], [ 5.241723162241207, 50.325370806693861 ], [ 5.260832840023983, 50.333867030830561 ], [ 5.282202329616947, 50.32562149327628 ], [ 5.279196559489753, 50.3012722745245 ], [ 5.288937887735781, 50.294605397779016 ], [ 5.295827025428874, 50.269592939280066 ], [ 5.264803966704942, 50.26569593328729 ], [ 5.262763553131521, 50.283777972424005 ], [ 5.246791285495991, 50.298975278470166 ] ] ], [ [ [ 4.495280510483948, 50.1938676402361 ], [ 4.497192035577017, 50.180013019205262 ], [ 4.491457461196108, 50.161520664520836 ], [ 4.489545936103039, 50.149960944039947 ], [ 4.468519160977497, 50.140716442451499 ], [ 4.455138487122572, 50.147656608928152 ], [ 4.453226962029504, 50.164989356274532 ], [ 4.458961536410413, 50.180013019205262 ], [ 4.455138487122572, 50.189249882254842 ], [ 4.485722885916865, 50.200800049768723 ], [ 4.495280510483948, 50.1938676402361 ] ] ], [ [ [ 10.892978786184591, 42.329276676233441 ], [ 10.869004873970457, 42.364493442408353 ], [ 10.877003502904664, 42.384056875054256 ], [ 10.890319901402682, 42.387965607409335 ], [ 10.914271839028336, 42.372329205757651 ], [ 10.911612954246428, 42.339064681715776 ], [ 10.908954069464519, 42.323399915803492 ], [ 10.892978786184591, 42.329276676233441 ] ] ], [ [ [ 14.831270683460234, 38.536927063632064 ], [ 14.81090054895961, 38.547233504340916 ], [ 14.803385353785446, 38.568173139401082 ], [ 14.814658146097536, 38.583111317460265 ], [ 14.867264513215, 38.559194782395636 ], [ 14.860342622946648, 38.540397588214113 ], [ 14.847465709031704, 38.533456370231221 ], [ 14.831270683460234, 38.536927063632064 ] ] ], [ [ [ 1.963938093338909, 42.45344462267294 ], [ 1.949920243554662, 42.462618719185713 ], [ 1.957544371135106, 42.48586119848288 ], [ 1.96701498308714, 42.499999999702688 ], [ 1.967827057409047, 42.501222009742634 ], [ 1.978220983861223, 42.499999999702688 ], [ 1.987513567690249, 42.498916219514086 ], [ 1.986722591201105, 42.477686362922299 ], [ 2.000000000120858, 42.468342078631537 ], [ 2.007903166886432, 42.462779374776808 ], [ 2.000000000120858, 42.452774002512136 ], [ 1.999400177039355, 42.452014563315672 ], [ 1.963938093338909, 42.45344462267294 ] ] ], [ [ [ 14.961204452442892, 38.374400082896528 ], [ 14.961204452442892, 38.392259234949712 ], [ 14.97227947705192, 38.403434129129188 ], [ 14.979992440827459, 38.400467052265675 ], [ 15.000000000008052, 38.375182349581692 ], [ 15.010043554753343, 38.362474150658301 ], [ 15.000845195214476, 38.348288913371789 ], [ 15.000000000008052, 38.348333373756049 ], [ 14.982673300197847, 38.349243943934788 ], [ 14.961204452442892, 38.374400082896528 ] ] ], [ [ [ 2.962742840896364, 39.139049581341908 ], [ 2.979792764377641, 39.122763959915922 ], [ 2.984033273354425, 39.103582120678176 ], [ 2.977529694377915, 39.087706519029958 ], [ 2.959886538754357, 39.084848180015292 ], [ 2.936398951078857, 39.083697839430791 ], [ 2.928137647569053, 39.104888952543831 ], [ 2.957887127883754, 39.108060096010107 ], [ 2.962742840896364, 39.139049581341908 ] ] ], [ [ [ 12.37301078081491, 37.907812226717844 ], [ 12.354068973005928, 37.905070783103142 ], [ 12.328249223207234, 37.918707577273864 ], [ 12.31104338183704, 37.913260105033558 ], [ 12.31449333922782, 37.925525018495776 ], [ 12.331699181496329, 37.94051074041711 ], [ 12.350619014716832, 37.937787869470618 ], [ 12.369560822525814, 37.922801587807015 ], [ 12.390216622185106, 37.917354422028751 ], [ 12.37301078081491, 37.907812226717844 ] ] ], [ [ [ 12.021027164821154, 37.984860126574752 ], [ 12.051153868384933, 37.985865389816233 ], [ 12.062316789551254, 37.970836990116659 ], [ 12.078094305128122, 37.957331317213942 ], [ 12.079896193535719, 37.939886397017155 ], [ 12.068315761476487, 37.940233254726593 ], [ 12.039507512560261, 37.949459077365219 ], [ 12.042144423652003, 37.96067762924762 ], [ 12.021027164821154, 37.984860126574752 ] ] ], [ [ [ 12.839897775442992, 35.883884933326755 ], [ 12.853719582289534, 35.902942225126274 ], [ 12.883055212346129, 35.902942225126274 ], [ 12.8916031979075, 35.881142246889141 ], [ 12.86743151709199, 35.867496823435232 ], [ 12.839897775442992, 35.883884933326755 ] ] ], [ [ [ 13.179905423073079, 38.69780588013225 ], [ 13.134067126799552, 38.698971727938975 ], [ 13.118795019571206, 38.702364757785134 ], [ 13.126551931625389, 38.707723673882725 ], [ 13.138615797444665, 38.712334105778368 ], [ 13.149119491736361, 38.719727567868944 ], [ 13.195573066605862, 38.717013822230903 ], [ 13.186255982125786, 38.701233765634917 ], [ 13.179905423073079, 38.69780588013225 ] ] ], [ [ [ 5.226891770287898, 50.164804012809341 ], [ 5.207606573376713, 50.153125912341928 ], [ 5.195759011996378, 50.155813983200119 ], [ 5.188343316019731, 50.171092051495521 ], [ 5.195759011996378, 50.183678865784429 ], [ 5.226891770287898, 50.183678865784429 ], [ 5.226891770287898, 50.164804012809341 ] ] ], [ [ [ 15.261560516432544, 38.851705682868904 ], [ 15.284084422912283, 38.842763149091304 ], [ 15.276576453786264, 38.824892051577727 ], [ 15.254052547306527, 38.815946120616374 ], [ 15.239036609054487, 38.830849586947998 ], [ 15.244854187767659, 38.843666135799516 ], [ 15.261560516432544, 38.851705682868904 ] ] ], [ [ [ 9.426874218718662, 41.210777706729637 ], [ 9.419634041870415, 41.216987506638937 ], [ 9.422047434153162, 41.224970663003717 ], [ 9.429287610103094, 41.227631496702088 ], [ 9.432907698527217, 41.232065977086215 ], [ 9.431701002385845, 41.239160515328045 ], [ 9.431701002385845, 41.249800867939435 ], [ 9.442561267658212, 41.252460683318702 ], [ 9.451008139749518, 41.24714094344948 ], [ 9.452214835890892, 41.236500154407672 ], [ 9.452214835890892, 41.224083694193212 ], [ 9.45462822817364, 41.219648668310093 ], [ 9.449801443608143, 41.211664857367062 ], [ 9.437734483092713, 41.212551995882997 ], [ 9.426874218718662, 41.210777706729637 ] ] ], [ [ [ 14.253018164145894, 40.532000521935124 ], [ 14.239899533350934, 40.531935828186597 ], [ 14.240602710300829, 40.543967844815981 ], [ 14.24633799075756, 40.552408363082137 ], [ 14.265455592579439, 40.549594975651608 ], [ 14.286484953954684, 40.556628219854836 ], [ 14.301779035771514, 40.549594975651608 ], [ 14.296373368752091, 40.540668960139733 ], [ 14.288396714406366, 40.535526254540208 ], [ 14.275080315908346, 40.54180094911198 ], [ 14.253018164145894, 40.532000521935124 ] ] ], [ [ [ 10.033939236878835, 42.557246755863886 ], [ 10.051101129970386, 42.559785517478865 ], [ 10.057957097371615, 42.57750543938414 ], [ 10.078546974163778, 42.559785517478865 ], [ 10.071691006762551, 42.54458373576761 ], [ 10.044245162569158, 42.542044351225833 ], [ 10.040377693387146, 42.549646019414347 ], [ 10.038144450149792, 42.553291417043809 ], [ 10.033939236878835, 42.557246755863886 ] ] ], [ [ [ 12.955899867331651, 40.954893589971803 ], [ 12.97119394914848, 40.959087782200605 ], [ 12.969282188696797, 40.946504401301048 ], [ 12.952559781086642, 40.943193428965927 ], [ 12.94576973655254, 40.92565534852946 ], [ 12.958229138676248, 40.907051176329105 ], [ 12.9429570314479, 40.902483744893686 ], [ 12.934870505956404, 40.908739758574107 ], [ 12.938694025961453, 40.919931549472466 ], [ 12.938694025961453, 40.933918603070673 ], [ 12.955899867331651, 40.954893589971803 ] ] ], [ [ [ 9.467901884830443, 41.232952836795704 ], [ 9.482382237628618, 41.234726519846994 ], [ 9.482382237628618, 41.225857619692036 ], [ 9.479968845345871, 41.215213338701489 ], [ 9.484795629911368, 41.208116182088972 ], [ 9.482382237628618, 41.198356325075615 ], [ 9.469108580971817, 41.198356325075615 ], [ 9.460661707982196, 41.20013095362161 ], [ 9.465488492547694, 41.208116182088972 ], [ 9.465488492547694, 41.212551995882997 ], [ 9.464281796406318, 41.224083694193212 ], [ 9.467901884830443, 41.232952836795704 ] ] ], [ [ [ 14.005456207083249, 40.781298791045529 ], [ 14.018838528448397, 40.775691325193627 ], [ 14.015015008443346, 40.761670572409841 ], [ 13.999999999947628, 40.753410228902872 ], [ 13.999720926626518, 40.753256689998764 ], [ 13.98633860526137, 40.751854272046522 ], [ 13.978691565251271, 40.760268333311544 ], [ 13.988250365713053, 40.767279231387256 ], [ 13.999999999947628, 40.772203221786221 ], [ 14.0016326870782, 40.772887412714098 ], [ 14.005456207083249, 40.781298791045529 ] ] ], [ [ [ 10.299080597027633, 42.325348163117113 ], [ 10.285764198529611, 42.339064681715776 ], [ 10.291081968093428, 42.348851153334081 ], [ 10.309738110743744, 42.356672788137587 ], [ 10.31181599664092, 42.349766463834349 ], [ 10.312987883065036, 42.346235997409309 ], [ 10.31771476508947, 42.333188842488809 ], [ 10.299080597027633, 42.325348163117113 ] ] ], [ [ [ 12.471631236422162, 37.884055415966728 ], [ 12.480289093129302, 37.875498294694694 ], [ 12.475960164775733, 37.863502750943127 ], [ 12.484596046894392, 37.848067093531334 ], [ 12.473806688342345, 37.834365001271735 ], [ 12.469477759988775, 37.848067093531334 ], [ 12.462995354303501, 37.860065170661173 ], [ 12.458666426848247, 37.870342708970725 ], [ 12.464325017230859, 37.879082687112749 ], [ 12.471631236422162, 37.884055415966728 ] ] ], [ [ [ 15.062599337737156, 38.633933424466868 ], [ 15.063966578989477, 38.633540332423657 ], [ 15.073536823987977, 38.637690066172993 ], [ 15.07665899780968, 38.639710594140396 ], [ 15.085123245115213, 38.645880146339834 ], [ 15.088877229229064, 38.627959310314374 ], [ 15.073861290977025, 38.61301311953644 ], [ 15.055091368611137, 38.615992156267851 ], [ 15.062599337737156, 38.633933424466868 ] ] ], [ [ [ 12.376438764515523, 37.99501611291447 ], [ 12.376438764515523, 37.999999999985143 ], [ 12.376438764515523, 38.001839015504089 ], [ 12.390216622185106, 38.011434640134155 ], [ 12.402258514314214, 38.008678208336306 ], [ 12.411598690886985, 37.999999999985143 ], [ 12.412586413694703, 37.99908850814279 ], [ 12.403994479854685, 37.988205172779644 ], [ 12.376438764515523, 37.99501611291447 ] ] ], [ [ [ 14.518937413228452, 38.570080066650526 ], [ 14.530959528048268, 38.576389873858624 ], [ 14.533411635024816, 38.578094913943055 ], [ 14.544111119827631, 38.586109033845538 ], [ 14.551626315001794, 38.565174668297153 ], [ 14.532838326617229, 38.556195932898532 ], [ 14.5178079362689, 38.571154053260358 ], [ 14.518937413228452, 38.570080066650526 ] ] ], [ [ [ 9.679073696096223, 40.944559626986127 ], [ 9.689100243936556, 40.951920532838535 ], [ 9.695067904184244, 40.955752216249586 ], [ 9.696119703821179, 40.956469095001516 ], [ 9.70467759241024, 40.962542566239932 ], [ 9.718039009080409, 40.969901451834858 ], [ 9.724442616345588, 40.967451259634359 ], [ 9.725827683766408, 40.965000975754634 ], [ 9.715823076378578, 40.958461081128995 ], [ 9.703580596734732, 40.950281276349493 ], [ 9.692435112766393, 40.942920186353085 ], [ 9.680192632224232, 40.933934678684892 ], [ 9.679073696096223, 40.944559626986127 ] ] ], [ [ [ -3.048062901492382, 35.973972775816961 ], [ -3.042587284458426, 35.976369778798464 ], [ -3.04024837958073, 35.977396194437709 ], [ -3.039846570340647, 35.977587602918341 ], [ -3.032386405062456, 35.98120555737475 ], [ -3.030167556429213, 35.968947387004455 ], [ -3.034605253695699, 35.956687296358574 ], [ -3.045699497760249, 35.953184060753593 ], [ -3.054574892293223, 35.963693297353998 ], [ -3.048062901492382, 35.973972775816961 ] ] ], [ [ [ 9.716942012506584, 40.921651957499037 ], [ 9.73028148962257, 40.921651957499037 ], [ 9.738092103862755, 40.919208000028298 ], [ 9.745880778548756, 40.912663534921442 ], [ 9.743642905394424, 40.905298220820072 ], [ 9.731530529651492, 40.910155561541416 ], [ 9.731400425750579, 40.910203161827432 ], [ 9.722492814936571, 40.912349963161894 ], [ 9.713585204122563, 40.912663534921442 ], [ 9.709408279698218, 40.914705735422579 ], [ 9.709829307495472, 40.916107902122413 ], [ 9.710250334394408, 40.916747872356197 ], [ 9.716942012506584, 40.921651957499037 ] ] ], [ [ [ 14.333685654052728, 38.520304573091828 ], [ 14.343727888274547, 38.532357572345404 ], [ 14.362581799526238, 38.536700340287602 ], [ 14.359988836713143, 38.520304573091828 ], [ 14.333685654052728, 38.520304573091828 ] ] ], [ [ [ 15.498324976206666, 42.138394592567401 ], [ 15.500000000038265, 42.142107220792688 ], [ 15.50166185187285, 42.145790437052796 ], [ 15.515075211827693, 42.154428585741428 ], [ 15.520080523979495, 42.147033757842891 ], [ 15.516743649211627, 42.139621910789721 ], [ 15.50837950836473, 42.133452779125825 ], [ 15.500000000038265, 42.137571343901357 ], [ 15.498324976206666, 42.138394592567401 ] ] ], [ [ [ 13.451045755147108, 40.763072781698447 ], [ 13.463505157270816, 40.770002804375892 ], [ 13.473986876974035, 40.775240128623203 ], [ 13.46633983606562, 40.758866064403783 ], [ 13.456781035603838, 40.74764683934103 ], [ 13.451045755147108, 40.763072781698447 ] ] ], [ [ [ 15.483243178867891, 42.135923734404997 ], [ 15.484560366890895, 42.125086340247357 ], [ 15.473210600637058, 42.123584139858252 ], [ 15.463156069377309, 42.122340355229269 ], [ 15.454791928530412, 42.126055482962599 ], [ 15.468183334558026, 42.132225340458639 ], [ 15.483243178867891, 42.135923734404997 ] ] ], [ [ [ -4.296471151563145, 35.21256471639137 ], [ -4.287507881134142, 35.211677509332247 ], [ -4.283575466452036, 35.206788995202331 ], [ -4.288005169610819, 35.202816672224479 ], [ -4.288057101217384, 35.20277010162927 ], [ -4.297042340844976, 35.202335144786367 ], [ -4.297712492131785, 35.202557149624511 ], [ -4.303764793442156, 35.204562100801752 ], [ -4.296471151563145, 35.21256471639137 ] ] ], [ [ [ 9.38705324784994, 41.237386953503879 ], [ 9.379813071900008, 41.245367599839831 ], [ 9.384639856465505, 41.25068748518931 ], [ 9.390673336274061, 41.24714094344948 ], [ 9.395500120839557, 41.240047278055854 ], [ 9.38705324784994, 41.237386953503879 ] ] ], [ [ [ 17.13512807422272, 40.468162668428818 ], [ 17.137718543312591, 40.461494162737225 ], [ 17.132098542757959, 40.458633732238155 ], [ 17.124305183357748, 40.457685584465814 ], [ 17.117829011082232, 40.4599193340648 ], [ 17.119124246076325, 40.462763640930952 ], [ 17.129069012191504, 40.464033094261112 ], [ 17.13512807422272, 40.468162668428818 ] ] ], [ [ [ 16.2350499218166, 42.406878479823028 ], [ 16.246772890460278, 42.409338661021899 ], [ 16.258495860002281, 42.41056067562667 ], [ 16.258495860002281, 42.404418201431831 ], [ 16.246772890460278, 42.404418201431831 ], [ 16.2350499218166, 42.406878479823028 ] ] ], [ [ [ 9.379813071900008, 41.305634077188294 ], [ 9.382226464182756, 41.312720564743209 ], [ 9.384639856465505, 41.317149225354321 ], [ 9.389466640132687, 41.311834796241222 ], [ 9.38705324784994, 41.305634077188294 ], [ 9.379813071900008, 41.305634077188294 ] ] ], [ [ [ 9.364126022960455, 41.302976444272076 ], [ 9.367790869045296, 41.302582783024768 ], [ 9.370105311899497, 41.302625950417131 ], [ 9.37333267484771, 41.302779613609026 ], [ 9.376192983475883, 41.302976444272076 ], [ 9.373779591193136, 41.298546813558012 ], [ 9.365332719101831, 41.297660851037556 ], [ 9.364126022960455, 41.302976444272076 ] ] ], [ [ [ 9.366539415243206, 41.311834796241222 ], [ 9.364126022960455, 41.32069193556201 ], [ 9.372572895051761, 41.313606321118634 ], [ 9.366539415243206, 41.311834796241222 ] ] ], [ [ [ -3.928955098368352, 35.241419712972991 ], [ -3.927944533199589, 35.237385158043665 ], [ -3.934051859914375, 35.237385158043665 ], [ -3.933041294745613, 35.240619773702932 ], [ -3.928955098368352, 35.241419712972991 ] ] ] ] } }
]
}
