{
"type": "FeatureCollection",
"name": "Sublime Ottoman State",
"crs": { "type": "name", "properties": { "name": "urn:ogc:def:crs:OGC:1.3:CRS84" } },
"features": [
{ "type": "Feature", "properties": { "OBJECTID": 83.0, "YEAR": 1700.0, "OWNER_ID": 6084.0, "SHORT_NAME": "Ottoman Empire", "LONG_NAME": "Sublime Ottoman State", "VARIANTS": "Devlet-i Ã?â??liye-yi OsmÃ?Â¢niyye", "SHAPE_LENG": 62080270.0, "Shape__Are": 6087094107818.6104, "Shape__Len": 62204275.549961023 }, "geometry": { "type": "MultiPolygon", "coordinates": [ [ [ [ 47.898068041847189, 29.78303906740209 ], [ 47.525536106922949, 29.669225845844416 ], [ 47.500000000175213, 29.661398715244957 ], [ 47.272757033829123, 29.591718864951442 ], [ 47.000000000145008, 29.570879547768314 ], [ 46.935537377751899, 29.565953807418204 ], [ 46.500000000114795, 29.703070744571118 ], [ 46.062031306110079, 29.840762704423348 ], [ 46.000000000084583, 29.823916761065188 ], [ 45.652723336092365, 29.729553314842455 ], [ 45.500000000054371, 29.742466696667325 ], [ 45.000000000024151, 29.784731985743132 ], [ 44.698733519545186, 29.81019012888866 ], [ 44.499999999993946, 29.923825957529022 ], [ 44.366653738757755, 29.999999999932577 ], [ 43.999999999963734, 30.201206908322185 ], [ 43.651808493482804, 30.391898665042849 ], [ 43.500102963933067, 30.499999999909818 ], [ 43.499999999933515, 30.500073710155593 ], [ 42.999999999903309, 30.857347433097377 ], [ 42.799834922420338, 30.999999999760242 ], [ 42.49999999987309, 31.2144130714094 ], [ 42.099566880009291, 31.500000000028312 ], [ 41.999999999842885, 31.571258070741891 ], [ 41.572493611151465, 31.876590743078012 ], [ 41.499999999812673, 31.934122771714325 ], [ 41.41693468273202, 32.000000000137092 ], [ 40.99999999978246, 32.331757289861656 ], [ 40.787972593514205, 32.499999999859085 ], [ 40.55153983306549, 32.688286934091998 ], [ 40.499999999752248, 32.727815794178682 ], [ 40.144482874063129, 33.000000000021366 ], [ 39.999999999722029, 33.111007759323705 ], [ 39.499999999691823, 33.494061156750561 ], [ 39.492230515715235, 33.500000000094566 ], [ 39.492228081280814, 33.500001871818036 ], [ 39.290258583937785, 33.842820500704406 ], [ 39.300092884222472, 34.000000000147317 ], [ 39.311494408708043, 34.182943717598818 ], [ 39.372822945618779, 34.29136092286646 ], [ 39.209833081303877, 34.336362644311187 ], [ 38.999999999661611, 34.360905499856621 ], [ 38.688016709471256, 34.397382816643699 ], [ 38.499999999631399, 34.413917074498656 ], [ 38.390913831400972, 34.423508640504338 ], [ 38.313934454843157, 34.405952613381608 ], [ 38.041404402075138, 34.38411651604342 ], [ 37.999999999601187, 34.367979756194408 ], [ 37.854537875362126, 34.31126315345508 ], [ 37.784610247733504, 34.264325814420332 ], [ 37.759205828616537, 34.216447127192851 ], [ 37.499999999570967, 34.123987018674256 ], [ 37.495558591364045, 34.122401854352844 ], [ 37.410244266511121, 34.04786035744079 ], [ 37.324152778563175, 34.000000000147317 ], [ 37.309084916789402, 33.991670241318445 ], [ 37.264430757265522, 33.913580598155605 ], [ 37.156723877593699, 33.84859981503547 ], [ 37.082125677935913, 33.752668116407619 ], [ 37.012023449257086, 33.715389099663362 ], [ 37.000000000439073, 33.705432685432875 ], [ 36.947464796061787, 33.661915511023864 ], [ 36.822668860498283, 33.603080101919531 ], [ 36.771412700778718, 33.500000000094566 ], [ 36.681591398787958, 33.320116288590697 ], [ 36.688910483650766, 33.000000000021366 ], [ 36.690365090556043, 32.936603050977368 ], [ 36.681504098712018, 32.826873816943632 ], [ 36.648831920874322, 32.528884541988653 ], [ 36.646165111154978, 32.499999999859085 ], [ 36.633947200434157, 32.368288486563003 ], [ 36.500000000408861, 32.235475068272422 ], [ 36.411527582597593, 32.147643846702735 ], [ 36.340137672857907, 32.022328821569644 ], [ 36.323597248652959, 32.000000000137092 ], [ 36.188387735990418, 31.818271885590203 ], [ 36.071950814588483, 31.563288310358711 ], [ 36.050597058987726, 31.500000000028312 ], [ 36.025397871675516, 31.425661589223438 ], [ 36.000000000378648, 31.350677481373697 ], [ 35.970398613626713, 31.263206770797694 ], [ 35.904966956977063, 31.102058021704693 ], [ 35.884059054116442, 30.999999999760242 ], [ 35.839928151567456, 30.78536185684667 ], [ 35.835606781638688, 30.638174728138921 ], [ 35.826012475265301, 30.499999999909818 ], [ 35.821311339855221, 30.432574036551962 ], [ 35.831634612911998, 30.204642713276524 ], [ 35.820569285616465, 30.193102309696418 ], [ 35.916511967566322, 29.999999999932577 ], [ 36.000000000378648, 29.824999675229652 ], [ 36.047506699900133, 29.725281791922047 ], [ 36.154653285057883, 29.499999999948937 ], [ 36.275120692916445, 29.247369362007053 ], [ 36.403160772855983, 28.999999999695707 ], [ 36.500000000408861, 28.813426189422245 ], [ 36.555289531973735, 28.70675168828701 ], [ 36.698105373896006, 28.500000000205191 ], [ 36.782903524091736, 28.377632796222663 ], [ 36.87046583533246, 28.205338149331887 ], [ 36.782903524091736, 28.166138354221211 ], [ 36.634078151446374, 28.166138354221211 ], [ 36.500000000408861, 28.273110131364572 ], [ 36.23136136231507, 28.487112000555136 ], [ 36.223763481710577, 28.500000000205191 ], [ 36.056258566200071, 28.785087208269733 ], [ 36.000000000378648, 28.873788525671127 ], [ 35.91986699279451, 28.999999999695707 ], [ 35.723556705671633, 29.310044833767105 ], [ 35.659782243990129, 29.499999999948937 ], [ 35.56597946672634, 29.780134457691286 ], [ 35.500000000348443, 29.989211733281465 ], [ 35.496591698735699, 29.999999999932577 ], [ 35.469687115552134, 30.08188600230757 ], [ 35.469665290083988, 30.273072729025678 ], [ 35.288839818672329, 30.499999999909818 ], [ 35.246241717780848, 30.553658800794764 ], [ 35.13545749740652, 30.605730614192382 ], [ 35.000000000318224, 30.697075605311351 ], [ 34.908934959257031, 30.758435903923491 ], [ 34.771153388476385, 30.820505282132977 ], [ 34.638784431387244, 30.828711006487175 ], [ 34.500000000288011, 30.814755591944021 ], [ 34.303267865206031, 30.794969760913087 ], [ 34.19233111269309, 30.760843315475746 ], [ 34.08211458625582, 30.71208605456701 ], [ 34.018319951107983, 30.658913767305314 ], [ 34.000000000257799, 30.643023393815405 ], [ 33.940819181579478, 30.591673073172775 ], [ 33.831207030885579, 30.499999999909818 ], [ 33.823967838590889, 30.493973862503516 ], [ 33.667307595396053, 30.436635043501461 ], [ 33.55272605887351, 30.378386109768027 ], [ 33.500000000227594, 30.329130580002481 ], [ 33.482514857364201, 30.312790813832493 ], [ 33.352874032588957, 30.240525007450117 ], [ 33.215703563238208, 30.152513313754628 ], [ 33.17528356160205, 30.019626696308666 ], [ 33.174061480913124, 29.999999999932577 ], [ 33.166749965254908, 29.87785019363184 ], [ 33.203961684159474, 29.799198061743283 ], [ 33.302043480277966, 29.586113235397868 ], [ 33.324977397616315, 29.499999999948937 ], [ 33.342026979737796, 29.436252369980092 ], [ 33.450170126227349, 29.229212544709327 ], [ 33.500000000227594, 29.207240108155123 ], [ 33.609689450951684, 29.158855878630355 ], [ 33.778877275705348, 29.103332220106882 ], [ 34.000000000257799, 29.078854416645814 ], [ 34.033117338234547, 29.07518789341896 ], [ 34.196914373866534, 29.100344329195153 ], [ 34.286047896929674, 29.123991184449533 ], [ 34.351850437417433, 29.131917802285713 ], [ 34.47369971738933, 29.160671014160318 ], [ 34.500000000288011, 29.159588005815966 ], [ 34.577499678363452, 29.156396611072335 ], [ 34.638980857007269, 29.203619756515987 ], [ 34.708515481580555, 29.323763920416898 ], [ 34.790409627296064, 29.499999999948937 ], [ 34.824777547709068, 29.574236854849513 ], [ 34.905923101247176, 29.624311221422293 ], [ 34.960485738542012, 29.652833000632143 ], [ 35.000000000318224, 29.632678661579451 ], [ 35.034276323114973, 29.61519268336226 ], [ 35.087027595674293, 29.573474999364301 ], [ 35.110293154845856, 29.525485948367788 ], [ 35.128351144382776, 29.499999999948937 ], [ 35.161080167611658, 29.454021677199894 ], [ 35.178627550249509, 29.396440059250004 ], [ 35.312480903277063, 29.359611822697588 ], [ 35.452139732914283, 29.297162006312831 ], [ 35.488631303896618, 29.09284492319199 ], [ 35.498202449007039, 28.999999999695707 ], [ 35.500000000348443, 28.982638502485461 ], [ 35.503341423286592, 28.950357816139821 ], [ 35.527021659166358, 28.806001733624598 ], [ 35.500000000348443, 28.782904743427558 ], [ 35.409056981045559, 28.705132479277964 ], [ 35.380858948718675, 28.6438180385497 ], [ 35.447229085227121, 28.56871610403752 ], [ 35.444794021088143, 28.500000000205191 ], [ 35.443649768638799, 28.467848535572859 ], [ 35.364228220471475, 28.426468740350749 ], [ 35.295457322891494, 28.328832578919727 ], [ 35.264072826114663, 28.252889118158404 ], [ 35.143401834859894, 28.078066435094897 ], [ 35.134216191872191, 28.06697502035323 ], [ 35.128036963103739, 28.071776973230126 ], [ 35.112803041461483, 28.073417738389107 ], [ 35.093771552142741, 28.067889821078392 ], [ 35.044796022690086, 28.100642928606771 ], [ 35.024476852310478, 28.09466726474794 ], [ 35.011098064917668, 28.103201034696433 ], [ 35.001233118607054, 28.104509355370837 ], [ 35.000000000318224, 28.102441284408201 ], [ 34.996191527992501, 28.096053804902592 ], [ 35.000000000318224, 28.091690640628958 ], [ 35.008959204073946, 28.081425871046214 ], [ 35.004266807474949, 28.07714843132954 ], [ 35.000000000318224, 28.082971916868733 ], [ 34.993834422348819, 28.091386365192342 ], [ 34.973275220328667, 28.074492034822416 ], [ 34.955269550470526, 28.059685315608423 ], [ 34.937263880612392, 28.052828208572205 ], [ 34.887066254301132, 28.04190671746235 ], [ 34.852975518950508, 28.044114550767361 ], [ 34.835493650446324, 28.047299221154596 ], [ 34.816265776830058, 28.040519471102339 ], [ 34.81844828232186, 28.056325192732679 ], [ 34.823970020659139, 28.064002527627522 ], [ 34.836453952180001, 28.063631371672074 ], [ 34.850421987686801, 28.066659185406753 ], [ 34.856794903111982, 28.085605486560539 ], [ 34.831128639462733, 28.087695232273401 ], [ 34.808845257798637, 28.08814442438225 ], [ 34.782218691517407, 28.083359451767503 ], [ 34.756639727045787, 28.072577826082849 ], [ 34.757207178437717, 28.063865785858741 ], [ 34.745596249472904, 28.062361617189872 ], [ 34.71914428334356, 28.077519540104621 ], [ 34.697908505285696, 28.080156329058386 ], [ 34.69550774870573, 28.087128856214967 ], [ 34.708493656112417, 28.093144002385415 ], [ 34.696358925793639, 28.116146839851201 ], [ 34.684922597879016, 28.111031189901322 ], [ 34.671500189194319, 28.116303039601274 ], [ 34.675843374709757, 28.094550091679395 ], [ 34.670823612258303, 28.080898525106178 ], [ 34.659998384875273, 28.076054629088958 ], [ 34.648474755986399, 28.061404407943112 ], [ 34.646423200608517, 28.049643702833567 ], [ 34.659430933483335, 28.041164249300394 ], [ 34.652381441122138, 28.032645039882834 ], [ 34.640093935221302, 28.020294883965697 ], [ 34.626256850726726, 28.021037496830264 ], [ 34.626802476650518, 28.036963348108284 ], [ 34.624117995272911, 28.064276009840832 ], [ 34.611393988094051, 28.068085159244834 ], [ 34.603209592948978, 28.053316620872621 ], [ 34.592733565869722, 28.059978344530212 ], [ 34.601550888811147, 28.089628698919281 ], [ 34.625776699410736, 28.115834441254293 ], [ 34.632695241658027, 28.130145278234771 ], [ 34.642865716674862, 28.136236072054853 ], [ 34.65340721836192, 28.131336134302149 ], [ 34.656288125359559, 28.142814516937786 ], [ 34.646357726000716, 28.148748432051452 ], [ 34.653603643981945, 28.162918213895207 ], [ 34.665629248756638, 28.169085185090939 ], [ 34.674315620685846, 28.217257157798006 ], [ 34.698846982449538, 28.243996881191659 ], [ 34.738634057187646, 28.328131093491564 ], [ 34.749131908836738, 28.359167355172531 ], [ 34.776500526661785, 28.430693109591253 ], [ 34.812468217238411, 28.469171796660902 ], [ 34.826850928555089, 28.490536244726758 ], [ 34.834846027110231, 28.500000000205191 ], [ 34.842957818617407, 28.509647078701953 ], [ 34.852757267862337, 28.529874610415209 ], [ 34.852408067558571, 28.564125434830263 ], [ 34.83959676030377, 28.579166448622718 ], [ 34.837545204925895, 28.594947409286601 ], [ 34.841495540099601, 28.62257785598916 ], [ 34.818295506739801, 28.661872682014479 ], [ 34.822507742141333, 28.675826280312691 ], [ 34.838069006279852, 28.705171496373932 ], [ 34.849396209548708, 28.730978269003391 ], [ 34.852779093330483, 28.743693978414168 ], [ 34.896276427584297, 28.807989659762651 ], [ 34.901689041275809, 28.845343847566088 ], [ 34.890732863778865, 28.859097376771455 ], [ 34.887393630035071, 28.878224582882844 ], [ 34.890732863778865, 28.888117913059617 ], [ 34.895774450800161, 28.903072949908569 ], [ 34.905923101247176, 28.948645118265603 ], [ 34.907276255119207, 28.96841725639381 ], [ 34.921440715347721, 28.974546623308914 ], [ 34.929734236036879, 28.984722507379264 ], [ 34.928748647626279, 28.999999999695707 ], [ 34.928446557670952, 29.004705140131435 ], [ 34.917664981224213, 29.016745560352103 ], [ 34.916988404288198, 29.033122946282081 ], [ 34.921375240739927, 29.055671756812185 ], [ 34.933466321020738, 29.081926833268241 ], [ 34.936958329448274, 29.100481032040403 ], [ 34.935146849728397, 29.11463854267404 ], [ 34.938529733510173, 29.129106461688632 ], [ 34.950118837006833, 29.148647578344971 ], [ 34.948351008223234, 29.159382856851614 ], [ 34.945120900023525, 29.171483084826267 ], [ 34.946299452845359, 29.189903891323347 ], [ 34.960267487453848, 29.190567289537043 ], [ 34.954920349268441, 29.202624784744813 ], [ 34.957735781658286, 29.215383097651671 ], [ 34.966203902499323, 29.228666424431513 ], [ 34.973995447302656, 29.251932432291671 ], [ 34.978425933792359, 29.288215173305428 ], [ 34.966945954941458, 29.300339013181656 ], [ 34.972118492974971, 29.336682322664789 ], [ 34.985322650571497, 29.33459756408665 ], [ 34.988989260049244, 29.377803654284545 ], [ 34.977029129882347, 29.384444608093343 ], [ 34.979866386842019, 29.40171682613181 ], [ 34.996584379232551, 29.400821158287833 ], [ 34.9951002752466, 29.437011473556332 ], [ 34.984253223293749, 29.457310502902466 ], [ 34.985213525027419, 29.468538405265928 ], [ 34.97962631118402, 29.476087830686918 ], [ 34.983380220737708, 29.491029349212329 ], [ 34.989058056626959, 29.499999999948937 ], [ 34.992306668324908, 29.50515791690686 ], [ 34.994401873740756, 29.52026751058246 ], [ 35.000000000318224, 29.525391827199268 ], [ 35.002280723111603, 29.527479437367543 ], [ 35.003350153084305, 29.554231341184323 ], [ 35.000000000318224, 29.554867946386686 ], [ 34.970241537748976, 29.560522569294736 ], [ 34.946866904237289, 29.546630541113888 ], [ 34.937525780840211, 29.507034523443849 ], [ 34.927264531063912, 29.499999999948937 ], [ 34.90701435399307, 29.486185272858584 ], [ 34.88924875979292, 29.451199817585966 ], [ 34.838789233253841, 29.386177804974288 ], [ 34.806946478002807, 29.33563020683696 ], [ 34.790468562168591, 29.304802247647793 ], [ 34.768468907098764, 29.244697724592672 ], [ 34.768294306946885, 29.198020473815951 ], [ 34.761310289193482, 29.156826011532505 ], [ 34.749153733406565, 29.138731076627771 ], [ 34.730907987890426, 29.096731403052125 ], [ 34.710283311262472, 29.042385365117923 ], [ 34.719100633305587, 29.029058159362791 ], [ 34.729707609600439, 29.017331907881264 ], [ 34.727729217510884, 28.999999999695707 ], [ 34.727306853918797, 28.996317501928406 ], [ 34.721828764721167, 28.981356600632513 ], [ 34.705045297722833, 28.979955727815543 ], [ 34.696315275755666, 28.97049933642845 ], [ 34.692146690392107, 28.955340049138904 ], [ 34.689855060254544, 28.935292875891591 ], [ 34.693325243213941, 28.916098416073961 ], [ 34.689134833280555, 28.888838452620249 ], [ 34.675603299051765, 28.866869450336853 ], [ 34.664450695934796, 28.860149270326776 ], [ 34.65397466975385, 28.849298662504282 ], [ 34.652686991387931, 28.835680212441122 ], [ 34.655633373891689, 28.805280613319301 ], [ 34.652883417007956, 28.783196310793571 ], [ 34.65257786674217, 28.753132236739127 ], [ 34.649544184162473, 28.731953455581724 ], [ 34.636449151211707, 28.707532020756108 ], [ 34.612048739561921, 28.673660180111 ], [ 34.596007324107411, 28.65055229971917 ], [ 34.597491428093363, 28.635248304138564 ], [ 34.587910229038279, 28.622929291259858 ], [ 34.579049256957198, 28.620996382166854 ], [ 34.538498305207135, 28.544412558833962 ], [ 34.542601415962892, 28.525927130122923 ], [ 34.551396912537868, 28.511093429216402 ], [ 34.546532211880852, 28.500000000205191 ], [ 34.539131232105177, 28.483201220300803 ], [ 34.529222657316161, 28.472129612488935 ], [ 34.518615680122991, 28.472499333485633 ], [ 34.504822245666382, 28.475067886584043 ], [ 34.500000000288011, 28.468831152729646 ], [ 34.487820528478196, 28.453077475917475 ], [ 34.465558972282238, 28.424210482322351 ], [ 34.440154608860816, 28.339510171356945 ], [ 34.438277653634813, 28.268858162885234 ], [ 34.442511714504491, 28.2009291412135 ], [ 34.451721887787663, 28.133756848819559 ], [ 34.468068853507965, 28.108395167258138 ], [ 34.460495559792804, 28.064901110198679 ], [ 34.451198086433699, 28.010933605704189 ], [ 34.438069868818019, 27.999999999632248 ], [ 34.385744747148024, 27.956614739705063 ], [ 34.359183655474595, 27.885065321753704 ], [ 34.337511376138714, 27.859626991256874 ], [ 34.332273363497393, 27.843846740341139 ], [ 34.321797337316454, 27.832662787527241 ], [ 34.307676526227588, 27.842697223983656 ], [ 34.301063535144408, 27.819411998632074 ], [ 34.286462573637877, 27.802475890603908 ], [ 34.287706601067505, 27.791248645442369 ], [ 34.277427000506584, 27.774814992662513 ], [ 34.254816244006861, 27.783860635409429 ], [ 34.236963348832461, 27.782418062264689 ], [ 34.229149979459301, 27.777076474415537 ], [ 34.250647658643302, 27.75549298245959 ], [ 34.275048069394764, 27.750111059123657 ], [ 34.276532173380716, 27.729497365240828 ], [ 34.267474775679602, 27.720798257900025 ], [ 34.252939289679176, 27.734665785320203 ], [ 34.219459654860138, 27.776218676529382 ], [ 34.186722073381546, 27.781599296191121 ], [ 34.141413259407841, 27.784581914730445 ], [ 34.129060278899217, 27.775770279350446 ], [ 34.11063993233288, 27.794757285745469 ], [ 34.082725687685731, 27.815670303329686 ], [ 34.000598006945815, 27.885493787108118 ], [ 34.000000000257799, 27.886008925516322 ], [ 33.922507960557226, 27.952741588557199 ], [ 33.865850118744845, 27.95606978236248 ], [ 33.832392309393953, 27.973176228554824 ], [ 33.801274465831114, 27.999999999632248 ], [ 33.792823485744016, 28.007317860796721 ], [ 33.743280610900634, 28.055778185922428 ], [ 33.668333373534146, 28.129052021783622 ], [ 33.567043294684076, 28.303088890034406 ], [ 33.511323930035537, 28.365654003101355 ], [ 33.500000000227594, 28.372365972386081 ], [ 33.453749435629149, 28.399775354101731 ], [ 33.381923180019982, 28.454342536511028 ], [ 33.344763689166022, 28.500000000205191 ], [ 33.329979549494958, 28.518246701863621 ], [ 33.281031408777004, 28.5894239546123 ], [ 33.264782873259001, 28.632029493252801 ], [ 33.26075724219649, 28.663804830312465 ], [ 33.271238069872631, 28.716187659834262 ], [ 33.27171189165913, 28.717654546662466 ], [ 33.276223566985898, 28.73347862858126 ], [ 33.280630045999629, 28.749293465238527 ], [ 33.281719115839387, 28.767932965005024 ], [ 33.281244202599815, 28.778069270247777 ], [ 33.249998581772644, 28.808335398441603 ], [ 33.233318564762442, 28.832073457204181 ], [ 33.221206096493027, 28.855087224444045 ], [ 33.208537306958057, 28.891343556198422 ], [ 33.197899557076518, 28.922396774323332 ], [ 33.186835782069792, 28.956992500847523 ], [ 33.161277470764865, 28.999999999695707 ], [ 33.157627092945994, 29.006171176426573 ], [ 33.078342125532785, 29.073921704119979 ], [ 33.054640115388843, 29.096619693472352 ], [ 33.033387969128192, 29.118919581650538 ], [ 33.011508351438209, 29.146227103692709 ], [ 33.000000000197382, 29.163112522830897 ], [ 32.986810027897498, 29.182461819290488 ], [ 32.968258949507863, 29.220937339283552 ], [ 32.951802858243468, 29.259110662287505 ], [ 32.931789501336034, 29.313018564939654 ], [ 32.904674708782721, 29.380900223706369 ], [ 32.866603519543546, 29.439830422861835 ], [ 32.85769409592929, 29.451511198639679 ], [ 32.843666259574015, 29.471326699827472 ], [ 32.83036650775653, 29.491032656345752 ], [ 32.826524256081171, 29.499999999948937 ], [ 32.821041098588715, 29.51285959816985 ], [ 32.815530053796572, 29.53991185218803 ], [ 32.810072262931108, 29.562679079359363 ], [ 32.804369594014133, 29.587183016850947 ], [ 32.7736589046673, 29.61636427608228 ], [ 32.769174729466329, 29.653131449961819 ], [ 32.769075425203248, 29.660090988388784 ], [ 32.770277985501046, 29.688834917564815 ], [ 32.774991979396106, 29.716954329148226 ], [ 32.779573495142948, 29.734526775209929 ], [ 32.766152395303621, 29.760406394623647 ], [ 32.742374871878582, 29.781507822176714 ], [ 32.718815597745085, 29.80143477330196 ], [ 32.702891601081362, 29.813472116176417 ], [ 32.684642363813715, 29.828803502923627 ], [ 32.667947070053771, 29.84388392677198 ], [ 32.658007939968684, 29.86043794854729 ], [ 32.661822522634971, 29.87471777381618 ], [ 32.664435854747147, 29.882640554049026 ], [ 32.667921752834125, 29.894271762275554 ], [ 32.671414416133508, 29.906011212702719 ], [ 32.672188769298316, 29.918143864344781 ], [ 32.670703792149908, 29.930801932215235 ], [ 32.668614709651038, 29.936694725157665 ], [ 32.666413969257292, 29.942902136358807 ], [ 32.665840733613244, 29.944519053132822 ], [ 32.65398863753736, 29.960301197254257 ], [ 32.640465755881387, 29.973214495606936 ], [ 32.639307796937445, 29.974320057909335 ], [ 32.616168436690245, 29.990570125959895 ], [ 32.598849863040101, 29.999999999932577 ], [ 32.580201620174385, 30.009767063772358 ], [ 32.550170344643242, 30.014388304896809 ], [ 32.547124590502754, 29.999999999932577 ], [ 32.542858951155907, 29.979049116400304 ], [ 32.500000000167162, 29.968527818752523 ], [ 32.476205234478563, 29.962686037044719 ], [ 32.457195611052157, 29.924073174540865 ], [ 32.471338246710843, 29.893701624943883 ], [ 32.483974953813757, 29.86561909366096 ], [ 32.436876485588307, 29.830027331425299 ], [ 32.403789702907638, 29.77617703285966 ], [ 32.374194928654511, 29.72167328406595 ], [ 32.37268899920042, 29.654277418095035 ], [ 32.395452531282203, 29.589589934555594 ], [ 32.441939898077742, 29.516749309651587 ], [ 32.454017665326042, 29.510911754524781 ], [ 32.471525066645533, 29.499999999948937 ], [ 32.487303056532873, 29.490214043208145 ], [ 32.500000000167162, 29.478763737537029 ], [ 32.522839483009584, 29.458163439933326 ], [ 32.545458970235558, 29.428140892306601 ], [ 32.551458023009161, 29.417837484282266 ], [ 32.577312855612966, 29.362638438399934 ], [ 32.617341752333978, 29.25418152186019 ], [ 32.635912472387297, 29.189958133376397 ], [ 32.65072142711977, 29.125959815187077 ], [ 32.653948480149211, 29.085637943036541 ], [ 32.624761615595247, 29.07608371001314 ], [ 32.622015824199494, 29.071802871062523 ], [ 32.616698100449753, 29.063511576054694 ], [ 32.61612806101148, 29.062622586581313 ], [ 32.613147149963154, 29.047250904769829 ], [ 32.612894460161939, 29.045947264824584 ], [ 32.615190206380142, 29.021055544624602 ], [ 32.615195475897593, 29.021021522741293 ], [ 32.615732808574684, 29.01678465055523 ], [ 32.619437807556089, 28.999999999695707 ], [ 32.619925838893757, 28.997799660369488 ], [ 32.626866205710868, 28.963515445249588 ], [ 32.633262911219724, 28.947355709805016 ], [ 32.642501456892823, 28.930763228741863 ], [ 32.657942464462579, 28.917227601129735 ], [ 32.71848669397685, 28.82602385508693 ], [ 32.751736510101807, 28.812098113801564 ], [ 32.77518273035848, 28.799736981617677 ], [ 32.79005039448635, 28.791557714893202 ], [ 32.800849431487272, 28.784024996184591 ], [ 32.81231107662154, 28.755296673932591 ], [ 32.904216382036552, 28.559202449035421 ], [ 32.963078554808874, 28.560413681346652 ], [ 32.985937338853489, 28.500000000205191 ], [ 32.987500791028481, 28.49588640168631 ], [ 33.000000000197382, 28.492430853866722 ], [ 33.024516084313035, 28.485652771543894 ], [ 33.116748765461985, 28.367894044132559 ], [ 33.166619015140995, 28.358056988271962 ], [ 33.191608702752539, 28.293733075593074 ], [ 33.331289053329016, 28.149978116499536 ], [ 33.383254508423875, 28.073925589196918 ], [ 33.436158441580886, 28.068221894791652 ], [ 33.472780882727072, 28.021330632146451 ], [ 33.495659951629115, 27.999999999632248 ], [ 33.500000000227594, 27.995972131370721 ], [ 33.509403324771576, 27.987244664930319 ], [ 33.526710593123866, 27.982535934349841 ], [ 33.543559535628312, 27.965489370505683 ], [ 33.559055324260719, 27.941160224083358 ], [ 33.617742896881154, 27.863113918241574 ], [ 33.62389756211649, 27.836462345057743 ], [ 33.62256623371259, 27.820113551897318 ], [ 33.657180770417177, 27.784698878337956 ], [ 33.640266353304938, 27.783626706245116 ], [ 33.627433220582006, 27.76986296152181 ], [ 33.617197270059052, 27.803255517218993 ], [ 33.602203457312463, 27.806393455682212 ], [ 33.585856491592153, 27.798616657418528 ], [ 33.571059104465583, 27.817541167265826 ], [ 33.520163076648487, 27.843632425071718 ], [ 33.500000000227594, 27.837174604088119 ], [ 33.496133691668931, 27.835936260015966 ], [ 33.481969231440409, 27.821497157301241 ], [ 33.476818517976724, 27.799279363584496 ], [ 33.489738950775603, 27.78462090288005 ], [ 33.500000000227594, 27.786073894059292 ], [ 33.507635495089659, 27.787155087924646 ], [ 33.526819718667952, 27.754459517796885 ], [ 33.530529978183665, 27.712332533644403 ], [ 33.553555410493267, 27.700452091483481 ], [ 33.579614526280878, 27.704861077909605 ], [ 33.592229407915646, 27.71826251180816 ], [ 33.604844289550421, 27.716194858814401 ], [ 33.602836384210505, 27.700022888485762 ], [ 33.585834666124008, 27.68421922672151 ], [ 33.555759741453208, 27.680043552216876 ], [ 33.557462095629006, 27.660041006438114 ], [ 33.578654223648897, 27.661153440110251 ], [ 33.583564860556272, 27.644231499340911 ], [ 33.596790843620944, 27.641225479990609 ], [ 33.618790498690764, 27.607177462877999 ], [ 33.605040714272128, 27.612878909241712 ], [ 33.587209644565874, 27.630293796698584 ], [ 33.578697873686863, 27.61781861762163 ], [ 33.556349017414966, 27.644094863944861 ], [ 33.518678972662535, 27.630215709643075 ], [ 33.504558162471994, 27.60678694214425 ], [ 33.512065981579362, 27.593000651222646 ], [ 33.532712483675454, 27.598292763207343 ], [ 33.554515713125255, 27.587415337874564 ], [ 33.576187992461136, 27.561750448626224 ], [ 33.589457625563782, 27.519587495575692 ], [ 33.60789979669994, 27.514741029559062 ], [ 33.619326047313699, 27.499999999953697 ], [ 33.700612629164887, 27.395555283587498 ], [ 33.71850917437726, 27.349469197308373 ], [ 33.786821595192421, 27.300381598631823 ], [ 33.83106098099006, 27.250550551011987 ], [ 33.83398553892399, 27.238186773772561 ], [ 33.823662287426778, 27.227206419610937 ], [ 33.834465690239981, 27.209124482607653 ], [ 33.808799425692413, 27.180249655099605 ], [ 33.824120614172941, 27.149220310483724 ], [ 33.821065106125104, 27.132199259165684 ], [ 33.830930030876146, 27.102757591854843 ], [ 33.845487342344718, 27.082819499095546 ], [ 33.864496964872814, 27.080046238233514 ], [ 33.896143294503823, 27.068932969890053 ], [ 33.90367293818101, 27.053579592771829 ], [ 33.883091911591031, 27.059498512646922 ], [ 33.878770550645413, 27.038927444624967 ], [ 33.89321873746821, 27.012490079903049 ], [ 33.918819526509658, 27.008132097926115 ], [ 33.922398835013141, 27.003031284180636 ], [ 33.918291297359666, 27.000000000039481 ], [ 33.911355357440264, 26.99490417451339 ], [ 33.955311017541931, 26.957948083928812 ], [ 33.976415845485882, 26.915157906048336 ], [ 33.988485101196858, 26.929624301709701 ], [ 34.000000000257799, 26.929212206644106 ], [ 34.003173362779336, 26.92909863815111 ], [ 34.000000000257799, 26.921510353741116 ], [ 33.9947707165461, 26.909004738802142 ], [ 34.000000000257799, 26.882629582845844 ], [ 34.002933287121344, 26.867832114032741 ], [ 34.006032445207147, 26.86161789867317 ], [ 34.000000000257799, 26.869974243823478 ], [ 33.98566966880702, 26.889822596847999 ], [ 33.974604366664309, 26.887095934033457 ], [ 33.963102562345263, 26.880356895760176 ], [ 33.951928134658473, 26.860195788236073 ], [ 33.959414128297695, 26.841687227720353 ], [ 33.95435071580826, 26.817036869365172 ], [ 33.944333015475166, 26.803394025952002 ], [ 33.954154290188235, 26.77592790134344 ], [ 33.974691666740249, 26.770429970813847 ], [ 33.95753717397001, 26.761812105308465 ], [ 33.953281287632194, 26.738431357830766 ], [ 33.947977799484761, 26.715513901279476 ], [ 33.947061146890753, 26.676924025104409 ], [ 33.961269258055552, 26.660922328025421 ], [ 33.993417563572379, 26.656218958498958 ], [ 34.000000000257799, 26.653653436496068 ], [ 34.029821754528712, 26.642029599638715 ], [ 34.054615016520231, 26.606616745840437 ], [ 34.054920567684341, 26.591269034378278 ], [ 34.075850795476406, 26.573106842559049 ], [ 34.101429759049708, 26.545272029558902 ], [ 34.117383874428285, 26.512877385031164 ], [ 34.117006404142529, 26.499999999798675 ], [ 34.116729122960407, 26.490581145165759 ], [ 34.141915236191977, 26.458118503425336 ], [ 34.165137094121611, 26.418851256797868 ], [ 34.205142419049572, 26.391782668014045 ], [ 34.21391609105472, 26.377817441605266 ], [ 34.22533059529782, 26.352570526560481 ], [ 34.230088456623136, 26.319464473416318 ], [ 34.256300347992806, 26.2975184031087 ], [ 34.290369257875298, 26.25961939075189 ], [ 34.315839096802826, 26.199138348279408 ], [ 34.361628062092528, 26.139816195102664 ], [ 34.348511203673624, 26.120451840755415 ], [ 34.366014897645947, 26.11479027765904 ], [ 34.386159422957903, 26.100225119829592 ], [ 34.402550039614503, 26.075776526172771 ], [ 34.433015980267228, 25.999999999598952 ], [ 34.434894770751356, 25.995345420825306 ], [ 34.469291056367773, 25.934421765227839 ], [ 34.500000000288011, 25.834899923481281 ], [ 34.504931371210468, 25.818910390681545 ], [ 34.545242247302539, 25.756295729165931 ], [ 34.608905931438144, 25.615603100556427 ], [ 34.641621689245227, 25.521232901151119 ], [ 34.645931848199247, 25.514704199700237 ], [ 34.591838738743846, 25.501087481048209 ], [ 34.500000000288011, 25.61369262289837 ], [ 34.38146703624038, 25.758869592788251 ], [ 34.245585381624387, 25.999999999598952 ], [ 34.218848553430234, 26.047591752591888 ], [ 34.028097575783086, 26.386231840665634 ], [ 34.000000000257799, 26.451573944422091 ], [ 33.979166051202945, 26.499999999798675 ], [ 33.906422895064743, 26.669664999655229 ], [ 33.87903245177155, 26.664766844699109 ], [ 33.813382686865857, 26.627838458762138 ], [ 33.728243149014396, 26.550370706541877 ], [ 33.655718491899378, 26.508636872075069 ], [ 33.625163652169505, 26.499999999798675 ], [ 33.549801500939587, 26.478788234687677 ], [ 33.500000000227594, 26.432392028068293 ], [ 33.422474131770052, 26.360129600867335 ], [ 33.34143770377603, 26.195529155530398 ], [ 33.231373952920819, 26.099053579821884 ], [ 33.183577083189519, 26.073764950673183 ], [ 33.203231864076571, 25.999999999598952 ], [ 33.248353845539171, 25.831207162423201 ], [ 33.296401653356881, 25.499999999777721 ], [ 33.368988234039371, 25.000000000323112 ], [ 33.372582056622903, 24.973121513411879 ], [ 33.331135600417234, 24.49999999997809 ], [ 33.309376698335136, 24.251892464367788 ], [ 33.226123989991279, 23.999999999771369 ], [ 33.119957048193569, 23.679317183719395 ], [ 33.104945003239976, 23.500000000390163 ], [ 33.067467791744754, 23.052985109915205 ], [ 33.047341398028479, 22.999999999937117 ], [ 33.000000000197382, 22.875751850801819 ], [ 32.887367440430424, 22.579684447420643 ], [ 32.795645274552385, 22.499999999656861 ], [ 32.649190617925576, 22.373134857530044 ], [ 32.500000000167162, 22.313265179144981 ], [ 32.304813079663276, 22.23489812362563 ], [ 32.042672346786659, 22.174526005391794 ], [ 32.00000000013695, 22.179044684800409 ], [ 31.837625957898769, 22.196237526975253 ], [ 31.718199258178334, 22.285764292173855 ], [ 31.661214040632018, 22.418568536190968 ], [ 31.712591799901702, 22.499999999656861 ], [ 31.837778733480828, 22.698938046494618 ], [ 31.885617669520244, 22.999999999937117 ], [ 31.95358247376149, 23.428150544045568 ], [ 31.924839182921776, 23.500000000390163 ], [ 31.725140035525541, 23.999999999771369 ], [ 31.68578905243368, 24.098682655118971 ], [ 31.500000000106738, 24.172829690920388 ], [ 31.000000000076529, 24.372159532812123 ], [ 30.854712793094645, 24.430020303315512 ], [ 30.830159900510221, 24.49999999997809 ], [ 30.655031536545611, 25.000000000323112 ], [ 30.584998766502867, 25.184040179462759 ], [ 30.50000000004632, 25.214793994857779 ], [ 30.052663856616803, 25.376517218572186 ], [ 30.000000000016104, 25.423512353416729 ], [ 29.914241533713657, 25.499999999777721 ], [ 29.734497629412502, 25.660828015134861 ], [ 29.499999999985889, 25.80157166106725 ], [ 29.168913003114476, 25.999999999598952 ], [ 29.158358577365426, 26.006347215416543 ], [ 28.99999999995568, 26.042351379853653 ], [ 28.616615887291569, 26.129470723568662 ], [ 28.499999999925468, 26.189840673130078 ], [ 28.126467737931755, 26.38299860363157 ], [ 27.999999999895255, 26.473254875620913 ], [ 27.96250529281156, 26.499999999798675 ], [ 27.696513221800494, 26.690387109900332 ], [ 27.567526866422128, 26.897749018759331 ], [ 27.555132804158923, 27.000000000039481 ], [ 27.53313050534722, 27.182103333777633 ], [ 27.53313050534722, 27.496852985795634 ], [ 27.531012379416893, 27.499999999953697 ], [ 27.49999999986504, 27.546278270667546 ], [ 27.24936052423347, 27.919570769261426 ], [ 27.095278393801767, 27.999999999632248 ], [ 26.999999999834831, 28.049937522101786 ], [ 26.499999999804619, 28.311614032326148 ], [ 26.19167241354446, 28.472655004926061 ], [ 26.118760106434888, 28.500000000205191 ], [ 25.99999999977441, 28.544738024632494 ], [ 25.536657441948797, 28.719099760753739 ], [ 25.49999999974419, 28.723808835035822 ], [ 25.242695137892177, 28.756856600801534 ], [ 25.24238958672807, 28.755881649861458 ], [ 25.092101931971644, 28.611155558377558 ], [ 24.999999999713978, 28.561723923029994 ], [ 24.885056428657212, 28.500000000205191 ], [ 24.764660435067114, 28.435618080551968 ], [ 24.499999999683769, 28.326434334416792 ], [ 24.230012069575341, 28.214935884857628 ], [ 23.999999999653557, 28.194593869383379 ], [ 23.499999999623348, 28.150360921760019 ], [ 22.999999999593133, 28.106109503870215 ], [ 22.979938409443147, 28.104333611609167 ], [ 22.505526799008511, 27.999999999632248 ], [ 22.49999999956292, 27.998789620230568 ], [ 22.000000000431022, 27.889231874441347 ], [ 21.896957369547078, 27.866639691062915 ], [ 21.500000000400814, 27.805722271966882 ], [ 21.000000000370598, 27.728942703863698 ], [ 20.794748455136432, 27.697408614992231 ], [ 20.657425211101941, 27.778168207802345 ], [ 20.500000000340389, 27.785992183814397 ], [ 20.43149224445995, 27.789396817190692 ], [ 20.134606024764835, 27.826778079857927 ], [ 20.000000000310173, 27.668722341614995 ], [ 19.857359566125226, 27.501959396396504 ], [ 19.856678620681979, 27.499999999953697 ], [ 19.726387218011673, 27.126167088848177 ], [ 19.675328414566774, 27.000000000039481 ], [ 19.523759868216402, 26.626315782736079 ], [ 19.500000000279961, 26.61594143446159 ], [ 19.23461291047677, 26.499999999798675 ], [ 19.000000000249752, 26.397854916958231 ], [ 18.911838442645923, 26.359447746521091 ], [ 18.500000000219536, 26.325247334834259 ], [ 18.000000000189324, 26.283711974974182 ], [ 17.909963646011125, 26.276230991873817 ], [ 17.500000000159112, 26.315810664839763 ], [ 17.0000000001289, 26.364064343294537 ], [ 16.500000000098691, 26.412297672976536 ], [ 16.035715539833056, 26.457067399443929 ], [ 16.000000000068475, 26.45689685251212 ], [ 15.500000000038265, 26.454509253559685 ], [ 15.000000000008052, 26.452121604566461 ], [ 14.841203046536286, 26.451364020893323 ], [ 14.513046965874379, 26.499999999798675 ], [ 14.49999999997784, 26.50194178058376 ], [ 14.484033506712965, 26.504318029381619 ], [ 14.084585500050984, 26.53188935562607 ], [ 13.999999999947628, 26.546973933063779 ], [ 13.717593467399066, 26.597322451737163 ], [ 13.499999999917415, 26.744639009562853 ], [ 13.485655206488874, 26.754344054844612 ], [ 13.246838393632894, 27.000000000039481 ], [ 13.229017882724486, 27.01839164751209 ], [ 13.34034992450516, 27.499999999953697 ], [ 13.393209515921434, 27.728970757859422 ], [ 13.182299407254112, 27.999999999632248 ], [ 12.999999999887205, 28.23480688442049 ], [ 12.892416245104849, 28.373133604871047 ], [ 12.499999999856989, 28.039921556203083 ], [ 12.453067963402548, 27.999999999632248 ], [ 12.343719099036958, 27.907362719880151 ], [ 12.22325623306048, 27.76370184852291 ], [ 11.999999999826779, 27.565117222126222 ], [ 11.939656498862741, 27.511379645024867 ], [ 11.531814326063804, 27.596750071048778 ], [ 11.499999999796566, 27.604586188342697 ], [ 11.032273587925969, 27.719725449825429 ], [ 10.999999999766354, 27.751186487571193 ], [ 10.744427127511361, 27.999999999632248 ], [ 10.564199983486263, 28.175934785315 ], [ 10.49999999973614, 28.309410521446743 ], [ 10.408187773259288, 28.500000000205191 ], [ 10.375990489796539, 28.567075206942818 ], [ 10.2135128484499, 28.784619360735878 ], [ 10.086554606912076, 28.999999999695707 ], [ 9.999999999705929, 29.147295467413201 ], [ 9.895050352373316, 29.325887874203662 ], [ 9.781647353401256, 29.499999999948937 ], [ 9.654084118079144, 29.696468594642809 ], [ 9.499999999675717, 29.887548105217579 ], [ 9.470512735795793, 29.924073174540865 ], [ 9.429929280303803, 29.999999999932577 ], [ 9.384332697317037, 30.081998179465252 ], [ 9.326981724414582, 30.193233033897208 ], [ 9.381853485473421, 30.28514471579296 ], [ 9.499999999675717, 30.356601448411638 ], [ 9.544516115089888, 30.383511783816068 ], [ 9.813118949031406, 30.499999999909818 ], [ 9.959465982097285, 30.563738817577978 ], [ 9.999999999705929, 30.642900736455744 ], [ 10.080986116654147, 30.800622113781642 ], [ 10.140793616244347, 30.999999999760242 ], [ 10.17160794422551, 31.103104849634899 ], [ 10.106630072439941, 31.382563083184071 ], [ 10.232322810524632, 31.451701058441493 ], [ 10.253811255925827, 31.500000000028312 ], [ 10.282314240240515, 31.564373014084723 ], [ 10.39721761977316, 31.607302084133615 ], [ 10.49999999973614, 31.679206537402482 ], [ 10.520537139132921, 31.693567167095246 ], [ 10.615619739893789, 31.782829859258516 ], [ 10.599117074575176, 31.917958128164877 ], [ 10.52339379161789, 31.964036417566859 ], [ 10.49999999973614, 31.975206920969086 ], [ 10.44806689656793, 32.000000000137092 ], [ 10.442989993179559, 32.002436750897097 ], [ 10.425203922780829, 32.000000000137092 ], [ 10.326328673517965, 31.986526958877249 ], [ 10.267745309962066, 31.955414809043837 ], [ 10.131263212427013, 31.967518346698022 ], [ 10.015766527988557, 31.983138839329602 ], [ 9.999999999705929, 31.984554202705116 ], [ 9.828193369405069, 32.000000000137092 ], [ 9.685699554647533, 32.012879228024708 ], [ 9.499999999675717, 32.030861293762705 ], [ 9.078380394110328, 32.07167525339878 ], [ 8.999999999645505, 32.094344209129822 ], [ 8.579005682603311, 32.216005795540376 ], [ 8.499999999615302, 32.240104874979949 ], [ 8.075615963510318, 32.369444122713737 ], [ 7.999999999585081, 32.422731854868189 ], [ 7.890275367241191, 32.499999999859085 ], [ 7.718631387702304, 32.621416553458111 ], [ 7.553467605789711, 32.890812244968672 ], [ 7.502608131319863, 33.000000000021366 ], [ 7.499999999554868, 33.00562770280095 ], [ 7.398769169987673, 33.223778510269021 ], [ 7.350523267480143, 33.426163133065806 ], [ 7.415290023495863, 33.500000000094566 ], [ 7.499999999554868, 33.597040911280466 ], [ 7.572950262281822, 33.680522077348719 ], [ 7.554937581072879, 33.804890953071855 ], [ 7.581748173528288, 33.902254019903914 ], [ 7.536157001992785, 33.991949402009816 ], [ 7.544662391240013, 34.000000000147317 ], [ 7.597676561157125, 34.050460886743267 ], [ 7.653074881397838, 34.15066017383635 ], [ 7.684075999669272, 34.240044581543231 ], [ 7.804877245741946, 34.263560718391417 ], [ 7.83039338294091, 34.440260181600401 ], [ 7.992177570702272, 34.500000000164391 ], [ 7.999999999585081, 34.502904915603068 ], [ 8.002446301648263, 34.503813345996413 ], [ 8.157473837051288, 34.618019674050757 ], [ 8.242227780253561, 34.777884993921219 ], [ 8.267107659601404, 34.930883446005971 ], [ 8.337227853687594, 34.999999999650299 ], [ 8.373713771571852, 35.033690870078395 ], [ 8.437844182599832, 35.112004563929133 ], [ 8.465159393784608, 35.217452879649144 ], [ 8.369940103573487, 35.205414591300681 ], [ 8.313159568961275, 35.281336970740703 ], [ 8.221313942223844, 35.24378586825754 ], [ 8.202621541772038, 35.246748897043908 ], [ 8.13047864349994, 35.253475397453279 ], [ 8.028629845780832, 35.256838436492366 ], [ 7.999999999585081, 35.264661521259249 ], [ 7.905562548199998, 35.290461084274114 ], [ 7.824932250342576, 35.371097964609994 ], [ 7.761276751655835, 35.444943773687505 ], [ 7.737561877637012, 35.500000000299181 ], [ 7.693377553176418, 35.603121589594444 ], [ 7.580380719375235, 35.721779333827641 ], [ 7.517749402520323, 35.857669262057421 ], [ 7.499999999554868, 35.870929884923797 ], [ 7.32708224307909, 35.999999999757982 ], [ 7.226387151679369, 36.075544744124898 ], [ 7.002292722911928, 36.142470945113601 ], [ 7.000000000422981, 36.142593877253567 ], [ 6.913962570393883, 36.14720690308291 ], [ 6.744739901786965, 36.058412011829944 ], [ 6.724542114463482, 35.999999999757982 ], [ 6.721176419046389, 35.99032425201564 ], [ 6.646756181934564, 35.839903606575021 ], [ 6.633021786555077, 35.589996631680563 ], [ 6.551508721454431, 35.500000000299181 ], [ 6.500000000392768, 35.443434418289975 ], [ 6.377180280300883, 35.308395005801373 ], [ 6.19863314216393, 35.161543113296801 ], [ 6.051848710403078, 34.999999999650299 ], [ 6.000000000362556, 34.939043522194112 ], [ 5.907534171363059, 34.830221584037936 ], [ 5.740066697633592, 34.798181992784045 ], [ 5.62953333809058, 34.848939715351506 ], [ 5.601349691384647, 34.999999999650299 ], [ 5.593003356943329, 35.041884770655145 ], [ 5.658845081943753, 35.300471439149561 ], [ 5.717592816535404, 35.500000000299181 ], [ 5.784122073426745, 35.726772800017905 ], [ 5.767228329244126, 35.842734571256713 ], [ 5.763761820394263, 35.866559264853812 ], [ 5.778734969194345, 35.999999999757982 ], [ 5.792393426389632, 36.122305075774896 ], [ 5.810186708463481, 36.222699465750743 ], [ 5.794368020402186, 36.289985634680967 ], [ 5.728087496233234, 36.328939657486941 ], [ 5.672667237336642, 36.36794349174906 ], [ 5.571962965154682, 36.477451545206186 ], [ 5.52106233167512, 36.498339600464661 ], [ 5.500000000332335, 36.498999798048388 ], [ 5.480144365130888, 36.499622166654703 ], [ 5.47626727948378, 36.499999999919694 ], [ 5.404736830114529, 36.507016063292099 ], [ 5.365661817562803, 36.500020933870509 ], [ 5.365194654987485, 36.499999999919694 ], [ 5.268336295115699, 36.495687738912459 ], [ 5.250809151521191, 36.499999999919694 ], [ 5.197185107272854, 36.513277994880625 ], [ 5.148522346049297, 36.518144157302501 ], [ 5.042903530186824, 36.502428307392812 ], [ 5.000000000302123, 36.505541827670719 ], [ 4.949805991506516, 36.509179016589243 ], [ 4.870137146124608, 36.514376833079048 ], [ 4.756478311451224, 36.504050625414607 ], [ 4.753062744264458, 36.499999999919694 ], [ 4.725146879954865, 36.467100753302866 ], [ 4.686103433303872, 36.443082240618217 ], [ 4.689552966689845, 36.375703701622911 ], [ 4.731980031944498, 36.352021332896648 ], [ 4.738000237348101, 36.304565285821994 ], [ 4.695353456751385, 36.264295129295718 ], [ 4.657891961282048, 36.234230936037925 ], [ 4.624473232239256, 36.223186500869609 ], [ 4.578728462264916, 36.246908354120173 ], [ 4.547242021974706, 36.23461447663442 ], [ 4.53417015657512, 36.229500283668351 ], [ 4.500000000271902, 36.207599548275283 ], [ 4.464718082684866, 36.184979761355137 ], [ 4.436726326903414, 36.131779157535014 ], [ 4.460543488490369, 36.022827351295987 ], [ 4.481270414957216, 35.999999999757982 ], [ 4.500000000271902, 35.979498231726652 ], [ 4.506200371788879, 35.97270999977161 ], [ 4.500000000271902, 35.939165837100155 ], [ 4.494006160421905, 35.906725362368775 ], [ 4.500000000271902, 35.902330786144489 ], [ 4.583144744593362, 35.841345153609232 ], [ 4.592548567702328, 35.843029819435188 ], [ 4.620298637146462, 35.680963361285976 ], [ 4.500000000271902, 35.544778809177707 ], [ 4.460489690184633, 35.500000000299181 ], [ 4.302677893033802, 35.322016148747757 ], [ 4.000000000241688, 35.15042514026451 ], [ 3.846482574153789, 35.063254745713984 ], [ 3.772250897013381, 34.999999999650299 ], [ 3.500000000211477, 34.752040183310783 ], [ 3.453697152765201, 34.709793581770754 ], [ 3.226731028325045, 34.520584738055561 ], [ 3.19718082398473, 34.500000000164391 ], [ 3.026460339507367, 34.381694069266722 ], [ 3.000000000181255, 34.367318528556282 ], [ 2.690295605611017, 34.198875386453885 ], [ 2.500000000151079, 34.216747597513667 ], [ 2.27474765645712, 34.237897937261579 ], [ 2.000000000120858, 34.337412210699952 ], [ 1.861155176183405, 34.387656887956162 ], [ 1.617183071150707, 34.410293062946664 ], [ 1.500000000090646, 34.414452454190972 ], [ 1.241952919608153, 34.423611051522606 ], [ 1.000000000060433, 34.433996312493434 ], [ 0.75295407482286, 34.444598834827943 ], [ 0.500000000030215, 34.440795823469792 ], [ 0.385106364523455, 34.439068409398949 ], [ 0.216047889085847, 34.500000000164391 ], [ 0.143704930610098, 34.526218112750975 ], [ 0.0, 34.563252064777998 ], [ -0.16055897374872, 34.604614946278382 ], [ -0.375677463146719, 34.576358782311758 ], [ -0.500000000030215, 34.627738437677763 ], [ -0.575242041116737, 34.658818664636726 ], [ -0.822391039948333, 34.637627397001118 ], [ -1.000000000060433, 34.631863888133154 ], [ -1.116707052953124, 34.628076459416448 ], [ -1.390548143877715, 34.706675103609676 ], [ -1.495273412713624, 34.821662761202354 ], [ -1.454349076215713, 34.999999999650299 ], [ -1.449907840485322, 35.018120174079527 ], [ -1.492637156493705, 35.043366557904925 ], [ -1.454213725255215, 35.071131975726949 ], [ -1.446348894992706, 35.106848718536234 ], [ -1.447930648544966, 35.134696819983617 ], [ -1.455246259622557, 35.157382697246291 ], [ -1.477764279442231, 35.176981776301439 ], [ -1.469174478202709, 35.195897502078459 ], [ -1.440680945063123, 35.215730749398247 ], [ -1.436199309399468, 35.242984787397788 ], [ -1.46177099302572, 35.274575381324318 ], [ -1.482245914207588, 35.311974254256384 ], [ -1.461518987740742, 35.320539448251942 ], [ -1.457201482364333, 35.32224199011258 ], [ -1.454054232071448, 35.323104176413871 ], [ -1.349334674724152, 35.351786962177663 ], [ -1.296675461515137, 35.363768588529553 ], [ -1.260448910609644, 35.386337791753476 ], [ -1.227495711004983, 35.436488047153787 ], [ -1.202363403265662, 35.476915013241857 ], [ -1.187992915325022, 35.500000000299181 ], [ -1.182042263778949, 35.509617470929008 ], [ -1.166466384050745, 35.546444041067581 ], [ -1.156558456048727, 35.548989186988017 ], [ -1.137994820109738, 35.547490001602299 ], [ -1.122418940381543, 35.564816073639129 ], [ -1.104140899532635, 35.578879833919409 ], [ -1.078657090904116, 35.596704291293811 ], [ -1.051305935429885, 35.595432492972144 ], [ -1.03711409095823, 35.619157755849216 ], [ -1.024130529951092, 35.632898438362943 ], [ -1.011981783218919, 35.643711672827109 ], [ -1.000000000060433, 35.64391106799448 ], [ -0.995241557525103, 35.643990255144857 ], [ -0.977315017565395, 35.646723792612718 ], [ -0.960135415984649, 35.655533149682761 ], [ -0.947525324166992, 35.668310198115464 ], [ -0.936958331885411, 35.684913796623974 ], [ -0.932388821224024, 35.69549372619386 ], [ -0.920152199494146, 35.709325544925647 ], [ -0.906180043415123, 35.715849147220638 ], [ -0.883222646810219, 35.712404752124577 ], [ -0.865054449259295, 35.708734044890896 ], [ -0.836407134424521, 35.71332675096869 ], [ -0.835286211223103, 35.714038402891653 ], [ -0.828256709970263, 35.69237905839244 ], [ -0.839988049115758, 35.669963752271812 ], [ -0.864790824266127, 35.633507919377649 ], [ -0.916175847313178, 35.600380196482611 ], [ -0.973206851989528, 35.561521970419555 ], [ -0.956989209534159, 35.530012656661519 ], [ -0.965847303413067, 35.525713756277824 ], [ -0.984210803689916, 35.518666669606681 ], [ -0.985275192317232, 35.518235927808227 ], [ -1.000000000060433, 35.512166196647243 ], [ -1.004490423044188, 35.510315102181373 ], [ -1.020285042544085, 35.500000000299181 ], [ -1.022197275509598, 35.498758892705332 ], [ -1.018967861707593, 35.480902834912278 ], [ -1.005286792119974, 35.484092948692073 ], [ -1.000000000060433, 35.485096141638273 ], [ -0.996523876542032, 35.48575574505108 ], [ -0.981950434025934, 35.487282934730302 ], [ -0.925622431127983, 35.49366252356311 ], [ -0.9149042928083, 35.495065270876843 ], [ -0.904550397081814, 35.492981942651362 ], [ -0.895879092594868, 35.489207266900387 ], [ -0.878938731238881, 35.484717086430855 ], [ -0.854795898920437, 35.483014219065211 ], [ -0.833865344141601, 35.483865657665348 ], [ -0.816151900736954, 35.484717086430855 ], [ -0.785640972454802, 35.487368056730695 ], [ -0.775667796220439, 35.488660137089489 ], [ -0.750157626529899, 35.49237971213249 ], [ -0.7283981890519, 35.493435779247015 ], [ -0.705099617691963, 35.49366252356311 ], [ -0.68642751826723, 35.500000000299181 ], [ -0.67128963461369, 35.505169927303044 ], [ -0.663165792206976, 35.512285703449194 ], [ -0.657645691498478, 35.516170953176136 ], [ -0.650353368346308, 35.519296559345918 ], [ -0.643080816215223, 35.52334067396113 ], [ -0.637348717591211, 35.528885717538479 ], [ -0.629439070379178, 35.538546596347039 ], [ -0.61783954462858, 35.541074561822889 ], [ -0.524889551538735, 35.572257803108144 ], [ -0.500000000030215, 35.569232084880362 ], [ -0.437871135168234, 35.561678835645225 ], [ -0.327368072206459, 35.556240662845283 ], [ -0.252300682475788, 35.572693480021734 ], [ -0.208758521390961, 35.608410847537677 ], [ -0.174267505732907, 35.659676342451 ], [ -0.148256446219726, 35.713848633042439 ], [ -0.141402180227649, 35.770939035638712 ], [ -0.137843234735027, 35.776223416691316 ], [ -0.134671314009523, 35.776542394590905 ], [ -0.119521255488921, 35.778065913553085 ], [ -0.076110906900695, 35.787521068496943 ], [ -0.024088788772664, 35.810806500784139 ], [ 0.0, 35.828584150185158 ], [ 0.012446884100231, 35.837767289609396 ], [ 0.057202933238562, 35.872653197437579 ], [ 0.062827650846767, 35.899922525543055 ], [ 0.078888854390367, 35.92121413243936 ], [ 0.118745248525677, 35.953184060753593 ], [ 0.144012020588292, 35.999999999757982 ], [ 0.144627735765488, 36.001147805881239 ], [ 0.163918758251285, 36.024815358993742 ], [ 0.188439008753253, 36.049940114674214 ], [ 0.203423607479972, 36.07399371534482 ], [ 0.224692068942798, 36.087272307220253 ], [ 0.258747973016609, 36.099904037809743 ], [ 0.298824082493997, 36.116957979578913 ], [ 0.316555124793381, 36.138727245680109 ], [ 0.322817016534278, 36.174694134681921 ], [ 0.363134813247317, 36.188268786619325 ], [ 0.414504299931532, 36.200257755167591 ], [ 0.465698014162419, 36.216785226697141 ], [ 0.500000000030215, 36.233826037174957 ], [ 0.503511053640081, 36.235570075138781 ], [ 0.573776075014688, 36.266920193698482 ], [ 0.641931826949356, 36.298188112691385 ], [ 0.671395677139723, 36.31431248250238 ], [ 0.731312097458135, 36.317109579522224 ], [ 0.769015279264758, 36.334254785299088 ], [ 0.811112771506288, 36.35929696871063 ], [ 0.833457838684325, 36.362908485656753 ], [ 0.87667588042808, 36.369627540829711 ], [ 0.907040563880293, 36.384608752110928 ], [ 0.919718148820246, 36.406493793361655 ], [ 0.929342532585957, 36.441936924754195 ], [ 0.930308436213729, 36.445493101293501 ], [ 0.967704016900769, 36.454268691065387 ], [ 1.000000000060433, 36.465906136213647 ], [ 1.080505961201063, 36.494907762114828 ], [ 1.149804233633236, 36.498374264364202 ], [ 1.153261643447594, 36.499999999919694 ], [ 1.190275830906031, 36.517516283141426 ], [ 1.226023544730828, 36.521248572703762 ], [ 1.276975571726101, 36.518580178203528 ], [ 1.328828432881587, 36.51723722574522 ], [ 1.367278647390272, 36.52545154203991 ], [ 1.431215861343357, 36.538425228988878 ], [ 1.461338858458285, 36.537361609206727 ], [ 1.500000000090646, 36.548939120056694 ], [ 1.50873149439658, 36.551553621391591 ], [ 1.557244679837088, 36.545155336319006 ], [ 1.659324506280991, 36.543987199507789 ], [ 1.756241019491011, 36.542888786247453 ], [ 1.833712049393747, 36.550602454984791 ], [ 1.863052199772834, 36.552921773669105 ], [ 1.904416281365248, 36.55655681229527 ], [ 1.945792668080442, 36.560361633172413 ], [ 1.970661387657511, 36.564522891603403 ], [ 2.000000000120858, 36.567470609782582 ], [ 2.118468626827834, 36.579372274741267 ], [ 2.122721220840137, 36.579933246426457 ], [ 2.233089595798067, 36.592197267447858 ], [ 2.284459082482322, 36.600403549081413 ], [ 2.34468310392031, 36.622543920796289 ], [ 2.393767549609592, 36.636058414724971 ], [ 2.441423844677001, 36.617910824820001 ], [ 2.464164399650443, 36.595072179258295 ], [ 2.500000000151079, 36.59149209762338 ], [ 2.553984101741671, 36.586098610595648 ], [ 2.620821559827219, 36.582961969250846 ], [ 2.715628803597334, 36.595141873038479 ], [ 2.767481664752784, 36.633028310419981 ], [ 2.816082735970826, 36.65674349770088 ], [ 2.876812103773562, 36.688369690476819 ], [ 2.913922053437944, 36.742140640383283 ], [ 2.895378064552506, 36.763892209445679 ], [ 2.922029556387944, 36.771141349653362 ], [ 2.932466043221642, 36.791233674734158 ], [ 2.942660842819752, 36.813926742662318 ], [ 2.957821213101466, 36.821622774047327 ], [ 3.000000000181255, 36.827907680419912 ], [ 3.007367061368438, 36.829005365749531 ], [ 3.04386180789531, 36.826052415566643 ], [ 3.067107709233527, 36.809114154846341 ], [ 3.082180192839447, 36.774652675490024 ], [ 3.102899365947076, 36.758815661172321 ], [ 3.146908383281676, 36.748226837526047 ], [ 3.200013622605635, 36.747479131199576 ], [ 3.259424696559277, 36.768533825175368 ], [ 3.272300025846056, 36.788644217805171 ], [ 3.287240680785726, 36.792623950216118 ], [ 3.319341116877686, 36.780666747482734 ], [ 3.416675088878353, 36.766291281578113 ], [ 3.495465071993583, 36.768672895260927 ], [ 3.500000000211477, 36.774495745686096 ], [ 3.510032210133061, 36.787375526122077 ], [ 3.587459956510417, 36.809948126643334 ], [ 3.669391870993753, 36.831715031815676 ], [ 3.743831486562851, 36.861931660706787 ], [ 3.770307205944942, 36.89919960006857 ], [ 3.894424499345595, 36.924844277324652 ], [ 3.924964955251142, 36.931158682625359 ], [ 3.930633615748062, 36.90940298992615 ], [ 3.956472160099155, 36.899945812681381 ], [ 4.000000000241688, 36.905855537623665 ], [ 4.004018596597199, 36.906401115066672 ], [ 4.042095295204017, 36.906192888010466 ], [ 4.09645291269652, 36.898210422832889 ], [ 4.148459574411791, 36.90777192821767 ], [ 4.178846229757545, 36.89829719327065 ], [ 4.242190212466689, 36.897099752153309 ], [ 4.259569708961089, 36.904336172559702 ], [ 4.317816291422019, 36.905221154409681 ], [ 4.345808048101759, 36.894999845965032 ], [ 4.382896025872606, 36.896908854326625 ], [ 4.414513088391659, 36.904509699285164 ], [ 4.423301709261439, 36.917609819683982 ], [ 4.457511413895042, 36.918702839416085 ], [ 4.47135349122596, 36.903190885755585 ], [ 4.500000000271902, 36.900602528898979 ], [ 4.525513365269917, 36.89829719327065 ], [ 4.586792021427875, 36.892032110760205 ], [ 4.688674104423212, 36.889341957499333 ], [ 4.736791802068346, 36.881687515462488 ], [ 4.773616121608332, 36.891355242383554 ], [ 4.824150689812986, 36.885974792852103 ], [ 4.860249948544447, 36.868563813638588 ], [ 4.927790496443301, 36.862574067467321 ], [ 4.947256727240414, 36.85660943976405 ], [ 4.954310159612461, 36.854448089326034 ], [ 4.997176655551268, 36.816880164778979 ], [ 5.000000000302123, 36.816141369693348 ], [ 5.024693389396991, 36.809670136580834 ], [ 5.059687575700226, 36.788435667034527 ], [ 5.108196757349539, 36.776877590109251 ], [ 5.140689791356641, 36.768811965092098 ], [ 5.1542267271552, 36.754469032079605 ], [ 5.146723272063485, 36.741705893438791 ], [ 5.126450778146055, 36.743757877789605 ], [ 5.114647095874107, 36.734645254206463 ], [ 5.110544330071393, 36.719391341720673 ], [ 5.10767019906597, 36.693050715027915 ], [ 5.139943833937969, 36.65857145489997 ], [ 5.184876807169843, 36.629249219219481 ], [ 5.230731257847131, 36.615803195840279 ], [ 5.308969042963961, 36.61177937954465 ], [ 5.381612145644112, 36.614897420120535 ], [ 5.448550868116693, 36.628395850805518 ], [ 5.500000000332335, 36.646847164211266 ], [ 5.514392593117154, 36.652008013646871 ], [ 5.545766690996246, 36.689657435936837 ], [ 5.564042651346947, 36.75636419288125 ], [ 5.611323197300711, 36.768568592178639 ], [ 5.660139538098494, 36.78958268882635 ], [ 5.713892363029341, 36.825027540992039 ], [ 5.74967638585959, 36.831523968439022 ], [ 5.787917680979286, 36.817192873910635 ], [ 5.824096623869711, 36.811303311361975 ], [ 5.883378309879713, 36.822039692008083 ], [ 5.941058382383124, 36.835831453027559 ], [ 6.000000000362556, 36.853602317651948 ], [ 6.002863160243423, 36.854465453164714 ], [ 6.041850413680118, 36.877243765012629 ], [ 6.068024748284378, 36.887328619062586 ], [ 6.0970951534483, 36.896943562533558 ], [ 6.128754470023363, 36.905707022409686 ], [ 6.144792558118048, 36.908830386686795 ], [ 6.169891836601019, 36.916655583064269 ], [ 6.219278614790731, 36.928764821900671 ], [ 6.248458720420502, 36.936639990260652 ], [ 6.271100726614006, 36.946057892189771 ], [ 6.279920577414646, 36.953185578365741 ], [ 6.281653831839591, 36.961335636015342 ], [ 6.281127273556021, 36.979210659661803 ], [ 6.287245318968802, 37.000000000102617 ], [ 6.288630728647735, 37.004738199922897 ], [ 6.322549858829646, 37.039096934401876 ], [ 6.368119089912632, 37.059233980063098 ], [ 6.431262203934375, 37.074172010687008 ], [ 6.48347923402116, 37.077448568073038 ], [ 6.497740187684253, 37.074050008651518 ], [ 6.500000000392768, 37.073876056759907 ], [ 6.509061190781011, 37.073178557933019 ], [ 6.528083108550382, 37.062023102617012 ], [ 6.532449154393186, 37.051040334740541 ], [ 6.535103885365211, 37.04106729013187 ], [ 6.546249369333568, 37.040561628249613 ], [ 6.557921411585458, 37.046123718534083 ], [ 6.559369446416144, 37.040369824801594 ], [ 6.552217029581256, 37.035138629927481 ], [ 6.550922574324839, 37.033115804172326 ], [ 6.555573838863594, 37.0286514440945 ], [ 6.560488382544143, 37.023750806461102 ], [ 6.566938721967015, 37.02500651636678 ], [ 6.571787446086698, 37.021169559887063 ], [ 6.566346344122579, 37.017751015682499 ], [ 6.561387919537049, 37.015483528364236 ], [ 6.564042651407381, 37.011436766674969 ], [ 6.573740099646744, 37.013966018559351 ], [ 6.576438710625461, 37.008331775498327 ], [ 6.564305930549166, 37.001894618188757 ], [ 6.564829748072821, 37.000000000102617 ], [ 6.566785142392782, 36.992973795701644 ], [ 6.570778209526249, 36.98335373136026 ], [ 6.579005682482453, 36.975414088013416 ], [ 6.590875183416964, 36.974269878866522 ], [ 6.628962899860751, 36.970854483019309 ], [ 6.71777572975735, 36.96762965306953 ], [ 6.770036639850828, 36.969987606906066 ], [ 6.806983478815802, 36.971253242543654 ], [ 6.808102415842107, 36.978829277491478 ], [ 6.813455757792886, 36.976870329761809 ], [ 6.815649750940506, 36.970993182129313 ], [ 6.82973518547518, 36.967490947057307 ], [ 6.842219004706601, 36.970473058612093 ], [ 6.853518067350858, 36.973836460950146 ], [ 6.862337919049832, 36.969623515536668 ], [ 6.869863314594057, 36.969484813909524 ], [ 6.878990324543166, 36.973247010001479 ], [ 6.887064217925135, 36.973125651648481 ], [ 6.885967221351311, 36.966693386144613 ], [ 6.893317097767082, 36.968340514137594 ], [ 6.892022641612368, 36.962254629567212 ], [ 6.888314794073202, 36.95769422953947 ], [ 6.8946773734827, 36.951277991364812 ], [ 6.909530704990221, 36.950827099691473 ], [ 6.912404835995681, 36.945606969352433 ], [ 6.911263959415166, 36.933465736814057 ], [ 6.910210842848024, 36.92746377842856 ], [ 6.91486210738679, 36.92097557662467 ], [ 6.955077996519032, 36.90417999787779 ], [ 7.000000000422981, 36.903576607720261 ], [ 7.010629895435683, 36.903433827026326 ], [ 7.042003993314784, 36.917523071397959 ], [ 7.085379231250124, 36.937646010367686 ], [ 7.095669058232221, 36.938981567469014 ], [ 7.104554729492055, 36.936900169009462 ], [ 7.109162114024135, 36.931002563334047 ], [ 7.118662103580913, 36.927932156543008 ], [ 7.134853770351536, 36.928660738872004 ], [ 7.158877991814823, 36.936345119784832 ], [ 7.183341012446638, 36.949058192530018 ], [ 7.20539064079574, 36.964265973390916 ], [ 7.229743960961681, 36.985555188052778 ], [ 7.238168893498803, 36.999854421556606 ], [ 7.238190350657678, 37.000000000102617 ], [ 7.239770507903694, 37.01079135730447 ], [ 7.234768204209772, 37.020628882497235 ], [ 7.211160841462512, 37.031302189630715 ], [ 7.189484192721078, 37.045234509723045 ], [ 7.182507295014599, 37.05215611695737 ], [ 7.173665503761486, 37.054736302080414 ], [ 7.170747493647666, 37.058658710289862 ], [ 7.176407994746888, 37.060018431166377 ], [ 7.182463415007953, 37.060123024172761 ], [ 7.187114680445005, 37.063748820114611 ], [ 7.19391605812474, 37.066624928198209 ], [ 7.203657386370795, 37.067357011164589 ], [ 7.228032646989235, 37.065108448983935 ], [ 7.258397507409583, 37.055625399341487 ], [ 7.268687334391681, 37.053934361951455 ], [ 7.272570701059265, 37.054265599065147 ], [ 7.273250838917069, 37.05912938582069 ], [ 7.274589175078503, 37.063278173487348 ], [ 7.278691941779522, 37.0655790834386 ], [ 7.286085697303687, 37.066119438764254 ], [ 7.295805085995558, 37.065526791106841 ], [ 7.304997915505535, 37.061569876654119 ], [ 7.313927466772023, 37.059338573440222 ], [ 7.330887031413834, 37.059024791432726 ], [ 7.338873165680724, 37.058588980277804 ], [ 7.345586783347123, 37.062824955806505 ], [ 7.353112178891309, 37.065091017621683 ], [ 7.357061366018086, 37.075967163383432 ], [ 7.364520942001442, 37.07692572277692 ], [ 7.371519779262096, 37.074015150787957 ], [ 7.370093683087287, 37.06728728921582 ], [ 7.369523245695366, 37.060611122226355 ], [ 7.382204523609408, 37.051615662045911 ], [ 7.401028982696186, 37.043142210181429 ], [ 7.431569363143241, 37.034946812662959 ], [ 7.439774896545269, 37.034772432580269 ], [ 7.459806050875125, 37.039864158234288 ], [ 7.482601636642864, 37.042340147215235 ], [ 7.499999999554868, 37.043472771824504 ], [ 7.503225169715481, 37.043682726666134 ], [ 7.509258649524037, 37.0426539988024 ], [ 7.535937602857682, 37.027866666016799 ], [ 7.554520722356851, 37.00103977805918 ], [ 7.556142842604754, 37.000000000102617 ], [ 7.601143070006986, 36.971339929149273 ], [ 7.648160336818965, 36.965687752910995 ], [ 7.66108295521895, 36.970369033766751 ], [ 7.667291955054249, 36.976835657528589 ], [ 7.671526360876984, 36.98082284405497 ], [ 7.675519428010426, 36.981706931058497 ], [ 7.679578314704751, 36.979089310900328 ], [ 7.688946664241461, 36.977511760680407 ], [ 7.691096777382434, 36.979557368921675 ], [ 7.696055201069666, 36.976835657528589 ], [ 7.713409683974988, 36.973368368159328 ], [ 7.723502051376168, 36.970646433516066 ], [ 7.729996269907418, 36.972206789728958 ], [ 7.732914280919572, 36.968982017563441 ], [ 7.738465082451242, 36.961977198975262 ], [ 7.744213343563829, 36.961595729705877 ], [ 7.759022795962963, 36.961873162420645 ], [ 7.76613133279116, 36.963485717230782 ], [ 7.789980034227741, 36.977529097004044 ], [ 7.798075868062219, 36.97352439917195 ], [ 7.794192500496302, 36.967681667398004 ], [ 7.780545865130155, 36.951659512043008 ], [ 7.781006603852865, 36.946404753746293 ], [ 7.776333398861594, 36.937854150811262 ], [ 7.784100133993428, 36.929770946127803 ], [ 7.785833388418371, 36.923352335996114 ], [ 7.780831084724449, 36.915007327090642 ], [ 7.774644024443332, 36.903104120930081 ], [ 7.771945413464615, 36.89073043598728 ], [ 7.777693674577201, 36.876375814785973 ], [ 7.831512319068909, 36.860247487629991 ], [ 7.897375984521841, 36.855021103284507 ], [ 7.999999999585081, 36.869543834543421 ], [ 8.049266109777623, 36.876514688068141 ], [ 8.143827200786808, 36.901750576190054 ], [ 8.198172403562085, 36.926717837294973 ], [ 8.227133109158428, 36.94607523501702 ], [ 8.249248557068389, 36.968617922063686 ], [ 8.304164198133893, 36.938773430131064 ], [ 8.352783080249091, 36.943040128430745 ], [ 8.378496676130675, 36.945294790870321 ], [ 8.439028939187033, 36.936223702831917 ], [ 8.473847605463515, 36.921600133975481 ], [ 8.499999999615302, 36.924816686018744 ], [ 8.519548476566568, 36.927220915067402 ], [ 8.61759801687816, 36.949283643623083 ], [ 8.688069066863173, 36.96289618471716 ], [ 8.711997396763159, 36.965791166450998 ], [ 8.73493275410091, 36.968565908380477 ], [ 8.782959257473346, 36.968149796182608 ], [ 8.786558560678424, 36.965964596081122 ], [ 8.788879764253457, 36.964555319135975 ], [ 8.802529094565429, 36.956267841250181 ], [ 8.819028499897886, 36.946248665954528 ], [ 8.835724785397902, 36.950566968904944 ], [ 8.869797494255723, 36.959393574657923 ], [ 8.913260493102726, 36.990304567829767 ], [ 8.923595815262424, 37.000000000102617 ], [ 8.946609184096086, 37.021727674807572 ], [ 8.980594132940521, 37.067078122981549 ], [ 8.999999999645505, 37.087387383572768 ], [ 9.013350446089426, 37.101356142165564 ], [ 9.049266109838054, 37.121737786797041 ], [ 9.115436933541149, 37.142131311198632 ], [ 9.141238289436084, 37.166819038706976 ], [ 9.156398780092063, 37.190541538169526 ], [ 9.171383751619627, 37.213925993032021 ], [ 9.188540774944022, 37.211038129839977 ], [ 9.215066148703443, 37.194369850740586 ], [ 9.265067246088416, 37.21142086486217 ], [ 9.353792316869971, 37.234711836955341 ], [ 9.377970117907513, 37.264723702183268 ], [ 9.417264529594348, 37.2746322723521 ], [ 9.451008139749518, 37.268843741063492 ], [ 9.481021961913012, 37.276857173992106 ], [ 9.499999999675717, 37.289772238572212 ], [ 9.507174356963096, 37.294653998808656 ], [ 9.537473397822559, 37.293802489578283 ], [ 9.558645428732913, 37.288137099812893 ], [ 9.597917900865564, 37.300058249140861 ], [ 9.627119945151206, 37.324346472450401 ], [ 9.651363566647928, 37.345014761262554 ], [ 9.6958358011571, 37.333482910567895 ], [ 9.736907347275565, 37.346612406890955 ], [ 9.757838039496631, 37.326465670023964 ], [ 9.787215603809004, 37.327803165352911 ], [ 9.82313126665932, 37.334924489646646 ], [ 9.861921060515087, 37.334629228725184 ], [ 9.865255929344926, 37.297729777649806 ], [ 9.869973013444557, 37.290518006293333 ], [ 9.879385242987951, 37.283427199403675 ], [ 9.880197020865804, 37.279360108706655 ], [ 9.844369117130542, 37.254413916720829 ], [ 9.820344895667235, 37.241720321190222 ], [ 9.816439588547142, 37.241111670255556 ], [ 9.813609337548375, 37.244867838544025 ], [ 9.807071239010433, 37.246241575207058 ], [ 9.801059698756061, 37.240729086453769 ], [ 9.794521600218117, 37.234346612458033 ], [ 9.794411900650568, 37.228554958794469 ], [ 9.796540073339031, 37.225963353434139 ], [ 9.802376094464986, 37.225232817178984 ], [ 9.794082801049599, 37.187966017962253 ], [ 9.81503543282485, 37.161370331059501 ], [ 9.86113122308973, 37.144743232924185 ], [ 9.918109217282851, 37.16575718082229 ], [ 9.924932534516762, 37.185721065985796 ], [ 9.935112661931328, 37.195031085053579 ], [ 9.938381711200298, 37.211942773362068 ], [ 9.936385177633568, 37.223075954967079 ], [ 9.932589570081026, 37.232068267969005 ], [ 9.91674894156724, 37.234450962599063 ], [ 9.89035520782787, 37.236329238074774 ], [ 9.875085017604338, 37.241389911072126 ], [ 9.866001886763597, 37.241650761211197 ], [ 9.852421070958327, 37.238520499453976 ], [ 9.84658504983237, 37.239876962024752 ], [ 9.844785975846561, 37.244154876795925 ], [ 9.85446148453174, 37.25500507277129 ], [ 9.872605804862406, 37.270164886398625 ], [ 9.881952214844933, 37.275901169537441 ], [ 9.886954518538849, 37.278317229382921 ], [ 9.923221220544315, 37.267696411239811 ], [ 9.960716558245339, 37.270373486496666 ], [ 9.999813510351261, 37.281011304978648 ], [ 9.999999999705929, 37.281021234527969 ], [ 10.045585591805196, 37.283444579320111 ], [ 10.065252550254238, 37.259821081316247 ], [ 10.12667059260494, 37.248623818035462 ], [ 10.194834731211103, 37.233059617563143 ], [ 10.227598345866626, 37.215161129137854 ], [ 10.246452256220005, 37.195761916258967 ], [ 10.279062050552797, 37.185721065985796 ], [ 10.306595792201795, 37.189010158472932 ], [ 10.327603179886875, 37.191516036149125 ], [ 10.30967218787662, 37.160743617172045 ], [ 10.289280079685831, 37.135897158837047 ], [ 10.279391664888424, 37.134712959411992 ], [ 10.278205055076803, 37.155764538089493 ], [ 10.27044814302262, 37.163842317310703 ], [ 10.233597317791858, 37.163772685628885 ], [ 10.207118340220232, 37.158706761027375 ], [ 10.17696966206797, 37.15106370576283 ], [ 10.165191461407364, 37.134347246903772 ], [ 10.173321936075816, 37.119072809005267 ], [ 10.194307349172416, 37.107645427743563 ], [ 10.216347527244702, 37.108533899404023 ], [ 10.230850535554344, 37.109805614803925 ], [ 10.240695002073107, 37.116390317851554 ], [ 10.240475258883253, 37.105380648640093 ], [ 10.24761689234146, 37.102122731041845 ], [ 10.255879211845849, 37.103934638527413 ], [ 10.265987368934798, 37.115589035313022 ], [ 10.273634409843211, 37.110206288003923 ], [ 10.291411582429054, 37.103777840741678 ], [ 10.291960938157903, 37.096164035579392 ], [ 10.28143527017604, 37.0879395625077 ], [ 10.279677330047088, 37.099108596166502 ], [ 10.265899472377505, 37.101460677669273 ], [ 10.255351829807164, 37.091947363335215 ], [ 10.241705817871834, 37.078058550135943 ], [ 10.230323153515659, 37.062197418848051 ], [ 10.225027357642009, 37.035661765699636 ], [ 10.233025986576212, 37.006395452469555 ], [ 10.238557026069948, 37.000000000102617 ], [ 10.258010714589073, 36.977650447554304 ], [ 10.315517339479122, 36.949006165370022 ], [ 10.357685935172013, 36.946387410994717 ], [ 10.367838040539604, 36.941600578587376 ], [ 10.36456387716172, 36.923300290412669 ], [ 10.380451262986044, 36.907216665097152 ], [ 10.3806710061759, 36.897394775710275 ], [ 10.363553061362992, 36.8840134367884 ], [ 10.346501039417214, 36.86187957358954 ], [ 10.319121118090944, 36.822387122253275 ], [ 10.230389076382785, 36.814604302167758 ], [ 10.236563841422596, 36.818165736437827 ], [ 10.268536382570938, 36.824002652572389 ], [ 10.295982227662643, 36.82608715696967 ], [ 10.314902060883146, 36.825878709035024 ], [ 10.32254910179156, 36.835223556804472 ], [ 10.321032877644313, 36.842969528107481 ], [ 10.309034934692164, 36.851843424441491 ], [ 10.288620851912896, 36.849968010239955 ], [ 10.266097240080569, 36.845696061108086 ], [ 10.247353200872961, 36.84048604104288 ], [ 10.234564184413625, 36.836769340787747 ], [ 10.212919543544089, 36.825913449795408 ], [ 10.223577057260202, 36.807967428033017 ], [ 10.25458273088846, 36.796238547955006 ], [ 10.281501193043166, 36.794153223710587 ], [ 10.300552871997919, 36.80091294115573 ], [ 10.31017759622514, 36.817870404256823 ], [ 10.316132618973411, 36.819937704664362 ], [ 10.323076483830246, 36.809513767400496 ], [ 10.345512198206968, 36.790990373619614 ], [ 10.388427918230084, 36.762518793129566 ], [ 10.432925784369257, 36.749391854038208 ], [ 10.494431724175564, 36.767838469486321 ], [ 10.49999999973614, 36.770007825629165 ], [ 10.549894742879681, 36.789443657001293 ], [ 10.570770285728825, 36.817939894540167 ], [ 10.578109686890095, 36.862782414533591 ], [ 10.607093728920901, 36.886842633044857 ], [ 10.653964814683315, 36.899026061163283 ], [ 10.710262856071578, 36.89031389504315 ], [ 10.76535231305974, 36.895728745619074 ], [ 10.813497906089381, 36.918668140471013 ], [ 10.86678547377163, 36.950723047772762 ], [ 10.932962931533098, 37.000000000102617 ], [ 10.937190987165099, 37.003168137355082 ], [ 10.93413656518044, 37.036812651747852 ], [ 10.975052628194584, 37.047832366098412 ], [ 10.999999999766354, 37.042979813533861 ], [ 11.002212807229311, 37.042549381512025 ], [ 11.048930073567313, 37.070546717238344 ], [ 11.078045961332368, 37.053637990704189 ], [ 11.065388790607281, 37.029104867604758 ], [ 11.06756424162915, 37.003848501672223 ], [ 11.073399645612504, 37.000000000102617 ], [ 11.123378849257371, 36.967248212364247 ], [ 11.133772671504985, 36.917765965915144 ], [ 11.159790189905051, 36.8810279130537 ], [ 11.142122888464977, 36.845626596249744 ], [ 11.091604076710409, 36.831419752374039 ], [ 11.065520636341532, 36.816828046705794 ], [ 11.012672553242364, 36.776616861364246 ], [ 10.999999999766354, 36.748733105436301 ], [ 10.955341721466896, 36.650388828264738 ], [ 10.878827365900738, 36.518928993140022 ], [ 10.873944292899539, 36.499999999919694 ], [ 10.865247275934218, 36.466493879969349 ], [ 10.815233871629854, 36.442145626752456 ], [ 10.772449997340987, 36.430332906478171 ], [ 10.694221649924524, 36.38764630211076 ], [ 10.664007048905139, 36.387142944927561 ], [ 10.635550388913019, 36.406320264316108 ], [ 10.595689090874561, 36.400819204824636 ], [ 10.554377491555982, 36.37188445629139 ], [ 10.509154474776748, 36.267320029671609 ], [ 10.49999999973614, 36.2252278439503 ], [ 10.490256615246411, 36.180402738498877 ], [ 10.485642021734174, 36.12223540910491 ], [ 10.487114296704462, 36.039880722076752 ], [ 10.49999999973614, 36.034571355052996 ], [ 10.515592931285061, 36.028146030967847 ], [ 10.536669712029209, 35.999999999757982 ], [ 10.547016115806233, 35.986267778073412 ], [ 10.568792602410017, 35.945223155000122 ], [ 10.58784428136477, 35.909276274089606 ], [ 10.603776935092894, 35.885119458568781 ], [ 10.619412213224305, 35.873029048408171 ], [ 10.625843921588203, 35.868055013026094 ], [ 10.647797300844477, 35.851523459553178 ], [ 10.652654929065255, 35.848229651937253 ], [ 10.663831254892242, 35.84054622752722 ], [ 10.711009980401805, 35.79996399163101 ], [ 10.714833501305169, 35.796679667791921 ], [ 10.765901669686905, 35.794959253719128 ], [ 10.799434382362818, 35.809190644349179 ], [ 10.828308554146169, 35.796975088820005 ], [ 10.833868040590007, 35.757083237138986 ], [ 10.855534655149706, 35.718267092325178 ], [ 10.880783074631067, 35.707377057361406 ], [ 10.965186187985656, 35.662374523573554 ], [ 10.999999999766354, 35.650979925779353 ], [ 11.03374586379457, 35.639933303282987 ], [ 11.071102096475535, 35.619453841360546 ], [ 11.060730248816402, 35.580082195579216 ], [ 11.052599774147948, 35.544613577561094 ], [ 11.084440469562034, 35.500460492730049 ], [ 11.084270905365635, 35.500000000299181 ], [ 11.065608532898823, 35.449619086444592 ], [ 11.060400634480779, 35.400327499548737 ], [ 11.076771454963456, 35.366442503489019 ], [ 11.112171978914095, 35.3355133901767 ], [ 11.140606665216046, 35.321859796717511 ], [ 11.174688734519128, 35.308534008173012 ], [ 11.172820923244405, 35.299897993044375 ], [ 11.155549159007085, 35.301253404838434 ], [ 11.14680340484434, 35.298438292678028 ], [ 11.127312241306505, 35.272889241257452 ], [ 11.082748452300208, 35.221123154798981 ], [ 11.045480115278218, 35.211729697776541 ], [ 11.030512192876433, 35.168907691283621 ], [ 11.026977792950632, 35.158792736807023 ], [ 11.043304664256352, 35.129107071385015 ], [ 11.058906384922008, 35.100333767881033 ], [ 11.043766123427913, 35.054784125421556 ], [ 11.006365941569987, 35.024938170629845 ], [ 10.999999999766354, 35.020858289090206 ], [ 10.967459295760376, 34.999999999650299 ], [ 10.959868418421841, 34.994808530090488 ], [ 10.91785364305168, 34.958682334443992 ], [ 10.913942225591025, 34.857700710863433 ], [ 10.891506511214303, 34.843347097706499 ], [ 10.855095170566626, 34.841837025808367 ], [ 10.797083137328055, 34.792362044988955 ], [ 10.741444323712731, 34.731432929161102 ], [ 10.730567067705078, 34.669001235225807 ], [ 10.690002592716723, 34.64297244729169 ], [ 10.646911078680713, 34.647270662320722 ], [ 10.61060961007712, 34.621646240004459 ], [ 10.61023604746285, 34.580211616169443 ], [ 10.591733725135262, 34.562498311165747 ], [ 10.550707790975348, 34.557110616472073 ], [ 10.513285634528943, 34.550431630744605 ], [ 10.49999999973614, 34.545557765588377 ], [ 10.470699528841452, 34.534807802037768 ], [ 10.444888227698007, 34.500000000164391 ], [ 10.43083822990468, 34.481161105497058 ], [ 10.387922509881564, 34.446851865171318 ], [ 10.281017759283124, 34.390526341852841 ], [ 10.237618606398282, 34.367623845738585 ], [ 10.209689327546535, 34.353197060442092 ], [ 10.164180645608635, 34.329165496331953 ], [ 10.124055656101676, 34.3040451812521 ], [ 10.096675734775411, 34.28055912693052 ], [ 10.065406369678653, 34.235937909457441 ], [ 10.048793833214269, 34.185241203339324 ], [ 10.044091342246427, 34.132476515694925 ], [ 10.048596064612893, 34.07648045380796 ], [ 10.051958125446383, 34.006109915470596 ], [ 10.055164873855453, 34.000000000147317 ], [ 10.09272036903611, 33.928835545487495 ], [ 10.127967073562331, 33.901657842249008 ], [ 10.165433178287383, 33.843584884172614 ], [ 10.215051046287311, 33.774538823690854 ], [ 10.25543972726277, 33.728084841114388 ], [ 10.378385683109947, 33.651975399646581 ], [ 10.485861764025714, 33.62725088868811 ], [ 10.49999999973614, 33.626367784707348 ], [ 10.536732164704391, 33.624073372270622 ], [ 10.603248234327371, 33.638539460435275 ], [ 10.662556748523331, 33.669369833801852 ], [ 10.7247878389697, 33.711710714562408 ], [ 10.762671453689352, 33.71208416185128 ], [ 10.783678842272746, 33.682819593783798 ], [ 10.778712659836405, 33.636950927534336 ], [ 10.766165360257089, 33.584755845808054 ], [ 10.723359512278059, 33.560760090493616 ], [ 10.716723287168369, 33.532004949543385 ], [ 10.721821314440648, 33.505879356213242 ], [ 10.729110763882227, 33.500000000094566 ], [ 10.751596429978639, 33.481966943383739 ], [ 10.778053432961785, 33.471226084658163 ], [ 10.823540140311202, 33.479900781881717 ], [ 10.842206480636627, 33.500000000094566 ], [ 10.849623580680079, 33.508031836740457 ], [ 10.896252950460791, 33.517539541164517 ], [ 10.951562149740493, 33.533501877375059 ], [ 10.963142581799724, 33.554830250066843 ], [ 10.955583438346917, 33.576994899528863 ], [ 10.934488154104546, 33.609660916561161 ], [ 10.968724042832042, 33.61874609459931 ], [ 10.999999999766354, 33.610411257452249 ], [ 11.004849718321054, 33.609118766460853 ], [ 11.021594100519689, 33.622484570081909 ], [ 11.06240029148975, 33.607697942223091 ], [ 11.092966480534924, 33.580323777004793 ], [ 11.108678072346354, 33.543343523698141 ], [ 11.11740185192062, 33.500937803702072 ], [ 11.116995449594507, 33.500000000094566 ], [ 11.101624337242065, 33.464728795133546 ], [ 11.135860225969562, 33.436593024882349 ], [ 11.120456273006964, 33.409044194507295 ], [ 11.14249645107925, 33.4053740765995 ], [ 11.161526156343836, 33.420854577466486 ], [ 11.19701457775008, 33.394493213578116 ], [ 11.22991003724154, 33.371254986662549 ], [ 11.292712458005239, 33.33499680587979 ], [ 11.332639678910821, 33.307527383362988 ], [ 11.32824482858844, 33.291280321480443 ], [ 11.285680696591115, 33.323901926804851 ], [ 11.219054755822366, 33.355765567338487 ], [ 11.163921349657244, 33.348439276676906 ], [ 11.143968726049538, 33.326755031503154 ], [ 11.144781773246889, 33.295999931608563 ], [ 11.189059897094522, 33.234064878081242 ], [ 11.224570293089243, 33.170983339584225 ], [ 11.252763262511175, 33.163828215779951 ], [ 11.308467998993628, 33.174420578958127 ], [ 11.365732907003656, 33.166780008985391 ], [ 11.480548389080694, 33.166294277653463 ], [ 11.410516439199808, 33.227381678531238 ], [ 11.417789917493954, 33.233523520190197 ], [ 11.474703237478192, 33.19199693982015 ], [ 11.499999999796566, 33.169949445512358 ], [ 11.509422560864042, 33.16173574373078 ], [ 11.543900166471559, 33.15588776678333 ], [ 11.551876820817284, 33.154542488906067 ], [ 11.587519062546257, 33.142377994040203 ], [ 11.62867684244042, 33.111463924213737 ], [ 11.758127178561351, 33.093235550382623 ], [ 11.847848061479757, 33.061892526639021 ], [ 11.999690162800448, 33.005761123028506 ], [ 11.999999999826779, 33.005513517831588 ], [ 12.006899030666098, 33.000000000021366 ], [ 12.09754152038731, 32.927942262793415 ], [ 12.175264460353567, 32.880451040812574 ], [ 12.316251280255086, 32.823069599104073 ], [ 12.408859580261996, 32.796754645009692 ], [ 12.431958037519363, 32.791849038555632 ], [ 12.454486043910059, 32.789127397746164 ], [ 12.499999999856989, 32.787086247600705 ], [ 12.505757254902203, 32.786828050879137 ], [ 12.550843372025398, 32.772929014892199 ], [ 12.587627395836686, 32.762627071509989 ], [ 12.620528788700595, 32.755125458226495 ], [ 12.695736774654712, 32.744854099037241 ], [ 12.713545809585368, 32.744150982700127 ], [ 12.724077850215853, 32.744043096958379 ], [ 12.758749489229794, 32.74488340352751 ], [ 12.795399470027645, 32.748200312712648 ], [ 12.840425157481677, 32.753501770326238 ], [ 12.942429649409215, 32.768393792582472 ], [ 12.999999999887205, 32.781198603065647 ], [ 13.004944207735063, 32.782298207495899 ], [ 13.026961092492034, 32.78672320246887 ], [ 13.06236513334701, 32.794029051725467 ], [ 13.100798324781067, 32.803522839085126 ], [ 13.136144353333309, 32.813531666187004 ], [ 13.161974431062822, 32.826109257012909 ], [ 13.16937096507616, 32.827284811398336 ], [ 13.200086138812894, 32.843824641059179 ], [ 13.220184232004453, 32.851783645376052 ], [ 13.237879879783314, 32.856316810335763 ], [ 13.261950698657035, 32.860166937103507 ], [ 13.296299974536325, 32.861456115815166 ], [ 13.312695845439018, 32.861160292818802 ], [ 13.38193672271103, 32.835861559624753 ], [ 13.447815539149554, 32.817549461775847 ], [ 13.479977278971456, 32.806821688746737 ], [ 13.496955466587405, 32.800047964722026 ], [ 13.499999999917415, 32.798606153954303 ], [ 13.510583240925838, 32.793594023538219 ], [ 13.519209893753267, 32.79276052421654 ], [ 13.548028030425826, 32.780508034996593 ], [ 13.573924689487566, 32.776376598327474 ], [ 13.598803501636851, 32.772318672080559 ], [ 13.621763741409657, 32.769102873888563 ], [ 13.673227446994144, 32.760388243086339 ], [ 13.720889605365429, 32.75770090326516 ], [ 13.793228852900745, 32.760313596200852 ], [ 13.858800029592125, 32.762291726809117 ], [ 13.927030091963726, 32.750403614852985 ], [ 13.993216547251079, 32.708903983519534 ], [ 13.999999999947628, 32.70600825072502 ], [ 14.03993381358908, 32.688959304901779 ], [ 14.122161475921803, 32.683075886062959 ], [ 14.200939179965433, 32.680516943712966 ], [ 14.255786920073572, 32.663031970301354 ], [ 14.345266086111961, 32.612238724593006 ], [ 14.386204122816268, 32.583727192339083 ], [ 14.466585947564436, 32.522092324039583 ], [ 14.49999999997784, 32.51784330085539 ], [ 14.536925538090779, 32.513147511711978 ], [ 14.602300049311951, 32.499999999859085 ], [ 14.615747190413053, 32.497310533634234 ], [ 14.673517506771601, 32.446223184522403 ], [ 14.72568438840767, 32.431621424923847 ], [ 14.796661232118469, 32.433763414101833 ], [ 14.881020396296099, 32.438065863405185 ], [ 14.987397764855851, 32.419476306618286 ], [ 15.000000000008052, 32.417059828662808 ], [ 15.057001291109749, 32.406118496167416 ], [ 15.158578403252658, 32.403845419763719 ], [ 15.244349265407706, 32.387391845603524 ], [ 15.307640127140841, 32.320726725218101 ], [ 15.328254112020282, 32.247834303781055 ], [ 15.362522941070935, 32.185380073690567 ], [ 15.338835518668896, 32.101816101281777 ], [ 15.340688322688484, 32.000000000137092 ], [ 15.340745440269192, 31.996876696070405 ], [ 15.363115675546538, 31.906108849607676 ], [ 15.391127863509121, 31.831046301996476 ], [ 15.444956927559799, 31.725328653658501 ], [ 15.500000000038265, 31.647796243867642 ], [ 15.518785289883718, 31.62132075410927 ], [ 15.562164666357578, 31.576771394708587 ], [ 15.612854432900612, 31.541423204101367 ], [ 15.647189121936313, 31.505724650213821 ], [ 15.65572982216073, 31.500000000028312 ], [ 15.731730609082325, 31.449317205123918 ], [ 15.809334908549008, 31.395049358529761 ], [ 15.890846863331937, 31.358107492129335 ], [ 15.987945538711912, 31.321300161355442 ], [ 16.000000000068475, 31.317987681212102 ], [ 16.090971557949622, 31.292985549415938 ], [ 16.175688669326938, 31.244076923380806 ], [ 16.270438359833406, 31.230226338055981 ], [ 16.377964769761284, 31.21947298748502 ], [ 16.500000000098691, 31.228652088173764 ], [ 16.51174711725384, 31.229535621147551 ], [ 16.708337358046801, 31.223262937547119 ], [ 16.794152126259675, 31.21491737603462 ], [ 16.896848848267055, 31.173495959124143 ], [ 17.0000000001289, 31.144817788513109 ], [ 17.000533461067114, 31.144669452685484 ], [ 17.134535339747117, 31.109871563448905 ], [ 17.239032218210227, 31.076781066614149 ], [ 17.356525347282197, 31.043473178049258 ], [ 17.493578710455882, 31.002556258862963 ], [ 17.500000000159112, 31.000704782523119 ], [ 17.502444290894374, 30.999999999760242 ], [ 17.631949261652569, 30.962848555945957 ], [ 17.790055672978909, 30.926621433804087 ], [ 17.882236848322734, 30.873550231262715 ], [ 18.000000000189324, 30.829495137903326 ], [ 18.015053258051527, 30.823862254647256 ], [ 18.142600918383241, 30.767971882426373 ], [ 18.222268811550933, 30.721607997409883 ], [ 18.296294751135068, 30.685830447599027 ], [ 18.470163507289762, 30.58400785509949 ], [ 18.500000000219536, 30.568862035617872 ], [ 18.515211321147557, 30.561139433630217 ], [ 18.547350696512147, 30.542025260171688 ], [ 18.577536244218614, 30.521859616665832 ], [ 18.613414840783673, 30.499999999909818 ], [ 18.617624095575092, 30.497448399837651 ], [ 18.62750155901087, 30.491460533848091 ], [ 18.689365466678119, 30.457887343994717 ], [ 18.786683673245541, 30.409993214120274 ], [ 18.84935984657584, 30.379579018031464 ], [ 18.902793755207764, 30.352418069272616 ], [ 18.957654616108947, 30.322787733923946 ], [ 19.000000000249752, 30.316809443172001 ], [ 19.100064542591987, 30.302680941033255 ], [ 19.225636421338351, 30.312958680625229 ], [ 19.38005470763758, 30.358384064268073 ], [ 19.442138146492276, 30.402483735060638 ], [ 19.494167054087228, 30.446563300205113 ], [ 19.500000000279961, 30.446674399678983 ], [ 19.515681117643691, 30.446973074760063 ], [ 19.527667524430964, 30.436988976846802 ], [ 19.564395103499688, 30.438441950724943 ], [ 19.664829901757635, 30.499999999909818 ], [ 19.675412060296139, 30.506517427759622 ], [ 19.735122147475241, 30.547271188834607 ], [ 19.797954407577738, 30.596159746563231 ], [ 19.808487078825554, 30.604685903640839 ], [ 19.908422535956412, 30.68883732295064 ], [ 19.956803273791454, 30.734312525107853 ], [ 19.963976237791833, 30.741983818406471 ], [ 19.988678114169495, 30.767669022838074 ], [ 20.000000000310173, 30.779936275154622 ], [ 20.013580421755034, 30.794734891990977 ], [ 20.067384856695568, 30.841223371844194 ], [ 20.116403929286673, 30.925578185097137 ], [ 20.137089566488122, 30.999999999760242 ], [ 20.14069521539237, 31.013035075240545 ], [ 20.166339654471788, 31.11392761970545 ], [ 20.153288271558996, 31.194769208420382 ], [ 20.122034793168037, 31.281940894179858 ], [ 20.057039780628536, 31.3786304911157 ], [ 20.034341724052869, 31.420985632709893 ], [ 20.029300136133262, 31.476969864006115 ], [ 20.000000000310173, 31.486013590877015 ], [ 19.979660429190464, 31.492254426211012 ], [ 19.977617700658563, 31.500000000028312 ], [ 19.932153865314593, 31.67315260984989 ], [ 19.906490661327201, 31.746160909028465 ], [ 19.925743552125812, 31.781430550164863 ], [ 19.919003942605023, 31.824444855583657 ], [ 19.939288631152454, 31.904301513042832 ], [ 19.95325081862676, 31.959120524823025 ], [ 19.953785123083023, 32.000000000137092 ], [ 19.954150897303784, 32.028129074378278 ], [ 20.000000000310173, 32.048784725394491 ], [ 20.038924985226309, 32.066420145020118 ], [ 20.073168496158988, 32.123742306162271 ], [ 20.183777872937991, 32.270284829878506 ], [ 20.251457367753428, 32.325258392371843 ], [ 20.324985977538397, 32.38493193439507 ], [ 20.425774080502645, 32.445087163997925 ], [ 20.500000000340389, 32.489354374046769 ], [ 20.511721145404039, 32.496342678343808 ], [ 20.519796729415376, 32.499999999859085 ], [ 20.616066732301942, 32.54383307907986 ], [ 20.736104533452281, 32.576396846103187 ], [ 20.878382065330442, 32.625528510655585 ], [ 20.98661251099762, 32.68294513863983 ], [ 21.000000000370598, 32.688762082717574 ], [ 21.099578994318616, 32.732017745273112 ], [ 21.209337194908034, 32.753800381305531 ], [ 21.302944854498854, 32.766956952731782 ], [ 21.416369663667702, 32.790018203827671 ], [ 21.477261566349757, 32.816654272133434 ], [ 21.500000000400814, 32.833445017942999 ], [ 21.548956871845011, 32.869585372746585 ], [ 21.614410210232364, 32.923546352734974 ], [ 21.689139198307313, 32.929823496064529 ], [ 21.761401954296186, 32.894613530534727 ], [ 21.87351726052928, 32.873890798259652 ], [ 21.952371183031506, 32.879947858364559 ], [ 22.000000000431022, 32.885055517722357 ], [ 22.030919555267939, 32.888371136179408 ], [ 22.079567602087131, 32.914493063921967 ], [ 22.117586847143325, 32.923229689832048 ], [ 22.15975285299325, 32.916877559423135 ], [ 22.166344019506603, 32.880488313724406 ], [ 22.198797876187541, 32.856145867786189 ], [ 22.263836538765013, 32.855978094208915 ], [ 22.338303625713824, 32.852920826662519 ], [ 22.419536479327867, 32.850963374231426 ], [ 22.454762117462366, 32.838565161491054 ], [ 22.49999999956292, 32.799655931780599 ], [ 22.504632368039683, 32.795670648177001 ], [ 22.573468590208808, 32.793805194810851 ], [ 22.635124369902826, 32.777723352732053 ], [ 22.700861434884462, 32.744094987048264 ], [ 22.787659677772073, 32.706962002804318 ], [ 22.905973299278468, 32.667347493582767 ], [ 22.989257708270401, 32.639563801286478 ], [ 22.999999999593133, 32.638196875859983 ], [ 23.045064372994876, 32.632462334615802 ], [ 23.136664127245783, 32.615528646056418 ], [ 23.157026903645917, 32.581932061649098 ], [ 23.149802810234515, 32.542411298626263 ], [ 23.150981363954671, 32.507027843444206 ], [ 23.153736912851041, 32.499999999859085 ], [ 23.164469247247165, 32.472775874564825 ], [ 23.170665598803257, 32.460280336296783 ], [ 23.175698019415389, 32.45113546931109 ], [ 23.180374911092578, 32.434594119146411 ], [ 23.178764658487914, 32.425400051824518 ], [ 23.157092379152029, 32.410701735616023 ], [ 23.122150466713499, 32.444025623544846 ], [ 23.101111113377353, 32.408820027042665 ], [ 23.124289321269007, 32.35007592953648 ], [ 23.168441406990702, 32.309088803135346 ], [ 23.221148914527692, 32.304108654164644 ], [ 23.276584553480266, 32.271945536045699 ], [ 23.319841812076085, 32.218190281977407 ], [ 23.341186715678031, 32.184222067760494 ], [ 23.387608606967458, 32.160834638707954 ], [ 23.39579300211253, 32.197668960689555 ], [ 23.408586194839618, 32.185180785854811 ], [ 23.416831263995608, 32.179276468094834 ], [ 23.424594218118393, 32.175677579183798 ], [ 23.440634977802752, 32.172176057377939 ], [ 23.454319724194821, 32.169681478497345 ], [ 23.472535569286723, 32.166825536219804 ], [ 23.499999999623348, 32.155965382489526 ], [ 23.507340856953689, 32.153062393677452 ], [ 23.520429778665573, 32.148543908914455 ], [ 23.540908009240965, 32.146801887352801 ], [ 23.563896121042088, 32.145947214092388 ], [ 23.597963940369816, 32.146571122716438 ], [ 23.600886315397606, 32.146649601651639 ], [ 23.632302608942233, 32.147195027029944 ], [ 23.653678721813776, 32.146536181092131 ], [ 23.673283077568989, 32.145116076434284 ], [ 23.687375733660215, 32.141477518566461 ], [ 23.799207314197339, 32.131834778589486 ], [ 23.888166237108603, 32.101217869599537 ], [ 23.98808133751681, 32.087289166105833 ], [ 23.955038204874107, 32.060547528762648 ], [ 23.999999999653557, 32.053884239108811 ], [ 24.060169493353801, 32.044966418037795 ], [ 24.174554605154629, 32.013983290222015 ], [ 24.414922137464764, 32.000000000137092 ], [ 24.420326546842784, 31.999687302219872 ], [ 24.452191126663649, 31.971335282170372 ], [ 24.499999999683769, 31.974241527965109 ], [ 24.516204012001342, 31.975226530186983 ], [ 24.597130602087258, 32.000000000137092 ], [ 24.610095397288131, 32.003990098799143 ], [ 24.726270163340697, 32.032712883613485 ], [ 24.792640155220383, 32.024125068170868 ], [ 24.835068091840849, 32.000000000137092 ], [ 24.859184747251945, 31.986359417969478 ], [ 24.932931607226767, 31.967779021142391 ], [ 24.999999999713978, 31.961863068665838 ], [ 25.049455682279255, 31.957500456620476 ], [ 25.051987393464707, 31.848256306573205 ], [ 25.12872445396621, 31.725683364385389 ], [ 25.171763555796968, 31.631599756635559 ], [ 25.191493448418189, 31.571441977643918 ], [ 25.178922188973615, 31.557415727208465 ], [ 25.186299074136741, 31.530554191469221 ], [ 25.19895763275894, 31.520020693476923 ], [ 25.232022663633323, 31.512517416808596 ], [ 25.39800256677816, 31.502412293350645 ], [ 25.424976097456412, 31.505848549873637 ], [ 25.49999999974419, 31.51540544848935 ], [ 25.605275563946719, 31.528814282551238 ], [ 25.798645970571872, 31.574508767370954 ], [ 25.952360166334561, 31.5902525093849 ], [ 25.99999999977441, 31.585378896829109 ], [ 26.159065711212875, 31.569104417672925 ], [ 26.443675378165416, 31.500000000028312 ], [ 26.464486193805079, 31.494972245372814 ], [ 26.499999999804619, 31.490870870304445 ], [ 26.651789221796111, 31.473339176942275 ], [ 26.974560660507823, 31.445052189423912 ], [ 26.999999999834831, 31.420923139703703 ], [ 27.021026303344847, 31.400975093346386 ], [ 27.180807877741657, 31.370858007564653 ], [ 27.346875081860748, 31.372498298383846 ], [ 27.382253572832408, 31.290429723188701 ], [ 27.441181349569931, 31.211089743954943 ], [ 27.49999999986504, 31.165133176699875 ], [ 27.520253694738539, 31.149303214853493 ], [ 27.618423005630326, 31.125571454670268 ], [ 27.727941368615294, 31.124637011230423 ], [ 27.781543820059142, 31.152161833386351 ], [ 27.83152330487669, 31.186421106961159 ], [ 27.865788715837688, 31.177194376796297 ], [ 27.861969322693049, 31.139792544267706 ], [ 27.887351916341878, 31.098207089901095 ], [ 27.971967838790647, 31.081100316935128 ], [ 27.999999999895255, 31.080983224239212 ], [ 28.065968554437401, 31.080707666004681 ], [ 28.166320375312555, 31.087363813114578 ], [ 28.368180747111509, 31.067674464788464 ], [ 28.499999999925468, 31.060468808631207 ], [ 28.514605358685323, 31.059670399883519 ], [ 28.63671680658301, 31.025290072257601 ], [ 28.678378267365407, 30.999999999760242 ], [ 28.719848621452567, 30.974952214075707 ], [ 28.76869319989299, 30.929881511163206 ], [ 28.816926676005195, 30.905996515297993 ], [ 28.877993312688112, 30.882906932345513 ], [ 28.959444594358434, 30.862309786054862 ], [ 28.99999999995568, 30.862457822229437 ], [ 29.051371925565903, 30.862645340740471 ], [ 29.175011131080769, 30.852895122458026 ], [ 29.24875815185403, 30.86590761859809 ], [ 29.33221734335584, 30.882832380917137 ], [ 29.424472051195565, 30.919933266428661 ], [ 29.499999999985889, 30.953776709122582 ], [ 29.525238548778912, 30.965083193860263 ], [ 29.575567234798541, 30.998317199254249 ], [ 29.577872633414469, 30.999999999760242 ], [ 29.652915396729949, 31.055050921601019 ], [ 29.678167040264864, 31.052245460058984 ], [ 29.730612761660066, 31.072461618114435 ], [ 29.771120151407061, 31.102880530234636 ], [ 29.901961640136541, 31.189670791860536 ], [ 30.000000000016104, 31.256559545754016 ], [ 30.012811307270901, 31.265296819216832 ], [ 30.056090390436552, 31.306901445691793 ], [ 30.093302109341131, 31.269476776590651 ], [ 30.157031268982852, 31.248780428976506 ], [ 30.227242469593843, 31.249284362414393 ], [ 30.29505291452319, 31.277406983956745 ], [ 30.36869064985224, 31.306379170734598 ], [ 30.41471968990162, 31.35562802260527 ], [ 30.428753200016224, 31.416104501346993 ], [ 30.425523091816505, 31.47315298383095 ], [ 30.434755439114141, 31.500000000028312 ], [ 30.43512611633972, 31.501083575222207 ], [ 30.436911092165467, 31.500000000028312 ], [ 30.494162889263922, 31.465425649134559 ], [ 30.50000000004632, 31.464439988989451 ], [ 30.55073343100036, 31.45587265531357 ], [ 30.614397116034286, 31.453321299071963 ], [ 30.669789104050572, 31.472985410018978 ], [ 30.721426960629305, 31.500000000028312 ], [ 30.737970575650142, 31.508700055683228 ], [ 30.819618105074063, 31.529151041447079 ], [ 30.87647237250647, 31.540787187350897 ], [ 30.954082267579057, 31.560314660867736 ], [ 31.000000000076529, 31.571392471560095 ], [ 31.013228166047341, 31.574583565791595 ], [ 31.137914702978925, 31.575013655918816 ], [ 31.22133006208476, 31.559024179098159 ], [ 31.303697819380986, 31.544004641237738 ], [ 31.379016082519382, 31.521929160625426 ], [ 31.42272595816943, 31.500000000028312 ], [ 31.450143936622709, 31.486315900424334 ], [ 31.500000000106738, 31.464257218317105 ], [ 31.511625115266519, 31.459112961776214 ], [ 31.601129664999895, 31.440172323931769 ], [ 31.680660164438134, 31.42679794169111 ], [ 31.741311991462197, 31.437359765389772 ], [ 31.809384336619367, 31.467939431029777 ], [ 31.842430514550873, 31.500000000028312 ], [ 31.851812243595425, 31.509149164892079 ], [ 31.875405127296968, 31.526400805992637 ], [ 31.912311295037433, 31.534857051665725 ], [ 31.951901944155516, 31.522078842537621 ], [ 31.971784569239656, 31.511694078223815 ], [ 31.97220529340634, 31.500000000028312 ], [ 31.972308370593613, 31.497150165934755 ], [ 32.00000000013695, 31.454106033694444 ], [ 32.011440693863847, 31.436316675860894 ], [ 32.005460628780398, 31.404385014993977 ], [ 32.00000000013695, 31.41849733197564 ], [ 31.989484688832004, 31.445666810857286 ], [ 31.95711648112351, 31.500000000028312 ], [ 31.949741264131866, 31.512442568149034 ], [ 31.925275377874282, 31.520825247889015 ], [ 31.900372990338681, 31.522116262977917 ], [ 31.879639188166646, 31.515829412084784 ], [ 31.860677441351612, 31.500000000028312 ], [ 31.856460980274985, 31.496498656638856 ], [ 31.878045959534926, 31.487898303618369 ], [ 31.879115386812675, 31.477211904394228 ], [ 31.869272287529782, 31.44223977876554 ], [ 31.917833034273034, 31.429871612546268 ], [ 31.912398595113373, 31.398496766024177 ], [ 31.878635235496688, 31.377213972182513 ], [ 31.906353055422134, 31.355814451401002 ], [ 31.91960086305663, 31.334279481682199 ], [ 31.881035992076647, 31.320516868753757 ], [ 31.845461152740079, 31.270484416837917 ], [ 31.861633518308498, 31.216523067395613 ], [ 31.908339135293897, 31.190492533190636 ], [ 31.968554461039936, 31.172113684953352 ], [ 32.00000000013695, 31.16507267738691 ], [ 32.022615121550643, 31.160008572788055 ], [ 32.00000000013695, 31.133793545452548 ], [ 31.995181028219481, 31.128206536692876 ], [ 32.00000000013695, 31.096764649708771 ], [ 32.000615466480816, 31.092748216834526 ], [ 32.03658315705745, 31.057856299612556 ], [ 32.107558234680397, 31.028002795150442 ], [ 32.131980470900011, 31.03829172461155 ], [ 32.154394801779709, 31.054115776776889 ], [ 32.153652750235899, 31.077173733923715 ], [ 32.113320049573993, 31.080277617978489 ], [ 32.105375729188601, 31.098169700780371 ], [ 32.145664779812535, 31.116749934028046 ], [ 32.170087016930459, 31.095664640676798 ], [ 32.190646218052301, 31.086279416935611 ], [ 32.194050926403904, 31.061970702819902 ], [ 32.177529360531707, 31.029761345616667 ], [ 32.226679383236721, 31.03355895640664 ], [ 32.284624903415029, 31.058492174074033 ], [ 32.287811361576779, 31.081698639565094 ], [ 32.281438446151597, 31.107049043393214 ], [ 32.293049375116404, 31.11689945778004 ], [ 32.29667233365786, 31.16587451644715 ], [ 32.297261610517936, 31.186421106961159 ], [ 32.264087526863008, 31.199008339495361 ], [ 32.20819356206259, 31.23412785538066 ], [ 32.136192706301543, 31.27227575035862 ], [ 32.042083070824908, 31.342838130589222 ], [ 32.021720294424775, 31.390707306284526 ], [ 32.091385869111974, 31.330232962500588 ], [ 32.143329499636998, 31.280168404304817 ], [ 32.267623186226835, 31.213927807722655 ], [ 32.313215724998201, 31.216709774139733 ], [ 32.334407853916403, 31.212452772325104 ], [ 32.36234392313338, 31.204012881348671 ], [ 32.390869270108759, 31.178763359228018 ], [ 32.436811010082195, 31.167630492033037 ], [ 32.477165536212233, 31.14444523248644 ], [ 32.500000000167162, 31.125341612420961 ], [ 32.540087169702346, 31.091794751295673 ], [ 32.582995227096092, 31.06370991902374 ], [ 32.622389450594142, 31.056397513254954 ], [ 32.65290087744129, 31.057893703974983 ], [ 32.689545144055614, 31.06288706810647 ], [ 32.740790372176477, 31.079230536039042 ], [ 32.80600363580416, 31.098076230232746 ], [ 32.901771976316937, 31.128692430321451 ], [ 32.957753241193302, 31.152292617752444 ], [ 33.000000000197382, 31.181198707493248 ], [ 33.000945025181331, 31.181845210833028 ], [ 33.049374820912348, 31.199661932914175 ], [ 33.097520891845726, 31.224719134040413 ], [ 33.122095903647391, 31.231906437041808 ], [ 33.169063421758928, 31.232653138276465 ], [ 33.254093834964621, 31.22290821955572 ], [ 33.321664204235972, 31.209203878326406 ], [ 33.39700429284251, 31.190641940282116 ], [ 33.452199856137085, 31.165127282807845 ], [ 33.495195214505088, 31.131514301243246 ], [ 33.500000000227594, 31.129981842630691 ], [ 33.523436834886176, 31.122506443770831 ], [ 33.631470855831651, 31.107665892145462 ], [ 33.733502987123856, 31.106880810369795 ], [ 33.81582709348379, 31.124468810455266 ], [ 33.924013889113006, 31.158383230423922 ], [ 34.000000000257799, 31.193878567990271 ], [ 34.012143460404509, 31.199549888210623 ], [ 34.047565524159026, 31.211929969352973 ], [ 34.083598689343454, 31.22453244327026 ], [ 34.190890658745111, 31.279720611790069 ], [ 34.271665186511306, 31.324302722809044 ], [ 34.352810740049406, 31.401999946675826 ], [ 34.424034825279229, 31.500000000028312 ], [ 34.431315461349556, 31.510066090581823 ], [ 34.500000000288011, 31.598950524101578 ], [ 34.510474935015893, 31.612498586593279 ], [ 34.594959722297801, 31.724152497877355 ], [ 34.680142910187243, 31.891854138408178 ], [ 34.724247570251819, 32.000000000137092 ], [ 34.726717577058722, 32.006086139819168 ], [ 34.791428864800572, 32.159078468923127 ], [ 34.823249794583468, 32.304556319188222 ], [ 34.854481447506281, 32.427896104234442 ], [ 34.867797487576496, 32.499999999859085 ], [ 34.875171599640353, 32.540128919279205 ], [ 34.883166553566724, 32.590757397243216 ], [ 34.889037493106088, 32.642541015792077 ], [ 34.890732863778865, 32.699679195479824 ], [ 34.890383662576788, 32.704403751585915 ], [ 34.890732863778865, 32.704870591178619 ], [ 34.894137572130475, 32.709464162363773 ], [ 34.89848075764592, 32.728078751424754 ], [ 34.914740423290283, 32.745756178052879 ], [ 34.921397065309748, 32.780018273199993 ], [ 34.926460477799182, 32.798077024114114 ], [ 34.931633015832702, 32.813427782608478 ], [ 34.936041676854266, 32.86481374486268 ], [ 34.951930316726724, 32.865950757538847 ], [ 34.96736063075133, 32.863844476349769 ], [ 34.986828579127277, 32.834836033805487 ], [ 35.000000000318224, 32.828697883852357 ], [ 35.006754869520748, 32.825549818689424 ], [ 35.026288335623626, 32.82782484589287 ], [ 35.056974429996295, 32.84529583683873 ], [ 35.083732004781936, 32.866304906134282 ], [ 35.097486306828138, 32.903871927785907 ], [ 35.098223873083739, 32.905885983840314 ], [ 35.094688206533391, 32.936342308652101 ], [ 35.091829117817369, 32.945896148537528 ], [ 35.081680445810797, 32.946827266872511 ], [ 35.074521811735828, 32.948410144338531 ], [ 35.074914663874196, 32.965726816827988 ], [ 35.080922237168274, 33.000000000021366 ], [ 35.082422499151235, 33.008605982033629 ], [ 35.105688058322805, 33.053568648323555 ], [ 35.118673994475579, 33.083530890300459 ], [ 35.119263272233965, 33.096862833677903 ], [ 35.124413995579125, 33.106192109824462 ], [ 35.135981300557113, 33.112099511208946 ], [ 35.153463207688844, 33.116660648315026 ], [ 35.177579945744952, 33.129053021825378 ], [ 35.188667097610313, 33.141723940509316 ], [ 35.195258278496709, 33.152711383674315 ], [ 35.206149004742045, 33.162744620367732 ], [ 35.219178590034467, 33.163977675816518 ], [ 35.235416467041617, 33.183218543320692 ], [ 35.248467877802184, 33.229472567139794 ], [ 35.250781338797786, 33.25241302274199 ], [ 35.248227801245875, 33.266465482298329 ], [ 35.247354797791516, 33.275851179590809 ], [ 35.23770810256908, 33.280179826198747 ], [ 35.235896619255932, 33.283388854888521 ], [ 35.247223846779292, 33.289769245548932 ], [ 35.255844762066999, 33.298667424156669 ], [ 35.264160126190603, 33.321570888392934 ], [ 35.278455568872381, 33.369670757321927 ], [ 35.288189564170764, 33.407609699627024 ], [ 35.301350100475418, 33.438473996032286 ], [ 35.313681283363678, 33.458044824083188 ], [ 35.328260451741421, 33.467800641227576 ], [ 35.350980383192571, 33.477052748600528 ], [ 35.369968633901742, 33.500000000094566 ], [ 35.372172557924848, 33.50267861059195 ], [ 35.392120701634241, 33.540555795617692 ], [ 35.399148384696979, 33.574544913092026 ], [ 35.405957816671538, 33.589655164116166 ], [ 35.416935842992814, 33.594666390761915 ], [ 35.420406034037057, 33.622465878115442 ], [ 35.428895999210859, 33.623979914136882 ], [ 35.43225706471101, 33.646033200601771 ], [ 35.441554558731369, 33.669743466831967 ], [ 35.444544597561304, 33.680540756593935 ], [ 35.447883838491627, 33.702896880502614 ], [ 35.446094179748307, 33.719440740718959 ], [ 35.450459199715056, 33.724612370580978 ], [ 35.458534488180653, 33.727244740460335 ], [ 35.46145905150447, 33.734525338542888 ], [ 35.459713043697441, 33.752481481330648 ], [ 35.460695173594196, 33.770191256415416 ], [ 35.466282399115691, 33.776386005584534 ], [ 35.477675103043481, 33.779800388243871 ], [ 35.478395330915781, 33.788662216179375 ], [ 35.478133429789651, 33.806308488015652 ], [ 35.484484535018048, 33.816174622902246 ], [ 35.496248264717742, 33.858032300857666 ], [ 35.491359441600409, 33.898062055809909 ], [ 35.476518372096528, 33.92444001955382 ], [ 35.481669096339999, 33.93753279710738 ], [ 35.500000000348443, 33.936313583081777 ], [ 35.535708049960185, 33.933938538291841 ], [ 35.550941971602427, 33.946806395242291 ], [ 35.556332771503904, 33.977450429678136 ], [ 35.567048896699042, 33.993270750804399 ], [ 35.583679624946249, 33.996471677748346 ], [ 35.586431244611568, 34.000000000147317 ], [ 35.592169590120044, 34.007401476995199 ], [ 35.582762970555599, 34.025668396081493 ], [ 35.580034832851808, 34.044810713967102 ], [ 35.589834303656311, 34.063929965872383 ], [ 35.605919404183091, 34.075956775429283 ], [ 35.625889373360614, 34.099257320945043 ], [ 35.62169895354576, 34.139728026656584 ], [ 35.625998498006389, 34.188042929392921 ], [ 35.649220407139985, 34.241369873326725 ], [ 35.675759731735766, 34.255162859736679 ], [ 35.686475856930912, 34.250067746209922 ], [ 35.699767344247782, 34.247958688521372 ], [ 35.709588640520423, 34.25042236138961 ], [ 35.722334500116887, 34.268356449638596 ], [ 35.722945603343412, 34.293972545682323 ], [ 35.721112294562126, 34.311748059194336 ], [ 35.717292901417494, 34.330731768127777 ], [ 35.735364086307619, 34.344398100871331 ], [ 35.744225078151644, 34.341974495064434 ], [ 35.763583944102635, 34.344360815461613 ], [ 35.786369350161586, 34.352731037251175 ], [ 35.832223890670392, 34.387340124289636 ], [ 35.850404201104602, 34.409063602471754 ], [ 35.839906326997628, 34.436722055980155 ], [ 35.830085030724987, 34.454615971943866 ], [ 35.833380620719034, 34.463068151741687 ], [ 35.856275153220381, 34.468038524220262 ], [ 35.917407265409409, 34.487507592058911 ], [ 35.940628764012921, 34.500000000164391 ], [ 35.968914506945829, 34.515306609046242 ], [ 35.994340750632617, 34.546446432192482 ], [ 35.99436257610077, 34.617103660110665 ], [ 35.969591084780163, 34.68641143935821 ], [ 35.953527809721521, 34.724264010983241 ], [ 35.926595632987365, 34.758870642763902 ], [ 35.897306346117965, 34.810976957971704 ], [ 35.884735086673395, 34.872368610494931 ], [ 35.886197368784458, 34.964583486645942 ], [ 35.911710913445511, 34.995217905312913 ], [ 35.911961131083068, 34.999999999650299 ], [ 35.913544222226804, 35.028355671994824 ], [ 35.910510532460592, 35.054766695411729 ], [ 35.910728783548755, 35.090159638902911 ], [ 35.916512435588587, 35.113241221271785 ], [ 35.929105519602992, 35.136281382970481 ], [ 35.945954498938363, 35.154788856450097 ], [ 35.967801426935161, 35.166625840851893 ], [ 35.964353060460745, 35.189441944368241 ], [ 35.960293591658107, 35.207397901165898 ], [ 35.943182711196606, 35.231054672830481 ], [ 35.94412119015707, 35.360764667805178 ], [ 35.937813735864957, 35.393332952086261 ], [ 35.92670475853145, 35.416726705906136 ], [ 35.934168943770523, 35.423944760604265 ], [ 35.876812574688159, 35.467378108669102 ], [ 35.860007246289065, 35.473360482565461 ], [ 35.82218434330958, 35.497493498256752 ], [ 35.810725385036328, 35.500000000299181 ], [ 35.808871031422882, 35.50040816457954 ], [ 35.803596512146733, 35.500000000299181 ], [ 35.795121216461524, 35.499348248041549 ], [ 35.795068682085393, 35.500000000299181 ], [ 35.794488288665157, 35.507245478930635 ], [ 35.804004032875369, 35.516715584119062 ], [ 35.781633303524615, 35.536140596531055 ], [ 35.787286004552229, 35.547350541041951 ], [ 35.808587304828592, 35.560511054165204 ], [ 35.827182291970999, 35.582225491529236 ], [ 35.827051340958775, 35.597331472322793 ], [ 35.817862973380812, 35.609229544814021 ], [ 35.8220097431577, 35.617433471451932 ], [ 35.851997433329579, 35.633473091849687 ], [ 35.866183749568961, 35.650623707548014 ], [ 35.883687482168831, 35.683399775910146 ], [ 35.894796459502345, 35.714753219150985 ], [ 35.863499261903137, 35.802188217502007 ], [ 35.856275153220381, 35.839434663706058 ], [ 35.879104210215608, 35.835874082685322 ], [ 35.903002697183538, 35.844870753268658 ], [ 35.910204981296474, 35.863208268825439 ], [ 35.917647341067408, 35.891990922624259 ], [ 35.920331828733225, 35.91899327268596 ], [ 35.933928867214206, 35.949472540815449 ], [ 35.948512776001706, 35.968322392327096 ], [ 35.952109177648424, 35.972970082159549 ], [ 35.985332184452034, 35.999999999757982 ], [ 35.98626546306533, 36.000764042414218 ], [ 35.975374736819994, 36.031598619733593 ], [ 35.957499978448205, 36.06170638969175 ], [ 35.920069927607088, 36.107064012925342 ], [ 35.891937370786323, 36.14113019924519 ], [ 35.817230045584452, 36.23431789370192 ], [ 35.783924939052071, 36.281591096433679 ], [ 35.782157105776896, 36.297579908230936 ], [ 35.825043432025595, 36.341931546777637 ], [ 35.867580556173912, 36.380963534402795 ], [ 35.898986878418881, 36.39413757929961 ], [ 35.934474494934626, 36.423567096495447 ], [ 35.942047805717785, 36.435571664278633 ], [ 35.958656708496846, 36.452655860918362 ], [ 36.000000000378648, 36.474723442833977 ], [ 36.00235056359211, 36.475977899752927 ], [ 36.013001213281143, 36.494734433183893 ], [ 36.022457851040599, 36.499999999919694 ], [ 36.060689062571235, 36.521422974303483 ], [ 36.135592813393139, 36.552128917560857 ], [ 36.152572742842423, 36.565324682564388 ], [ 36.182953285152664, 36.573237565072404 ], [ 36.202530402191833, 36.568950069222396 ], [ 36.212962801690999, 36.568793205542924 ], [ 36.216891319481405, 36.598800692847227 ], [ 36.22848044902922, 36.602459337649734 ], [ 36.226625315678106, 36.630311563473555 ], [ 36.226166988033619, 36.637016180995033 ], [ 36.228196722434937, 36.663759134388755 ], [ 36.225032082554804, 36.679511501605994 ], [ 36.229702654583967, 36.691884836271285 ], [ 36.219379381527204, 36.70557843655169 ], [ 36.218986529388836, 36.725583720222147 ], [ 36.235093455383762, 36.740088612420898 ], [ 36.208837857382257, 36.802494176416531 ], [ 36.18352073834123, 36.835987768700434 ], [ 36.15191798957791, 36.871723431428819 ], [ 36.123196154998766, 36.893489960216414 ], [ 36.09288108819463, 36.90485675154207 ], [ 36.019134067421369, 36.937715390098532 ], [ 36.002699764794194, 36.938808119847394 ], [ 36.000000000378648, 36.937177114122846 ], [ 35.957107126309836, 36.91125958100902 ], [ 35.882814477816162, 36.848752439587692 ], [ 35.85939614306254, 36.821813861640038 ], [ 35.84285271578959, 36.792884624036013 ], [ 35.775304023764363, 36.752869409443527 ], [ 35.748895650180806, 36.737584368155183 ], [ 35.713669934791199, 36.7308711954093 ], [ 35.661944442166615, 36.728053573086285 ], [ 35.640075689599989, 36.729497182869849 ], [ 35.620694998180852, 36.720435036106423 ], [ 35.60500274979244, 36.699053838962428 ], [ 35.588546622595437, 36.691589013344192 ], [ 35.58586213492962, 36.679198226037101 ], [ 35.599655599928944, 36.669242371282422 ], [ 35.614649445014884, 36.674516351755848 ], [ 35.625540171260219, 36.671104841358236 ], [ 35.63608169540516, 36.664472847461766 ], [ 35.653847329131175, 36.668354635535174 ], [ 35.679557299412259, 36.677179311466666 ], [ 35.685799279096578, 36.675717305510929 ], [ 35.659216304462824, 36.665586923559935 ], [ 35.638395156400762, 36.656412719526458 ], [ 35.628530210090155, 36.649413818989842 ], [ 35.628137358850097, 36.641003842659487 ], [ 35.63686739968189, 36.635901687902347 ], [ 35.659936532335124, 36.654132053610269 ], [ 35.682089011496025, 36.665778404135679 ], [ 35.691386505516384, 36.665882847357302 ], [ 35.656968318973334, 36.645496243609635 ], [ 35.631236523224111, 36.624390113839048 ], [ 35.626522301156974, 36.604637018891125 ], [ 35.613514539536069, 36.587457782186036 ], [ 35.566983422091241, 36.563843105199609 ], [ 35.530906527817109, 36.550873719888635 ], [ 35.500000000348443, 36.560618166839724 ], [ 35.480315939773021, 36.566823661516139 ], [ 35.451615930662008, 36.568723487765737 ], [ 35.426713489227488, 36.561350503912983 ], [ 35.408009375642685, 36.53971550267093 ], [ 35.365341301380461, 36.52466677221328 ], [ 35.314226911084099, 36.543167749583482 ], [ 35.258878451833219, 36.570745269560284 ], [ 35.097700070831458, 36.639297358179697 ], [ 35.029365675427812, 36.678467245911406 ], [ 35.000000000318224, 36.688585636092057 ], [ 34.975675976908633, 36.69696584926043 ], [ 34.917403080098076, 36.703194848449414 ], [ 34.890732863778865, 36.706622320208155 ], [ 34.884186583385322, 36.729393644598396 ], [ 34.882177441963584, 36.736140911737351 ], [ 34.860199612361896, 36.753895257996994 ], [ 34.819997860915599, 36.772253866497564 ], [ 34.741493139615457, 36.783812647387002 ], [ 34.661395188785278, 36.77962387913535 ], [ 34.589699883290024, 36.764744062183588 ], [ 34.540768110774863, 36.747479131199576 ], [ 34.508248779486124, 36.737027858158555 ], [ 34.500000000288011, 36.732330385062035 ], [ 34.465187946510333, 36.712502598893217 ], [ 34.429111131287932, 36.679146013558316 ], [ 34.41350621711144, 36.657300594201324 ], [ 34.388778429727722, 36.657439867510064 ], [ 34.338187953074723, 36.634961321662118 ], [ 34.278540078720624, 36.596605421962366 ], [ 34.197154449524525, 36.532147912756336 ], [ 34.177590604195373, 36.499999999919694 ], [ 34.172317537495033, 36.491389102073533 ], [ 34.128951153355132, 36.48214968582861 ], [ 34.110050656371115, 36.463476779795833 ], [ 34.069783430317017, 36.448944490272901 ], [ 34.059307404136078, 36.430835981474118 ], [ 34.06249386139951, 36.403804056122389 ], [ 34.062428386791709, 36.369401845723822 ], [ 34.055116993304367, 36.360477676017744 ], [ 34.039730329317727, 36.353549446963889 ], [ 34.026853547455133, 36.347732032861529 ], [ 34.004744766841227, 36.35358417613056 ], [ 34.000000000257799, 36.354388908325653 ], [ 33.985189517491023, 36.356900772960863 ], [ 33.971243307452362, 36.366780261038571 ], [ 33.955638394174187, 36.368151829823127 ], [ 33.948588900914672, 36.352959042925455 ], [ 33.96222956068754, 36.332934722431574 ], [ 33.971090532768621, 36.333056308361421 ], [ 33.998764701757779, 36.350701573770237 ], [ 34.000000000257799, 36.350651255504069 ], [ 34.005159442651106, 36.350441092003678 ], [ 34.000000000257799, 36.34656350493632 ], [ 33.991387833662642, 36.340090583356215 ], [ 33.98470936707335, 36.32475330225278 ], [ 34.000000000257799, 36.336311026872906 ], [ 34.005552293891164, 36.340507409353961 ], [ 34.012514486176421, 36.346967921656677 ], [ 34.013540264314514, 36.339343765027799 ], [ 34.000000000257799, 36.329900410408328 ], [ 33.975237292664048, 36.312627226471484 ], [ 33.97803089958574, 36.293669906326834 ], [ 33.968209624872664, 36.289933497299792 ], [ 33.942346935603396, 36.344206639841353 ], [ 33.929142777108552, 36.357873151664307 ], [ 33.90550624336904, 36.370374066146205 ], [ 33.882982786945256, 36.378151391236976 ], [ 33.853082461528025, 36.36381133884165 ], [ 33.830428054990328, 36.331493048801654 ], [ 33.804303464594923, 36.282286331167334 ], [ 33.737366021323304, 36.262191537102417 ], [ 33.693323061145691, 36.214767324034881 ], [ 33.691206030261696, 36.205512132754507 ], [ 33.697644422091301, 36.196342838343782 ], [ 33.692559184133728, 36.190148166865178 ], [ 33.682999810546796, 36.188495010629659 ], [ 33.676714194299237, 36.191279252944149 ], [ 33.680708179510916, 36.19919639696738 ], [ 33.675513816009257, 36.202049851401867 ], [ 33.656526018949307, 36.215654511618638 ], [ 33.649694776777956, 36.223116924611382 ], [ 33.640899279304669, 36.224195349235018 ], [ 33.621758706662661, 36.218229038597272 ], [ 33.61156640617768, 36.215132637841194 ], [ 33.602661784058625, 36.202189041652794 ], [ 33.583783111644443, 36.178244656741221 ], [ 33.568789298897848, 36.168341078412674 ], [ 33.556720043186878, 36.16680930508484 ], [ 33.550499902445431, 36.167749260562211 ], [ 33.555977991643061, 36.176190943009871 ], [ 33.54275200857839, 36.177635510250134 ], [ 33.522280107532481, 36.184092223032046 ], [ 33.500000000227594, 36.181367216098224 ], [ 33.493252784671292, 36.180541967567741 ], [ 33.4724971570311, 36.175651399298964 ], [ 33.42465663726184, 36.158122882291892 ], [ 33.404206560785767, 36.14335895965862 ], [ 33.399274098410253, 36.13393852970826 ], [ 33.374895512228605, 36.135296813847013 ], [ 33.37253840658493, 36.141826693963331 ], [ 33.361887780252104, 36.142488357803835 ], [ 33.304269635807742, 36.138622767342277 ], [ 33.283361232585499, 36.132824022146366 ], [ 33.253831933838491, 36.126955182979756 ], [ 33.220679675651702, 36.125074274123804 ], [ 33.20572951294308, 36.13097808496849 ], [ 33.184384610239448, 36.128418080495919 ], [ 33.170089198998703, 36.122200575382109 ], [ 33.154506110290356, 36.102290769321456 ], [ 33.130411249804688, 36.085826061146101 ], [ 33.126111713428898, 36.071449265019552 ], [ 33.110266723594407, 36.085721512521843 ], [ 33.067380491668807, 36.087882161660744 ], [ 33.007252465998711, 36.078786118927688 ], [ 33.000000000197382, 36.07814445878175 ], [ 32.951511275882034, 36.073854295499579 ], [ 32.899895021090941, 36.059004661427572 ], [ 32.844306607454634, 36.032017104371462 ], [ 32.764143181118342, 36.042635416182279 ], [ 32.697140263238921, 36.060730292481018 ], [ 32.600389795524329, 36.101872660896312 ], [ 32.549952094453388, 36.113683355187774 ], [ 32.505559933073698, 36.118003043209534 ], [ 32.500000000167162, 36.123424724862865 ], [ 32.480679370107921, 36.142261999812625 ], [ 32.408569389701107, 36.182995838028162 ], [ 32.366119658155213, 36.193784986235251 ], [ 32.327009160353121, 36.214854303529926 ], [ 32.293093025154377, 36.276689516848712 ], [ 32.218298562471631, 36.334602166705331 ], [ 32.105244779074695, 36.480277399196474 ], [ 32.083681250685416, 36.499999999919694 ], [ 32.058168135419074, 36.523480883814138 ], [ 32.025954355294445, 36.537954448009351 ], [ 32.012204570875809, 36.533856788301598 ], [ 32.006748307146331, 36.51987078583614 ], [ 32.00000000013695, 36.52210785858734 ], [ 31.996752432281369, 36.523184408668087 ], [ 31.989659288983884, 36.541511388171422 ], [ 31.968445335495854, 36.552407847987112 ], [ 31.905720128524081, 36.582508888603023 ], [ 31.864885451078052, 36.583293065452629 ], [ 31.830467339993483, 36.597703064917773 ], [ 31.810300989213378, 36.610298701357806 ], [ 31.783827197615892, 36.626758748902965 ], [ 31.760976365458163, 36.631321647755833 ], [ 31.71387789723272, 36.629179557248015 ], [ 31.67681895480851, 36.642483926721262 ], [ 31.660930314936046, 36.65575115960096 ], [ 31.545192049263186, 36.690910356451752 ], [ 31.500000000106738, 36.702963094403422 ], [ 31.428995458640788, 36.721896184505688 ], [ 31.403722044434961, 36.726975196397184 ], [ 31.40452957148489, 36.745722861083955 ], [ 31.391980165356234, 36.757476925240248 ], [ 31.351778414808244, 36.764570215372693 ], [ 31.302060939812982, 36.771610694705231 ], [ 31.185122296748453, 36.778963387868075 ], [ 31.156051323849287, 36.780788414668784 ], [ 31.092125738587541, 36.79062542048662 ], [ 31.018204278460836, 36.812363118995414 ], [ 31.000000000076529, 36.812478376295161 ], [ 30.905696120987685, 36.813075440542782 ], [ 30.82112403362984, 36.798792991382619 ], [ 30.741659009697713, 36.802181406727058 ], [ 30.717433199098124, 36.81333604415812 ], [ 30.697834299709957, 36.831385013413211 ], [ 30.657894449389794, 36.832444539867573 ], [ 30.624262040785332, 36.803832118772242 ], [ 30.585500743287007, 36.769924516027487 ], [ 30.575526692991879, 36.749061478508416 ], [ 30.567276822340695, 36.712172062506689 ], [ 30.55073343100036, 36.67108743559713 ], [ 30.556931746273662, 36.636946525381674 ], [ 30.542789110614972, 36.618172097037387 ], [ 30.543814888753069, 36.589095725719709 ], [ 30.554312739503846, 36.5592761796565 ], [ 30.565356217975044, 36.553244631723771 ], [ 30.564985191304821, 36.546898791487209 ], [ 30.579149652431646, 36.547491557252663 ], [ 30.57471916594195, 36.539366782274151 ], [ 30.573278712892289, 36.529392705861156 ], [ 30.549467578102579, 36.511673314705497 ], [ 30.540004971936373, 36.499999999919694 ], [ 30.531396432738326, 36.489447703399094 ], [ 30.51212490908409, 36.461083823259692 ], [ 30.50470439095098, 36.434513533149023 ], [ 30.510902706224282, 36.430697203169231 ], [ 30.510488030414404, 36.42020131770078 ], [ 30.502129034219138, 36.415603496347671 ], [ 30.50000000004632, 36.415935029817369 ], [ 30.487309821624436, 36.417911116755754 ], [ 30.486000318688681, 36.392159012943786 ], [ 30.50000000004632, 36.38145024771196 ], [ 30.503722262850857, 36.378602729577587 ], [ 30.505751992760594, 36.355355361075098 ], [ 30.508349174960578, 36.349659642155899 ], [ 30.519676378229427, 36.346116970912895 ], [ 30.51526771720787, 36.339656387397454 ], [ 30.504922641140833, 36.333177894099848 ], [ 30.50000000004632, 36.33719854111424 ], [ 30.499946528727346, 36.33724221360103 ], [ 30.488248299686585, 36.32947813451068 ], [ 30.473232661471851, 36.315111663306013 ], [ 30.469369627272403, 36.290576520120659 ], [ 30.47744489687339, 36.289811844243424 ], [ 30.4881391741425, 36.295842154012014 ], [ 30.489164951382289, 36.277610758968379 ], [ 30.479889303491319, 36.272117904638904 ], [ 30.462887585404822, 36.26438205394652 ], [ 30.405334916466568, 36.193663181408759 ], [ 30.394858890285622, 36.189243285408544 ], [ 30.395317216133474, 36.214593364752076 ], [ 30.391017680655999, 36.244386948302058 ], [ 30.393702162033613, 36.262452316392064 ], [ 30.381676557258917, 36.268693364919024 ], [ 30.347651296516091, 36.268762900260498 ], [ 30.304765064590491, 36.29877893546729 ], [ 30.260132827552805, 36.325031241689992 ], [ 30.210197102367694, 36.331684115782373 ], [ 30.124555587732083, 36.332326791364906 ], [ 30.114014086045024, 36.318690501861852 ], [ 30.121150878482169, 36.301785111788305 ], [ 30.120627077128205, 36.292262256842264 ], [ 30.111089528111101, 36.281591096433679 ], [ 30.094044160884945, 36.275716116072999 ], [ 30.072721082751144, 36.27001452499956 ], [ 30.05161625480719, 36.281260858292313 ], [ 30.034461761138637, 36.291202158992434 ], [ 30.019948099708042, 36.286196908510412 ], [ 30.019053272582173, 36.277645523005233 ], [ 30.032781232430981, 36.278010540448669 ], [ 30.036054990668674, 36.273890957529083 ], [ 30.01326963311875, 36.264938365181543 ], [ 30.000000000016104, 36.249081914467276 ], [ 29.985813683776726, 36.232126527328404 ], [ 29.963333827983572, 36.232265662884721 ], [ 29.952072075068013, 36.23877000286172 ], [ 29.930814425727927, 36.238439582055115 ], [ 29.912612289825571, 36.229674210240567 ], [ 29.888386426225384, 36.220229455930799 ], [ 29.873217980089251, 36.217672391199386 ], [ 29.857285656042841, 36.20650381341288 ], [ 29.851502003104692, 36.195194425166605 ], [ 29.84152793214831, 36.185849887289159 ], [ 29.825639257241555, 36.180820424956707 ], [ 29.812500545506733, 36.185275605208432 ], [ 29.808702977830237, 36.188251384184944 ], [ 29.79257422726549, 36.186615590365733 ], [ 29.771294752457255, 36.18332649580011 ], [ 29.790609968370287, 36.178906011336558 ], [ 29.752677939846716, 36.171613402177925 ], [ 29.757654063039986, 36.165242687111018 ], [ 29.778715286760043, 36.166217475567009 ], [ 29.77456851788147, 36.159097760057655 ], [ 29.719569259832674, 36.14873906276727 ], [ 29.708154731335057, 36.148756473325449 ], [ 29.702502029409139, 36.154171022396682 ], [ 29.707369027956645, 36.15977668501781 ], [ 29.724567208494094, 36.163884926761568 ], [ 29.721839070790303, 36.169089547388076 ], [ 29.66913144826896, 36.168706610758264 ], [ 29.659222851920379, 36.169315827269784 ], [ 29.652937222198091, 36.161935279827368 ], [ 29.652544370059729, 36.141530683923804 ], [ 29.644927410136919, 36.137665046591557 ], [ 29.637157672835421, 36.139197394278028 ], [ 29.632312500654372, 36.121521322324078 ], [ 29.626747099702708, 36.139702365937325 ], [ 29.615441696749176, 36.134530604991824 ], [ 29.601539106205756, 36.136550593148009 ], [ 29.595035225395307, 36.149975215092979 ], [ 29.599247470678307, 36.151176527015586 ], [ 29.60249941063438, 36.144421080256606 ], [ 29.614306791270359, 36.145483187076621 ], [ 29.618999187869356, 36.149261382915753 ], [ 29.618759112211357, 36.160525236488915 ], [ 29.60843583825627, 36.168375890744272 ], [ 29.591652334427007, 36.168445516089015 ], [ 29.580717958143705, 36.162248618993495 ], [ 29.569368905152199, 36.168410703788645 ], [ 29.578622749134588, 36.176034301696966 ], [ 29.603372414987049, 36.174815968538937 ], [ 29.589688075531811, 36.18659818828904 ], [ 29.579910430195458, 36.185641057866874 ], [ 29.558412704299062, 36.183483122405981 ], [ 29.544248212629512, 36.190182969423375 ], [ 29.524212768844183, 36.192288516288059 ], [ 29.499999999985889, 36.19487948592932 ], [ 29.471526971790979, 36.197926228603357 ], [ 29.457995407917789, 36.201249502978136 ], [ 29.447475708342679, 36.198935405523848 ], [ 29.4407099273044, 36.19434180430504 ], [ 29.432416387750624, 36.196934438324362 ], [ 29.432547338762852, 36.207965213978497 ], [ 29.445860650649553, 36.218750891540303 ], [ 29.418688398257409, 36.228787182316317 ], [ 29.409478205211308, 36.208591520392105 ], [ 29.391516145865264, 36.193506575338446 ], [ 29.385514242737262, 36.194620212206232 ], [ 29.37471081746618, 36.203702718236606 ], [ 29.35364959374612, 36.207565071668895 ], [ 29.347145712935667, 36.216263360527698 ], [ 29.319122281658991, 36.258766558280236 ], [ 29.286930256035603, 36.296328729333098 ], [ 29.252424768518292, 36.319524382605465 ], [ 29.200262774615684, 36.343303557273082 ], [ 29.170340559051606, 36.365009338347186 ], [ 29.151527320821032, 36.378047236139494 ], [ 29.13367438701907, 36.386049433663096 ], [ 29.136162448166548, 36.398285461705527 ], [ 29.127912559549063, 36.401756321621292 ], [ 29.127476058271046, 36.419385875201705 ], [ 29.099430801526225, 36.421953623347598 ], [ 29.092774145133717, 36.434704344970115 ], [ 29.096047910557925, 36.441937488708497 ], [ 29.106240233500792, 36.445926701358253 ], [ 29.110867154593667, 36.474573576062454 ], [ 29.106611260171011, 36.479098527732845 ], [ 29.095065780661166, 36.482115014604474 ], [ 29.098623272679664, 36.49445710550031 ], [ 29.104079548087245, 36.497005014648821 ], [ 29.113377042107608, 36.498530253169235 ], [ 29.110676602158971, 36.499999999919694 ], [ 29.106371183614705, 36.502358529239366 ], [ 29.107658864675567, 36.508219649794711 ], [ 29.114468296650134, 36.513783811267238 ], [ 29.1074406135874, 36.517708133923321 ], [ 29.107200537929408, 36.528520784507236 ], [ 29.100412930524669, 36.535635374439003 ], [ 29.091661065123045, 36.536402594126208 ], [ 29.090853536276484, 36.53190378425856 ], [ 29.09615703610201, 36.526811789315381 ], [ 29.088583725318852, 36.526271181339894 ], [ 29.084633382060311, 36.533804476490587 ], [ 29.077300147833469, 36.536472341319282 ], [ 29.060844020636459, 36.533891663064118 ], [ 29.051699302198159, 36.528538222741453 ], [ 29.044780744679503, 36.516068663550499 ], [ 29.030616253908274, 36.515423330465609 ], [ 29.016320811226493, 36.515719835608451 ], [ 29.012894270220226, 36.522504255516203 ], [ 29.034020969446399, 36.526253741865141 ], [ 29.039106218183758, 36.534658900925905 ], [ 29.029175797265349, 36.538338047570932 ], [ 29.021427885431994, 36.548764243961678 ], [ 29.021340585356054, 36.55934590603416 ], [ 29.024701650856205, 36.573411848396276 ], [ 29.029241271873147, 36.581689850725887 ], [ 29.03441382158476, 36.583345343478655 ], [ 29.041135952585069, 36.579406954182367 ], [ 29.057286528617965, 36.582718003360128 ], [ 29.062219001773268, 36.589235123380924 ], [ 29.056478999771407, 36.602006371726709 ], [ 29.060211091941781, 36.604619597976942 ], [ 29.072869651462298, 36.604253751344146 ], [ 29.076318017936707, 36.599915727015762 ], [ 29.072956952436552, 36.591064696045358 ], [ 29.076034291342424, 36.588259332970715 ], [ 29.091835665274925, 36.592179842975938 ], [ 29.0979903448833, 36.601292074833765 ], [ 29.083760377707634, 36.615959963889935 ], [ 29.077365622441267, 36.628064949826737 ], [ 29.070643491440961, 36.634926492926446 ], [ 29.046548577954681, 36.633515921217921 ], [ 29.032340436247161, 36.63759083484797 ], [ 29.022759216530833, 36.650388828264738 ], [ 29.014007351129212, 36.669311997434086 ], [ 28.99999999995568, 36.671955900295814 ], [ 28.990676316451527, 36.673715704691027 ], [ 28.979872890282135, 36.683061861848294 ], [ 28.977341179096676, 36.694390583496073 ], [ 28.967563532862009, 36.696583044931458 ], [ 28.962369158580568, 36.685063218125165 ], [ 28.960928701937647, 36.67693564623584 ], [ 28.954490296633299, 36.669642718977698 ], [ 28.940587706089886, 36.662366503006396 ], [ 28.931726715144183, 36.660660495959931 ], [ 28.937597667259961, 36.658136230966157 ], [ 28.933821925051614, 36.653435653624101 ], [ 28.913873781342225, 36.651729446229879 ], [ 28.911451194802545, 36.639488903982333 ], [ 28.910971042588237, 36.630781776658701 ], [ 28.907107999405628, 36.62841326630204 ], [ 28.907762752670138, 36.623658608750318 ], [ 28.917998725650968, 36.625853103010321 ], [ 28.922036368985452, 36.620436419569522 ], [ 28.925812112092121, 36.62090669352326 ], [ 28.926466865356623, 36.625975016906878 ], [ 28.941657136062588, 36.627699215384396 ], [ 28.941307934860511, 36.623763109595608 ], [ 28.927492645291355, 36.617423114436193 ], [ 28.915576139111288, 36.608452167948762 ], [ 28.910992867158061, 36.601657934909959 ], [ 28.911756745966652, 36.590367721141156 ], [ 28.896828376386825, 36.586481969110899 ], [ 28.883427763525862, 36.605177074677385 ], [ 28.880896051442097, 36.612929063264865 ], [ 28.897570429727274, 36.622509086399944 ], [ 28.895802596452096, 36.628448098007006 ], [ 28.883580539107918, 36.624198529453196 ], [ 28.880350423721683, 36.632976066350608 ], [ 28.873912018417336, 36.633185043137743 ], [ 28.868455743009758, 36.628169444646403 ], [ 28.86489825099126, 36.629580115069579 ], [ 28.86393794656264, 36.634891664174951 ], [ 28.870005325196761, 36.641299861766541 ], [ 28.859245549963649, 36.654898086546979 ], [ 28.830196338752241, 36.662314279007063 ], [ 28.801758229869055, 36.667310227825297 ], [ 28.748657756107661, 36.672445095470415 ], [ 28.71207888504939, 36.672862832442917 ], [ 28.694706103461737, 36.669573093851568 ], [ 28.686739940540217, 36.662262054972004 ], [ 28.680236060628079, 36.663428386619024 ], [ 28.679275756199463, 36.673158728020894 ], [ 28.673164727527372, 36.680381703159881 ], [ 28.655704644965464, 36.685115426552677 ], [ 28.654286013790689, 36.674498946049475 ], [ 28.646865478589582, 36.67053043973749 ], [ 28.638877491098238, 36.67651793156675 ], [ 28.633421215690653, 36.693711951544643 ], [ 28.640579849765611, 36.694616792562805 ], [ 28.638222737833733, 36.705091286095673 ], [ 28.62903437025577, 36.706813697761142 ], [ 28.649331715167236, 36.730453776299576 ], [ 28.646647227501415, 36.738888672175563 ], [ 28.637786236555709, 36.741914572426708 ], [ 28.638331863377818, 36.749287525230763 ], [ 28.646625402931587, 36.750695956397188 ], [ 28.64149650325794, 36.764135596606387 ], [ 28.632810112464121, 36.768255683518433 ], [ 28.624254672682522, 36.775382732733881 ], [ 28.613211170855131, 36.779067676686921 ], [ 28.625389578161336, 36.782265784629026 ], [ 28.624582049314775, 36.787132212650306 ], [ 28.608169572155738, 36.788331391795829 ], [ 28.602887897798354, 36.776634243019295 ], [ 28.599745082488052, 36.778650521998287 ], [ 28.59813002479493, 36.78814021991225 ], [ 28.58012431541092, 36.790138814304207 ], [ 28.575933896494377, 36.797628731826734 ], [ 28.568098684585081, 36.803432475587613 ], [ 28.556793281631549, 36.802563680055229 ], [ 28.553104839499145, 36.789009180456596 ], [ 28.546120806474381, 36.780406031737662 ], [ 28.535491981355179, 36.778633140081745 ], [ 28.528704374848758, 36.774061671460615 ], [ 28.528246047204277, 36.765717597412667 ], [ 28.533527722459979, 36.759719728808506 ], [ 28.537827267818919, 36.752069586233226 ], [ 28.531367037046437, 36.74925274868886 ], [ 28.520629086383153, 36.750000438306657 ], [ 28.519210455208373, 36.757998513855355 ], [ 28.51303395103017, 36.760084829652008 ], [ 28.502186874822804, 36.748922372554865 ], [ 28.499999999925468, 36.750005274459959 ], [ 28.495093717152269, 36.752434723802359 ], [ 28.493238582902837, 36.761023653376107 ], [ 28.499999999925468, 36.767735920033822 ], [ 28.500593642597824, 36.768325219208776 ], [ 28.500353566939829, 36.77195835573125 ], [ 28.499999999925468, 36.771964914812521 ], [ 28.486298200814364, 36.772219100457164 ], [ 28.475909452251475, 36.772879650337892 ], [ 28.473159489079539, 36.781066509743283 ], [ 28.470671427033743, 36.789634825604807 ], [ 28.475145573442884, 36.796533964301489 ], [ 28.470605952425945, 36.799991986438528 ], [ 28.476695155629891, 36.804388139913605 ], [ 28.483744664160771, 36.811216441263248 ], [ 28.478397513398953, 36.820441492245578 ], [ 28.469667472567156, 36.825843967536557 ], [ 28.469951199161439, 36.829439614156456 ], [ 28.472417435739096, 36.837481433220923 ], [ 28.464713174842021, 36.837238280318104 ], [ 28.456114084124142, 36.830655494448656 ], [ 28.451225261006808, 36.825235991265416 ], [ 28.444590430082439, 36.81941654187667 ], [ 28.42346373085627, 36.815507706154506 ], [ 28.417418177690294, 36.819816100911872 ], [ 28.412114677864771, 36.815472960629556 ], [ 28.401093001505515, 36.815785674837443 ], [ 28.392166534155379, 36.81053885151389 ], [ 28.395483949617564, 36.801434231001011 ], [ 28.40207513050396, 36.795074249237118 ], [ 28.411372624524319, 36.797037907224087 ], [ 28.41999353981203, 36.796308058041944 ], [ 28.434223506089381, 36.792328518660909 ], [ 28.433917954925274, 36.785359478653262 ], [ 28.427043047444592, 36.778233365019879 ], [ 28.426584720698429, 36.766743272661678 ], [ 28.419535213065867, 36.755373151386564 ], [ 28.408819086972407, 36.750939385792819 ], [ 28.397208132854768, 36.750296034416827 ], [ 28.376627061349019, 36.75672930983427 ], [ 28.37103983492921, 36.762431867229886 ], [ 28.355063859946512, 36.761336591800919 ], [ 28.34439138478934, 36.769507311154115 ], [ 28.317524684459624, 36.772462461683432 ], [ 28.306677608252254, 36.779502210084701 ], [ 28.302552663943509, 36.77884171775996 ], [ 28.296005133095086, 36.773835698372309 ], [ 28.296769011903674, 36.765248215976534 ], [ 28.304909774977077, 36.752678148356623 ], [ 28.285070756811777, 36.754834158130549 ], [ 28.268549154108655, 36.762118932589807 ], [ 28.265580940746869, 36.772010504603394 ], [ 28.27821767479924, 36.77437455622163 ], [ 28.283608474700706, 36.782735060985075 ], [ 28.29567775646283, 36.785394238682663 ], [ 28.293036919733296, 36.789408898824668 ], [ 28.28192794239979, 36.791007751986868 ], [ 28.258902458886215, 36.818565301336804 ], [ 28.243384811547998, 36.81604626914676 ], [ 28.234109142995777, 36.79085134437107 ], [ 28.225968379922374, 36.767612477897394 ], [ 28.227867163311466, 36.760032672599252 ], [ 28.234938497310484, 36.759041678908261 ], [ 28.240634848376065, 36.760380386572443 ], [ 28.247728006944911, 36.75459074047609 ], [ 28.245327245873373, 36.74321880223232 ], [ 28.248731961411494, 36.732279967464414 ], [ 28.255214016753808, 36.722418016322088 ], [ 28.259731813200915, 36.713581180537055 ], [ 28.268461854032715, 36.716938603178477 ], [ 28.27282687489777, 36.714050880754648 ], [ 28.27295782501168, 36.705178277502796 ], [ 28.268112652830634, 36.695504222651188 ], [ 28.260801243173617, 36.697192050684514 ], [ 28.261325045425899, 36.705526242138092 ], [ 28.253293407896578, 36.702377103871846 ], [ 28.239587243871508, 36.708327300002438 ], [ 28.202550045168753, 36.695173612521714 ], [ 28.181554296056493, 36.677335953558348 ], [ 28.156215352445635, 36.67228844405868 ], [ 28.11319807608302, 36.67070450133528 ], [ 28.110950090593533, 36.635727546932991 ], [ 28.090827345833951, 36.610089661982535 ], [ 28.073869241852808, 36.590210900622992 ], [ 28.059639274677146, 36.601379184603438 ], [ 28.047613642952992, 36.597493991111001 ], [ 28.018498957133787, 36.581236761822851 ], [ 27.999999999895255, 36.578227151002153 ], [ 27.992898111498477, 36.577071707275216 ], [ 27.983033165187866, 36.594113887325229 ], [ 27.981505408469005, 36.607894715124054 ], [ 27.999999999895255, 36.61034463199168 ], [ 28.017669602819083, 36.612685192207771 ], [ 28.044623604123061, 36.608347645446337 ], [ 28.069373269975529, 36.639488903982333 ], [ 28.068980418735471, 36.66678801860936 ], [ 28.04065143539637, 36.6747774303619 ], [ 28.040542309852288, 36.689709641218649 ], [ 28.029695234543237, 36.697731452150371 ], [ 28.031572193362496, 36.678362819917332 ], [ 28.022231049304164, 36.676169834502957 ], [ 27.999999999895255, 36.678458785182592 ], [ 27.987070809420668, 36.679789966894035 ], [ 27.993094538016816, 36.692876704426858 ], [ 27.999999999895255, 36.695486091813727 ], [ 28.023256829238896, 36.704273561869535 ], [ 28.054946878078152, 36.720469825817673 ], [ 28.065030074578612, 36.722209284603167 ], [ 28.061625359040484, 36.712398219517276 ], [ 28.075091447407562, 36.706082982393966 ], [ 28.092988031247494, 36.716086214413394 ], [ 28.094515787966355, 36.734366988609999 ], [ 28.069613346531835, 36.734506121173837 ], [ 28.063153115759352, 36.749026701863201 ], [ 28.087117078233401, 36.759789271582868 ], [ 28.090718220289865, 36.779693403703504 ], [ 28.081246126117623, 36.793023649563018 ], [ 28.06319676669564, 36.791146781671692 ], [ 28.041415314204965, 36.772705822130568 ], [ 28.000820623483712, 36.767282180789365 ], [ 27.999999999895255, 36.767070908848602 ], [ 27.954769658253195, 36.755425311634959 ], [ 27.916684854147565, 36.763266351620572 ], [ 27.858673731800696, 36.752539049016526 ], [ 27.83486254580702, 36.757598629546372 ], [ 27.819323073000657, 36.747113969843774 ], [ 27.802408618159173, 36.757459539204746 ], [ 27.789946485157, 36.746001085159882 ], [ 27.773228456833852, 36.75332148030899 ], [ 27.771307847078308, 36.765630675169859 ], [ 27.76113734960359, 36.770080967445345 ], [ 27.750573999990504, 36.765352523614304 ], [ 27.739334072543084, 36.762258015132289 ], [ 27.727046539692793, 36.763457586803732 ], [ 27.694636262981234, 36.764326829603199 ], [ 27.675604773662492, 36.76269264463091 ], [ 27.659716098755734, 36.752904184332145 ], [ 27.646577387020915, 36.734853952555383 ], [ 27.645529782516356, 36.722783296899721 ], [ 27.638414799377681, 36.721548294641444 ], [ 27.633133124121983, 36.709997447163566 ], [ 27.631976394073337, 36.695834831346708 ], [ 27.625319737680833, 36.700445799835904 ], [ 27.596445127519623, 36.709719091484331 ], [ 27.570604206226314, 36.713615973378992 ], [ 27.544108531668499, 36.708866622652955 ], [ 27.515932324809768, 36.708066336268956 ], [ 27.49999999986504, 36.7040917982116 ], [ 27.497380987705338, 36.703438429767182 ], [ 27.489218399163786, 36.6913453934309 ], [ 27.476428889529366, 36.694320980960775 ], [ 27.460125537914408, 36.696670046051274 ], [ 27.434262792051275, 36.702620687803581 ], [ 27.413638069609242, 36.729462397283108 ], [ 27.447925306038382, 36.733201742047747 ], [ 27.469401206466628, 36.764048672554942 ], [ 27.493168743320648, 36.769976666295044 ], [ 27.49999999986504, 36.762922209763808 ], [ 27.502444411872865, 36.760397771940298 ], [ 27.575362078331423, 36.779710785377588 ], [ 27.588173413433992, 36.775626083830971 ], [ 27.604193038454657, 36.775226292228133 ], [ 27.609169161647934, 36.795178515219632 ], [ 27.627873274334423, 36.801868636471596 ], [ 27.643761949241181, 36.79948806384143 ], [ 27.657730014392389, 36.79205046480768 ], [ 27.670890551595356, 36.786680343532474 ], [ 27.730473080699063, 36.792119978005239 ], [ 27.749482745447974, 36.805048409414134 ], [ 27.765546020506616, 36.810677844720573 ], [ 27.781696596539511, 36.814291583092107 ], [ 27.795031733894362, 36.810087120931684 ], [ 27.820021476303136, 36.808123801121098 ], [ 27.84856870983209, 36.812276250109555 ], [ 27.871637843383635, 36.812241502382967 ], [ 27.884842029726258, 36.805743423889723 ], [ 27.905641352320174, 36.801764379674324 ], [ 27.95876365154971, 36.800773930070463 ], [ 27.973473770939684, 36.808210674759202 ], [ 27.983644268414402, 36.802633184352572 ], [ 27.999999999895255, 36.802220928319556 ], [ 28.00363606216176, 36.80212927856104 ], [ 28.033951128965889, 36.793788286496529 ], [ 28.05363737154914, 36.819364425545473 ], [ 28.056387334721073, 36.847918894304058 ], [ 28.023540555833176, 36.84600865073908 ], [ 28.008721310899119, 36.853128403571105 ], [ 28.023758806023029, 36.859691875831892 ], [ 28.027447249053751, 36.866567284443313 ], [ 28.006888002117829, 36.877243765012629 ], [ 28.021947322709885, 36.886096291222337 ], [ 28.037072118808052, 36.880281513183448 ], [ 28.055798056962683, 36.882989345743354 ], [ 28.050538207175123, 36.903728825164421 ], [ 28.039232804221591, 36.910721694432716 ], [ 28.037421320908447, 36.918963079914974 ], [ 28.022471124962163, 36.924601405547129 ], [ 28.035173334520646, 36.926700490024238 ], [ 28.024806411425899, 36.930256657124957 ], [ 28.039843906549812, 36.935252355136996 ], [ 28.055077828192065, 36.939658009677103 ], [ 28.04001850760001, 36.946873014465169 ], [ 28.07284346191808, 36.947063786171334 ], [ 28.105275564097781, 36.944635743011062 ], [ 28.118894428046911, 36.938461223409682 ], [ 28.125005456719002, 36.934818713935094 ], [ 28.1314220365552, 36.920420410444159 ], [ 28.135481505357834, 36.918997778724687 ], [ 28.13526325426966, 36.931037256617934 ], [ 28.136703710912581, 36.95843986487283 ], [ 28.161933529877672, 36.948034982014541 ], [ 28.18681414584405, 36.978759934809446 ], [ 28.175967070534998, 36.982417660241239 ], [ 28.185548290251326, 36.989923241746851 ], [ 28.198970728580431, 36.991933848136981 ], [ 28.207002366109744, 36.998918554512876 ], [ 28.221908911119748, 36.994880328988074 ], [ 28.233498039769245, 36.985936536220755 ], [ 28.23548412413259, 36.994811001781812 ], [ 28.237169165976237, 37.000000000102617 ], [ 28.23923804177111, 37.006412897426166 ], [ 28.253206107820635, 37.011541427191517 ], [ 28.279025203645801, 37.016198666895733 ], [ 28.308532741603369, 37.022460194590607 ], [ 28.345831842330583, 37.02795386374482 ], [ 28.355194810958736, 37.037440400424622 ], [ 28.354169031024011, 37.04643755506509 ], [ 28.339764463696465, 37.049366629313994 ], [ 28.302639964019452, 37.048041585847848 ], [ 28.264446035268055, 37.044048880673053 ], [ 28.236248002941181, 37.036115147719443 ], [ 28.21405187374231, 37.037579899579782 ], [ 28.187556200082813, 37.033569200802582 ], [ 28.136245384166422, 37.030779023569416 ], [ 28.110317162797173, 37.025076277494421 ], [ 28.085742097096592, 37.02770970956405 ], [ 28.093097156791579, 37.016059128132753 ], [ 28.079805669474698, 37.014838154374367 ], [ 28.072406959741741, 37.025442521994449 ], [ 28.038447099944861, 37.022931095786539 ], [ 28.00893956198729, 37.023140384742199 ], [ 27.999999999895255, 37.024472848157046 ], [ 27.98237841192336, 37.02709931920878 ], [ 27.97174958770248, 37.013896247142796 ], [ 27.957301369438646, 37.016163782229206 ], [ 27.936742123401039, 37.025634363469244 ], [ 27.905597702282204, 37.021343971468959 ], [ 27.883554348665388, 37.025233239435273 ], [ 27.821614708528113, 37.014140446097677 ], [ 27.75368995567381, 37.000000000102617 ], [ 27.752734685404047, 36.999802429407957 ], [ 27.636232288495997, 36.990113904669016 ], [ 27.513226011675808, 36.994724342144039 ], [ 27.506661342768389, 37.000000000102617 ], [ 27.49999999986504, 37.005388592673263 ], [ 27.478720525056815, 37.02259972149789 ], [ 27.420316551469895, 37.024727471930362 ], [ 27.408334569783715, 37.015326546107936 ], [ 27.402398142161822, 37.024361223953434 ], [ 27.381053191847482, 37.019564956547356 ], [ 27.360166569177625, 37.011087897236678 ], [ 27.349472352993946, 37.000000000102617 ], [ 27.347900861795477, 36.99838129271096 ], [ 27.335373253287187, 36.985520519810876 ], [ 27.312238644229531, 36.975847496147416 ], [ 27.292683352658511, 36.97784114222025 ], [ 27.276576427561899, 36.988449918147232 ], [ 27.273281957767018, 37.000000000102617 ], [ 27.271840380026621, 37.005087098034366 ], [ 27.28026486969431, 37.0131985301444 ], [ 27.279784717479998, 37.02709931920878 ], [ 27.284455289509165, 37.038800504721536 ], [ 27.272757034417268, 37.045095024752442 ], [ 27.279500990885715, 37.050726517403604 ], [ 27.273018935543405, 37.058554115247524 ], [ 27.284106087408766, 37.060576258133274 ], [ 27.297463050231759, 37.07091273980393 ], [ 27.30975058308205, 37.077239430822793 ], [ 27.321208761617637, 37.085517353359144 ], [ 27.316494539550501, 37.090082891454585 ], [ 27.310077959714306, 37.094212547478293 ], [ 27.302133622260925, 37.092644350511137 ], [ 27.290522667244971, 37.095815559484514 ], [ 27.30233004788095, 37.100066860430672 ], [ 27.302395523387062, 37.104997371805588 ], [ 27.312566020861784, 37.108499057533884 ], [ 27.319179027216322, 37.100101706212918 ], [ 27.33035347915763, 37.091058695471162 ], [ 27.340087475354323, 37.091964787751607 ], [ 27.337293862144421, 37.105049636682025 ], [ 27.34611120305216, 37.106861473558368 ], [ 27.345107248585567, 37.121110741668907 ], [ 27.355299571528434, 37.120588200180499 ], [ 27.355910673856652, 37.106164618283458 ], [ 27.361126873606239, 37.099038904384201 ], [ 27.368634708883278, 37.103969482515204 ], [ 27.370533493170683, 37.115902581954231 ], [ 27.382668249540608, 37.11222704093128 ], [ 27.382821025122659, 37.10132129696543 ], [ 27.388866579186949, 37.096826136353982 ], [ 27.398425973435135, 37.106756945571419 ], [ 27.406654037482795, 37.105833609780788 ], [ 27.409534950768641, 37.096373120892167 ], [ 27.421866133656902, 37.092139035291162 ], [ 27.427344234532629, 37.100885730958403 ], [ 27.433935415419025, 37.095519353281247 ], [ 27.438998838688239, 37.08760847369426 ], [ 27.452726828181454, 37.086841736711108 ], [ 27.470667062059356, 37.072080516539629 ], [ 27.472762271966783, 37.063121290863755 ], [ 27.484438701590538, 37.060733146064855 ], [ 27.49954167311888, 37.079452774929059 ], [ 27.49999999986504, 37.079699093970753 ], [ 27.522370730114112, 37.091720841236942 ], [ 27.573092267373791, 37.098864672846709 ], [ 27.582564362444355, 37.104753466889242 ], [ 27.570036753037751, 37.109195891146733 ], [ 27.571280784060651, 37.116372899100881 ], [ 27.560608308903479, 37.125639282665958 ], [ 27.566522911955541, 37.133929287876782 ], [ 27.551158040199375, 37.140424806822146 ], [ 27.551245340275319, 37.147511769733434 ], [ 27.583437365898714, 37.158445621658167 ], [ 27.592778509957039, 37.158306347483176 ], [ 27.601879577459062, 37.149827511398961 ], [ 27.594546343232217, 37.140198430949191 ], [ 27.604651366099137, 37.141086517326876 ], [ 27.618466655668296, 37.14806894725335 ], [ 27.592167407628825, 37.164416781789143 ], [ 27.629553807533661, 37.208376325811074 ], [ 27.632936698501954, 37.23431182976352 ], [ 27.6097366148365, 37.256622033990368 ], [ 27.567439566346184, 37.24690235108087 ], [ 27.526626624536767, 37.201556109278066 ], [ 27.501876958684303, 37.21331711509027 ], [ 27.513597038346028, 37.239459591603378 ], [ 27.508424489532729, 37.257300104779489 ], [ 27.49999999986504, 37.257196787496817 ], [ 27.47581778630283, 37.256900217770131 ], [ 27.49999999986504, 37.281744975459866 ], [ 27.522719931316193, 37.305079853739031 ], [ 27.513509738270088, 37.335080803609529 ], [ 27.49999999986504, 37.332856775685116 ], [ 27.489349350176017, 37.331103375903211 ], [ 27.444804316196219, 37.311178303573584 ], [ 27.42527084919503, 37.33884961161187 ], [ 27.416191607161153, 37.366701611386091 ], [ 27.420447501583809, 37.395081171447295 ], [ 27.448470933758799, 37.422738644762177 ], [ 27.441334125151982, 37.461258014391227 ], [ 27.372061249889548, 37.424594831448609 ], [ 27.376840947462796, 37.39374488479838 ], [ 27.352418658242584, 37.372291592316138 ], [ 27.283887836320599, 37.357621337456031 ], [ 27.231922268038016, 37.382012297323321 ], [ 27.253398168466269, 37.435106565072779 ], [ 27.258723493759941, 37.48544163006158 ], [ 27.224283481748753, 37.481784256314363 ], [ 27.223991508620159, 37.499999999942176 ], [ 27.223585078446277, 37.525520725623359 ], [ 27.247832767514605, 37.532932820485193 ], [ 27.253900146148723, 37.5671234772243 ], [ 27.204378988975652, 37.587828939845551 ], [ 27.154334028651981, 37.594433248338355 ], [ 27.099749448209696, 37.602064932388153 ], [ 27.04027604375176, 37.612465751059212 ], [ 27.028381363039834, 37.627428509643707 ], [ 27.039162963741088, 37.644303692408897 ], [ 27.06716457044794, 37.648169289421418 ], [ 27.100360550537918, 37.645505183488687 ], [ 27.151431289897996, 37.657048945614385 ], [ 27.214353059932026, 37.678982330360334 ], [ 27.259727448226528, 37.709886856520079 ], [ 27.284935441723473, 37.741943527582976 ], [ 27.289518712778378, 37.772526072696351 ], [ 27.283298558562208, 37.805076642134644 ], [ 27.264114293661414, 37.8132076818314 ], [ 27.257915964913384, 37.826774777904141 ], [ 27.258679842823657, 37.839054219030245 ], [ 27.269134066892658, 37.851227415227825 ], [ 27.271403877850283, 37.868224821091545 ], [ 27.270880075598004, 37.891032286401554 ], [ 27.259029044924052, 37.905001378238751 ], [ 27.256126306170064, 37.911802751169461 ], [ 27.270399923383696, 37.922610771009346 ], [ 27.246479610947624, 37.960486910880107 ], [ 27.231987742645817, 37.964474552870051 ], [ 27.20206552798005, 37.984149501016141 ], [ 27.179607497655041, 37.989227721345848 ], [ 27.159222851769321, 37.988066521261189 ], [ 27.140933415791025, 37.982225577881955 ], [ 27.125634019540975, 37.989401032936641 ], [ 27.115825649126961, 37.999999999985143 ], [ 27.102412110407375, 38.014592196011407 ], [ 27.08881507192639, 38.016092423244977 ], [ 27.082529442204098, 38.038557237675107 ], [ 27.019367595613755, 38.061137139636429 ], [ 26.999999999834831, 38.063795294742526 ], [ 26.938963918447989, 38.072171709784911 ], [ 26.894964512188615, 38.053570603783811 ], [ 26.877046103778859, 38.043753852625059 ], [ 26.879010362674059, 38.027046632017466 ], [ 26.869952945210009, 38.02952331047517 ], [ 26.842737042779895, 38.065251330375951 ], [ 26.825320611154272, 38.106641747615903 ], [ 26.793172234670539, 38.134547326623128 ], [ 26.759234201240115, 38.142262140143416 ], [ 26.754672754755031, 38.155600035186005 ], [ 26.77542842641266, 38.165314603332739 ], [ 26.740071760909142, 38.186741230774189 ], [ 26.7135542617815, 38.181937763149364 ], [ 26.660257361501767, 38.175375987662385 ], [ 26.623831266025544, 38.176629210842101 ], [ 26.609601298849881, 38.157828581503473 ], [ 26.625446323718666, 38.117425515026241 ], [ 26.61187110980751, 38.08559222696892 ], [ 26.588649200673906, 38.096640502370448 ], [ 26.570250639151528, 38.081548904338895 ], [ 26.542292683380964, 38.106554634391685 ], [ 26.525007201869254, 38.152587905464429 ], [ 26.499999999804619, 38.163023264639655 ], [ 26.484870838792489, 38.169335843999093 ], [ 26.429980706287775, 38.208892223305867 ], [ 26.422014544264567, 38.244097091762484 ], [ 26.416689218970895, 38.252704363742836 ], [ 26.406409595952091, 38.219591171407764 ], [ 26.384693618967532, 38.22317452971334 ], [ 26.364963726346311, 38.236932276479806 ], [ 26.354946004453645, 38.267360442613999 ], [ 26.335870865096936, 38.284359845131263 ], [ 26.315027892465046, 38.280901191688621 ], [ 26.285956855785496, 38.278572155525595 ], [ 26.284821951204997, 38.299061612368327 ], [ 26.312125153711058, 38.296646280244296 ], [ 26.333535579531507, 38.305803262552232 ], [ 26.336809344955721, 38.341585977762961 ], [ 26.314264013656459, 38.369348729244606 ], [ 26.331745920788194, 38.368480763552085 ], [ 26.357412241031302, 38.379034517295509 ], [ 26.35442220220137, 38.342992604539205 ], [ 26.378691715839526, 38.328525614182894 ], [ 26.41282617578829, 38.321056519971023 ], [ 26.429958881717944, 38.34420818494754 ], [ 26.460601325154329, 38.344242915938658 ], [ 26.488406505342837, 38.359470656449034 ], [ 26.497354797262801, 38.404492530226165 ], [ 26.476097147922719, 38.418770743951463 ], [ 26.482491903189089, 38.428744722111652 ], [ 26.499999999804619, 38.418065715919369 ], [ 26.505015408121903, 38.415006291097875 ], [ 26.516844614226024, 38.442237736783873 ], [ 26.510973661211931, 38.457618058896202 ], [ 26.499999999804619, 38.461376099240717 ], [ 26.467890909343204, 38.472371044956788 ], [ 26.447942765633815, 38.482545538223903 ], [ 26.422298270858853, 38.461727010575096 ], [ 26.410796441386974, 38.467465277655691 ], [ 26.421905418720485, 38.484348022689112 ], [ 26.434978654949187, 38.497639945942979 ], [ 26.433007582332557, 38.499999999878447 ], [ 26.397264878412102, 38.54308320459328 ], [ 26.368433918288865, 38.610939914991981 ], [ 26.369721599349734, 38.658225304170848 ], [ 26.423345875363406, 38.679845926178189 ], [ 26.487882703090559, 38.676103697479 ], [ 26.499999999804619, 38.666224492254059 ], [ 26.520314805270264, 38.649658793542983 ], [ 26.547116030992186, 38.614511363738764 ], [ 26.55067352301068, 38.564337862969616 ], [ 26.574091857764305, 38.542769307129632 ], [ 26.616759932924843, 38.520636014249114 ], [ 26.617221825982686, 38.499999999878447 ], [ 26.617742061923284, 38.476912480017063 ], [ 26.597139165847707, 38.480968326240216 ], [ 26.571603795718513, 38.472093696319824 ], [ 26.589063877382102, 38.453110076968827 ], [ 26.576121592165624, 38.410790562610089 ], [ 26.599801828045386, 38.409055622740411 ], [ 26.634023588968411, 38.356102426657557 ], [ 26.631797428048749, 38.336671252605711 ], [ 26.655870516066884, 38.313551904679336 ], [ 26.674771054373402, 38.340439817955954 ], [ 26.673745274438669, 38.359488018256783 ], [ 26.658882380364957, 38.377541810715989 ], [ 26.6683544745372, 38.417660511225854 ], [ 26.692187485999018, 38.429577269619671 ], [ 26.709560267586671, 38.426385784480992 ], [ 26.728569932335585, 38.383425671392601 ], [ 26.760238155706695, 38.367109355870433 ], [ 26.790073070296522, 38.360894293767394 ], [ 26.81748539924498, 38.370164607496136 ], [ 26.845290579433488, 38.377854240408496 ], [ 26.891516146612517, 38.375753993405304 ], [ 26.928575169885104, 38.386254612984601 ], [ 26.998524622981869, 38.413011223739481 ], [ 26.999999999834831, 38.413396244895061 ], [ 27.033226536119201, 38.422066647003994 ], [ 27.059896810828896, 38.419481977872323 ], [ 27.070831187112201, 38.405672369521078 ], [ 27.102914088089829, 38.408517782860429 ], [ 27.131155770454669, 38.426541893458598 ], [ 27.147022619893285, 38.448376390440828 ], [ 27.169022322573813, 38.444960311759374 ], [ 27.180284075489375, 38.455970944742901 ], [ 27.178385291201973, 38.47202435881605 ], [ 27.152937222047033, 38.473133748691723 ], [ 27.130850218392247, 38.461900378812466 ], [ 27.111687778959592, 38.472249704928032 ], [ 27.078535448009269, 38.467690638839215 ], [ 27.044095436896395, 38.480587017525494 ], [ 26.999999999834831, 38.484222459403973 ], [ 26.989227129859824, 38.48511059937622 ], [ 26.967336551825063, 38.476825813790612 ], [ 26.94184483263215, 38.484677318293997 ], [ 26.939232615329253, 38.499999999878447 ], [ 26.938352816119767, 38.505196203629509 ], [ 26.914170602557558, 38.51001168867829 ], [ 26.883811884817138, 38.523967783828823 ], [ 26.865784350863294, 38.536421294639602 ], [ 26.884030135905306, 38.53549694928234 ], [ 26.897168847640124, 38.530002949885734 ], [ 26.918710223574493, 38.518507786241621 ], [ 26.933856845140802, 38.51573401748071 ], [ 26.933354867458352, 38.534659795651073 ], [ 26.930757679868471, 38.550075797586842 ], [ 26.895139113238812, 38.554992870771208 ], [ 26.890577666753732, 38.569742057345927 ], [ 26.898260103080968, 38.605294917290792 ], [ 26.878377434877699, 38.607647054256717 ], [ 26.851183357017405, 38.597680430681365 ], [ 26.850179402550818, 38.60072980826024 ], [ 26.84703658724052, 38.610173336274627 ], [ 26.824622207851796, 38.615696000086544 ], [ 26.807642277504197, 38.627541278025262 ], [ 26.810675967270416, 38.634926158077128 ], [ 26.793848813403187, 38.634020506608096 ], [ 26.782281509323514, 38.647760788529588 ], [ 26.79234288125415, 38.65204428770371 ], [ 26.806725623113557, 38.649345364887552 ], [ 26.807598627466227, 38.661585462817193 ], [ 26.794088889061182, 38.668549015098989 ], [ 26.794656342249745, 38.702121160653135 ], [ 26.802600678804808, 38.711151080096073 ], [ 26.797733681155616, 38.732877328116956 ], [ 26.802469728690895, 38.744337892411913 ], [ 26.821872244679859, 38.754770784407356 ], [ 26.858669366826305, 38.752180092952969 ], [ 26.875933022869873, 38.763307224679913 ], [ 26.888766183440584, 38.763863535178928 ], [ 26.893414930001608, 38.750806466379473 ], [ 26.907950448341378, 38.753988371178146 ], [ 26.920041554673332, 38.753379820952446 ], [ 26.929579124351687, 38.747972190985529 ], [ 26.938047264057346, 38.738946962651809 ], [ 26.952670083371377, 38.743659701159729 ], [ 26.957013278768287, 38.75259739235176 ], [ 26.956227574491557, 38.766071350127177 ], [ 26.969540887276576, 38.759864955225517 ], [ 26.978598304740625, 38.764332919090954 ], [ 26.975586440442552, 38.782184573278272 ], [ 26.964302862957162, 38.781332941313643 ], [ 26.95659860116178, 38.794923067659525 ], [ 26.96705282523078, 38.797182042545245 ], [ 26.969584537314546, 38.805504873948642 ], [ 26.97789990143815, 38.801925655339254 ], [ 26.975848341568692, 38.790126850627189 ], [ 26.991998917601588, 38.790613438310722 ], [ 26.997978995261445, 38.792559754857045 ], [ 26.997324242895257, 38.80070937484011 ], [ 26.987153744522221, 38.808649571449017 ], [ 26.992522719853863, 38.816067723595957 ], [ 26.999999999834831, 38.820697091819497 ], [ 27.02072075218074, 38.833524234752062 ], [ 27.034099539573557, 38.820358430357544 ], [ 27.054964337673592, 38.825222074018292 ], [ 27.079910430044396, 38.851462599436033 ], [ 27.068976053761084, 38.869760936025962 ], [ 27.050708443250929, 38.880938987529888 ], [ 27.074825181307034, 38.899333783950951 ], [ 27.068364950534548, 38.92544267391758 ], [ 27.057125023087131, 38.943513720667262 ], [ 27.028708739672087, 38.942837440685942 ], [ 26.999999999834831, 38.938417798058602 ], [ 26.997957170691617, 38.938103298727476 ], [ 26.989008878771653, 38.955980382664237 ], [ 26.960156093180277, 38.949599947146439 ], [ 26.933245741914266, 38.943635103061609 ], [ 26.90417470523472, 38.920308401247311 ], [ 26.870607698474515, 38.938502158594147 ], [ 26.855788453540459, 38.964665860410193 ], [ 26.863339938855471, 38.994770670315027 ], [ 26.869775242277136, 38.999999999654428 ], [ 26.880952796999434, 39.00914688802046 ], [ 26.861855832174577, 39.021725836979542 ], [ 26.94352536493307, 39.048498747873062 ], [ 26.946384453649088, 39.063877645531647 ], [ 26.941451980493785, 39.084813321254124 ], [ 26.86427841871426, 39.16941603804414 ], [ 26.844242974928932, 39.179738320066001 ], [ 26.826084489064545, 39.18372408811662 ], [ 26.797580905573561, 39.181078538317855 ], [ 26.76979754995488, 39.196828520801539 ], [ 26.75729176691474, 39.210904775013582 ], [ 26.768400744248243, 39.232892141941974 ], [ 26.766829336593094, 39.258193370350163 ], [ 26.744371306268086, 39.280791496436983 ], [ 26.714470916172147, 39.287395714847477 ], [ 26.694151745792535, 39.291688120123318 ], [ 26.662068844814911, 39.290541187950893 ], [ 26.635878722319525, 39.291027767612377 ], [ 26.630029594773578, 39.302600409768651 ], [ 26.637297353494304, 39.316655275143397 ], [ 26.664229530228454, 39.327424692282989 ], [ 26.675163906511763, 39.322995537582166 ], [ 26.646376596426499, 39.313563101607429 ], [ 26.654015382715766, 39.307708440219052 ], [ 26.677870219645726, 39.301627409179879 ], [ 26.689808550395625, 39.309202554898036 ], [ 26.691314482544659, 39.321970712365371 ], [ 26.69609418011791, 39.33056835154634 ], [ 26.753035871593767, 39.361267988445121 ], [ 26.825429736698361, 39.387511643373514 ], [ 26.838721224015231, 39.402139204969714 ], [ 26.8377609186883, 39.423979355889927 ], [ 26.842322365173384, 39.430327145089514 ], [ 26.864954996548594, 39.427534882897277 ], [ 26.880450819316984, 39.429459994724354 ], [ 26.895073637732697, 39.444130706352951 ], [ 26.897670825322578, 39.461398615373746 ], [ 26.929142623073666, 39.458763631019607 ], [ 26.945184072664158, 39.464692204068086 ], [ 26.956904153224205, 39.473809425034077 ], [ 26.95773350664059, 39.489510407853025 ], [ 26.953067140523586, 39.50000000024815 ], [ 26.949701869111269, 39.507618898163891 ], [ 26.955703772239278, 39.531067114124653 ], [ 26.968624232885929, 39.548456208915695 ], [ 26.914345203607752, 39.574052217624256 ], [ 26.859673322191206, 39.570164609114528 ], [ 26.819689734696492, 39.555117667127803 ], [ 26.762704392284352, 39.558221477235136 ], [ 26.678699573062115, 39.546206513045234 ], [ 26.51007883228943, 39.52206561749864 ], [ 26.499999999804619, 39.519575442793347 ], [ 26.42078226230727, 39.50000000024815 ], [ 26.413480929052795, 39.49820853108794 ], [ 26.379673845736285, 39.498728303954735 ], [ 26.355906308882261, 39.489926278765722 ], [ 26.320375042328543, 39.488903924045324 ], [ 26.29660750637284, 39.480585894317151 ], [ 26.281635485856729, 39.485628819064317 ], [ 26.262865897664124, 39.474398709587483 ], [ 26.177704348393249, 39.460150477204202 ], [ 26.147869433803425, 39.468193636636954 ], [ 26.114062349588597, 39.478540891489139 ], [ 26.09542371240822, 39.493287815091747 ], [ 26.099936019250631, 39.50000000024815 ], [ 26.113232996172211, 39.519919738806102 ], [ 26.114738928321245, 39.538044209648291 ], [ 26.126699084539283, 39.567549501970589 ], [ 26.152059852719969, 39.591866160197611 ], [ 26.189511729029235, 39.600997937551369 ], [ 26.206949985224682, 39.62880404173724 ], [ 26.222358507917129, 39.698583258852466 ], [ 26.222118431360823, 39.768447887010147 ], [ 26.210223750648897, 39.806194099695176 ], [ 26.18732921814755, 39.824034602022351 ], [ 26.186521690199303, 39.840515981019351 ], [ 26.197805267684693, 39.877892568437275 ], [ 26.187569294703859, 39.958252944187038 ], [ 26.199704051972098, 39.985757941192979 ], [ 26.202825583498367, 40.00000000026855 ], [ 26.203676219800467, 40.003624274038096 ], [ 26.25232437351918, 40.004352341494467 ], [ 26.256685932277133, 40.00000000026855 ], [ 26.271748714077976, 39.983903827449069 ], [ 26.294294045377239, 39.988842241892819 ], [ 26.295911403655804, 40.00000000026855 ], [ 26.297676936345535, 40.011373745750056 ], [ 26.329541585336678, 40.021273659645097 ], [ 26.365596655040989, 40.043769549529401 ], [ 26.375527075959393, 40.077410472086733 ], [ 26.405427466055333, 40.09011239464958 ], [ 26.423171274313209, 40.128139232174746 ], [ 26.43283979500379, 40.201079717322465 ], [ 26.469113114897958, 40.200966792690288 ], [ 26.499999999804619, 40.20321815404732 ], [ 26.508507424634278, 40.203838251400263 ], [ 26.544846220034561, 40.214387388891645 ], [ 26.632190280187118, 40.2848338001983 ], [ 26.656350668281188, 40.284559895378813 ], [ 26.753581499314187, 40.367888026901227 ], [ 26.81080691738433, 40.402476956408975 ], [ 26.842300540603556, 40.408829720845553 ], [ 26.884881314789833, 40.405195048775255 ], [ 26.937916313943436, 40.411644042907056 ], [ 26.973120203864898, 40.395319321636663 ], [ 26.999999999834831, 40.394270218075221 ], [ 27.008564170342673, 40.393935959750266 ], [ 27.056252018734455, 40.405082466804437 ], [ 27.157956996176594, 40.417851215016995 ], [ 27.201017922577179, 40.444185073382471 ], [ 27.253834670642611, 40.438671578582465 ], [ 27.309663282107792, 40.457171329616578 ], [ 27.326686862493361, 40.425906813538006 ], [ 27.317673095067285, 40.38767830371718 ], [ 27.353051586038948, 40.356590463185299 ], [ 27.3789798074082, 40.345290991418025 ], [ 27.4798451726734, 40.325738399206799 ], [ 27.495451212438944, 40.323266025304015 ], [ 27.49999999986504, 40.322529343622406 ], [ 27.534527311952171, 40.316937338150439 ], [ 27.569753027341786, 40.319320731132869 ], [ 27.584855997971811, 40.325069511256665 ], [ 27.594808244358358, 40.332476176038995 ], [ 27.610500493645091, 40.349604974721878 ], [ 27.628571677636899, 40.355109729325498 ], [ 27.644809553745738, 40.357121587698465 ], [ 27.676106751344943, 40.354192302016848 ], [ 27.689769265332043, 40.34752850274689 ], [ 27.711136040216211, 40.341041123245532 ], [ 27.733943272641614, 40.34327877664569 ], [ 27.75018114875045, 40.352582749004355 ], [ 27.758627462987967, 40.351761862437897 ], [ 27.768645184880629, 40.348494311456022 ], [ 27.785297737697661, 40.349942999073349 ], [ 27.80114276256645, 40.354997063660221 ], [ 27.821505582984027, 40.362191203440631 ], [ 27.865046662497239, 40.393002979064313 ], [ 27.870022785690512, 40.40786478270855 ], [ 27.843810837726984, 40.426083671728151 ], [ 27.809130750057797, 40.438125026223609 ], [ 27.785952490962167, 40.430697905295354 ], [ 27.748129588880996, 40.458344468187391 ], [ 27.746951033364208, 40.471665375579256 ], [ 27.720979161058676, 40.472227719250988 ], [ 27.70428295820367, 40.480839023321181 ], [ 27.698106454025471, 40.497704957068571 ], [ 27.700206245340851, 40.499999999920512 ], [ 27.714431631108564, 40.51566326760809 ], [ 27.741363806944399, 40.516391250503503 ], [ 27.743240765763659, 40.520176633426672 ], [ 27.755855675246206, 40.520370749487718 ], [ 27.758300086355714, 40.516892744999573 ], [ 27.765960697214808, 40.500713591142549 ], [ 27.779383135543913, 40.516844213328731 ], [ 27.828053113832453, 40.51875309582362 ], [ 27.874038604455173, 40.514417589449693 ], [ 27.915528124098927, 40.501571185032574 ], [ 27.963827075717241, 40.501166661377582 ], [ 27.985474568737803, 40.499999999920512 ], [ 27.999999999895255, 40.499223018874623 ], [ 28.008262984152957, 40.498781019330529 ], [ 28.03174679351438, 40.486252650555997 ], [ 28.022471124962163, 40.469994382132334 ], [ 27.999999999895255, 40.457318710116148 ], [ 27.998485337918286, 40.456464222292929 ], [ 27.938771857802355, 40.42468486867336 ], [ 27.933424707938855, 40.414474327840914 ], [ 27.971967838790647, 40.38939961943835 ], [ 27.999999999895255, 40.389258582026116 ], [ 28.010336368592242, 40.389206577200007 ], [ 28.046325961892126, 40.396107503199516 ], [ 28.104031533074885, 40.413316498691991 ], [ 28.155320523523134, 40.419314479818638 ], [ 28.215077653677039, 40.423446823494402 ], [ 28.21754209452244, 40.423005317376358 ], [ 28.304647873850939, 40.407398391253366 ], [ 28.446030886725367, 40.407945194580833 ], [ 28.499999999925468, 40.412336095460816 ], [ 28.501772198114608, 40.412480275692523 ], [ 28.581215570851761, 40.398471992785744 ], [ 28.643111560951066, 40.394627644273655 ], [ 28.677617048468367, 40.409424758496456 ], [ 28.728665962360303, 40.418992885825872 ], [ 28.768845975475049, 40.41313960598761 ], [ 28.802151082007423, 40.413895415432869 ], [ 28.849991706879578, 40.403361555095501 ], [ 28.905340166130458, 40.396413122274325 ], [ 28.971513876120554, 40.393421213467711 ], [ 28.99999999995568, 40.397174719851797 ], [ 29.059774590663764, 40.405050300688472 ], [ 29.062306301849208, 40.43389713476634 ], [ 29.078216802224112, 40.442095464043284 ], [ 29.13186290370593, 40.456657070114389 ], [ 29.114293695599933, 40.483280832672754 ], [ 29.075532314558291, 40.491312468045564 ], [ 29.038909792563732, 40.492581377496847 ], [ 28.99999999995568, 40.483905767260943 ], [ 28.998205976298394, 40.483505731907357 ], [ 28.961212428531923, 40.485304896388811 ], [ 28.923018498882215, 40.494283927540323 ], [ 28.913594989193797, 40.499999999920512 ], [ 28.893707386544666, 40.512152660506189 ], [ 28.849773455791411, 40.519481044908979 ], [ 28.806035950658174, 40.520678099387638 ], [ 28.792220660190701, 40.532647459385316 ], [ 28.792024234570675, 40.532809193278467 ], [ 28.815049717185932, 40.575493037792228 ], [ 28.857193990094192, 40.5889230734997 ], [ 28.91444123363247, 40.603368236368809 ], [ 28.950365352324557, 40.615920370654386 ], [ 28.973434484977787, 40.642034761241675 ], [ 28.992225898638534, 40.657985798868665 ], [ 28.99999999995568, 40.659238238124942 ], [ 29.084109579808029, 40.672787118687872 ], [ 29.225034265037976, 40.676773386245365 ], [ 29.349284572881071, 40.695942846564542 ], [ 29.380581769581958, 40.71636479222704 ], [ 29.401293792099931, 40.717864733806614 ], [ 29.418099120499022, 40.708525834598959 ], [ 29.434162396455971, 40.699572800352328 ], [ 29.450880424779122, 40.700718210942782 ], [ 29.468646057606819, 40.707074073670071 ], [ 29.475106288379308, 40.73018554443788 ], [ 29.499999999985889, 40.745690433092228 ], [ 29.500423407420332, 40.745954118446107 ], [ 29.536129274125933, 40.715735774553167 ], [ 29.555531790114895, 40.714864816591721 ], [ 29.723235877395258, 40.738666860794524 ], [ 29.73279527164344, 40.748065982505281 ], [ 29.749600600940838, 40.747695202254796 ], [ 29.769330493562059, 40.742133245091864 ], [ 29.82670868721425, 40.749371758392996 ], [ 29.830288003802572, 40.73592587057361 ], [ 29.87948178434339, 40.732410786235839 ], [ 29.915951530755901, 40.738134795385172 ], [ 29.933106061255383, 40.74250405659096 ], [ 29.947336028431049, 40.752515185746837 ], [ 29.950216941716896, 40.768987521184094 ], [ 29.943407509742329, 40.782652245727164 ], [ 29.921582407213684, 40.789161331271579 ], [ 29.835176826919909, 40.772097784133059 ], [ 29.818567924140847, 40.770695766727584 ], [ 29.781006923185817, 40.763943103834499 ], [ 29.748400219955919, 40.761299868608901 ], [ 29.722013670942182, 40.764829530811568 ], [ 29.686395104312524, 40.780154777882942 ], [ 29.557190497845991, 40.782491121757253 ], [ 29.499999999985889, 40.793221041531773 ], [ 29.496822265363868, 40.793817188442389 ], [ 29.44518407281522, 40.778785158325057 ], [ 29.399438658748814, 40.760558454073625 ], [ 29.373554087417538, 40.770180074571442 ], [ 29.373641387493478, 40.796072502559817 ], [ 29.349088147261039, 40.810746267856508 ], [ 29.330973312332944, 40.813419730848011 ], [ 29.309890263144744, 40.809441707861161 ], [ 29.297013453434378, 40.814224969290734 ], [ 29.3138406073016, 40.821117407828169 ], [ 29.333723275504877, 40.834497628734432 ], [ 29.308515282007928, 40.860541805729049 ], [ 29.274468122135108, 40.880156655743633 ], [ 29.223004530636661, 40.895165542921831 ], [ 29.189830449676681, 40.904849549504895 ], [ 29.180249155400187, 40.907646205571552 ], [ 29.15205112307331, 40.935493969323929 ], [ 29.124158641910544, 40.950843771203445 ], [ 29.082363571102686, 40.964920637104179 ], [ 29.042030782405892, 40.975893994351345 ], [ 29.03666708647317, 40.999999999862673 ], [ 29.032427737221418, 41.019192717783078 ], [ 29.066518547132212, 41.051766337325681 ], [ 29.085309959894637, 41.078052752204535 ], [ 29.098928823843774, 41.101129506235338 ], [ 29.115319475534665, 41.106655079212899 ], [ 29.119466245311553, 41.119320122524982 ], [ 29.098274070579265, 41.144626676187983 ], [ 29.107244187967375, 41.162514588811426 ], [ 29.124267767454629, 41.178654692134778 ], [ 29.14829720543479, 41.187497769242462 ], [ 29.153513405184377, 41.204696366378542 ], [ 29.169904056875271, 41.219406748659942 ], [ 29.205478973466956, 41.231324230417442 ], [ 29.229331238520263, 41.232932323724832 ], [ 29.269099146803466, 41.235613343188696 ], [ 29.360524501226795, 41.227808881329246 ], [ 29.499999999985889, 41.20271917543004 ], [ 29.512143487082056, 41.200534271344388 ], [ 29.628493107509737, 41.170698122005319 ], [ 29.712410625757713, 41.153280649064577 ], [ 29.792486927189543, 41.131869655834784 ], [ 29.86232725474223, 41.120256979388451 ], [ 29.924419670461557, 41.11857708834733 ], [ 29.960802115899803, 41.123955817146772 ], [ 30.000000000016104, 41.123745834871308 ], [ 30.06331448384795, 41.123406658318544 ], [ 30.091294204001215, 41.113294841246656 ], [ 30.107139193835707, 41.121678391867398 ], [ 30.152622607961298, 41.12348741700044 ], [ 30.177023018712759, 41.118286333890282 ], [ 30.217202944690918, 41.131659709264717 ], [ 30.242650958150314, 41.142931267298394 ], [ 30.269037449671863, 41.156299581179887 ], [ 30.284096737026246, 41.156380299741009 ], [ 30.287828822010106, 41.16482286910928 ], [ 30.3042849132745, 41.170585141274188 ], [ 30.317991047655166, 41.172893135117327 ], [ 30.319780701906911, 41.18456096823266 ], [ 30.332286457997593, 41.187836621991771 ], [ 30.339270475751, 41.178525586890856 ], [ 30.369258101244171, 41.17607254464577 ], [ 30.397827097359201, 41.163515391779846 ], [ 30.436086418073394, 41.154491467718827 ], [ 30.476746495367539, 41.138135441420893 ], [ 30.50000000004632, 41.132240851613609 ], [ 30.500317554499251, 41.132160350333777 ], [ 30.5689791765165, 41.126007047354769 ], [ 30.611276132480338, 41.122986709928135 ], [ 30.651717959584637, 41.120111606071319 ], [ 30.72350056425752, 41.102971415493926 ], [ 30.757394873988115, 41.089672950688772 ], [ 30.883827416031782, 41.081640851209926 ], [ 30.996924849466691, 41.085859038782132 ], [ 31.000000000076529, 41.086436142666415 ], [ 31.049283155801593, 41.095684257939304 ], [ 31.107774302802007, 41.102050467371122 ], [ 31.190753160629818, 41.09161214246307 ], [ 31.284819146966807, 41.094682411886389 ], [ 31.354462896185858, 41.122211413634794 ], [ 31.40361291978919, 41.16859987833643 ], [ 31.425263373656932, 41.216858478236077 ], [ 31.439318709239679, 41.24760845320813 ], [ 31.43541202410394, 41.272365534114748 ], [ 31.427336753604639, 41.3076151507369 ], [ 31.417559129827854, 41.321303839087584 ], [ 31.429104583286552, 41.335247217410327 ], [ 31.499752286073882, 41.361934120129668 ], [ 31.500000000106738, 41.361964271139904 ], [ 31.56149536584384, 41.369448887918054 ], [ 31.642706393989741, 41.402956998877279 ], [ 31.732647445001131, 41.454078405048477 ], [ 31.835072426635065, 41.497563944890551 ], [ 31.839942238706048, 41.499999999681769 ], [ 31.94633655578026, 41.553614507816867 ], [ 31.996359581041322, 41.56228102489132 ], [ 32.00000000013695, 41.565719247979878 ], [ 32.030013815113925, 41.594059011199327 ], [ 32.101992845406834, 41.601088125709872 ], [ 32.162622847861059, 41.619974039328646 ], [ 32.21989179110335, 41.657858304083398 ], [ 32.240625593275389, 41.682440381940062 ], [ 32.257343585665922, 41.695591056445174 ], [ 32.265833531975098, 41.712497391093372 ], [ 32.28054361812741, 41.72938312171226 ], [ 32.309636416494719, 41.745522796463284 ], [ 32.348550488676779, 41.75711310775182 ], [ 32.408198363929202, 41.76169061975412 ], [ 32.45946541751821, 41.764253237426615 ], [ 32.500000000167162, 41.780858096594315 ], [ 32.511430872613062, 41.785539933650483 ], [ 32.543513702623777, 41.798878760480143 ], [ 32.584304730031846, 41.809380313176824 ], [ 32.708663892127795, 41.828735992271334 ], [ 32.791664575423759, 41.847844343586011 ], [ 32.833066704261725, 41.857098638877993 ], [ 32.936430163059498, 41.864179275825983 ], [ 32.977177540429587, 41.873865595002016 ], [ 33.000000000197382, 41.888311777252525 ], [ 33.008234593200527, 41.89352330974387 ], [ 33.051950177644194, 41.923207452392809 ], [ 33.09062417506658, 41.931213035362262 ], [ 33.185192137289377, 41.952459894767358 ], [ 33.29977367381192, 41.998224073089816 ], [ 33.305958379608668, 41.999999999713268 ], [ 33.353288708398843, 42.013697151011428 ], [ 33.374524486456693, 42.014975443634761 ], [ 33.433452134735127, 42.012289381545401 ], [ 33.500000000227594, 42.003170778515084 ], [ 33.517303994220676, 42.00079951390876 ], [ 33.521777390536556, 41.999999999713268 ], [ 33.583499385948478, 41.989054615941278 ], [ 33.653601461015377, 41.983674368154524 ], [ 33.765673117210511, 41.977811784620862 ], [ 33.88071298047921, 41.977779659221433 ], [ 33.953128512050142, 41.978052723590586 ], [ 34.000000000257799, 41.979370114001924 ], [ 34.005705069473215, 41.979530461309132 ], [ 34.068081076141219, 41.982742815371296 ], [ 34.136066121222449, 41.974920448035164 ], [ 34.226225422423688, 41.956043192849897 ], [ 34.29617472280686, 41.941837356943452 ], [ 34.348445729065823, 41.940696251500022 ], [ 34.382143613176396, 41.943814151212784 ], [ 34.431839262703519, 41.954838070128886 ], [ 34.490592309931749, 41.96875182005067 ], [ 34.500000000288011, 41.968305760128686 ], [ 34.518375604464993, 41.967434483232239 ], [ 34.558948381683201, 41.953970368145036 ], [ 34.625907649524649, 41.942624867532381 ], [ 34.702055265181123, 41.937465688694651 ], [ 34.78346271984536, 41.941644495316837 ], [ 34.837981706203912, 41.957248292614096 ], [ 34.879143759383879, 41.96838232570299 ], [ 34.883923446177356, 41.970647451963636 ], [ 34.903042194249529, 41.981698818678105 ], [ 34.925376451999753, 41.999999999713268 ], [ 34.930127087276929, 42.003923022780214 ], [ 34.952890619358705, 42.024246333216347 ], [ 34.960965889858009, 42.040503506023967 ], [ 34.96360672119765, 42.04922080175659 ], [ 34.963563071159676, 42.056724150140106 ], [ 34.972074842038687, 42.058648355893453 ], [ 34.999116085028113, 42.054993931201366 ], [ 35.000000000318224, 42.054931668918684 ], [ 35.005314411979512, 42.054557326032999 ], [ 35.009439357186572, 42.056449258809145 ], [ 35.011949243802192, 42.053861986724826 ], [ 35.010814338323378, 42.050110253500861 ], [ 35.020351908001736, 42.047894686159495 ], [ 35.023189171249612, 42.041910646229582 ], [ 35.029496625541725, 42.04045498371125 ], [ 35.034079897494948, 42.030943825506561 ], [ 35.03021685431235, 42.02710984077212 ], [ 35.0293001999217, 42.022110751896967 ], [ 35.034974726417452, 42.018001171574475 ], [ 35.043093664921031, 42.015088708253259 ], [ 35.055228421290948, 42.012726278645736 ], [ 35.067319528521217, 42.011836299753625 ], [ 35.083950255870107, 42.01449001914677 ], [ 35.094993757697495, 42.021091471047342 ], [ 35.105797183866891, 42.025217028414147 ], [ 35.118695819045399, 42.026284775887419 ], [ 35.129673845366682, 42.023081479271177 ], [ 35.137072555099635, 42.017062726066904 ], [ 35.147461303662531, 42.012467377050143 ], [ 35.157304425403311, 42.010444670155024 ], [ 35.160185338689161, 42.006447611143535 ], [ 35.152742978918226, 42.00431142766184 ], [ 35.138360236160501, 42.004910213282876 ], [ 35.117233536934336, 42.005411894741449 ], [ 35.096499689846532, 42.009894482862933 ], [ 35.08870812887352, 42.009425201599569 ], [ 35.078319379412328, 42.008098249406601 ], [ 35.068083406431491, 42.003372778665621 ], [ 35.068807585992722, 41.999999999713268 ], [ 35.069327437454383, 41.997597830865622 ], [ 35.064329488792971, 41.993181839871134 ], [ 35.063412835300639, 41.986485002269141 ], [ 35.06005176890217, 41.984911062538067 ], [ 35.05575222354323, 41.976542825298196 ], [ 35.052784010181441, 41.96430168093211 ], [ 35.051801880284678, 41.953745405882323 ], [ 35.053002261269604, 41.933881338561541 ], [ 35.064045763096999, 41.897833680182337 ], [ 35.081069342584257, 41.890821137424595 ], [ 35.085608963601196, 41.885786426051276 ], [ 35.091807293247541, 41.878048597672063 ], [ 35.093160449814519, 41.868990439612936 ], [ 35.098092922969826, 41.860655148855983 ], [ 35.1037892740354, 41.859061985818514 ], [ 35.158111954249868, 41.824920072445352 ], [ 35.193905121929724, 41.809219259390183 ], [ 35.216232201242505, 41.792902409430404 ], [ 35.209510070242203, 41.77368085100666 ], [ 35.225049543048563, 41.751890474945874 ], [ 35.269289025864246, 41.717223265723973 ], [ 35.3264053183903, 41.681956255978413 ], [ 35.373001912239552, 41.65638921322104 ], [ 35.43974307451991, 41.645458764012545 ], [ 35.492472522509395, 41.615063268397201 ], [ 35.500000000348443, 41.613401383144236 ], [ 35.532233966515818, 41.606284414839266 ], [ 35.555547068125477, 41.601136599585999 ], [ 35.625474695754107, 41.59695154460767 ], [ 35.686934184575385, 41.603527936422161 ], [ 35.728794730889362, 41.611622273712705 ], [ 35.831045335153604, 41.641002092376944 ], [ 35.962410626135366, 41.68358613115381 ], [ 35.980285385405473, 41.685086870583149 ], [ 35.965073288333045, 41.649753668696846 ], [ 35.971380743523476, 41.647638545077946 ], [ 35.984628580802379, 41.670158594978439 ], [ 36.000000000378648, 41.678759384445875 ], [ 36.00023352821654, 41.678890042364301 ], [ 36.020661824140234, 41.670158594978439 ], [ 36.025834373851851, 41.653515509622238 ], [ 36.037816354639716, 41.651755705765815 ], [ 36.037510803475612, 41.6648965556018 ], [ 36.075966633353147, 41.616856389366454 ], [ 36.095019948140028, 41.580257080784961 ], [ 36.09484534708983, 41.548908873914094 ], [ 36.08054990530637, 41.525181405700266 ], [ 36.080684235780694, 41.499999999681769 ], [ 36.080702680888422, 41.496568299042053 ], [ 36.095238199228199, 41.47313405484018 ], [ 36.203294281000417, 41.394690171302109 ], [ 36.235791858686241, 41.373294437012397 ], [ 36.274706016208249, 41.330385087777188 ], [ 36.302838573029014, 41.311206698463891 ], [ 36.331538582140027, 41.306648781286427 ], [ 36.364930988748341, 41.297499765578543 ], [ 36.385817612316515, 41.281485876755795 ], [ 36.39201594106455, 41.254765768523662 ], [ 36.442126375996011, 41.231259730158939 ], [ 36.500000000408861, 41.23472899906033 ], [ 36.504262442651623, 41.234984506032468 ], [ 36.538789754738758, 41.254411145521452 ], [ 36.561793411885873, 41.285932785797968 ], [ 36.596691750643224, 41.352631975919202 ], [ 36.591541026399753, 41.364943350303854 ], [ 36.609044758999637, 41.378764698131704 ], [ 36.674323640067236, 41.386985306821593 ], [ 36.782423371877428, 41.378410754224788 ], [ 36.875551084069819, 41.362835294247972 ], [ 36.990940400068887, 41.334184664320766 ], [ 37.000000000439073, 41.323914146311978 ], [ 37.026602617634829, 41.293746362328122 ], [ 37.022979650110223, 41.232985085752375 ], [ 37.035310832998483, 41.200034157049707 ], [ 37.079332064726003, 41.179203384863918 ], [ 37.139001894803968, 41.161546055562894 ], [ 37.212727090109077, 41.157026041229095 ], [ 37.266678743653316, 41.158704940322068 ], [ 37.277591294468486, 41.141671791754966 ], [ 37.29919814590896, 41.128833439646954 ], [ 37.388048137312239, 41.118431711281026 ], [ 37.402081677969569, 41.097170839290889 ], [ 37.43608518780443, 41.085196429865306 ], [ 37.45468017494683, 41.070051551435341 ], [ 37.492786803622288, 41.035416863146807 ], [ 37.499999999570967, 41.031618954905788 ], [ 37.519020577053958, 41.021603139715936 ], [ 37.559746217889121, 41.019678044279857 ], [ 37.592200144638653, 41.036387272940587 ], [ 37.621074755698174, 41.056649362748708 ], [ 37.656256820151498, 41.102809846481755 ], [ 37.686681013398029, 41.134275918072589 ], [ 37.707611286105859, 41.141704086042978 ], [ 37.717519882454447, 41.132499491483195 ], [ 37.733997835119581, 41.124504972023878 ], [ 37.754753507675538, 41.127347580550875 ], [ 37.772388190389321, 41.125005667423856 ], [ 37.789368119838613, 41.123115924740105 ], [ 37.794191467449828, 41.118754771440642 ], [ 37.791092303075814, 41.099384490803743 ], [ 37.786487206552763, 41.091886856798176 ], [ 37.787753062145491, 41.078246709007573 ], [ 37.806151623667866, 41.047125508244427 ], [ 37.840919011412993, 41.025534039838071 ], [ 37.897489677116944, 41.011572611236005 ], [ 37.90152538098873, 40.999999999862673 ], [ 37.907725650097774, 40.98235183086453 ], [ 37.965802247052444, 40.980424184923017 ], [ 37.999999999601187, 40.974058743621406 ], [ 38.007488192316224, 40.972664837185569 ], [ 38.123641387123882, 40.951358047909281 ], [ 38.157513945946512, 40.951550900292716 ], [ 38.202953809747122, 40.944029224470569 ], [ 38.227157847879162, 40.947420514113368 ], [ 38.257996717833883, 40.95306155981531 ], [ 38.284034064747217, 40.95145447383139 ], [ 38.309023807155995, 40.946182954683877 ], [ 38.344402298127662, 40.924401300211976 ], [ 38.441218451554143, 40.918162859266261 ], [ 38.499999999631399, 40.92034694382199 ], [ 38.544211110057148, 40.921989602273435 ], [ 38.581597509961988, 40.941698615650331 ], [ 38.617499803185929, 40.964743891453978 ], [ 38.643449850023316, 40.96512951752657 ], [ 38.67470339668624, 40.953495466449688 ], [ 38.714337782978873, 40.950088419548059 ], [ 38.743714370822538, 40.961578458380146 ], [ 38.758882816958668, 40.973371730730406 ], [ 38.790742070668209, 40.999999999862673 ], [ 38.791860545960482, 41.000941807603049 ], [ 38.812649410367861, 40.999999999862673 ], [ 38.827937440234621, 40.999312665110146 ], [ 38.832741192894545, 40.999999999862673 ], [ 38.88461723148265, 41.007479066380895 ], [ 38.919144543569779, 41.02836478855383 ], [ 38.964082428789631, 41.03388035183351 ], [ 38.984314299093299, 41.032521722497435 ], [ 38.999999999661611, 41.026699531606823 ], [ 39.010504421588692, 41.022800228877578 ], [ 39.048130898049834, 41.024223766066733 ], [ 39.181613224407165, 41.052817350473802 ], [ 39.27094336802476, 41.059802115616726 ], [ 39.293641474906082, 41.050553608771807 ], [ 39.336964302432804, 41.051653150180599 ], [ 39.363329026876706, 41.057991322012029 ], [ 39.412457331911405, 41.08015391508826 ], [ 39.441877569793036, 41.082141876014042 ], [ 39.473000165443729, 41.080186240560806 ], [ 39.497204204474087, 41.065088697622222 ], [ 39.499999999691823, 41.063167845869451 ], [ 39.563159663376027, 41.019758932132568 ], [ 39.623212648278866, 40.999999999862673 ], [ 39.648823190329352, 40.991635862008287 ], [ 39.690836512225374, 40.991507372275024 ], [ 39.699130051779157, 40.99391651295511 ], [ 39.705328380527185, 40.998461515893233 ], [ 39.709940876473233, 40.999999999862673 ], [ 39.722853937696897, 41.004339969195712 ], [ 39.73527242066109, 41.007058371350119 ], [ 39.751946798946271, 41.004242881411827 ], [ 39.760545889664151, 41.001524362226498 ], [ 39.767202546056666, 41.000359247791096 ], [ 39.775845285914201, 41.003967798121224 ], [ 39.786670536653425, 41.002414366083499 ], [ 39.789351792180852, 40.999999999862673 ], [ 39.79511685178926, 40.994848023333788 ], [ 39.803650467001027, 40.989885168456794 ], [ 39.827941805209008, 40.983460201489464 ], [ 39.836213519294638, 40.97851254689057 ], [ 39.838265079164096, 40.964679619880677 ], [ 39.845729264403168, 40.95511857279056 ], [ 39.889968746320541, 40.941184263136691 ], [ 39.92650396823916, 40.948111608692855 ], [ 39.965723676925279, 40.951084838656477 ], [ 39.998374030193155, 40.966961210192729 ], [ 39.999999999722029, 40.966667397477842 ], [ 40.043987437726884, 40.958718189409986 ], [ 40.068300018396386, 40.938596365557245 ], [ 40.138880705066889, 40.91361228184681 ], [ 40.209635988296014, 40.906970766631922 ], [ 40.308021187706771, 40.95201695861396 ], [ 40.354195715306311, 40.999999999862673 ], [ 40.369828393713284, 41.016361571786135 ], [ 40.393377113540502, 41.027329557021943 ], [ 40.461295201793718, 41.033103995769551 ], [ 40.487571993747721, 41.040284938544744 ], [ 40.499999999752248, 41.038013783116554 ], [ 40.505271727064489, 41.037050377533021 ], [ 40.523429776347648, 41.025922263655588 ], [ 40.551190639948246, 41.033896526032599 ], [ 40.585455228052432, 41.036209365353429 ], [ 40.600055870657044, 41.050149361141806 ], [ 40.627423892000742, 41.063326550745181 ], [ 40.677795018925977, 41.077325410926505 ], [ 40.735870222593633, 41.125732476827984 ], [ 40.810161087033165, 41.146225164874032 ], [ 40.853068208382382, 41.151327147392145 ], [ 40.93104742691942, 41.146774131255619 ], [ 40.99999999978246, 41.168898847067553 ], [ 41.023016200105886, 41.176282347944742 ], [ 41.137115096080784, 41.259778642708014 ], [ 41.193815350950992, 41.274009224522842 ], [ 41.21402491069626, 41.298756221121579 ], [ 41.30741228181985, 41.349042728501601 ], [ 41.371358296567784, 41.367003063183567 ], [ 41.402043653423604, 41.386727925986989 ], [ 41.427294690595701, 41.450334094131534 ], [ 41.465771422473274, 41.468009186398923 ], [ 41.499999999812673, 41.481484148215685 ], [ 41.508372999844909, 41.484779965697008 ], [ 41.526029083123703, 41.494255771676826 ], [ 41.52865626186766, 41.499999999681769 ], [ 41.535217230614414, 41.514455071355236 ], [ 41.542855833647373, 41.531263719746782 ], [ 41.551520190563906, 41.55875635135687 ], [ 41.558918723328752, 41.566452177776739 ], [ 41.563698305917647, 41.585073548228692 ], [ 41.561341251477941, 41.598292731179328 ], [ 41.579106458504192, 41.596224383757878 ], [ 41.607805778607386, 41.589372506135518 ], [ 41.630416041932023, 41.577024348537549 ], [ 41.659093538363692, 41.572255771950154 ], [ 41.631834639869133, 41.594511482713095 ], [ 41.614091257412703, 41.599924738980356 ], [ 41.591371871238934, 41.606242318977287 ], [ 41.576312911769627, 41.610087497547859 ], [ 41.567844975981536, 41.617470239477804 ], [ 41.599381491060633, 41.643036698432553 ], [ 41.62845182974921, 41.658261894147977 ], [ 41.640913664510713, 41.661571239390085 ], [ 41.650691075386774, 41.655146109708241 ], [ 41.663458453227548, 41.651884867273353 ], [ 41.676465902234732, 41.652966585245075 ], [ 41.697155602516226, 41.663589049036368 ], [ 41.768238254292761, 41.745732375775482 ], [ 41.778146613486101, 41.841727721025968 ], [ 41.767081552091895, 41.904234360509228 ], [ 41.761210740113299, 41.93732103237182 ], [ 41.735773434572096, 41.999999999713268 ], [ 41.731376541480756, 42.010913943841658 ], [ 41.708744453586291, 42.025815616455525 ], [ 41.680372502030529, 42.058114758620981 ], [ 41.691328440575589, 42.062819963302601 ], [ 41.709137295843199, 42.062706783688057 ], [ 41.717561583389944, 42.070596523977798 ], [ 41.721555481465039, 42.083673855557386 ], [ 41.701040377742181, 42.097863487562407 ], [ 41.683755311252135, 42.098283632534191 ], [ 41.668740001820787, 42.096780792104418 ], [ 41.662432698445642, 42.090526651096461 ], [ 41.661821610490463, 42.073975229184597 ], [ 41.633624254595006, 42.093112417991648 ], [ 41.627578846956098, 42.120595784539191 ], [ 41.638841555679129, 42.17555886495478 ], [ 41.639036750607218, 42.176511011928525 ], [ 41.628364531469899, 42.250997991585749 ], [ 41.605165004759918, 42.325879492564113 ], [ 41.572646383140253, 42.375112514491114 ], [ 41.559355214725315, 42.399240043306435 ], [ 41.54896671499575, 42.407698551465671 ], [ 41.543183202194783, 42.412393652900917 ], [ 41.539647620086079, 42.416991936452774 ], [ 41.542812184507717, 42.420046552824004 ], [ 41.544230781546517, 42.427698511987778 ], [ 41.551803910869978, 42.432488545194133 ], [ 41.558307634475263, 42.4347709147251 ], [ 41.55843858279254, 42.438194312035762 ], [ 41.550516260351834, 42.437872874039712 ], [ 41.540629726626634, 42.432681424749973 ], [ 41.537530635914472, 42.422023934886752 ], [ 41.535042634055792, 42.421557728547462 ], [ 41.533754984435966, 42.428116449329337 ], [ 41.531026912309187, 42.442067506069556 ], [ 41.530332098674585, 42.445620195328601 ], [ 41.520507465160662, 42.495833362766483 ], [ 41.5197033912347, 42.499999999702688 ], [ 41.51950353405028, 42.501043970019957 ], [ 41.517124655040753, 42.539650440832098 ], [ 41.499999999812673, 42.593090436095665 ], [ 41.471489461564758, 42.681959440415902 ], [ 41.460424401068856, 42.716372607484963 ], [ 41.42897518337076, 42.758713300367347 ], [ 41.389887363538008, 42.772299358354189 ], [ 41.35616838967951, 42.793083602253553 ], [ 41.3135013385984, 42.806581538502641 ], [ 41.270987060404401, 42.80862690993294 ], [ 41.241720300587374, 42.800589980700884 ], [ 41.216578386264409, 42.793421891770898 ], [ 41.203266597920432, 42.793361933792688 ], [ 41.187966363542223, 42.793293019887969 ], [ 41.147809139787924, 42.808192072816766 ], [ 41.134474322233316, 42.830445330665079 ], [ 41.126726597249537, 42.871388265459046 ], [ 41.111100198964721, 42.927479425704483 ], [ 41.089231971014215, 42.972437419117149 ], [ 41.064133705830919, 42.988882684785644 ], [ 41.053481435581112, 42.992132790774292 ], [ 41.029978240575865, 42.999303220547723 ], [ 40.99999999978246, 42.997599806781508 ], [ 40.992963755775072, 42.997199988810564 ], [ 40.977250059210931, 42.983631601571162 ], [ 40.956647657208755, 42.989830079397599 ], [ 40.948588175498898, 43.00000000005209 ], [ 40.926224195190869, 43.028443415550854 ], [ 40.914591694981141, 43.052448803793041 ], [ 40.911056112872416, 43.059742367685736 ], [ 40.891042975153916, 43.077398552778341 ], [ 40.741631910824779, 43.089069517877064 ], [ 40.709004166355982, 43.098912122164066 ], [ 40.683098392089057, 43.119093366832637 ], [ 40.6504488221521, 43.110271965688391 ], [ 40.617188165158304, 43.107492797648305 ], [ 40.582006944223025, 43.108203760153316 ], [ 40.560662506846718, 43.125958955526755 ], [ 40.553329448689674, 43.145824403541226 ], [ 40.53360002948061, 43.15580312677104 ], [ 40.507039518118852, 43.155302614925475 ], [ 40.499999999752248, 43.154170054977946 ], [ 40.472316613149957, 43.149715977950436 ], [ 40.442438765377759, 43.160791873064554 ], [ 40.403896559790716, 43.17365739298554 ], [ 40.384058018630824, 43.185164635858705 ], [ 40.361578702725154, 43.18774660613002 ], [ 40.338706544562598, 43.172414544888518 ], [ 40.327445062039928, 43.157579103312727 ], [ 40.311251224939582, 43.16340716882371 ], [ 40.283992326445023, 43.18045225651165 ], [ 40.270984877437833, 43.197331209551024 ], [ 40.263673643850609, 43.235509342395325 ], [ 40.257453638754775, 43.278336303442345 ], [ 40.222248627735837, 43.312747266289726 ], [ 40.24817467608041, 43.326885169925298 ], [ 40.274728684537827, 43.349268162551574 ], [ 40.312662982205808, 43.367448224845312 ], [ 40.341113705232218, 43.394009217641511 ], [ 40.390400094892307, 43.380627478138365 ], [ 40.413804918984056, 43.389669868622065 ], [ 40.433577986434464, 43.415542027873286 ], [ 40.460880534068671, 43.427951568742543 ], [ 40.499999999752248, 43.431280708396386 ], [ 40.518672018328587, 43.432869667223613 ], [ 40.578733257850558, 43.463751266714802 ], [ 40.636546565781977, 43.464490174241675 ], [ 40.669850872813754, 43.492064182643553 ], [ 40.711933485360909, 43.499999999890157 ], [ 40.735150010891012, 43.504414316978597 ], [ 40.789340439332712, 43.507020343754405 ], [ 40.842810656071791, 43.50483517390127 ], [ 40.848356617480711, 43.499999999890157 ], [ 40.875525699718217, 43.476504170791159 ], [ 40.928341179362469, 43.467317213210663 ], [ 40.984430345379188, 43.481418295093597 ], [ 40.99999999978246, 43.46936067827609 ], [ 41.037333124201055, 43.440438895110788 ], [ 41.126639298970233, 43.46126140394918 ], [ 41.205033184333985, 43.436774929464832 ], [ 41.294426657382481, 43.435055359437932 ], [ 41.284561948227108, 43.411281685413201 ], [ 41.315465550781212, 43.415252655278103 ], [ 41.369655979222912, 43.424335062710398 ], [ 41.418914052188612, 43.431600000232152 ], [ 41.460795418755929, 43.391648058635653 ], [ 41.499999999812673, 43.3654597081809 ], [ 41.512497844440652, 43.357108852273988 ], [ 41.556845388296814, 43.335300506755168 ], [ 41.611035816738514, 43.297088727558112 ], [ 41.665204419712076, 43.262511430975181 ], [ 41.707085786279386, 43.257047503927545 ], [ 41.744034797370702, 43.251583083057994 ], [ 41.776051453884328, 43.229720460138466 ], [ 41.808068110397954, 43.238830846646302 ], [ 41.836852735418837, 43.242631993679097 ], [ 41.862258537941344, 43.246118167714513 ], [ 41.873408538638941, 43.251208798751897 ], [ 41.882039511464569, 43.257897939548322 ], [ 41.89427519445497, 43.269795898863876 ], [ 41.950909975615694, 43.255226085173213 ], [ 41.999999999842885, 43.243959281918535 ], [ 42.022341820509482, 43.238830846646302 ], [ 42.081464603528872, 43.222431163858403 ], [ 42.143031739267286, 43.22607592173091 ], [ 42.173913518149867, 43.215205508191552 ], [ 42.176056580414162, 43.171915364100954 ], [ 42.11972308970816, 43.131660842475704 ], [ 42.077623478340882, 43.086709641272087 ], [ 42.045715944676395, 43.062281163510391 ], [ 42.073564106556304, 43.047709944811672 ], [ 42.073695053975271, 43.019107229772061 ], [ 42.103783906126246, 43.00000000005209 ], [ 42.11607838475031, 42.992254701241109 ], [ 42.180532200958687, 43.00000000005209 ], [ 42.239801920510786, 43.00718007476425 ], [ 42.258461934899977, 43.004914136834536 ], [ 42.258419731149615, 43.00000000005209 ], [ 42.258178215492222, 42.972100116170225 ], [ 42.290026706486344, 42.951205432475014 ], [ 42.307763657005331, 42.939565738995434 ], [ 42.308920360104516, 42.939405032273697 ], [ 42.319124636928862, 42.928137498380565 ], [ 42.329173568989447, 42.918027292862234 ], [ 42.357963839921887, 42.886981969374858 ], [ 42.363235163890579, 42.881456352184465 ], [ 42.370705741541201, 42.873624532990881 ], [ 42.458396897244818, 42.902576019659911 ], [ 42.498270402489673, 42.93402111758477 ], [ 42.49999999987309, 42.934075600168256 ], [ 42.536026922664611, 42.935210441522749 ], [ 42.568458246004965, 42.929456472872495 ], [ 42.589147946286445, 42.925791651799088 ], [ 42.652875715336108, 42.91378300310393 ], [ 42.724023840822127, 42.905872404453852 ], [ 42.764246539184235, 42.90834859573058 ], [ 42.82827985221148, 42.927029357261183 ], [ 42.959183673241895, 42.899134726554522 ], [ 42.999999999903309, 42.899124352303978 ], [ 43.022453126325175, 42.89911864540877 ], [ 43.074024604590932, 42.885624976500509 ], [ 43.080921172249738, 42.929922596510103 ], [ 43.094212339766379, 42.981897199931581 ], [ 43.090305740868907, 42.996589877462448 ], [ 43.130681210321484, 42.997938536177521 ], [ 43.204579233402427, 42.979809428807059 ], [ 43.285853962881752, 42.950765946400978 ], [ 43.35235345319785, 42.919908190868846 ], [ 43.396700997054012, 42.910824687481131 ], [ 43.436094360864338, 42.890836233303062 ], [ 43.499999999933515, 42.89420430788654 ], [ 43.505060028469281, 42.894470982924311 ], [ 43.551851925044446, 42.88901877758282 ], [ 43.586334758846924, 42.858129867695915 ], [ 43.642991363679151, 42.832666992590731 ], [ 43.692249437543175, 42.818112032200141 ], [ 43.709490853995248, 42.779904951577329 ], [ 43.778456522498509, 42.764386610288838 ], [ 43.814030584792363, 42.735950332476364 ], [ 43.789085091597848, 42.697950319758235 ], [ 43.773851536468236, 42.649174055073495 ], [ 43.798731555054943, 42.626015244486226 ], [ 43.801634224638661, 42.601183364473691 ], [ 43.849189981157807, 42.591325397297808 ], [ 43.900150371468378, 42.575436220889891 ], [ 43.947924373685801, 42.553608221917713 ], [ 43.954253501630774, 42.543564759056402 ], [ 43.952644083561005, 42.541985603966268 ], [ 43.943406685934846, 42.532921117722616 ], [ 43.881141163961949, 42.524136310693933 ], [ 43.841557675314995, 42.499999999702688 ], [ 43.834458390235909, 42.49570490683039 ], [ 43.775750274043247, 42.386501872334861 ], [ 43.732974101011308, 42.347821070796542 ], [ 43.668438822878016, 42.29576367970899 ], [ 43.617172887691545, 42.252400426484471 ], [ 43.586443881696056, 42.202038171051257 ], [ 43.574112994353527, 42.150424507334975 ], [ 43.570490114863816, 42.107930045268205 ], [ 43.505998484971862, 42.087472077215679 ], [ 43.499999999933515, 42.082072571652418 ], [ 43.48341004711537, 42.067136800190198 ], [ 43.499999999933515, 42.059361453346881 ], [ 43.536640193586358, 42.04218560161766 ], [ 43.540765039080412, 42.01835712987544 ], [ 43.499999999933515, 42.005877766716743 ], [ 43.495042547325106, 42.004359977769106 ], [ 43.486021432578326, 41.999999999713268 ], [ 43.440895768023061, 41.978357911231782 ], [ 43.423326982125246, 41.938542561059116 ], [ 43.362261812391196, 41.891239338355994 ], [ 43.318110689663484, 41.868652543702481 ], [ 43.250519970856004, 41.85286597218348 ], [ 43.184806165053701, 41.844737816562208 ], [ 43.150847120927104, 41.818430873062958 ], [ 43.153451729499544, 41.815749179686115 ], [ 43.17640370207679, 41.792113037908621 ], [ 43.219245349716523, 41.766300034798547 ], [ 43.301065694339854, 41.771682635465901 ], [ 43.33498108932681, 41.752631985616425 ], [ 43.351153101857328, 41.713320009110319 ], [ 43.359446441086796, 41.680277925984221 ], [ 43.367599513774536, 41.659261060364528 ], [ 43.374549049695766, 41.641341197880855 ], [ 43.40939906178577, 41.631491034678028 ], [ 43.446482859695571, 41.621007837552519 ], [ 43.499999999933515, 41.63117849306127 ], [ 43.526797309000798, 41.636270575411423 ], [ 43.597312521063508, 41.641793335980701 ], [ 43.645850384123214, 41.611799982068895 ], [ 43.660014535331271, 41.564027121604262 ], [ 43.670032016475439, 41.504244785414912 ], [ 43.68059387129189, 41.502367062300451 ], [ 43.693907732947551, 41.499999999681769 ], [ 43.737208069354509, 41.492360722600608 ], [ 43.749572109022594, 41.499999999681769 ], [ 43.768111671908606, 41.511542635685728 ], [ 43.823022311154624, 41.519648588473935 ], [ 43.874833860586797, 41.502982545255826 ], [ 43.878300624558229, 41.499999999681769 ], [ 43.91896315784637, 41.465277898045954 ], [ 43.955170133563541, 41.421674067938099 ], [ 43.955977642647156, 41.36185365713245 ], [ 43.922389617105942, 41.327986087536352 ], [ 43.919356000103271, 41.280212972978966 ], [ 43.884502148613727, 41.230985604531782 ], [ 43.83255965176258, 41.20863236501777 ], [ 43.774724519261341, 41.177508877019037 ], [ 43.719311914909284, 41.140541472074069 ], [ 43.65853046368467, 41.131498211390188 ], [ 43.584741564351184, 41.13700506100907 ], [ 43.534719630543201, 41.119950079556439 ], [ 43.525519211167378, 41.1137809501557 ], [ 43.499999999933515, 41.096666574269598 ], [ 43.491332368657773, 41.090852632900926 ], [ 43.484457626467105, 41.052865858312202 ], [ 43.495457214151841, 41.012057994985746 ], [ 43.499999999933515, 41.006323934856695 ], [ 43.505009650049836, 40.999999999862673 ], [ 43.521799479815314, 40.978962348816886 ], [ 43.560407159111854, 40.959730546564074 ], [ 43.592545884096175, 40.958453063695458 ], [ 43.612153234834537, 40.95767367839975 ], [ 43.614422990994932, 40.954266848775127 ], [ 43.624222226440821, 40.93959295940266 ], [ 43.616613964904914, 40.923267165047932 ], [ 43.614410090289141, 40.918537335542105 ], [ 43.61048722829176, 40.9064044576104 ], [ 43.607330003105986, 40.871838357623801 ], [ 43.580813139985572, 40.832275830874536 ], [ 43.588626339577146, 40.79335000659443 ], [ 43.589761217208185, 40.792834491651249 ], [ 43.607417301385304, 40.774740586595293 ], [ 43.621144961196805, 40.756996326156802 ], [ 43.623698436764961, 40.753337288438345 ], [ 43.637745951614839, 40.723958011509815 ], [ 43.639738658358461, 40.719991132502102 ], [ 43.640897478786769, 40.717684160492901 ], [ 43.641398170081743, 40.716687362859666 ], [ 43.646265331224313, 40.7161318603263 ], [ 43.671057772155649, 40.673497240999239 ], [ 43.672957116991796, 40.653445609016664 ], [ 43.674004089980706, 40.642389988325533 ], [ 43.677073734816169, 40.629155027574193 ], [ 43.680370504298175, 40.614937864763249 ], [ 43.684545361699058, 40.600880144485338 ], [ 43.683771333724387, 40.60026875061326 ], [ 43.683977921985218, 40.599377549860236 ], [ 43.652112185134278, 40.575256796042495 ], [ 43.634021461886711, 40.561559130975589 ], [ 43.632733812266885, 40.559942479335838 ], [ 43.60887954756376, 40.532534246042971 ], [ 43.602908836637361, 40.526814529455599 ], [ 43.590088585755595, 40.512492404728448 ], [ 43.551675011730715, 40.511050188570678 ], [ 43.536984015676509, 40.499999999920512 ], [ 43.532275277824183, 40.49648432835118 ], [ 43.532098617835359, 40.495201789027249 ], [ 43.529568944028973, 40.476833798538301 ], [ 43.530203774457107, 40.475789963651948 ], [ 43.54154926203524, 40.463622354790857 ], [ 43.543143918089946, 40.461911968139106 ], [ 43.563266178657599, 40.461831621281746 ], [ 43.57679741734065, 40.45305714595947 ], [ 43.577396097765117, 40.452282715621692 ], [ 43.581577000827856, 40.449457026748455 ], [ 43.585509562833664, 40.441786549553669 ], [ 43.588364443840895, 40.438092876026168 ], [ 43.594344309498354, 40.424551130036896 ], [ 43.602310350248992, 40.409006624280643 ], [ 43.601727679599513, 40.407827276820285 ], [ 43.593951536411737, 40.392086071536355 ], [ 43.581165942533623, 40.383125553306812 ], [ 43.572672572744899, 40.377172487650782 ], [ 43.56299124926489, 40.354643083042028 ], [ 43.565470461108504, 40.331816049889575 ], [ 43.578632308055155, 40.294539695844065 ], [ 43.614946780670799, 40.247282324162789 ], [ 43.623369957899861, 40.246701361578651 ], [ 43.636684061202324, 40.245783052434163 ], [ 43.655125829893237, 40.222709393670037 ], [ 43.649373953061627, 40.205481621662976 ], [ 43.6351221119088, 40.202006104062747 ], [ 43.625466227819317, 40.19212580237614 ], [ 43.64820743856292, 40.179894926701436 ], [ 43.66557980243396, 40.163465267346396 ], [ 43.665841697271887, 40.162642065166359 ], [ 43.67465882707554, 40.135599927899833 ], [ 43.65839951626571, 40.131352922665123 ], [ 43.648098315713774, 40.128672166090084 ], [ 43.629831143581484, 40.122470489641302 ], [ 43.628140537572968, 40.119939383785798 ], [ 43.622258014258023, 40.111131574667517 ], [ 43.616387203177744, 40.109936193590237 ], [ 43.598665645291135, 40.097884276179222 ], [ 43.556958876180758, 40.092665419118219 ], [ 43.555235659530808, 40.092455075794632 ], [ 43.499999999933515, 40.085712431015445 ], [ 43.498935946377799, 40.085582534971607 ], [ 43.456149675383756, 40.071737401925972 ], [ 43.454601603264734, 40.071236410290304 ], [ 43.37887031631827, 40.078719558877637 ], [ 43.350301942735726, 40.008121987588915 ], [ 43.348588901302996, 40.00000000026855 ], [ 43.34235779662351, 39.968358470441508 ], [ 43.367521535516303, 39.931378442661298 ], [ 43.432886147303037, 39.912889546471689 ], [ 43.499999999933515, 39.885747011913011 ], [ 43.542925672391675, 39.868381105979502 ], [ 43.564155709316545, 39.868080124193412 ], [ 43.564444706326604, 39.86543019960309 ], [ 43.561902360884822, 39.853889712679347 ], [ 43.55895582476915, 39.846621588860181 ], [ 43.55346694321171, 39.835688339518505 ], [ 43.55346694321171, 39.809442912686848 ], [ 43.575444294011326, 39.80417871521098 ], [ 43.593013079909134, 39.809442912686848 ], [ 43.596567212228472, 39.809302365556462 ], [ 43.604488660608418, 39.810022296493891 ], [ 43.608461825566749, 39.811215621771133 ], [ 43.612610241057233, 39.81318945300719 ], [ 43.61496860524062, 39.816443839087931 ], [ 43.614994794724424, 39.816495778582713 ], [ 43.62032610279789, 39.824836012299542 ], [ 43.628150650806447, 39.833946136871383 ], [ 43.625968192925356, 39.854927406502412 ], [ 43.62421131460507, 39.861494879789163 ], [ 43.621924753660657, 39.868074043781533 ], [ 43.620277972861587, 39.872006141874365 ], [ 43.644409961616269, 39.878725625732713 ], [ 43.696199686478614, 39.865551710009584 ], [ 43.847400365533616, 39.834837389076114 ], [ 43.937186680839005, 39.786072335322004 ], [ 43.999999999963734, 39.777314598920022 ], [ 44.025816293943528, 39.773714840879457 ], [ 44.096964419429547, 39.799626507179795 ], [ 44.241857795109411, 39.76260682972007 ], [ 44.323699964302563, 39.715094933317452 ], [ 44.350522371400579, 39.700845367016825 ], [ 44.351657249031611, 39.64705656261463 ], [ 44.3886499101609, 39.566154737879778 ], [ 44.413202560200197, 39.539195362129007 ], [ 44.420890421453436, 39.50000000024815 ], [ 44.423198217672848, 39.488314763359796 ], [ 44.402552166531024, 39.435304374917692 ], [ 44.337471273253733, 39.403613936310244 ], [ 44.27810841996623, 39.395008004767412 ], [ 44.239173372122281, 39.397211641607754 ], [ 44.187863788694465, 39.416087166402313 ], [ 44.129526690188868, 39.417266715572367 ], [ 44.102966178827103, 39.395060059655322 ], [ 44.074245033255778, 39.390027873595727 ], [ 44.060015408338238, 39.364305956961587 ], [ 44.059840811779615, 39.322978167671046 ], [ 44.062721655895189, 39.31750646764484 ], [ 44.063310919280532, 39.316377332744345 ], [ 44.081338021144717, 39.282199290418511 ], [ 44.06154312822617, 39.257654402730189 ], [ 44.064773166357298, 39.210069674669995 ], [ 44.089544062993184, 39.20003029186725 ], [ 44.137820030316647, 39.171435356832937 ], [ 44.141181014968431, 39.132222274324064 ], [ 44.113027309110926, 39.122816218981612 ], [ 44.111521412894511, 39.107990402302676 ], [ 44.141006418409802, 39.082373182326521 ], [ 44.166213806442251, 39.057478899711981 ], [ 44.178086376920085, 39.022720192957863 ], [ 44.169291072584578, 39.01347388224417 ], [ 44.159197755664124, 38.999999999654428 ], [ 44.152573444910054, 38.991218384827633 ], [ 44.162852821790466, 38.982380212725289 ], [ 44.154515832523032, 38.972778270738992 ], [ 44.167588755239706, 38.930802038464307 ], [ 44.168810931150055, 38.907766018801304 ], [ 44.18229852069345, 38.880678649709196 ], [ 44.179068483460647, 38.866618959811213 ], [ 44.190962878508302, 38.856792870648668 ], [ 44.192097757037672, 38.836580851633585 ], [ 44.205454398263775, 38.82287714442829 ], [ 44.242839901649965, 38.819906789028337 ], [ 44.262503846251228, 38.812176330754568 ], [ 44.265253743846145, 38.80345466412723 ], [ 44.269705957887624, 38.789535990104667 ], [ 44.259884896973588, 38.760942855397957 ], [ 44.327519265819042, 38.735277417092128 ], [ 44.453687153400224, 38.660314540364602 ], [ 44.499999999993946, 38.621994030464137 ], [ 44.54877684186868, 38.581612411604773 ], [ 44.600959408089615, 38.518507786241621 ], [ 44.625784999549886, 38.499999999878447 ], [ 44.655979170184764, 38.477640468923397 ], [ 44.71774272794994, 38.452572567823402 ], [ 44.732627089962314, 38.423072734422441 ], [ 44.717153463666278, 38.397118098402899 ], [ 44.680160803435314, 38.371900488368318 ], [ 44.650763096199327, 38.352890306822054 ], [ 44.624246233977217, 38.339623601219699 ], [ 44.560693061486177, 38.335976564881456 ], [ 44.499999999993946, 38.316937054171241 ], [ 44.488933847146662, 38.313465041504649 ], [ 44.487275179839756, 38.295325632420209 ], [ 44.485856581902645, 38.277407609548611 ], [ 44.468724288299704, 38.238880063640465 ], [ 44.423438287940954, 38.224183404239682 ], [ 44.40198472681719, 38.189490898476592 ], [ 44.374922250349393, 38.077470496684889 ], [ 44.372390598452746, 38.046927441360545 ], [ 44.34406229603664, 38.040266232344202 ], [ 44.311750659733164, 37.999999999985143 ], [ 44.308662830301401, 37.996177202078677 ], [ 44.268723851347062, 37.951123762757526 ], [ 44.27579501466618, 37.917753431890468 ], [ 44.285616074681897, 37.881313080785233 ], [ 44.310452445027266, 37.860099894459438 ], [ 44.361216415107712, 37.844507227937747 ], [ 44.37898162123566, 37.81497971132805 ], [ 44.361500134515474, 37.783059232723588 ], [ 44.344586085712493, 37.764772977878977 ], [ 44.346332052197027, 37.741595727568921 ], [ 44.374507582624354, 37.726586597062841 ], [ 44.41407554389162, 37.714149130293031 ], [ 44.457921121743418, 37.676945933928387 ], [ 44.478196155198177, 37.637460043969476 ], [ 44.475882749898126, 37.581171756200298 ], [ 44.485485564215573, 37.546848111691119 ], [ 44.490898059329467, 37.527543865243359 ], [ 44.499999999993946, 37.521215007456647 ], [ 44.530504998496916, 37.499999999942176 ], [ 44.537428061066713, 37.49521685130965 ], [ 44.602465304306037, 37.465211144872526 ], [ 44.66625854706519, 37.430770221793424 ], [ 44.746594820041928, 37.399888134188252 ], [ 44.790942363898075, 37.364600920445604 ], [ 44.801112617031045, 37.317536838888373 ], [ 44.806372340156152, 37.247111015440922 ], [ 44.809284905581031, 37.238847706061975 ], [ 44.817546524399496, 37.216065722804345 ], [ 44.849454058063984, 37.184102571187353 ], [ 44.849906793695816, 37.183034692848672 ], [ 44.858271187867629, 37.163302665590834 ], [ 44.846311319110484, 37.118741857404054 ], [ 44.846551389378583, 37.117836088120001 ], [ 44.849017566667435, 37.108934579389597 ], [ 44.85484472860805, 37.087713028327656 ], [ 44.907463787123852, 37.048163630073063 ], [ 44.939756179717307, 37.000000000102617 ], [ 44.941117287272867, 36.997982676572128 ], [ 44.949934417076513, 36.946612870059845 ], [ 44.949694346808407, 36.893941193264574 ], [ 44.941968446394462, 36.858268102228557 ], [ 44.950829224439445, 36.793770908765474 ], [ 45.000000000024151, 36.771244681522546 ], [ 45.014339091845592, 36.764674523940648 ], [ 45.070407779867089, 36.734106114096171 ], [ 45.096597903260793, 36.673297972388731 ], [ 45.096510602286536, 36.643371962666059 ], [ 45.049848533829483, 36.625173861365965 ], [ 45.023683910911743, 36.530592738410029 ], [ 45.056810741386101, 36.501713080850983 ], [ 45.058375535644132, 36.499999999919694 ], [ 45.105284294054613, 36.448961833369992 ], [ 45.139658829661379, 36.447348892645763 ], [ 45.194723563216286, 36.459887316694399 ], [ 45.327245585145008, 36.440653958689751 ], [ 45.341541026928468, 36.416384278036787 ], [ 45.320239726652098, 36.390388673060286 ], [ 45.309523601456966, 36.321522184734647 ], [ 45.336564903735194, 36.28324226818075 ], [ 45.36893153040878, 36.261913372480329 ], [ 45.358913808516121, 36.213914918219821 ], [ 45.36120544404357, 36.175999492797075 ], [ 45.385344007567817, 36.14673680217593 ], [ 45.407103634590349, 36.1172192464376 ], [ 45.396060132762962, 36.085738937180786 ], [ 45.415157096689505, 36.064564890503945 ], [ 45.425262119556422, 36.028634285265689 ], [ 45.410311924508456, 36.008281964625866 ], [ 45.404705185782355, 35.999999999757982 ], [ 45.399814050401474, 35.992820438980232 ], [ 45.392899138246257, 35.979338679302209 ], [ 45.392328039694263, 35.978119522876788 ], [ 45.438619082379418, 35.972241850901355 ], [ 45.44379163119271, 35.984100771658369 ], [ 45.462604869423288, 35.993201793678352 ], [ 45.484102595319683, 35.992317741342362 ], [ 45.497946454009821, 35.999999999757982 ], [ 45.500000000054371, 36.001146804393457 ], [ 45.512933555442913, 36.008369175106928 ], [ 45.57303988769722, 36.007723814074851 ], [ 45.57745449646427, 35.999999999757982 ], [ 45.583079435058025, 35.990220242678795 ], [ 45.60817830211257, 35.9860597477415 ], [ 45.630505382323669, 35.985487662388223 ], [ 45.637685840968459, 35.976593798022407 ], [ 45.660012920281247, 35.960866694057955 ], [ 45.672191327587456, 35.944061037770211 ], [ 45.682514600644218, 35.924371807861291 ], [ 45.760299265650282, 35.849750756391643 ], [ 45.850087736912357, 35.848483026822876 ], [ 45.863575649849246, 35.870448324440083 ], [ 45.913467834590854, 35.86199284582753 ], [ 46.000000000084583, 35.884982220851867 ], [ 46.001750372805581, 35.8854471805234 ], [ 46.061136476289256, 35.886766387489452 ], [ 46.101774817048472, 35.860013403125528 ], [ 46.142456807845676, 35.818172994449434 ], [ 46.206731734446691, 35.827275915550231 ], [ 46.267449169029206, 35.837246228136671 ], [ 46.3025439343049, 35.816870009061546 ], [ 46.324914663655655, 35.798678082206884 ], [ 46.323365081468651, 35.793482099690785 ], [ 46.333186377741292, 35.791970160968802 ], [ 46.375286999713268, 35.743972749519308 ], [ 46.374152095132757, 35.676943111818943 ], [ 46.385239246998125, 35.649387594679759 ], [ 46.443163068370744, 35.649283133728652 ], [ 46.493906431098566, 35.627395485352523 ], [ 46.500000000114795, 35.598041770040034 ], [ 46.509096702702848, 35.554201251892522 ], [ 46.500000000114795, 35.547995791951841 ], [ 46.453901019034028, 35.516541190722656 ], [ 46.383536889229063, 35.504908299480242 ], [ 46.384875341273158, 35.500000000299181 ], [ 46.394995067764654, 35.463112141682018 ], [ 46.386068600414518, 35.409351818346849 ], [ 46.426794241249681, 35.359913825869874 ], [ 46.467192506350898, 35.318558959867133 ], [ 46.486398595821527, 35.23072422189572 ], [ 46.500000000114795, 35.209403222780381 ], [ 46.533780893049197, 35.156425249083604 ], [ 46.561695199680102, 35.11562739324399 ], [ 46.500000000114795, 35.04863184413967 ], [ 46.493404454314437, 35.04146637902705 ], [ 46.500000000114795, 35.026546237049764 ], [ 46.507809021641982, 35.008877473392623 ], [ 46.518481496799147, 35.004255727471282 ], [ 46.52135268133047, 34.999999999650299 ], [ 46.526294883240297, 34.99218475788448 ], [ 46.525858381063955, 34.91052632259575 ], [ 46.500000000114795, 34.831953717030579 ], [ 46.481269697046194, 34.774993008141138 ], [ 46.469287716258336, 34.665470175378083 ], [ 46.479349088188968, 34.566557557313942 ], [ 46.490604258250123, 34.500000000164391 ], [ 46.493950082034857, 34.480323555450973 ], [ 46.500000000114795, 34.467298490146888 ], [ 46.527538914263197, 34.407983152026304 ], [ 46.586575815646484, 34.337350804566313 ], [ 46.601918862832818, 34.2838613794463 ], [ 46.500000000114795, 34.238796553595442 ], [ 46.468720263069763, 34.224960902514383 ], [ 46.340628737512219, 34.171044347325662 ], [ 46.228273110381053, 34.064715595134579 ], [ 46.223384287263713, 34.024657829933567 ], [ 46.238294477637133, 34.000000000147317 ], [ 46.285847730551588, 33.921776517168723 ], [ 46.400320392160005, 33.799239227977452 ], [ 46.443032118256831, 33.735328032826501 ], [ 46.453333565845455, 33.716994841947503 ], [ 46.454162565325625, 33.715519290269484 ], [ 46.49722384656075, 33.638838475085585 ], [ 46.500000000114795, 33.638266674924949 ], [ 46.549123940235532, 33.628148048168015 ], [ 46.610496128082559, 33.564557217070991 ], [ 46.61385719358271, 33.559806105536602 ], [ 46.641902450327535, 33.520047303330117 ], [ 46.645198784126627, 33.500000000094566 ], [ 46.653316978825153, 33.450894819357075 ], [ 46.662352571719367, 33.37870979226718 ], [ 46.65462670633972, 33.284772143423289 ], [ 46.706788480155083, 33.20193226600054 ], [ 46.716391524441235, 33.144788605018441 ], [ 46.726190996144041, 33.074273994031643 ], [ 46.696552507174246, 33.073862553025485 ], [ 46.645830969016252, 33.080894177771221 ], [ 46.607789815846914, 33.070103394013572 ], [ 46.562502728526667, 33.025785464408415 ], [ 46.524877097380205, 33.000000000021366 ], [ 46.500000000114795, 32.983044423038713 ], [ 46.485547416936996, 32.973192411759058 ], [ 46.453639117907883, 32.95991773411361 ], [ 46.454621246906328, 32.924738486237906 ], [ 46.442639266118455, 32.893160117483113 ], [ 46.394820466714457, 32.877841912064149 ], [ 46.355513457054073, 32.871877897764591 ], [ 46.331702271060394, 32.863658077070426 ], [ 46.298855491274182, 32.859408072422667 ], [ 46.278230769730456, 32.848465228385024 ], [ 46.26319327460655, 32.819507658749977 ], [ 46.267580120041437, 32.793506719304261 ], [ 46.268758675558217, 32.758466057115285 ], [ 46.254419582838466, 32.743236381338349 ], [ 46.234736995500114, 32.722599430201072 ], [ 46.242743153214711, 32.691592708847317 ], [ 46.246233917475585, 32.678268219428631 ], [ 46.179283752262918, 32.640101067794475 ], [ 46.150804505031296, 32.622447542199652 ], [ 46.131226203114274, 32.610309436661431 ], [ 46.149375365364321, 32.574115340010984 ], [ 46.161994860746397, 32.570883699133184 ], [ 46.194225950508226, 32.562875259607381 ], [ 46.195164430367015, 32.562388968197148 ], [ 46.22139007943526, 32.576236930769149 ], [ 46.236108322290342, 32.584007677874936 ], [ 46.283141418315942, 32.557376266922795 ], [ 46.308865816438789, 32.53050197727277 ], [ 46.422538346827018, 32.507757734747607 ], [ 46.45724025906604, 32.526919904489858 ], [ 46.479055971505012, 32.528546548049988 ], [ 46.500000000114795, 32.53029228502708 ], [ 46.514312902452424, 32.531485281634595 ], [ 46.538434674667386, 32.521827047297911 ], [ 46.570949042764184, 32.509292357319069 ], [ 46.650146952646573, 32.50278291693256 ], [ 46.671540939297337, 32.501094920576023 ], [ 46.673086161960263, 32.499999999859085 ], [ 46.702947261542306, 32.478956713162219 ], [ 46.695598749667425, 32.46850488793811 ], [ 46.692942362202004, 32.46338481836041 ], [ 46.695073518195528, 32.460616537533014 ], [ 46.696460841286033, 32.458797808081137 ], [ 46.713248710029255, 32.437004238710394 ], [ 46.74891092759519, 32.344184484742506 ], [ 46.719556164321368, 32.330237367453449 ], [ 46.746706592143681, 32.246639771609175 ], [ 46.716500649985321, 32.213223766282916 ], [ 46.731341720387519, 32.151399495040991 ], [ 46.753908876256617, 32.117536963308531 ], [ 46.79581307260856, 32.078874817206888 ], [ 46.844199324302821, 32.071899663976509 ], [ 46.872724733261947, 32.077621946968698 ], [ 46.888591582700563, 32.052897593721184 ], [ 46.900573563488422, 32.000041174454971 ], [ 46.900598138699657, 32.000000000137092 ], [ 46.937457986609125, 31.938560278184056 ], [ 46.976764996269516, 31.918107165775123 ], [ 47.000000000145008, 31.926284416833415 ], [ 47.025304023545822, 31.935188997902209 ], [ 47.057888901307578, 31.931445053614013 ], [ 47.074345028504588, 31.90083579749842 ], [ 47.059285707912537, 31.857577814973997 ], [ 47.056819471334883, 31.798295462410231 ], [ 47.088029367959827, 31.782064906515451 ], [ 47.084690127029504, 31.753477208910979 ], [ 47.097108609993704, 31.727811599191828 ], [ 47.101146254226506, 31.697899774454932 ], [ 47.124128086803793, 31.682062356848501 ], [ 47.13309820419191, 31.616311660554249 ], [ 47.163260495413979, 31.611246218676335 ], [ 47.177010310375337, 31.584026386145187 ], [ 47.211755873550644, 31.574583565791595 ], [ 47.225287436525512, 31.54378017073628 ], [ 47.323151195354875, 31.500054272568242 ], [ 47.323155147043799, 31.500000000028312 ], [ 47.328280095028518, 31.42996475259234 ], [ 47.366801400412164, 31.389235062619548 ], [ 47.375989767990127, 31.314455453334954 ], [ 47.403663998064722, 31.257757496090814 ], [ 47.391136389556436, 31.193891478837621 ], [ 47.403140195812448, 31.149807682864267 ], [ 47.432844160288354, 31.104469446567865 ], [ 47.434066365843108, 31.064701071496906 ], [ 47.466520292592648, 31.032773256536043 ], [ 47.462639920908209, 30.999999999760242 ], [ 47.462395348283898, 30.997944894233569 ], [ 47.483478397472105, 30.963090644231912 ], [ 47.500000000175213, 30.945621421315149 ], [ 47.572110137787213, 30.869337550100195 ], [ 47.671959981878231, 30.819498167191675 ], [ 47.808388696129207, 30.771088131027405 ], [ 47.868014876169198, 30.739099758869763 ], [ 47.878207199112062, 30.641687601929387 ], [ 47.897129562886725, 30.567796707420804 ], [ 47.898068041847189, 30.56411282377379 ], [ 47.909133369142729, 30.513702367524022 ], [ 47.923929287523805, 30.499999999909818 ], [ 47.931176721861227, 30.493322264958906 ], [ 47.963608824040932, 30.480494205241811 ], [ 48.000000000205432, 30.470650934720314 ], [ 48.03279439922742, 30.461779677512649 ], [ 48.085240119724311, 30.465969812695654 ], [ 48.134433900265137, 30.443955601769023 ], [ 48.146153980825176, 30.37711862872375 ], [ 48.19430015596312, 30.365430922835355 ], [ 48.244192340704728, 30.379504461793147 ], [ 48.317306432783312, 30.355773986525072 ], [ 48.356438841393498, 30.302923440543392 ], [ 48.39524387337142, 30.259431632760524 ], [ 48.418924110149511, 30.228764837794401 ], [ 48.422743502395825, 30.206435275227204 ], [ 48.41130714932838, 30.188657583362144 ], [ 48.394458169993015, 30.170465706980188 ], [ 48.390376875722232, 30.148720659202422 ], [ 48.413336883729698, 30.130259721994026 ], [ 48.443280923863604, 30.115664145328815 ], [ 48.458994997720161, 30.098337246235673 ], [ 48.466437357491088, 30.086559932038966 ], [ 48.47042656456378, 30.00185620234247 ], [ 48.472540078543432, 29.999999999932577 ], [ 48.477849554860548, 29.995152566660039 ], [ 48.478166578409144, 29.994918906296185 ], [ 48.500000000235644, 29.978825414106709 ], [ 48.525692510860857, 29.959883999735684 ], [ 48.542585139335891, 29.945347153714113 ], [ 48.524666730926128, 29.937640003162478 ], [ 48.500000000235644, 29.936137823365183 ], [ 48.473530516059938, 29.934525832007203 ], [ 48.437519097291911, 29.937776245677625 ], [ 48.387997940118844, 29.94593100385746 ], [ 48.347381423929441, 29.960312094247747 ], [ 48.251678350513629, 29.99819104694285 ], [ 48.248981020532511, 29.999999999932577 ], [ 48.203619474553314, 30.029260864861818 ], [ 48.150278925133911, 30.03608839212017 ], [ 48.116537316425195, 30.038239431822532 ], [ 48.069787946993891, 30.037248088752385 ], [ 48.030131736131437, 30.028998977635244 ], [ 48.006145949087554, 30.010047711951721 ], [ 48.000000000205432, 30.009682724290982 ], [ 47.97936654793547, 30.008457360622106 ], [ 47.967821069323939, 30.027633411376289 ], [ 47.949204256713386, 30.052266798849129 ], [ 47.931307672873459, 30.07902544684012 ], [ 47.916401127863466, 30.084185603668541 ], [ 47.941259919260006, 30.044374314173989 ], [ 47.955904563143875, 30.022301909928142 ], [ 47.958676350885625, 30.003854551243197 ], [ 47.965031767129076, 29.999999999932577 ], [ 47.973670196869882, 29.994553588745823 ], [ 47.99837621268437, 29.9865584888123 ], [ 47.998790889392573, 29.967531037583178 ], [ 47.995015146285908, 29.951166041593613 ], [ 47.995298872880184, 29.932793531307478 ], [ 47.999489292695039, 29.882193038166573 ], [ 48.000000000205432, 29.879511826278012 ], [ 48.013937510060565, 29.806311861590377 ], [ 48.024391734129559, 29.774422459316639 ], [ 48.043881551092788, 29.750771675071615 ], [ 48.061057906162098, 29.736282054375017 ], [ 48.066317755949662, 29.723974942277458 ], [ 48.070573651270628, 29.700643807259596 ], [ 48.072690685747887, 29.674282402940619 ], [ 48.089626965159198, 29.638700024974899 ], [ 48.034213030402213, 29.657127154248855 ], [ 48.000000000205432, 29.71643540411371 ], [ 47.976311033599416, 29.757479477504454 ], [ 47.898068041847189, 29.78303906740209 ] ] ], [ [ [ 22.677587628280268, 45.247024932885573 ], [ 22.676701098892671, 45.237006621548801 ], [ 22.735017645741198, 45.239689214193859 ], [ 22.744308689857821, 45.24307993853224 ], [ 22.786131923748155, 45.257589336365186 ], [ 22.817439451074815, 45.269761566170516 ], [ 22.839319581702821, 45.277742040303117 ], [ 22.847047134118576, 45.279905526221576 ], [ 22.880568935857049, 45.28863869403753 ], [ 22.913812293095113, 45.29663080226689 ], [ 22.944319920068597, 45.279315483848691 ], [ 22.957934144219287, 45.279405825713638 ], [ 22.999999999593133, 45.279684966371711 ], [ 23.009333471140625, 45.279746900971652 ], [ 23.01457477161588, 45.27978168140195 ], [ 23.024037855685823, 45.285872846456705 ], [ 23.033824469801971, 45.289949646543235 ], [ 23.059876161013758, 45.299704736706992 ], [ 23.132779267578186, 45.300843939930573 ], [ 23.264908149009337, 45.315594483525352 ], [ 23.362073292533811, 45.343730653628796 ], [ 23.396474267356012, 45.360022584637051 ], [ 23.428465108983321, 45.375168867108236 ], [ 23.42960463449764, 45.375373025376753 ], [ 23.448352982923669, 45.378731893104899 ], [ 23.473527176409728, 45.383241669382031 ], [ 23.484315424644087, 45.385174195724439 ], [ 23.485559452972037, 45.384767037221813 ], [ 23.499999999623348, 45.382400855528687 ], [ 23.529555864248255, 45.377557615299438 ], [ 23.531304767325448, 45.377263152971913 ], [ 23.541672243782408, 45.380438666173788 ], [ 23.55878466126137, 45.385679732830688 ], [ 23.572159832036856, 45.400057233853197 ], [ 23.579319887246598, 45.407752347511632 ], [ 23.573317997593321, 45.448407901864456 ], [ 23.584653173410313, 45.480705053913589 ], [ 23.591428149603843, 45.500000000291124 ], [ 23.592492255261856, 45.503057145784489 ], [ 23.573558073251313, 45.545391886133686 ], [ 23.576024304439077, 45.545786894287247 ], [ 23.592528909220395, 45.553938863923506 ], [ 23.599699412735202, 45.557169068040842 ], [ 23.607058399864606, 45.554547540447267 ], [ 23.619499813224753, 45.54713282781119 ], [ 23.670177590852003, 45.545099285115725 ], [ 23.673189447963551, 45.51985671676438 ], [ 23.690888242540858, 45.500000000291124 ], [ 23.701256468192764, 45.488467915131309 ], [ 23.736962257643249, 45.472209241354356 ], [ 23.765469278986828, 45.473367813901277 ], [ 23.763654299430595, 45.493126896685716 ], [ 23.776256146510594, 45.500000000291124 ], [ 23.800560467171064, 45.513372292014836 ], [ 23.878868763749495, 45.515846122968249 ], [ 23.944322103035166, 45.515670469685098 ], [ 23.992773724234333, 45.510956907749915 ], [ 23.999999999653557, 45.504468565846807 ], [ 24.00210903642984, 45.502574757943279 ], [ 24.040053927031646, 45.516445599514107 ], [ 24.061369871643777, 45.518919961348828 ], [ 24.129660467889117, 45.518158836251274 ], [ 24.133467042972963, 45.518322328206509 ], [ 24.14618203376131, 45.517061041014465 ], [ 24.219994369242247, 45.519739623038113 ], [ 24.287480820594695, 45.536243890935431 ], [ 24.303278778234173, 45.539832212851302 ], [ 24.304318672498646, 45.540360941207403 ], [ 24.3897943464547, 45.56125605774475 ], [ 24.455006558155176, 45.560809767547667 ], [ 24.499999999683769, 45.561263560060283 ], [ 24.559417620559195, 45.561862825784743 ], [ 24.594925143741637, 45.565412464310683 ], [ 24.65335265588395, 45.554944452873961 ], [ 24.709719508222978, 45.577421445644468 ], [ 24.738623144747645, 45.580522067670742 ], [ 24.806280814094936, 45.577963371706133 ], [ 24.865164812335394, 45.563778756548032 ], [ 24.905410212921346, 45.546108751044329 ], [ 24.959383573356114, 45.560400239429221 ], [ 24.999999999713978, 45.572804554874423 ], [ 25.043519253759051, 45.586092308936678 ], [ 25.155176748878951, 45.562579229990028 ], [ 25.252483149786908, 45.500000000291124 ], [ 25.316573109677659, 45.459111769286615 ], [ 25.296646791436419, 45.42087635713839 ], [ 25.29103685919949, 45.409535258631138 ], [ 25.315132653034738, 45.404249185707307 ], [ 25.337721633473659, 45.368958267348589 ], [ 25.383401572932272, 45.374965251325776 ], [ 25.392728503846175, 45.397442438701731 ], [ 25.433119156623686, 45.411589584780806 ], [ 25.463041371289449, 45.437876322254183 ], [ 25.49999999974419, 45.468202282462492 ], [ 25.524479034642585, 45.488279225987448 ], [ 25.572536734708201, 45.500000000291124 ], [ 25.611954044909062, 45.509697938513668 ], [ 25.671711175062963, 45.507970470153559 ], [ 25.71328825080251, 45.500000000291124 ], [ 25.725248151000695, 45.497727441553117 ], [ 25.782626345551204, 45.484185954706277 ], [ 25.838760509078813, 45.47132358886784 ], [ 25.885160676409729, 45.471454259798207 ], [ 25.899805320293588, 45.496290719175079 ], [ 25.903835769919279, 45.500000000291124 ], [ 25.931626319246757, 45.52579889211502 ], [ 25.994588482027538, 45.500000000291124 ], [ 25.99999999977441, 45.497801800753933 ], [ 26.006006267816375, 45.495361908962572 ], [ 26.032109090235824, 45.477130892128024 ], [ 26.054694688517699, 45.499747493410688 ], [ 26.054946899516871, 45.500000000291124 ], [ 26.083507206228155, 45.528842914824246 ], [ 26.116550629925005, 45.549909005562121 ], [ 26.12032367179761, 45.550911030425397 ], [ 26.111617938479085, 45.565636122739562 ], [ 26.187722070285915, 45.600417407125107 ], [ 26.252891825809428, 45.6203348690048 ], [ 26.294010318782959, 45.601864329821886 ], [ 26.353963875455207, 45.61744194515547 ], [ 26.311143023814296, 45.665915095355516 ], [ 26.323212305576419, 45.695644058155871 ], [ 26.359136424268502, 45.742008151340215 ], [ 26.388556662150137, 45.73503923865367 ], [ 26.38238015797193, 45.773663397843045 ], [ 26.391804848046633, 45.78473043059077 ], [ 26.413349978938882, 45.797538608197861 ], [ 26.409926480526487, 45.806003720656605 ], [ 26.411014692475145, 45.807280931809508 ], [ 26.386439627672878, 45.874352970937124 ], [ 26.387277879800468, 45.902184160298049 ], [ 26.398299409734332, 45.95202133273483 ], [ 26.433732152660948, 45.991659801355382 ], [ 26.442464664758088, 45.998807228076572 ], [ 26.443323704799674, 46.000000000240469 ], [ 26.452145339654468, 46.012359178943917 ], [ 26.476533650099057, 46.046512929944754 ], [ 26.46670293409235, 46.060450268811941 ], [ 26.43938732585222, 46.099157950337023 ], [ 26.400391623760289, 46.128095639019676 ], [ 26.392070504130658, 46.136578267641305 ], [ 26.397950923591214, 46.148227587956512 ], [ 26.416820169983119, 46.180205411422897 ], [ 26.363850646335639, 46.218139126766694 ], [ 26.360729656493483, 46.323689285692915 ], [ 26.270264607397081, 46.348662640382457 ], [ 26.243179655080876, 46.399214519682424 ], [ 26.235169843019698, 46.403357219796618 ], [ 26.223013261181634, 46.42483603883511 ], [ 26.138812016339376, 46.442355749801195 ], [ 26.060083144714589, 46.499999999857828 ], [ 26.057600810327052, 46.501833423247668 ], [ 26.052151407929706, 46.499999999857828 ], [ 25.99999999977441, 46.482612473096374 ], [ 25.99794022930325, 46.481925620446802 ], [ 25.996621473720072, 46.481485863169851 ], [ 25.927937877114349, 46.493720009584429 ], [ 25.927277296478593, 46.499999999857828 ], [ 25.920648292925474, 46.563565278071557 ], [ 25.893847067203552, 46.615962840940703 ], [ 25.887506307872279, 46.623496093413664 ], [ 25.886797558672676, 46.624832045727231 ], [ 25.814163618808404, 46.710555530297995 ], [ 25.827389630619166, 46.777584792670275 ], [ 25.779374405595131, 46.805928161315038 ], [ 25.741825182451791, 46.803881181953606 ], [ 25.710407081496811, 46.802579008366571 ], [ 25.596763774203097, 46.86460619191773 ], [ 25.577240622556307, 46.876123299588507 ], [ 25.569174192377723, 46.880881126191603 ], [ 25.49999999974419, 46.927767614993186 ], [ 25.487048984699779, 46.936541268904733 ], [ 25.49999999974419, 46.954529854102809 ], [ 25.529280557683983, 46.995177277335777 ], [ 25.529854492217318, 47.000000000202057 ], [ 25.536667157228592, 47.057753799099821 ], [ 25.536984818581047, 47.060445210691796 ], [ 25.516272796063067, 47.082763938458271 ], [ 25.49999999974419, 47.090383060559532 ], [ 25.441761896481225, 47.117641868742183 ], [ 25.375348109934809, 47.182133168998973 ], [ 25.298567400293653, 47.186161260773289 ], [ 25.240578103414922, 47.204561058417568 ], [ 25.197713602634362, 47.246429118520766 ], [ 25.141077461424299, 47.235786615123921 ], [ 25.070516905999312, 47.304254625310868 ], [ 25.06359834848066, 47.348735050277575 ], [ 25.069229224938447, 47.419555105149051 ], [ 25.150222179862606, 47.456751398528105 ], [ 25.16410257573029, 47.472023851641353 ], [ 25.189539277603625, 47.500000000208502 ], [ 25.216810566560902, 47.530265784711922 ], [ 25.214318515995245, 47.532319965501266 ], [ 25.17946541909054, 47.561040650645992 ], [ 25.171123866381464, 47.567670053329998 ], [ 25.130668640904702, 47.577752460795899 ], [ 25.089090067673574, 47.588112798120903 ], [ 25.087821994140416, 47.587502491419144 ], [ 25.031330816762694, 47.560306771787666 ], [ 25.002291636139752, 47.54632133440002 ], [ 24.999999999713978, 47.546809244997398 ], [ 24.910543566442175, 47.565851828985153 ], [ 24.909229597082835, 47.566131481089336 ], [ 24.909367177661856, 47.567432021594712 ], [ 24.909509866061587, 47.568780814187086 ], [ 24.909620647200736, 47.569827971909724 ], [ 24.910194848533717, 47.575255267962568 ], [ 24.921822654147775, 47.685038471320397 ], [ 24.888452144872822, 47.760598007355981 ], [ 24.886924391747218, 47.761545264924045 ], [ 24.888757696036933, 47.762885969190876 ], [ 24.893033614805582, 47.765345500167093 ], [ 24.916642290889815, 47.778923230941871 ], [ 24.948318270315095, 47.797134995064361 ], [ 24.947561984965599, 47.797765483113416 ], [ 24.959143497698118, 47.803950041925638 ], [ 24.962351780429699, 47.885471463370102 ], [ 24.958490786304257, 47.899477688919923 ], [ 24.95488761225862, 47.922355941497685 ], [ 24.952912141490355, 47.92676611459337 ], [ 24.960191100406046, 47.932408115289832 ], [ 24.956720916548331, 47.941703173408172 ], [ 24.943189382319549, 47.951490214598309 ], [ 24.95757209363623, 47.95726863018875 ], [ 24.950348000224832, 47.967589759884923 ], [ 24.929199522242911, 47.972277858143208 ], [ 24.927170588240514, 48.000000000254126 ], [ 24.925642038309256, 48.021079801790087 ], [ 24.926549113065708, 48.021950152254945 ], [ 24.971622958303811, 48.058264803120352 ], [ 24.976183749018738, 48.061407474182055 ], [ 24.978065820150274, 48.062704283237366 ], [ 24.981874258340017, 48.063979141118246 ], [ 24.995722289704652, 48.068614439569586 ], [ 24.994450572604698, 48.06966219611062 ], [ 24.985885638528863, 48.076718215577245 ], [ 24.972511896074678, 48.087733910189563 ], [ 24.980389839045404, 48.103766601990976 ], [ 24.999498023828163, 48.112714234835259 ], [ 24.999999999713978, 48.112640856135741 ], [ 25.004624509728639, 48.111964843959456 ], [ 25.030293241948286, 48.108212418885316 ], [ 25.044443543829608, 48.117582753048019 ], [ 25.047906100092245, 48.119875396554015 ], [ 25.059691236645165, 48.11765065863969 ], [ 25.069070349795613, 48.115880048415697 ], [ 25.070124053860948, 48.115681123415548 ], [ 25.074233075531279, 48.120309553236616 ], [ 25.094939557240586, 48.138071394758185 ], [ 25.102018654480286, 48.136705582579502 ], [ 25.117833727720871, 48.133654154306186 ], [ 25.138668534666824, 48.149081513404184 ], [ 25.170126672635707, 48.153460993253283 ], [ 25.167147595947188, 48.165096194792113 ], [ 25.166045378364934, 48.172792996157391 ], [ 25.191219731751115, 48.204038541092373 ], [ 25.194971756639333, 48.208329224642803 ], [ 25.196054894903266, 48.209567796119572 ], [ 25.256750504017646, 48.254522449196713 ], [ 25.280528660754957, 48.282831725144 ], [ 25.295119033819237, 48.300194602612841 ], [ 25.299525718547169, 48.302751948384604 ], [ 25.352453578331776, 48.333457680793153 ], [ 25.422184780340373, 48.381123372944323 ], [ 25.465489540051792, 48.403336669983737 ], [ 25.49999999974419, 48.407766026616066 ], [ 25.506451500688748, 48.408594022553039 ], [ 25.50753584359348, 48.408377210220756 ], [ 25.519506289114783, 48.405983679875412 ], [ 25.526945271220242, 48.404496173794755 ], [ 25.584388940378545, 48.391430248690455 ], [ 25.642749264825813, 48.395296602641643 ], [ 25.655757025548411, 48.459803621205893 ], [ 25.640429642285685, 48.500000000192749 ], [ 25.63607078296516, 48.511539264797946 ], [ 25.61885077785788, 48.579435212441908 ], [ 25.612412372553539, 48.62477005643823 ], [ 25.618217849163205, 48.691944043359257 ], [ 25.671455171376667, 48.712258242841493 ], [ 25.706173011643983, 48.69766427226692 ], [ 25.718176817899995, 48.677917961534533 ], [ 25.749430364562912, 48.668764591031476 ], [ 25.781360489958477, 48.690980879702799 ], [ 25.822762708627973, 48.688981525609989 ], [ 25.845526290117096, 48.663858747243538 ], [ 25.890573301779341, 48.643208056506005 ], [ 25.950312895022268, 48.647534168769688 ], [ 25.994438963736702, 48.642463070600677 ], [ 25.998956760183816, 48.651372960547498 ], [ 25.99999999977441, 48.651434347856849 ], [ 26.022287794861498, 48.652745818788773 ], [ 26.033156695638692, 48.679873967357914 ], [ 26.049962024037782, 48.684749051903736 ], [ 26.065566972350254, 48.676750160256944 ], [ 26.085471466021673, 48.640461779419375 ], [ 26.085427815983699, 48.601632617280799 ], [ 26.129863724419412, 48.574579136861111 ], [ 26.160026015641488, 48.572589765912063 ], [ 26.184033628153507, 48.587785979848874 ], [ 26.15183100420639, 48.623049122220159 ], [ 26.149323116342277, 48.626449376214381 ], [ 26.146821828400554, 48.629840451752457 ], [ 26.162339476637086, 48.647181127536136 ], [ 26.185020820955206, 48.643673658816304 ], [ 26.191388687848491, 48.642156308761514 ], [ 26.217120483597711, 48.61459849723412 ], [ 26.218211738140244, 48.583047711012789 ], [ 26.23257265542982, 48.54989658740466 ], [ 26.268998751804357, 48.538655942303166 ], [ 26.306254201595276, 48.54754035811564 ], [ 26.334823260592376, 48.532083100043529 ], [ 26.38015399795059, 48.522024550200065 ], [ 26.452831588751152, 48.537924042480171 ], [ 26.479654639941213, 48.542578744502173 ], [ 26.499999999804619, 48.540183255681455 ], [ 26.510733585553936, 48.538919423609919 ], [ 26.533126140372833, 48.522537042853735 ], [ 26.544130964337356, 48.500000000192749 ], [ 26.570206989113558, 48.447085947058945 ], [ 26.593559848361068, 48.436282118816131 ], [ 26.608443477348168, 48.438738305332038 ], [ 26.612290997642663, 48.440134805149775 ], [ 26.620157882352245, 48.44299005788428 ], [ 26.62954944255927, 48.452327294977991 ], [ 26.62986743449175, 48.456839063718895 ], [ 26.629435545164394, 48.460737786128412 ], [ 26.628772250718164, 48.466724841359905 ], [ 26.626450525221959, 48.471082165059826 ], [ 26.624441713481922, 48.474851921809318 ], [ 26.621078906148433, 48.480373160372743 ], [ 26.620248456787397, 48.481736544137583 ], [ 26.618539490112795, 48.484810734126697 ], [ 26.610629698271982, 48.499036891882895 ], [ 26.611412705806231, 48.500000000192749 ], [ 26.613271725269268, 48.502309339680899 ], [ 26.618364732755733, 48.508635509187535 ], [ 26.624398718315796, 48.511451389876356 ], [ 26.636036325447918, 48.509060825457745 ], [ 26.637693733316791, 48.507781450947839 ], [ 26.641806346451634, 48.504606731671387 ], [ 26.644805188771343, 48.502291657853789 ], [ 26.647341848775699, 48.500000000192749 ], [ 26.648654730275233, 48.498825592488103 ], [ 26.653978934471429, 48.494062669115763 ], [ 26.665696613834715, 48.481182849419895 ], [ 26.691183531532435, 48.461501971886754 ], [ 26.710123574151883, 48.459925846170151 ], [ 26.722563250170268, 48.461334488906296 ], [ 26.728499437043663, 48.462006675865489 ], [ 26.734374318390493, 48.469107269615634 ], [ 26.740578103505559, 48.477427108368211 ], [ 26.743933930929288, 48.483987537503864 ], [ 26.745462560810612, 48.486535126708425 ], [ 26.726715016376765, 48.494196851635031 ], [ 26.722858863272389, 48.495809094135247 ], [ 26.714777777079942, 48.49918759662328 ], [ 26.71283492503796, 48.500000000192749 ], [ 26.707740353584583, 48.502151475172724 ], [ 26.702844901798766, 48.504218773342757 ], [ 26.69755646133066, 48.517939062854552 ], [ 26.672378150865651, 48.521012434361204 ], [ 26.65929705707315, 48.523655869934537 ], [ 26.657255633793358, 48.524596494374734 ], [ 26.652116598428361, 48.526964324747098 ], [ 26.646617763537563, 48.531299424977114 ], [ 26.645840693867342, 48.534885292435682 ], [ 26.645462998104449, 48.536628114344687 ], [ 26.643997659924786, 48.544320487593438 ], [ 26.646517368719724, 48.553549695591897 ], [ 26.650084899411517, 48.557322817117594 ], [ 26.65465333029794, 48.557819001904704 ], [ 26.659334292241677, 48.557349169847576 ], [ 26.663094188168415, 48.556971783387247 ], [ 26.674000254943859, 48.550934079671663 ], [ 26.678181227176875, 48.548619261794649 ], [ 26.695928527186258, 48.539998219259473 ], [ 26.714004076990349, 48.531985891582217 ], [ 26.718368501374059, 48.530261901319228 ], [ 26.734847704494079, 48.52375192311667 ], [ 26.754703090862172, 48.52217112357669 ], [ 26.76163496231165, 48.522507757426979 ], [ 26.768235746188438, 48.534444444724613 ], [ 26.76723397372967, 48.538193236607299 ], [ 26.762081722350217, 48.539712494137412 ], [ 26.759673524126441, 48.540374827543836 ], [ 26.756295014241786, 48.541304013445576 ], [ 26.753432870355486, 48.541834752667754 ], [ 26.740311837465455, 48.547701346471229 ], [ 26.735525155490869, 48.555909009166406 ], [ 26.733626590392394, 48.564243056742001 ], [ 26.734289015269429, 48.567325730670213 ], [ 26.734738360659382, 48.569416701836033 ], [ 26.73813674756633, 48.57411047182913 ], [ 26.7449824085963, 48.576890219454626 ], [ 26.756389953590901, 48.578588358128187 ], [ 26.763108093376403, 48.577785077988956 ], [ 26.768029280996789, 48.577196648972638 ], [ 26.775139680930891, 48.568644873158895 ], [ 26.782343055598574, 48.559732872563174 ], [ 26.783198817687687, 48.55836493028751 ], [ 26.785803421768552, 48.555191360777535 ], [ 26.790815560218196, 48.549083774209194 ], [ 26.798776703353909, 48.539759920236662 ], [ 26.81245108857749, 48.538133377502696 ], [ 26.823705553461153, 48.539504932619799 ], [ 26.827978253566144, 48.552820646593645 ], [ 26.826490646150589, 48.560270154257871 ], [ 26.824442669660797, 48.561857362808496 ], [ 26.820938566316268, 48.564572972258425 ], [ 26.819788100220105, 48.56539210857914 ], [ 26.814681048472483, 48.56892036796804 ], [ 26.813136965771644, 48.569808024707932 ], [ 26.802957300989448, 48.581492613577431 ], [ 26.804062960915875, 48.586411343341524 ], [ 26.807140300720057, 48.590815751266533 ], [ 26.813988799528016, 48.593991412181353 ], [ 26.817500742470028, 48.594360086632193 ], [ 26.821929426040956, 48.594824993508837 ], [ 26.836558874023471, 48.5911499129449 ], [ 26.839078196542836, 48.59051700349869 ], [ 26.842881960798156, 48.589561399174706 ], [ 26.854781661295888, 48.581917480710231 ], [ 26.868015094089213, 48.567400793430707 ], [ 26.877788157119305, 48.544013125792198 ], [ 26.89527006425104, 48.533956959880207 ], [ 26.937916313943436, 48.536372379462172 ], [ 26.940338900483113, 48.569517787679423 ], [ 26.955747422277248, 48.582228706213066 ], [ 26.979907810371323, 48.566855255285184 ], [ 26.995927436290305, 48.576451414205522 ], [ 26.999999999834831, 48.571086487454231 ], [ 27.013649419080039, 48.553101467849181 ], [ 27.074847005876862, 48.537338515077295 ], [ 27.120636070879556, 48.547979415728506 ], [ 27.128737985410183, 48.55418566602809 ], [ 27.138589617789965, 48.560352377042946 ], [ 27.145716980611571, 48.563978349798454 ], [ 27.148101216275144, 48.565191246710391 ], [ 27.165333880441406, 48.569503158634781 ], [ 27.2215771695131, 48.55223807286584 ], [ 27.280112094112251, 48.558998498750093 ], [ 27.299580084709017, 48.590842218737876 ], [ 27.33559150347704, 48.594907166334949 ], [ 27.352855159520612, 48.575983351407984 ], [ 27.387775323746109, 48.581321934497744 ], [ 27.402441792199792, 48.603547743499234 ], [ 27.457157323654307, 48.590008717317943 ], [ 27.483609348174152, 48.549794145232916 ], [ 27.484409129051386, 48.547047121552787 ], [ 27.496115132112614, 48.506823103780675 ], [ 27.497635290880801, 48.505416481039276 ], [ 27.49999999986504, 48.503228306181406 ], [ 27.503488567745048, 48.500000000192749 ], [ 27.523025483378618, 48.482095369606434 ], [ 27.564471352086084, 48.464303400422196 ], [ 27.599282390767499, 48.476262152338485 ], [ 27.657468113266251, 48.451848191646214 ], [ 27.738351942646329, 48.464637239096341 ], [ 27.796166639373169, 48.447013348744257 ], [ 27.840471596796661, 48.405426211078776 ], [ 27.960967987001226, 48.370523563338566 ], [ 27.971013508158673, 48.370891318950811 ], [ 27.9722952154229, 48.370581730178579 ], [ 27.998703589006457, 48.371905008631337 ], [ 27.999999999895255, 48.371547390392216 ], [ 28.040716910902489, 48.360314241158484 ], [ 28.061428933420462, 48.341533603860356 ], [ 28.063393046788587, 48.32886550283353 ], [ 28.067714562244433, 48.276263728523467 ], [ 28.096567347835816, 48.269080809537435 ], [ 28.117519446011787, 48.280401095407562 ], [ 28.132082032387707, 48.27811396386722 ], [ 28.146350406135028, 48.275331317693549 ], [ 28.149926301040431, 48.253771588943351 ], [ 28.150016725456929, 48.252187054021185 ], [ 28.150693601531941, 48.240324396424029 ], [ 28.211694762708738, 48.206533421086782 ], [ 28.242708233713664, 48.212981252227578 ], [ 28.255110492205517, 48.227528850174622 ], [ 28.283942787225271, 48.247116655649279 ], [ 28.300151902871971, 48.25490139868451 ], [ 28.345679065850209, 48.257058439739367 ], [ 28.361297229278829, 48.215310699803027 ], [ 28.362978194567717, 48.209336078850264 ], [ 28.354995332863378, 48.204128502732523 ], [ 28.338040280459257, 48.1930661991764 ], [ 28.321106492076229, 48.169370318820263 ], [ 28.319139742152739, 48.166617480935898 ], [ 28.38953540911238, 48.159814300559205 ], [ 28.428854531656054, 48.154322621052366 ], [ 28.432093869147003, 48.1503118263646 ], [ 28.443171798907663, 48.133186643712072 ], [ 28.443651951121968, 48.110097968249924 ], [ 28.439255938379613, 48.093678785661822 ], [ 28.441150576043661, 48.08336066717348 ], [ 28.442619545213702, 48.08141032787637 ], [ 28.445387829525856, 48.077734695925365 ], [ 28.447684138089418, 48.074685536824525 ], [ 28.457292203059698, 48.068223424889432 ], [ 28.460742500013652, 48.066795364027747 ], [ 28.469102638865962, 48.063334976483375 ], [ 28.485170279736884, 48.060167973428385 ], [ 28.499999999925468, 48.059344082121555 ], [ 28.501099743547432, 48.059282983465955 ], [ 28.503517770238727, 48.059148644213032 ], [ 28.539420500043899, 48.062587243616861 ], [ 28.553764140933932, 48.107107988571286 ], [ 28.567222341194498, 48.125418147201202 ], [ 28.573509094709205, 48.126158633939227 ], [ 28.606881891094869, 48.128262909457611 ], [ 28.688638724827616, 48.085287932859757 ], [ 28.691235911519186, 48.064298922297851 ], [ 28.616157559647085, 48.032133200942909 ], [ 28.6131019429031, 48.000000000254126 ], [ 28.613080220741217, 47.99977370996951 ], [ 28.644748444112327, 47.999933273805141 ], [ 28.644906360752753, 48.000000000254126 ], [ 28.689926405888485, 48.019205611674543 ], [ 28.751189468191434, 48.013904797096579 ], [ 28.756606533933493, 48.009232538404312 ], [ 28.767309383825364, 48.000000000254126 ], [ 28.802958610853988, 47.969534719305798 ], [ 28.804962592352737, 47.969838088082241 ], [ 28.844186229371598, 47.975775509672353 ], [ 28.870703728499237, 47.928587939484409 ], [ 28.99999999995568, 47.905089657839177 ], [ 29.037709411578799, 47.898234333533381 ], [ 29.034828498292956, 47.853259500370172 ], [ 28.99999999995568, 47.830611163999606 ], [ 28.973609086027988, 47.813443009859142 ], [ 28.98382323443899, 47.769064417098072 ], [ 28.99999999995568, 47.740630807995707 ], [ 29.014902180051713, 47.714423682485588 ], [ 28.99999999995568, 47.687288852696796 ], [ 28.982426427834042, 47.655271522805272 ], [ 28.99999999995568, 47.599876386670815 ], [ 29.009991531466234, 47.568354897218697 ], [ 29.085975821725956, 47.500000000208502 ], [ 29.08600836319712, 47.499970986097402 ], [ 29.130422447063005, 47.475637156415004 ], [ 29.156787170608588, 47.447313220353834 ], [ 29.135376744788136, 47.410182870980293 ], [ 29.181187634360654, 47.403483238163311 ], [ 29.184001756108504, 47.405517649264887 ], [ 29.257138990585428, 47.458362978674515 ], [ 29.275211308251126, 47.500000000208502 ], [ 29.308231555413652, 47.576721112569146 ], [ 29.395662915642152, 47.67559489923643 ], [ 29.499999999985889, 47.71359145312725 ], [ 29.507254663964723, 47.716232356245932 ], [ 29.614241315764247, 47.73291585371441 ], [ 29.766100378175818, 47.795139822078156 ], [ 29.905890158825265, 47.874784850424568 ], [ 30.000000000016104, 47.880628351567168 ], [ 30.059975250104149, 47.884352017617687 ], [ 30.111111353579243, 47.887303231466497 ], [ 30.171283029287313, 47.891228229444295 ], [ 30.237980396900927, 47.903321155597034 ], [ 30.305878141906213, 47.932524313801423 ], [ 30.362208607984659, 47.927353221567856 ], [ 30.416269268495366, 47.924157342912189 ], [ 30.465113740934584, 47.89369937096118 ], [ 30.50000000004632, 47.893041618965029 ], [ 30.524477890491042, 47.892580103511698 ], [ 30.604466715777132, 47.905050560876873 ], [ 30.635349168396182, 47.917924807267759 ], [ 30.648356900372686, 47.947308442785193 ], [ 30.707044472993118, 47.94527551463738 ], [ 30.735089668652506, 47.931173488523335 ], [ 30.750170781475031, 47.916660775021583 ], [ 30.80084855820396, 47.926409005327436 ], [ 30.773065263670727, 47.980477371754453 ], [ 30.792244762110624, 48.000000000254126 ], [ 30.805235393757382, 48.013348325914308 ], [ 30.875184694140547, 48.029717761192948 ], [ 30.874652441436389, 48.032841676438288 ], [ 30.880575483262234, 48.034504612525218 ], [ 30.884745507726876, 48.034532769069322 ], [ 30.90300626139647, 48.034107709224735 ], [ 30.965191220658053, 48.032660190514832 ], [ 31.000000000076529, 48.014510069806164 ], [ 31.027818929878773, 48.000000000254126 ], [ 31.084443319328294, 47.970739396142328 ], [ 31.141384886836637, 47.923242122524591 ], [ 31.160241734680994, 47.842435251489164 ], [ 31.206205299224262, 47.828217698923041 ], [ 31.220980861780998, 47.811477584611559 ], [ 31.221962988982806, 47.810997136201578 ], [ 31.253194642803937, 47.70349736518245 ], [ 31.268755906044145, 47.689445855694345 ], [ 31.294480335608039, 47.686661836936594 ], [ 31.29723760298155, 47.686585477070011 ], [ 31.303916069570842, 47.655782624855 ], [ 31.305487473632731, 47.655665802077131 ], [ 31.500000000106738, 47.614230496868402 ], [ 31.602089967631876, 47.592469933506457 ], [ 31.921674243902658, 47.523868531993976 ], [ 31.951524566396238, 47.500000000208502 ], [ 32.00000000013695, 47.461585428183099 ], [ 32.0538031253338, 47.418915811829677 ], [ 32.456017058230316, 47.269150221619789 ], [ 32.500000000167162, 47.259867225559155 ], [ 32.772720427503458, 47.202270553105798 ], [ 33.000000000197382, 47.144103069655209 ], [ 33.063953957849058, 47.127723825316053 ], [ 33.343838459457672, 47.009102801797177 ], [ 33.360814263843174, 47.000000000202057 ], [ 33.500000000227594, 46.92600724099232 ], [ 33.531839481119412, 46.909066528525095 ], [ 33.597751146252932, 46.92914729457717 ], [ 33.64262345894862, 46.998195157463805 ], [ 33.644310072844007, 47.000000000202057 ], [ 33.693628611411484, 47.053247390670634 ], [ 33.79727579680354, 47.093203416288567 ], [ 33.827110646714672, 47.166791496211971 ], [ 33.885405368095057, 47.20314591690174 ], [ 34.000000000257799, 47.353073018008018 ], [ 34.003260662855276, 47.357332773164337 ], [ 34.00481024234734, 47.440385964823349 ], [ 34.04791472536111, 47.482298526805018 ], [ 34.1594189301643, 47.4984912559988 ], [ 34.171520016779056, 47.500000000208502 ], [ 34.48882448114815, 47.539926051632641 ], [ 34.500000000288011, 47.540194267804694 ], [ 34.611393988094051, 47.542867686504167 ], [ 34.92622040214119, 47.508875097828792 ], [ 34.945990338962829, 47.500000000208502 ], [ 35.000000000318224, 47.475977696173423 ], [ 35.029343849959673, 47.462921593399543 ], [ 35.149993015746297, 47.460918175002114 ], [ 35.17969269795325, 47.468328608461967 ], [ 35.195545995407485, 47.474673071043426 ], [ 35.202754850696721, 47.480233655334636 ], [ 35.206353018431273, 47.487880162968253 ], [ 35.204694590974555, 47.495315967393978 ], [ 35.198829118582012, 47.500000000208502 ], [ 35.194303679268458, 47.50364841817769 ], [ 35.184045923938619, 47.511422082104083 ], [ 35.173421498767681, 47.519084030588992 ], [ 35.162939030767831, 47.526158310782719 ], [ 35.161738828547648, 47.531117158336563 ], [ 35.16249165628161, 47.533936131602545 ], [ 35.166756246396218, 47.536810145029754 ], [ 35.176706941392275, 47.539896781129357 ], [ 35.225835246426982, 47.588712291719901 ], [ 35.331817943759916, 47.595203922882988 ], [ 35.500000000348443, 47.565757772659239 ], [ 35.640861392978415, 47.54108223643896 ], [ 35.881644485040667, 47.500000000208502 ], [ 36.000000000378648, 47.479987129955163 ], [ 36.500000000408861, 47.39535687289434 ], [ 36.51046077139965, 47.393584814896222 ], [ 36.660093672891563, 47.459495410486028 ], [ 36.799556077807082, 47.398308965418401 ], [ 36.893884170086089, 47.433864502604372 ], [ 37.000000000439073, 47.399861726353251 ], [ 37.338177778937094, 47.291351747595968 ], [ 37.499999999570967, 47.29006558461024 ], [ 37.598398474284998, 47.289283497455756 ], [ 37.710688625910045, 47.294424842615996 ], [ 37.794169641981689, 47.284913687435868 ], [ 37.888956061905176, 47.264035550240031 ], [ 37.969774415779135, 47.250685517951247 ], [ 37.999999999601187, 47.236658765163597 ], [ 38.046926152988839, 47.214874392914297 ], [ 38.108822143088133, 47.155943074340968 ], [ 38.17619623406317, 47.126642664051303 ], [ 38.203303010949206, 47.101974494719947 ], [ 38.201687953256076, 47.101594444424641 ], [ 38.169124900962466, 47.083363459826593 ], [ 38.141254245267838, 47.057621792365275 ], [ 38.084596279487954, 47.025529583360019 ], [ 38.106137655422316, 47.054052073698067 ], [ 38.11851248834855, 47.081243170249671 ], [ 38.090008904857569, 47.08975305996838 ], [ 38.048977711959971, 47.087179766724262 ], [ 38.014013898594818, 47.077777410569325 ], [ 37.999999999601187, 47.076318220656219 ], [ 37.968508560186407, 47.073039043734639 ], [ 37.945395776596897, 47.060854813292906 ], [ 37.888388608716603, 47.083538928330917 ], [ 37.855781906385019, 47.074808668701998 ], [ 37.811869800201592, 47.059538222191541 ], [ 37.753705902272657, 47.052384171848153 ], [ 37.674808157255931, 47.049574955542731 ], [ 37.631550804337003, 47.058572701422442 ], [ 37.61079513178106, 47.071093850472508 ], [ 37.560597396773652, 47.062712614020029 ], [ 37.514611906150932, 47.042434193701268 ], [ 37.499999999570967, 47.032887556525914 ], [ 37.473798964341512, 47.015764899109641 ], [ 37.460473687793545, 47.000000000202057 ], [ 37.454156372694548, 46.992594532814252 ], [ 37.410156966435174, 46.947259981628484 ], [ 37.374472923401086, 46.922856523316909 ], [ 37.35725291829381, 46.90409602392748 ], [ 37.333463556869958, 46.877360708385517 ], [ 37.3141919909949, 46.858802385759965 ], [ 37.321699826271946, 46.892452763085252 ], [ 37.315043169879438, 46.90954611418038 ], [ 37.293741870501385, 46.933897569303078 ], [ 37.248258356662802, 46.944921801350475 ], [ 37.176388294708808, 46.922347998809514 ], [ 37.079244763751745, 46.8891090346686 ], [ 37.000000000439073, 46.858078038556037 ], [ 36.998841087484294, 46.857624092601178 ], [ 36.943252551677105, 46.830166859852696 ], [ 36.909489118398561, 46.800860665787646 ], [ 36.8929456902273, 46.757957023821653 ], [ 36.878606598405867, 46.727400912113062 ], [ 36.863350851295472, 46.703028091004811 ], [ 36.858069176938088, 46.677097023673532 ], [ 36.835807572233108, 46.650467073806517 ], [ 36.805077828720776, 46.627578719020917 ], [ 36.793161322540705, 46.650262626531251 ], [ 36.831333426722274, 46.669272925849434 ], [ 36.842791605257865, 46.699074303217309 ], [ 36.845366967379604, 46.730565211170834 ], [ 36.830198521243467, 46.753832383369307 ], [ 36.806780186489846, 46.766278211171809 ], [ 36.786701091768229, 46.78658755152815 ], [ 36.729672099318115, 46.790287275311485 ], [ 36.677619230959593, 46.78169303562629 ], [ 36.619018830854323, 46.776914623434898 ], [ 36.567227862723627, 46.766453073647 ], [ 36.50856198801057, 46.749590813833613 ], [ 36.500000000408861, 46.746918374132783 ], [ 36.454108357682188, 46.732592014333846 ], [ 36.42043222447959, 46.717848552585238 ], [ 36.378789929253784, 46.699628726610484 ], [ 36.34862763713339, 46.679724263772073 ], [ 36.313903899426236, 46.647487903356961 ], [ 36.302751272054756, 46.611695750351153 ], [ 36.28022776712195, 46.582767065561278 ], [ 36.244587375024146, 46.541620362198046 ], [ 36.212853676146921, 46.521320683619081 ], [ 36.181512828509746, 46.501262315995398 ], [ 36.167501113320562, 46.519051680361514 ], [ 36.221671017054661, 46.546258798592952 ], [ 36.253404715931879, 46.567514414812166 ], [ 36.252837263641638, 46.590106686917785 ], [ 36.247555588385936, 46.61226568976987 ], [ 36.224792006896813, 46.63137707820924 ], [ 36.177846211845477, 46.645545512401092 ], [ 36.132864675689348, 46.6524530961143 ], [ 36.085635154043729, 46.633670572553186 ], [ 36.043316280983589, 46.646304951780081 ], [ 36.007348512253529, 46.632487316925172 ], [ 36.000000000378648, 46.632707430739764 ], [ 35.967845076973127, 46.633670572553186 ], [ 35.922208787552485, 46.634561649272449 ], [ 35.881701397805486, 46.622099843903705 ], [ 35.848832793449454, 46.60399367284667 ], [ 35.803152853990838, 46.591627121320379 ], [ 35.736368040774202, 46.57204825165001 ], [ 35.696515404291716, 46.537025429552273 ], [ 35.66995425422779, 46.504615656601153 ], [ 35.657769875819888, 46.499999999857828 ], [ 35.622484656924172, 46.486754286961599 ], [ 35.568533004278251, 46.470468408928205 ], [ 35.502206517807778, 46.419227371388018 ], [ 35.500000000348443, 46.418130972718053 ], [ 35.460826123708109, 46.398662136246266 ], [ 35.469839891134185, 46.413923304933057 ], [ 35.500000000348443, 46.434026814835292 ], [ 35.505021956485827, 46.437373523359767 ], [ 35.500000000348443, 46.456502057930692 ], [ 35.498539900245198, 46.462062279834946 ], [ 35.489307882629269, 46.493589410819403 ], [ 35.468377609023122, 46.490483962674254 ], [ 35.47018909233627, 46.46319478754549 ], [ 35.438389918851243, 46.456631719442619 ], [ 35.418223524053687, 46.473865333593693 ], [ 35.425163906142167, 46.494793812236736 ], [ 35.41215910716506, 46.499999999857828 ], [ 35.396747623625437, 46.506226357460008 ], [ 35.381144134176978, 46.499999999857828 ], [ 35.368527765830414, 46.495011472025389 ], [ 35.3614492498007, 46.499999999857828 ], [ 35.330355661648845, 46.522111152734745 ], [ 35.339478554619014, 46.562131816589563 ], [ 35.32991915947251, 46.596305110705707 ], [ 35.345349507633109, 46.628615989549147 ], [ 35.323589879712259, 46.650481677197725 ], [ 35.322280374081558, 46.71321030555589 ], [ 35.26817594495526, 46.744488824715702 ], [ 35.248380577726245, 46.666455387104016 ], [ 35.257263394140097, 46.621471563591498 ], [ 35.253618602045663, 46.581187892872315 ], [ 35.248904379978526, 46.528697946304433 ], [ 35.275355705609073, 46.499999999857828 ], [ 35.318264555316901, 46.453843626413573 ], [ 35.358204492773645, 46.395333177259822 ], [ 35.384089064104927, 46.336715864416689 ], [ 35.42507660606622, 46.381477278980128 ], [ 35.443125965488207, 46.382873206949974 ], [ 35.415364435337672, 46.350364950673224 ], [ 35.367916662603889, 46.301733528224617 ], [ 35.317326075458112, 46.261497145090708 ], [ 35.269616401598185, 46.191150534634254 ], [ 35.221448400992095, 46.1458234703925 ], [ 35.153375906714594, 46.107941821093412 ], [ 35.046061878282813, 46.075737158128632 ], [ 35.003721179754528, 46.073675298030835 ], [ 35.020635634596019, 46.10406890690934 ], [ 35.099075051968263, 46.137454656850046 ], [ 35.15918138422257, 46.157534738216945 ], [ 35.240501715778983, 46.175753767875875 ], [ 35.273784996843219, 46.230257767329711 ], [ 35.312262652188892, 46.274975711935973 ], [ 35.364402821521672, 46.314954634653816 ], [ 35.343865400053893, 46.32462089855494 ], [ 35.286116179731479, 46.315944632491323 ], [ 35.254862633068562, 46.340950649598405 ], [ 35.232077226111301, 46.362774202023068 ], [ 35.245259587884092, 46.400261126673968 ], [ 35.235569242623676, 46.430139037009369 ], [ 35.155492942090163, 46.460711950764498 ], [ 35.134715444066067, 46.491035410532056 ], [ 35.104182126173768, 46.494677726492242 ], [ 35.127120308713089, 46.44568182078239 ], [ 35.176816066936354, 46.406642083380625 ], [ 35.187444892055552, 46.376722131330332 ], [ 35.183669148948894, 46.334314551325818 ], [ 35.151193396731223, 46.317808108312725 ], [ 35.111275284742618, 46.298063664821605 ], [ 35.094710032001529, 46.267792415254718 ], [ 35.058720437803331, 46.237868822085851 ], [ 35.000000000318224, 46.223821435487153 ], [ 34.992830469678871, 46.222106053891224 ], [ 34.958652434252301, 46.214755342895685 ], [ 34.939402735167896, 46.214361527069286 ], [ 34.914543998568583, 46.235040316510641 ], [ 34.895359774990283, 46.230593142460656 ], [ 34.913998371746473, 46.218489161461271 ], [ 34.91602810165621, 46.209898080105511 ], [ 34.883661545949529, 46.187414845564099 ], [ 34.85114221466079, 46.180059462220903 ], [ 34.814388822502373, 46.151840045670276 ], [ 34.80779765598902, 46.136052427003136 ], [ 34.796492277290007, 46.117674049126805 ], [ 34.782851618415457, 46.118316958400229 ], [ 34.782698842833398, 46.129011520196308 ], [ 34.746556552104892, 46.135249049915359 ], [ 34.731584564826441, 46.145020236784006 ], [ 34.706376626126726, 46.147342279850697 ], [ 34.686930502320614, 46.158366989630345 ], [ 34.655655199359828, 46.161199470118284 ], [ 34.621149787301015, 46.156994498171962 ], [ 34.593279192691824, 46.141295999055401 ], [ 34.59482877128557, 46.097023885645228 ], [ 34.626606051030492, 46.080679456914972 ], [ 34.629617909040363, 46.067401502799278 ], [ 34.613270942421735, 46.035451054170395 ], [ 34.604759171542725, 46.011358889771579 ], [ 34.563989969602801, 46.008972516803901 ], [ 34.527607603216303, 46.005985745367887 ], [ 34.519432726619982, 46.000000000240469 ], [ 34.503490917262482, 45.988431054803058 ], [ 34.502277586164425, 46.000000000240469 ], [ 34.501242937162893, 46.009953430934999 ], [ 34.500000000288011, 46.010004633288474 ], [ 34.47494374571729, 46.011036808629711 ], [ 34.474376294325353, 46.030109535875859 ], [ 34.499846133252888, 46.042269881391469 ], [ 34.469465657417977, 46.046498299614839 ], [ 34.462634415246626, 46.071759599687155 ], [ 34.488584405490158, 46.088048210416268 ], [ 34.500000000288011, 46.076787494283941 ], [ 34.513945118873607, 46.06302843365804 ], [ 34.524813996294611, 46.082331664011704 ], [ 34.543212517392803, 46.076629144321089 ], [ 34.548101329730351, 46.057879757670676 ], [ 34.56095628702311, 46.051092128504905 ], [ 34.580948036753021, 46.056153673120392 ], [ 34.56868235632033, 46.071423249054128 ], [ 34.576844925997257, 46.148028651651742 ], [ 34.54677000132645, 46.16036726182319 ], [ 34.53079406137806, 46.154307818820691 ], [ 34.535704698285429, 46.139368058889659 ], [ 34.546224374504348, 46.13983544471423 ], [ 34.541750238874997, 46.124380388182821 ], [ 34.506502775272352, 46.116154415378432 ], [ 34.500000000288011, 46.121102256012549 ], [ 34.476449674273063, 46.139017516900772 ], [ 34.444956121122424, 46.153563118164207 ], [ 34.407700752179871, 46.153811352635152 ], [ 34.355429745920908, 46.182394612023984 ], [ 34.345281095473901, 46.209679274549799 ], [ 34.314944269676957, 46.22029763765044 ], [ 34.312259788299343, 46.203639887616497 ], [ 34.338428028732729, 46.18076001720582 ], [ 34.312761764185161, 46.156162225866076 ], [ 34.332273363497393, 46.149138510102901 ], [ 34.348467553635651, 46.120610913113666 ], [ 34.330265458157484, 46.102987365341413 ], [ 34.293992217315065, 46.145779658249495 ], [ 34.276182972178631, 46.155432151735432 ], [ 34.258351902472377, 46.151679417813867 ], [ 34.218412053050528, 46.171914845892971 ], [ 34.159200679076129, 46.218795439664987 ], [ 34.128187276343169, 46.25152814557282 ], [ 34.100709532974044, 46.251047139139047 ], [ 34.088138301377242, 46.232226245576364 ], [ 34.087745450137184, 46.213894778336005 ], [ 34.06465454232147, 46.204194255448549 ], [ 34.059372878743865, 46.192055232921255 ], [ 34.095755245130377, 46.196374232790333 ], [ 34.119653679996027, 46.168061056313327 ], [ 34.138030376524384, 46.150335964371607 ], [ 34.136829998234404, 46.127725945293442 ], [ 34.119675505464166, 46.12660104279405 ], [ 34.107038798361252, 46.156162225866076 ], [ 34.073690114554445, 46.157169711845619 ], [ 34.057692350036213, 46.149518193563352 ], [ 34.030891182704785, 46.149941683232015 ], [ 34.064130740967506, 46.128529433458851 ], [ 34.087352598897141, 46.128178822028111 ], [ 34.103590439971683, 46.120727799999813 ], [ 34.114677567582532, 46.10310428985121 ], [ 34.082420136521613, 46.105545031072332 ], [ 34.070896507632739, 46.098441732516349 ], [ 34.051865059636505, 46.112998119457096 ], [ 34.035867295118273, 46.106158853301885 ], [ 34.022379410927464, 46.096366109340728 ], [ 34.000000000257799, 46.126157704593297 ], [ 33.987372022982825, 46.142960983526756 ], [ 33.951295207760424, 46.167885877545849 ], [ 33.906488370570855, 46.170513499477394 ], [ 33.848564674962383, 46.173943815631795 ], [ 33.780274078717042, 46.168630383117666 ], [ 33.736471194197428, 46.165228931359863 ], [ 33.7561355681934, 46.128251865949061 ], [ 33.77614914339145, 46.088018971278764 ], [ 33.802011833559035, 46.084948776277834 ], [ 33.805372891872672, 46.108219490966491 ], [ 33.820410354657227, 46.120537858995412 ], [ 33.833658163190051, 46.124351168434444 ], [ 33.843086586663063, 46.099333349268775 ], [ 33.825168216880868, 46.071057648172896 ], [ 33.84714604648255, 46.060015346593254 ], [ 33.861943433609106, 46.039621467759495 ], [ 33.860677580711332, 46.021576662802893 ], [ 33.879468953049575, 46.016028852627748 ], [ 33.906706620760708, 46.019922625454846 ], [ 33.910307754732337, 46.045605823350407 ], [ 33.932722086510353, 46.047888192940697 ], [ 33.927353122856807, 46.035860793139214 ], [ 33.932154635118422, 46.015399382448422 ], [ 33.967292973176974, 46.011476009718834 ], [ 34.000000000257799, 46.012927866733506 ], [ 34.005879669625095, 46.013188859486363 ], [ 34.002802337007438, 46.02397712472856 ], [ 34.000000000257799, 46.024341627623855 ], [ 33.973207562754297, 46.027826427052361 ], [ 33.975084517081982, 46.035977860854352 ], [ 34.000000000257799, 46.038291838992699 ], [ 34.004548341221202, 46.038714246648546 ], [ 34.000000000257799, 46.046183629292713 ], [ 33.999353978617854, 46.047244457104995 ], [ 33.964673966407155, 46.053783875136808 ], [ 33.972967487096305, 46.064432533868803 ], [ 33.999790479895879, 46.070194820003955 ], [ 34.000000000257799, 46.070179004883045 ], [ 34.029821754528712, 46.067928002845704 ], [ 34.052279736344694, 46.059444889342174 ], [ 34.06249386139951, 46.049380459985301 ], [ 34.034164940942475, 46.042708832788499 ], [ 34.038246226230093, 46.03730948823344 ], [ 34.066422372003387, 46.037689947356064 ], [ 34.091717609880732, 46.030402235351126 ], [ 34.089469629781135, 46.017961134976375 ], [ 34.099989306000047, 46.021708398537179 ], [ 34.118933453022031, 46.012573996770918 ], [ 34.108810581528729, 46.000000000240469 ], [ 34.103786865591701, 45.993815299515994 ], [ 34.082551086635526, 45.987052254979766 ], [ 34.090211681324952, 45.971912210923065 ], [ 34.116772772998381, 45.977457754029793 ], [ 34.122861962727598, 45.965233590613629 ], [ 34.148790128401295, 45.974989911157685 ], [ 34.185456219585461, 45.981725408655379 ], [ 34.18247496717732, 46.000000000240469 ], [ 34.182357062397962, 46.000729217853134 ], [ 34.163893065793658, 46.016175240080734 ], [ 34.146083821555543, 46.024152764211244 ], [ 34.132377687174873, 46.036007127744199 ], [ 34.131984835934823, 46.043059991378911 ], [ 34.155381294914648, 46.038816675902076 ], [ 34.176507947428426, 46.037646048048217 ], [ 34.201323034888091, 46.031851074466914 ], [ 34.194229891590602, 46.017624454508507 ], [ 34.211001385842827, 46.000000000240469 ], [ 34.220310832846359, 45.990303264277173 ], [ 34.222741416188697, 46.000000000240469 ], [ 34.224850443981822, 46.008489373716266 ], [ 34.232183662038999, 46.020932619042853 ], [ 34.258679278206309, 46.01466743094732 ], [ 34.27952220592244, 46.006381062524653 ], [ 34.300650302927195, 46.000000000240469 ], [ 34.316755749396847, 45.995179418509579 ], [ 34.318192742136027, 46.000000000240469 ], [ 34.325878621705755, 46.026011580664587 ], [ 34.345215620866107, 46.034382792079583 ], [ 34.37317351555123, 46.020639869098666 ], [ 34.372715189703378, 46.009587420443424 ], [ 34.349449680837466, 46.011080728583643 ], [ 34.343153004532134, 46.000000000240469 ], [ 34.337576851644826, 45.990274238527114 ], [ 34.381030535860674, 45.975527039604792 ], [ 34.393558116521184, 45.984178434601375 ], [ 34.424767944874176, 45.964086528934956 ], [ 34.401349661324524, 45.952541979173873 ], [ 34.391070060763596, 45.932801727183865 ], [ 34.400498484236621, 45.922209670684644 ], [ 34.425837373050243, 45.944030862038638 ], [ 34.455257546253172, 45.953907121145079 ], [ 34.477082601171112, 45.903403392617967 ], [ 34.494258919409496, 45.905990726097819 ], [ 34.500000000288011, 45.910347331403386 ], [ 34.536665000917417, 45.938162362686207 ], [ 34.556220249369296, 45.961748771724352 ], [ 34.563509818286818, 45.941256476218243 ], [ 34.579442108197249, 45.951263943077137 ], [ 34.582061114967061, 45.993249325452489 ], [ 34.615693523571522, 45.988314946505795 ], [ 34.599171957699326, 45.951278466559231 ], [ 34.578045304287237, 45.921657491302533 ], [ 34.505193271438294, 45.869844277739539 ], [ 34.500675485770962, 45.849215949872345 ], [ 34.541597463292938, 45.849288700448284 ], [ 34.582912292054964, 45.868113423671034 ], [ 34.645833924646759, 45.894899221592972 ], [ 34.69644622676789, 45.907444231394891 ], [ 34.723596594403084, 45.909856965288675 ], [ 34.707969855656764, 45.8911627867327 ], [ 34.676956452025486, 45.8857539583461 ], [ 34.631996840152176, 45.842624316875366 ], [ 34.578961956881258, 45.800072651343683 ], [ 34.632215090342029, 45.809683483353126 ], [ 34.590791136035918, 45.777742869126918 ], [ 34.611765013865956, 45.77204609527702 ], [ 34.653865544209772, 45.795863746286891 ], [ 34.682500016729229, 45.834212660161242 ], [ 34.751227113354275, 45.838636943527085 ], [ 34.753780645516287, 45.811154084506697 ], [ 34.713666194145929, 45.799300799958814 ], [ 34.663643168884875, 45.766815037804406 ], [ 34.653865544209772, 45.746162839639759 ], [ 34.773641445132284, 45.77194410166927 ], [ 34.788024155550652, 45.760942259958696 ], [ 34.730515136650375, 45.740302452821979 ], [ 34.761092038105318, 45.730810810851111 ], [ 34.721937890265252, 45.708774028773291 ], [ 34.714561022170116, 45.691894152344013 ], [ 34.715390373789873, 45.67484859011028 ], [ 34.752187415986256, 45.669345610192558 ], [ 34.790119360966514, 45.686013439950287 ], [ 34.822180366407395, 45.695118794621756 ], [ 34.831936166512669, 45.676220600868916 ], [ 34.801010063855649, 45.662352974809444 ], [ 34.866659827863032, 45.655228049920595 ], [ 34.887437280073037, 45.675607578929551 ], [ 34.905071924159273, 45.671082683756111 ], [ 34.889903511260798, 45.647678721912669 ], [ 34.914543998568583, 45.648511096645848 ], [ 34.945604691313044, 45.646927256644219 ], [ 34.947478005667193, 45.646831731787245 ], [ 34.978600533944238, 45.650351038320288 ], [ 34.990386063060939, 45.63833190677002 ], [ 35.000000000318224, 45.626623309506343 ], [ 35.00236802318755, 45.623738975167605 ], [ 35.019042401472724, 45.618873814953155 ], [ 35.031941037549551, 45.604071179799995 ], [ 35.057039904604089, 45.592802175193626 ], [ 35.076420596023233, 45.576588938082345 ], [ 35.079497934929101, 45.550629177149247 ], [ 35.100886535281418, 45.506345429397442 ], [ 35.103061221836974, 45.500000000291124 ], [ 35.10625551061306, 45.490761169562219 ], [ 35.099707979764631, 45.469203773327301 ], [ 35.078886832600887, 45.457630487375866 ], [ 35.039885375002932, 45.444732968582038 ], [ 35.007082246153004, 45.437455017881206 ], [ 35.013062323812861, 45.430757305661693 ], [ 35.018234872626167, 45.409176807248393 ], [ 35.051343553538516, 45.353828877362226 ], [ 35.100362733029137, 45.321709074389979 ], [ 35.146348223651856, 45.325697758578315 ], [ 35.166165417247335, 45.319292434086606 ], [ 35.1937741709175, 45.309755884946611 ], [ 35.217105205595182, 45.278965833945932 ], [ 35.261431988486805, 45.247036530978157 ], [ 35.293645839578346, 45.22134590382408 ], [ 35.341966616664806, 45.21058211051691 ], [ 35.384154539611039, 45.21024662013334 ], [ 35.414884283123357, 45.225516687000606 ], [ 35.472066051155529, 45.226056240987702 ], [ 35.480556016329331, 45.246744988968935 ], [ 35.434112198062124, 45.267047287008474 ], [ 35.39065841952317, 45.29096925511238 ], [ 35.334153229325338, 45.324111053446508 ], [ 35.287774887462568, 45.346437271833899 ], [ 35.24794407554991, 45.373903531352447 ], [ 35.210361249126734, 45.419481259404918 ], [ 35.169703551469773, 45.500000000291124 ], [ 35.164222982921963, 45.510942268559418 ], [ 35.146326399082028, 45.533862263366871 ], [ 35.113043118017799, 45.58075600009208 ], [ 35.066446524168541, 45.638215061474682 ], [ 35.026048259965634, 45.694943705463608 ], [ 35.011119889487489, 45.719100757439712 ], [ 35.000000000318224, 45.731494331331092 ], [ 34.985017100305711, 45.748189048710522 ], [ 34.984515123521575, 45.75957234149412 ], [ 34.977291030110173, 45.783861512836914 ], [ 34.960092887301961, 45.811663689680572 ], [ 34.9435931459996, 45.828361583240586 ], [ 34.93148024025065, 45.830108238207266 ], [ 34.927879106279015, 45.821243394076227 ], [ 34.916486428402379, 45.810207662715733 ], [ 34.915045974454394, 45.810265904630455 ], [ 34.898458933076093, 45.816308161233451 ], [ 34.900357712871916, 45.831942166359298 ], [ 34.890405488044934, 45.863444210197436 ], [ 34.879121934814059, 45.878337767319842 ], [ 34.873403769958436, 45.893983309674837 ], [ 34.879405660510031, 45.90187709960923 ], [ 34.892959019308641, 45.894317692336955 ], [ 34.902911244135623, 45.894826531084838 ], [ 34.884796448733397, 45.912618397871114 ], [ 34.87574628516527, 45.933624500422155 ], [ 34.874798715254116, 45.930328732088277 ], [ 34.87449502270433, 45.927571336601467 ], [ 34.862360292385553, 45.887048054466597 ], [ 34.844310972489446, 45.871909595996406 ], [ 34.837370604774009, 45.874672928875931 ], [ 34.832459966968322, 45.883107510560308 ], [ 34.843154244237432, 45.899565775242927 ], [ 34.841626490213514, 45.915713945765539 ], [ 34.835777376142296, 45.925115787352418 ], [ 34.828553282730901, 45.944132538432513 ], [ 34.816069351210032, 45.958292774223118 ], [ 34.830495712564691, 45.959570647176783 ], [ 34.843525270009337, 45.952454841476431 ], [ 34.855310800024355, 45.954633246928708 ], [ 34.849199783928682, 45.976049645238227 ], [ 34.840600712973732, 45.995179418509579 ], [ 34.837767152581456, 46.000000000240469 ], [ 34.82220219187554, 46.02671410920324 ], [ 34.802952493689446, 46.059810567637484 ], [ 34.763536444723243, 46.067503878516796 ], [ 34.74679662776289, 46.054076448404388 ], [ 34.751729090138404, 46.035494955233318 ], [ 34.755875850033824, 46.021049718583789 ], [ 34.736538851771797, 46.049175641334976 ], [ 34.722374391543276, 46.049658427243671 ], [ 34.733941670470116, 46.071730351860751 ], [ 34.709824984516302, 46.074172491323012 ], [ 34.713557069500162, 46.082024620580682 ], [ 34.742126065615189, 46.082887262604515 ], [ 34.755875850033824, 46.089890244008146 ], [ 34.80085728827359, 46.074523448579598 ], [ 34.798587482705862, 46.091761453468422 ], [ 34.78872255795482, 46.102519664806273 ], [ 34.801621165285553, 46.109900095940581 ], [ 34.81288289304829, 46.10688958508203 ], [ 34.823249794583468, 46.071584112494669 ], [ 34.836344827534226, 46.028163044995438 ], [ 34.853043222278522, 46.000000000240469 ], [ 34.877921556524079, 45.958394424286823 ], [ 34.902823944059676, 45.910699943450751 ], [ 34.920895089423936, 45.875327382064867 ], [ 34.969674086357038, 45.815274472435043 ], [ 34.999487110800025, 45.767121046386549 ], [ 35.000000000318224, 45.766152013413233 ], [ 35.021028485836069, 45.72640707082973 ], [ 35.056385152237908, 45.672732123729176 ], [ 35.122515212190038, 45.586282359648891 ], [ 35.175026408193041, 45.517251327470895 ], [ 35.183382368980958, 45.500000000291124 ], [ 35.215097296662016, 45.435057880994989 ], [ 35.271755262441907, 45.375997864387593 ], [ 35.340351558971683, 45.339481290858977 ], [ 35.394936139413971, 45.310411119944931 ], [ 35.470232743272554, 45.270325866721116 ], [ 35.500000000348443, 45.26642515378834 ], [ 35.536952080983077, 45.261582563007607 ], [ 35.573683728521722, 45.26369565243877 ], [ 35.64435340949079, 45.297698210433552 ], [ 35.732395872047512, 45.320762812165384 ], [ 35.78713322897017, 45.338389792897225 ], [ 35.813148751313676, 45.369685539670023 ], [ 35.804571486063942, 45.391208525432532 ], [ 35.855751350968106, 45.419960828303026 ], [ 35.838291269304506, 45.436655983430953 ], [ 35.848941918993539, 45.447420196677847 ], [ 35.870767021522184, 45.457891892837978 ], [ 35.893421477467214, 45.449816804263712 ], [ 35.881264895629151, 45.421384978093108 ], [ 35.88447318554725, 45.406749389868601 ], [ 35.909331976943804, 45.383167456207609 ], [ 35.94997031770302, 45.365059929968233 ], [ 36.000000000378648, 45.365860483304438 ], [ 36.012695662117025, 45.366063631830009 ], [ 36.071841689044398, 45.400120697912122 ], [ 36.070357582363506, 45.42785132531656 ], [ 36.09475804701389, 45.436685039486228 ], [ 36.133235702359563, 45.450339687520675 ], [ 36.196441198987877, 45.460956055567195 ], [ 36.255325324789112, 45.464049091912671 ], [ 36.312419792745338, 45.461769264787009 ], [ 36.322524814713944, 45.431992301814489 ], [ 36.353123609010673, 45.422794559785366 ], [ 36.373661029580141, 45.437237100409334 ], [ 36.404194348370751, 45.445038011501559 ], [ 36.429271390855469, 45.443846881571744 ], [ 36.458451553079108, 45.420018957702766 ], [ 36.488722969845263, 45.414205732808426 ], [ 36.500000000408861, 45.417992905141084 ], [ 36.524035985310817, 45.42606407244498 ], [ 36.544180554640228, 45.435885994060826 ], [ 36.56609295724482, 45.422910812651111 ], [ 36.568450068278388, 45.405368477257539 ], [ 36.590122395224974, 45.392124523461312 ], [ 36.590271983584401, 45.389535470656433 ], [ 36.591213650665814, 45.373234491493506 ], [ 36.58702323085096, 45.358164445628638 ], [ 36.538855229346552, 45.347746878935901 ], [ 36.504306092689589, 45.350555155920404 ], [ 36.500000000408861, 45.351870807231002 ], [ 36.47944730129305, 45.358149897583637 ], [ 36.46526098415535, 45.352941354181127 ], [ 36.458713454205238, 45.341227643289081 ], [ 36.457469423182346, 45.330646828060829 ], [ 36.480363955683693, 45.320311512163464 ], [ 36.491145556384943, 45.3137454168277 ], [ 36.47844334682646, 45.305955375264894 ], [ 36.454959536566726, 45.296547645421519 ], [ 36.43254515627968, 45.288769790660602 ], [ 36.414277545769529, 45.278368509128931 ], [ 36.407599063908876, 45.265429783705812 ], [ 36.41824971449622, 45.256117309462226 ], [ 36.430493596410223, 45.267397010837634 ], [ 36.436932001714567, 45.264788598270371 ], [ 36.426172226481455, 45.253041960997798 ], [ 36.420235797961247, 45.227922768047378 ], [ 36.416089029082677, 45.206526924410916 ], [ 36.412116860355994, 45.181168123227209 ], [ 36.414255720301391, 45.162616021508427 ], [ 36.386144988948764, 45.177636248172632 ], [ 36.314449527146657, 45.171900131221193 ], [ 36.314864203854846, 45.153257382354539 ], [ 36.356244597954515, 45.157389390596144 ], [ 36.373944756174417, 45.143400668621837 ], [ 36.387650920199491, 45.136886995207504 ], [ 36.403779671662562, 45.138960936409568 ], [ 36.408930395007715, 45.155257721157433 ], [ 36.41521602473, 45.156104558466488 ], [ 36.416765606917011, 45.129978177154683 ], [ 36.426957929859874, 45.10481887343456 ], [ 36.453497254455655, 45.099776903106708 ], [ 36.454086532214049, 45.086914196758258 ], [ 36.441886300338012, 45.07853725245166 ], [ 36.399261875215451, 45.061267783492376 ], [ 36.378375251647277, 45.055958669009833 ], [ 36.3568775266492, 45.054715416332009 ], [ 36.32776283993168, 45.056923999695776 ], [ 36.254343195790675, 45.047123671459644 ], [ 36.22911337682558, 45.04520729070321 ], [ 36.216825843975286, 45.036707141872846 ], [ 36.205564091958045, 45.028644724358166 ], [ 36.183346137291032, 45.026303336727494 ], [ 36.127168323725449, 45.03676566653396 ], [ 36.059423206080197, 45.04520729070321 ], [ 36.034389813633446, 45.047650299163941 ], [ 36.005995355686544, 45.043715101619817 ], [ 36.000000000378648, 45.037080256016353 ], [ 35.994930028391018, 45.031468895120511 ], [ 35.963698307196232, 45.018458984289182 ], [ 35.93901411684989, 45.019000513173829 ], [ 35.920593729859362, 45.036604722774747 ], [ 35.879933564530319, 45.013541076939681 ], [ 35.846170131251775, 45.025776510570338 ], [ 35.754373750158216, 45.083961208915127 ], [ 35.665763835311246, 45.117443752517964 ], [ 35.625387395678167, 45.12181212443172 ], [ 35.583876050566275, 45.120570313884869 ], [ 35.501726365593477, 45.108165324500654 ], [ 35.500000000348443, 45.107718711643372 ], [ 35.447556461859378, 45.094149827899976 ], [ 35.398951958178628, 45.07059775085331 ], [ 35.37941849207575, 45.053984078741358 ], [ 35.372238033430968, 45.023771602083393 ], [ 35.400217814669674, 45.008842322682995 ], [ 35.379360695368689, 45.000000000297035 ], [ 35.367240084769556, 44.994366154905144 ], [ 35.351176809710914, 44.974811907561396 ], [ 35.37887286435533, 44.94639973155337 ], [ 35.327933075109172, 44.957258741527866 ], [ 35.296875954964591, 44.966365221497824 ], [ 35.251697993188429, 44.957162368825713 ], [ 35.231378822808821, 44.933996083516 ], [ 35.222321405344772, 44.907846401121191 ], [ 35.199164971717288, 44.895193177473047 ], [ 35.169220931583375, 44.899534497697246 ], [ 35.13240198307048, 44.883872034384957 ], [ 35.120921979965061, 44.841735757067383 ], [ 35.106713838257534, 44.804722271061912 ], [ 35.07864675604457, 44.781220223782739 ], [ 35.050034047009504, 44.780430748586326 ], [ 35.036240582908498, 44.813160681835406 ], [ 35.000000000318224, 44.830091494792043 ], [ 34.998745059256201, 44.830677687365991 ], [ 34.965854702195557, 44.823465451244651 ], [ 34.949638686589161, 44.810471475928708 ], [ 34.916726504060371, 44.807862664372735 ], [ 34.885363900125327, 44.81541500843236 ], [ 34.878510832485837, 44.817057390323271 ], [ 34.833442095068449, 44.819601380229258 ], [ 34.788482482296821, 44.81337001561117 ], [ 34.646335900532577, 44.778851765588612 ], [ 34.518506555477217, 44.735977052252643 ], [ 34.500000000288011, 44.727598910036825 ], [ 34.456065073303101, 44.707704140249547 ], [ 34.427648852770126, 44.681079734764985 ], [ 34.399800082730771, 44.661644210092817 ], [ 34.370881885413667, 44.632220164488658 ], [ 34.356149972894897, 44.606934494411938 ], [ 34.340676008832318, 44.572987422513229 ], [ 34.309051504669455, 44.560680722178205 ], [ 34.308047551999493, 44.544682946613953 ], [ 34.292857314531204, 44.538729155051826 ], [ 34.279674981504492, 44.548840529054196 ], [ 34.242048586790041, 44.543712261100964 ], [ 34.222013187022156, 44.533988334321094 ], [ 34.204465843011867, 44.510780213306276 ], [ 34.143406717143044, 44.500000000095532 ], [ 34.135236768704374, 44.498569815983188 ], [ 34.120046531236071, 44.449125711249266 ], [ 34.096781022370159, 44.442747418730363 ], [ 34.072620687276689, 44.428783420649935 ], [ 34.034732392334405, 44.421342081135265 ], [ 34.000000000257799, 44.404311700515919 ], [ 33.989227152740675, 44.399028421235272 ], [ 33.965808869191022, 44.398578201644412 ], [ 33.876282494887825, 44.412838822945531 ], [ 33.829598702472254, 44.41875426506865 ], [ 33.737278721247364, 44.396327050725674 ], [ 33.680533579359036, 44.398031501645683 ], [ 33.663269961044719, 44.436400563198056 ], [ 33.614774688909257, 44.438634093163074 ], [ 33.606852193992012, 44.461719573328928 ], [ 33.591683781093543, 44.487461012140606 ], [ 33.555812530950874, 44.500000000095532 ], [ 33.546724168321916, 44.503204000469601 ], [ 33.510952903365322, 44.50747788341647 ], [ 33.500000000227594, 44.506151743296783 ], [ 33.497181294376858, 44.505810459109711 ], [ 33.483846185768094, 44.502685932516378 ], [ 33.44966815034153, 44.526771185291565 ], [ 33.406781917517613, 44.554566826842958 ], [ 33.391962704922904, 44.571402738253887 ], [ 33.401282003750154, 44.575687753650691 ], [ 33.417607144900636, 44.561279137383622 ], [ 33.426075265741673, 44.564351983199643 ], [ 33.427406594145566, 44.581718576009436 ], [ 33.447834845153494, 44.581864084136917 ], [ 33.45876919808061, 44.594004630336769 ], [ 33.498665397464485, 44.606029498572212 ], [ 33.500000000227594, 44.605701238759295 ], [ 33.517391295194926, 44.601423494424985 ], [ 33.539194524644728, 44.598902157378632 ], [ 33.578719698256691, 44.586924302352514 ], [ 33.581884331848613, 44.594101615154415 ], [ 33.557614870312747, 44.60303967793358 ], [ 33.519442849674498, 44.614658705638128 ], [ 33.531948606663498, 44.622785785783563 ], [ 33.554952214403272, 44.625306079131427 ], [ 33.569771426099663, 44.639407994746286 ], [ 33.57162655585752, 44.675349843075374 ], [ 33.561499730878651, 44.714511555001359 ], [ 33.546200366967959, 44.75791807848843 ], [ 33.55034712776169, 44.767491474229246 ], [ 33.566104816621923, 44.776644339240008 ], [ 33.566170292128035, 44.794929580127764 ], [ 33.574965789601322, 44.801001889758496 ], [ 33.601003079920794, 44.802354783692017 ], [ 33.615123890111342, 44.933160507626901 ], [ 33.605723684518026, 45.000000000297035 ], [ 33.604691513968362, 45.006690426836002 ], [ 33.568025421885892, 45.090568670865068 ], [ 33.501284404234298, 45.156863780948193 ], [ 33.500000000227594, 45.157428607800938 ], [ 33.421368339791279, 45.191996752914243 ], [ 33.385480663953636, 45.199480711887894 ], [ 33.32072572707213, 45.166455390050729 ], [ 33.282881082167819, 45.157929595143699 ], [ 33.216860291490221, 45.152103870661811 ], [ 33.162799630979507, 45.175082069409143 ], [ 33.153371207506488, 45.179081133066155 ], [ 33.107145740938769, 45.204397106207317 ], [ 33.091343764236711, 45.219475518321289 ], [ 33.036454389011787, 45.27179752280253 ], [ 33.000000000197382, 45.30913748184183 ], [ 32.963646006200811, 45.346349963398204 ], [ 32.91074207394211, 45.377466759792476 ], [ 32.825253333990247, 45.382454900797114 ], [ 32.75285962788746, 45.37820846483568 ], [ 32.701003297438376, 45.365161755584332 ], [ 32.614226880018904, 45.336163072240637 ], [ 32.582405950236009, 45.340572767640296 ], [ 32.50300640091168, 45.366820033862673 ], [ 32.5364860348324, 45.389056598116625 ], [ 32.534805506124741, 45.402562938567741 ], [ 32.502111573785811, 45.40151627710393 ], [ 32.500000000167162, 45.40697766344713 ], [ 32.49351250283086, 45.423753636823832 ], [ 32.500000000167162, 45.428474824498814 ], [ 32.541593098258126, 45.458734191169349 ], [ 32.64460312478883, 45.500000000291124 ], [ 32.653097303061308, 45.503431950721286 ], [ 32.692098675319315, 45.501631081323403 ], [ 32.691836775091488, 45.516607279554961 ], [ 32.780708397926816, 45.555617313329641 ], [ 32.794392706839339, 45.53984684384487 ], [ 32.808229791333922, 45.536101068871801 ], [ 32.81200552635574, 45.556582707425207 ], [ 32.845376034732382, 45.562301594659765 ], [ 32.881147299688983, 45.55554417645574 ], [ 32.900331522368958, 45.570081850062138 ], [ 32.874054156391495, 45.581472410925386 ], [ 32.823463679738502, 45.579615571848365 ], [ 32.901160874887033, 45.619224471243989 ], [ 33.000000000197382, 45.661586762206845 ], [ 33.037261916061723, 45.677548791882003 ], [ 33.115526562602177, 45.715673313254015 ], [ 33.135343712180209, 45.766917040852874 ], [ 33.177051391283968, 45.742970317850833 ], [ 33.315749614658642, 45.804820028375318 ], [ 33.414551636852799, 45.8341253353938 ], [ 33.437424294478667, 45.856912467883554 ], [ 33.484937438513995, 45.867531612160541 ], [ 33.500000000227594, 45.859233362896681 ], [ 33.529111348805515, 45.84319183939828 ], [ 33.574027311539169, 45.88287484938332 ], [ 33.60303280983053, 45.861582233504969 ], [ 33.641008404848755, 45.850496352421537 ], [ 33.623657486458491, 45.894986450954583 ], [ 33.686295393354321, 45.911034224163963 ], [ 33.667591321092019, 45.955127006691114 ], [ 33.58469976334014, 45.958496074162852 ], [ 33.580156128650515, 46.000000000240469 ], [ 33.573459860147238, 46.061668177010844 ], [ 33.62191148224472, 46.070765165462817 ], [ 33.628087972049876, 46.109359385396694 ], [ 33.619663501246812, 46.139981501965572 ], [ 33.593560735421228, 46.181577320728728 ], [ 33.543755961248337, 46.162411259684681 ], [ 33.511607655731503, 46.131816305450116 ], [ 33.551394730469617, 46.105340422133828 ], [ 33.508988648961697, 46.10482889675599 ], [ 33.504427212358081, 46.078530050125579 ], [ 33.500000000227594, 46.082177421440846 ], [ 33.480201401758499, 46.098485583187681 ], [ 33.443600785182142, 46.081103479343511 ], [ 33.412478256905089, 46.102914287083586 ], [ 33.38742309378744, 46.142216128350022 ], [ 33.363808384617762, 46.178103696933 ], [ 33.340477401144042, 46.150949283828524 ], [ 33.317124593100502, 46.150876270205991 ], [ 33.333318783238752, 46.179066993063287 ], [ 33.314963912178534, 46.190537665566225 ], [ 33.276944667122343, 46.190990021659786 ], [ 33.232116004464629, 46.184933973564895 ], [ 33.230500950364771, 46.163652221166394 ], [ 33.218999146944043, 46.16171046881346 ], [ 33.211993303722494, 46.203654476627641 ], [ 33.207191792359197, 46.231817974382366 ], [ 33.173974058666303, 46.206718015849496 ], [ 33.172380830034591, 46.177782595072593 ], [ 33.134274284004135, 46.160907468540977 ], [ 33.093286830976055, 46.171593707036983 ], [ 33.065852737644889, 46.19386458577921 ], [ 33.021373276189259, 46.180774612330858 ], [ 33.038200393225559, 46.168236234519298 ], [ 33.02885926982848, 46.143954108401644 ], [ 33.000000000197382, 46.142585973331734 ], [ 32.951533101350172, 46.140288220611815 ], [ 32.848627967501933, 46.167009975286241 ], [ 32.792035601195664, 46.168090252719999 ], [ 32.74663948714602, 46.147488317059086 ], [ 32.665341158025853, 46.147137827103897 ], [ 32.631599623877314, 46.154483041104015 ], [ 32.539345117260218, 46.130194806456657 ], [ 32.52293267603379, 46.112998119457096 ], [ 32.575662008140604, 46.088311361952115 ], [ 32.825908086356442, 46.050506948585394 ], [ 32.866328087094274, 46.064520288977697 ], [ 32.901291825000946, 46.065134570808603 ], [ 32.930952074760192, 46.052277098416866 ], [ 33.000000000197382, 46.044186699790302 ], [ 33.036585339125693, 46.039899483818246 ], [ 33.052124777796081, 46.02311355608262 ], [ 33.000000000197382, 46.024104572513771 ], [ 32.922789504184948, 46.025572495764727 ], [ 32.694303006279256, 46.054690846562941 ], [ 32.500000000167162, 46.086488044151707 ], [ 32.434432078970381, 46.097213908843543 ], [ 32.331614246096393, 46.112735086480271 ], [ 32.229713065816426, 46.136140067460474 ], [ 32.263694676521276, 46.141997051588262 ], [ 32.29394420224228, 46.155914001443264 ], [ 32.284952279148968, 46.1781328879744 ], [ 32.26181772129528, 46.19284318427696 ], [ 32.226090107274963, 46.210204406534487 ], [ 32.191824770874135, 46.200517817520584 ], [ 32.154744002981786, 46.20978138375196 ], [ 32.143394974244806, 46.230768120133703 ], [ 32.136301831845628, 46.26119110669071 ], [ 32.097933385587353, 46.274014108820545 ], [ 32.049176213224079, 46.251047139139047 ], [ 32.001859494808777, 46.260156391336302 ], [ 32.00000000013695, 46.264466203846197 ], [ 31.989768414527969, 46.288174189075264 ], [ 31.932870497057593, 46.291932110093938 ], [ 31.925799179228246, 46.261948913068181 ], [ 31.888521985715872, 46.259733755907092 ], [ 31.831798668397379, 46.270517225426737 ], [ 31.801243591512268, 46.288538339871998 ], [ 31.775992003672897, 46.269307834425774 ], [ 31.748732509595307, 46.233465621236981 ], [ 31.805914153659963, 46.213355095448122 ], [ 31.923900399432423, 46.209387532028494 ], [ 31.991950920019761, 46.186466290237554 ], [ 32.00000000013695, 46.185927047417536 ], [ 32.07102309271184, 46.181168670495779 ], [ 32.120958817896955, 46.159739446634539 ], [ 32.155464229955776, 46.139207393777973 ], [ 32.00000000013695, 46.170477022903832 ], [ 31.915825128933122, 46.187400252837179 ], [ 31.800370589854541, 46.200284384451628 ], [ 31.688953685127288, 46.220283053088004 ], [ 31.597703131180147, 46.248962727827582 ], [ 31.541700040835646, 46.290461016705606 ], [ 31.533755720450255, 46.335769905204721 ], [ 31.554751423748435, 46.334212674739845 ], [ 31.569592460912968, 46.319773424112903 ], [ 31.5810942643337, 46.294335295497902 ], [ 31.59691742959836, 46.271362326306722 ], [ 31.634172797642595, 46.252927413782771 ], [ 31.676688004694604, 46.239297598708042 ], [ 31.716693329622561, 46.235200699340467 ], [ 31.750129313505315, 46.262021778881945 ], [ 31.777017780912679, 46.296359715254482 ], [ 31.818441734320476, 46.327808641720011 ], [ 31.866609630721992, 46.335216875708269 ], [ 32.00000000013695, 46.352099352894435 ], [ 32.003540023516436, 46.352547322284757 ], [ 32.020607217109045, 46.378132723343271 ], [ 32.073445673861634, 46.381360950027855 ], [ 32.043938200582758, 46.43857917712031 ], [ 32.035077227603352, 46.437112052669427 ], [ 32.00000000013695, 46.431291882547143 ], [ 31.997079808015307, 46.430807323422989 ], [ 31.931888368957463, 46.450242127407826 ], [ 31.873768248627275, 46.479758637703959 ], [ 31.791924293583332, 46.495591894669367 ], [ 31.728653459789456, 46.486376951873922 ], [ 31.683388295853714, 46.471266850555551 ], [ 31.696374203260397, 46.43780930441676 ], [ 31.600197530840273, 46.499999999857828 ], [ 31.578999058917848, 46.513825289627505 ], [ 31.54597775174329, 46.549843437075054 ], [ 31.622299967551641, 46.526019413823931 ], [ 31.721320240833968, 46.542088613691639 ], [ 31.758662909852461, 46.545878374089796 ], [ 31.957083722260048, 46.499999999857828 ], [ 32.00000000013695, 46.490163342657951 ], [ 32.032851072073598, 46.482632478478912 ], [ 32.039813265257166, 46.48520138943811 ], [ 32.079776845473873, 46.499999999857828 ], [ 32.083703449852727, 46.501467329374861 ], [ 32.157079284055634, 46.500764422234433 ], [ 32.161686806029955, 46.499999999857828 ], [ 32.352413523774544, 46.468639206599519 ], [ 32.449709617412928, 46.478699051656037 ], [ 32.386144141595757, 46.499999999857828 ], [ 32.383667002165502, 46.500837642284097 ], [ 32.500000000167162, 46.549868317397788 ], [ 32.518000213658269, 46.557450859329208 ], [ 32.500000000167162, 46.554963784994271 ], [ 32.378559939638102, 46.538181516183172 ], [ 32.346608058842982, 46.561619856557435 ], [ 32.297261610517936, 46.57411028996399 ], [ 32.237089934809873, 46.573218212048886 ], [ 32.189009339382615, 46.557670287979157 ], [ 32.155376929879836, 46.543859152777991 ], [ 32.123490524590828, 46.583059499707844 ], [ 32.062402196288751, 46.593834598314892 ], [ 32.014430726405571, 46.593205987990544 ], [ 32.00000000013695, 46.620535559625345 ], [ 31.958820486402807, 46.698446923005221 ], [ 31.942560820758438, 46.761877324257348 ], [ 31.966175529928115, 46.795690743415598 ], [ 31.987869634732146, 46.860577050124583 ], [ 32.00000000013695, 46.880023394009264 ], [ 32.029664614810166, 46.927549247721466 ], [ 32.025299603826575, 46.930164208226422 ], [ 32.00367097452866, 46.943106373809158 ], [ 32.00000000013695, 46.937609137600397 ], [ 31.975232927629229, 46.900505926204112 ], [ 31.954433650849392, 46.869318591695617 ], [ 31.934572851233394, 46.838185772889105 ], [ 31.896357180557175, 46.816702273849344 ], [ 31.868290159429652, 46.7561206510387 ], [ 31.879879263824638, 46.726073892177844 ], [ 31.90523997720809, 46.699293155485137 ], [ 31.910063314039522, 46.633918907238268 ], [ 31.848691260939791, 46.626351499547646 ], [ 31.759645037054273, 46.638023561179025 ], [ 31.700171762852047, 46.641894211370257 ], [ 31.622561868677781, 46.636358365644114 ], [ 31.573673746200591, 46.588863992647546 ], [ 31.515771876060253, 46.621062447101643 ], [ 31.500000000106738, 46.624181275926553 ], [ 31.474173321602265, 46.629288013881684 ], [ 31.500000000106738, 46.642914553729277 ], [ 31.504073646121185, 46.645063554755986 ], [ 31.508395007066799, 46.65902396858494 ], [ 31.50215304175553, 46.675827144939142 ], [ 31.519722210335654, 46.686612860477069 ], [ 31.528910559048985, 46.707127466915146 ], [ 31.527688355290863, 46.737636818302477 ], [ 31.54102346389962, 46.75527531522993 ], [ 31.538033431357899, 46.78721390103685 ], [ 31.559225559377786, 46.805302031586699 ], [ 31.5648782487273, 46.820938525728522 ], [ 31.525156649495308, 46.791685529722592 ], [ 31.519591260221741, 46.774466978981366 ], [ 31.509333484230641, 46.755814582271015 ], [ 31.500000000106738, 46.761952673777053 ], [ 31.471881690566388, 46.780440200606684 ], [ 31.442396041857346, 46.792486596334726 ], [ 31.460707262879591, 46.772864294031145 ], [ 31.494623398078335, 46.747637538516685 ], [ 31.49571465082424, 46.716725491902295 ], [ 31.491502414524387, 46.690640528268197 ], [ 31.481550189697401, 46.672893172376767 ], [ 31.465792500837171, 46.666966350751487 ], [ 31.453177619202396, 46.629901593310073 ], [ 31.427729604844689, 46.628382240390614 ], [ 31.411055263390438, 46.615612134038308 ], [ 31.40254349161312, 46.596948302165131 ], [ 31.349770509468339, 46.601201945159225 ], [ 31.299507408549282, 46.609269787923431 ], [ 31.271418562851935, 46.602268957831285 ], [ 31.150158558841781, 46.617424095819835 ], [ 31.000000000076529, 46.589116698408482 ], [ 30.949891856747353, 46.579667163783689 ], [ 30.845218894115508, 46.555987976570037 ], [ 30.777910425970301, 46.546419746875813 ], [ 30.75663099697616, 46.558050629311495 ], [ 30.735569819070182, 46.554685977739389 ], [ 30.705844094703142, 46.540669213820195 ], [ 30.70374888928729, 46.514630508745149 ], [ 30.72721082377323, 46.502814543015411 ], [ 30.728278625100316, 46.499999999857828 ], [ 30.737577724410087, 46.47570887468342 ], [ 30.74403794080953, 46.433335113589116 ], [ 30.681814709723579, 46.310863424592768 ], [ 30.528886551512596, 46.086483894963465 ], [ 30.50000000004632, 46.078504561854011 ], [ 30.499510027449322, 46.078369207061954 ], [ 30.50000000004632, 46.079027496342611 ], [ 30.536154294063653, 46.12757985595016 ], [ 30.50000000004632, 46.131057554523153 ], [ 30.481176981857242, 46.13286806246915 ], [ 30.4436160626489, 46.155972407217781 ], [ 30.417120445583265, 46.207534930935346 ], [ 30.385583241496338, 46.226553920011789 ], [ 30.333115810515672, 46.231963785873916 ], [ 30.301884156694534, 46.266043802181571 ], [ 30.311356231103844, 46.364985165973081 ], [ 30.28771969646602, 46.395609386638995 ], [ 30.261878831766577, 46.345519772409993 ], [ 30.242520008036401, 46.324155093808521 ], [ 30.219778301422767, 46.364985165973081 ], [ 30.205832091384103, 46.404563630796332 ], [ 30.176542867396773, 46.395885594611322 ], [ 30.137366894088569, 46.384269098378525 ], [ 30.097208793578552, 46.336934160740448 ], [ 30.12150007968425, 46.292092325506999 ], [ 30.217552145892995, 46.198373113970057 ], [ 30.333246760629581, 46.162703253229481 ], [ 30.354919039965463, 46.147882615886154 ], [ 30.380825380171018, 46.088866899934096 ], [ 30.468518450184504, 46.045225419086826 ], [ 30.410499757734737, 46.000000000240469 ], [ 30.351929007423742, 45.95472038117876 ], [ 30.220105677156706, 45.871386001405725 ], [ 30.144678287575907, 45.834154443455624 ], [ 30.035902215086619, 45.79874739060898 ], [ 30.131670555599403, 45.846611403232089 ], [ 30.096313966452676, 45.940675435119502 ], [ 30.050044850745305, 45.895320826910094 ], [ 30.000000000016104, 45.930575489547316 ], [ 29.995765930163273, 45.933557187563473 ], [ 29.980248281926741, 45.87158962204456 ], [ 29.896745440386962, 45.871720520988731 ], [ 29.877975853092671, 45.797407534138095 ], [ 29.81391917757983, 45.761641779600176 ], [ 29.87771395106822, 45.714973213721066 ], [ 29.940308345368315, 45.753771672455862 ], [ 30.000000000016104, 45.779081892782997 ], [ 30.00154957860985, 45.77973878679547 ], [ 30.000000000016104, 45.778720043642529 ], [ 29.875880643185248, 45.697059326185624 ], [ 29.808506552210218, 45.639836265993686 ], [ 29.714164615994367, 45.500000000291124 ], [ 29.712738002389965, 45.49790158700219 ], [ 29.713486958385054, 45.500000000291124 ], [ 29.764812697114948, 45.644904049969284 ], [ 29.719852986426957, 45.678891546323506 ], [ 29.646848018994149, 45.734033193825084 ], [ 29.619959492297969, 45.713543816061929 ], [ 29.607824735928052, 45.635790470348184 ], [ 29.591128532174732, 45.58927923075678 ], [ 29.611954133185652, 45.500000000291124 ], [ 29.619784892146086, 45.466691832597775 ], [ 29.680917003436797, 45.43005988434156 ], [ 29.716099068788434, 45.435159579705314 ], [ 29.717910552101586, 45.457586919891042 ], [ 29.751957711974409, 45.46568992891951 ], [ 29.793316280605932, 45.37416532725166 ], [ 29.773651863490826, 45.259105047118425 ], [ 29.647000794576204, 45.212376218499429 ], [ 29.633381930627074, 45.145138495814209 ], [ 29.719918461034755, 45.127085864085636 ], [ 29.706081346895775, 45.063695477303604 ], [ 29.70197702700764, 45.000000000297035 ], [ 29.700013968261654, 44.966573995309254 ], [ 29.656167337584339, 44.894453512231088 ], [ 29.584493701250359, 44.846805337058939 ], [ 29.499999999985889, 44.819338739790446 ], [ 29.45262643258615, 44.803933119473498 ], [ 29.297188053586257, 44.76981205703111 ], [ 29.154211808486849, 44.732123207214514 ], [ 28.99999999995568, 44.651578835089012 ], [ 28.972823382649565, 44.637372879919589 ], [ 28.984739888829633, 44.660514035654479 ], [ 28.931071961879681, 44.669667809137671 ], [ 28.940544056051916, 44.680708519606689 ], [ 28.964246117399828, 44.686760642187352 ], [ 28.989279509846575, 44.667714480475205 ], [ 28.99999999995568, 44.668941932848902 ], [ 29.03002697614988, 44.672379759080904 ], [ 29.063048356087979, 44.691747112905773 ], [ 29.032515037297355, 44.69847574217323 ], [ 29.075292238001982, 44.729704344536735 ], [ 29.121779706307144, 44.750051870765688 ], [ 29.132474006034148, 44.789211034420788 ], [ 29.11141278231409, 44.829631325210087 ], [ 29.048229111153919, 44.820181007247221 ], [ 29.036880058162414, 44.895289654897525 ], [ 29.095087606129315, 44.95337158208055 ], [ 29.096004260519955, 44.986468203094852 ], [ 29.08928258047392, 45.000000000297035 ], [ 29.079810034449089, 45.017390546401721 ], [ 28.99999999995568, 45.018012034927523 ], [ 28.936964739463594, 45.018502892039216 ], [ 28.899078689411215, 45.000000000297035 ], [ 28.865029202003488, 44.981764227626805 ], [ 28.820680593643711, 44.934060358322789 ], [ 28.835303412957746, 44.862526223895472 ], [ 28.90937781036326, 44.801034101691982 ], [ 28.891481225625014, 44.735815809026768 ], [ 28.786000505974528, 44.704461462895608 ], [ 28.713170139591917, 44.654749802026721 ], [ 28.667817576765557, 44.524586444775167 ], [ 28.753350153604973, 44.524699729925558 ], [ 28.756637178162773, 44.500000000095532 ], [ 28.764459130040162, 44.441686980225001 ], [ 28.824414205763553, 44.500000000095532 ], [ 28.912171422674845, 44.585986659480952 ], [ 28.950670903488664, 44.586374651658637 ], [ 28.870487881302768, 44.500000000095532 ], [ 28.851803190192722, 44.480027198151888 ], [ 28.68894427599173, 44.328494404231478 ], [ 28.703283368711475, 44.229387041662932 ], [ 28.70627340754141, 44.096534901689807 ], [ 28.635429125522144, 44.061386705954078 ], [ 28.652430879541257, 44.03612005509035 ], [ 28.724213641419308, 44.039420541115057 ], [ 28.740975319780421, 44.009871367840773 ], [ 28.734646305921494, 44.000000000164377 ], [ 28.655879246015665, 43.878048946241066 ], [ 28.610766759745616, 43.791493356609188 ], [ 28.590294813783952, 43.699261462633444 ], [ 28.587544850612019, 43.591048401608852 ], [ 28.615000829598447, 43.543460466282099 ], [ 28.621236539940394, 43.499999999890157 ], [ 28.622203112813065, 43.493316515816495 ], [ 28.575955721064204, 43.429928499351689 ], [ 28.499999999925468, 43.386070565642434 ], [ 28.478135612272816, 43.373439823791188 ], [ 28.426039092978005, 43.395748977004942 ], [ 28.250499794686675, 43.416812033426204 ], [ 28.133953748638969, 43.404335876553723 ], [ 28.086353200323124, 43.368677751242856 ], [ 28.024522684831624, 43.258482033926839 ], [ 27.999999999895255, 43.227086446148022 ], [ 27.996717504643112, 43.222882738621628 ], [ 27.964481828083436, 43.211608487206803 ], [ 27.925938697231643, 43.20375236783169 ], [ 27.828445965072508, 43.188198440210556 ], [ 27.854897989592349, 43.178531695125002 ], [ 27.89915929697786, 43.183454019948606 ], [ 27.954704182747083, 43.176611073553239 ], [ 27.963630649198901, 43.1550442848065 ], [ 27.951364941816752, 43.11473129541411 ], [ 27.915528124098927, 43.011420389171576 ], [ 27.916304195740864, 43.00000000005209 ], [ 27.923603411666214, 42.893361281503573 ], [ 27.909962723147256, 42.825486547781026 ], [ 27.935323491327942, 42.676569047060902 ], [ 27.926877177090425, 42.65690787461935 ], [ 27.896312063328647, 42.65628513787906 ], [ 27.834164142504541, 42.655018909989501 ], [ 27.764192863939634, 42.647946888619288 ], [ 27.742324111373016, 42.622687672671347 ], [ 27.72599893518824, 42.608244581716519 ], [ 27.684094738836293, 42.606919655450262 ], [ 27.634486280688961, 42.582387227507844 ], [ 27.624708634454297, 42.553220099194931 ], [ 27.59950064185567, 42.555532628612134 ], [ 27.57996717485447, 42.548966759620463 ], [ 27.544348608224816, 42.554384460733594 ], [ 27.517634682578834, 42.54434112368952 ], [ 27.505499926208913, 42.522550706844733 ], [ 27.49999999986504, 42.516921698101427 ], [ 27.491619161133642, 42.508343179234586 ], [ 27.483151020529668, 42.505494809886073 ], [ 27.466760368838777, 42.508359362660755 ], [ 27.462984626630433, 42.514945715211844 ], [ 27.447030476217559, 42.518473252819618 ], [ 27.416169781693007, 42.518974858487944 ], [ 27.391354640334431, 42.500720260547908 ], [ 27.394547486416165, 42.499999999702688 ], [ 27.42055662712789, 42.494179475013262 ], [ 27.444673365183991, 42.497920729989403 ], [ 27.450818184883808, 42.499999999702688 ], [ 27.464839759981547, 42.504782696955736 ], [ 27.480226457205852, 42.501610458697201 ], [ 27.479805292864679, 42.499999999702688 ], [ 27.470863488577695, 42.466072713238177 ], [ 27.418766969282885, 42.457188332084421 ], [ 27.427431534608569, 42.442131789200474 ], [ 27.480815734964246, 42.454039132485818 ], [ 27.492033837841838, 42.477268758647369 ], [ 27.49999999986504, 42.479071979065061 ], [ 27.508140762938446, 42.48091466841732 ], [ 27.525120692387731, 42.467534577978668 ], [ 27.542471649405552, 42.480207988726228 ], [ 27.569076448609135, 42.474570326988299 ], [ 27.596095925419224, 42.481460733188307 ], [ 27.649982103457354, 42.463293468015493 ], [ 27.686517324477659, 42.48158921792799 ], [ 27.718447449873224, 42.471646893484774 ], [ 27.707578548197713, 42.451805675263671 ], [ 27.749919246726002, 42.440990749924083 ], [ 27.790121085308883, 42.45530847212305 ], [ 27.803783599295983, 42.436828189913662 ], [ 27.785014012001696, 42.41192737443658 ], [ 27.820348852037075, 42.367904614207418 ], [ 27.865264912687092, 42.377606125460936 ], [ 27.891280435030598, 42.3641394423721 ], [ 27.862012972731019, 42.326265911383253 ], [ 27.857735252840222, 42.289851546686428 ], [ 27.866290692621824, 42.247612674340203 ], [ 27.884209101929894, 42.203183583925465 ], [ 27.919107440687249, 42.167278661714448 ], [ 27.962408443644147, 42.098639138451134 ], [ 27.977598715248426, 42.093710360962227 ], [ 27.993661990307064, 42.043673571220559 ], [ 27.999999999895255, 42.037025659885622 ], [ 28.014417662863014, 42.021900425407928 ], [ 28.02436795361719, 41.999999999713268 ], [ 28.025526639298207, 41.997469369398836 ], [ 28.044820030641404, 41.984959244859255 ], [ 28.058744445754641, 41.954436357900725 ], [ 28.068020114306858, 41.926921011214716 ], [ 28.059180947930979, 41.914943600663882 ], [ 28.038185198818724, 41.927917687161639 ], [ 28.012889905245835, 41.926020774750228 ], [ 27.999999999895255, 41.919878759883261 ], [ 27.991195753729414, 41.915683210722861 ], [ 27.978580844246871, 41.898541324993019 ], [ 27.981374457456777, 41.866657312283152 ], [ 27.999999999895255, 41.817944452228424 ], [ 28.004356290034064, 41.806545709227528 ], [ 28.029455157986924, 41.783687097568468 ], [ 28.047613642952992, 41.760497919713522 ], [ 28.044121627338928, 41.743007790956803 ], [ 28.084650841655748, 41.683263386710394 ], [ 28.079696543930616, 41.667156380028537 ], [ 28.067016158941957, 41.657600004269526 ], [ 28.092115026894813, 41.624125285317653 ], [ 28.158594288947349, 41.579416586097956 ], [ 28.175159541688434, 41.561537302908654 ], [ 28.290432345296836, 41.499999999681769 ], [ 28.297816616408227, 41.496086529255045 ], [ 28.404235815917502, 41.456119204021931 ], [ 28.499999999925468, 41.424964467164344 ], [ 28.570254846981172, 41.4020990407274 ], [ 28.589159908305138, 41.395944738600861 ], [ 28.817210402599478, 41.315844814974199 ], [ 28.99999999995568, 41.267060646483188 ], [ 29.000170236091915, 41.267015195645591 ], [ 29.028062716356366, 41.26653170935414 ], [ 29.046046601170548, 41.278778912150507 ], [ 29.087383345232244, 41.277135343434502 ], [ 29.129112940533997, 41.239982786469575 ], [ 29.125053471731359, 41.216906864001949 ], [ 29.10899019577441, 41.202454030785184 ], [ 29.097117340530627, 41.190692599776618 ], [ 29.082407221140652, 41.169858832662655 ], [ 29.053052458765141, 41.157526487203469 ], [ 29.069072083785802, 41.143092736811539 ], [ 29.081883418888371, 41.11575025093461 ], [ 29.071865696995715, 41.083919675914728 ], [ 29.051830253210387, 41.062162538540676 ], [ 29.030114276225817, 41.041740438677891 ], [ 29.007634420432666, 41.038942615350607 ], [ 28.99999999995568, 41.026245349526768 ], [ 28.999144456157183, 41.024822289048906 ], [ 28.989672361984937, 41.02347964814463 ], [ 28.971994028334862, 41.030855745665207 ], [ 28.943643220425933, 41.059090738162752 ], [ 28.940675007064151, 41.055679253995272 ], [ 28.95069272895681, 41.041158243060778 ], [ 28.968392887176716, 41.024741408142567 ], [ 28.986616847648897, 41.017752892826437 ], [ 28.99999999995568, 41.014679585773067 ], [ 29.000213886129885, 41.014630467817575 ], [ 28.99999999995568, 41.01403361788698 ], [ 28.996416318453392, 41.004032523825543 ], [ 28.979283612523737, 41.005019580327726 ], [ 28.969373465682974, 40.999999999862673 ], [ 28.965162771790471, 40.997883370088239 ], [ 28.919810208964115, 40.992936806601591 ], [ 28.86129710983311, 40.98363689661975 ], [ 28.849489729197121, 40.991475249972467 ], [ 28.836678394094555, 40.984632804715005 ], [ 28.79693488225784, 40.975508431669063 ], [ 28.763760726737686, 40.994687419183123 ], [ 28.760823983156932, 40.999999999862673 ], [ 28.74224117627146, 41.03386417831058 ], [ 28.731398815321022, 41.052388892357229 ], [ 28.727312805793321, 41.059365589477174 ], [ 28.723253336990691, 41.053852177449642 ], [ 28.722729534738416, 41.053140735835697 ], [ 28.729167940042753, 41.040948004252577 ], [ 28.720677974868959, 41.033281911813276 ], [ 28.736324754130951, 40.999999999862673 ], [ 28.738072581924747, 40.996309503939266 ], [ 28.749923611700389, 40.996711004302142 ], [ 28.752891825960489, 40.993402570423235 ], [ 28.726177901212825, 40.986977948818989 ], [ 28.615284555294416, 40.971909737133956 ], [ 28.586868272777686, 40.984809496679503 ], [ 28.574955471249851, 40.999999999862673 ], [ 28.573882336624919, 41.001378724227187 ], [ 28.574406138877194, 41.025259046118414 ], [ 28.552166359640353, 41.0496157500572 ], [ 28.531126961388441, 41.054951663309716 ], [ 28.529490078227177, 41.047934038442051 ], [ 28.545378753133935, 41.034802263229942 ], [ 28.541362934369275, 41.016717493877387 ], [ 28.53333129594164, 41.000601981393054 ], [ 28.499999999925468, 41.014563083322479 ], [ 28.477742761032765, 41.02388406084367 ], [ 28.40386478924728, 41.044893911486568 ], [ 28.233869066439468, 41.061111675839726 ], [ 28.147354361499929, 41.046996142102984 ], [ 28.010598269718379, 41.007187816577279 ], [ 28.002720245899276, 40.999999999862673 ], [ 27.999999999895255, 40.997536797582235 ], [ 27.9805014531041, 40.979878008421963 ], [ 27.93010729247667, 40.97946034100385 ], [ 27.900075951368507, 40.989724551442954 ], [ 27.879537298310474, 40.999999999862673 ], [ 27.865374038231177, 41.007139274817277 ], [ 27.764520240571887, 41.022961996075175 ], [ 27.660654584004416, 40.999999999862673 ], [ 27.655765755497193, 40.998927240383154 ], [ 27.555981387810597, 40.986994011416492 ], [ 27.522523505696167, 40.981853860676068 ], [ 27.49999999986504, 40.972073070925852 ], [ 27.493408818978647, 40.969210587104207 ], [ 27.477912996210257, 40.929288736401489 ], [ 27.469663107592766, 40.870905097938092 ], [ 27.452137550423064, 40.843786506702656 ], [ 27.393624451292055, 40.80823375841446 ], [ 27.35292063502672, 40.725122034125206 ], [ 27.125655844110803, 40.619263974767925 ], [ 27.034295966091896, 40.588890754340234 ], [ 26.999999999834831, 40.568509225197268 ], [ 26.989096178847593, 40.562027952605327 ], [ 26.91842649698021, 40.535477736464905 ], [ 26.857945661575535, 40.499999999920512 ], [ 26.818925855887905, 40.477272536506483 ], [ 26.803386383081541, 40.461220981314874 ], [ 26.804193911928103, 40.436372815128976 ], [ 26.789440142500158, 40.430151288302 ], [ 26.764253974471359, 40.430456751594335 ], [ 26.739242407492753, 40.422482096591793 ], [ 26.717897457178417, 40.391571310315911 ], [ 26.690812504862208, 40.362400417712799 ], [ 26.641334997727107, 40.329610215778793 ], [ 26.561695199369932, 40.29564408395072 ], [ 26.515600583203128, 40.281836900426093 ], [ 26.499999999804619, 40.265404228528389 ], [ 26.49032711420007, 40.255213398943319 ], [ 26.450234401161271, 40.235738680804822 ], [ 26.393510960773582, 40.2220643143392 ], [ 26.396108147465146, 40.198288805327095 ], [ 26.393576436279695, 40.171018890027945 ], [ 26.347547294720691, 40.132531775803855 ], [ 26.303875265093566, 40.102149543670521 ], [ 26.25588186463936, 40.07998013776632 ], [ 26.215701851524617, 40.068682575855462 ], [ 26.195666407739296, 40.069749379243838 ], [ 26.268191222957796, 40.207016070642737 ], [ 26.265179358659719, 40.25339191385477 ], [ 26.253895781174332, 40.27879152649605 ], [ 26.228033034412878, 40.290376100857678 ], [ 26.250862091408116, 40.29826986592105 ], [ 26.253743004693959, 40.308691434235605 ], [ 26.220088696959504, 40.315053109730378 ], [ 26.368433918288865, 40.395898395075896 ], [ 26.456454555377441, 40.433511306238934 ], [ 26.47790863123587, 40.433061170251541 ], [ 26.499999999804619, 40.444052237220397 ], [ 26.612508037801831, 40.499999999920512 ], [ 26.627890734828174, 40.5077034684059 ], [ 26.678153945341698, 40.506813594426283 ], [ 26.724292211546473, 40.509434644278592 ], [ 26.829991182285124, 40.532243124644964 ], [ 26.880516294823096, 40.572292700760592 ], [ 26.850528603752899, 40.64839626300332 ], [ 26.795987673348584, 40.651189318474835 ], [ 26.742363396436595, 40.632394468744089 ], [ 26.697272735634694, 40.618601728101453 ], [ 26.645743668630136, 40.621331432501449 ], [ 26.587274219537097, 40.597341721914908 ], [ 26.542991086683443, 40.57508896370593 ], [ 26.499999999804619, 40.576811153018532 ], [ 26.346499690216135, 40.582959891642254 ], [ 26.282312063691055, 40.578192192207922 ], [ 26.211555081747736, 40.586725323837712 ], [ 26.150772172557414, 40.597260933895242 ], [ 26.127484787917702, 40.629342224120265 ], [ 26.117750792619322, 40.678371053778605 ], [ 26.087915877131181, 40.703202554818247 ], [ 26.107362043158115, 40.731475548917857 ], [ 26.067291155587458, 40.807573403822659 ], [ 26.032130915703966, 40.831631817420011 ], [ 25.99999999977441, 40.838324504867764 ], [ 25.972461085626005, 40.844060162879565 ], [ 25.911416274411227, 40.849050158879088 ], [ 25.884811475207648, 40.833676538117288 ], [ 25.860345535051149, 40.849838865182711 ], [ 25.808314491262458, 40.847649778978791 ], [ 25.738844696306593, 40.847187137482265 ], [ 25.656040752142694, 40.846635691547149 ], [ 25.61669009244434, 40.858433544425161 ], [ 25.574873196168333, 40.854844517689962 ], [ 25.533623753080892, 40.85844963853414 ], [ 25.507826481825557, 40.876520546901403 ], [ 25.49999999974419, 40.87683687745502 ], [ 25.461251713444444, 40.878402982714036 ], [ 25.380105982938229, 40.921008819624717 ], [ 25.362667725844464, 40.95394544091711 ], [ 25.330868551461126, 40.965306262136153 ], [ 25.297148768220552, 40.965932897714779 ], [ 25.264061913674663, 40.962156924935087 ], [ 25.213667752148915, 40.973612715282464 ], [ 25.140946511310386, 40.974656972786512 ], [ 25.106375549185284, 40.980472376848546 ], [ 25.101595851612036, 40.985982075730043 ], [ 25.10390931260763, 40.998461515893233 ], [ 25.104798479448899, 40.999999999862673 ], [ 25.109125511458902, 41.007543788610121 ], [ 25.12228604866187, 41.009970820181159 ], [ 25.127414947437199, 41.025453159132276 ], [ 25.116851597824112, 41.044376429060456 ], [ 25.10340733492518, 41.050052341392608 ], [ 25.095615773053858, 41.059462595387132 ], [ 25.093586038652543, 41.074868553564549 ], [ 25.075383903648504, 41.086602446048303 ], [ 25.050241385657674, 41.065395855801292 ], [ 25.031100770794843, 41.044360257456063 ], [ 25.044828760288063, 41.013368512635232 ], [ 25.081494932320592, 41.009355980258292 ], [ 25.101072049359757, 41.006896564796108 ], [ 25.102010528320228, 41.002333456771183 ], [ 25.064667778453362, 41.005407926666777 ], [ 25.046029141272989, 41.005877175047964 ], [ 25.03349133239465, 40.999999999862673 ], [ 25.032082900691606, 40.999344783564652 ], [ 25.031799174097319, 40.990077907400092 ], [ 25.021170348978124, 40.985805387611997 ], [ 25.011720080274024, 40.974785495604465 ], [ 25.006001902841987, 40.954491833746232 ], [ 24.999999999713978, 40.938887013277785 ], [ 24.997446468450281, 40.932246744920946 ], [ 24.982736381399658, 40.925189102744852 ], [ 24.9114557526126, 40.91190774397846 ], [ 24.868154843978804, 40.89265625730841 ], [ 24.864771961095343, 40.884098228629817 ], [ 24.853837608168234, 40.873125590846655 ], [ 24.836006538461973, 40.861571771355777 ], [ 24.817498892718014, 40.868008690184475 ], [ 24.800126148859604, 40.874428888364982 ], [ 24.753944333228169, 40.878065113661442 ], [ 24.708395443596469, 40.874380618446516 ], [ 24.695125810493824, 40.869955733709276 ], [ 24.667386165998554, 40.886913492821137 ], [ 24.668324643162393, 40.930574843458686 ], [ 24.581308150084933, 40.973725174981247 ], [ 24.50681923856629, 40.962928204593041 ], [ 24.499999999683769, 40.960592576312507 ], [ 24.407078738309973, 40.928758210317334 ], [ 24.353956554963105, 40.897111781584456 ], [ 24.341625399024302, 40.872498067374742 ], [ 24.351774049471313, 40.851255294335033 ], [ 24.274447880993005, 40.823355685147249 ], [ 24.219208666762142, 40.79143291458265 ], [ 24.166806710389267, 40.780380359735958 ], [ 24.112375024106647, 40.781347129288804 ], [ 24.057135810774103, 40.779671385793478 ], [ 23.999999999653557, 40.789602617963908 ], [ 23.992249922880369, 40.790949605891413 ], [ 23.941048344797476, 40.809490025460029 ], [ 23.899777166073417, 40.831696219390302 ], [ 23.87908588026546, 40.834694633201323 ], [ 23.869112964542534, 40.836139779226947 ], [ 23.813153524236004, 40.787437452708801 ], [ 23.772646222523907, 40.745680054463548 ], [ 23.759551189573141, 40.71400997656977 ], [ 23.745015703572722, 40.684777473248623 ], [ 23.804969128192617, 40.668219561739612 ], [ 23.836549982317514, 40.651835094898587 ], [ 23.890719768372307, 40.575024311212886 ], [ 23.916298732843927, 40.569997414716084 ], [ 23.945435180350888, 40.562820091694427 ], [ 23.963964652461307, 40.539941242959472 ], [ 23.912544823290244, 40.530544889829571 ], [ 23.878388612433504, 40.529655321341977 ], [ 23.850783862554557, 40.499999999920512 ], [ 23.850408892280235, 40.49960009964672 ], [ 23.878366787863676, 40.446258543438745 ], [ 23.900257317389414, 40.423189564213097 ], [ 23.936552383699976, 40.383543746487831 ], [ 23.958704814351847, 40.375660029137656 ], [ 23.98039891825756, 40.371412090490075 ], [ 23.98745444460252, 40.372321067161373 ], [ 23.999999999653557, 40.373937304272083 ], [ 24.005628681527099, 40.374662431830913 ], [ 24.006545334121114, 40.40173710158804 ], [ 24.008815139688849, 40.417738655068902 ], [ 24.02012051838787, 40.416307516436738 ], [ 24.026187883547259, 40.400080440752262 ], [ 24.044979254987183, 40.373471730581464 ], [ 24.114819430724584, 40.358216013438842 ], [ 24.16981856839913, 40.332154164079348 ], [ 24.181364021857835, 40.322074409938452 ], [ 24.186514735321524, 40.299848507964548 ], [ 24.205371582267563, 40.300025699773173 ], [ 24.22392287894781, 40.300911653166573 ], [ 24.238567490492322, 40.296191801932927 ], [ 24.246730061067563, 40.276342236189883 ], [ 24.257533462982444, 40.254294602577687 ], [ 24.279904144722487, 40.247975524611249 ], [ 24.306792612129858, 40.23452938567943 ], [ 24.324230830596065, 40.211855101434026 ], [ 24.346797937057818, 40.205903044302595 ], [ 24.383769579406085, 40.182589783318484 ], [ 24.392063100993553, 40.164498291480555 ], [ 24.387523488959769, 40.145142601161282 ], [ 24.352887127685353, 40.129075901268344 ], [ 24.30851679087549, 40.119627863578614 ], [ 24.295858259202749, 40.124537778251266 ], [ 24.2898781941193, 40.152714421958677 ], [ 24.232674725484813, 40.200095652063986 ], [ 24.20794693899941, 40.208032296177208 ], [ 24.200482769930012, 40.217161504714404 ], [ 24.191927349013035, 40.229546859765051 ], [ 24.14932484188509, 40.26441678383668 ], [ 24.100873220685919, 40.266254086256822 ], [ 24.059842117619862, 40.276745086030047 ], [ 24.026231533585225, 40.29237379432454 ], [ 24.001656521783566, 40.317468778016824 ], [ 23.999999999653557, 40.32045113789718 ], [ 23.996200258054078, 40.32729159670285 ], [ 23.985265905126969, 40.346932913234902 ], [ 23.960254392945593, 40.351021446173959 ], [ 23.937490860863818, 40.352727610738995 ], [ 23.906040956852834, 40.346562679412493 ], [ 23.852918773505969, 40.311558289577356 ], [ 23.833756375395815, 40.314489441700033 ], [ 23.812804323033923, 40.288217235763575 ], [ 23.817627659865362, 40.257953592798522 ], [ 23.804358026762714, 40.247798195297165 ], [ 23.81142934459206, 40.212242208827867 ], [ 23.827972735932395, 40.204338324102565 ], [ 23.84028206730137, 40.16955019646776 ], [ 23.852744173354086, 40.153231018089961 ], [ 23.884019476314869, 40.14561081992953 ], [ 23.929000914554642, 40.114491451711338 ], [ 23.970228443240721, 40.097528825000275 ], [ 23.999999999653557, 40.08275742673225 ], [ 24.001591046277447, 40.081967925013828 ], [ 24.000827169265492, 40.074242699137464 ], [ 23.999999999653557, 40.073465502154292 ], [ 23.991813421602348, 40.065773027296686 ], [ 23.999999999653557, 40.055557443783954 ], [ 24.015624556392055, 40.036056129024836 ], [ 24.025642256725153, 40.013492966875198 ], [ 24.008031412604055, 40.00000000026855 ], [ 24.007440161246986, 39.999514917972398 ], [ 24.011892472306513, 39.985619317672175 ], [ 23.999999999653557, 39.984899160851391 ], [ 23.996440333712076, 39.984683601491298 ], [ 23.99399592709414, 39.973402003833613 ], [ 23.999999999653557, 39.972017795081854 ], [ 24.007527461322923, 39.970282336869829 ], [ 24.004013627427238, 39.956484755375982 ], [ 23.999999999653557, 39.955626176684468 ], [ 23.994126878106368, 39.954369803186069 ], [ 23.995043529802071, 39.939112454318199 ], [ 23.979765991359507, 39.93699696005369 ], [ 23.961782146969512, 39.938297476894398 ], [ 23.96197857258954, 39.951162577093015 ], [ 23.94661373407104, 39.953520335929163 ], [ 23.907154035066874, 39.997817105003051 ], [ 23.904860993675999, 40.00000000026855 ], [ 23.889410265436553, 40.013735621076428 ], [ 23.867214184746711, 40.019397316637168 ], [ 23.84351217550109, 40.019607598657501 ], [ 23.834476602369808, 40.05146592199106 ], [ 23.831442919790113, 40.084117255574299 ], [ 23.818238761295266, 40.095800012943045 ], [ 23.813393599893995, 40.124069413818169 ], [ 23.799207314197339, 40.150066802644496 ], [ 23.782729397464806, 40.17918488740596 ], [ 23.755273478665497, 40.196126978493233 ], [ 23.731091318103882, 40.20333817429141 ], [ 23.674695376519331, 40.203902777030265 ], [ 23.616291530493179, 40.211387343836748 ], [ 23.536608255472878, 40.237802494820968 ], [ 23.499999999623348, 40.251675376530706 ], [ 23.488833210311412, 40.255906516836866 ], [ 23.461944742904041, 40.262998481497391 ], [ 23.399830637362175, 40.281562983368751 ], [ 23.379227786202364, 40.267108254053582 ], [ 23.367136705921556, 40.253246837282504 ], [ 23.358886835270376, 40.223289960532448 ], [ 23.361265765483882, 40.214758352913449 ], [ 23.372963995422953, 40.206177270073162 ], [ 23.374426273940752, 40.188947279712636 ], [ 23.408145983519475, 40.179394672319084 ], [ 23.436933230722673, 40.16955019646776 ], [ 23.452472669393053, 40.161140905637183 ], [ 23.465109376495963, 40.147306065337844 ], [ 23.470216439023368, 40.129382738552835 ], [ 23.499999999623348, 40.042399460136004 ], [ 23.500051288934493, 40.042249574070979 ], [ 23.529165911871626, 40.02499384050946 ], [ 23.596059704206954, 40.000323603468765 ], [ 23.597457507941872, 40.00000000026855 ], [ 23.669304588295958, 39.982188294501981 ], [ 23.688357860862023, 39.97066363711243 ], [ 23.704683002012509, 39.950035677438336 ], [ 23.716119330825439, 39.91929011837815 ], [ 23.739886815577176, 39.915092521593159 ], [ 23.764614602062579, 39.911085482727749 ], [ 23.768041135882321, 39.901665408519719 ], [ 23.753200098717791, 39.894621184634744 ], [ 23.73148416934394, 39.892053158033328 ], [ 23.712954698131835, 39.90109287517604 ], [ 23.680828217184832, 39.898767996080799 ], [ 23.626942156826008, 39.903695258160461 ], [ 23.578119509854929, 39.917000552656027 ], [ 23.509261462217658, 39.953277629243004 ], [ 23.499999999623348, 39.959634332770065 ], [ 23.478422659636582, 39.974441860699685 ], [ 23.451752442419064, 39.985653973579005 ], [ 23.428006783135469, 39.984077111191198 ], [ 23.41929858663644, 39.977769296205402 ], [ 23.383570971717813, 39.976746820594443 ], [ 23.390314913813217, 39.991475915762187 ], [ 23.392182912835832, 40.00000000026855 ], [ 23.400288964108341, 40.034535980261445 ], [ 23.36955928707135, 40.098805208757128 ], [ 23.356333303108361, 40.122131318929995 ], [ 23.343107320043686, 40.12705720120816 ], [ 23.33845858336413, 40.142333223696745 ], [ 23.349633011949241, 40.170502429600816 ], [ 23.342103368272046, 40.177651820521127 ], [ 23.350396888961196, 40.197691889698021 ], [ 23.346904879635339, 40.211274436509242 ], [ 23.341950592689987, 40.223757635326358 ], [ 23.327851607069274, 40.240672380571603 ], [ 23.309387610464967, 40.252182935824273 ], [ 23.289526810848969, 40.256486796882456 ], [ 23.256680103826298, 40.274601897304805 ], [ 23.237823255981937, 40.284076531730257 ], [ 23.185181223951062, 40.304906353491511 ], [ 23.138388306889727, 40.317694235497008 ], [ 23.048534556852594, 40.338964385572076 ], [ 23.02950310885635, 40.346095860113785 ], [ 23.022540916571092, 40.36109684273255 ], [ 22.999999999593133, 40.371859497422271 ], [ 22.992073139761924, 40.375643938998813 ], [ 22.97190678988013, 40.378459659843841 ], [ 22.951740439100025, 40.381275261413549 ], [ 22.957349478411565, 40.389673095674901 ], [ 22.967367177846342, 40.405613206855577 ], [ 22.954599521527836, 40.454053572655305 ], [ 22.939016431921171, 40.469126734801542 ], [ 22.919133806837031, 40.472195585493928 ], [ 22.910949411691959, 40.48710401158376 ], [ 22.894122294655659, 40.491473090571375 ], [ 22.897733802372187, 40.499999999920512 ], [ 22.897788904133403, 40.500131068521426 ], [ 22.912018838969718, 40.506166405689662 ], [ 22.958942707043281, 40.504564586416478 ], [ 22.974089295371925, 40.508852197296207 ], [ 22.992771542166086, 40.520775157100068 ], [ 22.996831001985562, 40.535946742129546 ], [ 22.994604846455797, 40.550742981818708 ], [ 22.968938581908233, 40.570159057040172 ], [ 22.991462038332021, 40.585141605845507 ], [ 22.996678226403507, 40.596582310098313 ], [ 22.978497956393479, 40.605840080494261 ], [ 22.980222135139112, 40.616808784145107 ], [ 22.972059564563871, 40.625094686952195 ], [ 22.939365633123249, 40.631118679428234 ], [ 22.91804255409113, 40.63118327726648 ], [ 22.904838396494604, 40.62251050126288 ], [ 22.904816571026458, 40.601914167701445 ], [ 22.897679778589314, 40.588163565322724 ], [ 22.905187597696681, 40.577642672779696 ], [ 22.897963504285286, 40.573488804391474 ], [ 22.880503460350933, 40.571500674651602 ], [ 22.836154949009213, 40.552214339856221 ], [ 22.793377841729384, 40.552004147845587 ], [ 22.779278856108665, 40.538598987907484 ], [ 22.788903706100026, 40.52533670092879 ], [ 22.764066793172223, 40.5187854491179 ], [ 22.743616716696149, 40.523072143721116 ], [ 22.722424588676262, 40.516019171565475 ], [ 22.688115603135778, 40.52646895096175 ], [ 22.660288658564568, 40.532809193278467 ], [ 22.65446136816486, 40.50894927226156 ], [ 22.672816239225082, 40.503399602793245 ], [ 22.682397438280155, 40.500001618281566 ], [ 22.682394478331297, 40.499999999920512 ], [ 22.660965234602269, 40.488373001915157 ], [ 22.635146195370968, 40.49179433514643 ], [ 22.620196032662349, 40.497833442783502 ], [ 22.605267695421873, 40.490943034080011 ], [ 22.620086907118267, 40.477160076804459 ], [ 22.636368398230779, 40.459051555568458 ], [ 22.658062503034802, 40.426035437722803 ], [ 22.660725158944274, 40.408604569654671 ], [ 22.67019723335358, 40.390718729223131 ], [ 22.688683054527715, 40.388852664294568 ], [ 22.692807989853303, 40.378298764331461 ], [ 22.68119706088849, 40.362336043684557 ], [ 22.664828269700038, 40.344663186813719 ], [ 22.654635969215061, 40.312218615391487 ], [ 22.640035007708519, 40.285832737263171 ], [ 22.631654186045111, 40.26705990465198 ], [ 22.62840225327556, 40.24968431381118 ], [ 22.619126605384597, 40.235464576285473 ], [ 22.576938774066527, 40.195933379041698 ], [ 22.55424071749086, 40.182735011751582 ], [ 22.553367714934819, 40.168646368754466 ], [ 22.577353449876405, 40.141558202363882 ], [ 22.586607273197544, 40.115412158411793 ], [ 22.65876090454065, 40.014512110058476 ], [ 22.672305403255613, 40.00685667152807 ], [ 22.682746639482236, 40.00095462664526 ], [ 22.68452350262265, 40.00000000026855 ], [ 22.723494016852325, 39.977578666328654 ], [ 22.765267171462202, 39.97267409453962 ], [ 22.782181588574449, 39.963054557290889 ], [ 22.789514807529933, 39.942649690448071 ], [ 22.808829980323825, 39.929574869829359 ], [ 22.825831698410322, 39.920695041655748 ], [ 22.842004063978749, 39.906262845076746 ], [ 22.863894593504483, 39.887211817753553 ], [ 22.883624443006571, 39.873345282871909 ], [ 22.907893903644123, 39.846853911380116 ], [ 22.91164781319781, 39.822784008384417 ], [ 22.915423548219632, 39.771594201894892 ], [ 22.923193267554826, 39.742054856580374 ], [ 22.950845611974152, 39.60836869676136 ], [ 22.963089467837012, 39.577712993386712 ], [ 22.999999999593133, 39.562847553463115 ], [ 23.00737250367262, 39.55987794813047 ], [ 23.030441586020196, 39.5401371998447 ], [ 23.062939092739107, 39.535323226590677 ], [ 23.091857290056211, 39.526357175782501 ], [ 23.109426459534649, 39.501528733437532 ], [ 23.110264541880653, 39.50000000024815 ], [ 23.122696092637295, 39.477483705707513 ], [ 23.176909528730057, 39.447962612634413 ], [ 23.2150815493683, 39.420042046187874 ], [ 23.245134649469279, 39.400994098567132 ], [ 23.258928083925888, 39.368888698658587 ], [ 23.287322480787346, 39.346249785548736 ], [ 23.307619781681364, 39.331349902149 ], [ 23.318510483672192, 39.312642371474368 ], [ 23.328091682727269, 39.284910516960281 ], [ 23.349458410899043, 39.25888880678675 ], [ 23.392060918026989, 39.180747837361189 ], [ 23.385251501323783, 39.157838643113138 ], [ 23.364910550391794, 39.12218910341592 ], [ 23.321478690745774, 39.101735089728997 ], [ 23.307139630365377, 39.095496644308398 ], [ 23.291032739404748, 39.088473371153349 ], [ 23.293782696288474, 39.074128367583455 ], [ 23.260477663417948, 39.067224984612601 ], [ 23.22590677675133, 39.066353297238642 ], [ 23.18406814663534, 39.057217358453357 ], [ 23.141400164899594, 39.062517742753826 ], [ 23.103511869957313, 39.066475334306361 ], [ 23.087121253300715, 39.078887120772123 ], [ 23.093014018308224, 39.095566350467912 ], [ 23.097204429139932, 39.115325306441349 ], [ 23.110168511078466, 39.125882035823885 ], [ 23.126515476798776, 39.134869676651356 ], [ 23.133106644210443, 39.122798799064128 ], [ 23.145743350415039, 39.112380983488222 ], [ 23.133935995830196, 39.093963086322489 ], [ 23.117370779021719, 39.077022007106962 ], [ 23.136467702524072, 39.074093503482779 ], [ 23.165233124259128, 39.084482164957862 ], [ 23.195875501220183, 39.082564910583066 ], [ 23.240573212865666, 39.088752224068855 ], [ 23.248888559022962, 39.10025394515732 ], [ 23.275667900886248, 39.100114541411934 ], [ 23.275743777086721, 39.108282365274505 ], [ 23.275798851898472, 39.114210311167611 ], [ 23.28780263210334, 39.123931076969363 ], [ 23.311024490032967, 39.116719025347599 ], [ 23.328571834043256, 39.139136659927644 ], [ 23.328004382651326, 39.160763640047101 ], [ 23.30851460880724, 39.180625999697746 ], [ 23.294590223338403, 39.179477235917794 ], [ 23.2787888844402, 39.196967731571277 ], [ 23.264733548857453, 39.217985325478658 ], [ 23.256658278358152, 39.237622692289385 ], [ 23.257422155370108, 39.254872565186439 ], [ 23.222043741653561, 39.284006786534214 ], [ 23.185115749343268, 39.30670076324467 ], [ 23.158118156391808, 39.325600956860875 ], [ 23.071756414782222, 39.334007109168574 ], [ 23.028782881882364, 39.335309624271581 ], [ 23.021536963901138, 39.366597365353826 ], [ 23.007743529444532, 39.372273483139125 ], [ 22.999999999593133, 39.371400826764862 ], [ 22.991571163876102, 39.370450927217476 ], [ 22.970182610236186, 39.377706150076072 ], [ 22.966450526150645, 39.371145239790117 ], [ 22.974984122497794, 39.365451670979382 ], [ 22.966668776340498, 39.356250707994704 ], [ 22.985634748830623, 39.323464520049292 ], [ 22.911625988627982, 39.304667991622431 ], [ 22.865465997566375, 39.287204548988925 ], [ 22.85103963621172, 39.264417279504535 ], [ 22.855884798511298, 39.24833481077934 ], [ 22.86367634331463, 39.214297266167009 ], [ 22.912368040171796, 39.143351138156135 ], [ 22.924524595958715, 39.14871465130264 ], [ 22.928758655930078, 39.159109639405223 ], [ 22.942835816980967, 39.166404359314555 ], [ 22.949274207912264, 39.14613743021026 ], [ 22.950911086581954, 39.12565558789327 ], [ 22.964813646582645, 39.100707004185892 ], [ 22.969898884540221, 39.126317509743508 ], [ 22.987642654170539, 39.110551607937275 ], [ 22.989497783928392, 39.091592976604943 ], [ 22.999821034527287, 39.073971479693689 ], [ 22.999144457591264, 39.032157151016712 ], [ 22.972146865538129, 39.025598512328799 ], [ 22.979916584873319, 39.010629960270684 ], [ 22.999999999593133, 39.013766371964735 ], [ 23.000584911539242, 39.013857715488804 ], [ 23.041899740301272, 39.027063793706638 ], [ 23.068286230924503, 39.028877908712495 ], [ 23.071734590212394, 39.024080867543994 ], [ 23.075335724184022, 39.019091597389497 ], [ 23.05905423307151, 39.013508775816327 ], [ 23.035963325255793, 39.00871068404502 ], [ 23.026294826124776, 39.002132402584614 ], [ 23.025355556646851, 38.999999999654428 ], [ 23.019769134219221, 38.98740597643426 ], [ 23.003356692992799, 38.980699100930899 ], [ 22.999999999593133, 38.96872473074054 ], [ 22.999319058641465, 38.966295351021699 ], [ 22.972452415803922, 38.95833822338529 ], [ 22.958528031233399, 38.961632132745919 ], [ 22.956323700273465, 38.951767279889395 ], [ 22.935327997873603, 38.945750600266216 ], [ 22.895540923135492, 38.944484777463558 ], [ 22.878888406251072, 38.958511590884385 ], [ 22.869809183980134, 38.945195721496567 ], [ 22.859987909267062, 38.921054281428425 ], [ 22.821073836186681, 38.911201084312218 ], [ 22.781788738232713, 38.899958428822636 ], [ 22.749334881551775, 38.906100471957124 ], [ 22.708041878257887, 38.900548365569009 ], [ 22.701079685074316, 38.911062296900603 ], [ 22.692786164385161, 38.902717209572529 ], [ 22.665002869851921, 38.909986686412466 ], [ 22.654592319177087, 38.924506043629002 ], [ 22.623622566482094, 38.927090418076688 ], [ 22.604700244029942, 38.910975555068035 ], [ 22.557361700146497, 38.893364678072828 ], [ 22.54208416170394, 38.889859328258993 ], [ 22.546754723851638, 38.879064531090215 ], [ 22.569605556009357, 38.883143145724361 ], [ 22.552516537846916, 38.86767787346654 ], [ 22.561944961319941, 38.852938448034529 ], [ 22.60790852676152, 38.832117452031909 ], [ 22.634425968396979, 38.828435369465488 ], [ 22.666137772635786, 38.837570750440769 ], [ 22.695579771306861, 38.863928206209849 ], [ 22.704680819045944, 38.854553164068612 ], [ 22.723035690106165, 38.840349338997548 ], [ 22.738051328320896, 38.835347800705058 ], [ 22.753612592459419, 38.802846539298223 ], [ 22.779082431386954, 38.800327111072733 ], [ 22.826420974372084, 38.811238195442726 ], [ 22.853287617209627, 38.795426999151779 ], [ 22.872733741015743, 38.773563499170834 ], [ 22.890542985253859, 38.784913202537389 ], [ 22.907391927758304, 38.786373063169961 ], [ 22.923084142010737, 38.779108221723497 ], [ 22.951216637746061, 38.767010084849822 ], [ 22.984783571742728, 38.762681369702292 ], [ 22.999999999593133, 38.766344670832019 ], [ 23.020816736927149, 38.771355918670295 ], [ 23.052310290976106, 38.754736010794716 ], [ 23.067893380582767, 38.735138284249636 ], [ 23.068286230924503, 38.716230991210118 ], [ 23.079526134117412, 38.683048421787184 ], [ 23.094039795548007, 38.64732545879626 ], [ 23.114533522062054, 38.626809715254353 ], [ 23.133957821298342, 38.647046847015631 ], [ 23.156481277722126, 38.655787784287995 ], [ 23.185355825001263, 38.668810135380262 ], [ 23.159864160605583, 38.683883831692754 ], [ 23.17306831910043, 38.692515823772851 ], [ 23.195504475448274, 38.689226740965978 ], [ 23.212222466940489, 38.674258618644338 ], [ 23.224509972841325, 38.666198892179295 ], [ 23.247142554809187, 38.670028682354733 ], [ 23.302905569495699, 38.659043595877861 ], [ 23.312399468474833, 38.638409326697804 ], [ 23.313010569904737, 38.614702997333048 ], [ 23.278767058972058, 38.601304818831068 ], [ 23.267483505741179, 38.588357238516423 ], [ 23.294088247452581, 38.58898463206755 ], [ 23.31115544014688, 38.572269684341521 ], [ 23.317353755420186, 38.555411329864292 ], [ 23.349654836519068, 38.548959818423718 ], [ 23.350331413455084, 38.538392028960267 ], [ 23.333416996342837, 38.533543575295916 ], [ 23.318117632432141, 38.523566584412087 ], [ 23.312617718664686, 38.50978487983128 ], [ 23.33426817343074, 38.502945376188912 ], [ 23.364954200429764, 38.500973662438867 ], [ 23.384509448881651, 38.504498280248335 ], [ 23.429009941694716, 38.499999999878447 ], [ 23.433877722674836, 38.499511360662559 ], [ 23.47280131879554, 38.499999999878447 ], [ 23.479426612306536, 38.500083756402788 ], [ 23.479666085194975, 38.499999999878447 ], [ 23.499999999623348, 38.492937393298888 ], [ 23.515197877263137, 38.487658237717369 ], [ 23.52295465816329, 38.499999999878447 ], [ 23.526394129519755, 38.505510266361583 ], [ 23.542501020480387, 38.511826135640547 ], [ 23.560506690338528, 38.507220142448908 ], [ 23.575140352318037, 38.499999999878447 ], [ 23.585190827684272, 38.495075334447606 ], [ 23.598133085052982, 38.486965011292519 ], [ 23.596648981067034, 38.482372220028338 ], [ 23.591083591793467, 38.477657802120845 ], [ 23.589446713123781, 38.472561721829642 ], [ 23.59280777143741, 38.47162566704084 ], [ 23.594008149727394, 38.476132483022219 ], [ 23.598613236368973, 38.475681813852717 ], [ 23.600730266354653, 38.462455154772556 ], [ 23.595906929523217, 38.457756761767904 ], [ 23.597194607889136, 38.451324143976699 ], [ 23.59913703772294, 38.447804164890663 ], [ 23.60492067718636, 38.448636490809157 ], [ 23.611031692383719, 38.447873525871316 ], [ 23.617819284517097, 38.444648174467112 ], [ 23.623428322930323, 38.437381931325618 ], [ 23.619783538920725, 38.42936913329666 ], [ 23.621507718564668, 38.412803039990848 ], [ 23.631307167809592, 38.38864958047526 ], [ 23.647916034656042, 38.372733696217644 ], [ 23.68226867113281, 38.344295011686256 ], [ 23.70634170615034, 38.329810914576804 ], [ 23.73416865072155, 38.318937240676476 ], [ 23.780656017517096, 38.308444149364334 ], [ 23.832381396953952, 38.301442112472316 ], [ 23.870269691896233, 38.293657411202645 ], [ 23.907132209598732, 38.280066918758415 ], [ 23.972869274580368, 38.262544954426708 ], [ 23.999999999653557, 38.24599875339635 ], [ 24.000608919075635, 38.245627348984939 ], [ 24.058838164949904, 38.209535944574768 ], [ 24.072391523748514, 38.163730417240451 ], [ 24.048100238541135, 38.130872487874939 ], [ 24.007025485437108, 38.113924015510079 ], [ 23.999999999653557, 38.113495224660092 ], [ 23.988757914452826, 38.112809074103502 ], [ 23.987688486276756, 38.097703417844727 ], [ 23.999999999653557, 38.081356952162572 ], [ 24.004842979945312, 38.0749257326787 ], [ 24.005912407223065, 38.054337753861233 ], [ 24.023939902549351, 38.027517556107455 ], [ 24.030378293480648, 38.002135626486485 ], [ 24.029173409241199, 37.999999999985143 ], [ 24.019422115983705, 37.982832225372967 ], [ 24.017195960453943, 37.95717526842769 ], [ 24.041596372103726, 37.944759603262909 ], [ 24.03889006525797, 37.928473841527591 ], [ 24.018483638819866, 37.918273876503463 ], [ 24.032451673428355, 37.86473537948558 ], [ 24.040221393661863, 37.832228702132632 ], [ 24.062853974731414, 37.82908492907945 ], [ 24.069336016598996, 37.792165893422393 ], [ 24.069707042370904, 37.751385662045628 ], [ 24.062963100275496, 37.714096940398221 ], [ 24.057856037748092, 37.683977353589995 ], [ 24.051614071538506, 37.654646321209952 ], [ 24.024267278283286, 37.639567189460301 ], [ 24.002682299023345, 37.64456488775793 ], [ 23.999999999653557, 37.644237688226255 ], [ 23.98155564650957, 37.641987719753523 ], [ 23.958813938997615, 37.653375335741408 ], [ 23.947901411538648, 37.666066794951661 ], [ 23.95265927376229, 37.677102581918724 ], [ 23.960232567477455, 37.689441903790573 ], [ 23.948949014246576, 37.691704177947265 ], [ 23.93480637858789, 37.686100570808797 ], [ 23.916997134349774, 37.700039188719217 ], [ 23.911475395114174, 37.722986036252557 ], [ 23.918219337209578, 37.736761140221049 ], [ 23.903683851209159, 37.754880508476987 ], [ 23.843926851310968, 37.779200725776015 ], [ 23.818653438003455, 37.776158966642917 ], [ 23.810010716112224, 37.770474885369232 ], [ 23.799971191209298, 37.774073116335302 ], [ 23.782729397464806, 37.762478183279669 ], [ 23.765814980352559, 37.77010983698041 ], [ 23.763457874708884, 37.780417393662979 ], [ 23.774806902547557, 37.786848018757574 ], [ 23.767757410186356, 37.80219233826017 ], [ 23.749991815986213, 37.828008025645573 ], [ 23.729127063700261, 37.874074903271193 ], [ 23.697720809727247, 37.90807248494967 ], [ 23.646104554936159, 37.919592319902435 ], [ 23.645166077772316, 37.90621595597063 ], [ 23.632987697415569, 37.901062538683448 ], [ 23.621311292944643, 37.901236060085402 ], [ 23.613868949343384, 37.909113508594281 ], [ 23.619979964540747, 37.912271189413154 ], [ 23.62493425238441, 37.92328730265649 ], [ 23.604724251566335, 37.924449535848069 ], [ 23.591781994197625, 37.932411201281241 ], [ 23.585649153532124, 37.950464829471173 ], [ 23.556447230519048, 37.949909933547985 ], [ 23.536564605434908, 37.961041726239316 ], [ 23.537895933838801, 37.975448109340583 ], [ 23.559393613022802, 37.979677600779979 ], [ 23.571222792177469, 37.983230877517904 ], [ 23.580236539840609, 37.979573599979403 ], [ 23.587678883441864, 37.982728229080337 ], [ 23.588922911769814, 37.993525732645452 ], [ 23.587623672984503, 37.999999999985143 ], [ 23.586391205075941, 38.006183373268335 ], [ 23.584448775242144, 38.020383600315689 ], [ 23.561466992970509, 38.030639531950307 ], [ 23.539249086812521, 38.032383594160386 ], [ 23.518122434298746, 38.030813939984419 ], [ 23.499999999623348, 38.019691213175719 ], [ 23.499309237390676, 38.019267220572466 ], [ 23.479972238230328, 38.020244053607918 ], [ 23.450381783975402, 37.999999999985143 ], [ 23.443022420451889, 37.994998783467096 ], [ 23.398673910008483, 37.992173965796852 ], [ 23.386124502981509, 37.985328095367038 ], [ 23.407774957747566, 37.978308243225037 ], [ 23.416221254018772, 37.97194645890071 ], [ 23.406596404925729, 37.967647172294875 ], [ 23.387303055803351, 37.968635337556989 ], [ 23.366612904567596, 37.980578936248477 ], [ 23.321478690745774, 37.969796847687441 ], [ 23.266545028577337, 37.971859782016324 ], [ 23.212789918332426, 37.968461975801063 ], [ 23.187451030417115, 37.95037812701721 ], [ 23.16625890149891, 37.943840482742679 ], [ 23.137406179687915, 37.917840173154339 ], [ 23.108771708066772, 37.911785401204419 ], [ 23.080290011129367, 37.912635528269035 ], [ 23.074200821400154, 37.926808638748291 ], [ 23.063812095295148, 37.926236216176548 ], [ 23.044387796058857, 37.917996306173222 ], [ 23.026927752124511, 37.924987279510361 ], [ 23.015993400095713, 37.920997476267232 ], [ 23.013592644414064, 37.898459664591286 ], [ 23.009917281752195, 37.894804569089516 ], [ 22.999999999593133, 37.905723801990369 ], [ 22.993441944082843, 37.912943526157044 ], [ 22.9914851358146, 37.91509762674891 ], [ 22.989999759814211, 37.916851318908122 ], [ 22.989115514842389, 37.917706075990161 ], [ 22.967026467520327, 37.942016933133047 ], [ 22.963482318178748, 37.946701858140976 ], [ 22.98054951087305, 37.98480812954049 ], [ 22.961784580445194, 37.999999999985143 ], [ 22.949296032482092, 38.010178557619042 ], [ 22.935655373607538, 38.024011714272227 ], [ 22.874086893989464, 38.037685285561082 ], [ 22.87605114929141, 38.050170636101427 ], [ 22.911560513121866, 38.060457229439244 ], [ 22.943883419688891, 38.076320134982446 ], [ 22.961408938231042, 38.075866957546836 ], [ 22.999999999593133, 38.062530746597893 ], [ 23.004688021396692, 38.060910503848618 ], [ 23.063266468473042, 38.061102272911405 ], [ 23.109841135344528, 38.06889463511682 ], [ 23.176211127224207, 38.089095095694631 ], [ 23.202772218897643, 38.121344903264955 ], [ 23.19626835246023, 38.13944101691586 ], [ 23.173308394758429, 38.147904056646077 ], [ 23.171387789494457, 38.157584838193131 ], [ 23.191946991514616, 38.161119044654541 ], [ 23.201790090797513, 38.173861647770089 ], [ 23.189633535908907, 38.18748956808485 ], [ 23.169707260786797, 38.200819121192033 ], [ 23.134437971716018, 38.204455608522885 ], [ 23.116868803135898, 38.202854880789836 ], [ 23.121102864005575, 38.220391354510298 ], [ 23.100609137491535, 38.235001827869468 ], [ 23.081599514963436, 38.230862493884175 ], [ 23.056304276187781, 38.214633319888442 ], [ 23.02419962070892, 38.218060362418832 ], [ 23.047596079688748, 38.24006262306019 ], [ 23.032733217056069, 38.249748447197419 ], [ 23.003902319814905, 38.257659599513623 ], [ 22.999999999593133, 38.257312659731383 ], [ 22.969484208730343, 38.254599564143213 ], [ 22.914463245587648, 38.251504623787554 ], [ 22.907872079074295, 38.236045320232172 ], [ 22.93607004941742, 38.236410538248194 ], [ 22.948903182140356, 38.223452841825285 ], [ 22.927405502956354, 38.212232553128743 ], [ 22.902917791230632, 38.225140082655031 ], [ 22.877731677999062, 38.223800729746827 ], [ 22.858263729623115, 38.239401783297119 ], [ 22.8558193239035, 38.261519231068782 ], [ 22.837966428729096, 38.275495626959277 ], [ 22.814286244053307, 38.280779527458826 ], [ 22.775874147757062, 38.264804970924814 ], [ 22.747654351945798, 38.266665085357118 ], [ 22.720700409930629, 38.27702521680861 ], [ 22.723494016852325, 38.285645934882275 ], [ 22.738553304206715, 38.294630545181597 ], [ 22.742001663494602, 38.306498241867594 ], [ 22.683335916342315, 38.319110954409389 ], [ 22.657844251946631, 38.340995533870739 ], [ 22.646429748601847, 38.36460950742628 ], [ 22.632243462905187, 38.392901317810043 ], [ 22.613321140453031, 38.409506710821397 ], [ 22.590775858561109, 38.400623217006782 ], [ 22.597759876314509, 38.386063706204652 ], [ 22.60384906694204, 38.363741483720375 ], [ 22.590339358181403, 38.358689379950448 ], [ 22.575389195472781, 38.369869503622049 ], [ 22.560133481600051, 38.347629066617834 ], [ 22.555724820578497, 38.312283686109517 ], [ 22.544463092815761, 38.304795530336008 ], [ 22.518316676952207, 38.309121729190558 ], [ 22.51024140735122, 38.323349441001447 ], [ 22.513384214576686, 38.350129506267571 ], [ 22.521110283873902, 38.361849156709319 ], [ 22.49999999956292, 38.383211844759117 ], [ 22.489616729824952, 38.393716928977241 ], [ 22.469428554475016, 38.409697555196068 ], [ 22.417637699532044, 38.439133527848504 ], [ 22.38156088430965, 38.450630565998111 ], [ 22.359888604973765, 38.449243389169986 ], [ 22.350198280374606, 38.442966079303702 ], [ 22.353341088498386, 38.42733977580594 ], [ 22.360215980707704, 38.418441145660523 ], [ 22.357291423672095, 38.407806440114818 ], [ 22.330817632074602, 38.403295321720819 ], [ 22.335684618944011, 38.385612470620501 ], [ 22.34980543003287, 38.376916947957064 ], [ 22.370451931230651, 38.372976713410523 ], [ 22.36857497690297, 38.357161526195249 ], [ 22.356156520888227, 38.35229995583974 ], [ 22.345920569466962, 38.348271548856381 ], [ 22.338696476953878, 38.33726173203268 ], [ 22.320254305817716, 38.335177665130338 ], [ 22.297949099583786, 38.335733422449884 ], [ 22.291248807526348, 38.342680023112457 ], [ 22.273570513402145, 38.344503394299139 ], [ 22.254342640684197, 38.343305183898394 ], [ 22.243975739149022, 38.327031857421098 ], [ 22.25870765076947, 38.315810320305332 ], [ 22.25397161401397, 38.308131417679895 ], [ 22.235573092915779, 38.319058840404374 ], [ 22.215035716363765, 38.332346710398049 ], [ 22.197706623441643, 38.32958512032139 ], [ 22.161717108295189, 38.336514948665574 ], [ 22.141136081705206, 38.33740066791308 ], [ 22.127320821780458, 38.341342854311804 ], [ 22.114553164563628, 38.34118656053333 ], [ 22.102069233042769, 38.337209631185232 ], [ 22.083125086020786, 38.337782739137523 ], [ 22.055647341753343, 38.343565666366338 ], [ 22.037619846427059, 38.343513570089826 ], [ 22.014070612763494, 38.349730136537566 ], [ 22.001041055318844, 38.350181597746207 ], [ 22.000000000431022, 38.349856921144998 ], [ 21.984672264130388, 38.345076444782713 ], [ 21.964593213426227, 38.321994541636556 ], [ 21.950647003387566, 38.313968848297691 ], [ 21.936526193197018, 38.309521325319956 ], [ 21.923343860170316, 38.313534531769726 ], [ 21.907542520373791, 38.326753945300915 ], [ 21.893181634525252, 38.332346710398049 ], [ 21.86666419288979, 38.331895137110116 ], [ 21.851932281269342, 38.323453662754162 ], [ 21.846148641805918, 38.293692165910784 ], [ 21.846235941881858, 38.280623102021906 ], [ 21.834755963030954, 38.278346200400605 ], [ 21.819129224284637, 38.28270875011254 ], [ 21.796125616544863, 38.301685370883426 ], [ 21.766880042595499, 38.311032818694848 ], [ 21.733836909952799, 38.311831986791944 ], [ 21.673708884282703, 38.304500157885663 ], [ 21.605440113505509, 38.282830411082394 ], [ 21.569363297384797, 38.29377905366966 ], [ 21.550222724742792, 38.292440975225247 ], [ 21.520540650413725, 38.273288093053679 ], [ 21.508056718892863, 38.273253327786428 ], [ 21.500000000400814, 38.279828189931536 ], [ 21.495681912916091, 38.283351812607179 ], [ 21.484114633989247, 38.288409213069876 ], [ 21.441293876671445, 38.296785293910538 ], [ 21.420669200043484, 38.298800969326621 ], [ 21.420974750309281, 38.302050256957898 ], [ 21.442428779455312, 38.301372609816923 ], [ 21.469120821242658, 38.296055467220178 ], [ 21.493739483082294, 38.288357076820908 ], [ 21.500000000400814, 38.294769348939482 ], [ 21.503648057871306, 38.298505572265917 ], [ 21.502665930669494, 38.305681640410981 ], [ 21.503779007985216, 38.317339053510359 ], [ 21.500745325405525, 38.325607548924665 ], [ 21.500000000400814, 38.32577310503936 ], [ 21.48424558410316, 38.329272480569585 ], [ 21.466872840244751, 38.328317184524693 ], [ 21.454127008496066, 38.324304803064102 ], [ 21.449849297588422, 38.327796108796619 ], [ 21.452708380016233, 38.334135608660354 ], [ 21.444611284947108, 38.337956407333003 ], [ 21.433633281982026, 38.338685809595113 ], [ 21.423331856851277, 38.334674006236547 ], [ 21.411720926988146, 38.333197745413671 ], [ 21.402859954907058, 38.340665578108919 ], [ 21.398582243999414, 38.350980330672584 ], [ 21.400481023795237, 38.363793565325587 ], [ 21.408512644256568, 38.372369168885442 ], [ 21.412441153962131, 38.383668652376421 ], [ 21.408250744028742, 38.393734281794181 ], [ 21.392907730080076, 38.393838401435175 ], [ 21.382300753785216, 38.390471784380587 ], [ 21.373177880577988, 38.383009130749457 ], [ 21.365189911052948, 38.371778978052632 ], [ 21.36462245966101, 38.358897721511333 ], [ 21.365997438102877, 38.341759636766248 ], [ 21.363378431333064, 38.33128724496693 ], [ 21.352946055190081, 38.320882810938386 ], [ 21.343604931793006, 38.318138151533461 ], [ 21.332234078486184, 38.310303136520801 ], [ 21.313901031995794, 38.316574690970135 ], [ 21.303468655852818, 38.317252194909855 ], [ 21.293691031177715, 38.312127329137816 ], [ 21.293516431025832, 38.304465408397348 ], [ 21.294585858303588, 38.297028568065187 ], [ 21.277038514293295, 38.303648783157804 ], [ 21.270294573096209, 38.300121552663775 ], [ 21.270294573096209, 38.292023906829812 ], [ 21.281840026554907, 38.282430666719016 ], [ 21.27256437866394, 38.275547772522209 ], [ 21.268330317794266, 38.267621200209035 ], [ 21.253074604819851, 38.277737855610724 ], [ 21.239521246021237, 38.276260425944912 ], [ 21.226033361830424, 38.268403466622551 ], [ 21.216932314091345, 38.257833461186209 ], [ 21.209118944718181, 38.259606826711646 ], [ 21.198381017411098, 38.276451624599297 ], [ 21.181619374982592, 38.296767917659409 ], [ 21.17118699883962, 38.299982545442617 ], [ 21.154403531841286, 38.300243184204426 ], [ 21.155058284207474, 38.281770215416991 ], [ 21.163177203846431, 38.269411708407432 ], [ 21.154425357309432, 38.260702119285632 ], [ 21.13081064813975, 38.267186603929048 ], [ 21.119701695060751, 38.271827954375475 ], [ 21.125092483284124, 38.27832881898992 ], [ 21.123324654500525, 38.287905227275758 ], [ 21.106322936414024, 38.292440975225247 ], [ 21.090150570845598, 38.326979749157367 ], [ 21.093467979121261, 38.345371650566442 ], [ 21.108789167601785, 38.376760730886836 ], [ 21.091067223439612, 38.384432301943491 ], [ 21.08919026821361, 38.391478315348039 ], [ 21.090848973249756, 38.400120017818672 ], [ 21.102394426708461, 38.404110813958532 ], [ 21.125790885688286, 38.399634166488021 ], [ 21.131094373835715, 38.400120017818672 ], [ 21.132207451151441, 38.411016101545954 ], [ 21.120400096566602, 38.416290043661874 ], [ 21.108920117715698, 38.41868400800368 ], [ 21.099600819786762, 38.417729901407739 ], [ 21.07290877799942, 38.445810011662232 ], [ 21.066252135979955, 38.476721814745162 ], [ 21.062595162730261, 38.499999999878447 ], [ 21.062236326198441, 38.502299776743975 ], [ 21.063851380298303, 38.543118082631061 ], [ 21.057391163898863, 38.541478822523779 ], [ 21.027425363873832, 38.505108963226753 ], [ 21.014439456467152, 38.523566584412087 ], [ 21.005796734575917, 38.566883115190102 ], [ 21.012060525355334, 38.623325978402931 ], [ 21.000689672048512, 38.652984533106874 ], [ 21.000000000370598, 38.652985749634482 ], [ 20.961208147576201, 38.653054180158691 ], [ 20.935498232990668, 38.686355194535039 ], [ 20.922032174267997, 38.732912112463275 ], [ 20.914677130742689, 38.764663224344098 ], [ 20.89765358808636, 38.77490192045925 ], [ 20.879735218304159, 38.767583750603428 ], [ 20.863737452887616, 38.743624922090468 ], [ 20.844596880245611, 38.740199086003926 ], [ 20.815438607270501, 38.780446538113765 ], [ 20.816006058662438, 38.822946625354078 ], [ 20.804122581738735, 38.83424314974512 ], [ 20.822226199403879, 38.846878591849148 ], [ 20.863017226811944, 38.863355322266173 ], [ 20.83695811102433, 38.883924130396196 ], [ 20.82198612374588, 38.910750024399505 ], [ 20.819978218405971, 38.936369101235279 ], [ 20.865265206911538, 38.909205990636622 ], [ 20.889905694219308, 38.915919688614103 ], [ 20.904135629953942, 38.940947290479421 ], [ 20.917645338714582, 38.915486006902142 ], [ 20.940277920682451, 38.920082901178738 ], [ 20.947632963309445, 38.939057089474687 ], [ 20.994731431534891, 38.93069797674022 ], [ 21.000000000370598, 38.923659398633525 ], [ 21.032095925123208, 38.880765428855497 ], [ 21.06441883169024, 38.872000159714155 ], [ 21.09004144619983, 38.902578405438845 ], [ 21.148947268111797, 38.869830370806135 ], [ 21.1508242233378, 38.891768203821357 ], [ 21.120465572072714, 38.922407253733446 ], [ 21.126751187421952, 38.995862311868258 ], [ 21.123390770505438, 38.999999999654428 ], [ 21.111060325134023, 39.015288935387225 ], [ 21.085196283900249, 39.047347810662885 ], [ 21.049141293247683, 39.039883695747328 ], [ 21.043335828316117, 39.012252580165814 ], [ 21.000000000370598, 39.010935518067612 ], [ 20.997983365202753, 39.010874227616299 ], [ 20.977380513144627, 39.022685303267195 ], [ 20.979235642902484, 39.035697863209982 ], [ 20.974237705020851, 39.055909636110755 ], [ 20.960444270564242, 39.067660824580351 ], [ 20.943835404616106, 39.061523951296579 ], [ 20.94320247771806, 39.080943918133713 ], [ 20.923952779531973, 39.094015367619896 ], [ 20.90393920433392, 39.093858524310555 ], [ 20.894467130822925, 39.076847695036179 ], [ 20.903830078789834, 39.04870800728019 ], [ 20.893528652760764, 39.058699414073239 ], [ 20.88207049937801, 39.073849455691928 ], [ 20.872707550512786, 39.093004595945736 ], [ 20.854461804996646, 39.092481777159222 ], [ 20.83695811102433, 39.072489747282482 ], [ 20.84389847873976, 39.05690350723372 ], [ 20.848438089875231, 39.037319903175977 ], [ 20.833706178254783, 39.033901366734163 ], [ 20.811837473298873, 39.026453263637144 ], [ 20.809895043465076, 39.00352837578081 ], [ 20.816046735276817, 38.999999999654428 ], [ 20.830126868852982, 38.991980841384731 ], [ 20.867753263567437, 38.972015604977535 ], [ 20.863912053937813, 38.955893696197357 ], [ 20.811422797488994, 38.987007394724074 ], [ 20.79773848767816, 38.981513665387631 ], [ 20.812273974576897, 38.950518904028691 ], [ 20.783333951791644, 38.947155116093427 ], [ 20.766703260375369, 38.976643469826094 ], [ 20.758649814445896, 38.997300480446512 ], [ 20.758800554445518, 38.999999999654428 ], [ 20.75978471722976, 39.017748271379908 ], [ 20.70528755633935, 39.067835159527675 ], [ 20.662052122313352, 39.077597234280674 ], [ 20.644378175136808, 39.095608786357261 ], [ 20.560892993577202, 39.180625999697746 ], [ 20.533052042474075, 39.19848266653522 ], [ 20.51054832652866, 39.212912786566037 ], [ 20.536667182977613, 39.206224605169126 ], [ 20.571696396390397, 39.206798769767559 ], [ 20.581779571331293, 39.212905494947535 ], [ 20.556484332555637, 39.237674866054249 ], [ 20.516784557893473, 39.27112735061614 ], [ 20.504366101878727, 39.276793901438943 ], [ 20.500000000340389, 39.278785429699369 ], [ 20.438672687833378, 39.306752885187166 ], [ 20.405147566819931, 39.328939893019196 ], [ 20.387689359940335, 39.357188220060401 ], [ 20.345457878584295, 39.396673752216351 ], [ 20.328774412941709, 39.399352247877978 ], [ 20.302877196924491, 39.411490201400063 ], [ 20.276687131022964, 39.416243284072486 ], [ 20.26773885886594, 39.45174229418167 ], [ 20.319093212530891, 39.447061006625376 ], [ 20.318853136872892, 39.463461460131832 ], [ 20.282754496182356, 39.477067759092741 ], [ 20.266254754879991, 39.486772524307618 ], [ 20.296875307271218, 39.48883461079334 ], [ 20.31675793145704, 39.499941093466568 ], [ 20.316721513755422, 39.50000000024815 ], [ 20.306303730744236, 39.516971226686472 ], [ 20.266473005968162, 39.52293790750084 ], [ 20.252264894803357, 39.509677914783332 ], [ 20.217672183566911, 39.520059310183981 ], [ 20.19506142616887, 39.515505646747549 ], [ 20.172625270719344, 39.53164275108459 ], [ 20.160425064894454, 39.555902351268436 ], [ 20.183952473988192, 39.592842133023694 ], [ 20.216777356441039, 39.595717687362438 ], [ 20.210688165813504, 39.621940674330766 ], [ 20.185611178126024, 39.650643796181924 ], [ 20.153353747065111, 39.667393345123514 ], [ 20.119350311790424, 39.682641974066335 ], [ 20.091780869295405, 39.681392939055492 ], [ 20.091305116131043, 39.68137138487284 ], [ 20.084548733267265, 39.69122002715401 ], [ 20.076464078966509, 39.703003001240987 ], [ 20.06822425776841, 39.705074737955137 ], [ 20.066642804253437, 39.705595552281679 ], [ 20.083404446681939, 39.725845388984261 ], [ 20.107150105965534, 39.767978534901268 ], [ 20.107390181623526, 39.803952849524002 ], [ 20.08565242767985, 39.841523143384897 ], [ 20.067930482619364, 39.879211571111497 ], [ 20.016510654346611, 39.877597524865934 ], [ 20.002418149172353, 39.873052309918094 ], [ 20.000000000310173, 39.875998713652287 ], [ 19.987805038849913, 39.89076910871259 ], [ 19.956741365495336, 39.907720081293448 ], [ 19.933668630597818, 39.920989898262945 ], [ 19.939552068397727, 39.934933422621022 ], [ 19.955907146803369, 39.941817416337258 ], [ 19.959375740643036, 39.954837872055734 ], [ 19.951714100314621, 39.974961783153056 ], [ 19.929541443195809, 39.998440796343857 ], [ 19.928779944024406, 40.00000000026855 ], [ 19.903548941978087, 40.048232259010668 ], [ 19.868358082119819, 40.057253793799568 ], [ 19.829259565148675, 40.05468326391599 ], [ 19.794419954651335, 40.08541005262714 ], [ 19.753191984892446, 40.099596877792429 ], [ 19.710668780139464, 40.12319727749221 ], [ 19.654995653575231, 40.151584353554135 ], [ 19.602066667303255, 40.172729635093347 ], [ 19.534999868427359, 40.198192008781277 ], [ 19.500000000279961, 40.217088177055935 ], [ 19.491379007737134, 40.22174177200808 ], [ 19.452829319183767, 40.256148300913388 ], [ 19.436869396196883, 40.29551520880473 ], [ 19.41276486444886, 40.33461751573445 ], [ 19.384181895039589, 40.377043769343246 ], [ 19.356872206697179, 40.405757953035767 ], [ 19.33909017422565, 40.432176965010086 ], [ 19.355357440515636, 40.449312375315685 ], [ 19.371800331935251, 40.444795869384379 ], [ 19.384994160702643, 40.445535247076286 ], [ 19.408527911003972, 40.428125550101363 ], [ 19.431051818382031, 40.393437299327587 ], [ 19.439767209488171, 40.347480212014254 ], [ 19.467559866263304, 40.312347458425705 ], [ 19.479765804238024, 40.312460195877442 ], [ 19.495835492369476, 40.313265459936751 ], [ 19.500000000279961, 40.318584156649507 ], [ 19.503123929409732, 40.322573603250298 ], [ 19.504836273749802, 40.412850144624784 ], [ 19.500138304901103, 40.460481777539421 ], [ 19.500000000279961, 40.460626144690067 ], [ 19.468394084955271, 40.493609337434577 ], [ 19.46020907626086, 40.499999999920512 ], [ 19.455002678029341, 40.504095359439859 ], [ 19.444157834135453, 40.515436782217975 ], [ 19.454805099870807, 40.518122200355691 ], [ 19.482531897559198, 40.514449944852359 ], [ 19.487361585479693, 40.536609813836485 ], [ 19.483146585063718, 40.565164122937773 ], [ 19.449733927733948, 40.566360354973988 ], [ 19.442094240434447, 40.554510241165886 ], [ 19.445914084533356, 40.533229698051592 ], [ 19.440645334237963, 40.528878960712809 ], [ 19.413181973794849, 40.567540400341791 ], [ 19.394016895111889, 40.606696318566073 ], [ 19.403676270054564, 40.610831954080616 ], [ 19.423126739910028, 40.616033441899425 ], [ 19.435003380654411, 40.629729818543083 ], [ 19.442643068852231, 40.656048630673048 ], [ 19.442774787025709, 40.677499603419371 ], [ 19.451753615377125, 40.743955038916006 ], [ 19.449009475084861, 40.757350935994168 ], [ 19.443126037284951, 40.785939091878475 ], [ 19.444596896510355, 40.803820529254153 ], [ 19.479129163704592, 40.826431179093987 ], [ 19.467340335075853, 40.851367963269915 ], [ 19.453926975121014, 40.87647227851977 ], [ 19.428088146004001, 40.880912812993735 ], [ 19.428483302321073, 40.892045006289969 ], [ 19.444618849539264, 40.904445849431404 ], [ 19.469842991151758, 40.897288709634829 ], [ 19.466769553629163, 40.874702416323778 ], [ 19.474101897625562, 40.851400154943349 ], [ 19.494167054087228, 40.837105730516107 ], [ 19.500000000279961, 40.838404561299015 ], [ 19.521279165169414, 40.843142605926403 ], [ 19.544198227966223, 40.865466182137794 ], [ 19.508282914560557, 40.870695917271597 ], [ 19.503914242043869, 40.880768017424373 ], [ 19.530367758665399, 40.883953440082607 ], [ 19.550806118415224, 40.890581198830574 ], [ 19.550696353270656, 40.934995643477436 ], [ 19.532650883553853, 40.965627614254402 ], [ 19.512212523804031, 40.972070397868791 ], [ 19.500000000279961, 40.937191084117963 ], [ 19.495045179735335, 40.923034682063687 ], [ 19.482531897559198, 40.919079368165328 ], [ 19.49945775741153, 40.978657126783013 ], [ 19.479674912697575, 40.999999999862673 ], [ 19.477438772393427, 41.002430547389523 ], [ 19.472213929054178, 41.045362876436052 ], [ 19.477438772393427, 41.089188144243629 ], [ 19.466615881528451, 41.115039484231119 ], [ 19.494364632245762, 41.118997065169268 ], [ 19.500000000279961, 41.133932104627903 ], [ 19.503914242043869, 41.144303745051495 ], [ 19.527821196531672, 41.171472840857206 ], [ 19.539544165175354, 41.199598570012817 ], [ 19.53082877406921, 41.2206324637446 ], [ 19.511597836299508, 41.239773188880037 ], [ 19.500000000279961, 41.244532384418619 ], [ 19.481148851347768, 41.252267246076499 ], [ 19.441567365045586, 41.25328278651515 ], [ 19.419262989753292, 41.270882954760992 ], [ 19.420185020560915, 41.289058329961506 ], [ 19.427210021254211, 41.307051436921491 ], [ 19.396980567489916, 41.326150550611004 ], [ 19.433598380515757, 41.326070043050457 ], [ 19.45954697567565, 41.366681237884137 ], [ 19.480907366233094, 41.379569108822508 ], [ 19.495659867239851, 41.392824359636855 ], [ 19.491971742212744, 41.41305588650895 ], [ 19.476955803960703, 41.430725134372331 ], [ 19.500000000279961, 41.442026175742377 ], [ 19.507536507984241, 41.445721703916426 ], [ 19.530740961953558, 41.460329151468045 ], [ 19.53835869622414, 41.497034006201623 ], [ 19.53810512517563, 41.499999999681769 ], [ 19.536031665277861, 41.5244372536757 ], [ 19.508700023906538, 41.536617619932031 ], [ 19.500000000279961, 41.542999265772259 ], [ 19.483475882294044, 41.555118296891372 ], [ 19.471160179174763, 41.574761339566933 ], [ 19.500000000279961, 41.568478439939405 ], [ 19.557457915820358, 41.55595911011671 ], [ 19.600947057438788, 41.560292356639934 ], [ 19.6332401058024, 41.578317461135448 ], [ 19.65883745070305, 41.580919770229407 ], [ 19.655522528065777, 41.615402511388176 ], [ 19.637586824391857, 41.62380224056465 ], [ 19.623141667586513, 41.635123977759548 ], [ 19.61993651189044, 41.653999850429955 ], [ 19.631549715389557, 41.685990524170158 ], [ 19.613372526600955, 41.697623925076762 ], [ 19.623295339687221, 41.738428937206947 ], [ 19.620639011510615, 41.752325710530592 ], [ 19.606193854705264, 41.768749658122005 ], [ 19.576930338704738, 41.770264509687536 ], [ 19.548830337728184, 41.780319631259829 ], [ 19.500000000279961, 41.815807184565152 ], [ 19.495923304485128, 41.818769036274709 ], [ 19.439547677402409, 41.829991813864979 ], [ 19.395114551049129, 41.827480145186279 ], [ 19.349408143628992, 41.844576852360511 ], [ 19.320693455147921, 41.865450488254403 ], [ 19.191082201115201, 41.913785931868574 ], [ 19.141841340768657, 41.937931799997237 ], [ 19.158393997332833, 41.949872723382107 ], [ 19.122083527610091, 41.974631306969329 ], [ 19.113044957699024, 41.999999999713268 ], [ 19.09951571417421, 42.038255251378907 ], [ 19.056399774945621, 42.059570014183478 ], [ 19.072557276091043, 42.065471538765856 ], [ 19.074247666503894, 42.073684247282408 ], [ 19.057365712709384, 42.087940778009397 ], [ 19.021889461678612, 42.099156233287957 ], [ 19.000880320482096, 42.119238863439989 ], [ 19.000000000249752, 42.120660593523866 ], [ 18.966172429056549, 42.175268275165834 ], [ 18.962901412477109, 42.179641955441362 ], [ 18.957610710051121, 42.182627503848835 ], [ 18.949905162766566, 42.187000672043723 ], [ 18.941229107988395, 42.195827351607498 ], [ 18.91939031782977, 42.218039790315807 ], [ 18.90362560863559, 42.226534624653027 ], [ 18.901432661126933, 42.227716206915744 ], [ 18.870594165769678, 42.239777336177298 ], [ 18.893423582091028, 42.239597049818165 ], [ 18.917787739532571, 42.239196949034245 ], [ 18.932727170966807, 42.260387938763955 ], [ 18.9443729752259, 42.276478719839361 ], [ 18.942629574329818, 42.286528302161528 ], [ 18.916316880307175, 42.291092013453252 ], [ 18.911706723574127, 42.302979913289576 ], [ 18.860907190988215, 42.333864994701038 ], [ 18.838896703134385, 42.343714235914121 ], [ 18.805409689553603, 42.35932805859661 ], [ 18.78742025943917, 42.382124424078306 ], [ 18.785607969438896, 42.384619876340956 ], [ 18.798604220047757, 42.409226105707624 ], [ 18.824816252452926, 42.420995061050903 ], [ 18.82914101801347, 42.443321019464108 ], [ 18.772809297886887, 42.46276330916988 ], [ 18.766925860086978, 42.483195260068371 ], [ 18.764363283686677, 42.499999999702688 ], [ 18.762513281512465, 42.512227109051885 ], [ 18.73393031210319, 42.522987560476032 ], [ 18.717267889496132, 42.522485987255834 ], [ 18.713711483540816, 42.53039743307685 ], [ 18.699485857922923, 42.53746672614043 ], [ 18.688794685231425, 42.559947218659602 ], [ 18.694875701189872, 42.596254577566413 ], [ 18.702142186099532, 42.62540143391896 ], [ 18.69390976342611, 42.636319887451407 ], [ 18.675666716449086, 42.63741808724955 ], [ 18.658148122121148, 42.631926895694896 ], [ 18.607612026780512, 42.617954458923947 ], [ 18.581136557130073, 42.596723233126575 ], [ 18.545001712536951, 42.590032432828806 ], [ 18.546582337805233, 42.543095701001846 ], [ 18.540325696717165, 42.52604545373012 ], [ 18.510425539284888, 42.511369428463532 ], [ 18.500000000219536, 42.513170051742165 ], [ 18.477912960632139, 42.516984591326398 ], [ 18.460416319333113, 42.532921117722616 ], [ 18.450625225318642, 42.558216995714673 ], [ 18.419320067747705, 42.578281378074117 ], [ 18.362834675520418, 42.597418130052709 ], [ 18.304768658024848, 42.596787875200107 ], [ 18.288589204748831, 42.601054090108512 ], [ 18.267009282105626, 42.618164472474312 ], [ 18.23440889043891, 42.629310332800834 ], [ 18.173049904233299, 42.632895965117974 ], [ 18.146815918799216, 42.649836069609727 ], [ 18.124599355622582, 42.689834377419253 ], [ 18.101548573753973, 42.707726755597797 ], [ 18.035294040541132, 42.740400412976669 ], [ 18.000959351505426, 42.751475847578156 ], [ 18.000000000189324, 42.753121715555523 ], [ 17.979752632150376, 42.787847924132095 ], [ 17.965395288358998, 42.840120243321593 ], [ 17.946383880878432, 42.879238974646178 ], [ 17.930731302092966, 42.908187807628238 ], [ 17.904497317557198, 42.926080987606731 ], [ 17.870008957319097, 42.936367598295249 ], [ 17.816948251975333, 42.933442519731351 ], [ 17.754228171688894, 42.956453645257646 ], [ 17.70907059268653, 42.95998810609359 ], [ 17.652415355090159, 42.942251286224547 ], [ 17.606681213982249, 42.960582517687335 ], [ 17.605581602412634, 42.96067846683701 ], [ 17.602892754324426, 42.960913085908956 ], [ 17.568744489066372, 42.963892668344904 ], [ 17.577812854298791, 42.968646671235724 ], [ 17.583106443910101, 42.970110835706684 ], [ 17.602106283784757, 42.975440145450484 ], [ 17.615445287488587, 42.980989125852176 ], [ 17.625030514589398, 42.986290600833286 ], [ 17.626302698813298, 42.991494247506274 ], [ 17.620558073182664, 43.00000000005209 ], [ 17.619863359261061, 43.001037010178571 ], [ 17.619326214331867, 43.001838801319806 ], [ 17.616736095584958, 43.003682319279903 ], [ 17.601873691093079, 43.014321304066399 ], [ 17.601937890093168, 43.019779345404046 ], [ 17.602132642151822, 43.021898318703258 ], [ 17.607564933439633, 43.028021479012878 ], [ 17.618909104985882, 43.037648756138211 ], [ 17.628789024415649, 43.045866987171713 ], [ 17.640716066037367, 43.052400732060491 ], [ 17.658295912891269, 43.061349284833547 ], [ 17.665643358465907, 43.065088916108664 ], [ 17.669071997038362, 43.066646998689336 ], [ 17.675679451804445, 43.070397865431779 ], [ 17.701817719050055, 43.084222459312443 ], [ 17.721785775714348, 43.096564702896302 ], [ 17.725360642048752, 43.098774060664226 ], [ 17.73141140993495, 43.102513406213241 ], [ 17.747681241813389, 43.116988023537715 ], [ 17.721056999473802, 43.133195253450246 ], [ 17.682814654223534, 43.184034989442203 ], [ 17.638941140563023, 43.244681064968546 ], [ 17.636010589967835, 43.248729782006379 ], [ 17.616409676556799, 43.259785632375227 ], [ 17.596451057592883, 43.274485213821357 ], [ 17.565519103310102, 43.297443098976565 ], [ 17.53906558758689, 43.307123071305476 ], [ 17.500000000159112, 43.335538389453127 ], [ 17.478035897713294, 43.35150864249173 ], [ 17.45912315489533, 43.356067990123471 ], [ 17.414833142743227, 43.368507353135769 ], [ 17.365921284979599, 43.347951917636372 ], [ 17.362123393909602, 43.343348785225025 ], [ 17.319863627300212, 43.321986296249385 ], [ 17.2944638605581, 43.307026440615438 ], [ 17.245310812327208, 43.314047889566488 ], [ 17.156510418707391, 43.378410639352467 ], [ 17.126939558505445, 43.377911967544364 ], [ 17.073795065498498, 43.376904692110735 ], [ 17.052496509575324, 43.363223429094887 ], [ 17.021564555292542, 43.365250756632726 ], [ 17.0000000001289, 43.377703653516789 ], [ 16.982422132263569, 43.38785244990509 ], [ 16.954996103108716, 43.397578999350827 ], [ 16.934256974825352, 43.416908488829407 ], [ 16.923170645816793, 43.444777513392154 ], [ 16.903014074995184, 43.450012959519853 ], [ 16.903105489355127, 43.457984265312369 ], [ 16.863150800663099, 43.496607779416244 ], [ 16.852052466569077, 43.499999999890157 ], [ 16.801067360910089, 43.515711675518347 ], [ 16.784492751317, 43.549429225358445 ], [ 16.755075562317447, 43.568188927201795 ], [ 16.736766656253682, 43.592018200347013 ], [ 16.731453999002149, 43.616823527803312 ], [ 16.746162593951084, 43.649870510460957 ], [ 16.73806189034946, 43.690790434331376 ], [ 16.680786185488031, 43.719087025021906 ], [ 16.630711105551207, 43.735632843743751 ], [ 16.591669382767268, 43.731487168330808 ], [ 16.586170103210407, 43.731146532490136 ], [ 16.533283133839216, 43.751110143482087 ], [ 16.530974180589716, 43.752511393102218 ], [ 16.500000000098691, 43.773611959455607 ], [ 16.488410945111042, 43.78150485437876 ], [ 16.481902182855332, 43.784634800309369 ], [ 16.466589538251476, 43.80481411286673 ], [ 16.447556174148733, 43.834247711733539 ], [ 16.416360786213936, 43.824878190858193 ], [ 16.398908051871057, 43.839350384849141 ], [ 16.350523362347079, 43.870954763063246 ], [ 16.326331017585087, 43.89056223530298 ], [ 16.333904846696161, 43.91948706846587 ], [ 16.334782971445957, 43.952398168266477 ], [ 16.311688283519526, 43.987297947156762 ], [ 16.313374672836094, 44.000000000164377 ], [ 16.316288493207427, 44.022127679067374 ], [ 16.318133053387651, 44.036131050550381 ], [ 16.319086486602657, 44.043367938215653 ], [ 16.319174298718313, 44.068388920429705 ], [ 16.29412578223544, 44.095161056827266 ], [ 16.260186250415124, 44.109237400514715 ], [ 16.224402655182935, 44.1248289490253 ], [ 16.20604650671838, 44.165270199705063 ], [ 16.203987031792956, 44.167326408279621 ], [ 16.159838512382937, 44.211387565526778 ], [ 16.143022418573484, 44.260792206021023 ], [ 16.15956998348663, 44.277405102461771 ], [ 16.189299607440315, 44.307240222940145 ], [ 16.20831101402257, 44.321909657460665 ], [ 16.204074061475993, 44.340695952399081 ], [ 16.166622028859869, 44.345814046837226 ], [ 16.125437965158806, 44.370818640478049 ], [ 16.096679370619913, 44.409318205375072 ], [ 16.105197182669205, 44.444482640754806 ], [ 16.085688736443618, 44.500000000095532 ], [ 16.084780775948293, 44.502604984160811 ], [ 16.053695150463124, 44.513321584425519 ], [ 16.022763196180339, 44.536431604820287 ], [ 16.009810851629307, 44.57452355450576 ], [ 16.000000000068475, 44.587886420809177 ], [ 15.988230928986102, 44.603912398142256 ], [ 15.982632882358692, 44.629231701321814 ], [ 15.953962099935451, 44.63934338877646 ], [ 15.941053662340561, 44.670281237643813 ], [ 15.91578561467024, 44.65994894011763 ], [ 15.886961160146292, 44.65200472606945 ], [ 15.862176081807013, 44.666842725798475 ], [ 15.840830837743574, 44.690059810275514 ], [ 15.836959916335928, 44.694269182509913 ], [ 15.831266080553146, 44.700460295293475 ], [ 15.808571903801189, 44.711994924293272 ], [ 15.768765531454148, 44.754323613071421 ], [ 15.748458890776124, 44.777224401500682 ], [ 15.746816862963229, 44.77982263126367 ], [ 15.752948578937994, 44.787137554626874 ], [ 15.737899437156425, 44.793930889008116 ], [ 15.720314983741746, 44.834524914737237 ], [ 15.71502428041744, 44.862429691148748 ], [ 15.700030295194317, 44.909936244672608 ], [ 15.683719122846503, 44.965738896749365 ], [ 15.676772441771254, 45.000000000297035 ], [ 15.675574513187053, 45.005387538750796 ], [ 15.684267951264282, 45.046626296439022 ], [ 15.686770607340181, 45.064046460784837 ], [ 15.70501365521552, 45.07741146096884 ], [ 15.725683678799021, 45.081600742920955 ], [ 15.749161390396294, 45.086358696004481 ], [ 15.760664828750841, 45.103372092694023 ], [ 15.754430140691687, 45.134082671746839 ], [ 15.74319014048073, 45.178862213369591 ], [ 15.76894115658377, 45.217408168414458 ], [ 15.795043422946057, 45.222264669103787 ], [ 15.830036705544106, 45.220397955656473 ], [ 15.876094363223491, 45.237414850627594 ], [ 15.888344207256035, 45.252327756453106 ], [ 15.918551707991419, 45.255476018151604 ], [ 15.930972554423134, 45.252253072257488 ], [ 15.957079444414187, 45.243144321713245 ], [ 15.986628351587221, 45.243902375916825 ], [ 16.000000000068475, 45.240375303253764 ], [ 16.021226476969886, 45.234775891010202 ], [ 16.030732180710167, 45.217364414475348 ], [ 16.027439212000125, 45.18776425687355 ], [ 16.063912999933095, 45.178756708197966 ], [ 16.069808744652399, 45.17730056284902 ], [ 16.071196995702586, 45.176460872241954 ], [ 16.100966355734553, 45.158451729775472 ], [ 16.103876554996976, 45.130729270521513 ], [ 16.103484839227445, 45.110050356606052 ], [ 16.129499293474076, 45.098505379003065 ], [ 16.131196958444093, 45.098402522873812 ], [ 16.168290466243803, 45.095538379209962 ], [ 16.212583876722626, 45.059591556350121 ], [ 16.239242968305351, 45.036121886851973 ], [ 16.306836642570115, 45.000453861005084 ], [ 16.326572502699765, 45.003235512244821 ], [ 16.359282659511045, 45.006397645588173 ], [ 16.364826867408532, 45.019319262660822 ], [ 16.370851956952333, 45.029683684548985 ], [ 16.393325526335129, 45.043353376050064 ], [ 16.400143500389728, 45.047348941978221 ], [ 16.408641500993745, 45.052328668793422 ], [ 16.414318468212123, 45.095129001232245 ], [ 16.456265541152582, 45.10319849617018 ], [ 16.481495710460631, 45.128955659173634 ], [ 16.485139929429916, 45.172805103957444 ], [ 16.494031740674703, 45.185242918249685 ], [ 16.500000000098691, 45.192621269318401 ], [ 16.510978758546926, 45.20619141058387 ], [ 16.596310557428762, 45.215380857030524 ], [ 16.625431642846049, 45.195759940360396 ], [ 16.639714676200491, 45.19286354475588 ], [ 16.70852308383348, 45.180366113202545 ], [ 16.711981577016086, 45.179737886436634 ], [ 16.721510223728728, 45.183872481444347 ], [ 16.735493374288502, 45.187647517563633 ], [ 16.796237672989598, 45.179664914357694 ], [ 16.807643605044618, 45.180163413175514 ], [ 16.815230814594052, 45.180030085661564 ], [ 16.823377064837416, 45.1823737698627 ], [ 16.831360571537541, 45.185445712260751 ], [ 16.847484725039674, 45.192834623254413 ], [ 16.856115099921993, 45.20559521936719 ], [ 16.865868402653355, 45.218784587871745 ], [ 16.879084808756264, 45.218996965705678 ], [ 16.883087940038475, 45.224660456850792 ], [ 16.883561313484634, 45.232530509183988 ], [ 16.895689196607972, 45.25041024805045 ], [ 16.909824658136589, 45.251815835835338 ], [ 16.91433712995445, 45.257444817688537 ], [ 16.920308701797747, 45.272674437900093 ], [ 16.930642726905862, 45.275297516328195 ], [ 16.937275122643651, 45.266653317399239 ], [ 16.940355926037466, 45.255621411282 ], [ 16.94091796875, 45.241473699994117 ], [ 16.94677734375, 45.235956121869116 ], [ 16.967431640625019, 45.237567449994124 ], [ 16.960693359374996, 45.251166082806613 ], [ 16.975488281250023, 45.24738190311912 ], [ 16.987548828125, 45.236761785931613 ], [ 16.998046875, 45.231634832806613 ], [ 17.0078125, 45.244403387494117 ], [ 17.013085937500023, 45.230829168744116 ], [ 17.012109375000023, 45.224725653119108 ], [ 17.0078125, 45.21649811405662 ], [ 17.013916015625, 45.220038153119113 ], [ 17.029687500000019, 45.227167059369108 ], [ 17.035791015625023, 45.230731512494117 ], [ 17.05517578125, 45.20070221561911 ], [ 17.070892979062538, 45.191777155412971 ], [ 17.088197156553939, 45.182347715157668 ], [ 17.097802734375023, 45.17792389530662 ], [ 17.146792481757775, 45.160913517888538 ], [ 17.1865234375, 45.148797918744116 ], [ 17.197265625, 45.153192449994108 ], [ 17.2280360542191, 45.154088457432458 ], [ 17.244873046875, 45.155633856244116 ], [ 17.249267578125, 45.160101629681613 ], [ 17.2685546875, 45.18976471561912 ], [ 17.307275390625023, 45.17169830936912 ], [ 17.3181962312275, 45.166842499207974 ], [ 17.325927734374996, 45.16620514530662 ], [ 17.347654815397597, 45.154182947306616 ], [ 17.358789062500023, 45.150995184369108 ], [ 17.361650790262296, 45.148853458960843 ], [ 17.3681640625, 45.145379949994108 ], [ 17.381982421875023, 45.139837957806613 ], [ 17.400146484374996, 45.14130280155662 ], [ 17.413776565861664, 45.143563525146483 ], [ 17.425279967000954, 45.146163249271879 ], [ 17.43359375, 45.148797918744116 ], [ 17.442773437500023, 45.162298895306613 ], [ 17.456445312500023, 45.15204498905662 ], [ 17.447265625, 45.134540106244117 ], [ 17.459863281250023, 45.131537176556613 ], [ 17.471679687499996, 45.13300202030662 ], [ 17.495751953125019, 45.14203522343162 ], [ 17.4814453125, 45.11469147343162 ], [ 17.48876953125, 45.11652252811912 ], [ 17.517324059948084, 45.118219853546826 ], [ 17.5390625, 45.121210028119116 ], [ 17.549862140043928, 45.11893549681227 ], [ 17.560791015624996, 45.119574285931613 ], [ 17.571923828125023, 45.120672918744113 ], [ 17.592529296875, 45.12982819218162 ], [ 17.614071187170879, 45.139808601427049 ], [ 17.629394531249996, 45.157586981244116 ], [ 17.651025390625019, 45.165594793744113 ], [ 17.684326171875, 45.16425202030662 ], [ 17.714013671875023, 45.15228912968162 ], [ 17.740869140625023, 45.13349030155662 ], [ 17.758830761877981, 45.115603278982867 ], [ 17.784397026253156, 45.093682858201646 ], [ 17.797021484375019, 45.082220770306613 ], [ 17.815087890625026, 45.07037994999412 ], [ 17.835205078125, 45.064764715619113 ], [ 17.835205078125, 45.064764715619113 ], [ 17.84521484375, 45.065497137494113 ], [ 17.874755859375, 45.07428619999412 ], [ 17.902246093750019, 45.077997137494116 ], [ 17.92724609375, 45.092230535931613 ], [ 17.947862629318262, 45.107687196687024 ], [ 17.947862629318262, 45.107687196687024 ], [ 17.947862629318262, 45.107687196687024 ], [ 17.947862629318262, 45.107687196687024 ], [ 17.947862629318262, 45.107687196687024 ], [ 17.947862629318262, 45.107687196687024 ], [ 17.947862629318262, 45.107687196687024 ], [ 17.987939453125019, 45.14406159061911 ], [ 18.002929687499996, 45.14960358280662 ], [ 18.018554687499996, 45.14967682499411 ], [ 18.018554687499996, 45.14967682499411 ], [ 18.034423828125, 45.14362213749412 ], [ 18.045937926697917, 45.133784530130868 ], [ 18.05860645485728, 45.12669771295004 ], [ 18.05860645485728, 45.12669771295004 ], [ 18.079765424150231, 45.111762376515784 ], [ 18.079765424150231, 45.111762376515784 ], [ 18.089746093750023, 45.10822174686912 ], [ 18.111962890625023, 45.10089752811912 ], [ 18.111962890625023, 45.10089752811912 ], [ 18.111962890625023, 45.10089752811912 ], [ 18.11946517395981, 45.096752428418625 ], [ 18.13125, 45.098089910931613 ], [ 18.13125, 45.098089910931613 ], [ 18.13125, 45.098089910931613 ], [ 18.153076171875, 45.097845770306613 ], [ 18.174462890625023, 45.10101959843162 ], [ 18.174462890625023, 45.10101959843162 ], [ 18.174462890625023, 45.10101959843162 ], [ 18.174462890625023, 45.10101959843162 ], [ 18.174462890625023, 45.10101959843162 ], [ 18.174462890625023, 45.10101959843162 ], [ 18.200726663997415, 45.103654530737323 ], [ 18.216008208359835, 45.127992744257945 ], [ 18.235021425672855, 45.132973708905531 ], [ 18.259663681831018, 45.138227122114003 ], [ 18.274290399400368, 45.134195386138778 ], [ 18.281138313044462, 45.118907007164488 ], [ 18.300773813043289, 45.114474901238282 ], [ 18.315827502022156, 45.103208744218342 ], [ 18.378124539446389, 45.105796329807873 ], [ 18.411523437500023, 45.112665106244116 ], [ 18.4287109375, 45.102484442181613 ], [ 18.4287109375, 45.102484442181613 ], [ 18.423117958817702, 45.119898263612036 ], [ 18.432579755601839, 45.14710991507544 ], [ 18.481447413558545, 45.202004611958976 ], [ 18.487089367142094, 45.216445569481785 ], [ 18.417036942859252, 45.276547359035874 ], [ 18.414336708624816, 45.293459936403238 ], [ 18.454181631273961, 45.308867666260227 ], [ 18.500000000219536, 45.32206355739725 ], [ 18.509283977289819, 45.324737006726444 ], [ 18.59261804155739, 45.346568233916578 ], [ 18.716872733179066, 45.321752747432541 ], [ 18.88859008261878, 45.339335759359074 ], [ 18.916975473869517, 45.336687014442745 ], [ 18.932803677784609, 45.320209605312783 ], [ 18.902442504948521, 45.296838930012981 ], [ 18.930849849228174, 45.287808407918632 ], [ 18.971133835150528, 45.293969710914638 ], [ 18.979278444809978, 45.27831023310538 ], [ 18.980112663501945, 45.249310506827591 ], [ 19.000000000249752, 45.248059770088972 ], [ 19.050340712914405, 45.24489366278948 ], [ 19.072645088206695, 45.213586844465539 ], [ 19.159842903529317, 45.198357321730157 ], [ 19.24398923435826, 45.170265304288336 ], [ 19.318190799072021, 45.131322030029132 ], [ 19.368704941383744, 45.098636917279258 ], [ 19.434235021049187, 45.111789206299427 ], [ 19.500000000279961, 45.126989956368227 ], [ 19.50073103937671, 45.127158903970262 ], [ 19.523364711899333, 45.106207162931582 ], [ 19.559214166218265, 45.091241068827742 ], [ 19.631659480534122, 45.084224352613063 ], [ 19.724169952209959, 45.071094916637783 ], [ 19.804101282622923, 45.052930935866037 ], [ 19.849280815552515, 45.023025231047669 ], [ 19.858056718972826, 45.000000000297035 ], [ 19.866140816318111, 44.976738732439763 ], [ 19.935380974937893, 44.942463632837523 ], [ 19.906995582788841, 44.876907774499017 ], [ 19.933207615194011, 44.834186884012475 ], [ 19.966422694365242, 44.800615342585417 ], [ 20.000000000310173, 44.801378070801022 ], [ 20.051910892632986, 44.802564156952748 ], [ 20.051823592557046, 44.851327344760954 ], [ 20.011534541034802, 44.865084281031088 ], [ 20.000000000310173, 44.877981406788848 ], [ 19.990329647954727, 44.888728822024369 ], [ 20.000000000310173, 44.906884000253427 ], [ 20.002280718611981, 44.911190114085258 ], [ 20.03130804057486, 44.924723720135198 ], [ 20.050470438685007, 44.963924121070406 ], [ 20.055798826335483, 45.000000000297035 ], [ 20.056363203692516, 45.003484390454297 ], [ 20.061121065916154, 45.0159269004102 ], [ 20.080894565456212, 45.023274022693762 ], [ 20.09894388535232, 45.016600182435141 ], [ 20.110055575597983, 45.000000000297035 ], [ 20.124959351101964, 44.975582645206714 ], [ 20.201783543694447, 44.984766468496908 ], [ 20.19980141102004, 45.000000000297035 ], [ 20.196829255850787, 45.02082996575551 ], [ 20.163546047550092, 45.048937591347659 ], [ 20.122907795724085, 45.066708013379142 ], [ 20.098507384074303, 45.102597539033937 ], [ 20.051779942519076, 45.131029890756118 ], [ 20.001189465866087, 45.141545954283167 ], [ 20.000000000310173, 45.141615185775798 ], [ 19.922955505775729, 45.146073102848774 ], [ 19.86271612853627, 45.193542538136725 ], [ 19.848710034105824, 45.214097341867081 ], [ 19.879576129301864, 45.222964671136772 ], [ 19.909168942532727, 45.239324739157759 ], [ 19.95333863164073, 45.237764758826067 ], [ 19.986509803855817, 45.212055325217193 ], [ 20.000000000310173, 45.20918749631057 ], [ 20.055621152148699, 45.197292268398151 ], [ 20.155601728063019, 45.205491201314501 ], [ 20.226489505610029, 45.199830855161018 ], [ 20.315884929799314, 45.155462131147623 ], [ 20.316917276418771, 45.157550879273408 ], [ 20.340852791942709, 45.205958008458147 ], [ 20.337340363910446, 45.228524306409405 ], [ 20.335942155035337, 45.239674634882142 ], [ 20.33039660056324, 45.249896693653994 ], [ 20.313724248877346, 45.282447671549086 ], [ 20.291511881731399, 45.300248653831659 ], [ 20.282798146220326, 45.307615399761893 ], [ 20.281554118790687, 45.308226974898247 ], [ 20.268194876043509, 45.311559571843425 ], [ 20.246415780732139, 45.31699216287322 ], [ 20.245731105483834, 45.317626234179556 ], [ 20.228803771496118, 45.333300219097268 ], [ 20.228148209747857, 45.333907154173644 ], [ 20.221164191994454, 45.360768536321018 ], [ 20.233953150063297, 45.37248860396523 ], [ 20.242399970052315, 45.379720931108309 ], [ 20.242117178604243, 45.386692537307439 ], [ 20.241745218584441, 45.395861059498934 ], [ 20.23901931499076, 45.397115470700825 ], [ 20.230720649649975, 45.400934193170087 ], [ 20.213438122697234, 45.408886104103594 ], [ 20.212194094369281, 45.422242356647352 ], [ 20.23897343713088, 45.440738202432591 ], [ 20.241112291686392, 45.457456216600875 ], [ 20.240186895789716, 45.458093972536133 ], [ 20.240261114598493, 45.45915533558545 ], [ 20.17006512246526, 45.500000000291124 ], [ 20.161123466400301, 45.505247402819236 ], [ 20.155752570470582, 45.505384961149659 ], [ 20.125177601291817, 45.515084956018093 ], [ 20.109114361267469, 45.525857432661937 ], [ 20.106364404383747, 45.542392657285269 ], [ 20.123802622849954, 45.551492258849862 ], [ 20.122890834633203, 45.552206386490035 ], [ 20.111995268265112, 45.563486252510145 ], [ 20.09682685536664, 45.568224632464428 ], [ 20.073602238710773, 45.566238025047994 ], [ 20.071226066325192, 45.57870906129429 ], [ 20.065949022783098, 45.583591505185559 ], [ 20.075569251840633, 45.597055725150575 ], [ 20.070571314857318, 45.609302964989851 ], [ 20.071444316515048, 45.628954306102706 ], [ 20.058110392784148, 45.648618054507061 ], [ 20.090475764511286, 45.688727691989996 ], [ 20.090848535709789, 45.70144659488556 ], [ 20.103919997765814, 45.703901712974897 ], [ 20.102603913772292, 45.708773572487161 ], [ 20.092243594193203, 45.749019918163455 ], [ 20.084321099275957, 45.777305796926498 ], [ 20.106822730231595, 45.796810414002685 ], [ 20.091588841827011, 45.842187757461438 ], [ 20.089857684968251, 45.853356930997897 ], [ 20.092917392640047, 45.885767732473369 ], [ 20.072011767906979, 45.887949541330748 ], [ 20.063055933731889, 45.889138594573744 ], [ 20.054682674984857, 45.891002855780606 ], [ 20.057723759682492, 45.903888192504475 ], [ 20.085802811946618, 45.908803258797846 ], [ 20.088724282370912, 45.918898913361446 ], [ 20.095124501190842, 45.941009534703831 ], [ 20.083120720985974, 45.98210280462358 ], [ 20.072731785573506, 45.987284580609426 ], [ 20.052478344024923, 45.997385155112703 ], [ 20.052079034796293, 45.998714919690038 ], [ 20.051693134719908, 46.000000000240469 ], [ 20.050051190450336, 46.005517430739523 ], [ 20.049470965913375, 46.007467028907591 ], [ 20.048526549987191, 46.010640191103477 ], [ 20.047816218854372, 46.014327669701018 ], [ 20.060652842430503, 46.017895797129583 ], [ 20.079846962748285, 46.023230650974376 ], [ 20.084621983692166, 46.027869190369202 ], [ 20.099358562060516, 46.042182090690844 ], [ 20.085215926401826, 46.058084543833701 ], [ 20.0329790174961, 46.085777579538387 ], [ 20.029714811943141, 46.089217763126491 ], [ 20.036628320929893, 46.09850821249259 ], [ 20.074259748904886, 46.107006500637326 ], [ 20.086787330463714, 46.11637359623829 ], [ 20.079999738330336, 46.143910294136958 ], [ 20.121641942826304, 46.162571856015227 ], [ 20.152710702442015, 46.194921875118609 ], [ 20.158283494731844, 46.200722459864579 ], [ 20.162001293807734, 46.204219893548249 ], [ 20.197313903234775, 46.203866913769289 ], [ 20.199706316262382, 46.204346663654498 ], [ 20.202329169618238, 46.204325551956451 ], [ 20.203038054463452, 46.205014769084571 ], [ 20.209270459903468, 46.206264516459918 ], [ 20.227029510775083, 46.224866759784511 ], [ 20.228231588677581, 46.225523483672916 ], [ 20.250393026736809, 46.219362984415604 ], [ 20.269484863079711, 46.214055223975215 ], [ 20.3345235265555, 46.212829993157598 ], [ 20.336402225411465, 46.212259271029367 ], [ 20.374098160508698, 46.200806515469843 ], [ 20.381791527536311, 46.177536314692397 ], [ 20.382080320628798, 46.176658721827316 ], [ 20.388624419014523, 46.17663449483819 ], [ 20.442221953080505, 46.176436072503428 ], [ 20.500000000340389, 46.176222172587913 ], [ 20.516129806425599, 46.17616245861317 ], [ 20.615414406285339, 46.141864241470678 ], [ 20.645311150119536, 46.1315320893912 ], [ 20.64646767714892, 46.131832611793719 ], [ 20.684538452264757, 46.141724346183032 ], [ 20.714570728519131, 46.128674357915322 ], [ 20.729426066862992, 46.122218085297369 ], [ 20.749395992023071, 46.120727799999813 ], [ 20.810244243768842, 46.084130028231733 ], [ 20.815468947869221, 46.082154826649031 ], [ 20.862541767396678, 46.06435571606405 ], [ 20.879626092760073, 46.05789438496641 ], [ 20.903699128675921, 46.06313081691291 ], [ 20.910745910819909, 46.072759298383851 ], [ 20.943377077869943, 46.117323368159262 ], [ 20.972120675035171, 46.13107129790955 ], [ 21.000000000370598, 46.1281806064828 ], [ 21.025941259887883, 46.125490727062626 ], [ 21.062299045673264, 46.135401451921759 ], [ 21.087989890821948, 46.141690341898382 ], [ 21.132014868524198, 46.134598526169306 ], [ 21.135983186173267, 46.133320896027897 ], [ 21.162590372200558, 46.128813354694508 ], [ 21.182928878816657, 46.124964779874553 ], [ 21.195157044704764, 46.125932812689292 ], [ 21.219507670823191, 46.127273065435986 ], [ 21.233437915104307, 46.128963175117711 ], [ 21.26431450801276, 46.131407283129384 ], [ 21.297325057861791, 46.160217314531579 ], [ 21.30726109953893, 46.166641847733672 ], [ 21.316671299788098, 46.164953918761384 ], [ 21.329601346357148, 46.162634542911249 ], [ 21.3464640133225, 46.157213514864175 ], [ 21.355348656909641, 46.14778561188389 ], [ 21.381689652355309, 46.116782730912618 ], [ 21.384308809143779, 46.117043378641085 ], [ 21.429221809233628, 46.121477992529627 ], [ 21.498824721039867, 46.105647335567383 ], [ 21.500000000400814, 46.106136919482061 ], [ 21.526891741269075, 46.117337979598744 ], [ 21.553504853482298, 46.11949868613705 ], [ 21.560388964203064, 46.119650024436446 ], [ 21.563877762950092, 46.117408579740363 ], [ 21.57288796496281, 46.111619381300152 ], [ 21.590118925024981, 46.100546509526879 ], [ 21.672988657308714, 46.075751780662635 ], [ 21.721309328393968, 46.086483894963465 ], [ 21.736564637126506, 46.0869581042639 ], [ 21.792742732763088, 46.086249975374983 ], [ 21.822010131282276, 46.072476166874068 ], [ 21.870889845528406, 46.095789062519763 ], [ 21.883084666851484, 46.09063863583156 ], [ 21.895724091358133, 46.085299922086513 ], [ 21.899358125228726, 46.083384372361614 ], [ 21.903373935010233, 46.082068483765333 ], [ 21.950254153045829, 46.08968557722207 ], [ 21.97895110069835, 46.086516355883454 ], [ 21.993795137337621, 46.084159269443944 ], [ 22.000000000431022, 46.083686959979516 ], [ 22.014702546124838, 46.082567796961577 ], [ 22.035962646967327, 46.080219595837505 ], [ 22.043733378703841, 46.079361284738695 ], [ 22.05023479633379, 46.078643165244927 ], [ 22.073827612661681, 46.057733481371947 ], [ 22.08426845093463, 46.047273276376451 ], [ 22.104557289698676, 46.024108854706128 ], [ 22.153642888824773, 46.011628271035406 ], [ 22.187863523260429, 46.002925599446428 ], [ 22.287211172276699, 46.009807026905683 ], [ 22.339348465203937, 46.004930058548396 ], [ 22.369273378408817, 46.001519925561922 ], [ 22.372837363450188, 46.003304897632454 ], [ 22.385201315083378, 46.009496760116001 ], [ 22.394328541526473, 46.014067223753393 ], [ 22.401668660441654, 46.000000000240469 ], [ 22.414165449549174, 45.976258792075413 ], [ 22.414604016952349, 45.975425421179274 ], [ 22.417096238197907, 45.973486062535109 ], [ 22.434181090872379, 45.957319828313764 ], [ 22.481803107126879, 45.948759998782798 ], [ 22.488918328319102, 45.90933373063644 ], [ 22.464670692251378, 45.866397061206669 ], [ 22.49999999956292, 45.814990151205045 ], [ 22.536998923746363, 45.761102567453939 ], [ 22.536859085701032, 45.749441615516538 ], [ 22.558474777462219, 45.749326025618259 ], [ 22.573577715752897, 45.720544596250591 ], [ 22.522768988011734, 45.70098395342935 ], [ 22.514430016162464, 45.709084348433237 ], [ 22.49999999956292, 45.702447577506611 ], [ 22.477438349468205, 45.692069250482852 ], [ 22.471214911011351, 45.658900881409522 ], [ 22.463230239201714, 45.61631687878063 ], [ 22.49999999956292, 45.589027142345458 ], [ 22.554502569209664, 45.548551911002953 ], [ 22.583770016237878, 45.551170433120937 ], [ 22.626197922315626, 45.50978577492247 ], [ 22.627670238608417, 45.500000000291124 ], [ 22.634273192814923, 45.456483193492602 ], [ 22.622704384955469, 45.41443739193533 ], [ 22.617564930077236, 45.385679732830688 ], [ 22.666589072759798, 45.333337718199395 ], [ 22.683619642038281, 45.315143142084295 ], [ 22.677870143047233, 45.250217158093356 ], [ 22.675369771387096, 45.247838263895353 ], [ 22.677587628280268, 45.247024932885573 ] ] ], [ [ [ 39.787036475559255, 47.210098535662333 ], [ 39.864160156250023, 47.222284246869108 ], [ 39.876953125, 47.221747137494113 ], [ 39.914160156249999, 47.21259186405662 ], [ 39.961328125000023, 47.21991608280662 ], [ 39.990332031250006, 47.23053619999412 ], [ 40.005761718750023, 47.23322174686912 ], [ 40.019775390624993, 47.23078034061912 ], [ 40.047558593750011, 47.216913153119116 ], [ 40.078222656250006, 47.21515534061912 ], [ 40.143945312500023, 47.23212311405662 ], [ 40.160839843750011, 47.232049871869116 ], [ 40.176660156250016, 47.226825262494117 ], [ 40.227929687500016, 47.229608465619116 ], [ 40.243682329803619, 47.245160878357055 ], [ 40.281329728027735, 47.241385131554772 ], [ 40.296781529753936, 47.243498999982421 ], [ 40.287680680542536, 47.260567199330858 ], [ 40.297283494859968, 47.276449789620173 ], [ 40.325502674426957, 47.272064342266653 ], [ 40.359287121994932, 47.245889755691849 ], [ 40.462430079424756, 47.225900281251263 ], [ 40.499999999752248, 47.211284941903145 ], [ 40.502696426926512, 47.210235830536803 ], [ 40.499999999752248, 47.208295411633785 ], [ 40.344359109944591, 47.096171126828317 ], [ 40.496337794714343, 47.000000000202057 ], [ 40.499999999752248, 46.997702168456343 ], [ 40.99999999978246, 46.683045990714838 ], [ 41.065683251186996, 46.641572884517387 ], [ 41.499999999812673, 46.724159455798834 ], [ 41.519131136550932, 46.727794374386825 ], [ 41.525963609414219, 46.719525808124445 ], [ 41.595169348185578, 46.68570805280001 ], [ 41.653440972083381, 46.607165249889547 ], [ 41.712149088276043, 46.573335206877665 ], [ 41.732074927715239, 46.555198003613391 ], [ 41.795540801926975, 46.543610402512769 ], [ 41.84412231322802, 46.544678556064028 ], [ 41.901499130661193, 46.507880936581124 ], [ 41.902659900433676, 46.499999999857828 ], [ 41.907544538300101, 46.46712934281949 ], [ 41.908526644840656, 46.41296415775291 ], [ 41.885152520673742, 46.362730563969166 ], [ 41.856278604011933, 46.342318516226825 ], [ 41.811429095049732, 46.265941797671552 ], [ 41.756976771770098, 46.212450749471998 ], [ 41.697875814218847, 46.1669369831097 ], [ 41.559442513004612, 46.119471253518903 ], [ 41.499999999812673, 46.116371147940619 ], [ 41.42860416568368, 46.112647408540568 ], [ 41.329564228279779, 46.095781412384952 ], [ 41.286307913813317, 46.040221395752639 ], [ 41.278022441130794, 46.000000000240469 ], [ 41.27456629075445, 45.983365609779476 ], [ 41.330415387401374, 45.937189061703641 ], [ 41.378429459886902, 45.909522676811861 ], [ 41.44647849555907, 45.899972807895622 ], [ 41.474435780288118, 45.880519103812624 ], [ 41.499999999812673, 45.875958111916916 ], [ 41.518696024966658, 45.872622258189651 ], [ 41.579652072749887, 45.871066024419875 ], [ 41.660970451368875, 45.868724319536874 ], [ 41.719765865840849, 45.866906157385699 ], [ 41.763262250575416, 45.859792930792864 ], [ 41.803332176948722, 45.847382594073302 ], [ 41.900953515517195, 45.807776011370827 ], [ 41.91057815530278, 45.753582192696264 ], [ 41.875113214959747, 45.700852650948114 ], [ 41.826095212262153, 45.643312202053565 ], [ 41.771926608390267, 45.595506359731701 ], [ 41.748443362272532, 45.561277796093862 ], [ 41.70721673369836, 45.524540257733058 ], [ 41.686093649292893, 45.500000000291124 ], [ 41.67373783010796, 45.485768141103556 ], [ 41.605536022446998, 45.448306227190173 ], [ 41.583144004820632, 45.397634736898667 ], [ 41.537006846238604, 45.366907309878044 ], [ 41.517953989592513, 45.354221711049483 ], [ 41.499999999812673, 45.348431003383823 ], [ 41.429804517024202, 45.325785099072895 ], [ 41.312235513548394, 45.325624975046175 ], [ 41.150777282182801, 45.352519411913434 ], [ 41.003548676633066, 45.415702695749815 ], [ 40.99999999978246, 45.417114373256155 ], [ 40.933513604208258, 45.443556358097595 ], [ 40.844403850567531, 45.419350467233158 ], [ 40.759506240700176, 45.429028265473725 ], [ 40.636393793793189, 45.404263722449414 ], [ 40.519326755423414, 45.421922657508951 ], [ 40.499999999752248, 45.41467113606879 ], [ 40.451583263728821, 45.396500752994868 ], [ 40.368693515183928, 45.417897200008746 ], [ 40.296956126312558, 45.391659256629488 ], [ 40.163782548223431, 45.373205402568189 ], [ 40.100665868027257, 45.381509660398159 ], [ 40.04686828184245, 45.370136443617376 ], [ 39.999999999722029, 45.344452722788965 ], [ 39.982965507500708, 45.335115173196527 ], [ 39.906643124605708, 45.263214749257948 ], [ 39.864498851697448, 45.262937863517514 ], [ 39.820695871956424, 45.227733201638365 ], [ 39.711570360211496, 45.188654383963126 ], [ 39.647775585824789, 45.199043030222462 ], [ 39.619664853573852, 45.219289565255586 ], [ 39.56243943550372, 45.211194739299827 ], [ 39.541225436201607, 45.169885783887601 ], [ 39.562155708909437, 45.12483618482711 ], [ 39.499999999691823, 45.093138156394048 ], [ 39.485134922711964, 45.085554671872586 ], [ 39.29246511577017, 45.024099357286133 ], [ 39.331866660537784, 45.000000000297035 ], [ 39.439847835391724, 44.927536121252572 ], [ 39.499999999691823, 44.912930673558996 ], [ 39.648823190329352, 44.876779096081329 ], [ 39.816309025623227, 44.817959070648506 ], [ 39.881435131108766, 44.710301376811771 ], [ 39.999999999722029, 44.695155016866806 ], [ 40.072010196165408, 44.685953729716047 ], [ 40.199531207974218, 44.549519950356846 ], [ 40.202610501614146, 44.500000000095532 ], [ 40.210552620228782, 44.373183383868877 ], [ 40.30269598997387, 44.29490280349453 ], [ 40.261360238550559, 44.230096585241746 ], [ 40.328077974564934, 44.140028738871557 ], [ 40.35989820995011, 44.027301672374229 ], [ 40.36160062610967, 44.000000000164377 ], [ 40.364372248561416, 43.955900320547457 ], [ 40.321967093216557, 43.914310901021587 ], [ 40.32779425515718, 43.850423491310082 ], [ 40.290714296646897, 43.825119691587503 ], [ 40.36072754450187, 43.747176712023325 ], [ 40.328252571123556, 43.687563058589191 ], [ 40.267056453970532, 43.701633134589699 ], [ 40.205816686779542, 43.686740049909496 ], [ 40.124520131832071, 43.668162848116189 ], [ 40.070155106831741, 43.633575434188906 ], [ 40.024279843087648, 43.595800263815754 ], [ 40.009570077633889, 43.558405506218591 ], [ 39.999999999722029, 43.525949886334061 ], [ 39.995536766945278, 43.510807783052755 ], [ 39.989707718542562, 43.499999999890157 ], [ 39.973580713404402, 43.470336857835534 ], [ 39.912164875519416, 43.447975034532853 ], [ 39.888768366233926, 43.499577788736673 ], [ 39.888212378243331, 43.499999999890157 ], [ 39.868558321398396, 43.515048135535103 ], [ 39.82883663502983, 43.526780373211047 ], [ 39.787063388791786, 43.55033500126607 ], [ 39.742998507026307, 43.610215166874738 ], [ 39.69834434750242, 43.62994113841647 ], [ 39.646007752549615, 43.641812352125704 ], [ 39.624750102311225, 43.659170758087114 ], [ 39.61069473708406, 43.69413058323596 ], [ 39.583107807085412, 43.72892476256154 ], [ 39.499999999691823, 43.799831956135073 ], [ 39.495894697945076, 43.803332387198942 ], [ 39.38593983278377, 43.869169018127977 ], [ 39.231592708326403, 43.959048867149512 ], [ 39.187418701915149, 43.995196916324566 ], [ 39.178458836999376, 44.000000000164377 ], [ 39.142349864784762, 44.019517744995888 ], [ 39.107888028203739, 44.051084010831282 ], [ 39.073709918216998, 44.067208466835218 ], [ 39.036541768502019, 44.083425499098091 ], [ 39.023250281185142, 44.115878452180354 ], [ 39.016593625690945, 44.14319419320838 ], [ 38.999999999661611, 44.161082159589441 ], [ 38.996776432095473, 44.164556539514322 ], [ 38.963034824285067, 44.184248854001311 ], [ 38.916372754929704, 44.192817785757967 ], [ 38.869470609916334, 44.209838964755072 ], [ 38.832193335555587, 44.246961827117808 ], [ 38.816173710534919, 44.288072612804328 ], [ 38.77854723407377, 44.310863643290389 ], [ 38.701853824508554, 44.323487488299712 ], [ 38.650346582972148, 44.337010002520081 ], [ 38.568131421594906, 44.362275808320987 ], [ 38.502743414983229, 44.372137760717401 ], [ 38.499999999631399, 44.372490358439578 ], [ 38.407869694983788, 44.384330163828771 ], [ 38.395189310893457, 44.372330800351584 ], [ 38.375874094980432, 44.366845012253506 ], [ 38.358741389949095, 44.36576709853815 ], [ 38.331088985342646, 44.377413942525465 ], [ 38.287133229121231, 44.38733765868745 ], [ 38.237786672998361, 44.412613766446107 ], [ 38.21338620834797, 44.413787262765474 ], [ 38.191888482451581, 44.40647261924768 ], [ 38.170303456479246, 44.411038351041157 ], [ 38.143371279745089, 44.429281618419949 ], [ 38.110284424300886, 44.443807838499154 ], [ 38.095203279139, 44.475065439826594 ], [ 38.088677573758723, 44.491715357777501 ], [ 38.078968378250394, 44.500000000095532 ], [ 38.078180094012161, 44.500678406517359 ], [ 38.075320610935734, 44.503139241987888 ], [ 38.052229652814361, 44.518064098839986 ], [ 38.031037478082077, 44.52966786237684 ], [ 38.045682121965932, 44.53097860158487 ], [ 38.052251477384189, 44.538276124292985 ], [ 38.040815124316744, 44.554388899689783 ], [ 38.024075270525451, 44.557914992330062 ], [ 38.012464315509504, 44.54919641761321 ], [ 38.014886902049184, 44.538696796013198 ], [ 37.999999999601187, 44.541379827275577 ], [ 37.98633966852023, 44.543841687205841 ], [ 37.950808401966512, 44.562330392871409 ], [ 37.928022995009243, 44.58687580393461 ], [ 37.91156686781224, 44.604575010499161 ], [ 37.922173867463286, 44.612558081034258 ], [ 37.935770905944281, 44.615143454544977 ], [ 37.941183531313897, 44.620669300925783 ], [ 37.932300714900045, 44.629247855173595 ], [ 37.917044968687961, 44.645416010283554 ], [ 37.870317424724796, 44.669845381067731 ], [ 37.82664539419936, 44.709575453163964 ], [ 37.784610247733504, 44.7329617227415 ], [ 37.754076928942887, 44.730123620843635 ], [ 37.749559132495776, 44.708801124460237 ], [ 37.772104463795046, 44.682161087208279 ], [ 37.72797410652344, 44.666229260653701 ], [ 37.642201454026029, 44.687809612379006 ], [ 37.59636873988368, 44.684743339149641 ], [ 37.589341056820942, 44.686518569377824 ], [ 37.546018228395909, 44.697459237208669 ], [ 37.501625969998166, 44.714108294184371 ], [ 37.499999999570967, 44.715695226925156 ], [ 37.461729682579389, 44.753034064130269 ], [ 37.425630963735422, 44.800583130416541 ], [ 37.407668904389382, 44.848623838260174 ], [ 37.401710651299354, 44.876087447337156 ], [ 37.429646782500079, 44.888616252511547 ], [ 37.425936514899533, 44.909405753537726 ], [ 37.403696735662699, 44.933706846946023 ], [ 37.362250866056911, 44.960695926320412 ], [ 37.305200049036969, 44.987929086108977 ], [ 37.268340456249042, 45.000000000297035 ], [ 37.164231712870738, 45.031088445432488 ], [ 37.083544309110685, 45.046670182439399 ], [ 37.000000000439073, 45.056726074993016 ], [ 36.999692266368825, 45.05676311238733 ], [ 36.955300007971083, 45.066254680688395 ], [ 36.903683640890584, 45.086431788368863 ], [ 36.822865287016619, 45.098695378778878 ], [ 36.723888447278277, 45.091401858450375 ], [ 36.612536775512012, 45.112139892409772 ], [ 36.584142317565117, 45.161871474946508 ], [ 36.583989541084748, 45.186815745227577 ], [ 36.72174958733288, 45.203463461640602 ], [ 36.748769064142969, 45.180628139870997 ], [ 36.768935458940526, 45.199203514041542 ], [ 36.806714710983719, 45.218881205113796 ], [ 36.990023745678243, 45.279082383943127 ], [ 36.974069596163687, 45.319976673951331 ], [ 36.903028887626078, 45.326949623512263 ], [ 36.769328311078887, 45.309158887139056 ], [ 36.763457358064791, 45.320631789997833 ], [ 36.746782979779624, 45.353115949815006 ], [ 36.760139942602613, 45.354207161984121 ], [ 36.78591538838981, 45.339699588036382 ], [ 36.815248326195494, 45.349318367198855 ], [ 36.847265750768692, 45.374325313104293 ], [ 36.794710904727715, 45.381625998176176 ], [ 36.766774773526983, 45.409249482641073 ], [ 36.647129562206942, 45.319583601043604 ], [ 36.613846281142713, 45.311852608706261 ], [ 36.776683369875563, 45.43232647302171 ], [ 36.854533510387732, 45.44416645508484 ], [ 36.926163495785424, 45.434462212511974 ], [ 36.970446628639081, 45.402490254515186 ], [ 37.000000000439073, 45.395091034664333 ], [ 37.048951522415756, 45.382832992122538 ], [ 37.091837848664461, 45.389754529269247 ], [ 37.161350799584895, 45.372841790680781 ], [ 37.158011558654565, 45.352141115935176 ], [ 37.122807668733103, 45.334838640674938 ], [ 37.144392694705438, 45.311750686541373 ], [ 37.088193056570027, 45.296649595104718 ], [ 37.124008048819711, 45.265925239897108 ], [ 37.279730154413883, 45.293824061706061 ], [ 37.299721948161242, 45.312653419567305 ], [ 37.364040524800231, 45.318244220823544 ], [ 37.374385623325146, 45.340208943977537 ], [ 37.213119942247445, 45.356273131474971 ], [ 37.225036447529199, 45.372870879794313 ], [ 37.409611338714754, 45.362703340476266 ], [ 37.456295232639945, 45.371183690109802 ], [ 37.499999999570967, 45.386872590888764 ], [ 37.519697154888291, 45.393941935907485 ], [ 37.569960365401805, 45.41869650179968 ], [ 37.602436117619483, 45.443658041390002 ], [ 37.613566920421128, 45.478727794776567 ], [ 37.612112144632583, 45.500000000291124 ], [ 37.608328895203407, 45.555778213610097 ], [ 37.608394370709519, 45.624352568788609 ], [ 37.631594454374977, 45.651373201851555 ], [ 37.664332108617103, 45.663243526491669 ], [ 37.712740184881191, 45.671797933568691 ], [ 37.751545216859121, 45.690507936331457 ], [ 37.778761120187554, 45.716300478596338 ], [ 37.811826150163618, 45.726742467014127 ], [ 37.845960610112378, 45.747664282178619 ], [ 37.866759932706302, 45.779141476115775 ], [ 37.881950203412266, 45.82783757586715 ], [ 37.890047316447699, 45.853697228686634 ], [ 37.904495534711529, 45.89990012344483 ], [ 37.917917972142327, 45.942723576950094 ], [ 37.928153945123157, 45.97538186983116 ], [ 37.935877159574396, 46.000000000240469 ], [ 37.939241097886836, 46.010817206455904 ], [ 37.972786280077209, 46.030738837506249 ], [ 37.999999999601187, 46.04062536872754 ], [ 38.011656787561257, 46.044859643582946 ], [ 38.055765319364717, 46.045020584929802 ], [ 38.075167835353682, 46.037046091911691 ], [ 38.08472722960186, 46.020874069178866 ], [ 38.059431936028972, 46.008489373716266 ], [ 38.056805593616552, 46.000000000240469 ], [ 38.052709805028677, 45.986878088075578 ], [ 38.068773080087304, 45.973117180412416 ], [ 38.0753642609737, 45.942897883630124 ], [ 38.098324268981159, 45.963970369251143 ], [ 38.133899185572851, 45.996180717787055 ], [ 38.13395287158918, 46.000000000240469 ], [ 38.134575763407184, 46.044698701138564 ], [ 38.145051812944331, 46.07420173784687 ], [ 38.159980182524151, 46.094071138909563 ], [ 38.178073192882422, 46.102899671795257 ], [ 38.218187730491053, 46.113845661565449 ], [ 38.222072599141804, 46.154935695758404 ], [ 38.237241045277941, 46.18627657744495 ], [ 38.260004626767063, 46.22035597461403 ], [ 38.266137480907297, 46.209547990296386 ], [ 38.238877927540891, 46.1784831792543 ], [ 38.237677547454282, 46.154234809058075 ], [ 38.233836328841505, 46.112033659031773 ], [ 38.257101888013068, 46.108774827114132 ], [ 38.292327603402676, 46.082901883856636 ], [ 38.349007394650705, 46.048122276827137 ], [ 38.395298436437535, 46.038802042895149 ], [ 38.438490313850359, 46.030109535875859 ], [ 38.485392458863721, 46.033373045808069 ], [ 38.499999999631399, 46.044605957516254 ], [ 38.505144176953081, 46.048561181423061 ], [ 38.566429063825844, 46.037938707351806 ], [ 38.574788077987421, 46.049409719730079 ], [ 38.559554157243483, 46.09873406757913 ], [ 38.535895745933544, 46.109227860639521 ], [ 38.505537028193132, 46.130107156476839 ], [ 38.499999999631399, 46.131347355937059 ], [ 38.483231773450186, 46.135102980029806 ], [ 38.452720281026018, 46.129332909203583 ], [ 38.419262398911592, 46.146612088584192 ], [ 38.376921700383306, 46.152175903355726 ], [ 38.352412110188837, 46.163141239998112 ], [ 38.326025561175108, 46.172892847744095 ], [ 38.292087527744677, 46.206499197544318 ], [ 38.278970640579686, 46.24595987008891 ], [ 38.269804097571551, 46.281313128401152 ], [ 38.24688774050037, 46.313440486071833 ], [ 38.200443922233177, 46.346974826152028 ], [ 38.15561516255741, 46.373799035564126 ], [ 38.092649741587103, 46.395056965852035 ], [ 38.022787589464585, 46.402354279423569 ], [ 37.999999999601187, 46.399839443271702 ], [ 37.992625298242515, 46.399025547133107 ], [ 37.985292063117349, 46.383731102882464 ], [ 37.994589557137715, 46.358744779974081 ], [ 37.980141339772189, 46.359399399511652 ], [ 37.930467406118758, 46.398691209231608 ], [ 37.910453787801565, 46.42133432248734 ], [ 37.869378944866014, 46.473081446553515 ], [ 37.858329704600578, 46.499999999857828 ], [ 37.844782054595598, 46.533293588073285 ], [ 37.82446288421599, 46.595559582902474 ], [ 37.812197176833848, 46.633977338143481 ], [ 37.787753062145491, 46.658804952736254 ], [ 37.763723624165323, 46.672002731010672 ], [ 37.775465529295197, 46.675433038578703 ], [ 37.802048503928958, 46.664528281232585 ], [ 37.826318017567111, 46.648086671712683 ], [ 37.892426252949406, 46.631596205834597 ], [ 37.956264677374094, 46.626117739929342 ], [ 37.999999999601187, 46.623724679179219 ], [ 38.007531843252508, 46.623312549606368 ], [ 38.063425930223808, 46.63124560083422 ], [ 38.091296585918435, 46.654088588354789 ], [ 38.115391498506391, 46.674133926578335 ], [ 38.1540655803704, 46.680278887079503 ], [ 38.197519358909361, 46.682891376292616 ], [ 38.224953512427653, 46.685182673502062 ], [ 38.251296411403409, 46.691413922588232 ], [ 38.265286302022758, 46.70542064729122 ], [ 38.281371402549546, 46.71548572208318 ], [ 38.295012091068507, 46.713341581806723 ], [ 38.286369350312647, 46.692989861472995 ], [ 38.298329506530685, 46.670951699648903 ], [ 38.317710197949815, 46.653504489431789 ], [ 38.351299030178168, 46.639834768162842 ], [ 38.379802613669149, 46.635204384243295 ], [ 38.418782246697283, 46.637293218760959 ], [ 38.449992143322234, 46.629740894288389 ], [ 38.495562956338439, 46.625241133551242 ], [ 38.499999999631399, 46.627390035194722 ], [ 38.52910813942713, 46.641485250206514 ], [ 38.56758579477281, 46.641894211370257 ], [ 38.589520021947223, 46.653942564064572 ], [ 38.59587112717562, 46.678264701603894 ], [ 38.581161007785646, 46.707740157800089 ], [ 38.5550581853662, 46.723886425008196 ], [ 38.530417645057817, 46.732067094686421 ], [ 38.499999999631399, 46.73213435337243 ], [ 38.484257553384907, 46.73216916242086 ], [ 38.476684243500067, 46.743453790841961 ], [ 38.448267960085019, 46.742579098408378 ], [ 38.420462779896511, 46.73461874146691 ], [ 38.409484752676924, 46.715252350710053 ], [ 38.399750757378534, 46.712043387169246 ], [ 38.419895326707952, 46.745480106555213 ], [ 38.454051612124857, 46.819511921483425 ], [ 38.47840842583895, 46.840368571830744 ], [ 38.499999999631399, 46.851116273646433 ], [ 38.515882126718047, 46.85902058568378 ], [ 38.543949208931018, 46.848007665108483 ], [ 38.562675146187324, 46.841445386726619 ], [ 38.587206561849946, 46.841125254470377 ], [ 38.617106951945878, 46.852663338142754 ], [ 38.98750076354326, 46.85682400214484 ], [ 38.999999999661611, 46.858059398175541 ], [ 39.149988651074018, 46.872881704664536 ], [ 39.392792914796303, 46.868838644571767 ], [ 39.499999999691823, 46.871837057190945 ], [ 39.56283228674377, 46.873594298447792 ], [ 39.719645647778798, 46.945647955636232 ], [ 39.755520987052627, 47.000000000202057 ], [ 39.764168856290446, 47.013217294844402 ], [ 39.779817454640892, 47.108318001810616 ], [ 39.787036475559255, 47.210098535662333 ], [ 39.787036475559255, 47.210098535662333 ] ] ], [ [ [ 37.910890289977907, 24.090080589323616 ], [ 37.905084812469923, 24.09052663702543 ], [ 37.874093166933143, 24.082263885697344 ], [ 37.85789894086227, 24.079608645405202 ], [ 37.840569810210916, 24.086575877011388 ], [ 37.822564099928584, 24.110703328061092 ], [ 37.77190803817502, 24.166544128545517 ], [ 37.70728390947361, 24.21064727819213 ], [ 37.670552262833276, 24.231611026046711 ], [ 37.676357739442942, 24.245316205527025 ], [ 37.685808009045353, 24.254565296554471 ], [ 37.677361693909525, 24.263728862994725 ], [ 37.659355984525511, 24.26220164857439 ], [ 37.650516818149633, 24.264450041681798 ], [ 37.654990964558777, 24.271576756910225 ], [ 37.645038718172223, 24.277685049237526 ], [ 37.629521069935684, 24.292275876932607 ], [ 37.619787074637308, 24.288182981996684 ], [ 37.628779016595239, 24.278172851176077 ], [ 37.574914664025258, 24.283262847608516 ], [ 37.572819454117827, 24.275203591551389 ], [ 37.578319379563389, 24.266634762102559 ], [ 37.588555352544212, 24.249262002085569 ], [ 37.590017634655283, 24.232268739018775 ], [ 37.571990099803124, 24.234772260215315 ], [ 37.556799829097159, 24.233775101315057 ], [ 37.552391158194133, 24.249643846717841 ], [ 37.536240582161234, 24.263898552615103 ], [ 37.517121792766552, 24.266274179955019 ], [ 37.500905742125866, 24.276857901846739 ], [ 37.499999999570967, 24.279498391071193 ], [ 37.493943533670929, 24.297153246802182 ], [ 37.485366268421181, 24.33118352815049 ], [ 37.477814783106169, 24.360435821989157 ], [ 37.459568998064164, 24.377517696229845 ], [ 37.44453150204194, 24.389829609970143 ], [ 37.43508123333784, 24.402775942316218 ], [ 37.435321308995832, 24.417203906971213 ], [ 37.441672414224236, 24.425021005943208 ], [ 37.434426480073334, 24.434278020967593 ], [ 37.440864885377671, 24.437116419479121 ], [ 37.452759566089597, 24.423516940485065 ], [ 37.466072877976309, 24.425953093597045 ], [ 37.465439950179942, 24.45247230228329 ], [ 37.451188158434448, 24.480637486106229 ], [ 37.438458220578092, 24.49999999997809 ], [ 37.436237963386482, 24.503390356777327 ], [ 37.397913083622861, 24.532613733922179 ], [ 37.364717102634565, 24.554372711903895 ], [ 37.330757243735995, 24.590763719597021 ], [ 37.309237693269772, 24.617014690197724 ], [ 37.304392520190412, 24.633089596739211 ], [ 37.303650466849966, 24.646466062606407 ], [ 37.294331148259772, 24.650139028669908 ], [ 37.292279588390322, 24.639374592577436 ], [ 37.283964224266718, 24.646168823234447 ], [ 37.273051673451555, 24.667164879731711 ], [ 37.259170908376284, 24.688709191221196 ], [ 37.235818048230449, 24.70861575992712 ], [ 37.209104123482788, 24.722259875415389 ], [ 37.192909897411923, 24.729983089891753 ], [ 37.188523051977043, 24.736263149376214 ], [ 37.179683885601158, 24.774869976588597 ], [ 37.163533309568265, 24.791157569133162 ], [ 37.167309051776613, 24.794953455013275 ], [ 37.181691794534331, 24.786343622755972 ], [ 37.18022951242326, 24.805259011150106 ], [ 37.17553711582427, 24.811577628076396 ], [ 37.163293233011949, 24.808821224716482 ], [ 37.157182204339861, 24.802057171747411 ], [ 37.133414668384155, 24.838862676368002 ], [ 37.139351096006045, 24.850181961359912 ], [ 37.149543418948909, 24.85543850191819 ], [ 37.164319012946677, 24.850139569177539 ], [ 37.187802823206418, 24.850796649222836 ], [ 37.210697355707758, 24.865103164188636 ], [ 37.203516897062975, 24.877119343051369 ], [ 37.200832409397158, 24.893647605678947 ], [ 37.206637886905142, 24.917885012165815 ], [ 37.221391655434765, 24.935106746082621 ], [ 37.237629531543597, 24.946311217317589 ], [ 37.250135315482062, 24.965265395462531 ], [ 37.254587636423054, 24.988853400884562 ], [ 37.249279698920027, 25.000000000323112 ], [ 37.242540180129076, 25.013062193577159 ], [ 37.235032344852037, 25.029258534432184 ], [ 37.23164945388374, 25.045765246896256 ], [ 37.230972876049407, 25.062465018739868 ], [ 37.235861698268423, 25.081447227325022 ], [ 37.250899194290646, 25.087149120791544 ], [ 37.252426951009511, 25.10208602623748 ], [ 37.242452879154825, 25.138102739231659 ], [ 37.232347857186213, 25.166244911629992 ], [ 37.222657511925803, 25.175825803969254 ], [ 37.209606100266924, 25.17732823777191 ], [ 37.144370869237292, 25.246107910041555 ], [ 37.106962643864314, 25.30034703924434 ], [ 37.071082176108519, 25.371277079391227 ], [ 37.065909626396895, 25.38292584978802 ], [ 37.061784682088152, 25.417573252418027 ], [ 37.054058595722942, 25.421428833246619 ], [ 37.043517071578002, 25.429704281198905 ], [ 37.036358438401358, 25.441230535526461 ], [ 37.054014945684976, 25.428789141973876 ], [ 37.062766811984915, 25.436908320596597 ], [ 37.058729167752112, 25.459822058652271 ], [ 37.040636158292152, 25.480298574475615 ], [ 37.005808646305063, 25.499999999777721 ], [ 37.005235841852347, 25.500325366276865 ], [ 37.000000000439073, 25.514092197890907 ], [ 36.997640706499368, 25.52029507188308 ], [ 36.979984198317432, 25.570692886381639 ], [ 36.974069596163687, 25.622162469919022 ], [ 36.941222817275786, 25.661725702103119 ], [ 36.893338542365669, 25.667794664434563 ], [ 36.838884912037294, 25.703733690857973 ], [ 36.764745039125664, 25.819319654459367 ], [ 36.750755148506315, 25.818228281750038 ], [ 36.759354239224194, 25.782460713760987 ], [ 36.745233397592614, 25.786398604840862 ], [ 36.702936349102309, 25.822515758904409 ], [ 36.697916575871055, 25.847126738129745 ], [ 36.680718395333606, 25.880108632466726 ], [ 36.657932988376345, 25.887607646705536 ], [ 36.658522266134732, 25.90472696744456 ], [ 36.69560311487546, 25.952994206416911 ], [ 36.687025849625719, 25.995948659150702 ], [ 36.683350785204524, 25.999999999598952 ], [ 36.660071848321742, 26.025769727672518 ], [ 36.60164604926667, 26.032549256235633 ], [ 36.549025727719588, 26.047748027372261 ], [ 36.509827843603297, 26.093371442597622 ], [ 36.500000000408861, 26.11875245916362 ], [ 36.490730878778436, 26.142685435367472 ], [ 36.487151562190114, 26.231498978784064 ], [ 36.407533588402764, 26.378986145210707 ], [ 36.347929234729229, 26.495776643597086 ], [ 36.345217825452664, 26.499999999798675 ], [ 36.253426541400025, 26.643513027016343 ], [ 36.215494512876454, 26.658073006968682 ], [ 36.197554278998552, 26.697137559247277 ], [ 36.144912131983325, 26.710890836072238 ], [ 36.091680707209697, 26.802633875766869 ], [ 36.061081913811286, 26.889510981767405 ], [ 36.05970693267448, 26.913678061659144 ], [ 36.041526622240262, 26.927054365384805 ], [ 36.032905706952562, 26.90524646682071 ], [ 36.009661973249131, 26.910990925049827 ], [ 36.008221515707888, 26.952459088097932 ], [ 36.000000000378648, 26.962637448655883 ], [ 35.992703868369674, 26.971669390528341 ], [ 35.987684095138427, 26.985097118147049 ], [ 35.979041354382574, 26.98324846926187 ], [ 35.94457951780155, 26.996168910419456 ], [ 35.939059982133351, 27.000000000039481 ], [ 35.859221542012335, 27.055650273747101 ], [ 35.838313093874341, 27.077331500758888 ], [ 35.819652631225814, 27.089127432604954 ], [ 35.798373157315908, 27.109318216674637 ], [ 35.776111552610921, 27.147151377750863 ], [ 35.766159306224374, 27.173049282339719 ], [ 35.769694972774722, 27.188503164452126 ], [ 35.784907068948833, 27.193380834430759 ], [ 35.798984259644129, 27.195448901397281 ], [ 35.806535744959135, 27.202530761852206 ], [ 35.793855360868797, 27.222447275760988 ], [ 35.741824317080102, 27.281941284760851 ], [ 35.732526823059743, 27.302584093196089 ], [ 35.720806743398015, 27.338383049804605 ], [ 35.701142326282906, 27.35517744457243 ], [ 35.638220555350557, 27.386577225602377 ], [ 35.589659702606106, 27.450186745296698 ], [ 35.562574751188215, 27.486832520731387 ], [ 35.555627633531735, 27.499999999953697 ], [ 35.544918243006279, 27.520388704619343 ], [ 35.526585156990016, 27.598097487418077 ], [ 35.523404133635736, 27.600539068960881 ], [ 35.624841767957747, 27.612722709172083 ], [ 36.000000000378648, 27.516273283585281 ], [ 36.0212292773288, 27.51081288969533 ], [ 36.037614345091882, 27.499999999953697 ], [ 36.402535640639663, 27.260007708635278 ], [ 36.500000000408861, 27.1567715539563 ], [ 36.647832808327124, 27.000000000039481 ], [ 36.993995914404934, 26.633694716576397 ], [ 37.000000000439073, 26.627211387999143 ], [ 37.117738513314059, 26.499999999798675 ], [ 37.499999999570967, 26.087822987468495 ], [ 37.58127227575126, 25.999999999598952 ], [ 37.99197054497801, 25.557099306583673 ], [ 37.999999999601187, 25.550875220579776 ], [ 38.065616376822717, 25.499999999777721 ], [ 38.499999999631399, 25.164073915564263 ], [ 38.567978646012854, 25.111418215518661 ], [ 38.747759326443429, 25.000000000323112 ], [ 38.839832120946546, 24.938135655493699 ], [ 38.999999999661611, 24.882133257202209 ], [ 39.499999999691823, 24.707144176370587 ], [ 39.505432267623434, 24.705241631901703 ], [ 39.650638457346474, 24.49999999997809 ], [ 39.691382139945802, 24.442581212488104 ], [ 39.896712702788989, 24.127182114010211 ], [ 39.945804727564315, 23.999999999771369 ], [ 39.999999999722029, 23.86000066208705 ], [ 40.09056108770546, 23.625712623196772 ], [ 40.102897858114787, 23.500000000390163 ], [ 40.139339021033273, 23.12938166615525 ], [ 40.145910323100743, 22.999999999937117 ], [ 40.162625846022564, 22.671559534753012 ], [ 40.230860622752779, 22.499999999656861 ], [ 40.338029982897936, 22.231100441847346 ], [ 40.440354767343393, 22.000000000301405 ], [ 40.499999999752248, 21.865595493443866 ], [ 40.626703681196432, 21.579657207015899 ], [ 40.677338292079334, 21.49999999987325 ], [ 40.935521465530726, 21.094562706714456 ], [ 40.928241930794933, 20.99999999958332 ], [ 40.889697926780684, 20.499999999651138 ], [ 40.873692434954386, 20.292571634325927 ], [ 40.687856150108118, 20.126978262717451 ], [ 40.801206466482022, 20.000000000030731 ], [ 40.99999999978246, 19.777055670377937 ], [ 41.095299204121261, 19.670066605830318 ], [ 40.99999999978246, 19.670066605830318 ], [ 40.774346954471206, 19.670066605830318 ], [ 40.7719899000315, 19.716136968508909 ], [ 40.755315921496624, 19.774301832734892 ], [ 40.731287061133195, 19.818384707299245 ], [ 40.705250338548986, 19.805259003930342 ], [ 40.685695516796855, 19.809981830102092 ], [ 40.66343444658947, 19.809513809114627 ], [ 40.666729957531764, 19.789323735816712 ], [ 40.678951722025161, 19.775046577916793 ], [ 40.659004057117812, 19.783706647582882 ], [ 40.649008400543487, 19.811704988244138 ], [ 40.63218165001981, 19.82191590842093 ], [ 40.625568802667075, 19.839868499892667 ], [ 40.608851175890869, 19.876086491127577 ], [ 40.594948919520739, 19.889163744205256 ], [ 40.560226015450169, 19.895223563961416 ], [ 40.568082863283081, 19.917823558540164 ], [ 40.563958018687337, 19.941674381834776 ], [ 40.54673842590676, 19.968369375891957 ], [ 40.499999999752248, 19.979370111635934 ], [ 40.495363367871143, 19.980461384639135 ], [ 40.469187501639318, 20.000000000030731 ], [ 40.454398635033229, 20.011037861817258 ], [ 40.418104361036733, 20.064484437848034 ], [ 40.38936139089558, 20.072024107110551 ], [ 40.360814842781188, 20.087038635848302 ], [ 40.34689076184123, 20.107742282001286 ], [ 40.341216370991091, 20.131330442652224 ], [ 40.325022533890738, 20.14438624754461 ], [ 40.304703851296324, 20.145787292775537 ], [ 40.310945680962, 20.167395741065771 ], [ 40.312298804291309, 20.193394034860031 ], [ 40.284952607517432, 20.202200625104201 ], [ 40.245100927740722, 20.204577256778428 ], [ 40.228950739780032, 20.215780884974048 ], [ 40.210530795658947, 20.246310869409417 ], [ 40.192350921805961, 20.250383903773862 ], [ 40.173014344853804, 20.279401145292514 ], [ 40.141499654344521, 20.303026625657083 ], [ 40.094162143523661, 20.312208615567585 ], [ 40.0473702478468, 20.305062402974475 ], [ 40.023996123679879, 20.303387129660223 ], [ 40.019194716521156, 20.28485187194444 ], [ 39.999999999722029, 20.289331544266727 ], [ 39.99756650134659, 20.289899452360181 ], [ 39.980019118708746, 20.302348027483195 ], [ 39.957364662763716, 20.318230683861664 ], [ 39.937241918004133, 20.323404384963208 ], [ 39.938311347976828, 20.307861552887939 ], [ 39.962624512551265, 20.281203936592945 ], [ 39.950664356333228, 20.277810430471927 ], [ 39.930825338167928, 20.283727808104572 ], [ 39.904504264660311, 20.294247025146184 ], [ 39.836671846939119, 20.34119294446716 ], [ 39.769450531546141, 20.375810028785128 ], [ 39.700876059586186, 20.412517174036779 ], [ 39.642122883898878, 20.45627018445316 ], [ 39.608021723599371, 20.499999999651138 ], [ 39.605238460778168, 20.503580375086162 ], [ 39.499999999691823, 20.646935968224174 ], [ 39.49475979336458, 20.65407060286821 ], [ 39.390457628332562, 20.807421421972304 ], [ 39.299577902527972, 20.989950786408219 ], [ 39.29029263098537, 20.99999999958332 ], [ 39.238445791237254, 21.056290346797287 ], [ 39.185017939945297, 21.144161750397814 ], [ 39.107320575913484, 21.254679937341653 ], [ 39.098175858373502, 21.298795900113166 ], [ 39.089860494249898, 21.309716776182171 ], [ 39.092239429853301, 21.325449873763159 ], [ 39.107320575913484, 21.326297971143983 ], [ 39.102999205984716, 21.333336985003402 ], [ 39.113999056875826, 21.329414685289514 ], [ 39.123340200934152, 21.33075039894198 ], [ 39.136260661580813, 21.343174070356259 ], [ 39.151014431008754, 21.359984612691669 ], [ 39.157692911971097, 21.388174457810578 ], [ 39.158216714223371, 21.397668747418535 ], [ 39.152280286601481, 21.444749509657687 ], [ 39.1517564843492, 21.456316058511899 ], [ 39.142764542391269, 21.455638191337492 ], [ 39.136959064883285, 21.46108222370254 ], [ 39.14114948469814, 21.465318681779397 ], [ 39.152694963309671, 21.46470440309383 ], [ 39.148853745595218, 21.487176828928963 ], [ 39.142197089202703, 21.499819996573777 ], [ 39.14207657032587, 21.49999999987325 ], [ 39.136086060530616, 21.508978118579655 ], [ 39.122008869835327, 21.517010137309025 ], [ 39.109699512415204, 21.522258330490615 ], [ 39.110703466881787, 21.533455251295369 ], [ 39.103653958350918, 21.53815047394 ], [ 39.094574716317034, 21.53311531937301 ], [ 39.093374335332115, 21.524616768118033 ], [ 39.085691899004871, 21.523618155331324 ], [ 39.078009463575938, 21.552723807962884 ], [ 39.077922162601688, 21.596498628550801 ], [ 39.074953949239898, 21.669363223555983 ], [ 39.071483758195662, 21.695001349981812 ], [ 39.071287331677318, 21.712614275043947 ], [ 39.079297144636818, 21.726236270320072 ], [ 39.092479506409603, 21.730840295273463 ], [ 39.099398063928255, 21.742911890277483 ], [ 39.105203540537914, 21.756700681053662 ], [ 39.094247339684777, 21.750591351174531 ], [ 39.077834862525748, 21.730097720474831 ], [ 39.064761626297042, 21.717070211913754 ], [ 39.050640784665461, 21.787752375726349 ], [ 39.048492806819922, 21.793603341577889 ], [ 39.042652797174107, 21.809509959206999 ], [ 39.030147014133966, 21.827363100747917 ], [ 39.007667158340816, 21.849559765487481 ], [ 38.999999999661611, 21.858054769564422 ], [ 38.994332020985958, 21.864334408507894 ], [ 38.972354142875261, 21.894324084210545 ], [ 38.962467371096515, 21.931214288187562 ], [ 38.972921595165509, 21.916891611413018 ], [ 38.983659545828793, 21.902525096586313 ], [ 38.999504569799271, 21.897036616682087 ], [ 38.999999999661611, 21.896332587936179 ], [ 39.012970658166338, 21.877899433432447 ], [ 39.014716666871685, 21.858229721284271 ], [ 39.042172644959798, 21.832387865900724 ], [ 39.061618811885054, 21.840952876038788 ], [ 39.055071281036632, 21.857890564813381 ], [ 39.045184509257872, 21.84894500499799 ], [ 39.041845268327549, 21.888475008245354 ], [ 39.026371271027301, 21.930451578365247 ], [ 39.009653242704161, 21.951149195060918 ], [ 38.999999999661611, 21.961130595869292 ], [ 38.999635520811495, 21.961507451618825 ], [ 38.996514530969336, 21.981480419056052 ], [ 38.999999999661611, 21.981705901639032 ], [ 39.013865487088836, 21.982602887647133 ], [ 39.019823740178872, 21.993382363467298 ], [ 39.020148772208238, 22.000000000301405 ], [ 39.021155071277718, 22.020559411748426 ], [ 39.03730564731061, 22.040212876046407 ], [ 39.053150672179392, 22.044525644514987 ], [ 39.046384890242798, 22.061159366151706 ], [ 39.050378883539317, 22.073543086443348 ], [ 39.056860938881627, 22.099581426995659 ], [ 39.04472618251171, 22.124340953192224 ], [ 39.032744200825533, 22.091957326028595 ], [ 39.013232559292476, 22.052216066178456 ], [ 39.016026172502379, 22.070314504107792 ], [ 39.039793709356395, 22.133300863446916 ], [ 39.042609147136133, 22.148183232203859 ], [ 39.060047404229898, 22.171703045818933 ], [ 39.07735471031144, 22.192184118857693 ], [ 39.081414179114077, 22.220131132505415 ], [ 39.078860642460469, 22.23695604198311 ], [ 39.064674326221102, 22.228448367360514 ], [ 39.067380638456747, 22.275223507511342 ], [ 39.075608702504404, 22.309048729293728 ], [ 39.085080796676642, 22.31280186385829 ], [ 39.093679886496219, 22.328364621965271 ], [ 39.115395863480778, 22.322004033813208 ], [ 39.120262861129966, 22.349352481177085 ], [ 39.115199437860753, 22.365250246307678 ], [ 39.104788863829718, 22.370824627964275 ], [ 39.086848629951824, 22.362579549970722 ], [ 39.091781103107131, 22.348843722782721 ], [ 39.083814940185604, 22.340067337705275 ], [ 39.068799270529837, 22.339685742958601 ], [ 39.064805276335008, 22.366246445292699 ], [ 39.070610753842985, 22.38739807217085 ], [ 39.078424140284135, 22.39822695502869 ], [ 39.076219804832633, 22.460174633256344 ], [ 39.071341240475832, 22.499999999656861 ], [ 39.068340942885357, 22.524576367339705 ], [ 39.06120413427854, 22.552494345823174 ], [ 39.042718272680226, 22.593128798063265 ], [ 39.018077732371843, 22.647975625726705 ], [ 38.999999999661611, 22.668975402350679 ], [ 38.993480842101427, 22.6765475049882 ], [ 38.991778484332372, 22.689854936617085 ], [ 38.999999999661611, 22.688270002251006 ], [ 39.011704802573611, 22.686013531528786 ], [ 39.022508227844696, 22.690427954897491 ], [ 39.030496215336051, 22.718227023707755 ], [ 39.02388320987982, 22.728644898826229 ], [ 39.006772329418311, 22.715723218984916 ], [ 38.999999999661611, 22.716626097141923 ], [ 38.989901525513112, 22.717972401869144 ], [ 38.981215134719285, 22.703139840550694 ], [ 38.936517325157432, 22.756881577651587 ], [ 38.906442334011302, 22.79556748269351 ], [ 38.884813657102669, 22.831931441664459 ], [ 38.85262163147928, 22.868391551052625 ], [ 38.832586187693948, 22.899565574372886 ], [ 38.81693758934351, 22.916770701502838 ], [ 38.810411883064916, 22.932702544942032 ], [ 38.792056972478818, 22.938040982840093 ], [ 38.796072791243482, 22.948018207216283 ], [ 38.825362078112882, 22.934376125287919 ], [ 38.884268029382248, 22.871019687732339 ], [ 38.894176626629154, 22.8427221201481 ], [ 38.914648572590821, 22.809690163381624 ], [ 38.932938007670792, 22.804940357937834 ], [ 38.955439688932096, 22.823896170187997 ], [ 38.929817018726958, 22.841450179723903 ], [ 38.898759897684052, 22.88659670337513 ], [ 38.878549852848529, 22.942722533440357 ], [ 38.88490095807694, 22.96271789996635 ], [ 38.863621483268709, 22.974811104638619 ], [ 38.833197290022177, 22.971952039485785 ], [ 38.811895990644118, 22.97841132124249 ], [ 38.816282836079004, 22.989084336143545 ], [ 38.803515151014409, 22.984997350027271 ], [ 38.79930290662972, 22.995818061490223 ], [ 38.789285183838743, 22.997766119924734 ], [ 38.778983736250112, 22.986882038050457 ], [ 38.790572864899616, 22.967652737084158 ], [ 38.780140466298754, 22.963586275168989 ], [ 38.772523505477629, 22.979872558601535 ], [ 38.761091769750742, 22.999999999937117 ], [ 38.751091255087346, 23.01767112720189 ], [ 38.755390800446285, 23.03547802355132 ], [ 38.773396509830306, 23.050032012495688 ], [ 38.791969671504567, 23.090456132306777 ], [ 38.791140318088175, 23.124221981481799 ], [ 38.774815141005085, 23.155368135467356 ], [ 38.743976271948668, 23.197691384956087 ], [ 38.715778239621791, 23.248232295083078 ], [ 38.692621805994307, 23.291946653634128 ], [ 38.673306590081289, 23.319957782773315 ], [ 38.660778981572996, 23.344634860743895 ], [ 38.67557640103891, 23.347432999060416 ], [ 38.669247121278659, 23.358222233182975 ], [ 38.654929854027046, 23.361634753541541 ], [ 38.639870533435001, 23.405226649498218 ], [ 38.622803303011452, 23.451960021125721 ], [ 38.607582185955266, 23.500000000390163 ], [ 38.60484124456373, 23.508682167599826 ], [ 38.598599264879418, 23.528616018383339 ], [ 38.580593555495398, 23.538135586074763 ], [ 38.579043973308387, 23.554878135223252 ], [ 38.580899106659501, 23.582218245113502 ], [ 38.567214768102581, 23.580603915401575 ], [ 38.555800239604963, 23.569260557899376 ], [ 38.556826018641381, 23.581198671137827 ], [ 38.541963124567665, 23.584512258931483 ], [ 38.542901603528144, 23.55950957725948 ], [ 38.56712746712833, 23.546719598925179 ], [ 38.568960775909609, 23.529041014041159 ], [ 38.528387910656505, 23.549226704002532 ], [ 38.522669734122786, 23.56443826847342 ], [ 38.516493229944587, 23.589376281998149 ], [ 38.506126305951518, 23.607917370726788 ], [ 38.499999999631399, 23.615352197522718 ], [ 38.48238059456564, 23.636732561807303 ], [ 38.467168498391544, 23.661890177884597 ], [ 38.450297694486338, 23.697123840112582 ], [ 38.449359214627556, 23.731944776020867 ], [ 38.453898836542798, 23.754050445103594 ], [ 38.417690991256443, 23.802406617365168 ], [ 38.393792504288506, 23.809510048672568 ], [ 38.376637973789023, 23.810782263797126 ], [ 38.367013104034726, 23.830584782010082 ], [ 38.342307088220231, 23.86363164185466 ], [ 38.317622896975557, 23.879653862068611 ], [ 38.30158144648675, 23.881582327604978 ], [ 38.287264180133455, 23.888490657210781 ], [ 38.275915126243639, 23.90753960998034 ], [ 38.259830025716859, 23.931436837732662 ], [ 38.241147738498519, 23.940947876655358 ], [ 38.220585615157049, 23.948776147278021 ], [ 38.211160047428315, 23.952364424606806 ], [ 38.186606808094197, 23.960582011145263 ], [ 38.120192386438873, 23.999999999771369 ], [ 38.113645490699362, 24.003900317467174 ], [ 38.082413768606266, 24.039815871176597 ], [ 38.074011104406722, 24.042918158485833 ], [ 38.059759312661228, 24.034567307993527 ], [ 38.03529337340305, 24.036968499682153 ], [ 38.008710398769288, 24.057918562441039 ], [ 37.999999999601187, 24.062116979445189 ], [ 37.974946964592434, 24.074191782954948 ], [ 37.961262626035506, 24.078865168488495 ], [ 37.951528629838812, 24.081414214524212 ], [ 37.954213117504629, 24.095220659222878 ], [ 37.970058142373418, 24.092417010354751 ], [ 37.974379512302185, 24.102611799234115 ], [ 37.984528185207076, 24.109344156908787 ], [ 37.96942521367874, 24.107156710947425 ], [ 37.964121713853203, 24.100084417569601 ], [ 37.952576235241679, 24.103440089178285 ], [ 37.95050981274585, 24.115379812069509 ], [ 37.949411595361553, 24.121724815250957 ], [ 37.94703265885984, 24.136227545114984 ], [ 37.9290705995138, 24.135866588978477 ], [ 37.924771055053171, 24.123890775449947 ], [ 37.943780718903767, 24.121385053828561 ], [ 37.945090224534461, 24.111935064366257 ], [ 37.946159655405488, 24.104289612671696 ], [ 37.946487031139419, 24.092863049832605 ], [ 37.945002924458521, 24.080776957819801 ], [ 37.939524823582808, 24.08092565147475 ], [ 37.924159951826631, 24.089061046766854 ], [ 37.910890289977907, 24.090080589323616 ] ] ], [ [ [ 6.482206942897758, 33.336180078928102 ], [ 6.500000000392768, 33.317763645785853 ], [ 6.609925899377715, 33.203899452029745 ], [ 6.650822689935771, 33.150231138654497 ], [ 6.693193226904531, 33.087074002842151 ], [ 6.720569423815612, 33.025943574943376 ], [ 6.729034183160855, 33.000000000021366 ], [ 6.730657184656043, 32.995053178214881 ], [ 6.737427130283996, 32.964501996971173 ], [ 6.739186610125346, 32.935408655552514 ], [ 6.734318435683105, 32.894855763955633 ], [ 6.72788177580537, 32.852304131426983 ], [ 6.704203488371466, 32.782828424668274 ], [ 6.669720779434803, 32.699631156050224 ], [ 6.630899118742665, 32.617619591083532 ], [ 6.580376724506742, 32.521824389617521 ], [ 6.567916050368598, 32.499999999859085 ], [ 6.525315959708756, 32.425765207006108 ], [ 6.500000000392768, 32.384240605091435 ], [ 6.477086881748193, 32.346640651881643 ], [ 6.425618461805078, 32.266992343423176 ], [ 6.37527977214645, 32.1943266458644 ], [ 6.317190990443257, 32.11609537679022 ], [ 6.260610149522086, 32.046043077263931 ], [ 6.217346588346238, 32.000000000137092 ], [ 6.211623770217444, 31.993941215528213 ], [ 6.157773260685997, 31.946473774544771 ], [ 6.11211792787964, 31.915161108494026 ], [ 6.081298404941189, 31.908810471659194 ], [ 6.030313528352588, 31.903927595389277 ], [ 6.000000000362556, 31.899066556972645 ], [ 5.953242297260329, 31.891568045125485 ], [ 5.866412165976769, 31.878805549793096 ], [ 5.698268637232474, 31.856815286684331 ], [ 5.644271571155667, 31.851976694712075 ], [ 5.590320010137918, 31.848464331615368 ], [ 5.539577531352314, 31.847581411971294 ], [ 5.500000000332335, 31.848710806356063 ], [ 5.486966045634362, 31.849082743555684 ], [ 5.437561302037293, 31.853279063120922 ], [ 5.394779677129897, 31.861476702070171 ], [ 5.353815229057919, 31.873791673025178 ], [ 5.318333321335802, 31.889959815005639 ], [ 5.291285460457662, 31.91113939140844 ], [ 5.277680756652364, 31.92808042709715 ], [ 5.269827103228611, 31.958608462862955 ], [ 5.266535354430718, 31.999187984145848 ], [ 5.266577340788791, 32.000000000137092 ], [ 5.269588567283012, 32.058539581076559 ], [ 5.284873566234012, 32.140546576954563 ], [ 5.307436466783568, 32.23387262307255 ], [ 5.334033657256704, 32.326440548886254 ], [ 5.368487384745671, 32.43038696264933 ], [ 5.393123111880758, 32.499999999859085 ], [ 5.405313987803107, 32.534621328551985 ], [ 5.467560882310262, 32.698645143782009 ], [ 5.500000000332335, 32.779144556688017 ], [ 5.570199090754972, 32.953095782191184 ], [ 5.591395002478849, 33.000000000021366 ], [ 5.668586410189799, 33.17158113044718 ], [ 6.000000000362556, 33.388212000397075 ], [ 6.002314662405679, 33.389723086542368 ], [ 6.140667851862854, 33.418041841229666 ], [ 6.275313192882566, 33.418041841229666 ], [ 6.290648076179616, 33.416598738082513 ], [ 6.332903677301017, 33.400343123630847 ], [ 6.375359386236812, 33.382891477493231 ], [ 6.38864812830218, 33.377026967907781 ], [ 6.482206942897758, 33.336180078928102 ] ] ], [ [ [ 34.572239840253992, 35.662461559859089 ], [ 34.558621005949263, 35.631783947171215 ], [ 34.544434720252603, 35.624922514543854 ], [ 34.500000000288011, 35.614144413996513 ], [ 34.49862393039308, 35.613810610917888 ], [ 34.459731682780841, 35.600223407715873 ], [ 34.440634760176806, 35.590606442549792 ], [ 34.42865280454177, 35.579576857549455 ], [ 34.416125223881259, 35.567918331402758 ], [ 34.376185373561093, 35.54979106515151 ], [ 34.310819334351365, 35.520220806735004 ], [ 34.28283554932144, 35.500000000299181 ], [ 34.273214765105052, 35.493090461251207 ], [ 34.201541285077944, 35.472874972758795 ], [ 34.16753784980326, 35.459973215667141 ], [ 34.127074199027447, 35.43995748845753 ], [ 34.10027303169602, 35.418930364357486 ], [ 34.07971382967586, 35.385383070005531 ], [ 34.074934142882398, 35.370730999017681 ], [ 34.073515514402558, 35.361025128279145 ], [ 34.066160470877243, 35.350345573609786 ], [ 34.051515859332739, 35.343520331915194 ], [ 34.031807834400482, 35.338639839968536 ], [ 34.000859907173634, 35.340550388505612 ], [ 34.000000000257799, 35.340271023169507 ], [ 33.983378038669457, 35.334870716095494 ], [ 33.971505208578499, 35.327523019782824 ], [ 33.946777421194788, 35.266492014999955 ], [ 33.939182302909792, 35.235124327635134 ], [ 33.939356903061672, 35.201413027474025 ], [ 33.960570856549708, 35.143942563883435 ], [ 34.000000000257799, 35.082728097374094 ], [ 34.004526516651374, 35.075697629153233 ], [ 34.059154628554012, 35.050461327390558 ], [ 34.085170093405345, 35.002058125716147 ], [ 34.086597283728153, 34.999999999650299 ], [ 34.094882242574329, 34.987253324748131 ], [ 34.089120428579051, 34.977147602915707 ], [ 34.096082620864316, 34.960190240865444 ], [ 34.049289703802977, 34.976384504570966 ], [ 34.006599896599084, 34.984480425070601 ], [ 34.000000000257799, 34.983334998473516 ], [ 33.969497303238597, 34.97804097672234 ], [ 33.934664516344149, 34.960134392458308 ], [ 33.916156869701879, 34.958291391226929 ], [ 33.873838088269892, 34.976905645139638 ], [ 33.822854760376849, 34.979939364520128 ], [ 33.7638398129208, 34.971507951038269 ], [ 33.730098277873928, 34.949615691199078 ], [ 33.672872984669617, 34.900094349406103 ], [ 33.656678794531359, 34.849200694547363 ], [ 33.630226827503698, 34.826305893875222 ], [ 33.588781048627759, 34.819033399554499 ], [ 33.555039514479219, 34.795290724307165 ], [ 33.504972838281873, 34.773780209375744 ], [ 33.500000000227594, 34.772412662844644 ], [ 33.430745827889368, 34.753365172284703 ], [ 33.33936432382832, 34.708523796677753 ], [ 33.233119957134583, 34.686934435816582 ], [ 33.207344567042945, 34.669430931247611 ], [ 33.110659574834457, 34.659528683316765 ], [ 33.026567638792599, 34.599641367909378 ], [ 33.024363308730976, 34.578098191098334 ], [ 33.044355058460894, 34.53855030548133 ], [ 33.033726256697889, 34.537408860289197 ], [ 33.000000000197382, 34.542424918856831 ], [ 32.986169462624588, 34.544481826721857 ], [ 32.95539613554962, 34.543770815573922 ], [ 32.957644116547534, 34.570410849537282 ], [ 32.952711654172013, 34.604390580890701 ], [ 32.943261405230842, 34.626749333078273 ], [ 32.930275497824162, 34.646635287618807 ], [ 32.897668865561172, 34.657379924573917 ], [ 32.849260894399976, 34.661098175143955 ], [ 32.790595147247686, 34.650821191974998 ], [ 32.760934898386758, 34.63646863384821 ], [ 32.726931463112074, 34.638318909474926 ], [ 32.647357313635865, 34.65612801268869 ], [ 32.570467645537256, 34.685421473152068 ], [ 32.511539997258829, 34.718009365200516 ], [ 32.500000000167162, 34.72644628699404 ], [ 32.44187442257163, 34.768928833710262 ], [ 32.425483806813347, 34.849685368086874 ], [ 32.386569734631287, 34.867579002277111 ], [ 32.387617337339208, 34.902851500891238 ], [ 32.36099077015966, 34.921720577553998 ], [ 32.362562174221551, 34.954828669690542 ], [ 32.344104914083566, 34.999999999650299 ], [ 32.307563036547002, 35.083765310524164 ], [ 32.314874429136026, 35.117055579266086 ], [ 32.35507618058233, 35.095786926840184 ], [ 32.414069303468565, 35.072351831660171 ], [ 32.47751473741431, 35.081639563407464 ], [ 32.500000000167162, 35.114017951615907 ], [ 32.549122741935321, 35.184708700024395 ], [ 32.586399935447695, 35.207937213966034 ], [ 32.636117410442957, 35.226810881941155 ], [ 32.704560781372031, 35.226445626916565 ], [ 32.761742425436694, 35.22534985262628 ], [ 32.818705817514868, 35.204875261596044 ], [ 32.868597892662009, 35.174667035272577 ], [ 32.919079244669234, 35.194992711524037 ], [ 32.938765444133345, 35.237593847114191 ], [ 32.928769569268397, 35.348886791915092 ], [ 32.901400950545025, 35.393228810517478 ], [ 32.925037484284537, 35.396248867541992 ], [ 33.000000000197382, 35.373479406324051 ], [ 33.002189052610959, 35.372814395123882 ], [ 33.179212072205935, 35.348817325387039 ], [ 33.243617808783675, 35.346889607948881 ], [ 33.392159130542929, 35.333394282678874 ], [ 33.500000000227594, 35.336055332980145 ], [ 33.520272202192572, 35.336555554157783 ], [ 33.608816449293954, 35.347393250118266 ], [ 33.671061504949733, 35.369446210326863 ], [ 33.731298656163915, 35.394166081958261 ], [ 33.754585989599654, 35.409299757649286 ], [ 33.777524121833324, 35.41200685643097 ], [ 33.805416541910645, 35.408865919634977 ], [ 33.853082461528025, 35.413395076666276 ], [ 34.000000000257799, 35.454464541001585 ], [ 34.003762639639419, 35.455516075118616 ], [ 34.104535298767303, 35.500000000299181 ], [ 34.106122145767237, 35.500704693004415 ], [ 34.147677050187255, 35.528660610516575 ], [ 34.166992223879468, 35.545537530754338 ], [ 34.177904751338438, 35.556519552519404 ], [ 34.209005454147338, 35.558942365644313 ], [ 34.232947539050954, 35.560423905900976 ], [ 34.254816244006861, 35.57591741429934 ], [ 34.276226622216605, 35.579873090830823 ], [ 34.298640953994621, 35.586964932496407 ], [ 34.313067315349272, 35.602174534337522 ], [ 34.32727542561576, 35.604804994070385 ], [ 34.343709691412009, 35.605745666951613 ], [ 34.393950967761235, 35.617050292292646 ], [ 34.424767944874176, 35.635789077377453 ], [ 34.441573237340648, 35.641065091935154 ], [ 34.456676174733005, 35.639289046729033 ], [ 34.500000000288011, 35.648060907852027 ], [ 34.561589213022849, 35.660529325785589 ], [ 34.572239840253992, 35.662461559859089 ] ] ], [ [ [ 24.070798295116802, 35.543829079877462 ], [ 24.072522474760746, 35.533037097997372 ], [ 24.052770799790519, 35.513838046772761 ], [ 24.047783230263892, 35.500000000299181 ], [ 24.046572484517213, 35.496661446760385 ], [ 24.053643802346564, 35.4886005004278 ], [ 24.078262464186196, 35.477123078687001 ], [ 24.116107108192189, 35.471349067744505 ], [ 24.120361185323024, 35.473428942888162 ], [ 24.121192346149765, 35.472268082627281 ], [ 24.143781278079661, 35.463250876062311 ], [ 24.151812898540996, 35.47174788667278 ], [ 24.189024616547258, 35.481700375883811 ], [ 24.200570070005956, 35.471765226421205 ], [ 24.211046097085219, 35.423285445776671 ], [ 24.206681086101632, 35.364619389479572 ], [ 24.222438774961862, 35.351821694528844 ], [ 24.284290980275905, 35.343120872335454 ], [ 24.325802234657953, 35.356267258814952 ], [ 24.396144386281172, 35.371790065326387 ], [ 24.407187863854055, 35.373595654858299 ], [ 24.431981125845571, 35.37767544340106 ], [ 24.464173081400372, 35.366442503489019 ], [ 24.499999999683769, 35.370851798721631 ], [ 24.524693958310522, 35.373890795602279 ], [ 24.599488420993268, 35.387414010220454 ], [ 24.643618681246817, 35.414227996637862 ], [ 24.852920956472531, 35.39095501383968 ], [ 24.885505763267386, 35.400223367094043 ], [ 24.923830558589369, 35.38611213189359 ], [ 24.972915106686585, 35.380730807802202 ], [ 24.988389070749168, 35.397116678972061 ], [ 24.999999999713978, 35.394388563478628 ], [ 25.025840921007287, 35.388316634082777 ], [ 25.048539027888612, 35.369394124370729 ], [ 25.042144272622242, 35.32639388174745 ], [ 25.071084358289561, 35.312165375119449 ], [ 25.146970239008215, 35.31840260109216 ], [ 25.272901080050541, 35.338657208629606 ], [ 25.37360210212778, 35.337875607792206 ], [ 25.406514356521789, 35.296300826960824 ], [ 25.488380315798619, 35.29746514483309 ], [ 25.49999999974419, 35.301052286698685 ], [ 25.5531135691458, 35.317447068781277 ], [ 25.667629880792187, 35.344197671513726 ], [ 25.689083956650617, 35.336677138606099 ], [ 25.749102987930655, 35.33124037859416 ], [ 25.787035016454233, 35.331969933130651 ], [ 25.781207713478107, 35.31379856777118 ], [ 25.770818964915222, 35.305510640244577 ], [ 25.76540633954561, 35.295084357158395 ], [ 25.77551136241253, 35.280676480312103 ], [ 25.778392275698376, 35.247853712771885 ], [ 25.77367805363124, 35.239958949102501 ], [ 25.759295310873519, 35.231298162162751 ], [ 25.769182082652272, 35.192521884078225 ], [ 25.787755244326537, 35.158775329225527 ], [ 25.795284905071718, 35.152752023584426 ], [ 25.801417758313637, 35.143402822564795 ], [ 25.801548709325861, 35.131841046844521 ], [ 25.843649331297833, 35.123638842631465 ], [ 25.864448653891749, 35.120991669554812 ], [ 25.88140675877121, 35.122628747055707 ], [ 25.889765772932776, 35.128532402606993 ], [ 25.897797410462097, 35.150471406159703 ], [ 25.913795210912941, 35.153222066504448 ], [ 25.931037041488359, 35.167600573549862 ], [ 25.952360166334561, 35.166295124609128 ], [ 25.972155534461891, 35.172595895447927 ], [ 25.97933599310668, 35.186031251618765 ], [ 25.997887330211114, 35.182829246312174 ], [ 25.99999999977441, 35.184047644709473 ], [ 26.019734257309587, 35.195427708039276 ], [ 26.019756082777736, 35.206562829673018 ], [ 26.032523767842335, 35.21632219181685 ], [ 26.052253660463553, 35.227489208089509 ], [ 26.088723405977738, 35.229819822143561 ], [ 26.101338315460286, 35.226306482375769 ], [ 26.099483181210854, 35.217835569598982 ], [ 26.108977100851238, 35.207258722939798 ], [ 26.147411106158945, 35.204509906971744 ], [ 26.185495910264574, 35.214078164852964 ], [ 26.184972107113978, 35.229402403839401 ], [ 26.197259639964269, 35.23275908340942 ], [ 26.233816686452716, 35.242723943285291 ], [ 26.262363920879988, 35.263971229038283 ], [ 26.259046504519489, 35.269916680567945 ], [ 26.26703449201084, 35.278503777264639 ], [ 26.281635485856729, 35.284256966498617 ], [ 26.287440963364702, 35.278747123567008 ], [ 26.304966520534411, 35.282814363031022 ], [ 26.322863104374342, 35.305493263661766 ], [ 26.338795429319067, 35.306779078643181 ], [ 26.343400525842117, 35.313659573790567 ], [ 26.340585087164072, 35.32090430488725 ], [ 26.349380603501981, 35.322398341397246 ], [ 26.356211860944686, 35.319531852466326 ], [ 26.346194139052024, 35.301861595266935 ], [ 26.339035504977062, 35.299237655394869 ], [ 26.333339153013167, 35.287958951302876 ], [ 26.317821505674949, 35.280207181469017 ], [ 26.315137018009128, 35.275427129626941 ], [ 26.311972378128999, 35.266422477051833 ], [ 26.314045762568288, 35.254982678572595 ], [ 26.318978235723595, 35.243454303782478 ], [ 26.314635040326678, 35.216513540445831 ], [ 26.321531773275503, 35.204509906971744 ], [ 26.330480065195463, 35.19694147950942 ], [ 26.343422350411949, 35.190259792690817 ], [ 26.357390416461474, 35.194383711717087 ], [ 26.356451936602681, 35.184552080556664 ], [ 26.344622731396875, 35.182237557036132 ], [ 26.335150637224633, 35.174719248447786 ], [ 26.338249801598643, 35.158496804458963 ], [ 26.33541253835077, 35.134104778100742 ], [ 26.333011776380914, 35.111603952695354 ], [ 26.328515805401949, 35.105211320373179 ], [ 26.312692606899621, 35.10139640298339 ], [ 26.319305612355844, 35.096675409898417 ], [ 26.32362698318293, 35.093225949471829 ], [ 26.317472303574554, 35.081813806919932 ], [ 26.29798248750965, 35.059734142821767 ], [ 26.259832208796219, 35.03410930187939 ], [ 26.200533405388484, 35.015207965036133 ], [ 26.199616750997837, 35.00589516943699 ], [ 26.167167111907158, 34.999999999650299 ], [ 26.166879097654025, 34.999944179371077 ], [ 26.166847625178043, 34.999999999650299 ], [ 26.1600914911476, 35.011231846391524 ], [ 26.145555972807831, 35.015992702345585 ], [ 26.131806157846469, 35.020369653450935 ], [ 26.092106296946039, 35.021886708520938 ], [ 26.054261569396726, 35.016167087218292 ], [ 26.034684452357556, 35.016585610268741 ], [ 26.017006119605796, 35.025060227049053 ], [ 25.99999999977441, 35.029287051085738 ], [ 25.993435009270122, 35.030918702673681 ], [ 25.915475743213861, 35.026734120352096 ], [ 25.848538154415166, 35.007220650748359 ], [ 25.827062253986917, 35.002982520438394 ], [ 25.770338812700913, 35.013777979899707 ], [ 25.718285943444076, 35.013638467623778 ], [ 25.632709717465012, 35.011179527488054 ], [ 25.608071532539302, 34.999999999650299 ], [ 25.577514033796184, 34.985206227007424 ], [ 25.54730809163782, 34.982637975726199 ], [ 25.505993173044267, 34.987197495696449 ], [ 25.49999999974419, 34.986380424746294 ], [ 25.389010624820223, 34.971247363844988 ], [ 25.278291879952011, 34.940548036071689 ], [ 25.150745982114881, 34.938797694471752 ], [ 25.00067657844663, 34.91749264604276 ], [ 24.999999999713978, 34.917592294619041 ], [ 24.92935229782497, 34.92799688173227 ], [ 24.886706140659047, 34.916784864750504 ], [ 24.867172716776992, 34.912314526519395 ], [ 24.834369659792284, 34.909445930670614 ], [ 24.801741202959466, 34.908700824024685 ], [ 24.803989183059056, 34.919168944500115 ], [ 24.813439432000219, 34.934719625466265 ], [ 24.807546666992714, 34.983307962415068 ], [ 24.809733810486318, 34.999999999650299 ], [ 24.809772823420793, 35.000279070903147 ], [ 24.824155533839161, 35.003819699784792 ], [ 24.833256581578247, 35.015957825621577 ], [ 24.821623828043606, 35.065799244862013 ], [ 24.805691538133175, 35.080245600312772 ], [ 24.772451979870446, 35.092964620958703 ], [ 24.692113953382275, 35.092110941040964 ], [ 24.587855666560309, 35.0927207134364 ], [ 24.502759777848496, 35.135236619546923 ], [ 24.499999999683769, 35.135637931165242 ], [ 24.435582259817199, 35.145004625132415 ], [ 24.430518847327765, 35.158374949386584 ], [ 24.417576589959062, 35.162587535268415 ], [ 24.392979752689254, 35.160620528918606 ], [ 24.371263823315395, 35.156930086563129 ], [ 24.34155992351819, 35.160063491910243 ], [ 24.323772504748217, 35.156477473339095 ], [ 24.30203474990622, 35.149270138453829 ], [ 24.294810656494821, 35.141888045857158 ], [ 24.239636918668392, 35.143977386184652 ], [ 24.233133052230979, 35.15296093139527 ], [ 24.211788148629033, 35.158235687169707 ], [ 24.192494800404972, 35.162361244854281 ], [ 24.124095078615547, 35.153779150779812 ], [ 24.077782312870205, 35.157434920881649 ], [ 24.054342203852407, 35.159262744513924 ], [ 24.040832495091767, 35.171603817617282 ], [ 24.023525226739469, 35.185892037188751 ], [ 24.00346800150345, 35.191477850079217 ], [ 23.999999999653557, 35.191803744870683 ], [ 23.985877007455187, 35.193130897967066 ], [ 23.967303885306794, 35.190329396529684 ], [ 23.938101962293722, 35.181976516658359 ], [ 23.915011054478004, 35.183873392431551 ], [ 23.871579195730298, 35.202282949512337 ], [ 23.845694680992882, 35.209120209768365 ], [ 23.830046116778419, 35.208232964731287 ], [ 23.822843847936849, 35.2078154336631 ], [ 23.807500834886497, 35.203883581321755 ], [ 23.800756892791089, 35.198872800668134 ], [ 23.793663750391914, 35.19836822593674 ], [ 23.768303036110147, 35.205240614561752 ], [ 23.702020345204719, 35.202074168815102 ], [ 23.693246673199575, 35.199116387413966 ], [ 23.689012612329897, 35.19111243464976 ], [ 23.68063179156481, 35.19005098155062 ], [ 23.678689361731006, 35.192452282134418 ], [ 23.676550506277184, 35.195079711015083 ], [ 23.672272795369544, 35.201413027474025 ], [ 23.657322633559236, 35.200769279216402 ], [ 23.632878571871483, 35.1963324944427 ], [ 23.617491908783155, 35.193496304236881 ], [ 23.600468365228515, 35.194053110145717 ], [ 23.58628208043017, 35.203483426353472 ], [ 23.581436918130592, 35.214025977931946 ], [ 23.576482630286929, 35.221558010832204 ], [ 23.555465102418918, 35.229854607334367 ], [ 23.542304594860362, 35.242550047231333 ], [ 23.538245135040885, 35.257242950394357 ], [ 23.554744876343243, 35.26856073865229 ], [ 23.571244617645611, 35.274071281509123 ], [ 23.567272457003757, 35.290357329565815 ], [ 23.548786635829629, 35.296179180516042 ], [ 23.55048899000543, 35.318107256479927 ], [ 23.543221247454369, 35.342009321348456 ], [ 23.545840253325874, 35.368734359369192 ], [ 23.561336042856599, 35.381060641141531 ], [ 23.560790416034497, 35.402444835669122 ], [ 23.567643483673983, 35.411312737265455 ], [ 23.578097684386787, 35.414089177736003 ], [ 23.579865514068704, 35.438049314223441 ], [ 23.578010384310847, 35.450919929850805 ], [ 23.570786290899449, 35.463615052478062 ], [ 23.578425060120725, 35.48114556536278 ], [ 23.593440698335456, 35.491842312102854 ], [ 23.59094464577521, 35.500000000299181 ], [ 23.585649153532124, 35.517413153148027 ], [ 23.5852126522541, 35.533943750856047 ], [ 23.590865341603614, 35.543829079877462 ], [ 23.583728548268152, 35.577294082087228 ], [ 23.592502220273296, 35.592017700615514 ], [ 23.591018117185669, 35.618826835267079 ], [ 23.596474380915154, 35.623964653309656 ], [ 23.61790658459304, 35.596564917140014 ], [ 23.619128787452844, 35.579611708019939 ], [ 23.628033409571902, 35.566367217667512 ], [ 23.639011412536984, 35.52499882245128 ], [ 23.662167794960503, 35.525731193697467 ], [ 23.669544663953953, 35.508605894567594 ], [ 23.693072073047695, 35.501873352280825 ], [ 23.770463717032115, 35.502728032960114 ], [ 23.788731288016397, 35.512128914818838 ], [ 23.799054538615287, 35.525103447117999 ], [ 23.802852098206937, 35.563596050957159 ], [ 23.791022918153956, 35.583950541411099 ], [ 23.788818588092333, 35.631331180463384 ], [ 23.806867907988444, 35.661782672240953 ], [ 23.820770467989139, 35.660703402319186 ], [ 23.845018104056866, 35.647977357645871 ], [ 23.853857250669808, 35.583776295494857 ], [ 23.865991981886904, 35.536524167118813 ], [ 23.898598613251583, 35.523464308835848 ], [ 23.955562006228071, 35.519645332943682 ], [ 23.989128940224731, 35.510437186930062 ], [ 23.999999999653557, 35.512438646010608 ], [ 24.033935777414303, 35.518686200952835 ], [ 24.036620259690231, 35.537430779483721 ], [ 24.051439471386622, 35.542591301936497 ], [ 24.070798295116802, 35.543829079877462 ] ] ], [ [ [ 23.393261296316972, 39.018114635251834 ], [ 23.403082571030044, 39.013316858501852 ], [ 23.42918533595731, 39.01218279035286 ], [ 23.436584029520592, 39.004278700267612 ], [ 23.433867112673013, 38.999999999654428 ], [ 23.427221081553682, 38.989606801293313 ], [ 23.43121506586705, 38.976106167922879 ], [ 23.459543987222396, 38.971824937418795 ], [ 23.458714635602636, 38.952582179094755 ], [ 23.467160930975531, 38.931721240986754 ], [ 23.482744020582199, 38.914653329711641 ], [ 23.477113156700831, 38.90528503424553 ], [ 23.496668405152718, 38.880210038366222 ], [ 23.499999999623348, 38.877925785461116 ], [ 23.575522328553262, 38.82612528511013 ], [ 23.665790754400273, 38.787381043736943 ], [ 23.710968617361747, 38.777978454942016 ], [ 23.746281556470503, 38.779264649667006 ], [ 23.762999547962718, 38.767653285189375 ], [ 23.784650002728771, 38.728355198700562 ], [ 23.813655500121822, 38.70866318208234 ], [ 23.848619238028494, 38.694221214201619 ], [ 23.930244942882585, 38.680820614202915 ], [ 23.955692956341981, 38.691245454896539 ], [ 23.999999999653557, 38.699046920741928 ], [ 24.004712028933085, 38.699876551532476 ], [ 24.025729556801092, 38.691628308599803 ], [ 24.092797950186622, 38.701686164799789 ], [ 24.166915835933349, 38.683796809949023 ], [ 24.194480880276739, 38.668792726781064 ], [ 24.161961548988003, 38.649676206127246 ], [ 24.150437920099129, 38.629178557945082 ], [ 24.143912228193575, 38.605277493837072 ], [ 24.150197844441134, 38.575320150028944 ], [ 24.163183751847807, 38.556718997026444 ], [ 24.186078234043503, 38.538496668492229 ], [ 24.219121366686203, 38.52715985683659 ], [ 24.20838344027743, 38.51784488333351 ], [ 24.193983809192371, 38.499999999878447 ], [ 24.193826128808862, 38.499805930762662 ], [ 24.196859811388556, 38.464674214178324 ], [ 24.198147489754483, 38.416515565290439 ], [ 24.206637436063659, 38.363758844495372 ], [ 24.237105211974512, 38.31277012879147 ], [ 24.276717686560737, 38.272384201272978 ], [ 24.286211585539874, 38.222965795633542 ], [ 24.308451316267689, 38.197339057260457 ], [ 24.352363326331389, 38.166341694807826 ], [ 24.429012917873674, 38.130071313058963 ], [ 24.497325339587157, 38.111485060046881 ], [ 24.499999999683769, 38.112916806261275 ], [ 24.51574568615349, 38.121344903264955 ], [ 24.557824391029161, 38.117355834971093 ], [ 24.585629511030543, 38.120125561097133 ], [ 24.595625385895499, 38.114847312595515 ], [ 24.584276357158508, 38.100055716932118 ], [ 24.569129769728178, 38.07544863712782 ], [ 24.58115537450287, 38.001333028895161 ], [ 24.580444175597489, 37.999999999985143 ], [ 24.568169467096197, 37.97714686888898 ], [ 24.560116022065042, 37.960573600591829 ], [ 24.531416074937784, 37.946545785874171 ], [ 24.499999999683769, 37.93753029841735 ], [ 24.496365036955169, 37.936487099130723 ], [ 24.472684853177689, 37.937995990997734 ], [ 24.470698772407609, 37.982988219888796 ], [ 24.456480849843274, 37.999999999985143 ], [ 24.454635532383268, 38.002222864404196 ], [ 24.43425093141331, 38.006392733720354 ], [ 24.413757204899262, 38.002135626486485 ], [ 24.411809915179781, 37.999999999985143 ], [ 24.403368478794256, 37.99080484338397 ], [ 24.382067225230287, 37.96443987800172 ], [ 24.349918919713456, 37.981601591984266 ], [ 24.345838760014885, 37.999999999985143 ], [ 24.343196803086194, 38.011992892300519 ], [ 24.344549956059911, 38.030412800951069 ], [ 24.332633476829304, 38.056604286561956 ], [ 24.316024609982858, 38.07204969437678 ], [ 24.266590860683557, 38.062462074138836 ], [ 24.278201789648371, 38.079248292066971 ], [ 24.281213647658241, 38.097668568695106 ], [ 24.263884553837801, 38.102164008975478 ], [ 24.241622998540159, 38.101240549527269 ], [ 24.24906534214141, 38.12522924348702 ], [ 24.24380550403195, 38.160648987757988 ], [ 24.208012414505522, 38.202315497077656 ], [ 24.186034584005533, 38.213171992863607 ], [ 24.163271051923751, 38.205760523359423 ], [ 24.145658232407346, 38.209849104446732 ], [ 24.166239258997333, 38.219608566987205 ], [ 24.185117931411515, 38.23708879678815 ], [ 24.162463524873825, 38.255155944068122 ], [ 24.132017573532796, 38.250722173896584 ], [ 24.148757390493156, 38.284081768823043 ], [ 24.132039399000938, 38.292684264065521 ], [ 24.105500131897333, 38.277112124685296 ], [ 24.104190628961579, 38.315810320305332 ], [ 24.072260573634605, 38.357074715009141 ], [ 24.015580906354085, 38.350511509803034 ], [ 24.026340658230993, 38.362404707705025 ], [ 24.062221048731683, 38.374122354706152 ], [ 24.031229470568547, 38.413080618423599 ], [ 24.004188227579125, 38.426368439567597 ], [ 23.999999999653557, 38.425767570875792 ], [ 23.94929821544866, 38.418493187559548 ], [ 23.90750323537064, 38.415734909877372 ], [ 23.869811366048385, 38.418215630092362 ], [ 23.827296158996376, 38.432560485504403 ], [ 23.805711180634752, 38.430271051581634 ], [ 23.789255089370357, 38.421737063874978 ], [ 23.723605324464664, 38.440607610108579 ], [ 23.687593983850068, 38.446278209137674 ], [ 23.663848324566477, 38.445116379541879 ], [ 23.653634198613354, 38.446208846611135 ], [ 23.64771960903602, 38.4434342953802 ], [ 23.645318853354372, 38.439567084854225 ], [ 23.645318853354372, 38.435266085011854 ], [ 23.63689438165299, 38.435144682050961 ], [ 23.631328993277737, 38.435491546905574 ], [ 23.628229835191931, 38.438630598347949 ], [ 23.627138582446033, 38.446191505792399 ], [ 23.622860871538386, 38.449174029516826 ], [ 23.616182404949093, 38.456837851469281 ], [ 23.613126897799571, 38.470221562944296 ], [ 23.612101119661471, 38.477952462303541 ], [ 23.607648808601944, 38.478212455864764 ], [ 23.604462350440194, 38.474832469358226 ], [ 23.602301670416541, 38.476860479870105 ], [ 23.602367145024342, 38.48176560268184 ], [ 23.604287750288311, 38.488940687713828 ], [ 23.61336697345757, 38.489564574482387 ], [ 23.616204230417235, 38.494936703947857 ], [ 23.618561708861755, 38.499999999878447 ], [ 23.624716001296242, 38.513309062165106 ], [ 23.624694176726415, 38.527561036762705 ], [ 23.618779586250763, 38.545193261676275 ], [ 23.585561853456181, 38.567911650189217 ], [ 23.541235167582606, 38.575843073831052 ], [ 23.50786465830765, 38.584226761321503 ], [ 23.499999999623348, 38.59074433300686 ], [ 23.496319204848952, 38.593794463791042 ], [ 23.497475932202647, 38.624928518786753 ], [ 23.476545705308897, 38.648074224173719 ], [ 23.392650194887064, 38.687712667302826 ], [ 23.359497936700283, 38.716683294710244 ], [ 23.324119522983732, 38.74480740579088 ], [ 23.309693161629077, 38.74865034094195 ], [ 23.305721001885541, 38.742546758249873 ], [ 23.20037146231768, 38.815963492383041 ], [ 23.139130358433544, 38.864084445711548 ], [ 23.104646772741184, 38.865264915675738 ], [ 23.07893685815565, 38.852209209370116 ], [ 23.054078120658019, 38.848562901582994 ], [ 23.034217321042018, 38.853702404131568 ], [ 23.023152018000999, 38.862591470705567 ], [ 23.025290873454821, 38.876790818191168 ], [ 23.016822752613788, 38.888366898335043 ], [ 22.999999999593133, 38.892310749301487 ], [ 22.997354803339523, 38.892930857440355 ], [ 22.976119025281665, 38.891733497594963 ], [ 22.960099435295291, 38.896887206036588 ], [ 22.946218699864428, 38.892844092572091 ], [ 22.944734596776794, 38.882223308858052 ], [ 22.977363053609619, 38.875749398450026 ], [ 22.988624781372348, 38.864327485653114 ], [ 22.970728236159975, 38.855594896871771 ], [ 22.948706756520334, 38.853042623969934 ], [ 22.895802823363319, 38.858008185504879 ], [ 22.869831008549962, 38.861272070485285 ], [ 22.838948555930912, 38.859240840542768 ], [ 22.854618945613517, 38.881494372275213 ], [ 22.912302564665683, 38.896540166816806 ], [ 22.999999999593133, 38.927345723085018 ], [ 23.00737250367262, 38.929934855066023 ], [ 23.021580613939108, 38.931755927506863 ], [ 23.027495203516441, 38.940375032681629 ], [ 23.040066435113239, 38.95150720317929 ], [ 23.051873789698078, 38.954662731920514 ], [ 23.073240518768166, 38.947120437166603 ], [ 23.087143078768861, 38.953778504159992 ], [ 23.088714482830753, 38.963261693702101 ], [ 23.092839418156345, 38.976210162454372 ], [ 23.099146858973729, 38.991339685543252 ], [ 23.130897756995385, 38.999999999654428 ], [ 23.13402329590614, 39.000858552970804 ], [ 23.130094786200576, 39.009234128349881 ], [ 23.16750292982686, 39.013299411319856 ], [ 23.190179161832695, 39.014607928821071 ], [ 23.211436765358702, 39.011729158380554 ], [ 23.232497943264683, 39.004505541056524 ], [ 23.251267490134783, 39.004139105409763 ], [ 23.291687491770936, 39.02034767056977 ], [ 23.312399468474833, 39.02882557876557 ], [ 23.328266282879152, 39.03217459350779 ], [ 23.347537806533389, 39.035854836143557 ], [ 23.371960042752995, 39.036709462417264 ], [ 23.393261296316972, 39.018114635251834 ] ] ], [ [ [ 26.351366687865326, 39.37734167159747 ], [ 26.368150191694586, 39.371735399970191 ], [ 26.370965629474316, 39.350833720663189 ], [ 26.423629601957693, 39.342985282814816 ], [ 26.420879638785753, 39.331575682011803 ], [ 26.390673697525706, 39.310088585085246 ], [ 26.397679555120298, 39.295858624774354 ], [ 26.459902921851853, 39.255550648748823 ], [ 26.486420420979496, 39.229744060139957 ], [ 26.499999999804619, 39.203673506542252 ], [ 26.511846665564608, 39.180921891096581 ], [ 26.53626895478482, 39.177806272686226 ], [ 26.550237020834345, 39.164158571808571 ], [ 26.548992989811445, 39.145249311741964 ], [ 26.582538172001819, 39.105463950631552 ], [ 26.611172706505034, 39.068532495676578 ], [ 26.625337198174584, 39.024778639267772 ], [ 26.595349507104387, 39.017294675396762 ], [ 26.577081896594233, 39.02472630696213 ], [ 26.556435349582376, 39.01664916758169 ], [ 26.53220948598219, 39.038680294443424 ], [ 26.520925908496796, 39.06223878530713 ], [ 26.517455716554245, 39.093370566421285 ], [ 26.499999999804619, 39.106324688096166 ], [ 26.491767571741306, 39.1124332503178 ], [ 26.461277902988662, 39.111527280575224 ], [ 26.452176835486647, 39.0879156612881 ], [ 26.475376919152101, 39.05266637917849 ], [ 26.499999999804619, 39.044639076087059 ], [ 26.503138449302639, 39.043615852583393 ], [ 26.531151861668953, 38.999999999654428 ], [ 26.531620208223796, 38.999275749005001 ], [ 26.518328720906919, 38.985170422438074 ], [ 26.499999999804619, 38.982305497141581 ], [ 26.48096414557191, 38.979329918395273 ], [ 26.439758352522439, 38.971980938314672 ], [ 26.421621692126198, 38.979659217951841 ], [ 26.377884186992965, 38.975118214648553 ], [ 26.358547146510112, 38.98154832734614 ], [ 26.338380751712556, 38.993644355113872 ], [ 26.324621170267434, 38.999999999654428 ], [ 26.295428950856053, 39.013578564310095 ], [ 26.258850078899467, 39.022371297372437 ], [ 26.236566649624653, 39.021551386579979 ], [ 26.217469684799799, 39.01157213143388 ], [ 26.204723825203342, 39.023016752525386 ], [ 26.193745798882063, 39.060878850703915 ], [ 26.168887007485509, 39.082059443855414 ], [ 26.187023666983439, 39.095200391480141 ], [ 26.204811125279281, 39.088403657925866 ], [ 26.230935773166873, 39.094782149892332 ], [ 26.231830602089374, 39.109784998555007 ], [ 26.240822544047308, 39.118025611670419 ], [ 26.265113883153607, 39.127345218692639 ], [ 26.319000061191733, 39.144308938328024 ], [ 26.358612622016224, 39.171330910718694 ], [ 26.361231634175933, 39.201022114958448 ], [ 26.291871458837562, 39.220942590910312 ], [ 26.246671671593258, 39.21666321327956 ], [ 26.215003448222141, 39.1973505588807 ], [ 26.212733638162835, 39.154843876609597 ], [ 26.170611189824402, 39.10668362840142 ], [ 26.153522134831036, 39.097796917897114 ], [ 26.072572829944843, 39.110481916713482 ], [ 26.041930386508461, 39.124401402096822 ], [ 26.016220416227377, 39.126230415176728 ], [ 25.99999999977441, 39.124738184738469 ], [ 25.98062367416755, 39.122955577465127 ], [ 25.968969069113619, 39.143055088108831 ], [ 25.940050808914446, 39.160415432937768 ], [ 25.908600836631496, 39.199960689925199 ], [ 25.91922966085238, 39.202605522541575 ], [ 25.919731638534834, 39.222490755689499 ], [ 25.909735741211996, 39.232839964591939 ], [ 25.910194068856477, 39.245483044053096 ], [ 25.926650196053483, 39.276255077297918 ], [ 25.941949592303526, 39.281434566637891 ], [ 25.952120090676566, 39.292139937196573 ], [ 25.965346102487327, 39.280600312407579 ], [ 25.988960862860981, 39.27844510952248 ], [ 25.99999999977441, 39.28002978507778 ], [ 26.009301858708731, 39.281365045369149 ], [ 26.022658821531724, 39.293304220313566 ], [ 26.040075253157344, 39.289793933503802 ], [ 26.06083092571329, 39.293773403400976 ], [ 26.072049027692568, 39.30366027051857 ], [ 26.09287017575463, 39.301662159684916 ], [ 26.120413454816998, 39.305640949604125 ], [ 26.149833692698628, 39.312659743972553 ], [ 26.15876015915045, 39.320025239819024 ], [ 26.176220241712358, 39.317106929778326 ], [ 26.216269304713183, 39.323551368254826 ], [ 26.227487406692457, 39.341057764959736 ], [ 26.217949837014103, 39.360347891430621 ], [ 26.235409918677693, 39.365972443815224 ], [ 26.325023789787881, 39.368055495316291 ], [ 26.351366687865326, 39.37734167159747 ] ] ], [ [ [ 28.219573624656004, 36.461413292317715 ], [ 28.231228229709931, 36.461864143532139 ], [ 28.221450583475267, 36.439734661162234 ], [ 28.229613172016812, 36.428719575150851 ], [ 28.246265724833844, 36.418067268901744 ], [ 28.244978043772974, 36.406094676625898 ], [ 28.23000602415518, 36.390232464797094 ], [ 28.224593398785565, 36.366537195212182 ], [ 28.230638951951541, 36.348235647293009 ], [ 28.208770199384922, 36.330555078023473 ], [ 28.171121897455631, 36.26825876780137 ], [ 28.161693453321362, 36.238091768583175 ], [ 28.157328432456307, 36.201005916562011 ], [ 28.142094511712372, 36.19702143781263 ], [ 28.122037242458902, 36.170812739958073 ], [ 28.115555187116588, 36.153822831101003 ], [ 28.100015714310224, 36.153596506104591 ], [ 28.078256087287691, 36.139580477029178 ], [ 28.067889163294634, 36.107516933060204 ], [ 28.070420875378399, 36.091001058409951 ], [ 28.086527800475007, 36.075353045404988 ], [ 28.066361406575769, 36.056250545130226 ], [ 28.046937065118659, 36.06627296953851 ], [ 28.025221088134099, 36.069671586399366 ], [ 27.999999999895255, 36.04692811898358 ], [ 27.999860319055095, 36.046802141783019 ], [ 27.962124717049864, 36.035033619130338 ], [ 27.914474704799535, 35.999999999757982 ], [ 27.913236487673156, 35.999095224624035 ], [ 27.862667725995525, 35.943193774893949 ], [ 27.825674177330743, 35.918021627081757 ], [ 27.791496067344006, 35.91522807880748 ], [ 27.767030127187507, 35.919583194682325 ], [ 27.743153465687723, 35.950634577757214 ], [ 27.746768985280308, 35.999999999757982 ], [ 27.746885557858096, 36.00160134129883 ], [ 27.765305943950302, 36.048528042743655 ], [ 27.771111421458283, 36.085320739916611 ], [ 27.766746400593224, 36.113004027072662 ], [ 27.74166935810851, 36.121277485886331 ], [ 27.709215431358981, 36.123907391243904 ], [ 27.710393986875761, 36.152395230847588 ], [ 27.692453752997864, 36.159654826848183 ], [ 27.712598322327278, 36.170081693365013 ], [ 27.741472932488485, 36.178871202995438 ], [ 27.768754310424715, 36.19738683518122 ], [ 27.777004199042203, 36.239900380863318 ], [ 27.787720324237345, 36.25422866288266 ], [ 27.817227863093226, 36.266920193698482 ], [ 27.839489466899899, 36.279435829788312 ], [ 27.864675634928698, 36.317787121628136 ], [ 27.902935040084525, 36.341584199069516 ], [ 27.999999999895255, 36.385716691494309 ], [ 28.054117523763445, 36.410311324017655 ], [ 28.106279518564374, 36.427765438566503 ], [ 28.161584327777277, 36.441764040271281 ], [ 28.18681414584405, 36.444539172692068 ], [ 28.204208752899842, 36.447539672633489 ], [ 28.219573624656004, 36.461413292317715 ] ] ], [ [ [ 26.070128418835335, 38.584854191258074 ], [ 26.088221429193606, 38.560223427630511 ], [ 26.127091935779333, 38.55242975761994 ], [ 26.150575746039074, 38.554086202036039 ], [ 26.157319702507525, 38.56472139975854 ], [ 26.184491954899674, 38.563919456974496 ], [ 26.188595074638584, 38.538287389980418 ], [ 26.178162675139415, 38.502020596607728 ], [ 26.168712595979841, 38.499999999878447 ], [ 26.150008293748826, 38.496028410263769 ], [ 26.150728521621129, 38.48556120840739 ], [ 26.165940618693554, 38.486722380561254 ], [ 26.177115070634859, 38.479668400499953 ], [ 26.167119174210338, 38.466373135781751 ], [ 26.169432634307618, 38.44577532982732 ], [ 26.174736134133145, 38.413358195781136 ], [ 26.19053750896396, 38.394810179346912 ], [ 26.181196364905631, 38.372386527573831 ], [ 26.215025273690284, 38.344399203068264 ], [ 26.173950430754726, 38.29930487882752 ], [ 26.14747658166506, 38.288270182516627 ], [ 26.120544404930907, 38.267064916529115 ], [ 26.124974901302078, 38.23124513162788 ], [ 26.100421661069639, 38.21240652434625 ], [ 26.058168262617297, 38.215329179096138 ], [ 26.033789623435055, 38.191770606994083 ], [ 26.025888936019648, 38.167734337945411 ], [ 26.007730451053582, 38.159308438476053 ], [ 25.99999999977441, 38.163187315722659 ], [ 25.969842073466296, 38.178317546806653 ], [ 25.949697504136882, 38.181694100407221 ], [ 25.937388146716764, 38.208613855037505 ], [ 25.917178101881237, 38.211206113914287 ], [ 25.912158327751676, 38.239106142550952 ], [ 25.892122883966348, 38.236636625609336 ], [ 25.900983875810372, 38.259832841334251 ], [ 25.922503426276595, 38.286306350631364 ], [ 25.968576217873572, 38.293361993028128 ], [ 25.992518354879472, 38.31660943531643 ], [ 25.994984591457126, 38.367682225279268 ], [ 25.987433106142113, 38.400553810968447 ], [ 25.951923664158222, 38.431606563715235 ], [ 25.94240791994801, 38.475421811795712 ], [ 25.90338463688191, 38.474953804298408 ], [ 25.885619003155895, 38.485405228842573 ], [ 25.872842901775396, 38.499999999878447 ], [ 25.858555876307832, 38.516431831069205 ], [ 25.841139444682209, 38.547303255635313 ], [ 25.846224693419572, 38.57061366311045 ], [ 25.860803861797311, 38.584767048228464 ], [ 25.911132547816951, 38.596390940728881 ], [ 25.943848376590932, 38.585429330041286 ], [ 25.967899639140921, 38.598830497144206 ], [ 25.99999999977441, 38.605273051624067 ], [ 26.007141173295192, 38.606706208516442 ], [ 26.058168262617297, 38.59677430498904 ], [ 26.070128418835335, 38.584854191258074 ] ] ], [ [ [ 48.18218722416303, 29.952139066514682 ], [ 48.20444882886801, 29.924131572477776 ], [ 48.232101233474467, 29.882095667120613 ], [ 48.241529677608739, 29.85597727164123 ], [ 48.25720010142733, 29.807344782190526 ], [ 48.28507075712195, 29.782044881828902 ], [ 48.292403991348792, 29.790504889167813 ], [ 48.296223384493423, 29.785007915759216 ], [ 48.290221481365428, 29.744316937151023 ], [ 48.271691968830815, 29.700819396039989 ], [ 48.231861157816475, 29.647621210910241 ], [ 48.192226771523828, 29.612966618040808 ], [ 48.17437383772188, 29.601933192942141 ], [ 48.153989191836153, 29.599921658558838 ], [ 48.139671925482865, 29.607655103725044 ], [ 48.120531310620038, 29.653125789552387 ], [ 48.108134652225665, 29.682497919535379 ], [ 48.090434494005756, 29.690244472402732 ], [ 48.082402856476435, 29.714748484410908 ], [ 48.080591373163287, 29.735287400121511 ], [ 48.07478589565531, 29.750303672499278 ], [ 48.057544065079888, 29.764615769785728 ], [ 48.041524440059227, 29.771673564350198 ], [ 48.028560329374599, 29.793292245188336 ], [ 48.017735077737058, 29.846451395086977 ], [ 48.007368154642315, 29.904391140711944 ], [ 48.023125878536838, 29.907116879276231 ], [ 48.036679266979853, 29.875298926421554 ], [ 48.059137297304865, 29.869047070491618 ], [ 48.082839358652777, 29.864742603695547 ], [ 48.092551529381325, 29.855451326646097 ], [ 48.106672370114595, 29.860846996301419 ], [ 48.108811230059999, 29.870644155967405 ], [ 48.10983700999472, 29.888716682582501 ], [ 48.125747509471303, 29.875922142984344 ], [ 48.143600443273264, 29.860613255270511 ], [ 48.127908194884853, 29.890430284946778 ], [ 48.112194121028296, 29.898608431976818 ], [ 48.127035190532183, 29.906279696485736 ], [ 48.132709717027929, 29.920880707861162 ], [ 48.150868202892305, 29.929737601554862 ], [ 48.143731394285496, 29.938457456991422 ], [ 48.115707963008816, 29.926798368982777 ], [ 48.115642487502697, 29.910446071998209 ], [ 48.09407928610019, 29.911847804346635 ], [ 48.071359354649047, 29.911205345867074 ], [ 48.052415165406245, 29.923859048737128 ], [ 48.049075925374233, 29.941921827933143 ], [ 48.075549774463902, 29.967511579925329 ], [ 48.103769631360599, 29.978426551734977 ], [ 48.131356561359262, 29.975294215514989 ], [ 48.15761215936076, 29.965332331524902 ], [ 48.18218722416303, 29.952139066514682 ] ] ], [ [ [ 26.852623813660326, 37.793295457030034 ], [ 26.911333339309678, 37.794320738962377 ], [ 26.973840432635519, 37.766424490610689 ], [ 26.999943255054962, 37.766181112491353 ], [ 26.992653670866094, 37.780174061986287 ], [ 26.981435567988502, 37.788846611950866 ], [ 26.977419749223838, 37.799568565571406 ], [ 26.999999999834831, 37.798877991014244 ], [ 27.012078011424883, 37.798508604771619 ], [ 27.031022200667682, 37.790879906581388 ], [ 27.047783879028799, 37.789089914836055 ], [ 27.076352938025899, 37.795398137966998 ], [ 27.07561088468545, 37.790341176195874 ], [ 27.048154905699022, 37.776923763933986 ], [ 27.064414607276007, 37.748481856992413 ], [ 27.063388827341274, 37.729613018666804 ], [ 27.072882746981662, 37.716428040513989 ], [ 27.091608684237979, 37.715975743268039 ], [ 27.106558880184263, 37.71042617788126 ], [ 27.105969602425869, 37.693896778054523 ], [ 27.010921281376245, 37.692313240169987 ], [ 26.999999999834831, 37.688770755570502 ], [ 26.99745519300917, 37.687945283925153 ], [ 26.978009026982232, 37.669374223678581 ], [ 26.941495630531755, 37.663786323550489 ], [ 26.913755925849358, 37.65288782861554 ], [ 26.898980330953275, 37.628612859547204 ], [ 26.864300243284088, 37.627637514286953 ], [ 26.831737190990474, 37.630128102040601 ], [ 26.824076580131372, 37.658755110369562 ], [ 26.800418168821437, 37.680009209197557 ], [ 26.757815569167015, 37.692087017688301 ], [ 26.706919430857134, 37.684064372133506 ], [ 26.665451735783211, 37.67081900076235 ], [ 26.650545190773215, 37.665144170222923 ], [ 26.646376596426499, 37.656004335754965 ], [ 26.632823207983481, 37.652504784885146 ], [ 26.622172558294455, 37.65142528787316 ], [ 26.611609208681369, 37.658737700396848 ], [ 26.610146926570302, 37.667946825316001 ], [ 26.615581377408056, 37.676197500672501 ], [ 26.603795822240215, 37.710095626410649 ], [ 26.618505940731875, 37.727508451100974 ], [ 26.632954158995709, 37.735439398668518 ], [ 26.672566718921885, 37.742934747619017 ], [ 26.688062541690272, 37.76150461214899 ], [ 26.695810453523627, 37.776367548837648 ], [ 26.721367648222653, 37.780035014951189 ], [ 26.764777776723637, 37.792878389812948 ], [ 26.77881131738096, 37.795780437238122 ], [ 26.852623813660326, 37.793295457030034 ] ] ], [ [ [ 11.072640294312945, 33.829601165303409 ], [ 11.073673084700152, 33.773848452461806 ], [ 11.03058157066414, 33.755747523599837 ], [ 10.999999999766354, 33.736724164659854 ], [ 10.990434606568703, 33.730773108180927 ], [ 10.965823441170112, 33.711337264883603 ], [ 10.935652789327689, 33.675403808328397 ], [ 10.923149438027018, 33.645977140163055 ], [ 10.913261023229609, 33.65530135538858 ], [ 10.902889174672163, 33.689693095522898 ], [ 10.880387538326632, 33.730810444614647 ], [ 10.8510738819602, 33.723454849143089 ], [ 10.841471132321461, 33.694530363752357 ], [ 10.808729492254415, 33.694007428496029 ], [ 10.771219439250721, 33.731351821061246 ], [ 10.743334109575931, 33.777934622801702 ], [ 10.759177548019926, 33.796795626134902 ], [ 10.759682955470131, 33.831559024527976 ], [ 10.758650165082928, 33.873744561916723 ], [ 10.781173776915253, 33.915629652685126 ], [ 10.843932249400307, 33.914810037139766 ], [ 10.892890888728987, 33.893851251385676 ], [ 10.952309274070716, 33.889435270188763 ], [ 10.963428247856706, 33.901043029635893 ], [ 10.969976575510788, 33.87872043415539 ], [ 10.999999999766354, 33.858856873839699 ], [ 11.030515647797015, 33.838662878783829 ], [ 11.072640294312945, 33.829601165303409 ] ] ], [ [ [ 24.593966681757671, 40.768826363814405 ], [ 24.672755129652099, 40.802113142128029 ], [ 24.688054492664481, 40.800180197434017 ], [ 24.702197128323167, 40.788951890584087 ], [ 24.724065833279077, 40.782168872635701 ], [ 24.741984203061278, 40.784795159256262 ], [ 24.753442356444033, 40.777753896519854 ], [ 24.756847065693957, 40.768600742425441 ], [ 24.764813210649169, 40.757157512434389 ], [ 24.807153816650978, 40.748597968545184 ], [ 24.810100199154732, 40.744664396868373 ], [ 24.789017195780609, 40.739892208569458 ], [ 24.791614377082283, 40.718090528014706 ], [ 24.808419669548758, 40.703960744861362 ], [ 24.815600112922183, 40.690908980914266 ], [ 24.801893978541518, 40.676402205712947 ], [ 24.810864076166691, 40.644908815079354 ], [ 24.819725048247776, 40.618537118683712 ], [ 24.785110511543184, 40.597131672722227 ], [ 24.734192658257943, 40.572470501423489 ], [ 24.701433251311212, 40.56875275440774 ], [ 24.691044525206202, 40.559134138761415 ], [ 24.677556641913707, 40.563596055939307 ], [ 24.640890549831237, 40.607197131730302 ], [ 24.606952589164347, 40.621880590818201 ], [ 24.581351800122903, 40.629293774572417 ], [ 24.558981119281167, 40.624335592912992 ], [ 24.544816659052653, 40.63379942276547 ], [ 24.532420027607738, 40.660294183355958 ], [ 24.549181669137926, 40.715429327665454 ], [ 24.593966681757671, 40.768826363814405 ] ] ], [ [ [ 25.35932848491414, 39.861281355639349 ], [ 25.376439365375653, 39.836105127694893 ], [ 25.343243384387353, 39.814498244003708 ], [ 25.283486254233456, 39.83181556013156 ], [ 25.25910761505121, 39.874785868307946 ], [ 25.229185399487132, 39.895384633787828 ], [ 25.258911189431188, 39.899340548311031 ], [ 25.277113324435227, 39.93349411197228 ], [ 25.237260687952737, 39.94689759795893 ], [ 25.202798851371718, 39.917885166740042 ], [ 25.196447746143321, 39.890335302787626 ], [ 25.168817167005006, 39.878135544535397 ], [ 25.207578548944966, 39.83676503709377 ], [ 25.172461959099444, 39.824677259965888 ], [ 25.137192593671866, 39.834472692776465 ], [ 25.139135027098924, 39.869370498658832 ], [ 25.111024295746304, 39.870030085788088 ], [ 25.04993583449356, 39.853781549542809 ], [ 25.051136214580175, 39.91134568718487 ], [ 25.077020785911451, 39.933095261454554 ], [ 25.054213554384361, 39.953832386798595 ], [ 25.044675984706004, 39.986173810054531 ], [ 25.065545745997984, 40.00000000026855 ], [ 25.099413341628662, 40.020950155844808 ], [ 25.110485069420598, 40.00000000026855 ], [ 25.116786122317997, 39.987230798593423 ], [ 25.130924674235406, 40.00000000026855 ], [ 25.152295564301888, 40.018022376876324 ], [ 25.202777025903579, 40.002443170356216 ], [ 25.206464818554036, 40.00000000026855 ], [ 25.24710380879521, 39.971166256884061 ], [ 25.276633172220919, 39.966330552884301 ], [ 25.316610304422003, 40.00000000026855 ], [ 25.362122098124043, 40.035781210842465 ], [ 25.413476564078405, 40.034293399921644 ], [ 25.413051262995346, 40.00000000026855 ], [ 25.41295276182613, 39.991493242220464 ], [ 25.353261107178337, 39.959605056951844 ], [ 25.337983535498115, 39.912160988032397 ], [ 25.35932848491414, 39.861281355639349 ] ] ], [ [ [ 24.800475350061685, 37.997823490733538 ], [ 24.796786915115799, 37.976921525442755 ], [ 24.801741202959466, 37.961059063773398 ], [ 24.831335977212593, 37.954903845425633 ], [ 24.83264548014834, 37.928595261276193 ], [ 24.838843796319956, 37.900611380395986 ], [ 24.871625027836515, 37.89275036865164 ], [ 24.92284843138756, 37.900680789435299 ], [ 24.941225127915924, 37.883204955980609 ], [ 24.938606121146105, 37.867877620255662 ], [ 24.928653896319123, 37.842544885822797 ], [ 24.951482903008699, 37.83686595495724 ], [ 24.964730711541517, 37.823074909982985 ], [ 24.965472763085334, 37.799985595416551 ], [ 24.957004642244296, 37.771483103283835 ], [ 24.970972676852789, 37.765172821680828 ], [ 24.998123045386297, 37.776141585182472 ], [ 24.9989742224742, 37.751142233314923 ], [ 24.978240420302157, 37.7064768593577 ], [ 24.958554220838046, 37.690433832384009 ], [ 24.967458842957104, 37.675083539568831 ], [ 24.953621758462521, 37.670906034870185 ], [ 24.93242963044263, 37.686831500704528 ], [ 24.907920094147084, 37.722046730460605 ], [ 24.881075276777683, 37.741839187965844 ], [ 24.846242489883242, 37.756219286865544 ], [ 24.822889680941387, 37.781668803094412 ], [ 24.796044863571986, 37.814371667201719 ], [ 24.786245414327055, 37.809211770775384 ], [ 24.779654247813703, 37.840391459333929 ], [ 24.761299376753481, 37.873068097557066 ], [ 24.746938490006624, 37.886415825042022 ], [ 24.726903090238746, 37.894034564904388 ], [ 24.713437031516076, 37.892455347373932 ], [ 24.699403521401475, 37.935741313619197 ], [ 24.710730724670317, 37.971911788301526 ], [ 24.763885504285586, 37.999999999985143 ], [ 24.768588944772677, 38.002502026743507 ], [ 24.785587125293592, 37.999999999985143 ], [ 24.800475350061685, 37.997823490733538 ] ] ], [ [ [ 25.538927252906422, 37.192473120366586 ], [ 25.578932664970964, 37.174669354726845 ], [ 25.626162186616583, 37.103342288980031 ], [ 25.593948335525045, 37.003377480487956 ], [ 25.591385261458079, 37.000000000102617 ], [ 25.571468480630209, 36.973923144588426 ], [ 25.527971051154971, 36.971443953376998 ], [ 25.49999999974419, 36.950807763723844 ], [ 25.493421914498008, 36.94595383297959 ], [ 25.476332858606327, 36.948468547362509 ], [ 25.454922433684189, 36.976298238398471 ], [ 25.426331549218943, 36.996786814790191 ], [ 25.423875981931921, 37.000000000102617 ], [ 25.408173064252882, 37.020681206029636 ], [ 25.390865758171341, 37.0412416549146 ], [ 25.395252603606224, 37.067635897593561 ], [ 25.379756780837837, 37.078651098310651 ], [ 25.400032301179476, 37.083495881824106 ], [ 25.409919072958228, 37.106634996429136 ], [ 25.445035661905436, 37.122626091701683 ], [ 25.47838441847578, 37.13171754797694 ], [ 25.495822675569549, 37.171484070394463 ], [ 25.49999999974419, 37.173518406201644 ], [ 25.538927252906422, 37.192473120366586 ] ] ], [ [ [ 27.205164692354067, 36.889411382281232 ], [ 27.253070791834016, 36.901629102949563 ], [ 27.2957606924627, 36.928660738872004 ], [ 27.312173168723419, 36.924306488098615 ], [ 27.323478571676947, 36.911294283353669 ], [ 27.364684365624733, 36.906123478623869 ], [ 27.363396684563867, 36.886426070705305 ], [ 27.327297964821586, 36.867782569350837 ], [ 27.248029193134631, 36.830638124434138 ], [ 27.18953791857345, 36.789252487194311 ], [ 27.132137899453117, 36.731584281033349 ], [ 27.089251573204407, 36.721913579391035 ], [ 27.059329358538641, 36.735880043303396 ], [ 27.019585846701922, 36.73389741369666 ], [ 26.999999999834831, 36.728873551903959 ], [ 26.983378002313874, 36.724609671334882 ], [ 26.969257160682293, 36.694512388684153 ], [ 26.947628484671988, 36.67697045580897 ], [ 26.94156110603787, 36.65482844724356 ], [ 26.905833412965809, 36.699488829466425 ], [ 26.912031742612154, 36.734836560626441 ], [ 26.956620426629918, 36.745253356236141 ], [ 26.999999999834831, 36.75138993706949 ], [ 27.002715042796723, 36.751773997014901 ], [ 27.032920984056773, 36.786993176340502 ], [ 27.074126778004558, 36.8264693091864 ], [ 27.124913790770353, 36.840746550512961 ], [ 27.158131596328477, 36.870525569906597 ], [ 27.205164692354067, 36.889411382281232 ] ] ], [ [ [ 27.193641038312368, 35.859579308095377 ], [ 27.225396561759421, 35.863347173051018 ], [ 27.233319074642971, 35.835005623585054 ], [ 27.216557395383539, 35.822012332260982 ], [ 27.220944240818426, 35.803300307609405 ], [ 27.230765537091063, 35.78477501874378 ], [ 27.227797323729273, 35.746720220675428 ], [ 27.222341047423377, 35.719275996508792 ], [ 27.193881113970367, 35.685923127418988 ], [ 27.191131151696744, 35.663349327583184 ], [ 27.183907042115671, 35.631017725016633 ], [ 27.201541724829458, 35.6075398834287 ], [ 27.229739757156334, 35.572676052902992 ], [ 27.23633093804273, 35.545729293611238 ], [ 27.221184317374735, 35.539156802345843 ], [ 27.227557247172967, 35.519941789703573 ], [ 27.256279081752115, 35.518476934601814 ], [ 27.249185924081583, 35.50060003552084 ], [ 27.247503391232527, 35.500000000299181 ], [ 27.224632683849148, 35.491894318952795 ], [ 27.216775646471714, 35.475840000889548 ], [ 27.201847276891883, 35.48114556536278 ], [ 27.187355408590079, 35.466493719932494 ], [ 27.191218451772688, 35.436470699733675 ], [ 27.171706810239634, 35.433989956308807 ], [ 27.165704907111632, 35.464776936841311 ], [ 27.135717216939753, 35.445907228239861 ], [ 27.11280085897026, 35.464551497849946 ], [ 27.128495705286479, 35.500000000299181 ], [ 27.146346041160637, 35.540551540698331 ], [ 27.133360105906185, 35.579088941284091 ], [ 27.12236025411676, 35.611772678657552 ], [ 27.088422219788022, 35.643781318865024 ], [ 27.114023064525018, 35.644094723078133 ], [ 27.119195614236634, 35.655829099267301 ], [ 27.142177446813921, 35.663070813377026 ], [ 27.154683230752379, 35.674628329952 ], [ 27.146105965502638, 35.692587867123372 ], [ 27.149510681040763, 35.711848068201512 ], [ 27.173802020147061, 35.752353975450248 ], [ 27.190912900608577, 35.76052568240587 ], [ 27.175504377916127, 35.789206886822143 ], [ 27.16701441364064, 35.833789764440709 ], [ 27.193641038312368, 35.859579308095377 ] ] ], [ [ [ 26.337136721587974, 37.700891778045914 ], [ 26.388491186644018, 37.698960388883414 ], [ 26.330130863095068, 37.630668008939921 ], [ 26.25396125578213, 37.583245654883541 ], [ 26.155835595826634, 37.563061876021713 ], [ 26.09546736244619, 37.540658048999731 ], [ 26.071852602072543, 37.525921869563682 ], [ 26.005373340020014, 37.512229415916181 ], [ 25.99999999977441, 37.512549865515659 ], [ 25.979925270865074, 37.5137470480499 ], [ 25.979685194308761, 37.536856569870615 ], [ 25.994482613774675, 37.564456442439891 ], [ 25.99999999977441, 37.569189690584601 ], [ 26.072223628742766, 37.631120830847067 ], [ 26.134948973156771, 37.638487502823423 ], [ 26.185146708164176, 37.632496695340407 ], [ 26.235737295309953, 37.634882627414378 ], [ 26.337136721587974, 37.700891778045914 ] ] ], [ [ [ 24.49167265023765, 38.980855082119916 ], [ 24.499999999683769, 38.98159641486064 ], [ 24.501406624874775, 38.981721637583476 ], [ 24.523275329830682, 38.971200931072836 ], [ 24.54189210111873, 38.963452385199957 ], [ 24.578536367733058, 38.937704437300724 ], [ 24.588837793762124, 38.934131923249879 ], [ 24.591173074835968, 38.930836725437651 ], [ 24.585716811106487, 38.925858949576529 ], [ 24.586829889320526, 38.907800717128708 ], [ 24.586262437928596, 38.887464483821269 ], [ 24.582421228298969, 38.882796038803846 ], [ 24.584232707120538, 38.872815983412835 ], [ 24.59464325869369, 38.872885415184555 ], [ 24.620374997849051, 38.864396925081259 ], [ 24.673737256853908, 38.83213481982127 ], [ 24.679870097519412, 38.82616002363239 ], [ 24.681725227277269, 38.813965703487341 ], [ 24.687225141044721, 38.807468154378114 ], [ 24.695431361657935, 38.798137741311045 ], [ 24.693336156242083, 38.789657638531743 ], [ 24.687137840070466, 38.788614932745453 ], [ 24.687879892512601, 38.780203210063974 ], [ 24.693008780508148, 38.772416261374005 ], [ 24.689058445334435, 38.767357761320945 ], [ 24.678189567913439, 38.766714558998707 ], [ 24.663981457646951, 38.765584593600778 ], [ 24.650864599228047, 38.768591999631099 ], [ 24.644382558258776, 38.768000958500501 ], [ 24.639952071769077, 38.76102978247895 ], [ 24.631374825383958, 38.761255791264752 ], [ 24.624630884186864, 38.764837068557988 ], [ 24.62026587320328, 38.774849774868464 ], [ 24.606014112000505, 38.780255351708668 ], [ 24.594294057491606, 38.781715308484877 ], [ 24.588095742218307, 38.786147133901807 ], [ 24.581722825894808, 38.789049395006757 ], [ 24.577139564721364, 38.782949295642865 ], [ 24.570613873714127, 38.779977261789377 ], [ 24.568955169576295, 38.775684103224457 ], [ 24.573232879585628, 38.76462845559076 ], [ 24.567623841172409, 38.76123840605328 ], [ 24.56181837624084, 38.772711763413746 ], [ 24.554332382601618, 38.775058357704182 ], [ 24.54957452037798, 38.779403696515736 ], [ 24.550229271845854, 38.78612975480565 ], [ 24.557278765105369, 38.788302117870764 ], [ 24.560617997950857, 38.7930810812896 ], [ 24.570722998359898, 38.794679789416911 ], [ 24.575830061785616, 38.800535618774532 ], [ 24.575808236317474, 38.841113431394582 ], [ 24.573145579509692, 38.848441355260036 ], [ 24.567536540198144, 38.85059443898723 ], [ 24.558653743547232, 38.850906978119838 ], [ 24.554397857209413, 38.846114561164079 ], [ 24.552215352615939, 38.840714020555438 ], [ 24.547064639152246, 38.840609825715767 ], [ 24.544161906686465, 38.84432600363867 ], [ 24.53394778163166, 38.851757771765975 ], [ 24.522184077084791, 38.845402616498056 ], [ 24.519172219074925, 38.854483714949133 ], [ 24.50758311557825, 38.856619252531516 ], [ 24.501777650646687, 38.85033398912082 ], [ 24.499999999683769, 38.851072482963609 ], [ 24.49538290975336, 38.85299053602148 ], [ 24.498700318029019, 38.860091533688077 ], [ 24.495513859867273, 38.864570524054834 ], [ 24.488813567809835, 38.868493747177325 ], [ 24.483335479510526, 38.868979795128666 ], [ 24.480214496854888, 38.876235396384267 ], [ 24.477857390312895, 38.881129901507713 ], [ 24.473208653633339, 38.879845560957321 ], [ 24.470218621989932, 38.876617249302754 ], [ 24.464085781324432, 38.87837027536623 ], [ 24.471593600431799, 38.886336449602858 ], [ 24.478119291439036, 38.891698791351473 ], [ 24.487460414836114, 38.897720093328971 ], [ 24.488071516266018, 38.904591036847947 ], [ 24.49426983153932, 38.9096570604409 ], [ 24.488508017544042, 38.929327819976891 ], [ 24.479188718716788, 38.931374373441777 ], [ 24.472510252127496, 38.942594671531175 ], [ 24.471942800735562, 38.96138942918391 ], [ 24.476329637187295, 38.972136938864139 ], [ 24.49167265023765, 38.980855082119916 ] ] ], [ [ [ 24.503305404670602, 36.726975196397184 ], [ 24.527247489574222, 36.73579308695998 ], [ 24.545995211874494, 36.723374699420944 ], [ 24.565266734630413, 36.715773089865102 ], [ 24.545427760482564, 36.702899069416475 ], [ 24.55802081664919, 36.679964007363765 ], [ 24.564590158592711, 36.654532480580848 ], [ 24.546060686482292, 36.636267382356188 ], [ 24.499999999683769, 36.625648893738514 ], [ 24.49431348157729, 36.624337863138834 ], [ 24.474147131695496, 36.612092931101422 ], [ 24.443330154582561, 36.613172932819914 ], [ 24.424909808016228, 36.598539354430585 ], [ 24.351403023699405, 36.58435604834451 ], [ 24.324972882139882, 36.582508888603023 ], [ 24.328312115883687, 36.61940877384977 ], [ 24.332589826791335, 36.666596541290822 ], [ 24.332131500045168, 36.702150917836818 ], [ 24.334750506814984, 36.714868500043139 ], [ 24.359609244312612, 36.704882506168701 ], [ 24.387043337643778, 36.703821199663054 ], [ 24.393001578157392, 36.67455116170936 ], [ 24.411334623749475, 36.675003697619672 ], [ 24.426939537925968, 36.659685617151126 ], [ 24.471528124925683, 36.654776218086106 ], [ 24.485299734812461, 36.669416435818775 ], [ 24.480694648170878, 36.686264005809939 ], [ 24.465984561120255, 36.699523628020764 ], [ 24.439227043826801, 36.704395351263379 ], [ 24.42373125519439, 36.728905827902992 ], [ 24.424691557826375, 36.746053251834979 ], [ 24.438812368016919, 36.746783583698935 ], [ 24.445447184568241, 36.732036477647519 ], [ 24.472706677747517, 36.720504615512873 ], [ 24.499999999683769, 36.726276243612304 ], [ 24.503305404670602, 36.726975196397184 ] ] ], [ [ [ 25.977939186501729, 40.249990601691223 ], [ 25.988851737316896, 40.228901845366053 ], [ 25.975254698835908, 40.183477286894131 ], [ 25.99999999977441, 40.177621509625951 ], [ 26.022920722657858, 40.172197049476452 ], [ 25.99999999977441, 40.16435772951376 ], [ 25.99120884835046, 40.161350747456403 ], [ 25.968139715697234, 40.167694109377429 ], [ 25.917243576489035, 40.14326969563168 ], [ 25.838302181434333, 40.128688315516044 ], [ 25.792818668494064, 40.130852307753059 ], [ 25.769858660486605, 40.152310828324673 ], [ 25.735746026005984, 40.160511376947021 ], [ 25.755148541994949, 40.184332506591723 ], [ 25.809689472399263, 40.211645417704929 ], [ 25.851091691967074, 40.213919648909261 ], [ 25.873898923494167, 40.230627244773252 ], [ 25.912638479965985, 40.245122073073311 ], [ 25.977939186501729, 40.249990601691223 ] ] ], [ [ [ 25.25011567309328, 37.110084343743594 ], [ 25.266353549202115, 37.110154025996756 ], [ 25.279666861987135, 37.125970203855488 ], [ 25.259609592733664, 37.132779888007448 ], [ 25.29001196051205, 37.145700914022541 ], [ 25.301513789085611, 37.126266289960846 ], [ 25.294093253884512, 37.099369942112716 ], [ 25.294878958161242, 37.069744945652431 ], [ 25.310898583181913, 37.055642832177355 ], [ 25.303608998993038, 37.033098366118331 ], [ 25.276742297765004, 37.015971916634918 ], [ 25.253285782815173, 37.000000000102617 ], [ 25.252865636265213, 36.999715775507049 ], [ 25.224318401837941, 36.982088298681667 ], [ 25.185382419746098, 36.976419591649091 ], [ 25.145355181315097, 36.995937568010518 ], [ 25.143275682941987, 37.000000000102617 ], [ 25.130033959596904, 37.026035485367103 ], [ 25.135795787066911, 37.053341618289551 ], [ 25.155220127625711, 37.069483496673115 ], [ 25.180515421198592, 37.072777687959523 ], [ 25.191624398532095, 37.087713028327656 ], [ 25.179817017896116, 37.090901870808757 ], [ 25.164539447114212, 37.095711016125016 ], [ 25.18891808629645, 37.114561291718211 ], [ 25.222004940842343, 37.122016471439579 ], [ 25.221131937387984, 37.107959006838364 ], [ 25.235580154753503, 37.10001459208695 ], [ 25.25011567309328, 37.110084343743594 ] ] ], [ [ [ 25.668502885144861, 40.453201789269038 ], [ 25.582402856913518, 40.429717206770427 ], [ 25.562149161141704, 40.432707489698281 ], [ 25.531572193211435, 40.4417418313814 ], [ 25.49999999974419, 40.462366995746017 ], [ 25.483426017175173, 40.473191726814662 ], [ 25.461971941316747, 40.4839073352558 ], [ 25.46162274011467, 40.491585526108906 ], [ 25.474586850799295, 40.488067803891255 ], [ 25.481047080673459, 40.489529528560844 ], [ 25.48949121290315, 40.499999999920512 ], [ 25.496979405618188, 40.509353748616938 ], [ 25.49999999974419, 40.510419372268537 ], [ 25.52958610884809, 40.520856038190317 ], [ 25.553179044651912, 40.523816221306809 ], [ 25.606475944033335, 40.514449944852359 ], [ 25.63214226517476, 40.508075593846641 ], [ 25.649512721922449, 40.499999999920512 ], [ 25.662108129878494, 40.494187557453827 ], [ 25.669266763953456, 40.486075951905107 ], [ 25.673915510514476, 40.477433192894289 ], [ 25.670139768306129, 40.471552905726561 ], [ 25.668328284094667, 40.462088731570375 ], [ 25.668502885144861, 40.453201789269038 ] ] ], [ [ [ 25.311880713078668, 36.769820215385167 ], [ 25.347499279708327, 36.768446906152441 ], [ 25.362798676856695, 36.745322912960468 ], [ 25.388988799352081, 36.737827840225044 ], [ 25.416553903882594, 36.727931822239178 ], [ 25.452761748270643, 36.702672884930735 ], [ 25.445275738461749, 36.690040275045973 ], [ 25.436829423325921, 36.664507662721725 ], [ 25.446607069560585, 36.622125908440822 ], [ 25.419805843838663, 36.628691918049405 ], [ 25.415222572783755, 36.611448406619402 ], [ 25.36838590237819, 36.656256034475277 ], [ 25.322356761717501, 36.678571672486051 ], [ 25.317249687511996, 36.696739647165003 ], [ 25.314608850782459, 36.714816311993999 ], [ 25.300793560314993, 36.719460922080756 ], [ 25.306773638873171, 36.738210437308418 ], [ 25.311880713078668, 36.769820215385167 ] ] ], [ [ [ 25.428186683468379, 37.494748917732927 ], [ 25.4349742899748, 37.488284202757313 ], [ 25.44996813506074, 37.488388197408185 ], [ 25.454726008064164, 37.483049623876731 ], [ 25.466948065408342, 37.480865551030369 ], [ 25.471444036387307, 37.469666832674257 ], [ 25.486961683725525, 37.468002482448583 ], [ 25.486459706941393, 37.450507208461083 ], [ 25.472797192055975, 37.449397359062736 ], [ 25.455402585898494, 37.431620165086386 ], [ 25.440015888674193, 37.427318311547701 ], [ 25.420787973735418, 37.402803397050491 ], [ 25.407343710836489, 37.385587808877609 ], [ 25.383074196300015, 37.377464554628666 ], [ 25.35893563367409, 37.377325687683609 ], [ 25.336237526792768, 37.386958954446428 ], [ 25.330672125841101, 37.398569287037276 ], [ 25.322203986135445, 37.390482161839131 ], [ 25.31615843296947, 37.393328375115964 ], [ 25.318733795091205, 37.399818721688362 ], [ 25.315787406299243, 37.407262833195681 ], [ 25.308061319934037, 37.418748553309463 ], [ 25.313190218709366, 37.421819207835689 ], [ 25.322596838273807, 37.414359205648644 ], [ 25.332330833572193, 37.413422314657844 ], [ 25.340886273353789, 37.435956458709903 ], [ 25.338987489964701, 37.453160374362902 ], [ 25.318646494116948, 37.46859194413873 ], [ 25.319366722887565, 37.485198965997036 ], [ 25.334491518985732, 37.49545948184042 ], [ 25.352780954964032, 37.497348509709454 ], [ 25.365221262498061, 37.487088255568217 ], [ 25.375500886415178, 37.468141179907008 ], [ 25.39027648041295, 37.462471717330928 ], [ 25.406514356521789, 37.466944907584704 ], [ 25.412778160775929, 37.479825493781348 ], [ 25.41295276182613, 37.492010581975315 ], [ 25.428186683468379, 37.494748917732927 ] ] ], [ [ [ 24.340184945076324, 37.661070555775801 ], [ 24.384729882038069, 37.652974883211442 ], [ 24.403215703212204, 37.623788258190068 ], [ 24.391473824133477, 37.5929695474018 ], [ 24.350857396877295, 37.562626068929994 ], [ 24.30083437161624, 37.524823078713396 ], [ 24.286146110033759, 37.521369628156144 ], [ 24.273531228398987, 37.573137025166261 ], [ 24.279052967634588, 37.616385277601708 ], [ 24.308975117621657, 37.650014953500275 ], [ 24.340184945076324, 37.661070555775801 ] ] ], [ [ [ 26.40798100360724, 36.5915351506614 ], [ 26.436811963730481, 36.60158824706641 ], [ 26.404947313841028, 36.646227539614827 ], [ 26.44427614896955, 36.651102667092012 ], [ 26.471688477019693, 36.633219872667368 ], [ 26.498162326109366, 36.582805134279873 ], [ 26.476053497884749, 36.578082494261423 ], [ 26.443032117946654, 36.578326475652219 ], [ 26.401324347214736, 36.556888022694054 ], [ 26.379368294572171, 36.511638429839316 ], [ 26.323998009853149, 36.522382176013949 ], [ 26.294817847629517, 36.548956017295559 ], [ 26.310160894815855, 36.587300955703924 ], [ 26.355273381085897, 36.59054196546245 ], [ 26.398618034080769, 36.575381222239969 ], [ 26.40798100360724, 36.5915351506614 ] ] ], [ [ [ 27.557858346629857, 40.628696228377642 ], [ 27.549390206924201, 40.650123773777416 ], [ 27.552794922462326, 40.655354464855641 ], [ 27.564427702048114, 40.665378802255219 ], [ 27.565955459665293, 40.660552459159305 ], [ 27.571760936274952, 40.657485368754166 ], [ 27.582957213684406, 40.659115786959127 ], [ 27.590726950087586, 40.665136685946955 ], [ 27.609190987116079, 40.67083424440127 ], [ 27.624730459922439, 40.668413245834422 ], [ 27.646861113615195, 40.674949739299876 ], [ 27.654194347842036, 40.67633765197764 ], [ 27.678572987922593, 40.671415270658514 ], [ 27.684509415544486, 40.675175680127687 ], [ 27.700965542741489, 40.666153567121661 ], [ 27.708211476892391, 40.670285492543961 ], [ 27.718840301113278, 40.668752190952247 ], [ 27.721786689905237, 40.663554840566768 ], [ 27.733506770465279, 40.661924532381562 ], [ 27.742367761410986, 40.655209173860072 ], [ 27.727635817451191, 40.639515825189442 ], [ 27.708407902512416, 40.636173242735012 ], [ 27.692104550897469, 40.622235925282631 ], [ 27.675953974864573, 40.620959941076059 ], [ 27.670170322824735, 40.618327136614234 ], [ 27.666940208336808, 40.608974180578052 ], [ 27.656726059925802, 40.604983831367903 ], [ 27.65081145687374, 40.603238987780855 ], [ 27.610675093796971, 40.594336339014056 ], [ 27.596728853215588, 40.597567928257334 ], [ 27.554977432445696, 40.609248811487774 ], [ 27.552161994665962, 40.618020238336349 ], [ 27.557858346629857, 40.628696228377642 ] ] ], [ [ [ 25.990968772692465, 36.932598431416558 ], [ 25.99999999977441, 36.930362573347274 ], [ 26.043589094239554, 36.919570304983566 ], [ 26.1065763397797, 36.904908809098984 ], [ 26.042541489734997, 36.892084177141129 ], [ 25.99999999977441, 36.881619853780307 ], [ 25.992583830385588, 36.879795481925619 ], [ 25.954673627330155, 36.860438477906243 ], [ 25.905872698927702, 36.832322956160965 ], [ 25.863728426019446, 36.796082150387953 ], [ 25.830226893867042, 36.7929888930245 ], [ 25.788737374223292, 36.786280610084916 ], [ 25.767305123833012, 36.811251189459128 ], [ 25.848298078757171, 36.822890893571703 ], [ 25.850546064246657, 36.850089566377434 ], [ 25.927959701684177, 36.878858126550803 ], [ 25.98363553846562, 36.901767929906441 ], [ 25.990968772692465, 36.932598431416558 ] ] ], [ [ [ 23.641346693610835, 39.124680112463516 ], [ 23.620481940426568, 39.15244100588037 ], [ 23.597150956952856, 39.169677160553356 ], [ 23.577399282880943, 39.190650775284986 ], [ 23.564631625664116, 39.205720032797018 ], [ 23.572073969265368, 39.214627807972192 ], [ 23.581305968016682, 39.213914531958608 ], [ 23.589926864439768, 39.205024064981004 ], [ 23.6122975452815, 39.19395724252162 ], [ 23.65880673664687, 39.162713570129945 ], [ 23.694534351565498, 39.143577528028132 ], [ 23.71000831562808, 39.136472002817051 ], [ 23.718738337595255, 39.123025256252788 ], [ 23.716883207837398, 39.111806042284847 ], [ 23.709921015552137, 39.107607083920406 ], [ 23.715137203623627, 39.098354548989811 ], [ 23.725853305462572, 39.093335711906143 ], [ 23.738795562831278, 39.10673589949036 ], [ 23.757477809625435, 39.107415424291105 ], [ 23.776836633355614, 39.100428198923346 ], [ 23.774108501041713, 39.08336667785553 ], [ 23.762192020912792, 39.070014311844844 ], [ 23.749620789315987, 39.065150350547555 ], [ 23.734299600835463, 39.065307257505197 ], [ 23.72626798127245, 39.060320921642877 ], [ 23.7116015442598, 39.062587481766791 ], [ 23.699728714168845, 39.07827704218213 ], [ 23.690169340581907, 39.077666958274449 ], [ 23.681832169854786, 39.071217175671798 ], [ 23.665921704514187, 39.07332649447541 ], [ 23.650360440375664, 39.077998147521399 ], [ 23.64741405877022, 39.08782851887316 ], [ 23.648723561705975, 39.101560839219296 ], [ 23.641346693610835, 39.124680112463516 ] ] ], [ [ [ 11.122895415497332, 34.658202064838875 ], [ 11.133728723226339, 34.677949645374824 ], [ 11.150385208867682, 34.701352874852944 ], [ 11.158273966656118, 34.726821743734035 ], [ 11.167788818839254, 34.744070351431944 ], [ 11.182006161990232, 34.739011883420517 ], [ 11.211935096952638, 34.730256821596562 ], [ 11.220197416457028, 34.745470242039957 ], [ 11.219933725886841, 34.762248392011195 ], [ 11.214637930013192, 34.779470878421044 ], [ 11.222065228630065, 34.789955599596077 ], [ 11.23623862260408, 34.793537260112359 ], [ 11.238501971081556, 34.80534443569946 ], [ 11.240172014653217, 34.825485439891395 ], [ 11.256674679971832, 34.82927064787944 ], [ 11.263135111068625, 34.814184710562706 ], [ 11.272012710067303, 34.810100398541309 ], [ 11.274341980513588, 34.823956389601882 ], [ 11.297568768397495, 34.820170935157954 ], [ 11.309698557083896, 34.815415558814941 ], [ 11.294734089602693, 34.810790456800461 ], [ 11.287021125827152, 34.799730178335466 ], [ 11.276934943326683, 34.7870080735889 ], [ 11.283549193847893, 34.776858817102358 ], [ 11.292360869979447, 34.762416342869045 ], [ 11.296953488903204, 34.751741454525323 ], [ 11.275682410647939, 34.74082251493158 ], [ 11.248983690784772, 34.725850934817558 ], [ 11.213890805682965, 34.705125156754846 ], [ 11.170799291646953, 34.672756323394154 ], [ 11.129641511752787, 34.648634831401942 ], [ 11.122895415497332, 34.658202064838875 ] ] ], [ [ [ 27.380442089519267, 36.483449858493437 ], [ 27.395217683517036, 36.482271036440615 ], [ 27.425358150169284, 36.451060340292891 ], [ 27.444564239639909, 36.419195025401052 ], [ 27.432167582143848, 36.409808114884839 ], [ 27.426252979091785, 36.393530130330873 ], [ 27.440897622975644, 36.393877244198578 ], [ 27.461915196657731, 36.387576873704155 ], [ 27.469008354328263, 36.366867069765192 ], [ 27.442207128606338, 36.357838423701097 ], [ 27.439915493078889, 36.36721430442168 ], [ 27.420229250495638, 36.366485110201054 ], [ 27.403882248842717, 36.36620731997499 ], [ 27.385636463800708, 36.403925529664534 ], [ 27.374702087517395, 36.410450139801561 ], [ 27.345063598547597, 36.389208424363119 ], [ 27.313329899670375, 36.412462939099726 ], [ 27.311125564218859, 36.424608028825944 ], [ 27.313962827466732, 36.464187716439092 ], [ 27.328454695768539, 36.467014057509346 ], [ 27.339629147709847, 36.450314596679611 ], [ 27.351611129396026, 36.440844755283045 ], [ 27.370293416614373, 36.442249695200275 ], [ 27.380442089519267, 36.483449858493437 ] ] ], [ [ [ 24.676116187965729, 37.023907771884325 ], [ 24.727863392870731, 37.017384733785633 ], [ 24.75282497848524, 37.000000000102617 ], [ 24.778257443903694, 36.982400325040935 ], [ 24.796917866128027, 36.967681667398004 ], [ 24.822125803929424, 36.942606531923772 ], [ 24.795826613382133, 36.920004033674523 ], [ 24.771600801884233, 36.898141006122515 ], [ 24.747200391132765, 36.896266738805807 ], [ 24.720551999383389, 36.934940133866689 ], [ 24.698967020123447, 36.974252541794009 ], [ 24.701433251311212, 36.99033923315212 ], [ 24.694113888868984, 37.000000000102617 ], [ 24.676116187965729, 37.023907771884325 ] ] ], [ [ [ 25.346648100823799, 36.46507204276827 ], [ 25.354374187189009, 36.479601283770386 ], [ 25.39800256677816, 36.474972336963937 ], [ 25.417186831678958, 36.464153036383713 ], [ 25.463652474515985, 36.429951261409421 ], [ 25.481592708393883, 36.406164088349101 ], [ 25.482662138366585, 36.364471109123762 ], [ 25.466817114396111, 36.355372725254021 ], [ 25.440212314294218, 36.326785710399982 ], [ 25.415811850542145, 36.338683779909339 ], [ 25.364697460245782, 36.337363792022472 ], [ 25.342544981983199, 36.357265416228969 ], [ 25.359546736002311, 36.363550901325652 ], [ 25.411228578588922, 36.356188845250728 ], [ 25.426942652445479, 36.376224492984164 ], [ 25.426549800307118, 36.408697572349624 ], [ 25.394357774683723, 36.457459566072401 ], [ 25.370633887867672, 36.453748426550824 ], [ 25.346648100823799, 36.46507204276827 ] ] ], [ [ [ 24.885767663495209, 37.515159988046513 ], [ 24.930945526456682, 37.505774769035796 ], [ 24.933582148290906, 37.499999999942176 ], [ 24.949322222985046, 37.465748615957715 ], [ 24.977782094454305, 37.441315767811652 ], [ 24.985180788017594, 37.414810296724333 ], [ 24.974682936368499, 37.395289422027453 ], [ 24.916235440304376, 37.374183757697146 ], [ 24.911128376878661, 37.397857794288221 ], [ 24.885789488963351, 37.403271910272089 ], [ 24.886553365975306, 37.427682590475627 ], [ 24.898251595016063, 37.449397359062736 ], [ 24.888631585147458, 37.499999999942176 ], [ 24.885767663495209, 37.515159988046513 ] ] ], [ [ [ 23.815117778639628, 39.119227649487208 ], [ 23.843686775652969, 39.138666433295583 ], [ 23.860623018233358, 39.145632422972632 ], [ 23.862478147991212, 39.168893790792907 ], [ 23.884848828832943, 39.185081633454558 ], [ 23.920576443751571, 39.219533556700334 ], [ 23.935286529903877, 39.242578991086539 ], [ 23.958268313073827, 39.275525050987845 ], [ 23.982537773711382, 39.288334158367441 ], [ 23.974091477440172, 39.270066994151179 ], [ 23.978980289777724, 39.258454160265295 ], [ 23.999999999653557, 39.258469707496083 ], [ 24.00248587340332, 39.25847154631802 ], [ 23.999999999653557, 39.254461326804744 ], [ 23.9894126659207, 39.237379216298478 ], [ 23.951611671054362, 39.215149712009293 ], [ 23.941332070493441, 39.194148664706873 ], [ 23.922213322421261, 39.174359783841652 ], [ 23.91660428310972, 39.149289289538579 ], [ 23.893491550724178, 39.133998832009596 ], [ 23.867345134860621, 39.130654686603947 ], [ 23.860011916803455, 39.120882594928716 ], [ 23.836178956545606, 39.107711625378535 ], [ 23.815117778639628, 39.119227649487208 ] ] ], [ [ [ 24.430998998643762, 37.488162875838043 ], [ 24.445709084796068, 37.464933738732128 ], [ 24.460790197618596, 37.45713127664937 ], [ 24.476875263111086, 37.440136406079915 ], [ 24.478031991363096, 37.418297486154067 ], [ 24.463387379818585, 37.421576335519333 ], [ 24.458564042088835, 37.402491052544903 ], [ 24.448808242881874, 37.367986302775996 ], [ 24.426415736572004, 37.347480678631953 ], [ 24.393154353739448, 37.329974373277359 ], [ 24.37726571386699, 37.336105521628198 ], [ 24.393590854119157, 37.369913297907246 ], [ 24.404852582780205, 37.392235025288628 ], [ 24.410723522319572, 37.41815869548838 ], [ 24.409610445003842, 37.437638872132112 ], [ 24.392194051107467, 37.438818273558361 ], [ 24.412098500761431, 37.472163288302781 ], [ 24.430998998643762, 37.488162875838043 ] ] ], [ [ [ 23.485363027352012, 37.998048769455629 ], [ 23.499999999623348, 37.998806952043033 ], [ 23.50777735823171, 37.999209809500194 ], [ 23.524735425381923, 37.996159872196998 ], [ 23.526110403823786, 37.990492888242507 ], [ 23.525957629140049, 37.980908267413454 ], [ 23.521745392840199, 37.969172754528252 ], [ 23.512775296113343, 37.959932091294327 ], [ 23.527747283391793, 37.944239347681069 ], [ 23.532068644337407, 37.939817025277165 ], [ 23.553566322623094, 37.935897409024911 ], [ 23.549332262651731, 37.933330466645124 ], [ 23.528467510365783, 37.929896172432279 ], [ 23.524757250850069, 37.919800492660436 ], [ 23.514521300327115, 37.917076848199649 ], [ 23.510876516317516, 37.913034564653806 ], [ 23.515197877263137, 37.905539265278776 ], [ 23.510570965153409, 37.90489727081841 ], [ 23.50579127835994, 37.909321711256261 ], [ 23.499999999623348, 37.907451803302585 ], [ 23.498698135062458, 37.907031446452876 ], [ 23.486170554401944, 37.899934637735832 ], [ 23.473031871413209, 37.882250346370988 ], [ 23.462162993992209, 37.879421155872407 ], [ 23.45552817744089, 37.879525300338358 ], [ 23.432633695245197, 37.894850191498612 ], [ 23.430931340171085, 37.915741011019982 ], [ 23.431018641145339, 37.923113833692909 ], [ 23.439181210822266, 37.923304649885885 ], [ 23.46382169813004, 37.925403594346264 ], [ 23.479841288116415, 37.92699944527363 ], [ 23.488025684159801, 37.93197758200354 ], [ 23.492739895447148, 37.948418629591444 ], [ 23.493852973661188, 37.957903495607503 ], [ 23.495206126634912, 37.965549444976332 ], [ 23.463603447041873, 37.964179820940885 ], [ 23.440403414580391, 37.952857769506721 ], [ 23.425518727377884, 37.949875252456927 ], [ 23.4226159949121, 37.957261962080992 ], [ 23.43939946191043, 37.964110472329338 ], [ 23.444833900171776, 37.96842730354264 ], [ 23.435230876546871, 37.973125250869181 ], [ 23.426129828807788, 37.976124151270568 ], [ 23.431280541373159, 37.981168264723792 ], [ 23.441538317364252, 37.980821601199928 ], [ 23.451425066685125, 37.97648817102894 ], [ 23.455855553174828, 37.972709208615363 ], [ 23.471700543009316, 37.978654918720252 ], [ 23.484162649062032, 37.988031858340314 ], [ 23.485363027352012, 37.998048769455629 ] ] ], [ [ [ 24.493025804109685, 37.178881380169919 ], [ 24.499999999683769, 37.17684075370844 ], [ 24.511227899587848, 37.173555390960864 ], [ 24.526178062296466, 37.164173069971419 ], [ 24.530237522115943, 37.142148724689996 ], [ 24.544620233432632, 37.130899013679439 ], [ 24.537898115907051, 37.113899347277709 ], [ 24.514217932129572, 37.125308360017257 ], [ 24.51729526474724, 37.110937945809447 ], [ 24.51989244604891, 37.089298753967299 ], [ 24.501057423672698, 37.085953008467079 ], [ 24.499999999683769, 37.091586960616702 ], [ 24.497718190827207, 37.103742996664941 ], [ 24.486456462166156, 37.107384110591092 ], [ 24.462383427148627, 37.111460554471194 ], [ 24.448524517185909, 37.100676658924876 ], [ 24.442893653304544, 37.114038704638531 ], [ 24.44047107215475, 37.153100768861016 ], [ 24.461008448706767, 37.166314222747076 ], [ 24.493025804109685, 37.178881380169919 ] ] ], [ [ [ 33.970894107148595, 27.544832525281375 ], [ 34.000000000257799, 27.526857948338574 ], [ 34.007974875040951, 27.521932481470394 ], [ 34.040625156443596, 27.506747798926835 ], [ 34.043534904751745, 27.499999999953697 ], [ 34.052803537698658, 27.478601430342007 ], [ 34.060726032615904, 27.43856573177062 ], [ 34.045121118439411, 27.432453010644203 ], [ 34.030629281578641, 27.45248354925765 ], [ 34.007014572408963, 27.468520902438648 ], [ 34.000000000257799, 27.484100728234409 ], [ 33.998524626099787, 27.487377346456714 ], [ 33.981151412422484, 27.499999999953697 ], [ 33.975521018360013, 27.504109317308771 ], [ 33.949767453736506, 27.50301481771206 ], [ 33.932787561118147, 27.509679370184326 ], [ 33.931739958410226, 27.534457761510797 ], [ 33.970894107148595, 27.544832525281375 ] ] ], [ [ [ 26.91486900586003, 37.037876334066276 ], [ 26.950378446945606, 37.028093380475674 ], [ 26.975302713848269, 37.020820736231968 ], [ 26.978151006611203, 37.000000000102617 ], [ 26.978292753576511, 36.99897054799159 ], [ 26.999768654004765, 36.981134876369055 ], [ 26.999999999834831, 36.981396122676941 ], [ 27.016476670604071, 37.000000000102617 ], [ 27.019847747828067, 37.003831056842515 ], [ 27.035781995167497, 37.000000000102617 ], [ 27.039293913854998, 36.9991611880384 ], [ 27.020240599966428, 36.979488026908889 ], [ 27.024212768693118, 36.964751462619034 ], [ 26.999999999834831, 36.965575477231823 ], [ 26.99160606546322, 36.965861138807725 ], [ 26.986477166687884, 36.945988519398938 ], [ 26.964411988501244, 36.940542578145504 ], [ 26.928269618720989, 36.96762965306953 ], [ 26.937567111843038, 36.998415955040961 ], [ 26.945775861213772, 37.000000000102617 ], [ 26.957864457652818, 37.002348202745402 ], [ 26.939553196206379, 37.016966124031811 ], [ 26.91842649698021, 37.028564247174188 ], [ 26.91486900586003, 37.037876334066276 ] ] ], [ [ [ 27.900228726950562, 36.602650975797545 ], [ 27.895841881515675, 36.571093847157961 ], [ 27.902411236933933, 36.555319119306311 ], [ 27.89802439149905, 36.529009061541856 ], [ 27.880542484367318, 36.53077032168359 ], [ 27.871812443535518, 36.539541142670835 ], [ 27.876177464400573, 36.557079774970603 ], [ 27.849965516437045, 36.56232663736499 ], [ 27.83030109932194, 36.550054343598966 ], [ 27.819366723038627, 36.555319119306311 ], [ 27.825914253887053, 36.572854140218354 ], [ 27.790950439623586, 36.574614392807867 ], [ 27.792718272898764, 36.591430605763058 ], [ 27.799789605999464, 36.593451787850043 ], [ 27.803630823713927, 36.588921478105007 ], [ 27.81360489556862, 36.600002838352943 ], [ 27.823535317385346, 36.605264180022118 ], [ 27.822815088614725, 36.616552195038189 ], [ 27.83248360930531, 36.621916901405775 ], [ 27.84396361330904, 36.620993780948062 ], [ 27.85976498724154, 36.629040232390601 ], [ 27.862493124945331, 36.626584587092751 ], [ 27.844421940055202, 36.616012219593657 ], [ 27.843396160120474, 36.60791213529204 ], [ 27.849965516437045, 36.59564714923566 ], [ 27.86744742356878, 36.592127570985085 ], [ 27.900228726950562, 36.602650975797545 ] ] ], [ [ [ 24.829939173302588, 36.636842042566414 ], [ 24.839214822091865, 36.6521995275682 ], [ 24.872388904848481, 36.658205867251802 ], [ 24.912306929700495, 36.627350895654061 ], [ 24.937929544210089, 36.62294451340243 ], [ 24.971147277902983, 36.609932881895027 ], [ 24.969684999385183, 36.581829261877836 ], [ 24.939937449549998, 36.579912334288046 ], [ 24.914816811824544, 36.588886628389552 ], [ 24.897575018080047, 36.611134852419269 ], [ 24.855190762040269, 36.61745795115062 ], [ 24.829939173302588, 36.636842042566414 ] ] ], [ [ [ 25.148607122169484, 36.670321565151376 ], [ 25.209870184472425, 36.689779248687799 ], [ 25.229381826005469, 36.679128609631974 ], [ 25.215064558753866, 36.659581165447719 ], [ 25.143041721217816, 36.619931307151042 ], [ 25.088326188864986, 36.604114381048433 ], [ 25.081909609028784, 36.626932910316256 ], [ 25.114559962296656, 36.636197726783955 ], [ 25.148607122169484, 36.670321565151376 ] ] ], [ [ [ 25.101268474979783, 37.022320667424843 ], [ 25.105957957443991, 37.000000000102617 ], [ 25.107619579309866, 36.992141838220768 ], [ 25.099391516160519, 36.971339929149273 ], [ 25.106571974805309, 36.936535918798789 ], [ 25.071586335972011, 36.971391940920689 ], [ 25.038717731615975, 36.984480469468252 ], [ 25.038985280450298, 37.000000000102617 ], [ 25.03924153386825, 37.014960252424501 ], [ 25.064318576352967, 37.034702681154258 ], [ 25.094939195219524, 37.053794893825192 ], [ 25.110696919114051, 37.056392454694681 ], [ 25.101268474979783, 37.022320667424843 ] ] ], [ [ [ 24.982234405513839, 39.527508523612845 ], [ 24.999999999713978, 39.528611207861935 ], [ 25.025797270969317, 39.530212371581868 ], [ 25.04947750684908, 39.518297200097216 ], [ 25.042282694922687, 39.50000000024815 ], [ 25.030533318504599, 39.470325610288505 ], [ 24.999999999713978, 39.443258684309399 ], [ 24.995351263034426, 39.439136770701197 ], [ 24.973242483318838, 39.486166016428733 ], [ 24.976265283707178, 39.50000000024815 ], [ 24.982234405513839, 39.527508523612845 ] ] ], [ [ [ 24.666273087784514, 36.790277844856902 ], [ 24.655971662653766, 36.758711344567217 ], [ 24.636132687607596, 36.741914572426708 ], [ 24.60832756760621, 36.730992942278739 ], [ 24.579125644593134, 36.735358303753117 ], [ 24.569959121347939, 36.756920561457221 ], [ 24.568780568526101, 36.778424562553646 ], [ 24.602020126788826, 36.802164030916529 ], [ 24.62515468464251, 36.788904905282592 ], [ 24.643225830006767, 36.78407335144361 ], [ 24.666273087784514, 36.790277844856902 ] ] ], [ [ [ 34.571432313204063, 28.007611033849905 ], [ 34.551440562575841, 28.002470616346901 ], [ 34.544133770259378, 27.999999999632248 ], [ 34.534329719843562, 27.996700413744623 ], [ 34.515909373277232, 27.996544770274436 ], [ 34.524552095168467, 27.966715412494256 ], [ 34.548756081198228, 27.962978858520476 ], [ 34.563269742628819, 27.973798937426338 ], [ 34.58374164367472, 27.970743738318205 ], [ 34.579856784007127, 27.956926142880693 ], [ 34.600415985128969, 27.953344953157593 ], [ 34.618312530341335, 27.937072384411099 ], [ 34.617985154607396, 27.925742410919018 ], [ 34.589307032948291, 27.923990245841001 ], [ 34.580336935323118, 27.917526455962495 ], [ 34.559581308581251, 27.918869866403977 ], [ 34.53718880227138, 27.931446482125232 ], [ 34.512068163647612, 27.942600663852314 ], [ 34.514381620151632, 27.964788768650202 ], [ 34.503578217338429, 27.990610695876235 ], [ 34.509776777851805, 27.999999999632248 ], [ 34.512068163647612, 28.003486992569965 ], [ 34.526712776090434, 28.014783751041939 ], [ 34.552008013967772, 28.017930212738346 ], [ 34.571432313204063, 28.007611033849905 ] ] ], [ [ [ 25.977306258705365, 39.820421712670559 ], [ 25.998563908045448, 39.822801377897662 ], [ 25.99999999977441, 39.822785776783412 ], [ 26.054523470522859, 39.822193442302932 ], [ 26.06726933011932, 39.812344128319374 ], [ 26.086562720564199, 39.794795970356638 ], [ 26.078923935173247, 39.787340980712045 ], [ 26.084183784960803, 39.773367199770583 ], [ 26.081739372952978, 39.767126739503055 ], [ 26.071983552186456, 39.754174661518093 ], [ 26.062947960190545, 39.755548219428071 ], [ 26.048019590610718, 39.764414829659266 ], [ 26.026456389208217, 39.78266599201082 ], [ 26.000440866864711, 39.798201708339683 ], [ 25.99999999977441, 39.798505899478052 ], [ 25.9830899107452, 39.810172571173943 ], [ 25.977306258705365, 39.820421712670559 ] ] ], [ [ [ 23.414016923058838, 37.226728668791125 ], [ 23.442564094604041, 37.256343849892517 ], [ 23.499999999623348, 37.29167733503315 ], [ 23.508061083927682, 37.296635023837119 ], [ 23.541999043696247, 37.308572189836362 ], [ 23.569280362343672, 37.311525778282665 ], [ 23.576962781602919, 37.30037102302289 ], [ 23.553697273635322, 37.297677647153613 ], [ 23.533618222931157, 37.289735965114993 ], [ 23.513735597847017, 37.2754144718267 ], [ 23.508126559433791, 37.256795898974168 ], [ 23.499999999623348, 37.252189365963062 ], [ 23.475214376905001, 37.238137903106406 ], [ 23.443306146147854, 37.221458267125193 ], [ 23.414016923058838, 37.226728668791125 ] ] ], [ [ [ 23.258338807964126, 37.227789662129616 ], [ 23.270146162548965, 37.202617458977471 ], [ 23.250481787654678, 37.18686965432466 ], [ 23.219031884542012, 37.18686965432466 ], [ 23.156153901988187, 37.240381282016344 ], [ 23.203317844821431, 37.246676296947641 ], [ 23.230839239126851, 37.240381282016344 ], [ 23.258338807964126, 37.227789662129616 ] ] ], [ [ [ 27.516281526011849, 36.213236466481405 ], [ 27.55209651915985, 36.226213006587713 ], [ 27.596532427595562, 36.234874420878178 ], [ 27.634137079486884, 36.22428231815654 ], [ 27.631190690694918, 36.206103663566196 ], [ 27.583240940278685, 36.186389360879261 ], [ 27.560193632195283, 36.193036754503709 ], [ 27.516281526011849, 36.186650394507531 ], [ 27.516281526011849, 36.213236466481405 ] ] ], [ [ [ 10.97887614909795, 34.629758700804715 ], [ 10.999999999766354, 34.645949428694792 ], [ 11.001333837164834, 34.646971662985671 ], [ 11.031086978114345, 34.648952510893324 ], [ 11.084857980454951, 34.64824240153137 ], [ 11.112523566939885, 34.639907496293695 ], [ 11.108106742029022, 34.632412834910731 ], [ 11.072376603742759, 34.617963592085097 ], [ 11.039876680555738, 34.598743848451541 ], [ 11.012035299159594, 34.612916039285608 ], [ 10.999999999766354, 34.619029576595295 ], [ 10.97887614909795, 34.629758700804715 ] ] ], [ [ [ 36.582898286542218, 25.896391593454631 ], [ 36.581545129975233, 25.880692988110674 ], [ 36.553259797572423, 25.867427386595143 ], [ 36.541125040304188, 25.845704391492188 ], [ 36.538440552638363, 25.808288527094398 ], [ 36.541125040304188, 25.758791597749532 ], [ 36.553259797572423, 25.776904554742853 ], [ 36.573469842407945, 25.752746825127605 ], [ 36.574801173506785, 25.72981285885438 ], [ 36.553259797572423, 25.723766595887859 ], [ 36.531696596169915, 25.73825760343858 ], [ 36.527658951937106, 25.755164771662393 ], [ 36.523621308602621, 25.786574051729893 ], [ 36.524952639701461, 25.807080106830615 ], [ 36.51956183890168, 25.823977362771711 ], [ 36.522268152035636, 25.855368213173008 ], [ 36.533049752736886, 25.873466246413116 ], [ 36.56133508513971, 25.890353917802464 ], [ 36.582898286542218, 25.896391593454631 ] ] ], [ [ [ 26.53801496349017, 37.387097803401993 ], [ 26.550258845404173, 37.379443377553557 ], [ 26.557461129517101, 37.380606346017785 ], [ 26.568744707002494, 37.388347430182911 ], [ 26.574964861218664, 37.389111081250256 ], [ 26.579810034298028, 37.38334879559843 ], [ 26.588103572953486, 37.378384540514908 ], [ 26.593472548285128, 37.381022926980194 ], [ 26.599059774704941, 37.378384540514908 ], [ 26.600587531423805, 37.371406250601517 ], [ 26.610932629948721, 37.361406366336958 ], [ 26.608029892093047, 37.356770547532733 ], [ 26.588103572953486, 37.367621730398369 ], [ 26.578762429793471, 37.367725894219589 ], [ 26.571494670174427, 37.366024535695274 ], [ 26.564728888237834, 37.362569616821133 ], [ 26.561673373901787, 37.35387084378943 ], [ 26.56413961047944, 37.340707893529874 ], [ 26.550237020834345, 37.341576234125355 ], [ 26.547836259762803, 37.335688689160506 ], [ 26.563201131518966, 37.32922748510331 ], [ 26.572411324565071, 37.327924754451182 ], [ 26.580159235500108, 37.324589661730613 ], [ 26.577300147682408, 37.31678982603848 ], [ 26.570927217884179, 37.316025433380084 ], [ 26.563550332721046, 37.315677978927965 ], [ 26.56780622804202, 37.301430970556559 ], [ 26.567478851409767, 37.294063156672195 ], [ 26.580137410930281, 37.283740043022142 ], [ 26.568962958090658, 37.274997299937141 ], [ 26.559578163994356, 37.277448152387592 ], [ 26.553488960790411, 37.283322917666773 ], [ 26.559730940474729, 37.291178390428819 ], [ 26.556129798418262, 37.29715633731719 ], [ 26.549342191013526, 37.298198953346379 ], [ 26.541463329066261, 37.293802489578283 ], [ 26.536465381303159, 37.296165838302663 ], [ 26.541747055660544, 37.302925296590146 ], [ 26.535243174850088, 37.32806371358744 ], [ 26.536880058011352, 37.343642842495434 ], [ 26.529743249404532, 37.367777975716955 ], [ 26.534850323610037, 37.372951251925265 ], [ 26.52570560517173, 37.386663899913145 ], [ 26.53801496349017, 37.387097803401993 ] ] ], [ [ [ 36.531696596169915, 25.714091928137361 ], [ 36.53034343960293, 25.682682789499257 ], [ 36.511530201372352, 25.664457749605635 ], [ 36.500748600671102, 25.648708578690599 ], [ 36.515327769048852, 25.628682435018384 ], [ 36.519627314407785, 25.607149567580905 ], [ 36.552124892093602, 25.600042665321336 ], [ 36.604592438058638, 25.574794090824167 ], [ 36.613518904510457, 25.572821624923666 ], [ 36.615003012089666, 25.565341577424995 ], [ 36.652454887500618, 25.548719729072225 ], [ 36.670285995834433, 25.540398162929396 ], [ 36.661425004888727, 25.53361936705458 ], [ 36.656230630607283, 25.530044226582881 ], [ 36.615068487595785, 25.55682585691514 ], [ 36.60164604926667, 25.566357172969081 ], [ 36.549767781060041, 25.588873813393214 ], [ 36.510875448107853, 25.598109670443819 ], [ 36.510111570197573, 25.586589145430295 ], [ 36.50919491580693, 25.574735503387103 ], [ 36.500000000408861, 25.593649127615375 ], [ 36.492258636395619, 25.609570502698759 ], [ 36.482982967843398, 25.630283089498736 ], [ 36.484532550030409, 25.650055243659949 ], [ 36.500000000408861, 25.668307223424907 ], [ 36.510133394767408, 25.680263353182596 ], [ 36.531696596169915, 25.714091928137361 ] ] ], [ [ [ 27.022663186506112, 35.429201730542282 ], [ 27.025129423083765, 35.418010734834589 ], [ 27.000728958433378, 35.395832314914465 ], [ 26.999999999834831, 35.395748572207737 ], [ 26.981239142368473, 35.393593305782289 ], [ 26.946951905939336, 35.37675533901885 ], [ 26.925716081169082, 35.382466758180364 ], [ 26.920368931305585, 35.39916467735079 ], [ 26.925628781093142, 35.410566552931627 ], [ 26.963124307440378, 35.426564613689955 ], [ 26.999999999834831, 35.428197934918359 ], [ 27.022663186506112, 35.429201730542282 ] ] ], [ [ [ 23.511247542089425, 39.160868101981002 ], [ 23.499999999623348, 39.153423935644675 ], [ 23.493569247965223, 39.149167396932256 ], [ 23.475214376905001, 39.143438211378317 ], [ 23.46395264824395, 39.129522517652511 ], [ 23.451621492305151, 39.138875423145215 ], [ 23.433310271282902, 39.138231036349879 ], [ 23.422463219330044, 39.155557757139043 ], [ 23.428683360071492, 39.167048486794442 ], [ 23.456837680376637, 39.172357957266968 ], [ 23.465000250951881, 39.184141796705433 ], [ 23.494354949547009, 39.188719029549922 ], [ 23.499999999623348, 39.185513429313374 ], [ 23.515961753376779, 39.176448585013922 ], [ 23.511247542089425, 39.160868101981002 ] ] ], [ [ [ 27.051144944528957, 36.571058989324584 ], [ 27.074039477030304, 36.57346413317115 ], [ 27.093049141779215, 36.57982520007517 ], [ 27.106384279134065, 36.577298264027114 ], [ 27.116183749938561, 36.550228679682697 ], [ 27.113411962196796, 36.536699018171198 ], [ 27.106340629096096, 36.524457499676707 ], [ 27.074825181307034, 36.527509342736565 ], [ 27.050533842200736, 36.533316229991613 ], [ 27.041323649154631, 36.540151400936026 ], [ 27.046016045753621, 36.554987902124587 ], [ 27.051144944528957, 36.571058989324584 ] ] ], [ [ [ 25.199328659429167, 37.395862107039115 ], [ 25.206683719124154, 37.392130896509222 ], [ 25.217421669787438, 37.390516872457233 ], [ 25.228137794982576, 37.404417153571075 ], [ 25.237522589078875, 37.408165098800815 ], [ 25.244877648773862, 37.391592892146917 ], [ 25.237457113572763, 37.377690212502884 ], [ 25.229840152751638, 37.370625058111507 ], [ 25.232262739291322, 37.359947937856717 ], [ 25.240883654579029, 37.355433572391433 ], [ 25.252516434164821, 37.3546869395337 ], [ 25.253127537391354, 37.340464756865025 ], [ 25.247867687603797, 37.332440787974043 ], [ 25.236016656929841, 37.333587122168808 ], [ 25.230560381522256, 37.346039342597336 ], [ 25.22401285067383, 37.333778176033313 ], [ 25.212161819999878, 37.330287021650683 ], [ 25.196600521725376, 37.341854100489698 ], [ 25.208909880043809, 37.345639931150743 ], [ 25.219997031909173, 37.352672729784977 ], [ 25.212205470037848, 37.365000229438429 ], [ 25.204609679813025, 37.369526167104667 ], [ 25.203742568408614, 37.370063462905343 ], [ 25.1979755037605, 37.373940730369952 ], [ 25.18568687945714, 37.382841449821719 ], [ 25.185461644865949, 37.38300148174563 ], [ 25.172527433707245, 37.392130896509222 ], [ 25.171174278038578, 37.402820749126157 ], [ 25.184574890899537, 37.414046909725961 ], [ 25.199328659429167, 37.395862107039115 ] ] ], [ [ [ 25.569787947430974, 38.553144649359773 ], [ 25.567278060815351, 38.574099979565887 ], [ 25.549425127013393, 38.578841096076687 ], [ 25.539887557335035, 38.581891280428096 ], [ 25.536068164190404, 38.591058476113048 ], [ 25.549425127013393, 38.595641631127492 ], [ 25.574218442903828, 38.595641631127492 ], [ 25.585676621439415, 38.606340320937932 ], [ 25.60093236854981, 38.604824480428711 ], [ 25.61810872361912, 38.592592036316894 ], [ 25.61810872361912, 38.578841096076687 ], [ 25.610469938228167, 38.566604187623199 ], [ 25.610469938228167, 38.549779367225675 ], [ 25.599033584262408, 38.549779367225675 ], [ 25.569787947430974, 38.553144649359773 ] ] ], [ [ [ 26.8929347777873, 37.138526710546451 ], [ 26.912337293776265, 37.122782850130093 ], [ 26.903934629576721, 37.108882316497386 ], [ 26.923249845489742, 37.081822898524607 ], [ 26.906138965028237, 37.084907432541286 ], [ 26.896121243135571, 37.069727516084711 ], [ 26.869450967527559, 37.099056327155978 ], [ 26.876173099426179, 37.114160641757309 ], [ 26.845901682660024, 37.124524590255703 ], [ 26.838131946256841, 37.137272896334181 ], [ 26.860764576733732, 37.146014334859707 ], [ 26.8929347777873, 37.138526710546451 ] ] ], [ [ [ 25.729613171865754, 36.388670363299596 ], [ 25.737557509319132, 36.40604261833704 ], [ 25.749474014600882, 36.41709564927411 ], [ 25.76536268950764, 36.418674524398241 ], [ 25.775293111324359, 36.412358830369236 ], [ 25.797140038422835, 36.402884317717195 ], [ 25.815014797692939, 36.393408639671975 ], [ 25.834875640428066, 36.393408639671975 ], [ 25.834875640428066, 36.382352209056741 ], [ 25.815014797692939, 36.382352209056741 ], [ 25.799126122786177, 36.388670363299596 ], [ 25.795153954059494, 36.38077258940028 ], [ 25.781251364414395, 36.372874006385835 ], [ 25.761390520780949, 36.368134468520047 ], [ 25.739543593682473, 36.379192937379223 ], [ 25.729613171865754, 36.388670363299596 ] ] ], [ [ [ 26.516844614226024, 37.527404340346777 ], [ 26.504295180249596, 37.525817223621495 ], [ 26.499999999804619, 37.540689436141008 ], [ 26.497289322655007, 37.550073713938673 ], [ 26.491265594058856, 37.561440660176501 ], [ 26.489541410821651, 37.575019426786966 ], [ 26.496918295984781, 37.580579203018722 ], [ 26.491942171893189, 37.589240464281737 ], [ 26.497267497186858, 37.589606410549131 ], [ 26.499999999804619, 37.583006146834585 ], [ 26.502483696936448, 37.577006354060003 ], [ 26.508551074672251, 37.573415902799525 ], [ 26.516822788757882, 37.575734029638078 ], [ 26.516189860961518, 37.580823195786827 ], [ 26.524723476173289, 37.581328607170278 ], [ 26.524854426287202, 37.593492301018017 ], [ 26.521493360787044, 37.60279669663295 ], [ 26.520838607522538, 37.609225452556032 ], [ 26.506630465815018, 37.613476137694846 ], [ 26.499999999804619, 37.619826623357284 ], [ 26.494954036191263, 37.624659148421244 ], [ 26.499999999804619, 37.631562204787961 ], [ 26.511301037844184, 37.647020079338745 ], [ 26.528804770444061, 37.638783547473388 ], [ 26.525312753931679, 37.626522818389226 ], [ 26.527364312902826, 37.61709947996269 ], [ 26.546024775551341, 37.616663991122948 ], [ 26.547770784256691, 37.612866423783188 ], [ 26.546330327613767, 37.600427149069787 ], [ 26.543165687733637, 37.591105029394726 ], [ 26.531401957135628, 37.580492062191503 ], [ 26.529983325960849, 37.57245725719357 ], [ 26.508965752278762, 37.564996830091125 ], [ 26.510057006821285, 37.551974138489669 ], [ 26.519289025335535, 37.540169796584351 ], [ 26.515229556532905, 37.536769378178533 ], [ 26.516844614226024, 37.527404340346777 ] ] ], [ [ [ 48.035849913563467, 30.002058273908791 ], [ 48.059224597380812, 30.011207717065243 ], [ 48.074087492352838, 30.011207717065243 ], [ 48.097462177068486, 30.003891972882265 ], [ 48.106510432614954, 29.999999999932577 ], [ 48.11020803666495, 29.998346657187078 ], [ 48.112800662609814, 29.999999999932577 ], [ 48.125092757105115, 30.007540558025358 ], [ 48.135721581326003, 30.002058273908791 ], [ 48.13523946180122, 29.999999999932577 ], [ 48.133582721380606, 29.992647273669441 ], [ 48.122975721729546, 29.992647273669441 ], [ 48.11606807694497, 29.991694102264756 ], [ 48.09960103701389, 29.990740921615988 ], [ 48.086320462431082, 29.989797457958016 ], [ 48.08259928209646, 29.988853985244059 ], [ 48.063920704920235, 29.978712737298821 ], [ 48.059224597380812, 29.975547140843783 ], [ 48.037966948040726, 29.969846435413764 ], [ 48.023082228498865, 29.962238494941591 ], [ 48.012475228847819, 29.967939641252322 ], [ 48.016709298700647, 29.981247515069477 ], [ 48.023082228498865, 29.990740921615988 ], [ 48.033453248809629, 29.999999999932577 ], [ 48.035849913563467, 30.002058273908791 ] ] ], [ [ [ 36.786308240528172, 25.470469507636476 ], [ 36.806300034275537, 25.460347640137403 ], [ 36.832140955568839, 25.430152112362933 ], [ 36.847942329501336, 25.430366291925498 ], [ 36.891527059052521, 25.425498478539446 ], [ 36.909794669562672, 25.401234330477877 ], [ 36.890195727953682, 25.420630465578412 ], [ 36.851237919495375, 25.423376049243089 ], [ 36.840150767630014, 25.420942024686994 ], [ 36.858789404810388, 25.406687378222987 ], [ 36.886354509340904, 25.387113675391983 ], [ 36.898794817773251, 25.391749330311093 ], [ 36.903530865308525, 25.379069024986059 ], [ 36.913919613871414, 25.377335360778311 ], [ 36.920314369137785, 25.386957852590854 ], [ 36.948337800414464, 25.422382973139722 ], [ 36.966125258710314, 25.42390179235489 ], [ 36.960799933416638, 25.415217002454064 ], [ 36.945696962786613, 25.411400168568189 ], [ 36.937228823080957, 25.392762138324695 ], [ 36.91433429057961, 25.367419877763329 ], [ 36.900977327756621, 25.369893955889008 ], [ 36.856366819169025, 25.398332429232781 ], [ 36.835043693424517, 25.403318203383993 ], [ 36.82517874801222, 25.408381666746035 ], [ 36.811297982038639, 25.439011039578581 ], [ 36.786308240528172, 25.470469507636476 ] ] ], [ [ [ 24.081012421069921, 34.904379071819591 ], [ 24.085901232509158, 34.896666409515639 ], [ 24.08557385677522, 34.884909714485048 ], [ 24.08655598487535, 34.87173498211618 ], [ 24.108381038894972, 34.857272003315401 ], [ 24.099258166586058, 34.84985313925349 ], [ 24.058205238051858, 34.861540339621108 ], [ 24.030836620226811, 34.877120667384496 ], [ 24.025685906763123, 34.889474718496238 ], [ 24.033062775756573, 34.897188062160232 ], [ 24.047030810365065, 34.897132170463138 ], [ 24.052770799790519, 34.906521348437622 ], [ 24.081012421069921, 34.904379071819591 ] ] ], [ [ [ 28.902219176288298, 44.669231947917289 ], [ 28.783119592688681, 44.614658705638128 ], [ 28.773603848478469, 44.583092804386638 ], [ 28.752870001390665, 44.601568952890716 ], [ 28.769457078701581, 44.62310890642221 ], [ 28.869023195300002, 44.663081113824816 ], [ 28.877189712174285, 44.666834976598011 ], [ 28.891095139597372, 44.67041667499965 ], [ 28.894363666945157, 44.670588595277259 ], [ 28.902219176288298, 44.669231947917289 ] ] ], [ [ [ 26.998721048601894, 37.477086606329244 ], [ 26.999999999834831, 37.474885358265077 ], [ 27.014020445750258, 37.450749985400506 ], [ 26.999999999834831, 37.454335550873438 ], [ 26.991169563286881, 37.456593743095702 ], [ 26.981042715850133, 37.445824918254281 ], [ 26.962971530960004, 37.451842473943323 ], [ 26.946297153573148, 37.442217619680342 ], [ 26.941124603861528, 37.458154312507212 ], [ 26.922660566833041, 37.475509099620183 ], [ 26.926239884319674, 37.482581613431108 ], [ 26.953215710193479, 37.482304273016432 ], [ 26.966987349724665, 37.471781891079594 ], [ 26.975739216024603, 37.480934887756696 ], [ 26.998721048601894, 37.477086606329244 ] ] ], [ [ [ 26.683108243965144, 39.336039022240151 ], [ 26.667372344640444, 39.335205423935562 ], [ 26.656896296001612, 39.341908658096052 ], [ 26.640112792172353, 39.342742175828555 ], [ 26.635900547787667, 39.351111525023015 ], [ 26.640112792172353, 39.361997112646272 ], [ 26.640112792172353, 39.380413646328137 ], [ 26.649541236306625, 39.393793371701705 ], [ 26.688346268284558, 39.392127554230427 ], [ 26.674727404335432, 39.382912779627603 ], [ 26.656896296001612, 39.37873015163759 ], [ 26.656896296001612, 39.369530952147613 ], [ 26.667372344640444, 39.367847192914944 ], [ 26.677870219645726, 39.366180751853541 ], [ 26.692558512669244, 39.353629077794722 ], [ 26.687990082681143, 39.344820889623939 ], [ 26.687833378766349, 39.34452204895549 ], [ 26.683121993578883, 39.336011583008151 ], [ 26.683108243965144, 39.336039022240151 ] ] ], [ [ [ 24.04687803478301, 39.347326342860555 ], [ 24.059449266379811, 39.341491895472572 ], [ 24.050893845462834, 39.326868891941906 ], [ 24.080837820019724, 39.33138463777496 ], [ 24.077978737591916, 39.310766129335107 ], [ 24.060911544897618, 39.292921920588142 ], [ 24.040832495091767, 39.284736723748438 ], [ 24.045022905025156, 39.300289510584925 ], [ 24.03358657711054, 39.30781268185396 ], [ 24.020076867451579, 39.304476873298789 ], [ 24.028523163722788, 39.325705171624996 ], [ 24.04687803478301, 39.347326342860555 ] ] ], [ [ [ 36.035459243606148, 26.658619457874249 ], [ 36.066756440307039, 26.644567029647003 ], [ 36.067858171900731, 26.644708733680094 ], [ 36.070800632359955, 26.644850437535407 ], [ 36.082042524422896, 26.642679578040021 ], [ 36.086195841121572, 26.640372236602914 ], [ 36.090627209756882, 26.636618437289982 ], [ 36.094168769255496, 26.630512854248256 ], [ 36.094233808180384, 26.630366838153964 ], [ 36.109817367605942, 26.602418787626629 ], [ 36.113724060826513, 26.570802184058589 ], [ 36.094168769255496, 26.567286512719001 ], [ 36.094168769255496, 26.595389298881674 ], [ 36.08242686412563, 26.616476454665097 ], [ 36.058943053865889, 26.630512854248256 ], [ 36.031530725815749, 26.63754016080917 ], [ 36.035459243606148, 26.658619457874249 ] ] ], [ [ [ 34.652621516780137, 27.921108845529083 ], [ 34.660653136343143, 27.946182213633474 ], [ 34.688763807508643, 27.953344953157593 ], [ 34.720890287557332, 27.928273264834267 ], [ 34.720890287557332, 27.896029600397817 ], [ 34.688763807508643, 27.89244637153632 ], [ 34.68177978975524, 27.91022501903845 ], [ 34.689549509090433, 27.921517697465454 ], [ 34.677567554353708, 27.93648839444252 ], [ 34.663861419973038, 27.938902198619317 ], [ 34.662966591948852, 27.923698215537996 ], [ 34.652621516780137, 27.921108845529083 ] ] ], [ [ [ 24.298346315858648, 37.985622740972026 ], [ 24.277001412256705, 37.971201036314021 ], [ 24.249087166711238, 37.976453502592783 ], [ 24.244154704335717, 37.99479082479975 ], [ 24.246335789591043, 37.999999999985143 ], [ 24.25238275041707, 38.014539862035342 ], [ 24.280296995064223, 38.014539862035342 ], [ 24.296709436290648, 38.006619539663426 ], [ 24.297223110936415, 37.999999999985143 ], [ 24.298346315858648, 37.985622740972026 ] ] ], [ [ [ 26.716806201737572, 38.472821734285944 ], [ 26.687342313817968, 38.48219890141263 ], [ 26.685007027354231, 38.494018272035788 ], [ 26.686181220651996, 38.499999999878447 ], [ 26.690616079242183, 38.522746734469479 ], [ 26.698123914519222, 38.530508764371646 ], [ 26.70980034414298, 38.523043277160156 ], [ 26.718861583040251, 38.499999999878447 ], [ 26.721476773766739, 38.493394424146736 ], [ 26.733458754554601, 38.481973585948509 ], [ 26.731581795735341, 38.4620390733824 ], [ 26.717875631710267, 38.465003600394063 ], [ 26.716806201737572, 38.472821734285944 ] ] ], [ [ [ 24.123287551565621, 37.721994546889348 ], [ 24.143344776801641, 37.722759908164925 ], [ 24.150699820326956, 37.7076251411222 ], [ 24.134047303442536, 37.69574129490141 ], [ 24.119206266277999, 37.667929417517193 ], [ 24.100960520761859, 37.642544952849939 ], [ 24.092077723212629, 37.634603982772759 ], [ 24.09185947302278, 37.651390465171517 ], [ 24.104496179227372, 37.680322491800183 ], [ 24.123287551565621, 37.721994546889348 ] ] ], [ [ [ 23.956151282189833, 39.150908697085306 ], [ 23.959970667249628, 39.161599331139989 ], [ 23.967609436470909, 39.172288327695469 ], [ 23.979045765283836, 39.173820166408007 ], [ 23.986684534505116, 39.187552994630131 ], [ 23.988605138870771, 39.201283119130352 ], [ 23.999999999653557, 39.208893701125021 ], [ 24.000041467683705, 39.20892139605067 ], [ 24.013398400862286, 39.195192776399736 ], [ 24.019116565717912, 39.176866337881847 ], [ 24.003860851845186, 39.172288327695469 ], [ 23.999999999653557, 39.167961560169502 ], [ 23.994323302828079, 39.161599331139989 ], [ 23.990503918666601, 39.149376355355734 ], [ 23.956151282189833, 39.150908697085306 ] ] ], [ [ [ 40.026375002689413, 20.255623533811544 ], [ 40.021486297251379, 20.272253401651682 ], [ 40.043485472620837, 20.253247691483104 ], [ 40.058151588934933, 20.246119942980606 ], [ 40.10671127566615, 20.241367926507191 ], [ 40.133926525021053, 20.232287772261731 ], [ 40.193071132610285, 20.202094524922842 ], [ 40.224062034341998, 20.176798079458536 ], [ 40.254201776952129, 20.168563105373671 ], [ 40.284537940690711, 20.16128285269842 ], [ 40.280260323207855, 20.158183865048169 ], [ 40.251255459127087, 20.162938450823237 ], [ 40.222250594147994, 20.173253699076657 ], [ 40.187855058624834, 20.196895511168794 ], [ 40.131962313736565, 20.227641411320821 ], [ 40.114699071816347, 20.231439132283072 ], [ 40.089928175180454, 20.234239626508401 ], [ 40.060595941653951, 20.236615763830191 ], [ 40.03859676718281, 20.241367926507191 ], [ 40.026375002689413, 20.255623533811544 ] ] ], [ [ [ 24.24600983409357, 36.733740888563794 ], [ 24.24767814122179, 36.731651762756755 ], [ 24.245700791177953, 36.726699512482149 ], [ 24.243864868299184, 36.724054458522765 ], [ 24.240051594478267, 36.719495712236871 ], [ 24.230121194221113, 36.724244400241595 ], [ 24.212246474476881, 36.740071222411004 ], [ 24.202316075118041, 36.755894753706855 ], [ 24.212246474476881, 36.763805285115986 ], [ 24.232107274092879, 36.768551208679 ], [ 24.255940234350728, 36.765387292072305 ], [ 24.251968074607191, 36.751148039456822 ], [ 24.24600983409357, 36.733740888563794 ] ] ], [ [ [ 33.899613478361537, 27.273480317174375 ], [ 33.924821416162935, 27.277983816493116 ], [ 33.927331297388662, 27.264433769280526 ], [ 33.934904592002148, 27.25088205292457 ], [ 33.957558998539838, 27.219267897420359 ], [ 33.962600586459445, 27.205710622857268 ], [ 33.94749764816877, 27.205710622857268 ], [ 33.939946179023437, 27.226036157708965 ], [ 33.924821416162935, 27.228298653160472 ], [ 33.917248122447766, 27.239590931518538 ], [ 33.892062009216197, 27.248639521749581 ], [ 33.902145185055417, 27.262191514241334 ], [ 33.899613478361537, 27.273480317174375 ] ] ], [ [ [ 33.81781317335556, 27.602217742579544 ], [ 33.841602482677118, 27.59626187237237 ], [ 33.847888098924678, 27.578118864326989 ], [ 33.827263422296724, 27.582025042896646 ], [ 33.823924188552915, 27.569544310089398 ], [ 33.81026170421022, 27.565461880749755 ], [ 33.807358971744442, 27.596750071048778 ], [ 33.791470331871977, 27.589817448250436 ], [ 33.781103431235117, 27.594758208052188 ], [ 33.789702503088378, 27.622562869132466 ], [ 33.805220116290613, 27.6267212396838 ], [ 33.81781317335556, 27.602217742579544 ] ] ], [ [ [ 27.618182929074013, 40.491810397300178 ], [ 27.607841493878823, 40.499999999920512 ], [ 27.603560110658293, 40.503415783518157 ], [ 27.606484673982116, 40.510275946748685 ], [ 27.616807947937204, 40.513948431942985 ], [ 27.626803844361724, 40.503561407807986 ], [ 27.635861261825774, 40.508690405829618 ], [ 27.642103241510085, 40.506797414527462 ], [ 27.645093280340021, 40.500794496620955 ], [ 27.645105366273853, 40.499999999920512 ], [ 27.645224231352245, 40.492244074673536 ], [ 27.639418753844264, 40.478140077770199 ], [ 27.651117008936168, 40.469319545990871 ], [ 27.66087282970269, 40.47303105951287 ], [ 27.651815412238644, 40.46599346861256 ], [ 27.634377155144879, 40.475923004809182 ], [ 27.619252359046715, 40.47534462620338 ], [ 27.59825661083277, 40.474284251585338 ], [ 27.592734859919069, 40.48610807896744 ], [ 27.604083912910575, 40.488662135631031 ], [ 27.616458745836805, 40.488485442687086 ], [ 27.618182929074013, 40.491810397300178 ] ] ], [ [ [ 27.211843173316403, 35.871889311294076 ], [ 27.191676778518847, 35.871889311294076 ], [ 27.180676927627744, 35.882096990353304 ], [ 27.180676927627744, 35.889387377566351 ], [ 27.189843470635875, 35.901050587723759 ], [ 27.19717670486272, 35.918542153558093 ], [ 27.204509939089561, 35.931658267221124 ], [ 27.210009864535117, 35.917084671885512 ], [ 27.211843173316403, 35.901050587723759 ], [ 27.219176407543248, 35.887929354142678 ], [ 27.228342950551383, 35.877722433339628 ], [ 27.211843173316403, 35.871889311294076 ] ] ], [ [ [ 26.215308999386252, 38.548471572798121 ], [ 26.252215247975094, 38.534694677101498 ], [ 26.287571913478615, 38.522572297141707 ], [ 26.271530463888123, 38.506016254394666 ], [ 26.232354404341653, 38.517914662653958 ], [ 26.220721624755864, 38.536177129331598 ], [ 26.215308999386252, 38.548471572798121 ] ] ], [ [ [ 36.517073777754192, 45.287575343138464 ], [ 36.53488306151818, 45.292338414972846 ], [ 36.563364819541029, 45.263753942935651 ], [ 36.58828908644368, 45.247080262562072 ], [ 36.566922311559516, 45.237546066376865 ], [ 36.549113027795528, 45.256612847466045 ], [ 36.524418361296334, 45.280290559876974 ], [ 36.522523287051058, 45.282154855843189 ], [ 36.517073777754192, 45.287575343138464 ] ] ], [ [ [ 19.290200564138349, 40.52297508936028 ], [ 19.297115798788763, 40.528248161284829 ], [ 19.336170408803767, 40.504564586416478 ], [ 19.334870989457084, 40.499999999920512 ], [ 19.333075018252263, 40.493737831053672 ], [ 19.324952361621726, 40.479666280681307 ], [ 19.31531493970796, 40.475826608837863 ], [ 19.301242986190772, 40.497431923415121 ], [ 19.300125464909339, 40.499999999920512 ], [ 19.290200564138349, 40.52297508936028 ] ] ], [ [ [ 35.768391140903361, 27.099984634497591 ], [ 35.758750120338576, 27.105907716675151 ], [ 35.752758693363411, 27.113633178462209 ], [ 35.747329044020852, 27.119436828805341 ], [ 35.744929810085296, 27.117259177085362 ], [ 35.744189503069755, 27.115946591782606 ], [ 35.743179219073674, 27.115081678669327 ], [ 35.742610020458521, 27.115351306037084 ], [ 35.73517355363586, 27.123860330689929 ], [ 35.733293320457385, 27.126304719596142 ], [ 35.724211458936132, 27.138933819050465 ], [ 35.727965376574666, 27.148576212471781 ], [ 35.741540590485819, 27.150235244143136 ], [ 35.728423704219139, 27.169400133104606 ], [ 35.715001265890038, 27.17492259532504 ], [ 35.706314875096211, 27.169009842739115 ], [ 35.704699817403089, 27.176912955855229 ], [ 35.714062786031242, 27.184874037602889 ], [ 35.731981195339316, 27.17550799901592 ], [ 35.752867818009186, 27.143677044702482 ], [ 35.769040219510224, 27.100844003252469 ], [ 35.769112896809972, 27.100490766615447 ], [ 35.768391140903361, 27.099984634497591 ] ] ], [ [ [ 25.481352632735888, 36.888682421781851 ], [ 25.481352632735888, 36.864987384482674 ], [ 25.481352632735888, 36.849186574201269 ], [ 25.459505704739097, 36.846026017233072 ], [ 25.423756187097212, 36.855507293526784 ], [ 25.441630946367312, 36.861827486436432 ], [ 25.451561368184034, 36.869726984793139 ], [ 25.481352632735888, 36.888682421781851 ] ] ], [ [ [ 36.547650745684464, 25.534088229972639 ], [ 36.557384741881165, 25.529712104017726 ], [ 36.565503679486426, 25.526801109223285 ], [ 36.57687455794607, 25.522424714544286 ], [ 36.577933948347152, 25.522671086774785 ], [ 36.580576532299915, 25.522917653302883 ], [ 36.583898749257294, 25.522455584969833 ], [ 36.589860494098843, 25.516582757921309 ], [ 36.593112434054909, 25.50782905386076 ], [ 36.592649940024138, 25.499999999777721 ], [ 36.591475551791959, 25.480201260551308 ], [ 36.615810540936224, 25.442437612469782 ], [ 36.627203243965702, 25.424992214125307 ], [ 36.640167354650323, 25.410465414839813 ], [ 36.63207024161489, 25.407563737246733 ], [ 36.622314420848369, 25.420630465578412 ], [ 36.60932848559392, 25.440977437407458 ], [ 36.597979431704097, 25.456960515393799 ], [ 36.584971670981503, 25.480201260551308 ], [ 36.581741555595258, 25.496179072035506 ], [ 36.580462258510941, 25.499999999777721 ], [ 36.57687455794607, 25.510760053817233 ], [ 36.567118737179541, 25.515136878485187 ], [ 36.554132801026782, 25.522424714544286 ], [ 36.547650745684464, 25.534088229972639 ] ] ], [ [ [ 24.653156230263921, 37.594363549054201 ], [ 24.671030950008152, 37.594363549054201 ], [ 24.678975270393543, 37.602291431535505 ], [ 24.682947430137077, 37.610218462860438 ], [ 24.694863910266001, 37.614974271732194 ], [ 24.708766469368378, 37.610218462860438 ], [ 24.714724709881999, 37.599120380907117 ], [ 24.710752550138459, 37.588020630047893 ], [ 24.698836070009538, 37.588020630047893 ], [ 24.678975270393543, 37.584848965404568 ], [ 24.655142310135691, 37.583263082693115 ], [ 24.653871219161491, 37.587170567817992 ], [ 24.653404380878005, 37.588813524914841 ], [ 24.652600128187292, 37.593209143924149 ], [ 24.653156230263921, 37.594363549054201 ] ] ], [ [ [ 27.100928003726484, 36.938391843642584 ], [ 27.109963595722384, 36.943924658020705 ], [ 27.122840406331068, 36.943491066590653 ], [ 27.141719120067755, 36.937628664884144 ], [ 27.151736841960421, 36.943109503929357 ], [ 27.161579962802886, 36.934471799181757 ], [ 27.145800413440217, 36.923421728849618 ], [ 27.156887566203892, 36.919448860360006 ], [ 27.160663308412243, 36.912023026029829 ], [ 27.142417523370231, 36.912821164266759 ], [ 27.127816529524342, 36.916204484764762 ], [ 27.119872192070964, 36.928157671403788 ], [ 27.100928003726484, 36.938391843642584 ] ] ], [ [ [ 33.728308623622183, 27.664197937639806 ], [ 33.756004618079487, 27.668705977784175 ], [ 33.762350470858422, 27.688624974250772 ], [ 33.766087793020382, 27.693565128300786 ], [ 33.778680850085323, 27.675496957155453 ], [ 33.771129380939996, 27.661934088979091 ], [ 33.756004618079487, 27.657406248720985 ], [ 33.748453148934153, 27.641576837573137 ], [ 33.733328386073651, 27.628029238833367 ], [ 33.728308623622183, 27.664197937639806 ] ] ], [ [ [ 24.663086630521079, 36.724244400241595 ], [ 24.696849990137768, 36.724244400241595 ], [ 24.704794309624845, 36.714746727390761 ], [ 24.704794309624845, 36.705247870122903 ], [ 24.698836070009538, 36.695747829273643 ], [ 24.684933510008843, 36.690997364046211 ], [ 24.665072710392849, 36.706831095367875 ], [ 24.663086630521079, 36.724244400241595 ] ] ], [ [ [ 25.325063074851464, 36.447418267175543 ], [ 25.338856538952474, 36.43782664858221 ], [ 25.333683990139175, 36.42960430937466 ], [ 25.321614708377052, 36.422751689647257 ], [ 25.325063074851464, 36.409044618611993 ], [ 25.307821243377724, 36.407673777309164 ], [ 25.297476144852808, 36.425492811037898 ], [ 25.304372877801629, 36.44467792675767 ], [ 25.312516259464086, 36.446187901268011 ], [ 25.314717976326548, 36.446561834372289 ], [ 25.323917038347965, 36.447697845409998 ], [ 25.325063074851464, 36.447418267175543 ] ] ], [ [ [ 36.953510349227763, 25.512205986544181 ], [ 36.948643351578575, 25.525335816677767 ], [ 36.937272473118931, 25.525335816677767 ], [ 36.935657415425808, 25.532623027405293 ], [ 36.937272473118931, 25.544285539583836 ], [ 36.932405475469736, 25.555946905765733 ], [ 36.932405475469736, 25.570536647198445 ], [ 36.935657415425808, 25.586569617961647 ], [ 36.940524413973307, 25.595297984854472 ], [ 36.950258409271697, 25.596762412566488 ], [ 36.958377346876951, 25.585105064114067 ], [ 36.958377346876951, 25.57344656836376 ], [ 36.945391411622502, 25.582195430252938 ], [ 36.945391411622502, 25.571981851372374 ], [ 36.947006469315625, 25.563251766288168 ], [ 36.958377346876951, 25.555946905765733 ], [ 36.947006469315625, 25.553036554800325 ], [ 36.945391411622502, 25.544285539583836 ], [ 36.950258409271697, 25.532623027405293 ], [ 36.958377346876951, 25.518048159328149 ], [ 36.953510349227763, 25.512205986544181 ] ] ], [ [ [ 36.672643106868001, 25.534088229972639 ], [ 36.688880982976833, 25.534088229972639 ], [ 36.706733916778795, 25.532623027405293 ], [ 36.729475673698083, 25.522424714544286 ], [ 36.740824726689588, 25.516582757921309 ], [ 36.744076667543979, 25.509294563287519 ], [ 36.731090731391213, 25.509294563287519 ], [ 36.719719852931561, 25.515136878485187 ], [ 36.701866919129607, 25.526801109223285 ], [ 36.690496040669956, 25.528246847413012 ], [ 36.672643106868001, 25.523870506042229 ], [ 36.684013985327645, 25.50782905386076 ], [ 36.698568135624733, 25.499999999777721 ], [ 36.700251861436485, 25.499098050555567 ], [ 36.716489737545324, 25.48748009147366 ], [ 36.714852855282373, 25.478761011522494 ], [ 36.695384863787289, 25.493279482311085 ], [ 36.687265926182036, 25.499098050555567 ], [ 36.684913067773017, 25.499999999777721 ], [ 36.675895047722385, 25.503471501050857 ], [ 36.672643106868001, 25.515136878485187 ], [ 36.666317101466952, 25.518895738276985 ], [ 36.661294053876496, 25.525335816677767 ], [ 36.672643106868001, 25.534088229972639 ] ] ], [ [ [ 37.039544902851311, 24.957218171782795 ], [ 37.042796842807384, 24.968293554993398 ], [ 37.046048783661767, 24.977758714596817 ], [ 37.052530839004078, 24.988832228468979 ], [ 37.062286659770599, 24.987244310537747 ], [ 37.075272595923373, 24.976191826709108 ], [ 37.089873588870951, 24.961961862784083 ], [ 37.091510472032205, 24.952474295977566 ], [ 37.085006591221756, 24.944574485461938 ], [ 37.075272595923373, 24.957218171782795 ], [ 37.057419662121411, 24.95880648159309 ], [ 37.039544902851311, 24.957218171782795 ] ] ], [ [ [ 37.0059778951928, 25.479558989589595 ], [ 37.000000000439073, 25.469592860115046 ], [ 36.998622836396123, 25.467296784100199 ], [ 37.000000000439073, 25.466594936589924 ], [ 37.012525426041222, 25.460211378916505 ], [ 37.015908317009519, 25.44198982747287 ], [ 37.000000000439073, 25.449467558925029 ], [ 36.99971409093866, 25.449601946767078 ], [ 36.986051576951546, 25.446000365261391 ], [ 36.980879028138254, 25.458167432916458 ], [ 36.982821461565308, 25.470177543132362 ], [ 36.970817655309304, 25.475413337698271 ], [ 36.958551947927155, 25.459744193957306 ], [ 36.959795978950048, 25.478858326625236 ], [ 36.971210507447672, 25.486039930600686 ], [ 36.991398726815049, 25.478216047595971 ], [ 37.000000000439073, 25.479008345153655 ], [ 37.0059778951928, 25.479558989589595 ] ] ], [ [ [ 24.114535705028619, 39.368975489980848 ], [ 24.1278926382072, 39.390288168462355 ], [ 24.135509581960338, 39.400942047445618 ], [ 24.143148351181615, 39.408541043760358 ], [ 24.145068956445588, 39.391815208991233 ], [ 24.162223449215826, 39.38723398494885 ], [ 24.164144054479795, 39.376577995918311 ], [ 24.148866516037238, 39.370503000570686 ], [ 24.131701110532926, 39.370312063588948 ], [ 24.114535705028619, 39.368975489980848 ] ] ], [ [ [ 25.797140038422835, 37.088009265305658 ], [ 25.787209616606116, 37.09752307827172 ], [ 25.771320942597672, 37.113376755590579 ], [ 25.789195700969458, 37.113376755590579 ], [ 25.801112207149522, 37.11496193954104 ], [ 25.818986966419626, 37.12130233920729 ], [ 25.818986966419626, 37.108621003649048 ], [ 25.817000882056281, 37.100694081316711 ], [ 25.82494521861134, 37.089594984694415 ], [ 25.820600714369068, 37.08979311000757 ], [ 25.811042628966248, 37.089991408953431 ], [ 25.797140038422835, 37.088009265305658 ] ] ], [ [ [ 29.146769448715922, 40.879963593372814 ], [ 29.152269374161477, 40.87783986643371 ], [ 29.157376448366978, 40.87670557491461 ], [ 29.167983448018042, 40.874750686005783 ], [ 29.16562633698447, 40.862585627750967 ], [ 29.139698115615218, 40.839987401342107 ], [ 29.130269670582635, 40.855633154490832 ], [ 29.132626781616203, 40.869537365665714 ], [ 29.146769448715922, 40.879963593372814 ] ] ], [ [ [ 25.038455830489831, 36.962878845752705 ], [ 25.032497577399798, 36.950254810922594 ], [ 25.022567155583079, 36.945520253196769 ], [ 25.004692397211286, 36.947098472080867 ], [ 24.999999999713978, 36.949229139278479 ], [ 24.990789827329127, 36.953411017137825 ], [ 24.990789827329127, 36.96445670188028 ], [ 24.992775907200897, 36.973923144588426 ], [ 24.999999999713978, 36.972879782431882 ], [ 25.014622819028013, 36.970767795856062 ], [ 25.024553239946425, 36.96445670188028 ], [ 25.038455830489831, 36.962878845752705 ] ] ], [ [ [ 36.463602276424261, 26.096925251712161 ], [ 36.455614288932914, 26.086165856938837 ], [ 36.44963421127305, 26.100498477944608 ], [ 36.443632308145048, 26.111237016514711 ], [ 36.431672151927003, 26.116625435050995 ], [ 36.411702183647797, 26.134526456219149 ], [ 36.4177040867758, 26.143485686796904 ], [ 36.435666146121839, 26.125586052818925 ], [ 36.445640217976539, 26.130954282251757 ], [ 36.455614288932914, 26.139894270280241 ], [ 36.461594367491088, 26.123790080694508 ], [ 36.457600373296259, 26.113033183655752 ], [ 36.463602276424261, 26.096925251712161 ] ] ], [ [ [ 36.899929723252058, 25.529712104017726 ], [ 36.893958593710742, 25.528688575365095 ], [ 36.892217168209982, 25.528256615953545 ], [ 36.886943787099298, 25.526801109223285 ], [ 36.87234279415172, 25.520959367972374 ], [ 36.859356857998961, 25.522424714544286 ], [ 36.851237919495375, 25.532623027405293 ], [ 36.862586973385199, 25.539909789789981 ], [ 36.869090853297337, 25.548661127927197 ], [ 36.873957850946525, 25.558876716495508 ], [ 36.883691847143226, 25.551571586310004 ], [ 36.898314665558942, 25.541374903175804 ], [ 36.899929723252058, 25.529712104017726 ] ] ], [ [ [ 33.962600586459445, 26.808169209596471 ], [ 33.987808524260842, 26.794622750277362 ], [ 33.997891700100055, 26.778832727543744 ], [ 34.000000000257799, 26.773141926893643 ], [ 34.002911462551516, 26.765282727704829 ], [ 34.000401581325782, 26.744944915621208 ], [ 34.000000000257799, 26.743685153727267 ], [ 33.995359993406176, 26.729128408373256 ], [ 33.990318405486569, 26.756235488301968 ], [ 33.985276818465287, 26.769786578116282 ], [ 33.97268376140034, 26.783336034015328 ], [ 33.965546968963196, 26.803234200318904 ], [ 33.962600586459445, 26.808169209596471 ] ] ], [ [ [ 38.956530943474611, 21.947759824922112 ], [ 38.956530943474611, 21.95665674740917 ], [ 38.955952578450294, 21.964718991163497 ], [ 38.955374213425976, 21.967777109348194 ], [ 38.949677861462078, 21.977774091643425 ], [ 38.945632578854422, 21.98227673732471 ], [ 38.944606362338462, 21.983530929538791 ], [ 38.942824779449545, 21.988892780200604 ], [ 38.940193416353004, 22.000000000301405 ], [ 38.939398238443275, 22.003368337682705 ], [ 38.941689873970731, 22.01339849183638 ], [ 38.943959684928359, 22.018987015988117 ], [ 38.949677861462078, 22.017860828971013 ], [ 38.949677861462078, 22.012293509539248 ], [ 38.946251320455815, 22.003368337682705 ], [ 38.946251320455815, 22.000000000301405 ], [ 38.946251320455815, 21.996685926770223 ], [ 38.949677861462078, 21.988892780200604 ], [ 38.956530943474611, 21.981120380454122 ], [ 38.958800754432247, 21.971102455996547 ], [ 38.96565383644478, 21.975550248046805 ], [ 38.977090190410543, 21.979997900004527 ], [ 38.982786541476116, 21.970001075240937 ], [ 38.986213082482386, 21.96110499783066 ], [ 38.977090190410543, 21.958880890225668 ], [ 38.970237107499685, 21.954432570221943 ], [ 38.96908037745105, 21.944412741225676 ], [ 38.967945471972236, 21.938862339275651 ], [ 38.956530943474611, 21.947759824922112 ] ] ], [ [ [ 8.913128853082702, 37.513537721576668 ], [ 8.908587288111489, 37.522695213608209 ], [ 8.919293972911309, 37.527247374165896 ], [ 8.939303187686955, 37.527299695786162 ], [ 8.956679611044786, 37.537850553759306 ], [ 8.9710063842687, 37.526985763362589 ], [ 8.957381689355069, 37.512857405376501 ], [ 8.936297417559768, 37.514846004109415 ], [ 8.913128853082702, 37.513537721576668 ] ] ], [ [ [ 26.438645272511771, 36.9991611880384 ], [ 26.439893668448629, 37.000000000102617 ], [ 26.464464368336934, 37.016617280913572 ], [ 26.496241717252133, 37.003918282391503 ], [ 26.495424730942261, 37.000000000102617 ], [ 26.494255632888787, 36.994429698486201 ], [ 26.468436537063624, 36.991275206685117 ], [ 26.438645272511771, 36.9991611880384 ] ] ], [ [ [ 27.511545479374888, 40.525660203198939 ], [ 27.516499777100019, 40.522198650746354 ], [ 27.523920312301119, 40.518106023206485 ], [ 27.530969819933681, 40.519691339767469 ], [ 27.515779549227716, 40.504435144798649 ], [ 27.522829056860278, 40.500098706156464 ], [ 27.522735981515375, 40.499999999920512 ], [ 27.517656508046976, 40.49465334296994 ], [ 27.50803163739436, 40.491200031361203 ], [ 27.501353156432025, 40.484164359688933 ], [ 27.49999999986504, 40.484180044375321 ], [ 27.495809580050185, 40.484228616328139 ], [ 27.497162736617167, 40.489947158189658 ], [ 27.491422734615306, 40.492918678611453 ], [ 27.490396954680573, 40.499230711664957 ], [ 27.49136580208754, 40.499999999920512 ], [ 27.496748059908974, 40.504305702929095 ], [ 27.498341292133954, 40.511618773517299 ], [ 27.49999999986504, 40.51338281776173 ], [ 27.511545479374888, 40.525660203198939 ] ] ], [ [ [ 26.927723991000573, 38.484088052146397 ], [ 26.934271521848995, 38.475387144312563 ], [ 26.945205898132304, 38.466685178321434 ], [ 26.955721014502839, 38.467207672416286 ], [ 26.960516207116424, 38.467625110819881 ], [ 26.973226710819926, 38.468564857937487 ], [ 26.976070084408367, 38.467903690119961 ], [ 26.971439670665664, 38.464951592293765 ], [ 26.958065903058653, 38.457543332741565 ], [ 26.949570918099045, 38.456248355896825 ], [ 26.9356382097391, 38.457123928348771 ], [ 26.929906500983943, 38.457999490793135 ], [ 26.91678961471726, 38.470169558637942 ], [ 26.914607104733893, 38.485821174298479 ], [ 26.927723991000573, 38.484088052146397 ] ] ], [ [ [ 28.52852977379856, 40.576559782522573 ], [ 28.543698219934697, 40.574523255168636 ], [ 28.539551450157813, 40.567346421993541 ], [ 28.535404681279239, 40.562238112904105 ], [ 28.532654718107306, 40.554041366479609 ], [ 28.532654718107306, 40.54278738000567 ], [ 28.52852977379856, 40.532550419683162 ], [ 28.514736308799232, 40.527439435158243 ], [ 28.513361327662423, 40.543806138753538 ], [ 28.52025805971293, 40.554041366479609 ], [ 28.525757986056799, 40.56325657278331 ], [ 28.518861253107975, 40.569399334147391 ], [ 28.52852977379856, 40.576559782522573 ] ] ], [ [ [ 36.992468156787751, 25.435175496563524 ], [ 37.000000000439073, 25.435175496563524 ], [ 37.003839035247402, 25.435175496563524 ], [ 37.020076911356234, 25.435175496563524 ], [ 37.028195849859813, 25.422090890742762 ], [ 37.037929845158196, 25.411925963658877 ], [ 37.046048783661767, 25.414827535153897 ], [ 37.04766384135489, 25.401740695732016 ], [ 37.029810907552928, 25.407563737246733 ], [ 37.018440029093284, 25.417729036067545 ], [ 37.011957973750974, 25.42935380310746 ], [ 37.005454092940518, 25.420630465578412 ], [ 37.011957973750974, 25.411925963658877 ], [ 37.000000000439073, 25.417865831293376 ], [ 36.997335155335257, 25.41918949594865 ], [ 36.984349219182491, 25.426452585866052 ], [ 36.992468156787751, 25.435175496563524 ] ] ], [ [ [ 25.616406365850054, 36.890261827444391 ], [ 25.632295040756812, 36.896579119795568 ], [ 25.644211546038566, 36.90447499382762 ], [ 25.662086305308666, 36.901316742808021 ], [ 25.672016727125392, 36.888682421781851 ], [ 25.658114136581975, 36.88552351158701 ], [ 25.642225461675221, 36.882364470290824 ], [ 25.616406365850054, 36.890261827444391 ] ] ], [ [ [ 29.565243960843457, 36.140694887061038 ], [ 29.563628903150335, 36.129027612767402 ], [ 29.571726016185764, 36.126432712291233 ], [ 29.574977957040147, 36.119936374738849 ], [ 29.565243960843457, 36.117341171108777 ], [ 29.553894907851952, 36.110861493731683 ], [ 29.547391027041492, 36.10047895066441 ], [ 29.536041974049994, 36.096593850988612 ], [ 29.540908971699185, 36.112150504998965 ], [ 29.542699067023733, 36.115529005820861 ], [ 29.544489379740572, 36.124839679680818 ], [ 29.544160912553565, 36.129027612767402 ], [ 29.553894907851952, 36.130316323212178 ], [ 29.55550996554507, 36.139406348541058 ], [ 29.565243960843457, 36.140694887061038 ] ] ], [ [ [ 33.832937936216055, 27.629337222189573 ], [ 33.821348831821069, 27.647705885459722 ], [ 33.819864728733435, 27.664744376659154 ], [ 33.833876413379897, 27.670579393977192 ], [ 33.844417915066963, 27.655005636306448 ], [ 33.848346424772529, 27.636130672510905 ], [ 33.832937936216055, 27.629337222189573 ] ] ], [ [ [ 26.730599666736897, 37.295453366267928 ], [ 26.758404846925409, 37.289127704719185 ], [ 26.782237858387226, 37.284383107457742 ], [ 26.774293521832163, 37.26540169870087 ], [ 26.736557919826932, 37.284383107457742 ], [ 26.730599666736897, 37.295453366267928 ] ] ], [ [ [ 36.415696176944309, 26.154220231840615 ], [ 36.395748033234923, 26.156015731672785 ], [ 36.39374012430175, 26.143485686796904 ], [ 36.405722105089623, 26.13273062304221 ], [ 36.40035902270624, 26.132370282161755 ], [ 36.39043754990638, 26.134346289125336 ], [ 36.387760045743576, 26.136322262292065 ], [ 36.381779968083713, 26.14885308447991 ], [ 36.363817908737673, 26.156015731672785 ], [ 36.361907994323893, 26.161133921855932 ], [ 36.364860057773505, 26.16565298651642 ], [ 36.367811902932509, 26.166749111530503 ], [ 36.377785973888884, 26.161382545993639 ], [ 36.381152060073163, 26.164207732394843 ], [ 36.390575047840393, 26.167032849619265 ], [ 36.39374012430175, 26.166749111530503 ], [ 36.398048617779239, 26.165517165238484 ], [ 36.407292639582316, 26.160608373879828 ], [ 36.415696176944309, 26.154220231840615 ] ] ], [ [ [ 23.945587955932943, 40.338899988994797 ], [ 23.970795894632655, 40.334746315690644 ], [ 23.984807579279117, 40.311928716971018 ], [ 23.95959964147772, 40.309851075724417 ], [ 23.945587955932943, 40.338899988994797 ] ] ], [ [ [ 26.635267619092989, 36.347593104114168 ], [ 26.611434607631171, 36.369714346352026 ], [ 26.613420691994516, 36.377613253720448 ], [ 26.633281534729647, 36.372874006385835 ], [ 26.657114547089783, 36.35075366943682 ], [ 26.635267619092989, 36.347593104114168 ] ] ], [ [ [ 36.744076667543979, 25.502005920601423 ], [ 36.750027588584658, 25.499999999777721 ], [ 36.770048538951194, 25.493279482311085 ], [ 36.787923298221294, 25.490379822665403 ], [ 36.804139348861987, 25.484560827642206 ], [ 36.822014108132088, 25.475841533648829 ], [ 36.833363161123593, 25.47004129235037 ], [ 36.822014108132088, 25.465681193105151 ], [ 36.807391288818053, 25.474401231829368 ], [ 36.796042235826555, 25.480201260551308 ], [ 36.787923298221294, 25.484560827642206 ], [ 36.779804359717723, 25.480201260551308 ], [ 36.765181541302006, 25.484560827642206 ], [ 36.753832488310501, 25.49181993096634 ], [ 36.745991457114791, 25.499999999777721 ], [ 36.744076667543979, 25.502005920601423 ] ] ], [ [ [ 29.806978794593032, 36.166635237576173 ], [ 29.819964730745802, 36.169228796736135 ], [ 29.839432722240879, 36.174415655328396 ], [ 29.8767536466396, 36.191261851912692 ], [ 29.873501706683534, 36.184788332807116 ], [ 29.858900712837645, 36.175703612876887 ], [ 29.860515770530764, 36.169228796736135 ], [ 29.834565723693373, 36.162736033529512 ], [ 29.818327847584538, 36.16014225765187 ], [ 29.806978794593032, 36.166635237576173 ] ] ], [ [ [ 27.66067640318435, 36.237848297860168 ], [ 27.670999677139438, 36.247273517218972 ], [ 27.684291164456319, 36.251985696599384 ], [ 27.694614437513088, 36.249638336344873 ], [ 27.700529040565154, 36.241395931721456 ], [ 27.694614437513088, 36.233135258638171 ], [ 27.684291164456319, 36.220177272298983 ], [ 27.676914279293189, 36.223708320452758 ], [ 27.681344775664353, 36.230787328006002 ], [ 27.681344775664353, 36.240213405388943 ], [ 27.672483783820333, 36.240213405388943 ], [ 27.665106899555518, 36.231969998164459 ], [ 27.66067640318435, 36.237848297860168 ] ] ], [ [ [ 25.262621457031742, 37.366423837764827 ], [ 25.272159026710096, 37.370086898847298 ], [ 25.276851423309083, 37.358437392077519 ], [ 25.287109221758062, 37.346664503882565 ], [ 25.283355304119542, 37.337581785270174 ], [ 25.275410966666161, 37.325492931197999 ], [ 25.263494460486097, 37.326465670023964 ], [ 25.268448759109543, 37.336261833112516 ], [ 25.271024121231282, 37.345605199588128 ], [ 25.268339633565457, 37.355225210903853 ], [ 25.262621457031742, 37.366423837764827 ] ] ], [ [ [ 27.448165381696377, 36.998537272710038 ], [ 27.455542266859503, 36.993840407716633 ], [ 27.464381433235385, 36.990321900492916 ], [ 27.4747265317603, 36.985624523768116 ], [ 27.485049804817073, 36.97974805804725 ], [ 27.495373077873847, 36.972692227880799 ], [ 27.487996193609035, 36.965653076260558 ], [ 27.476188812973049, 36.966832092901662 ], [ 27.474288501549665, 36.970811485789376 ], [ 27.470296035389133, 36.972692227880799 ], [ 27.462435507158499, 36.977020633099677 ], [ 27.457004548072256, 36.982105633233026 ], [ 27.448165381696377, 36.998537272710038 ] ] ], [ [ [ 29.09962722714625, 40.874750686005783 ], [ 29.091479261380897, 40.87880922729618 ], [ 29.083127449911274, 40.879963593372814 ], [ 29.094913005079114, 40.890388166420585 ], [ 29.113769893347655, 40.895599832763281 ], [ 29.123198337481927, 40.881701137009536 ], [ 29.11141278231409, 40.874750686005783 ], [ 29.09962722714625, 40.874750686005783 ] ] ], [ [ [ 25.501715453153469, 38.539072181410809 ], [ 25.528429377901134, 38.543658681217629 ], [ 25.528429377901134, 38.529898297897539 ], [ 25.511253022831824, 38.522240864974059 ], [ 25.49999999974419, 38.524947258404545 ], [ 25.492177883475112, 38.526828446674742 ], [ 25.49999999974419, 38.536870144911219 ], [ 25.501715453153469, 38.539072181410809 ] ] ], [ [ [ 25.511143897287742, 36.891841199428121 ], [ 25.527032572194493, 36.890261827444391 ], [ 25.54292124620294, 36.887102983162521 ], [ 25.546893414929627, 36.871306785903265 ], [ 25.532990824386214, 36.86814715145416 ], [ 25.525046487831155, 36.877625660105025 ], [ 25.515116066014428, 36.877625660105025 ], [ 25.511143897287742, 36.891841199428121 ] ] ], [ [ [ 26.692864064731673, 37.387115159144876 ], [ 26.710738823103455, 37.385535739850468 ], [ 26.720669244920177, 37.377638137228459 ], [ 26.72662749801021, 37.365000229438429 ], [ 26.716697076193491, 37.357100446879322 ], [ 26.706766654376764, 37.36658008559921 ], [ 26.692864064731673, 37.387115159144876 ] ] ], [ [ [ 26.469571442542435, 37.571254576277603 ], [ 26.464136991704681, 37.560534157959488 ], [ 26.456541856351699, 37.55926154976185 ], [ 26.454206569887962, 37.569825276966654 ], [ 26.447200712293366, 37.571272006202662 ], [ 26.436375461554142, 37.568570259382085 ], [ 26.430744585096363, 37.571132563827213 ], [ 26.44052223133103, 37.577668651031836 ], [ 26.452024059904588, 37.577546649893613 ], [ 26.455930753125166, 37.586591655263931 ], [ 26.46675600386439, 37.585580900385445 ], [ 26.469571442542435, 37.571254576277603 ] ] ], [ [ [ 40.078928587495732, 19.970494577589331 ], [ 40.098396111866862, 19.971599670881929 ], [ 40.105249029487702, 19.959315694610996 ], [ 40.11668510856898, 19.948136010098867 ], [ 40.119462067911833, 19.943735543055617 ], [ 40.117506148975728, 19.940372671373765 ], [ 40.115550230039624, 19.939187433740688 ], [ 40.100665868027257, 19.945904227906389 ], [ 40.086938208215749, 19.959315694610996 ], [ 40.078928587495732, 19.970494577589331 ] ] ], [ [ [ 26.37818973905539, 38.461692337159725 ], [ 26.385195596649979, 38.44128394390912 ], [ 26.373519167026224, 38.433861267338742 ], [ 26.357172165373303, 38.44128394390912 ], [ 26.361842737402466, 38.450561207689319 ], [ 26.37818973905539, 38.461692337159725 ] ] ], [ [ [ 33.970173880174613, 27.226036157708965 ], [ 33.980235230545681, 27.235085860760329 ], [ 33.987808524260842, 27.219267897420359 ], [ 33.990318405486569, 27.19892160632309 ], [ 33.97772534931994, 27.19667801754446 ], [ 33.97268376140034, 27.212479715524314 ], [ 33.970173880174613, 27.226036157708965 ] ] ], [ [ [ 24.305330332713737, 39.343089471461539 ], [ 24.312969101935018, 39.353750612655745 ], [ 24.31868726679064, 39.362882468628683 ], [ 24.333964805233194, 39.361354789314376 ], [ 24.332044199969225, 39.352222732025922 ], [ 24.320607871156295, 39.336994174065481 ], [ 24.305330332713737, 39.343089471461539 ] ] ], [ [ [ 40.062931171523829, 20.273080605745317 ], [ 40.072075669874891, 20.280885798692175 ], [ 40.080085290594909, 20.276431797041269 ], [ 40.093812950406416, 20.270853507698568 ], [ 40.09401439132067, 20.270880233222826 ], [ 40.09459427000624, 20.270906958742479 ], [ 40.096242025477395, 20.270679156766938 ], [ 40.100616762520566, 20.269565594346052 ], [ 40.10638390711874, 20.264150808846217 ], [ 40.113247737473642, 20.256350067581966 ], [ 40.11601793070578, 20.254132060527827 ], [ 40.120111566930241, 20.251890050418151 ], [ 40.133839226741742, 20.246310869409417 ], [ 40.128121187650265, 20.241855863760669 ], [ 40.11668510856898, 20.245186523067957 ], [ 40.105249029487702, 20.254117423806782 ], [ 40.096104531136639, 20.263047804834205 ], [ 40.086938208215749, 20.26862637814968 ], [ 40.076658831335337, 20.271977665961955 ], [ 40.062931171523829, 20.273080605745317 ] ] ], [ [ [ 27.058303578603915, 36.616534776114484 ], [ 27.058303578603915, 36.627629551999711 ], [ 27.070220083885665, 36.638722716441649 ], [ 27.082136590065737, 36.637138077803655 ], [ 27.088094843155769, 36.624459780176878 ], [ 27.058303578603915, 36.616534776114484 ] ] ], [ [ [ 33.718225448681295, 27.67776052189263 ], [ 33.695549216675452, 27.6958283146033 ], [ 33.690507628755853, 27.716175352359866 ], [ 33.703084535010298, 27.710657841349903 ], [ 33.713183860761688, 27.702617589793046 ], [ 33.718225448681295, 27.67776052189263 ] ] ], [ [ [ 33.652706633889508, 27.770389369127916 ], [ 33.675382865895344, 27.747790508941801 ], [ 33.682956159610512, 27.731993840891402 ], [ 33.665299690954456, 27.741023577635019 ], [ 33.650196752663781, 27.752314559879867 ], [ 33.652706633889508, 27.770389369127916 ] ] ], [ [ [ 27.530795219781798, 37.129627655592003 ], [ 27.530795219781798, 37.119003135029466 ], [ 27.52047194582671, 37.117836088120001 ], [ 27.508664565190724, 37.117836088120001 ], [ 27.49999999986504, 37.111885525834552 ], [ 27.498341292133954, 37.110746321818027 ], [ 27.48948030028993, 37.115467100514216 ], [ 27.487511239899533, 37.117305162391972 ], [ 27.486157428460707, 37.119011844459848 ], [ 27.485542179509135, 37.120718487725775 ], [ 27.48948030028993, 37.122556421024036 ], [ 27.489850236405395, 37.122556421024036 ], [ 27.490200747351164, 37.122556421024036 ], [ 27.494764812425295, 37.12267799614898 ], [ 27.49999999986504, 37.123517023150448 ], [ 27.501287680925909, 37.12372339454474 ], [ 27.516041450353853, 37.126092121593473 ], [ 27.523485556449693, 37.127079300984306 ], [ 27.530795219781798, 37.129627655592003 ] ] ], [ [ [ 33.761853733049023, 36.232509151144797 ], [ 33.77765507284554, 36.242369763986026 ], [ 33.790444554632195, 36.247916893762657 ], [ 33.791841357643889, 36.23122213539439 ], [ 33.772569834887967, 36.224699768495441 ], [ 33.761853733049023, 36.232509151144797 ] ] ], [ [ [ 24.498067391130974, 38.846027739371038 ], [ 24.499999999683769, 38.845366886372972 ], [ 24.50319627912652, 38.844273908552907 ], [ 24.504658557644326, 38.841356550479041 ], [ 24.503916506100509, 38.8343578707265 ], [ 24.50319627912652, 38.827358497106765 ], [ 24.499999999683769, 38.821840615233967 ], [ 24.498809443573105, 38.819785192657356 ], [ 24.496605112613167, 38.810439032794584 ], [ 24.498067391130974, 38.80402803363134 ], [ 24.492960328603566, 38.80402803363134 ], [ 24.487089389064209, 38.810439032794584 ], [ 24.484906883572414, 38.817440083259157 ], [ 24.490013946099818, 38.819785192657356 ], [ 24.491847250389526, 38.822477630413978 ], [ 24.493015546247452, 38.824723218436908 ], [ 24.493680555577559, 38.827358497106765 ], [ 24.494578656164325, 38.831690375074082 ], [ 24.495142834095365, 38.833411345563505 ], [ 24.496605112613167, 38.837275518767896 ], [ 24.498067391130974, 38.846027739371038 ] ] ], [ [ [ 25.383685299526551, 36.405446021197896 ], [ 25.384247078057466, 36.404976098614263 ], [ 25.392306214814262, 36.398077205051102 ], [ 25.380236933052142, 36.391221779418515 ], [ 25.364719285713925, 36.395335108419602 ], [ 25.361270919239512, 36.403561107011186 ], [ 25.375064384238843, 36.411786228020802 ], [ 25.375159323587958, 36.411874374362725 ], [ 25.383685299526551, 36.405446021197896 ] ] ], [ [ [ 24.555838311157391, 37.254326981866342 ], [ 24.573713030901622, 37.26540169870087 ], [ 24.591587750645854, 37.254326981866342 ], [ 24.575699110773389, 37.246415464350441 ], [ 24.555838311157391, 37.254326981866342 ] ] ], [ [ [ 33.970173880174613, 26.695814815108285 ], [ 33.972453070442121, 26.692770299149288 ], [ 33.97828494314809, 26.68887698317489 ], [ 33.987808524260842, 26.68394844413513 ], [ 33.987808524260842, 26.665859679070003 ], [ 33.967642173480733, 26.67265062322943 ], [ 33.970173880174613, 26.686211774442764 ], [ 33.970173880174613, 26.695814815108285 ] ] ], [ [ [ 36.740824726689588, 25.748222791517261 ], [ 36.742461609850857, 25.736580404144394 ], [ 36.72783879143514, 25.72347402707776 ], [ 36.721356736092822, 25.714735630531809 ], [ 36.705118859085673, 25.717661504802475 ], [ 36.716489737545324, 25.726399684064045 ], [ 36.732727613654156, 25.736580404144394 ], [ 36.740824726689588, 25.748222791517261 ] ] ], [ [ [ 27.060289662967261, 37.046768825179157 ], [ 27.084122674429082, 37.051528491721221 ], [ 27.096039180609147, 37.051528491721221 ], [ 27.092067011882456, 37.037248589024365 ], [ 27.060289662967261, 37.046768825179157 ] ] ], [ [ [ 34.791865365180286, 28.072148100756408 ], [ 34.794074497635414, 28.071644538581079 ], [ 34.796851081482473, 28.071896320365255 ], [ 34.798216456933957, 28.072148100756408 ], [ 34.803279869423385, 28.066444311797603 ], [ 34.795662924771939, 28.05960717453252 ], [ 34.790599512282505, 28.051616934990719 ], [ 34.784248421427144, 28.044778845589452 ], [ 34.774077946410308, 28.047045232485626 ], [ 34.771991034241154, 28.048330213395563 ], [ 34.772920999867679, 28.04977186687022 ], [ 34.774944182855627, 28.051201973737996 ], [ 34.77789733057179, 28.052750062459804 ], [ 34.786780128121023, 28.061873245616052 ], [ 34.794397071874158, 28.066444311797603 ], [ 34.791865365180286, 28.072148100756408 ] ] ], [ [ [ 29.485756938068331, 36.131622426705803 ], [ 29.49385405110376, 36.131622426705803 ], [ 29.499999999985889, 36.131004280006337 ], [ 29.50683998725653, 36.130316323212178 ], [ 29.501972989607339, 36.123837726008297 ], [ 29.499999999985889, 36.12293544883952 ], [ 29.490623935717519, 36.118647492388298 ], [ 29.482504998112262, 36.117341171108777 ], [ 29.477638000463067, 36.125126521679555 ], [ 29.485756938068331, 36.131622426705803 ] ] ], [ [ [ 24.145068956445588, 39.054619326258702 ], [ 24.141249571385789, 39.065324691745488 ], [ 24.135509581960338, 39.076028421508319 ], [ 24.143148351181615, 39.083680410466016 ], [ 24.150787120402892, 39.074494436791902 ], [ 24.152685900198719, 39.065324691745488 ], [ 24.145068956445588, 39.054619326258702 ] ] ], [ [ [ 27.113913938980932, 37.3144271309244 ], [ 27.131788698251032, 37.304940852463062 ], [ 27.129802613887691, 37.292290602901112 ], [ 27.113913938980932, 37.297034698022451 ], [ 27.113913938980932, 37.3144271309244 ] ] ], [ [ [ 26.551437400920953, 37.582775111762857 ], [ 26.559141662716339, 37.585546046571338 ], [ 26.567042349233429, 37.599590820540833 ], [ 26.573611705549997, 37.58910105583881 ], [ 26.564859839250058, 37.576866922512174 ], [ 26.547290632042383, 37.576675203346468 ], [ 26.551437400920953, 37.582775111762857 ] ] ], [ [ [ 36.623231075239012, 25.987658730898811 ], [ 36.625238985070496, 25.976935436052042 ], [ 36.621244990875667, 25.957296205148758 ], [ 36.609263010087801, 25.953733928291669 ], [ 36.613257003384319, 25.971583149666422 ], [ 36.623231075239012, 25.987658730898811 ] ] ], [ [ [ 23.890501518182454, 36.803345596481734 ], [ 23.882557197797066, 36.811251189459128 ], [ 23.894473677925991, 36.820736814420144 ], [ 23.902417997413064, 36.81283220940562 ], [ 23.906390158054911, 36.803345596481734 ], [ 23.890501518182454, 36.803345596481734 ] ] ], [ [ [ 48.093206281747527, 29.895687743107217 ], [ 48.088972211894699, 29.884276756156972 ], [ 48.066213431900763, 29.891723061888033 ], [ 48.061341632756374, 29.893779513098263 ], [ 48.078343387673812, 29.899484622089872 ], [ 48.093206281747527, 29.895687743107217 ] ] ], [ [ [ 11.295920699414314, 34.828897728685085 ], [ 11.3013483401239, 34.836598162605576 ], [ 11.315807400154897, 34.830445331981274 ], [ 11.328464570879982, 34.822762964776416 ], [ 11.317609288562494, 34.819686086268177 ], [ 11.295920699414314, 34.828897728685085 ] ] ], [ [ [ 24.604879209216641, 38.762577060470228 ], [ 24.612190602703979, 38.760821157586541 ], [ 24.61659926372554, 38.757326608725727 ], [ 24.623910657212878, 38.757900352968605 ], [ 24.626835214248487, 38.750893405907355 ], [ 24.621706326252937, 38.747398366989785 ], [ 24.610728324186173, 38.750319605582931 ], [ 24.603416930698835, 38.750893405907355 ], [ 24.601954652181028, 38.756735474218864 ], [ 24.604879209216641, 38.762577060470228 ] ] ], [ [ [ 33.667831396750017, 27.630274274739968 ], [ 33.69301750998158, 27.621235280398349 ], [ 33.69301750998158, 27.607665612417431 ], [ 33.677914572589223, 27.614460421569873 ], [ 33.667831396750017, 27.630274274739968 ] ] ], [ [ [ 11.303897353760039, 34.761296664465149 ], [ 11.306775980833486, 34.766689640589838 ], [ 11.31091175612961, 34.769720373718421 ], [ 11.314792629073976, 34.771818982140474 ], [ 11.317147829390933, 34.772586051410848 ], [ 11.328458857594775, 34.775910991597804 ], [ 11.329364856169519, 34.776200191235368 ], [ 11.340770153579275, 34.77993730966427 ], [ 11.345956078307157, 34.776504316460695 ], [ 11.340608642779399, 34.774583830494976 ], [ 11.339157023670754, 34.774106360590913 ], [ 11.335584229749712, 34.773071179862782 ], [ 11.330653865838693, 34.771355490394107 ], [ 11.329151486526605, 34.77072984742329 ], [ 11.323498389341955, 34.768163782775588 ], [ 11.315433837540626, 34.763256091245189 ], [ 11.303897353760039, 34.761296664465149 ] ] ], [ [ [ 26.06685465341112, 39.948093899941853 ], [ 26.082481427191738, 39.948475324906042 ], [ 26.096078465672726, 39.94519846713078 ], [ 26.089356333774102, 39.940551645876724 ], [ 26.07988423960186, 39.938089395293019 ], [ 26.068840737774465, 39.942181537516234 ], [ 26.067224588628275, 39.944048928852133 ], [ 26.066443031873209, 39.945138303055792 ], [ 26.065608440380402, 39.947164947175864 ], [ 26.06685465341112, 39.948093899941853 ] ] ], [ [ [ 24.388723867249752, 38.836962919262817 ], [ 24.393110702803163, 38.845871459171931 ], [ 24.406467636880066, 38.845871459171931 ], [ 24.411029073483679, 38.836962919262817 ], [ 24.404874407350032, 38.834462074794622 ], [ 24.397977690570887, 38.833142148512323 ], [ 24.388723867249752, 38.836962919262817 ] ] ], [ [ [ 26.939138519498183, 36.497576982735673 ], [ 26.940969208792108, 36.499999999919694 ], [ 26.945096772588222, 36.505498471018178 ], [ 26.960985446596663, 36.508673170572855 ], [ 26.962341877522853, 36.499999999919694 ], [ 26.962971530960004, 36.495999727122786 ], [ 26.951000462906215, 36.49617582673622 ], [ 26.93902961224472, 36.4974081660339 ], [ 26.939138519498183, 36.497576982735673 ] ] ], [ [ [ 37.445426331862755, 24.445843029102011 ], [ 37.435670511096227, 24.453764228153794 ], [ 37.424321457206418, 24.46640745283263 ], [ 37.430803512548728, 24.475873146758833 ], [ 37.44055933331525, 24.463230883820728 ], [ 37.445426331862755, 24.445843029102011 ] ] ], [ [ [ 27.877006817816959, 36.641543641516527 ], [ 27.877006817816959, 36.634769764505556 ], [ 27.88545313295279, 36.629702023743846 ], [ 27.879123853192535, 36.626323343633125 ], [ 27.86535221366135, 36.628012702363264 ], [ 27.859022933901091, 36.634769764505556 ], [ 27.868538678111303, 36.638165484377694 ], [ 27.877006817816959, 36.641543641516527 ] ] ], [ [ [ 29.696652901863185, 36.144595197517013 ], [ 29.704771840366764, 36.138100375733565 ], [ 29.696652901863185, 36.130316323212178 ], [ 29.678821793529373, 36.118647492388298 ], [ 29.68530384887168, 36.130316323212178 ], [ 29.696652901863185, 36.144595197517013 ] ] ], [ [ [ 24.970929026814815, 36.929736252262693 ], [ 24.962984707327745, 36.913948955065919 ], [ 24.949082147327051, 36.920264269694762 ], [ 24.957026466814124, 36.929736252262693 ], [ 24.970929026814815, 36.929736252262693 ] ] ], [ [ [ 33.874427365129968, 27.226036157708965 ], [ 33.88702042129659, 27.223773614999466 ], [ 33.884510540070863, 27.212479715524314 ], [ 33.864344190189072, 27.210236402529286 ], [ 33.874427365129968, 27.226036157708965 ] ] ], [ [ [ 25.578670763844826, 36.907633112278702 ], [ 25.588601185661549, 36.917106677951246 ], [ 25.598531607478272, 36.90447499382762 ], [ 25.586615101298204, 36.898158360666798 ], [ 25.578670763844826, 36.907633112278702 ] ] ], [ [ [ 23.99148604586841, 34.977222050861947 ], [ 23.999999999653557, 34.977222050861947 ], [ 24.005606856957272, 34.977222050861947 ], [ 24.014074977798309, 34.972401387655623 ], [ 24.014390131952805, 34.97186923525387 ], [ 24.014705503499595, 34.969732031510681 ], [ 24.014074977798309, 34.96517916270367 ], [ 24.010881317842923, 34.962498585662665 ], [ 24.009231780114252, 34.962731278729393 ], [ 24.006436208577028, 34.963838885243895 ], [ 24.004188227579125, 34.96517916270367 ], [ 23.999999999653557, 34.969152255568673 ], [ 23.991551084793294, 34.977166586823088 ], [ 23.99148604586841, 34.977222050861947 ] ] ], [ [ [ 33.876937246355695, 27.573743777261711 ], [ 33.894571890441931, 27.566946418410637 ], [ 33.88955212799047, 27.555636076172476 ], [ 33.876937246355695, 27.560168167888875 ], [ 33.876937246355695, 27.573743777261711 ] ] ], [ [ [ 37.432440395709989, 24.442687116810568 ], [ 37.421069517250345, 24.449020041442346 ], [ 37.412950579645084, 24.458487056738441 ], [ 37.412950579645084, 24.46640745283263 ], [ 37.424321457206418, 24.46166374673021 ], [ 37.429188455753923, 24.452175793396343 ], [ 37.432440395709989, 24.442687116810568 ] ] ], [ [ [ 25.133787877235427, 36.970767795856062 ], [ 25.151662636505531, 36.972345487074293 ], [ 25.151662636505531, 36.958145080210642 ], [ 25.137760045962114, 36.962878845752705 ], [ 25.133787877235427, 36.970767795856062 ] ] ], [ [ [ 36.955125406920885, 25.494739016548767 ], [ 36.962491027210348, 25.499999999777721 ], [ 36.963244345424464, 25.500540322073796 ], [ 36.972610805804131, 25.503580344521016 ], [ 36.976553728978431, 25.502793037748123 ], [ 36.97786716384018, 25.502005920601423 ], [ 36.979460679932792, 25.499999999777721 ], [ 36.985986101445441, 25.49181993096634 ], [ 36.973000166190985, 25.493279482311085 ], [ 36.955125406920885, 25.494739016548767 ] ] ], [ [ [ 24.608480343188269, 35.010290105397196 ], [ 24.607083540176575, 35.015922948143611 ], [ 24.619785721887283, 35.014806874226061 ], [ 24.638140592947508, 35.014806874226061 ], [ 24.635325160557667, 35.006889282452065 ], [ 24.626835214248487, 35.008022906197901 ], [ 24.620374342977208, 35.009473920428036 ], [ 24.617657779167537, 35.010006708687605 ], [ 24.610389162555709, 35.010924909426436 ], [ 24.608480343188269, 35.010290105397196 ] ] ], [ [ [ 25.197473526078046, 36.222386370494377 ], [ 25.212991174314581, 36.215515345524267 ], [ 25.200921892552458, 36.210018087984757 ], [ 25.188852610790338, 36.208643712547044 ], [ 25.197473526078046, 36.222386370494377 ] ] ], [ [ [ 35.020963011228268, 28.059919739288507 ], [ 35.039317921814366, 28.05003444502449 ], [ 35.03012955423641, 28.043430713156848 ], [ 35.019107876978836, 28.048373782199789 ], [ 35.020963011228268, 28.059919739288507 ] ] ], [ [ [ 36.878824849494038, 25.62007366283509 ], [ 36.890195727953682, 25.608418611720786 ], [ 36.878824849494038, 25.608418611720786 ], [ 36.867475795604214, 25.614256042765703 ], [ 36.869090853297337, 25.623001886543712 ], [ 36.878824849494038, 25.62007366283509 ] ] ], [ [ [ 37.422684574943467, 24.420551125569737 ], [ 37.411976961285639, 24.431383847791899 ], [ 37.404831641141506, 24.437942507670996 ], [ 37.414565636439889, 24.43953112462993 ], [ 37.425936514899533, 24.433197718823809 ], [ 37.422684574943467, 24.420551125569737 ] ] ], [ [ [ 10.812509063980819, 37.112697381103253 ], [ 10.826858252866048, 37.111652177359353 ], [ 10.824243316362786, 37.104405030639853 ], [ 10.820331898902129, 37.098185167068792 ], [ 10.811212583023428, 37.103359711473118 ], [ 10.812509063980819, 37.112697381103253 ] ] ], [ [ [ 29.607431883789683, 36.116052245784772 ], [ 29.612298881438875, 36.108265987558042 ], [ 29.605795001526733, 36.101785554874176 ], [ 29.592830889943791, 36.101785554874176 ], [ 29.599312946184419, 36.110861493731683 ], [ 29.607431883789683, 36.116052245784772 ] ] ], [ [ [ 38.96565383644478, 22.000010626056323 ], [ 38.966810566493415, 22.007830995081648 ], [ 38.971372012978499, 22.017860828971013 ], [ 38.973663649404273, 22.024554069382155 ], [ 38.981651635997302, 22.021218112890434 ], [ 38.977090190410543, 22.010062269656025 ], [ 38.96565383644478, 22.000010626056323 ] ] ], [ [ [ 26.545195422134956, 37.517375284519936 ], [ 26.564859839250058, 37.51911956611027 ], [ 26.562677329266691, 37.510362859854247 ], [ 26.551742952983378, 37.508618371860933 ], [ 26.545195422134956, 37.517375284519936 ] ] ], [ [ [ 40.419850326622957, 19.981672658662834 ], [ 40.422283767506215, 19.974404872370922 ], [ 40.422645837074732, 19.973572879756141 ], [ 40.425568366612758, 19.967136746171814 ], [ 40.415267165162504, 19.971599670881929 ], [ 40.406122666811449, 19.973852336652399 ], [ 40.408392422971843, 19.982777672659523 ], [ 40.419850326622957, 19.981672658662834 ] ] ], [ [ [ 28.948008241290992, 36.630102578826339 ], [ 28.948008241290992, 36.63645893648124 ], [ 28.951958584549534, 36.642797352308939 ], [ 28.958593415473899, 36.644921648512636 ], [ 28.963875090729605, 36.63645893648124 ], [ 28.948008241290992, 36.630102578826339 ] ] ], [ [ [ 37.148321213394155, 24.949318668942499 ], [ 37.156440150999416, 24.960373593316557 ], [ 37.166174147196109, 24.954062667661326 ], [ 37.164559089502987, 24.946162960157306 ], [ 37.148321213394155, 24.949318668942499 ] ] ], [ [ [ 23.096549676773741, 39.128686443263128 ], [ 23.096549676773741, 39.136054008108935 ], [ 23.104450347121155, 39.14237590911096 ], [ 23.113682344974151, 39.137116406541203 ], [ 23.10314084328709, 39.130794029454414 ], [ 23.096549676773741, 39.128686443263128 ] ] ], [ [ [ 34.724556897035072, 28.065291796355474 ], [ 34.725959374704416, 28.062512035093711 ], [ 34.728303603896805, 28.060736113780091 ], [ 34.732173840788207, 28.058454585800419 ], [ 34.728376281196553, 28.052750062459804 ], [ 34.734705547482079, 28.04591204506978 ], [ 34.725822749932853, 28.043626096234931 ], [ 34.723291043238973, 28.049331108685458 ], [ 34.725822749932853, 28.058454585800419 ], [ 34.716939952383619, 28.060740216108655 ], [ 34.724556897035072, 28.065291796355474 ] ] ], [ [ [ 27.232686145948293, 37.01035526759992 ], [ 27.243009419903384, 37.012710124617705 ], [ 27.238600749000359, 37.006796676804868 ], [ 27.233739294854782, 37.000000000102617 ], [ 27.232686145948293, 36.998537272710038 ], [ 27.222362872891519, 36.999715775507049 ], [ 27.222640416381704, 37.000000000102617 ], [ 27.232686145948293, 37.01035526759992 ] ] ], [ [ [ 36.974615223884108, 25.512205986544181 ], [ 36.973000166190985, 25.519513541833611 ], [ 36.969748225336602, 25.532623027405293 ], [ 36.97786716384018, 25.528246847413012 ], [ 36.984349219182491, 25.520959367972374 ], [ 36.974615223884108, 25.512205986544181 ] ] ], [ [ [ 23.58569280357009, 37.924501575983136 ], [ 23.591236367375522, 37.922610771009346 ], [ 23.58728603220181, 37.919470885163463 ], [ 23.577006431640889, 37.915064408663703 ], [ 23.569105762191789, 37.915064408663703 ], [ 23.567534358129901, 37.919470885163463 ], [ 23.57938536275271, 37.921986273593077 ], [ 23.58569280357009, 37.924501575983136 ] ] ], [ [ [ 36.961629287731341, 25.34503396662727 ], [ 36.976230280678912, 25.356685294223833 ], [ 36.985986101445441, 25.356685294223833 ], [ 36.974615223884108, 25.34503396662727 ], [ 36.961629287731341, 25.34503396662727 ] ] ], [ [ [ 30.39590649299355, 36.161447860269078 ], [ 30.399158425763098, 36.148477901012939 ], [ 30.400773479862959, 36.139406348541058 ], [ 30.392654559325688, 36.143289311839709 ], [ 30.39103950522583, 36.153666144691222 ], [ 30.39590649299355, 36.161447860269078 ] ] ], [ [ [ 26.220896225806065, 35.351752230547383 ], [ 26.227967558906769, 35.361875957663159 ], [ 26.237854330685522, 35.368630185760274 ], [ 26.237854330685522, 35.359635998408194 ], [ 26.229386190979863, 35.354009776515284 ], [ 26.220896225806065, 35.351752230547383 ] ] ], [ [ [ 23.580607565612517, 35.631000311440694 ], [ 23.574954876263007, 35.637756740909388 ], [ 23.569324012381642, 35.64677602442702 ], [ 23.579188937132688, 35.643398266364919 ], [ 23.587678883441864, 35.633246714012053 ], [ 23.580607565612517, 35.631000311440694 ] ] ], [ [ [ 30.477030221063512, 36.209409190054465 ], [ 30.47864527516337, 36.219777192254313 ], [ 30.488379249800499, 36.205512132754507 ], [ 30.480282154731373, 36.200327351931456 ], [ 30.477030221063512, 36.209409190054465 ] ] ], [ [ [ 33.801357082091165, 27.52621195207988 ], [ 33.808930375806327, 27.514897370592703 ], [ 33.791273906251959, 27.510363391852909 ], [ 33.801357082091165, 27.52621195207988 ] ] ], [ [ [ 23.957479118842215, 35.527711002970698 ], [ 23.957636477628849, 35.530814186529994 ], [ 23.961319237018767, 35.536716474512062 ], [ 23.963244425487318, 35.536210337042554 ], [ 23.968014072709174, 35.532933006584919 ], [ 23.971712546328355, 35.527178478127723 ], [ 23.957591736137811, 35.524911634511845 ], [ 23.95753542793917, 35.525705037199323 ], [ 23.957479118842215, 35.527711002970698 ] ] ], [ [ [ 39.011333775903388, 22.024554069382155 ], [ 39.016956576506772, 22.037967845999241 ], [ 39.01934358796457, 22.042401144519665 ], [ 39.022224283858115, 22.045993018101665 ], [ 39.022704436072416, 22.045762939161641 ], [ 39.026187940149164, 22.040916524628674 ], [ 39.028466480934732, 22.039065614187738 ], [ 39.022770128970841, 22.034603951991059 ], [ 39.011333775903388, 22.024554069382155 ] ] ], [ [ [ 26.479523688928985, 37.566373928189797 ], [ 26.482011750974785, 37.558407321133167 ], [ 26.485329166436966, 37.552427442781941 ], [ 26.478672510044458, 37.547789653454316 ], [ 26.476184447998662, 37.55376990707115 ], [ 26.476184447998662, 37.561737014148058 ], [ 26.479523688928985, 37.566373928189797 ] ] ], [ [ [ 28.254493788881504, 36.769611612948438 ], [ 28.252245803392018, 36.761214893476833 ], [ 28.247728006944911, 36.763614050807405 ], [ 28.240220171667868, 36.76841213837087 ], [ 28.238714239518831, 36.771402097181863 ], [ 28.249997817902536, 36.771402097181863 ], [ 28.254493788881504, 36.769611612948438 ] ] ], [ [ [ 27.479964556079718, 40.534410331905661 ], [ 27.479964556079718, 40.539326719781698 ], [ 27.490375130110742, 40.54002210074124 ], [ 27.49999999986504, 40.540473599827834 ], [ 27.505543576246883, 40.540733645390716 ], [ 27.507420535066142, 40.537208189626298 ], [ 27.49999999986504, 40.537208189626298 ], [ 27.497009961035111, 40.537208189626298 ], [ 27.486599387004084, 40.537208189626298 ], [ 27.479964556079718, 40.534410331905661 ] ] ], [ [ [ 9.823109327105135, 37.232503072154458 ], [ 9.817887623377803, 37.229737675380385 ], [ 9.816076482322778, 37.228556524732809 ], [ 9.81504267324604, 37.227995423223639 ], [ 9.813069615352633, 37.227375354707902 ], [ 9.812227122278584, 37.227998379852231 ], [ 9.811363347217139, 37.230124837172745 ], [ 9.81133965235489, 37.230173362987266 ], [ 9.81089435746855, 37.231445325581767 ], [ 9.810448671815065, 37.232718386335371 ], [ 9.811788324008381, 37.233894427548535 ], [ 9.815057373277352, 37.234581399890963 ], [ 9.818326422546322, 37.235268365920376 ], [ 9.822053796764827, 37.235964021479809 ], [ 9.823396520298099, 37.236281759867467 ], [ 9.827475372049614, 37.237355312458291 ], [ 9.828374470664665, 37.235786456429985 ], [ 9.829029158352151, 37.234883144207835 ], [ 9.829954584791547, 37.234217740576163 ], [ 9.823109327105135, 37.232503072154458 ] ] ], [ [ [ 27.682807057775424, 36.208400149342403 ], [ 27.690183942040239, 36.206034071982927 ], [ 27.685753446567382, 36.197787030706685 ], [ 27.675430172612295, 36.202502218440536 ], [ 27.682807057775424, 36.208400149342403 ] ] ], [ [ [ 27.72265969425791, 36.228421932830955 ], [ 27.730036578522725, 36.236683108240967 ], [ 27.738897570366746, 36.240213405388943 ], [ 27.737413463685851, 36.231969998164459 ], [ 27.72265969425791, 36.228421932830955 ] ] ], [ [ [ 38.455579368843722, 23.56518180527695 ], [ 38.459922564240635, 23.552434877311057 ], [ 38.444710468066532, 23.554559452553409 ], [ 38.455579368843722, 23.56518180527695 ] ] ], [ [ [ 34.906141352335339, 27.92416546379977 ], [ 34.91122659029292, 27.932108368015662 ], [ 34.921397065309748, 27.925294638075737 ], [ 34.915045974454394, 27.920758400110731 ], [ 34.906141352335339, 27.92416546379977 ] ] ], [ [ [ 36.757062602798428, 25.326132241606224 ], [ 36.768433481258079, 25.327593822117553 ], [ 36.778167477454765, 25.318863052670746 ], [ 36.765181541302006, 25.320324721074371 ], [ 36.757062602798428, 25.326132241606224 ] ] ], [ [ [ 25.901813229226761, 35.163736384324629 ], [ 25.900394598051978, 35.172752538160658 ], [ 25.907465931152686, 35.177260236457172 ], [ 25.914515438785244, 35.171621222428527 ], [ 25.906047299079585, 35.169375950088245 ], [ 25.901813229226761, 35.163736384324629 ] ] ], [ [ [ 26.219499419201114, 35.341644590997539 ], [ 26.230782997584818, 35.347254314410065 ], [ 26.242088400538346, 35.342756146311139 ], [ 26.229386190979863, 35.340515651264759 ], [ 26.219499419201114, 35.341644590997539 ] ] ], [ [ [ 29.032732415223069, 36.619903264602478 ], [ 29.035265873631751, 36.618133080889088 ], [ 29.035424105580837, 36.618031532650519 ], [ 29.038298689337196, 36.616221242775467 ], [ 29.038298689337196, 36.613068417495043 ], [ 29.034348346078648, 36.608678631794326 ], [ 29.028848420633096, 36.608678631794326 ], [ 29.029634124011512, 36.614322595584021 ], [ 29.032732415223069, 36.619903264602478 ] ] ], [ [ [ 36.92590159465928, 25.249033002166406 ], [ 36.940524413973307, 25.256306424375946 ], [ 36.938554697812762, 25.250102593264881 ], [ 36.935657415425808, 25.244664837475749 ], [ 36.930779505042544, 25.246307793434134 ], [ 36.928469318406158, 25.247242073829497 ], [ 36.92590159465928, 25.249033002166406 ] ] ], [ [ [ 27.58413576920119, 40.504855828964807 ], [ 27.585096074528117, 40.509790580867957 ], [ 27.58413576920119, 40.514708788878693 ], [ 27.58697303334738, 40.520338396964448 ], [ 27.589714702374295, 40.517614567668822 ], [ 27.589714484083679, 40.517566360111395 ], [ 27.589293259555379, 40.515619911894973 ], [ 27.588871816736468, 40.514708788878693 ], [ 27.588871816736468, 40.509790580867957 ], [ 27.589832121165085, 40.505567750590714 ], [ 27.58413576920119, 40.504855828964807 ] ] ], [ [ [ 26.364920076308341, 35.291017739582323 ], [ 26.373388216013996, 35.286499034423024 ], [ 26.370572778234266, 35.2797552613074 ], [ 26.363501445133561, 35.284256966498617 ], [ 26.364920076308341, 35.291017739582323 ] ] ], [ [ [ 28.437868298183815, 36.733619146089289 ], [ 28.441644041290481, 36.736610472809822 ], [ 28.443892026779963, 36.733010431518892 ], [ 28.440880162481893, 36.728818863592359 ], [ 28.436384191502924, 36.728210110636617 ], [ 28.430360463805094, 36.727601352813281 ], [ 28.43110251714554, 36.730610308914699 ], [ 28.437868298183815, 36.733619146089289 ] ] ], [ [ [ 28.966515928357452, 36.668180568576375 ], [ 28.971819428182986, 36.678763119749483 ], [ 28.977210882956292, 36.670213124048175 ], [ 28.977155883603025, 36.669494416434368 ], [ 28.977101102540367, 36.669242371282422 ], [ 28.966515928357452, 36.668180568576375 ] ] ], [ [ [ 24.446123761504264, 38.84078348322813 ], [ 24.451972875575482, 38.839619969526538 ], [ 24.452714928017613, 38.834948356538831 ], [ 24.451972875575482, 38.830276434398691 ], [ 24.447586040022067, 38.835521471162849 ], [ 24.446123761504264, 38.84078348322813 ] ] ], [ [ [ 27.48186334036712, 40.662263510731862 ], [ 27.486599387004084, 40.661569410082343 ], [ 27.483762123756204, 40.656645930158902 ], [ 27.482801819327591, 40.652448576154434 ], [ 27.479026076220926, 40.657356225679194 ], [ 27.48186334036712, 40.662263510731862 ] ] ], [ [ [ 25.784917981078657, 35.272906624165898 ], [ 25.786554309081076, 35.267137194767557 ], [ 25.783521174473705, 35.267587228451646 ], [ 25.783193797841452, 35.273010922274295 ], [ 25.784917981078657, 35.272906624165898 ] ] ] ] } }
]
}
