{
"type": "FeatureCollection",
"name": "Sweden",
"crs": { "type": "name", "properties": { "name": "urn:ogc:def:crs:OGC:1.3:CRS84" } },
"features": [
{ "type": "Feature", "properties": { "OBJECTID": 77.0, "YEAR": 1700.0, "OWNER_ID": 8246.0, "SHORT_NAME": "Sweden", "LONG_NAME": "Kingdom of Sweden", "VARIANTS": "Konungariket Sverige", "SHAPE_LENG": 21994250.0, "Shape__Are": 919360952899.2179, "Shape__Len": 22015398.029025834 }, "geometry": { "type": "MultiPolygon", "coordinates": [ [ [ [ 11.473757946592919, 59.000000000010452 ], [ 11.481647102335026, 58.993597479703197 ], [ 11.487826994060162, 58.997675134604748 ], [ 11.489291408771715, 58.996668713182238 ], [ 11.499999999796566, 58.989308313591529 ], [ 11.570489015188956, 58.940819268523306 ], [ 11.628083537534609, 58.878066546914404 ], [ 11.663659856396457, 58.804507178972919 ], [ 11.806118900064291, 58.7987591956499 ], [ 11.864922057115702, 58.89552284389454 ], [ 11.866099239108417, 58.911243362667612 ], [ 11.864878108837058, 58.911268779472351 ], [ 11.869104197158586, 58.911547047553313 ], [ 11.924472288191684, 58.915192564972244 ], [ 11.924472288191684, 58.954405821232051 ], [ 11.917023015884645, 58.997488784022948 ], [ 11.917023015884645, 59.000000000010452 ], [ 11.917023015884645, 59.037145458230782 ], [ 11.894675198963528, 59.068867215466668 ], [ 11.892178215748647, 59.079493714707326 ], [ 11.887225925758173, 59.100559587204856 ], [ 11.879776653451135, 59.144088648970623 ], [ 11.864878108837058, 59.191511627540997 ], [ 11.849979564222981, 59.227035570129502 ], [ 11.820182474096509, 59.270403370450822 ], [ 11.797834657175393, 59.305844949812176 ], [ 11.807721753245964, 59.339783813270863 ], [ 11.812767920776885, 59.347150032277973 ], [ 11.819297351470652, 59.354638004268082 ], [ 11.827631746403547, 59.360902718078847 ], [ 11.857428836530019, 59.329452100541694 ], [ 11.894675198963528, 59.278282477934297 ], [ 11.954269378318154, 59.246755070249733 ], [ 11.991515739853348, 59.223090296863809 ], [ 11.999999999826779, 59.216028062725243 ], [ 12.043660646900937, 59.179662069521235 ], [ 12.088356281641484, 59.124309592056157 ], [ 12.108875129542449, 59.080684350393192 ], [ 12.110704099460916, 59.076793062756138 ], [ 12.110704099460916, 59.033178171375056 ], [ 12.170298278815542, 59.037145458230782 ], [ 12.157634845934611, 59.080952253685417 ], [ 12.155399733303149, 59.088678390630541 ], [ 12.133051916382033, 59.13222259077029 ], [ 12.088356281641484, 59.195460564167433 ], [ 12.036211374593897, 59.238868643027438 ], [ 11.999999999826779, 59.248452506293269 ], [ 11.976617195239271, 59.254639667118113 ], [ 11.902124471270566, 59.313715827938367 ], [ 11.872327381144096, 59.368760806254215 ], [ 11.872327381144096, 59.400174901158117 ], [ 11.872327381144096, 59.439401461485915 ], [ 11.872327381144096, 59.474666387654658 ], [ 11.835081018710586, 59.494242067734305 ], [ 11.823207935294722, 59.478642559973103 ], [ 11.81879056420817, 59.492842733932541 ], [ 11.811019209939163, 59.517810157358078 ], [ 11.684889575317726, 59.71717134291039 ], [ 11.695017118050506, 59.721154248384764 ], [ 11.682887329364105, 59.744356894874301 ], [ 11.715233432228398, 59.748573822264014 ], [ 11.715233432228398, 59.771757381212176 ], [ 11.731406484109703, 59.78650214929835 ], [ 11.703103643541997, 59.78650214929835 ], [ 11.6788440661692, 59.799135320063925 ], [ 11.757555847345705, 59.835017526585595 ], [ 11.927043276416303, 59.757109174271015 ], [ 11.990922434947539, 59.780607315579957 ], [ 11.999999999826779, 59.803072842511689 ], [ 12.062075072671233, 59.956292345111741 ], [ 12.144898819988018, 60.067139526843732 ], [ 12.497228979233858, 60.330936856906959 ], [ 12.497228979233858, 60.330936856906959 ], [ 12.614672455936233, 60.419019464433738 ], [ 12.599992021348436, 60.52178250654832 ], [ 12.514845500739215, 60.601056853322412 ], [ 12.415018545542196, 60.730244677695019 ], [ 12.318127677262737, 60.885857284325667 ], [ 12.227108982818397, 61.017981195615846 ], [ 12.4743275012769, 61.050865369092534 ], [ 12.691597933176292, 61.05673754292765 ], [ 15.000000000008052, 60.24285282244157 ], [ 15.500000000038265, 60.24285282244157 ], [ 16.000000000068475, 60.24285282244157 ], [ 16.500000000098691, 60.24285282244157 ], [ 17.0000000001289, 60.24285282244157 ], [ 17.201865576766608, 60.24285282244157 ], [ 17.500000000159112, 60.24285282244157 ], [ 18.000000000189324, 60.24285282244157 ], [ 18.405357880273399, 60.24285282244157 ], [ 18.453896240999772, 60.220935779552505 ], [ 18.440197489872425, 60.218077915151582 ], [ 18.452886397178183, 60.207344572561816 ], [ 18.475761553917163, 60.196189460879715 ], [ 18.47231491310642, 60.185810773857774 ], [ 18.49457538234088, 60.163583889136127 ], [ 18.500000000219536, 60.161694721997364 ], [ 18.540193977645373, 60.147693449992531 ], [ 18.552707259821506, 60.149493395123947 ], [ 18.566076712820209, 60.140504003487095 ], [ 18.579248588558688, 60.102413281164232 ], [ 18.600213823697377, 60.053199317860482 ], [ 18.615954214598499, 60.055572081715013 ], [ 18.606141167555116, 60.082568659674948 ], [ 18.602540854643657, 60.118586279799182 ], [ 18.624450074517192, 60.126154364277056 ], [ 18.687367732063855, 60.112807076244465 ], [ 18.713426092368316, 60.101925814082009 ], [ 18.727629764957296, 60.088545987152713 ], [ 18.744621483896371, 60.098581368684009 ], [ 18.763874375593296, 60.097368213952834 ], [ 18.781305156907266, 60.093388299997336 ], [ 18.796233283043648, 60.078087786451185 ], [ 18.81287375172348, 60.061395412862979 ], [ 18.835507424246099, 60.018939801034143 ], [ 18.855923831865326, 59.990287127313152 ], [ 18.870588518959803, 59.9832110869866 ], [ 18.853355315804368, 60.017951016643586 ], [ 18.827626252730241, 60.063937830240796 ], [ 18.820886643209448, 60.07864367462399 ], [ 18.83978828374882, 60.081366257398436 ], [ 18.869051800647664, 60.020405875159049 ], [ 18.891641567112458, 59.994745845706419 ], [ 18.931156851171465, 59.953482604030462 ], [ 18.937633364806793, 59.946714680269665 ], [ 18.959170039857273, 59.934465801488933 ], [ 18.962330631928733, 59.932667732376615 ], [ 18.962374537986559, 59.932644942311072 ], [ 18.962374537986559, 59.921168260749695 ], [ 18.94751227183523, 59.903814612846126 ], [ 18.97155094449651, 59.877105060484347 ], [ 18.983251960111279, 59.85031684208284 ], [ 18.954844615831629, 59.819905529300108 ], [ 18.962396491015472, 59.813822209659115 ], [ 18.992494226606286, 59.844227668489033 ], [ 19.000000000249752, 59.848421579486832 ], [ 19.011264148972177, 59.854714517749052 ], [ 19.018925789300585, 59.845210237516135 ], [ 19.020352742468155, 59.811363408668356 ], [ 19.000000000249752, 59.809474523764329 ], [ 18.954668990702007, 59.805267085152401 ], [ 18.740362577422566, 59.789798222015349 ], [ 18.645020153338809, 59.781397169659691 ], [ 18.616085933670291, 59.771116156137481 ], [ 18.756629843712552, 59.782610531843105 ], [ 18.910894457911073, 59.79280789158711 ], [ 18.925098130500057, 59.785643743407846 ], [ 18.954361647398901, 59.793666112531305 ], [ 19.000000000249752, 59.799160372126607 ], [ 19.009771335819547, 59.800336594664394 ], [ 19.031109774246392, 59.795290950178085 ], [ 19.054028837941519, 59.79078240269159 ], [ 19.058507275602768, 59.772364243447818 ], [ 19.044259696955958, 59.751484107817916 ], [ 19.000419305078289, 59.737400089465716 ], [ 19.000000000249752, 59.737670190410967 ], [ 18.981166413381363, 59.749799839529857 ], [ 18.980617584963582, 59.764565791302907 ], [ 19.000000000249752, 59.766789972959728 ], [ 19.008761492896273, 59.767795327898568 ], [ 19.004370867350673, 59.775993736556444 ], [ 19.000000000249752, 59.775659620698889 ], [ 18.956293522028112, 59.772318442902041 ], [ 18.957720475195686, 59.745468473971961 ], [ 18.891773285285939, 59.741239692200359 ], [ 18.802885079550475, 59.733731996064506 ], [ 18.801128830050885, 59.72030562399204 ], [ 18.75911054675954, 59.696592754048041 ], [ 18.650025465490614, 59.668670968724122 ], [ 18.63615109013196, 59.653770566635728 ], [ 18.645656793872242, 59.645208734939068 ], [ 18.671495622989255, 59.604610775671304 ], [ 18.653164762998262, 59.579284012694998 ], [ 18.607831557967959, 59.574446727328741 ], [ 18.554331791147614, 59.530799012726867 ], [ 18.502346788712178, 59.496239416745333 ], [ 18.500000000219536, 59.495375875348365 ], [ 18.460021163016044, 59.480661566628051 ], [ 18.429308739920714, 59.478235900461591 ], [ 18.407992254522782, 59.462476364990174 ], [ 18.378377488263009, 59.451484230637433 ], [ 18.35969537801277, 59.452073805227947 ], [ 18.334756627572784, 59.467410678208338 ], [ 18.319279673916935, 59.466775151451039 ], [ 18.300597563666699, 59.44744941440716 ], [ 18.292013891632351, 59.441702724489978 ], [ 18.295460532443105, 59.420256728935399 ], [ 18.305822407904266, 59.405511929626151 ], [ 18.353153346650515, 59.397407649374266 ], [ 18.359519753781463, 59.392926305054225 ], [ 18.324175220924172, 59.386313209580443 ], [ 18.305251626457576, 59.382780290316511 ], [ 18.276954047322491, 59.392752597475074 ], [ 18.219305140071221, 59.388201143228919 ], [ 18.191995451728811, 59.388455947972218 ], [ 18.174850059790714, 59.394258032718838 ], [ 18.169295919221131, 59.409690662842316 ], [ 18.166968888274855, 59.423716309874855 ], [ 18.152435918455541, 59.44194556250762 ], [ 18.135817402804623, 59.439227992978005 ], [ 18.118540292693048, 59.434162321649758 ], [ 18.105456229968532, 59.402849309323052 ], [ 18.091098885278843, 59.394860187936942 ], [ 18.067499275890775, 59.39099231143976 ], [ 18.050244118808109, 59.397268701911976 ], [ 18.040079821505483, 59.394686490761728 ], [ 18.047807321818947, 59.385583489271838 ], [ 18.07342661974851, 59.382015741439034 ], [ 18.092679510547125, 59.387390387119524 ], [ 18.134302636623083, 59.345412998901601 ], [ 18.061923181393965, 59.339509735347207 ], [ 18.039596853072755, 59.330821135012052 ], [ 18.0458315402336, 59.325182212177708 ], [ 18.067850525251703, 59.330681913672585 ], [ 18.080605291644197, 59.333965065067851 ], [ 18.104534198262598, 59.327177987911305 ], [ 18.129802245932915, 59.334394287287729 ], [ 18.145981700107253, 59.33398826664375 ], [ 18.172193731614104, 59.320749313611707 ], [ 18.195244513482709, 59.311719259342645 ], [ 18.229820686734776, 59.313820296197157 ], [ 18.254210609655303, 59.320377944546919 ], [ 18.277634594812064, 59.314679246397638 ], [ 18.291157719911471, 59.304323964790711 ], [ 18.303934439332885, 59.291236029206289 ], [ 18.324746002370862, 59.275621450102562 ], [ 18.362527331319001, 59.257988322567591 ], [ 18.380967957352873, 59.249383472411353 ], [ 18.397871864176295, 59.235529737060403 ], [ 18.389639441502876, 59.226442062669072 ], [ 18.376818816023636, 59.236681522248396 ], [ 18.354997409164067, 59.246894636526761 ], [ 18.325207017774673, 59.261348273262968 ], [ 18.314208501780076, 59.254848967498923 ], [ 18.329180533974288, 59.247569199012695 ], [ 18.365600768841595, 59.232004333552403 ], [ 18.389507723329395, 59.217270474106471 ], [ 18.38553420712978, 59.189938914742406 ], [ 18.406060379893574, 59.174965381147175 ], [ 18.44212936539995, 59.15990364175115 ], [ 18.447749365954586, 59.145500167032225 ], [ 18.440460928016016, 59.130530436901047 ], [ 18.39455694243734, 59.122687084114744 ], [ 18.372537956520919, 59.130191996243504 ], [ 18.357302487979752, 59.12414617772496 ], [ 18.333417487419176, 59.115192197234627 ], [ 18.305537017630076, 59.098094899901568 ], [ 18.298226626662593, 59.092907962341961 ], [ 18.315789127048358, 59.08712430023462 ], [ 18.336951940345582, 59.091961612079388 ], [ 18.340947408675795, 59.073297967016927 ], [ 18.285691391457544, 59.067698056197777 ], [ 18.254649672030194, 59.059945518564135 ], [ 18.230896389643103, 59.057571464451186 ], [ 18.224200687078454, 59.065839010575054 ], [ 18.234211312280376, 59.077506065409331 ], [ 18.227405842774527, 59.08780203263273 ], [ 18.19816427980291, 59.091821409794903 ], [ 18.16764943486611, 59.083677005673344 ], [ 18.127848418274795, 59.072199100997807 ], [ 18.089649979082356, 59.055735260147678 ], [ 18.059200994130617, 59.046365576617561 ], [ 18.030771695923736, 59.043276879286282 ], [ 18.028839821294525, 59.036852900841097 ], [ 18.011870055384367, 59.038502890213728 ], [ 18.009257633265584, 59.027115176179485 ], [ 18.015272789238978, 59.004246395807705 ], [ 18.010356939408002, 59.000000000010452 ], [ 18.000000000189324, 58.991181281346115 ], [ 17.999664117409647, 58.990895246323653 ], [ 17.964736693898338, 58.972805589723961 ], [ 17.963134115601143, 58.949977773106582 ], [ 17.948249896420901, 58.918143789989351 ], [ 17.949084116011186, 58.902956748950871 ], [ 17.975932788051466, 58.901000004199751 ], [ 17.976569428584899, 58.887415511256577 ], [ 17.943815365715789, 58.876143149420798 ], [ 17.918679036218951, 58.869989873326304 ], [ 17.926560208633131, 58.84979570803285 ], [ 17.87905364475726, 58.848902811628385 ], [ 17.83372043972696, 58.856103307080495 ], [ 17.816860439859681, 58.870835869188724 ], [ 17.816399423557559, 58.897456740075818 ], [ 17.791592392189365, 58.922078362724712 ], [ 17.761999578060188, 58.934943589535045 ], [ 17.745359109380356, 58.918224800202033 ], [ 17.743515046866801, 58.878414137420648 ], [ 17.721671686978318, 58.910967821756778 ], [ 17.709268170845064, 58.945028783470391 ], [ 17.720420358042052, 58.970009275342825 ], [ 17.720324512292816, 59.000000000010452 ], [ 17.720266686839661, 59.018346515261634 ], [ 17.698247701821558, 59.042060043421465 ], [ 17.682551216978261, 59.064155259088359 ], [ 17.651399731508032, 59.055185549243063 ], [ 17.620906839600146, 59.079644983258092 ], [ 17.611906058219819, 59.10017412664422 ], [ 17.603058948940195, 59.091868143953647 ], [ 17.612542698753249, 59.076582666023896 ], [ 17.600600198023805, 59.070667642830323 ], [ 17.580337463403602, 59.076828128906499 ], [ 17.574607697704401, 59.059477737700519 ], [ 17.590831057936562, 59.041252695883578 ], [ 17.577000588635737, 59.009587322756161 ], [ 17.583081919004531, 59.000000000010452 ], [ 17.599787932360751, 58.974030349937514 ], [ 17.588569885178707, 58.957226525995168 ], [ 17.539702228120319, 58.950382448920543 ], [ 17.536848321785175, 58.936886838421259 ], [ 17.569997540971357, 58.927227344650412 ], [ 17.574497931661519, 58.90483234097416 ], [ 17.518605273909838, 58.912900850722203 ], [ 17.567626603967245, 58.882677629558728 ], [ 17.569141369250474, 58.870117353680769 ], [ 17.500000000159112, 58.887724724175236 ], [ 17.490022304500567, 58.890264876852186 ], [ 17.47807980377112, 58.888179998326486 ], [ 17.500000000159112, 58.866462920714724 ], [ 17.503808867743565, 58.862687952069656 ], [ 17.500000000159112, 58.859682600822474 ], [ 17.474984413219612, 58.83993777612217 ], [ 17.500000000159112, 58.821730451533767 ], [ 17.512875508210634, 58.812355409232637 ], [ 17.500000000159112, 58.815016493351159 ], [ 17.477772460468017, 58.819609954173721 ], [ 17.453931365965271, 58.808187710048614 ], [ 17.421001677068226, 58.823056779989663 ], [ 17.384844879446195, 58.809766618924222 ], [ 17.386842614060459, 58.789328105325232 ], [ 17.439881365476996, 58.772375881402318 ], [ 17.418477067963412, 58.751554768733371 ], [ 17.379795660338253, 58.748379931496018 ], [ 17.303684173125877, 58.752415297139372 ], [ 17.28987565775228, 58.7333158420346 ], [ 17.260919485054853, 58.7284404218451 ], [ 17.217847451884094, 58.714613306221622 ], [ 17.158661825422367, 58.710666678871995 ], [ 17.120441433201016, 58.723843634113486 ], [ 17.096797916856804, 58.708349717892915 ], [ 17.0631876813685, 58.725368205625969 ], [ 17.048632759418588, 58.715498034174168 ], [ 17.030104321269064, 58.703773556763025 ], [ 17.043737212411354, 58.688189123649792 ], [ 17.09341713603111, 58.679438742119032 ], [ 17.113811589723106, 58.656614461785779 ], [ 17.093241510901489, 58.651075157962012 ], [ 17.018578929885603, 58.660205791748311 ], [ 17.0000000001289, 58.660277364358471 ], [ 16.973179866666879, 58.660380684451439 ], [ 16.944838381473968, 58.648287679691201 ], [ 16.956319865901285, 58.631791500375435 ], [ 17.0000000001289, 58.631112311151703 ], [ 17.017108070660203, 58.630846291736709 ], [ 17.046459399674706, 58.619139910824579 ], [ 17.039083149620481, 58.596848393162063 ], [ 17.0000000001289, 58.588914197567306 ], [ 16.9541465061574, 58.57960326466398 ], [ 16.817268768113337, 58.573724419069379 ], [ 16.648646809225124, 58.582805241142346 ], [ 16.519307750113384, 58.585220243825113 ], [ 16.510342117115176, 58.585387642864461 ], [ 16.500000000098691, 58.585467474261655 ], [ 16.31658383052676, 58.586883244948467 ], [ 16.195204998269144, 58.581461381670856 ], [ 16.212921170755614, 58.560046133221746 ], [ 16.172922576005764, 58.564278790844554 ], [ 16.147500856234739, 58.55698239732228 ], [ 16.227124843344598, 58.541460796513491 ], [ 16.329755705366924, 58.539331447670044 ], [ 16.377876956747315, 58.543683604120197 ], [ 16.413265395662435, 58.553754659957903 ], [ 16.440333599788481, 58.537962512541483 ], [ 16.470958209869845, 58.534124526901195 ], [ 16.475524460545067, 58.547309986506939 ], [ 16.473438912916833, 58.562583451177566 ], [ 16.500000000098691, 58.56693054168197 ], [ 16.504370867199615, 58.567645842864707 ], [ 16.540878915080889, 58.557344914631855 ], [ 16.582194697853744, 58.564956904212814 ], [ 16.629701261729615, 58.562326219996109 ], [ 16.680676419445149, 58.5536494023929 ], [ 16.728885483839509, 58.550514927566603 ], [ 16.775887126253739, 58.555614154030735 ], [ 16.77195751611195, 58.5388283411435 ], [ 16.810221814391131, 58.533726662854669 ], [ 16.828662439526688, 58.523286962772005 ], [ 16.872327207173054, 58.515185854326383 ], [ 16.90398361410492, 58.500289901617599 ], [ 16.904038027756624, 58.500000000061064 ], [ 16.906991192540772, 58.484486041390014 ], [ 16.850417987299519, 58.486057095561044 ], [ 16.829452752160829, 58.480916251391271 ], [ 16.818344471021668, 58.461882782077595 ], [ 16.76442759395702, 58.454125439704917 ], [ 16.706910404879231, 58.444215277967864 ], [ 16.644168371563875, 58.441693926748236 ], [ 16.579648135720017, 58.455697856337835 ], [ 16.500000000098691, 58.485157745509227 ], [ 16.494755398314766, 58.48709672545364 ], [ 16.424220005599203, 58.496844637426172 ], [ 16.362795159408535, 58.495851491146219 ], [ 16.326726173902159, 58.488967980408347 ], [ 16.410257817226583, 58.4793565203125 ], [ 16.485688756949379, 58.470320265344093 ], [ 16.500000000098691, 58.46648296393699 ], [ 16.587068291832072, 58.443128111989907 ], [ 16.643773215246807, 58.420451861989633 ], [ 16.70526392052421, 58.4172922213587 ], [ 16.718457749291602, 58.384649106484929 ], [ 16.713781733471816, 58.358839702350821 ], [ 16.73114665569905, 58.356938305556717 ], [ 16.751409390319246, 58.368345144298523 ], [ 16.78297798513546, 58.361413380659343 ], [ 16.768554782257347, 58.341131867161415 ], [ 16.714396420976335, 58.344576721726312 ], [ 16.671434153848459, 58.352300321670697 ], [ 16.656352356509682, 58.340772283488356 ], [ 16.729083061998043, 58.333951103185882 ], [ 16.732661420982271, 58.308615326257588 ], [ 16.76036626564175, 58.307117589393144 ], [ 16.779772829439384, 58.320803842598288 ], [ 16.799618454713606, 58.31760041236118 ], [ 16.809190017540626, 58.304644442252176 ], [ 16.793647204798038, 58.291567551148781 ], [ 16.764844703303005, 58.291219077136439 ], [ 16.732858999140809, 58.295400534724756 ], [ 16.720718921151143, 58.285085375640577 ], [ 16.732705327938415, 58.272733419389027 ], [ 16.774701657302529, 58.261028188970386 ], [ 16.803965173303062, 58.269072319457557 ], [ 16.823437596187436, 58.25659848465174 ], [ 16.83612650259488, 58.230508932849197 ], [ 16.834480018239859, 58.216275438657007 ], [ 16.862821503432773, 58.219837259180863 ], [ 16.854215878369509, 58.205366587088541 ], [ 16.814875877182004, 58.202991108424854 ], [ 16.825413377772787, 58.1832941132485 ], [ 16.812878142567737, 58.171710752590734 ], [ 16.783417047510358, 58.166010908689252 ], [ 16.739115640228874, 58.16749132419195 ], [ 16.692794545304213, 58.183736862605521 ], [ 16.650227434493409, 58.20471451073864 ], [ 16.645090403269808, 58.197214769719395 ], [ 16.672663528857495, 58.181033674480574 ], [ 16.669392513176366, 58.164821868585335 ], [ 16.699709779954627, 58.149162452783791 ], [ 16.750158062281297, 58.135759590999264 ], [ 16.753890094264548, 58.118838393801418 ], [ 16.723419155385582, 58.092728925441264 ], [ 16.719950561545918, 58.069697909093222 ], [ 16.756985484816056, 58.041388248712778 ], [ 16.742759859198159, 58.032894469232573 ], [ 16.690818763718866, 58.044452999124424 ], [ 16.681686263266741, 58.032999776025733 ], [ 16.699024157882015, 57.999999999985022 ], [ 16.701773373655634, 57.994837413038567 ], [ 16.692521577832089, 57.999999999985022 ], [ 16.667394778562102, 58.014215071804358 ], [ 16.639448449686263, 58.023403843286339 ], [ 16.608187199071466, 58.026751011177303 ], [ 16.607089542235908, 58.000175673971725 ], [ 16.607189883154831, 57.999999999985022 ], [ 16.613477902395772, 57.989142686550807 ], [ 16.645924621961779, 57.985642231280345 ], [ 16.664782356443318, 57.976317560949248 ], [ 16.67450759137105, 57.964435766534756 ], [ 16.699402435753214, 57.94836362796962 ], [ 16.7112790764976, 57.954781787859702 ], [ 16.713803686500729, 57.982025888509767 ], [ 16.73101493662725, 57.975069465165483 ], [ 16.744252671452472, 57.955452447801328 ], [ 16.756217125210831, 57.927424320842896 ], [ 16.73224431163629, 57.922401691979147 ], [ 16.730905171482686, 57.914692783426226 ], [ 16.745108843173352, 57.900462824035202 ], [ 16.732837046111893, 57.893849583657293 ], [ 16.714352514918509, 57.899860618281373 ], [ 16.700412279574802, 57.910652466901581 ], [ 16.678920169945563, 57.913708794063062 ], [ 16.683003451289743, 57.895424827429181 ], [ 16.65971118430646, 57.899420538146373 ], [ 16.621842043242669, 57.917470959782889 ], [ 16.611348448709712, 57.925734759513468 ], [ 16.645397746572911, 57.930166795371505 ], [ 16.62553016826978, 57.947981971419885 ], [ 16.572337744752534, 57.969406258840841 ], [ 16.560922119411956, 57.983978528233571 ], [ 16.519738055710896, 57.997320629805657 ], [ 16.503163445219492, 57.998995259693807 ], [ 16.501253523619191, 57.981459718734008 ], [ 16.519584383610184, 57.953012572526085 ], [ 16.533348992925958, 57.939133334677763 ], [ 16.561317275729028, 57.937305500088286 ], [ 16.579845713878555, 57.926324957677394 ], [ 16.569615556590872, 57.92482051142197 ], [ 16.562041728378109, 57.916452320163238 ], [ 16.589570947907969, 57.886574767144715 ], [ 16.560329384936349, 57.89605027210208 ], [ 16.533085555680682, 57.910444071573522 ], [ 16.511373914863999, 57.915804079852265 ], [ 16.502636570728939, 57.909969388584095 ], [ 16.502658523757855, 57.89250593927504 ], [ 16.553984931732629, 57.870664647528244 ], [ 16.574620869640988, 57.852497851708364 ], [ 16.582809385358264, 57.83726868116959 ], [ 16.625222824068366, 57.822427653193209 ], [ 16.660940559315499, 57.80492151505883 ], [ 16.670687747272144, 57.791914087033959 ], [ 16.653235012929262, 57.792843345101865 ], [ 16.578572431913372, 57.828833603318365 ], [ 16.541427743498669, 57.849853798315387 ], [ 16.502460945599317, 57.861008524019681 ], [ 16.500000000098691, 57.86421217417687 ], [ 16.485139929429916, 57.883550882081629 ], [ 16.459696256629975, 57.904527449631999 ], [ 16.435394146723418, 57.917424658850123 ], [ 16.459608443616006, 57.875648183304975 ], [ 16.469421491557704, 57.850851139620659 ], [ 16.487576726419075, 57.843996758212562 ], [ 16.500000000098691, 57.843811468089299 ], [ 16.518684304933164, 57.843532793410461 ], [ 16.540615477835612, 57.835911313084836 ], [ 16.57967008874893, 57.814058740478032 ], [ 16.604737005423765, 57.795648375059109 ], [ 16.612270480415649, 57.790113580881034 ], [ 16.638548371907554, 57.772649805257224 ], [ 16.657889074821817, 57.762397653369398 ], [ 16.652269075165499, 57.746665035961605 ], [ 16.682432669843049, 57.73400883835783 ], [ 16.68350837275138, 57.723640938365662 ], [ 16.661796731934693, 57.724385757854691 ], [ 16.639624074815885, 57.718543166810129 ], [ 16.615409777024979, 57.719055304511791 ], [ 16.557168134399792, 57.74054687805598 ], [ 16.54081305599415, 57.739965250157226 ], [ 16.53446860279043, 57.733485278868642 ], [ 16.544896337338329, 57.718566445823285 ], [ 16.579384697576426, 57.708694745417809 ], [ 16.581909307579558, 57.700567190423193 ], [ 16.55587290030401, 57.691505952497259 ], [ 16.55931954111476, 57.683525986787309 ], [ 16.570405869225013, 57.675089769566533 ], [ 16.582897197473919, 57.678096271688531 ], [ 16.608428683287826, 57.671546902595814 ], [ 16.606299229601767, 57.644147883439771 ], [ 16.586673135514999, 57.63684574688876 ], [ 16.562502743781923, 57.638303959167992 ], [ 16.569659463547012, 57.666196982055958 ], [ 16.547574618543852, 57.666278577270333 ], [ 16.54605985326063, 57.627663492854275 ], [ 16.52131868008086, 57.617755245622718 ], [ 16.524150633387091, 57.604703498012348 ], [ 16.527487509053273, 57.593994750031101 ], [ 16.538727509264231, 57.573315694037206 ], [ 16.561910009306317, 57.556670418234731 ], [ 16.598593683215526, 57.54317559496257 ], [ 16.633060090424713, 57.53106808324894 ], [ 16.657625637576544, 57.520489716139132 ], [ 16.616112276645154, 57.507894635197559 ], [ 16.630772040971873, 57.50000000018067 ], [ 16.631962433589155, 57.499367626474928 ], [ 16.637933684403038, 57.488612705557976 ], [ 16.609636105267953, 57.479749925120906 ], [ 16.603094073905694, 57.471139289825473 ], [ 16.611238683565144, 57.464665524952416 ], [ 16.624059308146069, 57.457612434997074 ], [ 16.589680713950852, 57.45350713896444 ], [ 16.583555791934579, 57.445191051564734 ], [ 16.588122041711486, 57.437601977798558 ], [ 16.610404463974863, 57.431318972192884 ], [ 16.605684542097247, 57.422176017536735 ], [ 16.587507354206966, 57.42004619005273 ], [ 16.593281025963996, 57.407102498852822 ], [ 16.575586807404747, 57.405238136706252 ], [ 16.534358836747543, 57.41076146756005 ], [ 16.52628008707315, 57.399111703511366 ], [ 16.529375477624654, 57.37457250571989 ], [ 16.543491337199672, 57.358864793700263 ], [ 16.540549618748873, 57.348532278560995 ], [ 16.522394383887502, 57.341804718067777 ], [ 16.500704695201414, 57.333265894005152 ], [ 16.506807664188774, 57.309030773476742 ], [ 16.512186179628731, 57.293503976405866 ], [ 16.506083211539689, 57.276518001905508 ], [ 16.500000000098691, 57.273236686234846 ], [ 16.482900710599289, 57.264011668564095 ], [ 16.473965788305698, 57.249419432453365 ], [ 16.475743991732514, 57.234844662159091 ], [ 16.487005944972385, 57.193683059115294 ], [ 16.492779616729415, 57.171255283279926 ], [ 16.481298132302094, 57.151052767621444 ], [ 16.472121725792142, 57.141862961097438 ], [ 16.482944616657118, 57.12255457473286 ], [ 16.500000000098691, 57.118093295710288 ], [ 16.503646414550527, 57.117139411246818 ], [ 16.500000000098691, 57.109296433659971 ], [ 16.499760711364882, 57.108781695146959 ], [ 16.435262427651622, 57.128178966870522 ], [ 16.41800727056896, 57.130757498974489 ], [ 16.412321410927582, 57.108139613209858 ], [ 16.424483442844476, 57.107509194906619 ], [ 16.435569771853039, 57.116660878361245 ], [ 16.454581178435291, 57.115645433362097 ], [ 16.47578789779034, 57.10990239265886 ], [ 16.500000000098691, 57.098291467078958 ], [ 16.503251258233458, 57.096732046635104 ], [ 16.526016648929559, 57.09460660384832 ], [ 16.542986415738035, 57.077201398655149 ], [ 16.553348290300885, 57.063353148761287 ], [ 16.520484461388893, 57.042576891266044 ], [ 16.511571492124215, 57.031839283461302 ], [ 16.500000000098691, 57.029091014922273 ], [ 16.493789460551, 57.027615906667151 ], [ 16.469267819456995, 57.032237028269812 ], [ 16.465360163242433, 57.028154092401898 ], [ 16.479937038221262, 57.019237921854376 ], [ 16.457852194116416, 57.000134647278138 ], [ 16.457893487873399, 56.999999999884416 ], [ 16.463450240743828, 56.982119611773982 ], [ 16.487576726419075, 56.960316407671918 ], [ 16.479717507033815, 56.928374604745045 ], [ 16.455678834372534, 56.927494977871319 ], [ 16.443253365210364, 56.918709140683269 ], [ 16.449729537485879, 56.908149498467182 ], [ 16.450783287365297, 56.892455018375308 ], [ 16.428017895770882, 56.858309701651216 ], [ 16.40555984837788, 56.774982659559704 ], [ 16.401849770321856, 56.756883394888995 ], [ 16.394824770526874, 56.748406161001235 ], [ 16.376954925939689, 56.743579442555834 ], [ 16.354826174878706, 56.697036574551625 ], [ 16.365649065743682, 56.669006165629305 ], [ 16.343915471898079, 56.664938501887775 ], [ 16.326748127829386, 56.653549030222408 ], [ 16.336583127901687, 56.646202911950674 ], [ 16.360577894505138, 56.64262261604604 ], [ 16.353816331057118, 56.629161383149231 ], [ 16.331138752476669, 56.618577981857584 ], [ 16.311029689058863, 56.624891041585713 ], [ 16.278648828579598, 56.620725241509909 ], [ 16.283324844399385, 56.598768400139768 ], [ 16.259944766198764, 56.587405577711102 ], [ 16.242096874640492, 56.555541027694673 ], [ 16.247255858893006, 56.532680578525813 ], [ 16.233074140231253, 56.505861825874831 ], [ 16.219879395182268, 56.499999999986564 ], [ 16.195841638802573, 56.489459278738018 ], [ 16.181637966213589, 56.458498955948137 ], [ 16.14708374688875, 56.413145733227843 ], [ 16.129652964676467, 56.34718899743239 ], [ 16.095471948639787, 56.288588403302747 ], [ 16.090356870445103, 56.242973557392204 ], [ 16.037274212072425, 56.163307506218587 ], [ 16.028526998147342, 56.155821073559913 ], [ 16.01312577426658, 56.142636145498052 ], [ 16.000000000068475, 56.147061445203605 ], [ 15.990470147816726, 56.150274074317942 ], [ 15.964323975396614, 56.118546284192973 ], [ 15.930801552922279, 56.065647145766661 ], [ 15.891263973576237, 56.069806982771283 ], [ 15.880155691538759, 56.084795015665335 ], [ 15.890934676345909, 56.118254546807378 ], [ 15.863010300498981, 56.142962683164995 ], [ 15.824021549570716, 56.103583113437715 ], [ 15.812210767913065, 56.12411221310456 ], [ 15.777502875589205, 56.124952282905895 ], [ 15.76446271892252, 56.135894844334778 ], [ 15.744024359172695, 56.131263886073128 ], [ 15.722685920745853, 56.144455393175981 ], [ 15.675069591725416, 56.154891074767164 ], [ 15.644598652846447, 56.147615547906099 ], [ 15.635619824495027, 56.120308332580471 ], [ 15.612547089597507, 56.109186232769417 ], [ 15.59711404199949, 56.121218497487042 ], [ 15.584995917038738, 56.142216306831891 ], [ 15.551517399723913, 56.137912693883528 ], [ 15.500586148066208, 56.12862737255039 ], [ 15.500000000038265, 56.128889561428466 ], [ 15.470488413373708, 56.14208802166759 ], [ 15.450050052725569, 56.143137613467495 ], [ 15.408712317822115, 56.135848187941079 ], [ 15.395233097882215, 56.107120178085175 ], [ 15.347177706486884, 56.105684379293756 ], [ 15.354510050483279, 56.138425887427815 ], [ 15.31661895549226, 56.141609864906641 ], [ 15.279013250775428, 56.12034333920699 ], [ 15.248103249521558, 56.124660594299669 ], [ 15.21706153009421, 56.145878078490554 ], [ 15.177238560473979, 56.133013684191894 ], [ 15.129336840281038, 56.147848759613083 ], [ 15.111357229650975, 56.130995576454666 ], [ 15.078339728638278, 56.143534118257293 ], [ 15.046200353273688, 56.132862038416739 ], [ 15.003435664304346, 56.150635526271863 ], [ 15.000000000008052, 56.147485843653875 ], [ 14.985793644151315, 56.134471788466641 ], [ 14.949821788985032, 56.126387359906531 ], [ 14.927935431235474, 56.134040195229701 ], [ 14.811581750422715, 56.14526003296438 ], [ 14.688525923429765, 56.148396800954316 ], [ 14.669803857912324, 56.137527794336478 ], [ 14.682900514118803, 56.10793727503787 ], [ 14.698194595037318, 56.105590992335586 ], [ 14.717180351124943, 56.071886732233587 ], [ 14.75137229247211, 56.059827291970905 ], [ 14.781740712915912, 56.030200150265472 ], [ 14.740868598180411, 56.002949683966662 ], [ 14.681845749143116, 56.005477804482716 ], [ 14.64718208357564, 56.000000000175547 ], [ 14.624295175974424, 55.996429513206856 ], [ 14.603439330484512, 56.000000000175547 ], [ 14.578061343396461, 56.004401032597002 ], [ 14.562371725275201, 56.022093720923387 ], [ 14.582390271750034, 56.03970811138305 ], [ 14.546923824033955, 56.035404676101749 ], [ 14.536178413760554, 56.049003290016238 ], [ 14.525674719468856, 56.04040971261356 ], [ 14.513479007915329, 56.021239697278688 ], [ 14.49999999997784, 56.017231588671088 ], [ 14.477792817907714, 56.010627165635455 ], [ 14.467284014896995, 56.000000000175547 ], [ 14.448899877623132, 55.981641880770304 ], [ 14.430306452651008, 55.963065864366989 ], [ 14.404816317187942, 55.946026082496452 ], [ 14.398773396984062, 55.924892310777985 ], [ 14.360120682447391, 55.89854569928228 ], [ 14.326346252891456, 55.873896800937317 ], [ 14.292681694481292, 55.832443826203431 ], [ 14.272685121696624, 55.784614581478699 ], [ 14.253281854716082, 55.742216856439505 ], [ 14.266026922896771, 55.706945121764548 ], [ 14.287979203513451, 55.676372147602237 ], [ 14.3618346742977, 55.647862344674309 ], [ 14.385061462181609, 55.632491505311215 ], [ 14.371986780563606, 55.607416348789997 ], [ 14.381919143639658, 55.586027319222232 ], [ 14.416550569569907, 55.555254225883381 ], [ 14.411320696563378, 55.536128600626917 ], [ 14.410628448517228, 55.500000000025729 ], [ 14.410617520511797, 55.499436650342375 ], [ 14.371481372215086, 55.482202905070849 ], [ 14.346584541657831, 55.447261412783206 ], [ 14.322412860842322, 55.439993934292126 ], [ 14.27885988763475, 55.409763936127057 ], [ 14.233175411683957, 55.374769565509453 ], [ 14.195511538357531, 55.369436566803152 ], [ 14.124600617513856, 55.389118702088147 ], [ 14.069379314791444, 55.385676777101907 ], [ 14.009785135436818, 55.422201456071726 ], [ 13.999999999947628, 55.423558142703492 ], [ 13.921097042905618, 55.43449614310957 ], [ 13.865677971581832, 55.433188133796193 ], [ 13.803337009989693, 55.414107092412884 ], [ 13.733986261571909, 55.416955942582796 ], [ 13.672018862594042, 55.403404690081629 ], [ 13.637892845012315, 55.389918298537893 ], [ 13.614402366558224, 55.369378595415235 ], [ 13.562345356067924, 55.368369880531638 ], [ 13.506113237546787, 55.372601672455744 ], [ 13.499999999917415, 55.371640141248669 ], [ 13.444123864878753, 55.362850476803729 ], [ 13.345393537227416, 55.322115190040236 ], [ 13.296193180120403, 55.316833114008503 ], [ 13.109521884268089, 55.348224957539571 ], [ 13.08849252199453, 55.346832873268198 ], [ 13.086888401289992, 55.347030088002704 ], [ 13.052476718549601, 55.351171375218733 ], [ 13.028524780025631, 55.366074087862842 ], [ 12.999999999887205, 55.383263645982225 ], [ 12.974468113424678, 55.398643270373981 ], [ 12.952515832807995, 55.397032829719386 ], [ 12.932277544041623, 55.391957774407523 ], [ 12.917708612864855, 55.393916035665342 ], [ 12.908765090999049, 55.399268890916993 ], [ 12.892130579946185, 55.40202613848404 ], [ 12.874177613347447, 55.398515827459647 ], [ 12.861190829185054, 55.39121615871769 ], [ 12.855125934392694, 55.390242767338393 ], [ 12.891757017331914, 55.443211232696768 ], [ 12.902018994743592, 55.440144389367404 ], [ 12.900458822317701, 55.419017177038249 ], [ 12.909731957620817, 55.409729189016907 ], [ 12.931925955117517, 55.402130400643308 ], [ 12.956493172237462, 55.407250477199369 ], [ 12.969589828443942, 55.418032893403506 ], [ 12.960250770273701, 55.435225368070178 ], [ 12.971941073478703, 55.435422140498396 ], [ 12.982818330384674, 55.449367341855996 ], [ 12.983060047264692, 55.477774771225384 ], [ 12.965690989193895, 55.500000000025729 ], [ 12.924586553956248, 55.553220526674053 ], [ 12.920938827964093, 55.577688029851124 ], [ 12.964689569773041, 55.598135975567715 ], [ 12.986531979243951, 55.605502087541218 ], [ 12.999999999887205, 55.61243793466754 ], [ 13.024085980526293, 55.624838814653927 ], [ 13.061683930985591, 55.624827147945261 ], [ 13.081966168030609, 55.657142558161787 ], [ 13.057245131486253, 55.693111641178675 ], [ 13.030260746464419, 55.715617649626012 ], [ 12.999999999887205, 55.722088514018083 ], [ 12.997277389517356, 55.722670655785556 ], [ 12.981411977383194, 55.718620570980974 ], [ 12.969765622456837, 55.725556665426581 ], [ 12.973193606157452, 55.734585700144194 ], [ 12.960602358299491, 55.739611264044783 ], [ 12.932936770916244, 55.739204124751794 ], [ 12.934145355316344, 55.748602145015582 ], [ 12.949878921716254, 55.766228931506674 ], [ 12.958360984410497, 55.786566528314893 ], [ 12.92302638242867, 55.823518787324026 ], [ 12.908721142720404, 55.837294284920503 ], [ 12.874243536214573, 55.845578112919341 ], [ 12.847742584952782, 55.83799047282578 ], [ 12.831349790779935, 55.845230088749844 ], [ 12.7730520923827, 55.906040389251196 ], [ 12.720691675905195, 56.000000000175547 ], [ 12.719808472080784, 56.001603625840261 ], [ 12.696493787639584, 56.028480747442472 ], [ 12.670739960708021, 56.063321647624221 ], [ 12.61661737123994, 56.104236853114152 ], [ 12.58730371487351, 56.117962806698621 ], [ 12.58356809142575, 56.137644430849889 ], [ 12.560077612971659, 56.195871665752811 ], [ 12.534741296933007, 56.223858152410457 ], [ 12.506174765795119, 56.273040852750285 ], [ 12.499999999856989, 56.276838160179061 ], [ 12.467565999537094, 56.296777945260345 ], [ 12.486903343650511, 56.300134567603237 ], [ 12.499999999856989, 56.294502637308057 ], [ 12.534521554641467, 56.279653404250269 ], [ 12.652413432393327, 56.236796710624404 ], [ 12.695197306682193, 56.205233822138517 ], [ 12.69317567508474, 56.192435970903503 ], [ 12.713150273280929, 56.187905039694968 ], [ 12.728927787959485, 56.199062509383083 ], [ 12.747715776344052, 56.196838263243954 ], [ 12.793598020896223, 56.185272426886982 ], [ 12.815704120937319, 56.192226325568001 ], [ 12.850928851773375, 56.228931706895359 ], [ 12.833898804416075, 56.248777252855419 ], [ 12.780303596088364, 56.268066155238657 ], [ 12.751912858963372, 56.276910903657487 ], [ 12.737387876065249, 56.326477831112413 ], [ 12.726884182671867, 56.337594807426427 ], [ 12.684188204940291, 56.352605686444249 ], [ 12.68755026577378, 56.361593133403694 ], [ 12.609212047211548, 56.376942251127289 ], [ 12.599477451838554, 56.392702254949313 ], [ 12.606069728669599, 56.413029937314526 ], [ 12.633911110065741, 56.438982551830996 ], [ 12.657972918837165, 56.441343102520612 ], [ 12.701042458284695, 56.458371732619931 ], [ 12.727038002096283, 56.459516725677794 ], [ 12.820230817892265, 56.42382060619736 ], [ 12.8621587585138, 56.419538064369377 ], [ 12.8682885134663, 56.418911927494008 ], [ 12.9219716183513, 56.436633426630777 ], [ 12.950252484330523, 56.483345526047046 ], [ 12.950920035892882, 56.499999999986564 ], [ 12.951592913566559, 56.517003516910506 ], [ 12.894042340397867, 56.564552770075593 ], [ 12.852445075022306, 56.617492635898373 ], [ 12.803947894865189, 56.611003245557832 ], [ 12.765229257461392, 56.595078486543109 ], [ 12.718380145389142, 56.611855333678392 ], [ 12.726818259804741, 56.621553770602773 ], [ 12.694999538979134, 56.64262261604604 ], [ 12.692780138780307, 56.655449458806963 ], [ 12.646722100215241, 56.71933176123909 ], [ 12.600092731332845, 56.755150892873857 ], [ 12.578140450716164, 56.815113843279434 ], [ 12.550299069320021, 56.859875089967822 ], [ 12.504306953622081, 56.882872919031158 ], [ 12.499999999856989, 56.884191604702181 ], [ 12.431110710610771, 56.905277498452868 ], [ 12.395336624045862, 56.916220021359628 ], [ 12.387821427973382, 56.930110649149796 ], [ 12.391974562314058, 56.972514370853446 ], [ 12.403906583297395, 56.983067286552249 ], [ 12.397624263866932, 56.999999999884416 ], [ 12.393095249258552, 57.01236796444222 ], [ 12.359782278874178, 57.02299420817279 ], [ 12.287289211914445, 57.093975953921529 ], [ 12.299133335442182, 57.116474131767454 ], [ 12.281180368843446, 57.151950633208507 ], [ 12.236001301241171, 57.163737464846371 ], [ 12.267248691749447, 57.171768070818466 ], [ 12.273665173669281, 57.184783489515944 ], [ 12.23283700811074, 57.184806789719374 ], [ 12.192712018603784, 57.198038870323408 ], [ 12.168628235243879, 57.222137909673492 ], [ 12.178340856028393, 57.261256447478445 ], [ 12.199150475112097, 57.291447953689534 ], [ 12.162233727014213, 57.333474747551129 ], [ 12.149422735966397, 57.350144389638245 ], [ 12.112659808191243, 57.339786208519101 ], [ 12.097277828918809, 57.347558018928453 ], [ 12.106433759230175, 57.354019414938151 ], [ 12.128107709432488, 57.369310304795199 ], [ 12.128920756629839, 57.393227506842805 ], [ 12.118021526033704, 57.412718170493505 ], [ 12.084400915902185, 57.415068390961508 ], [ 12.101387014980839, 57.435160643508624 ], [ 12.078226149964056, 57.459647565179608 ], [ 12.057899964640393, 57.460295082795383 ], [ 12.030124506111374, 57.414443223981763 ], [ 12.009952140212127, 57.352104342484985 ], [ 11.999999999826779, 57.352440566414195 ], [ 11.974595563641818, 57.353298818412263 ], [ 11.974639511920463, 57.373367134723473 ], [ 11.947764998942716, 57.413181279928821 ], [ 11.940074008857342, 57.435287921125393 ], [ 11.953192639652302, 57.463798415230123 ], [ 11.934888085027776, 57.49027640296989 ], [ 11.957807233164539, 57.496976635683353 ], [ 11.956330392955978, 57.50000000018067 ], [ 11.93403108955178, 57.546251546432444 ], [ 11.972573932044366, 57.570990022732417 ], [ 11.97600191574498, 57.592149302480948 ], [ 11.919440183786532, 57.597335004532532 ], [ 11.903574771652375, 57.62465279323613 ], [ 11.891005498382894, 57.66634851546624 ], [ 11.923703189272977, 57.681172433508678 ], [ 11.994064753489488, 57.705760652985653 ], [ 11.926911430682052, 57.71456221386007 ], [ 11.89783949119564, 57.73093717899949 ], [ 11.8793811171467, 57.751572768850927 ], [ 11.823456638372708, 57.74843282719673 ], [ 11.770410786672164, 57.75677051478371 ], [ 11.769597739474813, 57.786988618295318 ], [ 11.827543849846258, 57.799730722154209 ], [ 11.88777528238534, 57.827615168362648 ], [ 11.905908203125021, 57.845819403119123 ], [ 11.979003906249998, 57.860467840619116 ], [ 12.011962890625, 57.88934967655662 ], [ 12.026757812500023, 57.90839264530662 ], [ 12.071699796898454, 57.940926372450264 ], [ 12.108264956970549, 57.98414028018658 ], [ 12.048341163280298, 57.948733715335003 ], [ 12.042480468749998, 57.941424871869124 ], [ 12.01502460573986, 57.905046274811518 ], [ 11.970309193560054, 57.864296500661723 ], [ 11.902469024001697, 57.849350645711887 ], [ 11.846261800791034, 57.821786858803151 ], [ 11.705935833463833, 57.861082892464161 ], [ 11.741734384388504, 57.934355316901843 ], [ 11.786473967407698, 57.952156841788167 ], [ 11.775113277640004, 57.979379833845719 ], [ 11.786144353072073, 57.992573492528258 ], [ 11.809973110112706, 57.999999999985022 ], [ 11.832949515967366, 58.007260464509947 ], [ 11.833608743740299, 58.140834377358892 ], [ 11.8724152785997, 58.174309763796785 ], [ 11.889357428501395, 58.203934332555328 ], [ 11.875315880261629, 58.262609260948317 ], [ 11.905816145541365, 58.280670309543446 ], [ 11.866570126098884, 58.281739270945302 ], [ 11.849232438994438, 58.318563793624371 ], [ 11.857648578821559, 58.351952448419183 ], [ 11.870613389293789, 58.371138328725237 ], [ 11.915770483205899, 58.380130642342394 ], [ 11.885687727920761, 58.398421044728202 ], [ 11.816974232687434, 58.382772276382198 ], [ 11.755116704855336, 58.394495029064821 ], [ 11.730593436912351, 58.390151579798854 ], [ 11.753226918992132, 58.367417897410689 ], [ 11.70897076973298, 58.364346216676296 ], [ 11.686666901090511, 58.360996040378964 ], [ 11.652013500571782, 58.337454663673945 ], [ 11.625995983070032, 58.346142453598119 ], [ 11.582157344703793, 58.316555752738644 ], [ 11.56117193070888, 58.331723492793202 ], [ 11.568862919895938, 58.345806116867706 ], [ 11.613932117250759, 58.401408691933796 ], [ 11.622238385932107, 58.45561692477834 ], [ 11.674954623297026, 58.479680025625683 ], [ 11.617206281526956, 58.470389606155123 ], [ 11.610987567310184, 58.490273179633391 ], [ 11.588485930066337, 58.48060431045225 ], [ 11.572532620476572, 58.39342948555386 ], [ 11.543504630167124, 58.363569560437476 ], [ 11.504785992763328, 58.336979035274766 ], [ 11.499999999796566, 58.3382228556694 ], [ 11.48626169584726, 58.341793027081977 ], [ 11.452597137437095, 58.339055512221059 ], [ 11.452750956861511, 58.352451065882832 ], [ 11.477669762007245, 58.361784345587715 ], [ 11.48285568583681, 58.392421822778417 ], [ 11.438445717153243, 58.380095882645186 ], [ 11.480262723922026, 58.451743556350827 ], [ 11.457145808082204, 58.441080910188134 ], [ 11.409725365692625, 58.382285674542047 ], [ 11.386146989782926, 58.373386622670736 ], [ 11.3732700767663, 58.392630307298603 ], [ 11.348483117354814, 58.397957820959363 ], [ 11.340594359566381, 58.373062135715074 ], [ 11.320509890224422, 58.371775746314206 ], [ 11.311346626067076, 58.396058539111998 ], [ 11.28972395978602, 58.419722739220184 ], [ 11.300755035218089, 58.42793895962329 ], [ 11.312972721360092, 58.43702085044427 ], [ 11.350197109205123, 58.412233888655344 ], [ 11.350746465832289, 58.432324013121388 ], [ 11.329739077248894, 58.456125633862143 ], [ 11.350878310668223, 58.459420503202601 ], [ 11.343670755241202, 58.474468912280592 ], [ 11.366260289042341, 58.48061586386995 ], [ 11.372940463328989, 58.485964682478766 ], [ 11.325541994629575, 58.484821051333824 ], [ 11.31017693243057, 58.500000000061064 ], [ 11.293064046031031, 58.517141062606193 ], [ 11.314818558944651, 58.541144912138179 ], [ 11.316620447352248, 58.564442474944293 ], [ 11.299128940823387, 58.587736176549463 ], [ 11.315060275824672, 58.619116564159611 ], [ 11.291789539662117, 58.688829877423231 ], [ 11.255971503920248, 58.690227844107888 ], [ 11.246434677148633, 58.703377626439909 ], [ 11.254653048374379, 58.710852960453252 ], [ 11.218813038942345, 58.722272440194722 ], [ 11.203650802859768, 58.731698535045254 ], [ 11.226811667876548, 58.750298824043682 ], [ 11.274957260007879, 58.730825856408764 ], [ 11.230810981894495, 58.774014533030673 ], [ 11.233733558144904, 58.786598184830368 ], [ 11.27232034981445, 58.767982518274117 ], [ 11.273353139303341, 58.777512387657282 ], [ 11.251027296072388, 58.800466270662916 ], [ 11.264893051197575, 58.807827801840645 ], [ 11.26076189144538, 58.829473690714337 ], [ 11.240699396691902, 58.86011452584674 ], [ 11.227273127048109, 58.869410412286967 ], [ 11.228371839404128, 58.925052138523476 ], [ 11.181105217337276, 58.942762185404831 ], [ 11.157988300599138, 58.946474239384472 ], [ 11.153724394102463, 58.955672803613524 ], [ 11.142408554521959, 58.98007263188201 ], [ 11.171524442287014, 58.98403477461337 ], [ 11.169590707246853, 58.987187990009389 ], [ 11.190378352640391, 58.996842188399292 ], [ 11.186851035032291, 59.000000000010452 ], [ 11.18407174186633, 59.002524472511205 ], [ 11.162422056058157, 59.000000000010452 ], [ 11.148407525548876, 58.998389379048241 ], [ 11.14744065892711, 58.998273919468723 ], [ 11.144843338386568, 58.999729321862965 ], [ 11.144360272935796, 59.000000000010452 ], [ 11.139837566297341, 59.002571328707866 ], [ 11.173941610188901, 59.066797776449128 ], [ 11.186884446072654, 59.077693079946933 ], [ 11.231360338521661, 59.088561543979779 ], [ 11.302512976245355, 59.091622788560805 ], [ 11.334665939526932, 59.098698977737676 ], [ 11.377730850854119, 59.108174465007892 ], [ 11.388696003419064, 59.109015267594643 ], [ 11.395112486237212, 59.089648200614555 ], [ 11.441219108387788, 59.028374196096337 ], [ 11.444356791622871, 59.024200342984678 ], [ 11.473757946592919, 59.000000000010452 ] ], [ [ 12.391015058020894, 58.478613227995069 ], [ 12.387299073015864, 58.385713602869309 ], [ 12.491346653156716, 58.404293527894467 ], [ 12.591678248292542, 58.452601332959844 ], [ 12.651134008373031, 58.482329213000106 ], [ 12.755181588513883, 58.452601332959844 ], [ 12.885241063689953, 58.504625123030287 ], [ 13.026448493881112, 58.649548538226476 ], [ 13.160223954062209, 58.716436268317025 ], [ 13.238259639167852, 58.709004298306965 ], [ 13.186235849097423, 58.608672703171123 ], [ 13.130496074021965, 58.523205048055445 ], [ 13.3051473692584, 58.50090913802525 ], [ 13.35717115932883, 58.616104673181212 ], [ 13.494662604514959, 58.671844448256643 ], [ 13.606142154665875, 58.675560433261701 ], [ 13.661881929741329, 58.701572328296898 ], [ 13.702757764796667, 58.73130020833716 ], [ 13.676745869761453, 58.805619908437762 ], [ 13.676745869761453, 58.853927713503126 ], [ 13.840249209982794, 58.861359683513221 ], [ 13.907136940073345, 58.850211728498124 ], [ 14.00375255020414, 58.909667488578599 ], [ 13.977740655168926, 59.002567113704373 ], [ 13.962876715148804, 59.102898708840179 ], [ 14.063208310284629, 59.199514318971005 ], [ 14.044628385259472, 59.277550004076637 ], [ 13.959160730143774, 59.299845914106818 ], [ 13.821669284957641, 59.314709854126939 ], [ 13.736201629841942, 59.333289779152096 ], [ 13.661881929741329, 59.355585689182277 ], [ 13.587562229640723, 59.258970079051494 ], [ 13.513242529540111, 59.232958184016269 ], [ 13.457502754464652, 59.273834019071593 ], [ 13.390615024374101, 59.381597584217488 ], [ 13.282851459228219, 59.37044962920239 ], [ 13.297715399248341, 59.303561899111855 ], [ 13.160223954062209, 59.236674169021299 ], [ 13.193667819107484, 59.147490528900569 ], [ 13.245691609177914, 59.050874918769772 ], [ 13.271703504213127, 58.950543323633951 ], [ 13.260555549198036, 58.894803548558492 ], [ 13.141644029037057, 58.894803548558492 ], [ 13.067324328936449, 58.961691278649013 ], [ 13.022732508876082, 59.043442948759719 ], [ 12.937264853760379, 59.062022873784841 ], [ 12.799773408574252, 59.050874918769772 ], [ 12.714305753458547, 58.998851128699343 ], [ 12.662281963388123, 58.902235518568531 ], [ 12.599110218302604, 58.850211728498124 ], [ 12.535938473217083, 58.783323998407568 ], [ 12.524790518201993, 58.701572328296898 ], [ 12.57681430827242, 58.671844448256643 ], [ 12.651134008373031, 58.660696493241574 ], [ 12.639986053357941, 58.619820658186228 ], [ 12.532222488212053, 58.526921033060454 ], [ 12.391015058020894, 58.478613227995069 ] ], [ [ 14.14941916240134, 57.787440017059389 ], [ 14.249750757537162, 57.806019942084546 ], [ 14.275762652572377, 57.861759717160005 ], [ 14.342650382662928, 57.936079417260622 ], [ 14.402106142743417, 57.988103207331044 ], [ 14.465277887828938, 58.047558967411533 ], [ 14.535881602924517, 58.118162682507105 ], [ 14.591621377999973, 58.181334427592603 ], [ 14.610201303025125, 58.259370112698264 ], [ 14.643645168070401, 58.344837767813964 ], [ 14.699384943145859, 58.40800951289949 ], [ 14.758840703226348, 58.448885347954828 ], [ 14.862888283367202, 58.478613227995069 ], [ 14.907480103427567, 58.478613227995069 ], [ 14.978173828125023, 58.524237371869098 ], [ 14.937207983467811, 58.560364898105732 ], [ 14.892616163407446, 58.612388688176168 ], [ 14.922344043447689, 58.671844448256643 ], [ 14.955787908492965, 58.712720283311995 ], [ 14.944639953477871, 58.794471953422665 ], [ 14.885184193397382, 58.809335893442778 ], [ 14.79228456827162, 58.738732178347199 ], [ 14.665941078100584, 58.664412478246589 ], [ 14.561893497959726, 58.612388688176168 ], [ 14.543313572934574, 58.593808763151017 ], [ 14.535881602924517, 58.508341108035303 ], [ 14.461561902823906, 58.452601332959844 ], [ 14.387242202723295, 58.41172549790452 ], [ 14.342650382662928, 58.329973827793822 ], [ 14.279478637577407, 58.274234052718391 ], [ 14.2423187875271, 58.24079018767312 ], [ 14.23488681751704, 58.166470487572489 ], [ 14.179147042441585, 58.077286847451781 ], [ 14.130839237376188, 57.988103207331044 ], [ 14.115975297356066, 57.943511387270661 ], [ 14.119691282361096, 57.858043732154968 ], [ 14.14941916240134, 57.787440017059389 ] ] ], [ [ [ 25.793691672846741, 56.612485633139109 ], [ 25.796463460588502, 56.611073280939607 ], [ 25.750456144497637, 56.614948367984255 ], [ 25.739324099325948, 56.611353491009076 ], [ 25.660711324171857, 56.585957242769659 ], [ 25.592857080084201, 56.563559363266151 ], [ 25.520594166890156, 56.555494268206786 ], [ 25.49999999974419, 56.565629873608849 ], [ 25.451081215969726, 56.589694767778028 ], [ 25.433334472017506, 56.605796917850647 ], [ 25.389163400402282, 56.605796917850647 ], [ 25.329624521336545, 56.577301113000786 ], [ 25.326634748407937, 56.576625325257474 ], [ 25.321658358415025, 56.574193298565376 ], [ 25.306693720253914, 56.57211768315981 ], [ 25.267575754756869, 56.56669142746388 ], [ 25.200332614794071, 56.571938220445354 ], [ 25.164146594975843, 56.590465585722747 ], [ 25.162441233240472, 56.591158586687527 ], [ 25.153950819807346, 56.594608609855129 ], [ 25.127705583872647, 56.605271187191796 ], [ 25.082826263419431, 56.61073477522114 ], [ 25.033283280778214, 56.59502009924644 ], [ 25.030765907603019, 56.595757692109586 ], [ 25.002117035089555, 56.604150821507204 ], [ 24.999999999713978, 56.605447142357313 ], [ 24.959074047146874, 56.63049854647889 ], [ 24.935070461782278, 56.6444419619881 ], [ 24.901241627557788, 56.633314582935427 ], [ 24.900019424697977, 56.632684632596821 ], [ 24.862656015376214, 56.629873403108242 ], [ 24.860035924339847, 56.629639724253067 ], [ 24.810383924850697, 56.647823845882392 ], [ 24.814574334784087, 56.683513294546103 ], [ 24.817649845618355, 56.684805787862679 ], [ 24.836571470977852, 56.692756683458249 ], [ 24.861072425667491, 56.703049517487955 ], [ 24.767641029010147, 56.744989516649866 ], [ 24.732814836648206, 56.758560503738856 ], [ 24.616948464927621, 56.788031476224724 ], [ 24.589752452096207, 56.81023454493176 ], [ 24.587768563215413, 56.808649067943485 ], [ 24.585379782076505, 56.80673992205319 ], [ 24.551604250287717, 56.779735605458811 ], [ 24.499999999683769, 56.78331993323296 ], [ 24.491444651530333, 56.78391413733253 ], [ 24.483684680712603, 56.784453091382467 ], [ 24.457036288963231, 56.810435060842238 ], [ 24.470153594743145, 56.83538614073376 ], [ 24.470873373457806, 56.837756430026722 ], [ 24.454126022327159, 56.848005260628597 ], [ 24.439881795294674, 56.853763904435773 ], [ 24.393800557737396, 56.848466151784926 ], [ 24.371608092766571, 56.855379930816859 ], [ 24.347188162522297, 56.863004755572376 ], [ 24.33759334321088, 56.866000193892681 ], [ 24.326989905379929, 56.869009202348664 ], [ 24.306443410927777, 56.881876331428494 ], [ 24.285120332793976, 56.890694043674195 ], [ 24.250003819305256, 56.90870534397996 ], [ 24.152860500350606, 56.942816025783522 ], [ 24.086250433711239, 56.972051961551976 ], [ 24.078000563060058, 56.993802056696758 ], [ 24.076007973097425, 56.999999999884416 ], [ 24.069881642522788, 57.019308136088263 ], [ 24.060829096622527, 57.025060090588589 ], [ 24.06339960155352, 57.02659801222363 ], [ 24.050413694146844, 57.037325443977082 ], [ 24.058117937975915, 57.045266653693687 ], [ 24.084591729573411, 57.053323075841995 ], [ 24.139045241324169, 57.069360537123494 ], [ 24.194262629188568, 57.09676708027397 ], [ 24.23298027664892, 57.121002464476689 ], [ 24.256005709856844, 57.13925021227211 ], [ 24.283112427454064, 57.153769619087548 ], [ 24.313885754529029, 57.177839398460655 ], [ 24.344484481452117, 57.19919179259518 ], [ 24.391473824133477, 57.227060552116768 ], [ 24.426939537925968, 57.254570979596366 ], [ 24.445556310112327, 57.271543874561672 ], [ 24.428641892101769, 57.30321335018845 ], [ 24.421876125436533, 57.337396334865304 ], [ 24.420217421298702, 57.404554898827584 ], [ 24.411596524875613, 57.490403488076751 ], [ 24.410293355960931, 57.50000000018067 ], [ 24.401797074732368, 57.563369190256758 ], [ 24.396362636471025, 57.631198994860448 ], [ 24.374450281477149, 57.727457975584137 ], [ 24.362468326740427, 57.800311384871584 ], [ 24.362752052436392, 57.858724522630027 ], [ 24.395074958105106, 57.930051083522898 ], [ 24.441911525204414, 57.979749600451541 ], [ 24.458603885964944, 57.999999999985022 ], [ 24.482418826916508, 58.029278733670708 ], [ 24.484754107990359, 58.079713735564845 ], [ 24.491061548807743, 58.11782286556862 ], [ 24.467905165485909, 58.195537591620287 ], [ 24.469913070825822, 58.248039792133319 ], [ 24.499999999683769, 58.265691566672224 ], [ 24.509569195450016, 58.271303892064218 ], [ 24.557562490801338, 58.293983541046735 ], [ 24.572359877927898, 58.330899705113353 ], [ 24.546300762140287, 58.375982412383991 ], [ 24.499999999683769, 58.391176651416124 ], [ 24.485648935116231, 58.395884819053009 ], [ 24.409981470775751, 58.40355084091297 ], [ 24.331935074425139, 58.391356216850383 ], [ 24.318032515322766, 58.335088058353044 ], [ 24.294788831924993, 58.294889494350464 ], [ 24.209867543365064, 58.280159055705361 ], [ 24.142035273865893, 58.271269024797661 ], [ 24.104343404543638, 58.245574131823147 ], [ 24.042840399533361, 58.285747587994706 ], [ 23.999999999653557, 58.328688447408766 ], [ 23.998186337925848, 58.33050520866054 ], [ 23.972901336351171, 58.335748048179049 ], [ 23.916997134349774, 58.347337001955239 ], [ 23.869767716010415, 58.345597354521743 ], [ 23.836157131975778, 58.369168055797225 ], [ 23.788142011156317, 58.363302943457171 ], [ 23.735652754707498, 58.364948982725373 ], [ 23.706930983010412, 58.391726865913171 ], [ 23.667907784385953, 58.388402465983653 ], [ 23.619172437490818, 58.410694251660146 ], [ 23.618866887225021, 58.467141999843733 ], [ 23.618598770655431, 58.500000000061064 ], [ 23.618452210516828, 58.518206429582193 ], [ 23.540711366228642, 58.542595615733127 ], [ 23.530693665895544, 58.603727706013942 ], [ 23.521418017106264, 58.698695989718345 ], [ 23.591258192843664, 58.701362969598449 ], [ 23.658042859634911, 58.713961386975953 ], [ 23.710881317285807, 58.715125519891707 ], [ 23.709178963110006, 58.738527943607316 ], [ 23.697000582753258, 58.767854660499708 ], [ 23.614872902013346, 58.774804776896033 ], [ 23.557625783340885, 58.759287128760562 ], [ 23.500902466022389, 58.776815169146438 ], [ 23.536171754194857, 58.803706001794374 ], [ 23.530431764769407, 58.846885011589194 ], [ 23.499999999623348, 58.882138071223885 ], [ 23.485035651618073, 58.899460003048766 ], [ 23.483617022239926, 58.935857393098786 ], [ 23.499999999623348, 58.937032807651043 ], [ 23.544879951592204, 58.940252563519422 ], [ 23.584121399508206, 58.953469388929982 ], [ 23.649531088755904, 58.956382650798894 ], [ 23.620525591362853, 58.986702898838665 ], [ 23.55627262946885, 58.983607393258978 ], [ 23.506969831181781, 58.971569230634508 ], [ 23.499999999623348, 58.97428272450567 ], [ 23.468535909417394, 58.986529650098596 ], [ 23.464853010788609, 59.000000000010452 ], [ 23.456030153326711, 59.032721728324326 ], [ 23.479797638078445, 59.059197066113335 ], [ 23.499999999623348, 59.059712124931615 ], [ 23.53300712150125, 59.060553624128239 ], [ 23.533574572893183, 59.089613147609477 ], [ 23.499999999623348, 59.174814668172161 ], [ 23.485363027352012, 59.211892072701012 ], [ 23.499999999623348, 59.231164791546519 ], [ 23.513189971923229, 59.248522867392985 ], [ 23.643441898128373, 59.261371524126154 ], [ 23.698812062473145, 59.251186020001704 ], [ 23.743116923776896, 59.276411645987004 ], [ 23.872932348704019, 59.288018433886016 ], [ 23.999999999653557, 59.299689185162855 ], [ 24.02885053945673, 59.302338454198335 ], [ 24.053272775676341, 59.292885364103462 ], [ 24.066215033943358, 59.280617967992541 ], [ 24.076778360200247, 59.276911319296509 ], [ 24.117372961988288, 59.307261378422027 ], [ 24.120515770112064, 59.328024996402107 ], [ 24.09895261542195, 59.353054398089981 ], [ 24.040308693737803, 59.382768706482743 ], [ 24.022215722905408, 59.41243376026204 ], [ 24.082998500941692, 59.417062954791412 ], [ 24.123069301375768, 59.409447592512002 ], [ 24.167636062907341, 59.385073834074291 ], [ 24.239527793124303, 59.35419060451774 ], [ 24.265870634607882, 59.350874629935397 ], [ 24.288525041145576, 59.354897815522513 ], [ 24.305352158181879, 59.363105021265277 ], [ 24.30768743925573, 59.372225666166912 ], [ 24.303802579588137, 59.378378103524597 ], [ 24.257817188678413, 59.400661172694399 ], [ 24.240335320174236, 59.407884957829346 ], [ 24.250091119381192, 59.411600437432867 ], [ 24.272047124413042, 59.406310675044317 ], [ 24.343131327580078, 59.415789989493916 ], [ 24.387436188883829, 59.428008473398982 ], [ 24.406074785640016, 59.433838462941871 ], [ 24.417773014680773, 59.438337507955048 ], [ 24.413517129241267, 59.463262205563375 ], [ 24.431239073403439, 59.470715224113164 ], [ 24.489555620251966, 59.472748629224618 ], [ 24.499999999683769, 59.469034282083904 ], [ 24.509438245336106, 59.465677395250424 ], [ 24.549225320074214, 59.442546867315883 ], [ 24.571181325106064, 59.439887168468296 ], [ 24.595843636983666, 59.442835952233814 ], [ 24.609025970010372, 59.452987047401599 ], [ 24.624281682984787, 59.455645713161132 ], [ 24.648070992306348, 59.441182352268463 ], [ 24.693641706507876, 59.428459639561552 ], [ 24.7313117512603, 59.427325929019226 ], [ 24.752482054710367, 59.438221858580249 ], [ 24.767432216520671, 59.444581973236055 ], [ 24.767999667912601, 59.452397488789401 ], [ 24.7548173348859, 59.462799948623015 ], [ 24.753878857722061, 59.468600814139307 ], [ 24.775682087171848, 59.473464913369057 ], [ 24.787533091794661, 59.464568047487703 ], [ 24.815840188580186, 59.455160233227545 ], [ 24.80804864377685, 59.428783549925683 ], [ 24.814574334784087, 59.406947342479796 ], [ 24.834522435374343, 59.407456667691271 ], [ 24.844649260353204, 59.409922156440494 ], [ 24.843907208809387, 59.427973768411626 ], [ 24.825508687711199, 59.451495791363463 ], [ 24.838647370699935, 59.460685042102064 ], [ 24.872912706202442, 59.468959002235863 ], [ 24.872716280582416, 59.486101353721921 ], [ 24.837446992409951, 59.528273154147357 ], [ 24.831663352946531, 59.555954956206797 ], [ 24.899888473685753, 59.546330595543843 ], [ 24.965581888629419, 59.480419007557437 ], [ 24.999999999713978, 59.477267694333847 ], [ 25.013269662461031, 59.476052651318049 ], [ 25.04166412040793, 59.497821048727637 ], [ 25.115520266725273, 59.495581343831454 ], [ 25.180449946590794, 59.46748000789065 ], [ 25.193348581769303, 59.485916577098848 ], [ 25.170083022597737, 59.526070081725543 ], [ 25.204282958052612, 59.520867488938762 ], [ 25.233921447022414, 59.494599982603816 ], [ 25.268776135741799, 59.496204781986378 ], [ 25.299789605848403, 59.519967623871906 ], [ 25.321003605150519, 59.49342231197955 ], [ 25.365810540256454, 59.481897434070397 ], [ 25.44695627166098, 59.481446982895982 ], [ 25.485892253752823, 59.510044438286002 ], [ 25.49999999974419, 59.51054040009047 ], [ 25.526268693385905, 59.511463864049517 ], [ 25.554226649156469, 59.516344846624264 ], [ 25.548159270522351, 59.537360743229023 ], [ 25.529062306595812, 59.55486010819137 ], [ 25.510860170693455, 59.585640526821692 ], [ 25.502086479823692, 59.639541780048908 ], [ 25.515421617178539, 59.642220196825441 ], [ 25.542528394064572, 59.606670611067436 ], [ 25.593664608930766, 59.589140701063926 ], [ 25.628584773156263, 59.572419466654985 ], [ 25.663592237457703, 59.567028200298992 ], [ 25.692837874289133, 59.566901472439412 ], [ 25.708202746045298, 59.582934549303111 ], [ 25.706478563706408, 59.600179973619305 ], [ 25.680855893501271, 59.616864356693796 ], [ 25.679437261428177, 59.650633398206402 ], [ 25.696591791927656, 59.647852218935945 ], [ 25.740263821554777, 59.635426026253491 ], [ 25.780160108973551, 59.604265539257987 ], [ 25.78524535771091, 59.559458229924239 ], [ 25.817197307676306, 59.551102779354196 ], [ 25.862549870502662, 59.559826974255166 ], [ 25.849782185438062, 59.604081411837328 ], [ 25.884113071905169, 59.60397783983224 ], [ 25.898714064852747, 59.586043526089632 ], [ 25.909430190047882, 59.56381376423284 ], [ 25.951530812918172, 59.564067243259238 ], [ 25.976127703188581, 59.572488580044414 ], [ 25.98588352395511, 59.589601223034748 ], [ 25.960850131508362, 59.615138771518289 ], [ 25.989855692681793, 59.605128623163694 ], [ 25.99999999977441, 59.60723006063882 ], [ 26.02979563013854, 59.613401592266818 ], [ 26.042345063216658, 59.604346094800128 ], [ 26.075344618584925, 59.598326919411228 ], [ 26.089072608078133, 59.579514342189107 ], [ 26.113276646210181, 59.5717168082084 ], [ 26.152081678188111, 59.576738766094515 ], [ 26.233445659782493, 59.577026699457718 ], [ 26.286349707923861, 59.562223714086507 ], [ 26.38545749777612, 59.550295935916481 ], [ 26.44750626345748, 59.521640430637838 ], [ 26.499999999804619, 59.517053814533696 ], [ 26.510886361135988, 59.516102545202017 ], [ 26.580202886436396, 59.515029474658618 ], [ 26.619509895198462, 59.530187749098246 ], [ 26.604908902250891, 59.55174823995771 ], [ 26.615472251863974, 59.562822872179339 ], [ 26.670842536582995, 59.546595734741281 ], [ 26.721651374816936, 59.522932472394459 ], [ 26.772700288708869, 59.500268390982107 ], [ 26.84243149071747, 59.456443271661605 ], [ 26.916440413515183, 59.432184421634723 ], [ 26.998240896387586, 59.42357747021542 ], [ 26.999999999834831, 59.423569776211785 ], [ 27.090822980859564, 59.423172519623421 ], [ 27.270138022257562, 59.438742276499099 ], [ 27.412110312890377, 59.439586493455295 ], [ 27.49999999986504, 59.423845333787199 ], [ 27.510214148276049, 59.422015489708777 ], [ 27.617986503453988, 59.401205325767194 ], [ 27.728988974018169, 59.390054226464152 ], [ 27.795511886108667, 59.376976233996395 ], [ 27.8541559362519, 59.385293913512768 ], [ 27.920111395153835, 59.407109401106204 ], [ 27.957366844944755, 59.424746016005102 ], [ 27.999999999895255, 59.452472807487183 ], [ 28.00555667101899, 59.45608495044732 ], [ 28.021550309575119, 59.474934324926288 ], [ 28.03096109013596, 59.486020513959915 ], [ 28.03096109013596, 59.486020513959915 ], [ 28.03096109013596, 59.486020513959915 ], [ 28.03096109013596, 59.486020513959915 ], [ 28.03096109013596, 59.486020513959915 ], [ 28.03096109013596, 59.486020513959915 ], [ 28.03096109013596, 59.486020513959915 ], [ 28.03096109013596, 59.486020513959915 ], [ 28.03096109013596, 59.486020513959915 ], [ 28.03096109013596, 59.486020513959915 ], [ 28.03096109013596, 59.486020513959915 ], [ 28.03096109013596, 59.486020513959915 ], [ 28.03096109013596, 59.486020513959915 ], [ 28.03096109013596, 59.486020513959915 ], [ 28.03096109013596, 59.486020513959915 ], [ 28.03096109013596, 59.486020513959915 ], [ 28.03096109013596, 59.486020513959915 ], [ 28.03096109013596, 59.486020513959915 ], [ 28.03096109013596, 59.486020513959915 ], [ 28.03096109013596, 59.486020513959915 ], [ 28.03096109013596, 59.486020513959915 ], [ 28.03096109013596, 59.486020513959915 ], [ 28.03096109013596, 59.486020513959915 ], [ 28.03096109013596, 59.486020513959915 ], [ 28.03096109013596, 59.486020513959915 ], [ 28.03096109013596, 59.486020513959915 ], [ 28.03096109013596, 59.486020513959915 ], [ 28.03096109013596, 59.486020513959915 ], [ 28.03096109013596, 59.486020513959915 ], [ 28.03096109013596, 59.486020513959915 ], [ 28.03096109013596, 59.486020513959915 ], [ 28.03096109013596, 59.486020513959915 ], [ 28.03096109013596, 59.486020513959915 ], [ 28.03096109013596, 59.486020513959915 ], [ 28.03096109013596, 59.486020513959915 ], [ 28.03096109013596, 59.486020513959915 ], [ 28.03096109013596, 59.486020513959915 ], [ 28.03096109013596, 59.486020513959915 ], [ 28.03096109013596, 59.486020513959915 ], [ 28.03096109013596, 59.486020513959915 ], [ 28.03096109013596, 59.486020513959915 ], [ 28.03096109013596, 59.486020513959915 ], [ 28.03096109013596, 59.486020513959915 ], [ 28.03096109013596, 59.486020513959915 ], [ 28.03096109013596, 59.486020513959915 ], [ 28.03096109013596, 59.486020513959915 ], [ 28.03096109013596, 59.486020513959915 ], [ 28.03096109013596, 59.486020513959915 ], [ 28.03096109013596, 59.486020513959915 ], [ 28.03096109013596, 59.486020513959915 ], [ 28.03096109013596, 59.486020513959915 ], [ 28.03096109013596, 59.486020513959915 ], [ 28.03096109013596, 59.486020513959915 ], [ 28.03096109013596, 59.486020513959915 ], [ 28.03096109013596, 59.486020513959915 ], [ 28.03096109013596, 59.486020513959915 ], [ 28.03096109013596, 59.486020513959915 ], [ 28.03096109013596, 59.486020513959915 ], [ 28.03096109013596, 59.486020513959915 ], [ 28.03096109013596, 59.486020513959915 ], [ 28.03096109013596, 59.486020513959915 ], [ 28.03096109013596, 59.486020513959915 ], [ 28.03096109013596, 59.486020513959915 ], [ 28.03096109013596, 59.486020513959915 ], [ 28.03096109013596, 59.486020513959915 ], [ 28.03096109013596, 59.486020513959915 ], [ 28.03096109013596, 59.486020513959915 ], [ 28.03096109013596, 59.486020513959915 ], [ 28.03096109013596, 59.486020513959915 ], [ 28.03096109013596, 59.486020513959915 ], [ 28.03096109013596, 59.486020513959915 ], [ 28.03096109013596, 59.486020513959915 ], [ 28.03096109013596, 59.486020513959915 ], [ 28.03096109013596, 59.486020513959915 ], [ 28.03096109013596, 59.486020513959915 ], [ 28.03096109013596, 59.486020513959915 ], [ 28.03096109013596, 59.486020513959915 ], [ 28.03096109013596, 59.486020513959915 ], [ 28.03096109013596, 59.486020513959915 ], [ 28.03096109013596, 59.486020513959915 ], [ 28.03096109013596, 59.486020513959915 ], [ 28.03096109013596, 59.486020513959915 ], [ 28.03096109013596, 59.486020513959915 ], [ 28.03096109013596, 59.486020513959915 ], [ 28.03096109013596, 59.486020513959915 ], [ 28.03096109013596, 59.486020513959915 ], [ 28.03096109013596, 59.486020513959915 ], [ 28.03096109013596, 59.486020513959915 ], [ 28.03096109013596, 59.486020513959915 ], [ 28.03096109013596, 59.486020513959915 ], [ 28.03096109013596, 59.486020513959915 ], [ 28.03096109013596, 59.486020513959915 ], [ 28.03096109013596, 59.486020513959915 ], [ 28.03096109013596, 59.486020513959915 ], [ 28.03096109013596, 59.486020513959915 ], [ 28.03096109013596, 59.486020513959915 ], [ 28.03096109013596, 59.486020513959915 ], [ 28.03096109013596, 59.486020513959915 ], [ 28.03096109013596, 59.486020513959915 ], [ 28.03096109013596, 59.486020513959915 ], [ 28.03096109013596, 59.486020513959915 ], [ 28.03096109013596, 59.486020513959915 ], [ 28.03096109013596, 59.486020513959915 ], [ 28.03096109013596, 59.486020513959915 ], [ 28.03096109013596, 59.486020513959915 ], [ 28.03096109013596, 59.486020513959915 ], [ 28.03096109013596, 59.486020513959915 ], [ 28.03096109013596, 59.486020513959915 ], [ 28.03096109013596, 59.486020513959915 ], [ 28.03096109013596, 59.486020513959915 ], [ 28.03096109013596, 59.486020513959915 ], [ 28.03096109013596, 59.486020513959915 ], [ 28.03096109013596, 59.486020513959915 ], [ 28.03096109013596, 59.486020513959915 ], [ 28.03096109013596, 59.486020513959915 ], [ 28.03096109013596, 59.486020513959915 ], [ 28.03096109013596, 59.486020513959915 ], [ 28.03096109013596, 59.486020513959915 ], [ 28.03096109013596, 59.486020513959915 ], [ 28.03096109013596, 59.486020513959915 ], [ 28.03096109013596, 59.486020513959915 ], [ 28.03096109013596, 59.486020513959915 ], [ 28.03096109013596, 59.486020513959915 ], [ 28.03096109013596, 59.486020513959915 ], [ 28.03096109013596, 59.486020513959915 ], [ 28.03096109013596, 59.486020513959915 ], [ 28.03096109013596, 59.486020513959915 ], [ 28.03096109013596, 59.486020513959915 ], [ 28.03096109013596, 59.486020513959915 ], [ 28.03096109013596, 59.486020513959915 ], [ 28.03096109013596, 59.486020513959915 ], [ 28.03096109013596, 59.486020513959915 ], [ 28.03096109013596, 59.486020513959915 ], [ 28.03096109013596, 59.486020513959915 ], [ 28.03096109013596, 59.486020513959915 ], [ 28.03096109013596, 59.486020513959915 ], [ 28.03096109013596, 59.486020513959915 ], [ 28.03096109013596, 59.486020513959915 ], [ 28.03096109013596, 59.486020513959915 ], [ 28.03096109013596, 59.486020513959915 ], [ 28.03096109013596, 59.486020513959915 ], [ 28.03096109013596, 59.486020513959915 ], [ 28.03096109013596, 59.486020513959915 ], [ 28.03096109013596, 59.486020513959915 ], [ 28.03096109013596, 59.486020513959915 ], [ 28.03096109013596, 59.486020513959915 ], [ 28.03096109013596, 59.486020513959915 ], [ 28.03096109013596, 59.486020513959915 ], [ 28.03096109013596, 59.486020513959915 ], [ 28.03096109013596, 59.486020513959915 ], [ 28.03096109013596, 59.486020513959915 ], [ 28.03096109013596, 59.486020513959915 ], [ 28.03096109013596, 59.486020513959915 ], [ 28.129542945703424, 59.438660042660693 ], [ 28.129542945703424, 59.438660042660693 ], [ 28.174611879887962, 59.400344108386527 ], [ 28.193696444852101, 59.39109543459621 ], [ 28.193696444852101, 59.39109543459621 ], [ 28.193696444852101, 59.39109543459621 ], [ 28.193696444852101, 59.39109543459621 ], [ 28.19002633620515, 59.347788152562202 ], [ 28.19002633620515, 59.347788152562202 ], [ 28.140846880336031, 59.295672609775522 ], [ 28.018999273257322, 59.270715870976268 ], [ 27.927246557083592, 59.242823045259442 ], [ 27.86987001010846, 59.097464098075356 ], [ 27.86987001010846, 59.097464098075356 ], [ 27.86987001010846, 59.097464098075356 ], [ 27.86987001010846, 59.097464098075356 ], [ 27.86987001010846, 59.097464098075356 ], [ 27.86987001010846, 59.097464098075356 ], [ 27.832221708179169, 59.062412957381156 ], [ 27.786105266544222, 59.019271486513951 ], [ 27.769106423964949, 59.001871460066333 ], [ 27.674950020397986, 59.014599540954244 ], [ 27.552511195868043, 59.012655636709653 ], [ 27.49999999986504, 59.009100112729364 ], [ 27.384392432777812, 59.001271045378125 ], [ 27.372413848520033, 59.000000000010452 ], [ 27.180480501109404, 58.979922453989253 ], [ 27.158556397948235, 58.972939039515481 ], [ 27.038442734970467, 58.934654405975778 ], [ 27.000488881877072, 58.908525337053362 ], [ 26.999999999834831, 58.907955774342476 ], [ 26.970828568337442, 58.873953126200512 ], [ 26.95718787892017, 58.815234195133762 ], [ 26.96495761532335, 58.787202271321007 ], [ 26.999999999834831, 58.768191537105707 ], [ 27.013343867915925, 58.760949651529522 ], [ 27.055095288685816, 58.753054864980633 ], [ 27.085846857666283, 58.730255694115527 ], [ 27.153984827449904, 58.682852935007524 ], [ 27.145603987820191, 58.653104394745789 ], [ 27.189799820597905, 58.612824066655115 ], [ 27.222952150649913, 58.577429492974382 ], [ 27.235588884702281, 58.543016776458025 ], [ 27.261487749128047, 58.500000000061064 ], [ 27.31568701070394, 58.411087849387563 ], [ 27.337970439978754, 58.376306872385001 ], [ 27.36841645779511, 58.369272367206875 ], [ 27.395785135807284, 58.393383157293073 ], [ 27.448121731658404, 58.37796389025123 ], [ 27.46996865875688, 58.35354104233032 ], [ 27.440330169787078, 58.356787581042639 ], [ 27.429395793503772, 58.327198224767344 ], [ 27.432582258852044, 58.286769926773573 ], [ 27.482845469365561, 58.232440429279947 ], [ 27.471038088729575, 58.200277744289799 ], [ 27.486664862510199, 58.157010515351729 ], [ 27.49999999986504, 58.136665347453757 ], [ 27.523374684580698, 58.100974865003948 ], [ 27.531515447654101, 58.06842381523434 ], [ 27.564405877478286, 58.039036867487809 ], [ 27.556844516085039, 57.999999999985022 ], [ 27.552913825269965, 57.979973037737508 ], [ 27.550044959290393, 57.965349001915676 ], [ 27.548779103697669, 57.937594720566587 ], [ 27.556087361166348, 57.931294444100466 ], [ 27.553275074676634, 57.925665323654599 ], [ 27.56237723453004, 57.838606208565203 ], [ 27.562638044203108, 57.836108540678353 ], [ 27.543560808178526, 57.82063129579992 ], [ 27.507451623961494, 57.808867607407286 ], [ 27.49999999986504, 57.808785022583166 ], [ 27.423536585962019, 57.807937581565504 ], [ 27.399124073107043, 57.807667014396145 ], [ 27.377909927379541, 57.779561685672554 ], [ 27.378819592877274, 57.771854959693329 ], [ 27.380987717239687, 57.753479859193057 ], [ 27.416431682819148, 57.716052212581566 ], [ 27.408661946415965, 57.680531588012528 ], [ 27.4084505602532, 57.679070642271171 ], [ 27.401088636531124, 57.613401294556539 ], [ 27.42289188125228, 57.561592400129264 ], [ 27.408247269707772, 57.530377775149404 ], [ 27.406905862206393, 57.50000000018067 ], [ 27.406021109686431, 57.48022373951548 ], [ 27.389695932603335, 57.436965626640962 ], [ 27.33026617908169, 57.386183756650219 ], [ 27.281312474198863, 57.324783105531623 ], [ 27.307393472048481, 57.307765184975068 ], [ 27.315250508527601, 57.29302773315036 ], [ 27.31372275180874, 57.275692901218989 ], [ 27.297615825813814, 57.256977888533463 ], [ 27.232948047972748, 57.226676540102474 ], [ 27.184954647518545, 57.195406811002179 ], [ 27.142417523370231, 57.171581603715083 ], [ 27.099160170451302, 57.152965078866771 ], [ 27.051581446705292, 57.121189188150439 ], [ 27.008542344874531, 57.104438670420734 ], [ 26.999999999834831, 57.091899643236282 ], [ 26.972814652700784, 57.051966820064195 ], [ 26.929906500983943, 57.035933510316404 ], [ 26.9053532607515, 57.024842956604338 ], [ 26.907793257539701, 56.999999999884416 ], [ 26.908299649543462, 56.994911177856871 ], [ 26.930975930956638, 56.985910165587391 ], [ 26.943852741565323, 56.980131727288061 ], [ 26.932940190750156, 56.954348929266672 ], [ 26.963604459654686, 56.928802836524483 ], [ 26.952168105688926, 56.896648583066359 ], [ 26.946280783573723, 56.879612046991078 ], [ 26.9195395778892, 56.878028790895449 ], [ 26.888220555720164, 56.855804943250725 ], [ 26.876471884479574, 56.84093225645514 ], [ 26.875832628052034, 56.840107987421057 ], [ 26.870825949562686, 56.833556229821383 ], [ 26.865386042357894, 56.823594410998162 ], [ 26.860371725493682, 56.807590353508978 ], [ 26.860371725493682, 56.785400583261769 ], [ 26.860371725493682, 56.784461911166609 ], [ 26.777436336244147, 56.805500225702666 ], [ 26.722808104865575, 56.829819742505684 ], [ 26.676735314166915, 56.815636251148057 ], [ 26.642950055420233, 56.786160999526288 ], [ 26.570970867922146, 56.750766955550482 ], [ 26.519114424285334, 56.730398750224381 ], [ 26.499999999804619, 56.715757664140156 ], [ 26.4911128184768, 56.708948395359009 ], [ 26.453158965383402, 56.671197159983905 ], [ 26.397177577437844, 56.660672226487939 ], [ 26.353330946760526, 56.651660165736807 ], [ 26.355186081009958, 56.622884047256832 ], [ 26.34298584823561, 56.587720933613063 ], [ 26.31398028796049, 56.565148801688245 ], [ 26.264371829813161, 56.559562097367177 ], [ 26.22421364126825, 56.572931406329019 ], [ 26.172968300857971, 56.567801611498659 ], [ 26.169541759851704, 56.594039173566891 ], [ 26.157450653519749, 56.616150497663043 ], [ 26.109893755241881, 56.618636333095118 ], [ 26.010240337669202, 56.604034074480339 ], [ 25.99999999977441, 56.611665449201844 ], [ 25.972504735663975, 56.632148000070131 ], [ 25.969384709714113, 56.633269428974039 ], [ 25.949917815061998, 56.620869718239732 ], [ 25.80182186813914, 56.609407074724622 ], [ 25.797924606330735, 56.612186218187716 ], [ 25.793691672846741, 56.612485633139109 ] ] ], [ [ [ 14.686218626673648, 53.424199364057721 ], [ 14.695337941654033, 53.440384313809574 ], [ 14.698699783298592, 53.4404967972105 ], [ 14.698656054208877, 53.439305509675947 ], [ 14.705450483419881, 53.432905460898326 ], [ 14.74715323526431, 53.393602112293856 ], [ 14.761436501282413, 53.333013912850063 ], [ 14.74363735410809, 53.30035769446981 ], [ 14.704720949001233, 53.253698259060513 ], [ 14.663848834265737, 53.223810943538858 ], [ 14.561251038330701, 53.228835487728013 ], [ 14.49999999997784, 53.212556781132264 ], [ 14.484275223592986, 53.208376599842964 ], [ 14.448259419249743, 53.161801670924255 ], [ 14.45863126780719, 53.144397486881374 ], [ 14.406156746423976, 53.133519584855058 ], [ 14.394290649206077, 53.165310788489016 ], [ 14.369152101768803, 53.15847767542072 ], [ 14.361746777740413, 53.123208859962681 ], [ 14.319490285490229, 53.100763177087842 ], [ 14.287891306956162, 53.113107770730991 ], [ 14.241349834631057, 53.110946729848429 ], [ 14.209706907818342, 53.128510314146908 ], [ 14.154925089679011, 53.119338383035455 ], [ 14.140839592262285, 53.130074117455159 ], [ 14.13554379728695, 53.145814987679501 ], [ 14.128885597588782, 53.195516993522382 ], [ 14.144575215710045, 53.222078660376319 ], [ 14.186985527384641, 53.257794399055008 ], [ 14.2413937829097, 53.269552094401178 ], [ 14.277123921195964, 53.288489683895563 ], [ 14.315578868029576, 53.331549868343053 ], [ 14.318765134850169, 53.370046660611081 ], [ 14.302548134690218, 53.411325934581939 ], [ 14.259258852052831, 53.439529166714486 ], [ 14.278222634450294, 53.448382392173436 ], [ 14.288748302432156, 53.461021006766437 ], [ 14.275871389415531, 53.472288674849963 ], [ 14.245019535211691, 53.475088691288647 ], [ 14.206278923219413, 53.48227849213086 ], [ 14.160863641816551, 53.499999999893774 ], [ 14.16011101350858, 53.500297120802294 ], [ 14.160295430449887, 53.499999999893774 ], [ 14.168395308499763, 53.487101676020131 ], [ 14.129544825361718, 53.482620207161993 ], [ 14.120161818014518, 53.499833811312484 ], [ 14.119781125471835, 53.499999999893774 ], [ 14.1029779512328, 53.507422069241152 ], [ 14.080915799470349, 53.500815581019353 ], [ 14.080946752720093, 53.499999999893774 ], [ 14.081750820357867, 53.47905834892147 ], [ 14.057535192162026, 53.479531527910687 ], [ 14.03142977720467, 53.488428940642834 ], [ 14.00598359002025, 53.487732460519211 ], [ 13.999999999947628, 53.49202834518843 ], [ 13.98889494286202, 53.499999999893774 ], [ 13.983196287617739, 53.504138893348177 ], [ 13.962957998851364, 53.507142942776156 ], [ 13.946833094872657, 53.499999999893774 ], [ 13.942192327147989, 53.497968248330821 ], [ 13.939349445836326, 53.499999999893774 ], [ 13.93173258203325, 53.505508022259129 ], [ 13.937226145609962, 53.516100651821482 ], [ 13.908879356763613, 53.543506861455015 ], [ 13.917888801496543, 53.561856266325641 ], [ 13.90088072782941, 53.566595008685198 ], [ 13.858404493287688, 53.551832799158326 ], [ 13.843879510389568, 53.542391299795838 ], [ 13.831551954000107, 53.549509138184767 ], [ 13.853987668376828, 53.570855439008731 ], [ 13.842999061698134, 53.577542023212843 ], [ 13.844582687339463, 53.577995006622807 ], [ 13.884356088820631, 53.595427446531843 ], [ 13.953728810928576, 53.610306962732693 ], [ 13.942280224603595, 53.616936066853441 ], [ 13.882971710407633, 53.627089826580296 ], [ 13.828695300616824, 53.644462172348284 ], [ 13.794964819339532, 53.644316438655132 ], [ 13.781085627214326, 53.638045096543401 ], [ 13.757191074867338, 53.649178364984103 ], [ 13.736183687182258, 53.649178364984103 ], [ 13.735508588873198, 53.646717231642661 ], [ 13.66828323914628, 53.651032902075464 ], [ 13.592691801923246, 53.660171924050331 ], [ 13.532658137985539, 53.669414880510352 ], [ 13.518726459993228, 53.678933791187582 ], [ 13.511804569724873, 53.700756900071035 ], [ 13.499999999917415, 53.70569457724303 ], [ 13.495895209312073, 53.70741141451775 ], [ 13.468822926834633, 53.71493781113513 ], [ 13.447441976535284, 53.716432347628022 ], [ 13.431818281281142, 53.711432715571178 ], [ 13.418501882783122, 53.681753303417338 ], [ 13.406438016963849, 53.671003722532838 ], [ 13.321793186729236, 53.643654007273831 ], [ 13.26606647655662, 53.62438593175829 ], [ 13.253594734275852, 53.621600731108522 ], [ 13.230819771132083, 53.613382996971495 ], [ 13.196781651005962, 53.596130430102598 ], [ 13.174258039173637, 53.62117814460759 ], [ 13.117190898866669, 53.648423279676763 ], [ 13.108928579362278, 53.63289465914248 ], [ 13.084471233388104, 53.632112776406281 ], [ 13.069968225078462, 53.647482716054199 ], [ 13.058387793019227, 53.669017660732258 ], [ 13.065397579844872, 53.682018036773421 ], [ 13.094601365065531, 53.680204580451658 ], [ 13.107873815284908, 53.685605007472489 ], [ 13.086141276959765, 53.712199893757678 ], [ 13.091151406776438, 53.72627114932471 ], [ 13.06447466150175, 53.732630757006518 ], [ 12.999999999887205, 53.698535289593018 ], [ 12.99967258372908, 53.698362074660558 ], [ 12.951592913566559, 53.702079949448411 ], [ 12.93036578358994, 53.692208994680335 ], [ 12.898656933910102, 53.69167965555998 ], [ 12.85927906873337, 53.699169186083118 ], [ 12.845764901633974, 53.725332331178116 ], [ 12.851874438204375, 53.733147716594665 ], [ 12.853600801652775, 53.735355834720487 ], [ 12.856971771977253, 53.731705302327775 ], [ 12.88327495463767, 53.752047359119473 ], [ 12.902062943022235, 53.770120882245443 ], [ 12.917093333370566, 53.790444256048325 ], [ 12.917598741719086, 53.809636072299504 ], [ 12.903145334786171, 53.809595813351294 ], [ 12.896701410232724, 53.809577864528855 ], [ 12.903183629966732, 53.821405501525156 ], [ 12.915423289798904, 53.833224366246355 ], [ 12.943396516929296, 53.833474952936371 ], [ 12.961107765749697, 53.824096698447171 ], [ 12.98932270976011, 53.828331023745918 ], [ 12.999999999887205, 53.834609212635861 ], [ 13.022767525878734, 53.847993235757919 ], [ 13.021207353452844, 53.884444650955075 ], [ 12.999999999887205, 53.892156494640886 ], [ 12.967853862005155, 53.903843392843513 ], [ 12.951197377262126, 53.915823159927577 ], [ 12.92148818459126, 53.929470620213969 ], [ 12.865168168614517, 53.957541070820398 ], [ 12.838007989579788, 53.979376588707282 ], [ 12.806099397699896, 53.99999999987628 ], [ 12.799992529125889, 54.003993772914242 ], [ 12.776480076083317, 54.029218500341358 ], [ 12.697153015412521, 54.091112030685153 ], [ 12.667070260127387, 54.116243903195631 ], [ 12.646897894228136, 54.130361433319962 ], [ 12.618924667996058, 54.156979377148566 ], [ 12.597829382855373, 54.169057111866074 ], [ 12.556759500416815, 54.196682201874715 ], [ 12.531247390365268, 54.23235425071686 ], [ 12.520853568117655, 54.247449662243319 ], [ 12.499999999856989, 54.254377733346629 ], [ 12.487958108626197, 54.258377815382012 ], [ 12.460326125421096, 54.262004545835154 ], [ 12.467346257245552, 54.272169298300874 ], [ 12.44444908369727, 54.288359126726419 ], [ 12.447481530195134, 54.304846108180151 ], [ 12.499999999856989, 54.326406195375888 ], [ 12.622770162589587, 54.376762021343851 ], [ 12.696735504519607, 54.373665938868676 ], [ 12.755824276424027, 54.394648829181115 ], [ 12.829086442302463, 54.382110444237483 ], [ 12.904875648126874, 54.381175179274614 ], [ 12.94262741801059, 54.399139058339003 ], [ 12.968205450929261, 54.428320094533234 ], [ 12.996815930345795, 54.437345272849448 ], [ 12.999999999887205, 54.437818164795587 ], [ 13.031359458820436, 54.442475315229956 ], [ 13.033359116727723, 54.425991116333051 ], [ 13.031183664807539, 54.408539288407226 ], [ 13.046104184010099, 54.39235743697521 ], [ 13.060585218629576, 54.387273774573643 ], [ 13.079966511021638, 54.389051811531772 ], [ 13.092623681746723, 54.377315338878773 ], [ 13.074407024577802, 54.367407184652578 ], [ 13.067353288575196, 54.345698355141778 ], [ 13.097919477620374, 54.329043157919124 ], [ 13.10928016738807, 54.318529620507753 ], [ 13.109697678280986, 54.2942603536777 ], [ 13.26041909265718, 54.233226816142981 ], [ 13.322760054249317, 54.226589565056898 ], [ 13.38228831073682, 54.157787318581981 ], [ 13.379849169144768, 54.141121975246428 ], [ 13.406899476135409, 54.15040929770641 ], [ 13.425094159614165, 54.138445353641039 ], [ 13.414810208512323, 54.122024058370194 ], [ 13.439135708752248, 54.126133308897217 ], [ 13.462186701724946, 54.090475246070568 ], [ 13.469657948620464, 54.061358410113108 ], [ 13.499999999917415, 54.060485485924268 ], [ 13.501960103206114, 54.060429094109736 ], [ 13.507102078757034, 54.084995841487 ], [ 13.519297790310558, 54.095343744021001 ], [ 13.681160153061223, 54.107346715804837 ], [ 13.722735442949984, 54.118974995081565 ], [ 13.749258368800257, 54.124701745509775 ], [ 13.752488584797812, 54.107585413358343 ], [ 13.780835373644161, 54.101100300885044 ], [ 13.809248085357634, 54.089334316363441 ], [ 13.830453240745776, 54.072787289989172 ], [ 13.839506633757351, 54.056246913057905 ], [ 13.830848777948525, 54.027198961400686 ], [ 13.79562404711247, 54.013059431849001 ], [ 13.800288353392528, 53.99999999987628 ], [ 13.804963105282708, 53.987064265980834 ], [ 13.828101995711011, 53.986433535570796 ], [ 13.85923951507352, 53.973435731612419 ], [ 13.893013944629455, 53.946230988239869 ], [ 13.884509908245045, 53.931865372492233 ], [ 13.91364777059858, 53.931168014100443 ], [ 13.938808292624335, 53.913532790341044 ], [ 13.950476621240858, 53.892018216846388 ], [ 13.922569317875904, 53.858183340879982 ], [ 13.900331372100558, 53.859817744376919 ], [ 13.88490544454948, 53.84373453614996 ], [ 13.884334114232148, 53.826431566560544 ], [ 13.889563987238676, 53.814571192463085 ], [ 13.923030777047465, 53.813739916312073 ], [ 13.939401597530146, 53.810480626120722 ], [ 13.946323487798498, 53.796160485763686 ], [ 13.99754547560465, 53.766395839288805 ], [ 13.999999999947628, 53.765830825513255 ], [ 14.12769898777716, 53.736424906281194 ], [ 14.201971969454325, 53.742558274046168 ], [ 14.233636870855516, 53.739081928109563 ], [ 14.215376265407951, 53.725781909150676 ], [ 14.217068282669777, 53.705850410701295 ], [ 14.243635156798693, 53.691163543359465 ], [ 14.276091131707071, 53.690303341699135 ], [ 14.294879119193324, 53.70581072325156 ], [ 14.288308816950762, 53.728823041405853 ], [ 14.316325992359801, 53.723031476883314 ], [ 14.346013211340502, 53.706392800123794 ], [ 14.349946602491322, 53.688688762227116 ], [ 14.369349869471865, 53.673082366111231 ], [ 14.49999999997784, 53.630646596909521 ], [ 14.518489137732001, 53.624637772683251 ], [ 14.624150049547012, 53.499999999893774 ], [ 14.643456726074945, 53.477454757220812 ], [ 14.611330365502193, 53.414287960150446 ], [ 14.655652437628468, 53.413142668303557 ], [ 14.67571493238195, 53.396499529423608 ], [ 14.703160776575343, 53.402333272805116 ], [ 14.686218626673648, 53.424199364057721 ] ] ], [ [ [ 8.518297182664588, 53.387032988413075 ], [ 8.519292037197348, 53.386208108615264 ], [ 8.551712410972719, 53.380930168929119 ], [ 8.62905065909665, 53.36938776266043 ], [ 8.623412097551615, 53.417526203759763 ], [ 8.606781631612458, 53.433858444930834 ], [ 8.621108404836408, 53.45373552412012 ], [ 8.587189275552831, 53.47483893169445 ], [ 8.552859574861891, 53.493862622352964 ], [ 8.545481471583246, 53.489085987122536 ], [ 8.559305536794401, 53.499999999893774 ], [ 8.568847495641238, 53.507621444386324 ], [ 8.499999999615302, 53.578816044399581 ], [ 8.499934180054435, 53.578884050147913 ], [ 8.479530047015242, 53.62724887385928 ], [ 8.48622172512742, 53.675663977966671 ], [ 8.499999999615302, 53.693254480164846 ], [ 8.520382193998607, 53.719262562514373 ], [ 8.542826740611185, 53.762194860326701 ], [ 8.544085615395872, 53.775844318024355 ], [ 8.634755041100853, 53.774030499574955 ], [ 8.634074944565551, 53.773105951779364 ], [ 8.687169529870268, 53.761190790341203 ], [ 8.697305776379833, 53.726879386451678 ], [ 8.713716843183853, 53.687299115309798 ], [ 8.766328791534185, 53.659628936205344 ], [ 8.810735207380814, 53.656715223742403 ], [ 8.834386450134767, 53.627566966076401 ], [ 8.863347155731146, 53.610943402413959 ], [ 8.900996073006398, 53.592270508235032 ], [ 8.942506417395068, 53.572713436017999 ], [ 8.966640338425904, 53.582347159809871 ], [ 8.945402487954702, 53.61852689647165 ], [ 8.920303209471767, 53.652052862463222 ], [ 8.952159985627747, 53.655258291626375 ], [ 8.972432479545176, 53.657589358942225 ], [ 8.970501766437646, 53.684387324933454 ], [ 8.964709625318367, 53.696142438734235 ], [ 8.959638210636383, 53.712443536109006 ], [ 8.958917484199088, 53.719897351095526 ], [ 8.957469448470139, 53.734732784827301 ], [ 8.956021413639453, 53.749562959846102 ], [ 8.955546852539472, 53.757861200877613 ], [ 8.952884003492242, 53.773573119610568 ], [ 8.949746594243329, 53.786470156935067 ], [ 8.948964889266223, 53.826438037623149 ], [ 8.999999999645505, 53.823011726673947 ], [ 9.054575571782124, 53.819347410477313 ], [ 9.070350380735041, 53.836270874062471 ], [ 9.127174795353927, 53.853965229822187 ], [ 9.253943702572576, 53.842745611680755 ], [ 9.378234725657602, 53.77862933225115 ], [ 9.389291121004268, 53.772921050833574 ], [ 9.448711516775605, 53.722323762251932 ], [ 9.494054278982214, 53.683672581703107 ], [ 9.499999999675717, 53.673609464594882 ], [ 9.527490729988912, 53.627050064532916 ], [ 9.551229732756248, 53.588184707271601 ], [ 9.591752781036959, 53.553850960403999 ], [ 9.662991728893152, 53.525999763123167 ], [ 9.748820729115074, 53.517628854076293 ], [ 9.779997367413257, 53.517934487667411 ], [ 9.895840189798673, 53.517854757541905 ], [ 9.973770815767043, 53.519223441305485 ], [ 9.999999999705929, 53.516888876084714 ], [ 10.008734766574435, 53.516112611767056 ], [ 10.00904240632158, 53.500084417167109 ], [ 10.009385601387672, 53.499999999893774 ], [ 10.027742497250543, 53.495537637967921 ], [ 10.052539567200551, 53.485475061183813 ], [ 10.038450878967934, 53.4848555050364 ], [ 10.018062340682084, 53.4848555050364 ], [ 10.011349703077698, 53.475759089906987 ], [ 9.999999999705929, 53.477521859721136 ], [ 9.979475196872947, 53.480714453258535 ], [ 9.96843941247216, 53.467503241646838 ], [ 9.931931371777406, 53.472551595040322 ], [ 9.881074617406211, 53.488428940642834 ], [ 9.81229294183945, 53.495064637817663 ], [ 9.765626714182631, 53.488770605895738 ], [ 9.728855394346093, 53.471158099435677 ], [ 9.700552886155045, 53.442673392110784 ], [ 9.664505583284681, 53.433766338745102 ], [ 9.638726167842247, 53.41382721415922 ], [ 9.653425919775524, 53.387095371569018 ], [ 9.636246955998629, 53.362758682033899 ], [ 9.605684635099067, 53.328093996152219 ], [ 9.581287434926425, 53.284673790923463 ], [ 9.597742381737147, 53.261625915172175 ], [ 9.606693872557839, 53.233515714391608 ], [ 9.593880953725423, 53.214289129343136 ], [ 9.601889027546525, 53.195993344556584 ], [ 9.620757366639996, 53.170818859059146 ], [ 9.594363632002311, 53.168197317637329 ], [ 9.56081748142806, 53.18187257761695 ], [ 9.543177778928463, 53.171388162062371 ], [ 9.519219377026024, 53.163019963568345 ], [ 9.523804822003921, 53.158755788641656 ], [ 9.549737817918905, 53.154107088035616 ], [ 9.578040325211639, 53.141178128030276 ], [ 9.602437526282596, 53.153895169201171 ], [ 9.63508413986394, 53.152981258470163 ], [ 9.650902827925226, 53.161139541287596 ], [ 9.677318502117096, 53.171096891932613 ], [ 9.695397002886896, 53.170990974783805 ], [ 9.701496303154634, 53.163311288788712 ], [ 9.734406195877764, 53.157762518979027 ], [ 9.769290681715123, 53.146132925646995 ], [ 9.818392242107189, 53.137839277918999 ], [ 9.852530770525878, 53.128536819928932 ], [ 9.886471840261963, 53.11127818483255 ], [ 9.90156651045876, 53.096771306227538 ], [ 9.911483358731541, 53.067026123291718 ], [ 9.889872528652669, 53.047525326662395 ], [ 9.869709734302772, 53.026660677666925 ], [ 9.833706312337405, 53.022117187677487 ], [ 9.779602448251422, 53.03103100759251 ], [ 9.766394611155487, 53.027617140458155 ], [ 9.764332258027892, 53.020881593608479 ], [ 9.68817876649115, 53.012523795873591 ], [ 9.665339300716717, 53.002077583723882 ], [ 9.598554158716688, 53.00189149580293 ], [ 9.589128857787593, 52.999999999855014 ], [ 9.549606177898855, 52.992159358452021 ], [ 9.525735536009783, 52.984812797877552 ], [ 9.50796419438845, 52.967670321479048 ], [ 9.499999999675717, 52.966855344202294 ], [ 9.472114351099002, 52.964001680471995 ], [ 9.439248338382559, 52.932983247546332 ], [ 9.41276684462982, 52.894567316338517 ], [ 9.382336163750306, 52.875478277407801 ], [ 9.341769235462912, 52.863894267977983 ], [ 9.306950569186421, 52.859452247697341 ], [ 9.257410210524151, 52.863261604486823 ], [ 9.22480747694949, 52.859149066649287 ], [ 9.183867570851074, 52.848114457802822 ], [ 9.152581232985339, 52.847798011349134 ], [ 9.156947277929818, 52.853796908198767 ], [ 9.133361855635032, 52.861165840969619 ], [ 9.147184010129589, 52.884384911425784 ], [ 9.160391847225524, 52.889035130603411 ], [ 9.176232475739308, 52.904523462178645 ], [ 9.161510783353531, 52.927521795617231 ], [ 9.127306435373978, 52.94352255012722 ], [ 9.090688694213357, 52.937075592573237 ], [ 9.073465850429779, 52.925034302432842 ], [ 9.060982031198332, 52.906906801803132 ], [ 9.03592663272207, 52.905748067692336 ], [ 9.033973979162024, 52.889865003832377 ], [ 9.013218806967689, 52.889417137809808 ], [ 9.009335439401781, 52.877375702482134 ], [ 8.999999999645505, 52.877830601130121 ], [ 8.98851444764658, 52.878390263998114 ], [ 8.987856249342959, 52.89631902674148 ], [ 8.963064130008492, 52.897096078985932 ], [ 8.953410561775813, 52.935588708621538 ], [ 8.973134557855497, 52.938641370987575 ], [ 8.983577963513532, 52.959306941313393 ], [ 8.974714232706209, 52.97929219404449 ], [ 8.980182482656536, 52.999999999855014 ], [ 8.981866649541097, 53.006450416755996 ], [ 8.959158822888401, 53.007141523286705 ], [ 8.939939445538075, 53.007473781740103 ], [ 8.905800917119405, 53.016510229727771 ], [ 8.890377147321621, 53.043581610237659 ], [ 8.878560616446155, 53.04474716515147 ], [ 8.87354922180158, 53.045241467701899 ], [ 8.866945303702773, 53.056540071638643 ], [ 8.875216656665659, 53.058836603469082 ], [ 8.889697009463816, 53.059274656243133 ], [ 8.89382171571901, 53.048043161434748 ], [ 8.903694683985117, 53.045998341202846 ], [ 8.904725860998081, 53.035307921399557 ], [ 8.919952171214911, 53.025916747127077 ], [ 8.94599486579914, 53.024269426633197 ], [ 8.951216568628157, 53.057256921431353 ], [ 8.965104543581878, 53.07586427081209 ], [ 8.988580267207446, 53.081251195903882 ], [ 8.990181881612342, 53.093296351432627 ], [ 8.965345883169489, 53.10859995387549 ], [ 8.93283090870988, 53.103720369819428 ], [ 8.917780117621465, 53.089065014581458 ], [ 8.894940652745342, 53.096413213222121 ], [ 8.832960354858292, 53.103150164500782 ], [ 8.806347221085511, 53.096041854269401 ], [ 8.776223699354476, 53.107393369048282 ], [ 8.705577130241018, 53.09683761927824 ], [ 8.694278066698464, 53.1107478554095 ], [ 8.675563308077534, 53.118503268845458 ], [ 8.657375106841874, 53.134221895933088 ], [ 8.6264178676788, 53.135003700306605 ], [ 8.62209570184269, 53.154888528776361 ], [ 8.612200794022401, 53.168859338409924 ], [ 8.595570328083243, 53.170448145745148 ], [ 8.586940696442356, 53.184155376864695 ], [ 8.579532240886881, 53.190412560608593 ], [ 8.573456635481374, 53.191095410117043 ], [ 8.55324776743886, 53.192738571756749 ], [ 8.539334190499533, 53.193008914800672 ], [ 8.537890407395103, 53.195456702843877 ], [ 8.514963031588673, 53.234308922189001 ], [ 8.509170890469392, 53.275152371179949 ], [ 8.528170867786283, 53.284066385449812 ], [ 8.524441080692943, 53.360807979822219 ], [ 8.518764343443285, 53.385039612942847 ], [ 8.518297182664588, 53.387032988413075 ] ] ], [ [ [ 22.877426127733266, 59.994097549286323 ], [ 22.894165944693629, 59.999624721996661 ], [ 22.935327997873603, 59.985816429597399 ], [ 22.951151162239949, 59.964307660614608 ], [ 22.973565494017961, 59.986828930566773 ], [ 22.999999999593133, 59.980971253501153 ], [ 23.013767244565948, 59.977920129246755 ], [ 23.025312698024649, 59.995769446086285 ], [ 23.012043064922004, 60.009880517165563 ], [ 22.999999999593133, 60.008607331668962 ], [ 22.985481973248572, 60.00707242950719 ], [ 22.976948376901422, 60.026655845957841 ], [ 22.989934285206413, 60.032915991576822 ], [ 22.999999999593133, 60.031667941635831 ], [ 23.019529058561226, 60.029246395413708 ], [ 23.073698844616015, 60.029053247137469 ], [ 23.075008348450083, 60.036221685848119 ], [ 23.032755042524215, 60.038788765960071 ], [ 23.012981542984161, 60.050565235944561 ], [ 23.025574599150787, 60.08178596911015 ], [ 23.006172125382641, 60.092435770012912 ], [ 22.999999999593133, 60.09148109605011 ], [ 22.973107167271795, 60.087321120700629 ], [ 22.953704693503649, 60.094216070976529 ], [ 22.949339683418376, 60.121396191520049 ], [ 22.962085515167061, 60.156058395219219 ], [ 22.990829112332285, 60.182587962828158 ], [ 22.999999999593133, 60.191029901891973 ], [ 23.024461520936747, 60.213536446436699 ], [ 23.093952495472063, 60.24285282244157 ], [ 22.991977080371942, 60.33437613950727 ], [ 22.832189725155633, 60.297216289456962 ], [ 22.560922819788406, 60.256340454401624 ], [ 23.339050079841797, 60.923731361305109 ], [ 23.703216610334785, 60.97575515137553 ], [ 24.282910271119547, 60.998051061405711 ], [ 25.699443755037183, 61.009199016420794 ], [ 26.111918090595573, 60.968323181365463 ], [ 26.959162671742519, 61.021090168436878 ], [ 28.160169025368383, 61.072370761506313 ], [ 28.292458091547473, 61.06196600349223 ], [ 28.770519562444647, 61.223053953460315 ], [ 29.161998582724618, 61.34215127287154 ], [ 29.90147959872569, 61.16378399263008 ], [ 30.16531453408286, 61.048588457474125 ], [ 30.365977724354504, 60.956803627849894 ], [ 30.458877349480272, 60.860188017719096 ], [ 30.53877102708843, 60.798874265136085 ], [ 30.553634967108554, 60.720838580030453 ], [ 30.510901139550704, 60.724554565035497 ], [ 30.533197049580881, 60.665098804955008 ], [ 30.549918982103513, 60.601927059869482 ], [ 30.666972509761976, 60.579631149839301 ], [ 30.837907819993386, 60.419843794622984 ], [ 30.896333172122468, 60.24285282244157 ], [ 30.50000000004632, 60.24285282244157 ], [ 30.374181394177612, 60.216135858430391 ], [ 30.373740981139967, 60.157414120079224 ], [ 30.397963698209832, 60.130255316091798 ], [ 30.38948574723538, 60.097921658912171 ], [ 30.342912068505594, 60.060523251799758 ], [ 30.286686004034316, 60.024702991405498 ], [ 30.235157678631147, 60.016628752382204 ], [ 30.178638005468134, 59.988735926665392 ], [ 29.994750822351957, 59.998451095052509 ], [ 29.957590972301642, 60.028178975092743 ], [ 29.9267482967599, 60.140773320745154 ], [ 29.740949046508373, 60.181649155800507 ], [ 29.558865781261876, 60.189081125810567 ], [ 29.430664298588315, 60.163069230775342 ], [ 29.220711145804096, 60.155637260765282 ], [ 29.005184015512334, 60.187223133308045 ], [ 28.945728255431845, 60.259684840906139 ], [ 28.847254652798529, 60.283838743438842 ], [ 28.804520825240679, 60.348868481026877 ], [ 28.767360975190378, 60.31728260848412 ], [ 28.704189230104856, 60.347010488524369 ], [ 28.588993694948908, 60.354442458534415 ], [ 28.522105964858358, 60.44548409115766 ], [ 28.440354294747692, 60.560679626313622 ], [ 28.533253919873452, 60.491933903720557 ], [ 28.710320605363155, 60.449571674663218 ], [ 28.649006852780154, 60.525749367266329 ], [ 28.664799789051532, 60.562909217316637 ], [ 28.636929901513806, 60.61493300738708 ], [ 28.665357186802293, 60.667514195208234 ], [ 28.738747890651645, 60.660082225198181 ], [ 28.690440085586246, 60.725111962786208 ], [ 28.395762474687317, 60.61939218939311 ], [ 28.338164707109343, 60.58780631685034 ], [ 28.282424932033887, 60.58409033184531 ], [ 28.228543149460943, 60.511628624247216 ], [ 28.076187764254694, 60.494906691724573 ], [ 27.838364723932738, 60.461462826679302 ], [ 27.68377974772347, 60.484130335209954 ], [ 27.607602055120342, 60.471124387692363 ], [ 27.520276407502124, 60.495278290225066 ], [ 27.501696482476977, 60.456260447672229 ], [ 27.434808752386427, 60.46369241768231 ], [ 27.334477157250603, 60.504568252737634 ], [ 27.178405787039321, 60.513858215250195 ], [ 27.053920289370797, 60.53243814027536 ], [ 26.979600589270184, 60.472982380194885 ], [ 26.906024086170582, 60.421330188624943 ], [ 26.824272416059912, 60.454774053670221 ], [ 26.749952715959299, 60.460348031177766 ], [ 26.720224835919055, 60.423188181127465 ], [ 26.655195098331021, 60.439910113650107 ], [ 26.566011458210287, 60.42876215863501 ], [ 26.508413690632317, 60.462206023680288 ], [ 26.461963878069433, 60.477069963700401 ], [ 26.458247893064406, 60.419472196122406 ], [ 26.331904402893365, 60.374880376062059 ], [ 26.19812894271227, 60.391602308584687 ], [ 25.741420552501733, 60.220585619808944 ], [ 25.620356709108602, 60.221681268429784 ], [ 25.49999999974419, 60.222430257211407 ], [ 25.486045029334882, 60.222517099343392 ], [ 25.43095847121014, 60.214372485679995 ], [ 25.381895640783235, 60.21180781157269 ], [ 25.34773935626464, 60.216507677811848 ], [ 25.297934472497285, 60.223115721586076 ], [ 25.247256584377261, 60.21557001805688 ], [ 25.239552323480194, 60.200823758176256 ], [ 25.241734833463564, 60.188151353742057 ], [ 25.241276506717398, 60.169297582438979 ], [ 25.223816425053805, 60.172657448026605 ], [ 25.196120369511064, 60.185867311451545 ], [ 25.132085519466365, 60.177543909132808 ], [ 25.081953259066754, 60.162192085653189 ], [ 25.044697809275831, 60.162282611666477 ], [ 25.012483958184301, 60.181061257399094 ], [ 24.999999999713978, 60.159893246003548 ], [ 24.997839319690328, 60.156228162345343 ], [ 24.978022170112304, 60.127219193719185 ], [ 24.948056370087269, 60.132112435428894 ], [ 24.933651833302442, 60.155311410130068 ], [ 24.916344564950148, 60.167951277124793 ], [ 24.892664381172668, 60.167510038895387 ], [ 24.895392512588252, 60.142644019355785 ], [ 24.85942482290994, 60.131636735496855 ], [ 24.804141958641111, 60.122710422703186 ], [ 24.734498209422053, 60.124183204708515 ], [ 24.687705292360718, 60.114563608867492 ], [ 24.699054320199391, 60.095179888077134 ], [ 24.672013077209964, 60.094896415157841 ], [ 24.643487731132904, 60.107310222624221 ], [ 24.644317082752668, 60.125633264597958 ], [ 24.608262092998412, 60.119889293331305 ], [ 24.560683473456972, 60.147127408890547 ], [ 24.511249724157675, 60.152798697506881 ], [ 24.535257284567408, 60.137401298803191 ], [ 24.578274467505238, 60.108205649155003 ], [ 24.518997618923038, 60.090678053600577 ], [ 24.507190264338199, 60.082852238540461 ], [ 24.566139737186461, 60.083918473820752 ], [ 24.602369327990907, 60.085154809785152 ], [ 24.60033959808117, 60.071745455624708 ], [ 24.583556131082837, 60.050587944219991 ], [ 24.540255222449041, 60.024144636514634 ], [ 24.499999999683769, 60.003672092325445 ], [ 24.477158988807052, 59.992050212953359 ], [ 24.463125478692447, 59.980036614067131 ], [ 24.435996935627081, 59.964945158924735 ], [ 24.419562669830828, 59.970545508707893 ], [ 24.444596007480342, 59.986544523401832 ], [ 24.462448901756424, 60.020292228136256 ], [ 24.443242853608307, 60.02166732839963 ], [ 24.42783436505184, 60.021178662987602 ], [ 24.368186490697731, 59.993437865822742 ], [ 24.371263823315395, 60.004082177976095 ], [ 24.39926536893681, 60.037982315413792 ], [ 24.389073068451829, 60.065549439688695 ], [ 24.363712354170062, 60.070883076567014 ], [ 24.339050042292456, 60.042832079607066 ], [ 24.316875787070753, 60.053278790842036 ], [ 24.303715279512197, 60.039799641048859 ], [ 24.261745698383976, 60.046091355081352 ], [ 24.247144736877441, 60.033892966445066 ], [ 24.207292187531532, 60.042116585600418 ], [ 24.190705145254913, 60.028610139098305 ], [ 24.157923913738351, 60.031291421739006 ], [ 24.128329139485224, 60.025712744515104 ], [ 24.095787982728343, 60.016382539105088 ], [ 24.041465421091498, 60.013131688733502 ], [ 24.005410431337246, 60.012529222897896 ], [ 23.999999999653557, 60.011572969952859 ], [ 23.912086497442395, 59.996031027807476 ], [ 23.854795728731968, 59.976804937368868 ], [ 23.788207486662429, 59.951441223371113 ], [ 23.693268498667717, 59.934217404647427 ], [ 23.605684554198316, 59.917269613892117 ], [ 23.578315935474954, 59.909368314332546 ], [ 23.534316624437, 59.897016617172447 ], [ 23.499999999623348, 59.899522374084917 ], [ 23.493700198079136, 59.899982357491425 ], [ 23.451446892153271, 59.901727457043719 ], [ 23.419276761168298, 59.916813601361859 ], [ 23.437195130950492, 59.926650668231773 ], [ 23.499505662112384, 59.938353307100634 ], [ 23.499999999623348, 59.944117886980322 ], [ 23.501426267376356, 59.960744273398092 ], [ 23.544247024694158, 59.974278547275084 ], [ 23.546625955805972, 59.985293102023974 ], [ 23.499999999623348, 59.976146332113089 ], [ 23.495642627912932, 59.975291402363055 ], [ 23.491255791461199, 59.986009830969088 ], [ 23.499999999623348, 59.997342123334526 ], [ 23.507624582649655, 60.00722022944101 ], [ 23.540034789292626, 60.020508156829621 ], [ 23.516180004464946, 60.038254921037236 ], [ 23.499999999623348, 60.019610973566444 ], [ 23.499309237390676, 60.018814783858829 ], [ 23.47023826449151, 60.009164306927147 ], [ 23.466222453811692, 59.959173073095279 ], [ 23.438526459354385, 59.945028905879425 ], [ 23.406465453913498, 59.932599362583666 ], [ 23.367529556263293, 59.918854207101575 ], [ 23.348127082495147, 59.908661323875727 ], [ 23.312639544132828, 59.903860232255781 ], [ 23.261808991821844, 59.870187415488672 ], [ 23.204409097567329, 59.848763238167237 ], [ 23.206176927249242, 59.829074142568601 ], [ 23.196246526992088, 59.810242592510818 ], [ 23.138497432433812, 59.792693460695247 ], [ 23.076143251233951, 59.796561014377005 ], [ 23.031139988424354, 59.786479258538797 ], [ 22.999999999593133, 59.77776160647096 ], [ 22.981051487657187, 59.772455844350347 ], [ 22.944756421346622, 59.774539696976241 ], [ 22.95839708111949, 59.795176527833661 ], [ 22.991003712484169, 59.818556317599615 ], [ 22.999999999593133, 59.82074998919154 ], [ 23.050695236876244, 59.833108902136722 ], [ 23.111368889368446, 59.858563433664379 ], [ 23.184984799229355, 59.882115455862767 ], [ 23.233109044694586, 59.91134096559815 ], [ 23.266697804159392, 59.939834358458008 ], [ 23.301225039889726, 59.971125978444334 ], [ 23.301072265205985, 59.987090583208904 ], [ 23.308798334503205, 60.012767937297376 ], [ 23.279923787224067, 60.004139029271016 ], [ 23.274336572482355, 59.974472016287933 ], [ 23.231712240784578, 59.93372744247899 ], [ 23.192689043058433, 59.91591295892411 ], [ 23.155870176292218, 59.933305841521552 ], [ 23.137951805611703, 59.949163455513705 ], [ 23.119094958665663, 59.941395087008623 ], [ 23.129658284922552, 59.904133947393206 ], [ 23.119967961221707, 59.90269691744129 ], [ 23.10421027146316, 59.927539621737679 ], [ 23.098273856417684, 59.919253193512503 ], [ 23.091595389828388, 59.897769484220134 ], [ 23.060603811665256, 59.889760840304106 ], [ 23.032624091511988, 59.903267175025547 ], [ 23.003662244156907, 59.907657827934045 ], [ 22.999999999593133, 59.903757695098072 ], [ 22.983605018920887, 59.886292108530462 ], [ 22.951282113252173, 59.889167530441298 ], [ 22.930242759916027, 59.916699597585321 ], [ 22.925048397312683, 59.935288459425458 ], [ 22.921425437872909, 59.948309252132347 ], [ 22.935437123417685, 59.961370455605355 ], [ 22.877426127733266, 59.994097549286323 ] ] ], [ [ [ 18.080802869802739, 57.17677902770415 ], [ 18.134588027795587, 57.211790064004838 ], [ 18.181392092051286, 57.26350016636917 ], [ 18.175750138467734, 57.355525310015992 ], [ 18.109319980125267, 57.397084774011368 ], [ 18.087498573265702, 57.464480543090623 ], [ 18.091064732230056, 57.50000000018067 ], [ 18.091713572783362, 57.506548248164762 ], [ 18.1360808400499, 57.5420410528491 ], [ 18.346084440797707, 57.640800281923539 ], [ 18.450076396900869, 57.767233499644476 ], [ 18.500000000219536, 57.801251785956822 ], [ 18.508713195843125, 57.807185719858055 ], [ 18.560259135005353, 57.814314131549779 ], [ 18.612134370499593, 57.817970666349289 ], [ 18.627830855342886, 57.885682689874599 ], [ 18.698190623827141, 57.908892644981904 ], [ 18.737947734360635, 57.882531276991358 ], [ 18.763084062959155, 57.816194681621539 ], [ 18.806068283115945, 57.883713088948234 ], [ 18.870742191060515, 57.893536843468915 ], [ 18.957698522166773, 57.882913632240637 ], [ 19.000000000249752, 57.875286691761886 ], [ 19.071262041096951, 57.862434501591139 ], [ 19.093500557302505, 57.825352250476669 ], [ 19.15341063731163, 57.793017578375782 ], [ 19.087200010156607, 57.795456754596202 ], [ 19.035632117965466, 57.758433169993836 ], [ 19.000000000249752, 57.754185551965129 ], [ 18.957698522166773, 57.749142245514278 ], [ 18.95767656913786, 57.717600349339925 ], [ 18.891004926579029, 57.72906380373125 ], [ 18.782600391901358, 57.720358894316149 ], [ 18.769230938004341, 57.649641010833157 ], [ 18.728332264577471, 57.621069967241866 ], [ 18.778056094255049, 57.607680831421604 ], [ 18.712745545777057, 57.512191031575348 ], [ 18.711050599109086, 57.50000000018067 ], [ 18.707103592193505, 57.471983106639357 ], [ 18.721614608085591, 57.440320806010412 ], [ 18.78216132952646, 57.41839085793606 ], [ 18.844244768381156, 57.410691997105815 ], [ 18.84358617481881, 57.392219684853167 ], [ 18.749934140249586, 57.362377878992675 ], [ 18.665985387579184, 57.324875950940076 ], [ 18.632989840493714, 57.236019698298108 ], [ 18.691692498522713, 57.221835314184133 ], [ 18.691912029710164, 57.190747836687237 ], [ 18.590708119957092, 57.152521990960402 ], [ 18.500000000219536, 57.099420325385864 ], [ 18.490448194938871, 57.093824129445096 ], [ 18.358070846686662, 57.060559497135742 ], [ 18.332950564694062, 56.999999999884416 ], [ 18.331375845848772, 56.996251321322241 ], [ 18.405643270547589, 56.983934040718999 ], [ 18.406499442268469, 56.961357148356576 ], [ 18.33451514335642, 56.944215897224986 ], [ 18.290060063974231, 56.910395989355301 ], [ 18.204311154848096, 56.894968896880059 ], [ 18.117201152539444, 56.901455541025356 ], [ 18.177067325592425, 56.952058828325022 ], [ 18.18308248246413, 56.990197184711398 ], [ 18.219587939604128, 56.999999999884416 ], [ 18.256910843889738, 57.010155730291615 ], [ 18.254210609655303, 57.070634352329435 ], [ 18.172127872527362, 57.030669421104569 ], [ 18.1418106057491, 57.082014933383995 ], [ 18.116498652020955, 57.130069130230019 ], [ 18.080802869802739, 57.17677902770415 ] ] ], [ [ [ 21.871138329417462, 58.292671028526001 ], [ 21.919022499224695, 58.284794927969322 ], [ 21.949599400679634, 58.298257578823844 ], [ 21.918345923186994, 58.325944970834932 ], [ 21.936831744361129, 58.328277379787224 ], [ 21.966928494500078, 58.307431074292673 ], [ 22.000000000431022, 58.314872354833149 ], [ 22.001084705356817, 58.315116392829999 ], [ 22.000000000431022, 58.315828834035621 ], [ 21.966339218538309, 58.337930285647303 ], [ 22.000000000431022, 58.334930948153755 ], [ 22.026489068778236, 58.332570465206622 ], [ 22.027012870132197, 58.371196276299202 ], [ 22.000408128420794, 58.415961151801525 ], [ 22.000000000431022, 58.416308583821817 ], [ 21.942091582470589, 58.465570096750554 ], [ 21.88061040292845, 58.475150676386122 ], [ 21.87788227151287, 58.490192327940072 ], [ 21.944186787886437, 58.484844155382149 ], [ 21.938344197380811, 58.500000000061064 ], [ 21.932837759149443, 58.51448335766905 ], [ 22.000000000431022, 58.507384085089825 ], [ 22.017693572203264, 58.505513576057744 ], [ 22.022640960985544, 58.500000000061064 ], [ 22.066079717896319, 58.452240758885608 ], [ 22.108180249138446, 58.423518640716182 ], [ 22.135919893633716, 58.442318498644461 ], [ 22.110781207855887, 58.500000000061064 ], [ 22.110450054706185, 58.500770137626056 ], [ 22.156631870337613, 58.511450751551813 ], [ 22.168090023720378, 58.529911618286846 ], [ 22.194880668186567, 58.500000000061064 ], [ 22.207047746838725, 58.48660001702148 ], [ 22.258816776313552, 58.483088205658966 ], [ 22.26054282804655, 58.500000000061064 ], [ 22.261784984285448, 58.512340655448391 ], [ 22.26431669008101, 58.550491534905497 ], [ 22.321956659993518, 58.55243307244222 ], [ 22.393128163236494, 58.551205004253319 ], [ 22.481672410337879, 58.563074523622582 ], [ 22.49999999956292, 58.572830170979408 ], [ 22.547933276673479, 58.598331823530408 ], [ 22.603696291359984, 58.549403758619185 ], [ 22.63564817125679, 58.547520539547236 ], [ 22.660616034298503, 58.565342720952522 ], [ 22.686587849111859, 58.544935333738259 ], [ 22.725916598002119, 58.543449631034306 ], [ 22.744380593708112, 58.57981362247579 ], [ 22.8128239655355, 58.583518049568603 ], [ 22.893598493301699, 58.580327825118502 ], [ 22.999580958869291, 58.562571758657619 ], [ 22.999999999593133, 58.562373563041547 ], [ 23.04504254752673, 58.541063016018356 ], [ 23.0998670850494, 58.530496774795907 ], [ 23.145438266374875, 58.500000000061064 ], [ 23.158161806429781, 58.491601429769396 ], [ 23.227281755193196, 58.466101777757018 ], [ 23.232126917492774, 58.441427901805795 ], [ 23.172959193556345, 58.441312238157799 ], [ 23.13074953766845, 58.462703502934843 ], [ 23.103031718641322, 58.450621933912231 ], [ 23.112481966684168, 58.422060507944806 ], [ 23.088758132868723, 58.404998164436876 ], [ 23.046417525968593, 58.425161860759317 ], [ 23.044256845944943, 58.378508487452557 ], [ 22.999999999593133, 58.36030468304768 ], [ 22.993142567937991, 58.357483228965094 ], [ 22.949405158026174, 58.371578727420221 ], [ 22.914550545663591, 58.359639649677256 ], [ 22.961605363851067, 58.322649164679795 ], [ 22.922123839378756, 58.282540970979092 ], [ 22.895213547401557, 58.281843841609778 ], [ 22.862366839480565, 58.314605638220407 ], [ 22.853156667095714, 58.256447329968104 ], [ 22.8102704342718, 58.265457337155084 ], [ 22.768868305433834, 58.26370201935412 ], [ 22.746497624592102, 58.248307282874173 ], [ 22.7994015568508, 58.219604471697942 ], [ 22.732769664743294, 58.204656289009328 ], [ 22.678294328422712, 58.228775150535519 ], [ 22.649899932459562, 58.206787140474106 ], [ 22.604438342903805, 58.219557913922692 ], [ 22.56978015616124, 58.194978514594581 ], [ 22.53056053281507, 58.213504885964326 ], [ 22.49999999956292, 58.190404379218819 ], [ 22.492323036670705, 58.184599043286724 ], [ 22.428179201219105, 58.175498485564866 ], [ 22.422264611641769, 58.228460966332989 ], [ 22.404237116315485, 58.222886637534529 ], [ 22.394699567298382, 58.198938453331515 ], [ 22.379814880095875, 58.201209394777869 ], [ 22.363336963363341, 58.221967196411725 ], [ 22.351093107500478, 58.218242632396695 ], [ 22.34020240550965, 58.207509039199358 ], [ 22.320210655779746, 58.180719065631699 ], [ 22.410239005968762, 58.185018474703867 ], [ 22.401421683925648, 58.169461230492622 ], [ 22.385489394015217, 58.165661194873515 ], [ 22.2899393045906, 58.160041991167901 ], [ 22.225293492354858, 58.136377937125509 ], [ 22.196309819531635, 58.089563191581554 ], [ 22.189369452714519, 58.034509145060845 ], [ 22.195968810066635, 57.999999999985022 ], [ 22.19973635335138, 57.980558450146283 ], [ 22.194236439583928, 57.957672474054924 ], [ 22.120271329419253, 57.929657660150795 ], [ 22.078629124923292, 57.897961286642442 ], [ 22.012586508777545, 57.947056726359094 ], [ 22.049689102138039, 57.977762062234653 ], [ 22.059908536236172, 57.999999999985022 ], [ 22.078367223797148, 58.040698058438117 ], [ 22.134588565229826, 58.041774281297663 ], [ 22.154252939225792, 58.107175578041307 ], [ 22.088952375522183, 58.121231190636195 ], [ 22.039562276260853, 58.16949619827961 ], [ 22.028955299965997, 58.196527602082334 ], [ 22.000000000431022, 58.222291074395798 ], [ 21.999906152534976, 58.222374546640182 ], [ 21.954051712637479, 58.232417158849593 ], [ 21.887769020833741, 58.259458672036978 ], [ 21.871138329417462, 58.292671028526001 ] ] ], [ [ [ 22.092618984999923, 58.958602113592192 ], [ 22.1880817743486, 58.952382632766444 ], [ 22.320930881855418, 58.956267049874867 ], [ 22.446905098051236, 58.973256214358976 ], [ 22.468674637084611, 59.000000000010452 ], [ 22.479839106048164, 59.01390864782001 ], [ 22.49999999956292, 59.015099184448104 ], [ 22.544484917385589, 59.017725951132007 ], [ 22.539334204820214, 59.053279036927897 ], [ 22.601797511564158, 59.05510367655247 ], [ 22.633094639993089, 59.015805642971543 ], [ 22.662121962854279, 59.000380732948024 ], [ 22.672174365106802, 59.000000000010452 ], [ 22.816774300709209, 58.994602102182846 ], [ 22.85832920512923, 58.963549149084848 ], [ 22.900211484384876, 58.961491823647826 ], [ 22.921381787834935, 58.940784572349038 ], [ 22.995717924669837, 58.918780295258799 ], [ 22.999999999593133, 58.916711300886305 ], [ 23.081490389419351, 58.877313421893362 ], [ 23.032362191284161, 58.847708381069317 ], [ 22.999999999593133, 58.849306421349063 ], [ 22.927623753146211, 58.852880082756165 ], [ 22.85254556566581, 58.843301386825566 ], [ 22.87670590075928, 58.812123238666565 ], [ 22.827490402548154, 58.793741989096738 ], [ 22.785695422470134, 58.77715216008054 ], [ 22.74638849904802, 58.776559518839498 ], [ 22.720220258614635, 58.742750567056675 ], [ 22.710529934015479, 58.685183249231812 ], [ 22.656425623466802, 58.632351612507229 ], [ 22.577135199686555, 58.630426190664302 ], [ 22.52331461483384, 58.652194751520177 ], [ 22.543502790183776, 58.695248410619804 ], [ 22.525038794477783, 58.732373391642021 ], [ 22.49999999956292, 58.744713880764387 ], [ 22.484204117031751, 58.752496697134944 ], [ 22.451881210464727, 58.838418244271494 ], [ 22.407598174629118, 58.893391958561381 ], [ 22.366130570285041, 58.903385134035048 ], [ 22.271038806708273, 58.898174685783843 ], [ 22.176776395649579, 58.923952912675247 ], [ 22.108092948164192, 58.935360009254268 ], [ 22.092618984999923, 58.958602113592192 ] ] ], [ [ [ 16.418380473857116, 56.496346177986787 ], [ 16.421623434253608, 56.499999999986564 ], [ 16.455788600415413, 56.538984664123426 ], [ 16.498838679658945, 56.614644911492547 ], [ 16.500000000098691, 56.615870758708233 ], [ 16.590997901075543, 56.711800615242495 ], [ 16.610887433305901, 56.772972062725394 ], [ 16.668470481470429, 56.843835440250778 ], [ 16.682674154059416, 56.856883401255452 ], [ 16.72732681160014, 56.856141239781401 ], [ 16.755865874951585, 56.914703313586635 ], [ 16.784580563432655, 56.952463654185941 ], [ 16.803284626711804, 56.980478459026415 ], [ 16.836060643508137, 56.998989222612941 ], [ 16.835999541000827, 56.999999999884416 ], [ 16.835006893628723, 57.016639893282381 ], [ 16.89412666100371, 57.10802286992822 ], [ 16.935354630762596, 57.166523316355644 ], [ 16.986000492146115, 57.215061182881996 ], [ 17.0000000001289, 57.219456255894073 ], [ 17.055591900126831, 57.236903859194733 ], [ 17.065053696910969, 57.19086431867489 ], [ 17.006812055184096, 57.159750650304204 ], [ 17.0000000001289, 57.151299670608658 ], [ 16.940930724361092, 57.077937489634721 ], [ 16.915847393669388, 56.999999999884416 ], [ 16.914543067724615, 56.995997160006944 ], [ 16.851932753481059, 56.845366637404766 ], [ 16.80976079898732, 56.797545059820827 ], [ 16.771540406765968, 56.782477861924995 ], [ 16.734351812293433, 56.677035302092662 ], [ 16.699314623637559, 56.55236127318679 ], [ 16.653078474304483, 56.499999999986564 ], [ 16.647373528158262, 56.493619300602511 ], [ 16.613763292669962, 56.404402139062789 ], [ 16.580175010210567, 56.329878253805418 ], [ 16.544874384309416, 56.270890654448166 ], [ 16.5152157110935, 56.217794602184838 ], [ 16.500000000098691, 56.201316675263584 ], [ 16.479805320047781, 56.179435766693508 ], [ 16.435372193694505, 56.162549870275171 ], [ 16.437282115294799, 56.203964709007742 ], [ 16.426854380746896, 56.31091092343167 ], [ 16.437984614914974, 56.354229382731859 ], [ 16.43982867742853, 56.398830664292106 ], [ 16.421739302552211, 56.412508850827543 ], [ 16.418380473857116, 56.496346177986787 ] ] ], [ [ [ 22.382390235929407, 60.064777693014683 ], [ 22.428724827142897, 60.069884504132489 ], [ 22.457752150004087, 60.090507946919352 ], [ 22.499699905664162, 60.072755318469049 ], [ 22.49999999956292, 60.073257714012534 ], [ 22.50921562921312, 60.088682080606155 ], [ 22.49999999956292, 60.105081507704114 ], [ 22.490489732380993, 60.121996665879074 ], [ 22.470672582802969, 60.14108148187043 ], [ 22.481563284793793, 60.155345364041523 ], [ 22.49999999956292, 60.16080038241536 ], [ 22.537981051846494, 60.172035276739656 ], [ 22.580932759278205, 60.17487454371372 ], [ 22.541778611438147, 60.181717184188521 ], [ 22.49999999956292, 60.182972994074689 ], [ 22.462771912455555, 60.184091980983879 ], [ 22.461767960683911, 60.200236030028485 ], [ 22.478355002062216, 60.204790647476614 ], [ 22.49999999956292, 60.20725012724828 ], [ 22.523009063669736, 60.209864399911638 ], [ 22.678076077334538, 60.223081837482972 ], [ 22.784014893762475, 60.22836731622759 ], [ 22.786983100836057, 60.24285282244157 ], [ 22.999999999593133, 60.24285282244157 ], [ 23.04499889748876, 60.24285282244157 ], [ 22.999999999593133, 60.215418660420205 ], [ 22.975835299585697, 60.200676827241317 ], [ 22.972670666892089, 60.182780209448389 ], [ 22.942268365589033, 60.155775448352699 ], [ 22.935000622139665, 60.131444188527226 ], [ 22.928278505512402, 60.098003141800035 ], [ 22.853069367019771, 60.063665437780294 ], [ 22.836176774477355, 60.037516609798011 ], [ 22.852654690311581, 60.007856898986581 ], [ 22.837442627375136, 59.999454144011089 ], [ 22.796869851055241, 60.00428684280876 ], [ 22.705924847373897, 59.989877622993255 ], [ 22.673078140351222, 59.990503252655785 ], [ 22.614390567730787, 60.010812704081921 ], [ 22.59280558936916, 60.006424374989038 ], [ 22.565262369595601, 60.009255255107455 ], [ 22.49999999956292, 59.997307485662539 ], [ 22.499612605588222, 59.997236551235858 ], [ 22.409038628577097, 60.00109165561198 ], [ 22.382390235929407, 60.064777693014683 ] ] ], [ [ [ 19.642043309024196, 60.24285282244157 ], [ 20.000000000310173, 60.24285282244157 ], [ 20.260602065530481, 60.24285282244157 ], [ 20.288516311075952, 60.232726062862653 ], [ 20.288516311075952, 60.217083816891758 ], [ 20.27633247435217, 60.216485083696384 ], [ 20.265018802406445, 60.216073420298855 ], [ 20.253705348751335, 60.215886339979399 ], [ 20.247516636468422, 60.214011748644005 ], [ 20.248483704312811, 60.212271049407519 ], [ 20.25061099216072, 60.210530257472662 ], [ 20.253705348751335, 60.208655358949684 ], [ 20.293143222287362, 60.201434080297254 ], [ 20.290829766681654, 60.189383765309834 ], [ 20.269943189825877, 60.184566919396133 ], [ 20.249056612071779, 60.185776851075644 ], [ 20.256018804357037, 60.194211206734408 ], [ 20.246743156466074, 60.200224727572383 ], [ 20.218894386426719, 60.199026633000457 ], [ 20.195694353066923, 60.186975430985868 ], [ 20.181769968496397, 60.183368251265811 ], [ 20.149294287245631, 60.179749364383731 ], [ 20.12607242841769, 60.186975430985868 ], [ 20.102872395057883, 60.195409477702171 ], [ 20.079672362596401, 60.195409477702171 ], [ 20.071262295380603, 60.193504997689772 ], [ 20.050921999320451, 60.191600406797804 ], [ 20.044861400271785, 60.191791922377021 ], [ 20.040234488162056, 60.205050569367828 ], [ 20.028623559197246, 60.225510101781481 ], [ 20.017034454802261, 60.230320919908308 ], [ 20.000000000310173, 60.231059977586767 ], [ 19.989122225974601, 60.231529159565866 ], [ 19.993776288765478, 60.218292546145804 ], [ 20.000000000310173, 60.208155812000285 ], [ 20.000347236896729, 60.207586845843942 ], [ 20.001657394704321, 60.205575718126681 ], [ 20.005423525837443, 60.200224727572383 ], [ 20.014699174626728, 60.190593518893671 ], [ 20.007736982341466, 60.173720767531925 ], [ 20.005423525837443, 60.155639632935035 ], [ 20.000774789157887, 60.137548513932231 ], [ 20.017034454802261, 60.121849380479041 ], [ 20.019584057733223, 60.118429914966953 ], [ 20.022133442373573, 60.110449662361376 ], [ 20.021661366911985, 60.107366896242731 ], [ 20.020969294037315, 60.10320420962865 ], [ 20.021211989182678, 60.100410992584067 ], [ 20.021236433239878, 60.100236288026217 ], [ 20.021503571544123, 60.097224446620693 ], [ 20.01934791130628, 60.089237790026502 ], [ 20.018896568961448, 60.087402893501071 ], [ 20.020065955374125, 60.083874804105641 ], [ 20.02670251825036, 60.08110864267509 ], [ 20.033046624704387, 60.079224284542704 ], [ 20.047196680447321, 60.077157503165679 ], [ 20.063434521521859, 60.071110020617603 ], [ 20.086634554881662, 60.079573915843568 ], [ 20.105654871853211, 60.08399730578931 ], [ 20.11535087021171, 60.085013030369723 ], [ 20.124722330614247, 60.086186830847126 ], [ 20.133815958269082, 60.087345391630336 ], [ 20.142332094062059, 60.090451244646054 ], [ 20.147709350962305, 60.09225410611301 ], [ 20.155720019117943, 60.093146087666888 ], [ 20.170770795833331, 60.090590959111346 ], [ 20.177121231816848, 60.088035631793019 ], [ 20.197968960129849, 60.08331492099439 ], [ 20.201254940845292, 60.082608134073595 ], [ 20.216580930821014, 60.079573915843568 ], [ 20.226379506903488, 60.078499938884704 ], [ 20.229989589891975, 60.079036988304438 ], [ 20.230505315391536, 60.079573915843568 ], [ 20.256018804357037, 60.084406208222973 ], [ 20.256018804357037, 60.11098244995965 ], [ 20.251370067677485, 60.133924561580905 ], [ 20.242094419786518, 60.154428587124286 ], [ 20.260667541036593, 60.172521702596782 ], [ 20.290829766681654, 60.173720767531925 ], [ 20.304036762056171, 60.16621593244863 ], [ 20.308539925845615, 60.163317187907154 ], [ 20.316343255647162, 60.156839316536455 ], [ 20.316469404265881, 60.156671702791549 ], [ 20.318399612520238, 60.150764957592109 ], [ 20.3173714340837, 60.144425334615725 ], [ 20.316343255647162, 60.137548513932231 ], [ 20.324473088918502, 60.12759153634461 ], [ 20.332602921291532, 60.123061630286827 ], [ 20.31402980004146, 60.120648415827468 ], [ 20.307067607756199, 60.109781087537087 ], [ 20.286181030002101, 60.088035631793019 ], [ 20.288516311075952, 60.075943557509994 ], [ 20.283867574396396, 60.05902306905584 ], [ 20.295456678791385, 60.044501504984993 ], [ 20.274591925607112, 60.039663345140205 ], [ 20.269441213041738, 60.035136636799805 ], [ 20.269779283219137, 60.033243054056264 ], [ 20.272016569773584, 60.029263664885789 ], [ 20.274591925607112, 60.026349056810147 ], [ 20.286181030002101, 60.016655323132241 ], [ 20.304754151252176, 60.00939167690737 ], [ 20.305210076801586, 60.008157039115297 ], [ 20.305666220641609, 60.005248749376221 ], [ 20.305541163475961, 60.003878876752466 ], [ 20.304500544271058, 60.001690236538437 ], [ 20.302318038779259, 59.999395465149171 ], [ 20.297791958966918, 59.998487519505659 ], [ 20.272256645431582, 59.99121986839782 ], [ 20.246743156466074, 59.994848207489213 ], [ 20.218894386426719, 60.013029383710666 ], [ 20.184083424102106, 60.014234285628319 ], [ 20.15160774285134, 60.027553471648666 ], [ 20.1376833573825, 60.036028578935451 ], [ 20.09359674716692, 60.036028578935451 ], [ 20.061121065916154, 60.043286353371755 ], [ 20.030937014802952, 60.039663345140205 ], [ 20.005423525837443, 60.061440814896912 ], [ 20.000000000310173, 60.066148845754462 ], [ 19.991449257819195, 60.073526877905749 ], [ 19.96578605383181, 60.069907199072894 ], [ 19.933097849151128, 60.072324144789235 ], [ 19.904985994006086, 60.072982363171342 ], [ 19.895755582577884, 60.073526877905749 ], [ 19.892594552128568, 60.073644085576539 ], [ 19.875954521826596, 60.069960078896735 ], [ 19.870092378590495, 60.066275772953915 ], [ 19.860172200262955, 60.065067100196103 ], [ 19.832750112017251, 60.06385838256061 ], [ 19.821875411716579, 60.064616077690545 ], [ 19.815156657483428, 60.067353554085379 ], [ 19.81115635891193, 60.069901525563758 ], [ 19.80706495500095, 60.075943557509994 ], [ 19.767395656583112, 60.069907199072894 ], [ 19.751062531206387, 60.079573915843568 ], [ 19.734707452800748, 60.069907199072894 ], [ 19.728878897573118, 60.07368141458808 ], [ 19.723050343243806, 60.081990150859681 ], [ 19.718931716786454, 60.0982198079532 ], [ 19.717995416240544, 60.100983281967061 ], [ 19.713698311604229, 60.113396374899736 ], [ 19.711355034626038, 60.129180995428058 ], [ 19.710631459630985, 60.136895552643082 ], [ 19.709044248813356, 60.148406647691722 ], [ 19.698542312524669, 60.165276151117155 ], [ 19.688035107616841, 60.178539209850285 ], [ 19.681743561590096, 60.188203251469353 ], [ 19.678828186235005, 60.191588762305997 ], [ 19.669352997366605, 60.201434080297254 ], [ 19.642043309024196, 60.24285282244157 ] ] ], [ [ [ 13.152613398304101, 54.351617691434193 ], [ 13.169885162541421, 54.367328120810967 ], [ 13.20568122369481, 54.38143863659581 ], [ 13.338779285807892, 54.382690034101486 ], [ 13.343723493655753, 54.408407647339907 ], [ 13.309641424352673, 54.43418800311364 ], [ 13.248948531743716, 54.428767453865909 ], [ 13.255474885707633, 54.444027354672954 ], [ 13.302521765482943, 54.467484886458031 ], [ 13.35229345290729, 54.476843091856928 ], [ 13.338735337529247, 54.499165289858013 ], [ 13.332482897861764, 54.499999999751346 ], [ 13.269274717965695, 54.508541752971261 ], [ 13.29883009031383, 54.549374301883716 ], [ 13.355831307753673, 54.55637270408095 ], [ 13.402570548680155, 54.512091148274884 ], [ 13.412590808313496, 54.550835168615713 ], [ 13.451639060052917, 54.547355563151662 ], [ 13.43750961345923, 54.511466370864852 ], [ 13.474931769905634, 54.5178333340913 ], [ 13.477661155369358, 54.499999999751346 ], [ 13.479985848899267, 54.484990338950816 ], [ 13.499999999917415, 54.482816295750439 ], [ 13.505146370925022, 54.482257250395321 ], [ 13.504399245696479, 54.46177953266011 ], [ 13.530175047216526, 54.44179134687127 ], [ 13.563641837025317, 54.438489722750731 ], [ 13.580452142091074, 54.446657794929486 ], [ 13.57678244151044, 54.491756570933973 ], [ 13.563835297306587, 54.499999999751346 ], [ 13.557203380517004, 54.504274092204049 ], [ 13.542700082949841, 54.499999999751346 ], [ 13.525846118862956, 54.495093288653329 ], [ 13.524106701995162, 54.499999999751346 ], [ 13.521934701402301, 54.506201907017427 ], [ 13.52015478668487, 54.546186773727207 ], [ 13.53274603454283, 54.563768186707982 ], [ 13.499999999917415, 54.563256442505917 ], [ 13.487720786364969, 54.563064545575962 ], [ 13.447793565459387, 54.580572297457771 ], [ 13.408393725694177, 54.6050890293753 ], [ 13.392792005028518, 54.629180044062934 ], [ 13.376640927735693, 54.620576808046657 ], [ 13.352073710615748, 54.604691148899057 ], [ 13.322913873673734, 54.599995863548379 ], [ 13.312124515121686, 54.625057612193288 ], [ 13.32370494718092, 54.637304380936513 ], [ 13.32300177112934, 54.647931149724606 ], [ 13.285337897802913, 54.649759414250781 ], [ 13.318013615002833, 54.667044356848798 ], [ 13.359698776935682, 54.671851039402547 ], [ 13.425423773949792, 54.674432905566562 ], [ 13.426654332040057, 54.658276979449582 ], [ 13.398329516883873, 54.647308461010645 ], [ 13.405053639449168, 54.629776502893257 ], [ 13.421973815660696, 54.605566481103516 ], [ 13.456671164458069, 54.587154001730035 ], [ 13.49565349243205, 54.571826002725061 ], [ 13.499999999917415, 54.572438407542663 ], [ 13.52353882210684, 54.575754769171425 ], [ 13.548193935784074, 54.579231940513026 ], [ 13.62941078231807, 54.579868947665737 ], [ 13.655779887845611, 54.56410008884572 ], [ 13.67540289801601, 54.530590844156649 ], [ 13.65439551033093, 54.511333437917912 ], [ 13.624338312115627, 54.499999999751346 ], [ 13.596075837345216, 54.48947063002695 ], [ 13.595965966199445, 54.464855790295474 ], [ 13.611391892852208, 54.425583202441807 ], [ 13.656702807087049, 54.39125120176913 ], [ 13.715791578991468, 54.383862361419681 ], [ 13.751104206384815, 54.362544459506857 ], [ 13.772375285538397, 54.330454431338573 ], [ 13.76846386807774, 54.265472288916051 ], [ 13.698344019842938, 54.272459873742072 ], [ 13.748269527590011, 54.292134953476619 ], [ 13.723878104482962, 54.306311003551158 ], [ 13.720516043649473, 54.322592888492679 ], [ 13.740930126428744, 54.343377847393818 ], [ 13.691949511613268, 54.367538957906547 ], [ 13.667382294493326, 54.349877574622326 ], [ 13.636112930294882, 54.360501678917103 ], [ 13.574211454184139, 54.357997486122876 ], [ 13.538107753283606, 54.351446319309346 ], [ 13.499999999917415, 54.343071721797877 ], [ 13.483875291771442, 54.339527623557821 ], [ 13.43986085939231, 54.315719397635085 ], [ 13.422369351965134, 54.290299892146898 ], [ 13.403317673010379, 54.275590031087845 ], [ 13.413206087807788, 54.264587198323255 ], [ 13.440454164298119, 54.259500858569936 ], [ 13.417051582401315, 54.2372985429285 ], [ 13.379981013980702, 54.249286641055917 ], [ 13.384397839789878, 54.268906789384658 ], [ 13.33249464962231, 54.264573987643701 ], [ 13.249212223212215, 54.269474775321775 ], [ 13.202429034007091, 54.293428688667206 ], [ 13.160502156092534, 54.326906371450072 ], [ 13.152613398304101, 54.351617691434193 ] ] ], [ [ [ 24.008618714068824, 57.001808918977446 ], [ 24.030247343366735, 57.014661992727213 ], [ 24.050890571103622, 57.020555356827593 ], [ 24.059209190721816, 57.007252704775958 ], [ 24.054846004216571, 56.999999999884416 ], [ 24.050151793020703, 56.992300069548286 ], [ 24.071278446432796, 56.970618457758228 ], [ 24.147971688911365, 56.93166144700777 ], [ 24.255983884388698, 56.884935537852833 ], [ 24.254216054706784, 56.867457596609967 ], [ 24.275233582574788, 56.862692623600452 ], [ 24.279010832156189, 56.862734740155318 ], [ 24.253561303238911, 56.814022566830651 ], [ 24.204738656267832, 56.817447210185982 ], [ 24.123047475907622, 56.856790632187135 ], [ 24.073199050798451, 56.8628085672701 ], [ 24.017254536898673, 56.843429025979638 ], [ 24.010141948668544, 56.841318949001042 ], [ 23.999999999653557, 56.838309951531421 ], [ 23.901638775379421, 56.809114725718018 ], [ 23.841071570553439, 56.833355532323544 ], [ 23.824677153124878, 56.839914359899133 ], [ 23.716468753013078, 56.887308370612608 ], [ 23.673872998521123, 56.906030572339596 ], [ 23.669500593504431, 56.908360409064812 ], [ 23.660078793310003, 56.913530556488716 ], [ 23.645470239242684, 56.911775947322603 ], [ 23.640087883504883, 56.911129460433152 ], [ 23.637394768419071, 56.910925341639178 ], [ 23.602439515998579, 56.908275876599099 ], [ 23.502654586864931, 56.985995001145866 ], [ 23.499999999623348, 56.988061250185325 ], [ 23.484658948493568, 56.999999999884416 ], [ 23.48202379360821, 57.002078200131308 ], [ 23.445194886372065, 57.036711035718817 ], [ 23.443749629132267, 57.038069453748157 ], [ 23.499999999623348, 57.035372994082259 ], [ 23.501971893300148, 57.035278464394786 ], [ 23.53093374155354, 57.018313419249111 ], [ 23.542294999954805, 56.999999999884416 ], [ 23.543024821834347, 56.998839047752561 ], [ 23.555508753355209, 56.987146634275213 ], [ 23.570371615089567, 56.972086642424969 ], [ 23.588770136187758, 56.973635688027748 ], [ 23.576875481526976, 56.991491281841895 ], [ 23.610966216877603, 56.986106616363614 ], [ 23.638225710056883, 56.981969368564179 ], [ 23.686175355370235, 56.977588929479154 ], [ 23.743575249624744, 56.975161550630716 ], [ 23.809203189062295, 56.980813630122363 ], [ 23.876839033839758, 56.991352630721067 ], [ 23.926163657594969, 56.996701876024098 ], [ 23.93968677910112, 56.999999999884416 ], [ 23.956762384518051, 57.004220673427305 ], [ 23.984436553507209, 57.011384765410753 ], [ 23.999999999653557, 57.01770860027522 ], [ 24.036140108374241, 57.03238910586478 ], [ 24.042622149343508, 57.025697094217854 ], [ 24.037100410107907, 57.02367287314167 ], [ 24.025773206839062, 57.022842091490432 ], [ 23.999999999653557, 57.010786282912683 ], [ 23.992097147298317, 57.007088817863981 ], [ 23.975073604641988, 57.00101277126565 ], [ 23.971490509739578, 56.999999999884416 ], [ 23.95274657383823, 56.9947725395267 ], [ 23.959970667249628, 56.988995482817337 ], [ 23.967500310926823, 56.985655932876028 ], [ 23.981599296547543, 56.997244844599201 ], [ 23.997996576906914, 56.999999999884416 ], [ 23.999999999653557, 57.000341183709835 ], [ 24.008618714068824, 57.001808918977446 ] ] ], [ [ [ 13.810984050898107, 54.099296489410342 ], [ 13.818125684356316, 54.117781821830583 ], [ 13.84651642148131, 54.121745675011361 ], [ 13.894156606162433, 54.074180839453312 ], [ 13.921250862330032, 54.062141674672361 ], [ 13.977439032572526, 54.05151987519266 ], [ 13.999999999947628, 54.045402962155563 ], [ 14.028133638339991, 54.037773873389817 ], [ 14.060435793823956, 54.014096140396482 ], [ 14.080710210136109, 53.99999999987628 ], [ 14.161693160522951, 53.944323752398674 ], [ 14.269542804052989, 53.897694194073516 ], [ 14.323929084989571, 53.892123578523723 ], [ 14.365460426599689, 53.893322047892262 ], [ 14.405607390695126, 53.900117113416421 ], [ 14.49999999997784, 53.938525458234508 ], [ 14.535541159677782, 53.952977954726748 ], [ 14.580456536709871, 53.957975001037937 ], [ 14.705192683103014, 53.99999999987628 ], [ 14.7776095522654, 54.024674399690078 ], [ 14.777257964239611, 54.011092272702641 ], [ 14.75931492312645, 53.99999999987628 ], [ 14.750119759793366, 53.994382661177326 ], [ 14.71124730296515, 53.990598805017683 ], [ 14.731199926572861, 53.955239850120812 ], [ 14.738341559132754, 53.919126861986157 ], [ 14.644841104487945, 53.858222883802732 ], [ 14.624383072531712, 53.837286327013942 ], [ 14.601068388090512, 53.773462571288526 ], [ 14.596519717445403, 53.80283942976812 ], [ 14.584126237290505, 53.825587335651448 ], [ 14.552461335889312, 53.835255395841479 ], [ 14.49999999997784, 53.842569561116726 ], [ 14.495899603930868, 53.843141184709587 ], [ 14.44658937567808, 53.839554522603443 ], [ 14.436107655974862, 53.858354692566166 ], [ 14.406376489613834, 53.872205489640145 ], [ 14.380095280643582, 53.871045942170646 ], [ 14.383808929502859, 53.853372023530369 ], [ 14.351968234088773, 53.841717105720328 ], [ 14.335289774757262, 53.868608151906365 ], [ 14.291473110081192, 53.875539008509129 ], [ 14.326038613144311, 53.859356427023336 ], [ 14.342826943621592, 53.829003727394323 ], [ 14.382380602811221, 53.839607269894181 ], [ 14.41391365847816, 53.827143873277926 ], [ 14.370602402150611, 53.824466065008799 ], [ 14.344760678661755, 53.814650360528582 ], [ 14.337662994380509, 53.799354896462965 ], [ 14.316941271854091, 53.821616582153247 ], [ 14.285540061023084, 53.863890292463232 ], [ 14.194720465748659, 53.86341584160661 ], [ 14.146970409023455, 53.854307967196071 ], [ 14.094781553697221, 53.848968851977283 ], [ 14.027496385155535, 53.847795473273315 ], [ 13.999999999947628, 53.829526939685152 ], [ 13.999391313189207, 53.82912243914511 ], [ 13.987261524502808, 53.843905947274443 ], [ 13.970495167715692, 53.83801163548096 ], [ 13.97921894728996, 53.82532350982104 ], [ 13.958365379029292, 53.822249817627565 ], [ 13.913801590022993, 53.82872673305755 ], [ 13.916768114552047, 53.840424844098045 ], [ 13.965924522482103, 53.850893649138577 ], [ 13.982141522642051, 53.881348970619101 ], [ 13.973615511669161, 53.91659975089911 ], [ 13.956409670298964, 53.943810756849189 ], [ 13.927711293426826, 53.956107754142344 ], [ 13.921250862330032, 53.973383153833332 ], [ 13.943796447852526, 53.978141170531359 ], [ 13.969418429049842, 53.97800974113639 ], [ 13.968978944466761, 53.95326727420381 ], [ 13.979504612448622, 53.942863670756552 ], [ 13.999999999947628, 53.95831750670407 ], [ 14.000731742425243, 53.958869145709599 ], [ 14.021189774381474, 53.955121498262535 ], [ 14.033209691922103, 53.936483434026506 ], [ 14.065907382812185, 53.938180541356147 ], [ 14.070038542564381, 53.960670526137058 ], [ 14.05612883916055, 53.996760533565393 ], [ 14.051675047677433, 53.99999999987628 ], [ 14.033209691922103, 54.013591080459058 ], [ 14.016721325087866, 53.99999999987628 ], [ 14.016421360546506, 53.999755669596851 ], [ 14.0162506204554, 53.99999999987628 ], [ 13.999999999947628, 54.023530370206743 ], [ 13.999347364910562, 54.024475085420583 ], [ 13.967902205800909, 54.037866856847209 ], [ 13.922261678128759, 54.04228997172919 ], [ 13.890464930993316, 54.026547905014098 ], [ 13.877522095109567, 54.008074894544649 ], [ 13.845835219119893, 54.009324408288656 ], [ 13.862843292787028, 54.045251733842655 ], [ 13.85636088800007, 54.074658617249327 ], [ 13.810984050898107, 54.099296489410342 ] ] ], [ [ [ 11.447543058443463, 58.19630630781699 ], [ 11.447630955899069, 58.215157930902109 ], [ 11.499999999796566, 58.251621507317068 ], [ 11.514872176162109, 58.261969865265122 ], [ 11.575191505258482, 58.258400662308794 ], [ 11.652123372615868, 58.3051901750311 ], [ 11.726616096584571, 58.306560275652835 ], [ 11.743865887131728, 58.347974850536005 ], [ 11.761928723977919, 58.349030175707583 ], [ 11.764675506215433, 58.316671827664727 ], [ 11.829982992336626, 58.28538743917391 ], [ 11.819655092057822, 58.254959004573017 ], [ 11.846595528801011, 58.199951660492957 ], [ 11.779420231405094, 58.194862039003986 ], [ 11.719188797967698, 58.154060407387689 ], [ 11.685458316690408, 58.181324976004134 ], [ 11.636060191880333, 58.184296117164429 ], [ 11.595122155176025, 58.157290354493306 ], [ 11.569324379965813, 58.130322348011354 ], [ 11.538406602894847, 58.167456354426562 ], [ 11.513597668894882, 58.144007207782117 ], [ 11.499999999796566, 58.16428139949771 ], [ 11.495007449111691, 58.171722407783605 ], [ 11.447543058443463, 58.19630630781699 ] ] ], [ [ [ 11.525024281529701, 58.059796181286053 ], [ 11.568137770154193, 58.09172433200019 ], [ 11.630280963144958, 58.092834055771256 ], [ 11.744349319993454, 58.112172728911759 ], [ 11.778365467327726, 58.108751858329761 ], [ 11.797548992016727, 58.065361127814477 ], [ 11.793198089074675, 58.028775543572806 ], [ 11.754589322816651, 58.047119819768994 ], [ 11.726703994040177, 58.033409301336945 ], [ 11.726840202891761, 57.999999999985022 ], [ 11.726857813464592, 57.995738321059726 ], [ 11.673548271193864, 57.978478513217922 ], [ 11.688227073516403, 57.955105556118617 ], [ 11.618722504775889, 57.948409888861086 ], [ 11.609625163485669, 57.972584699612817 ], [ 11.576400089658584, 57.967649326697007 ], [ 11.553103303251104, 57.999999999985022 ], [ 11.550382572156833, 58.003829493869105 ], [ 11.598088679705077, 58.019693503310414 ], [ 11.585387559803033, 58.037363900169922 ], [ 11.527111835994278, 58.037024617679585 ], [ 11.525024281529701, 58.059796181286053 ] ] ], [ [ [ 11.374984068616609, 53.889384089243741 ], [ 11.388420265542601, 53.93549283704111 ], [ 11.393495620235422, 53.931162751021745 ], [ 11.401682788479773, 53.915546742681336 ], [ 11.418833914364331, 53.913810010666595 ], [ 11.426047183076555, 53.914648900690906 ], [ 11.447894646469253, 53.920903644779912 ], [ 11.457048790929836, 53.939906493685676 ], [ 11.458089010384441, 53.939322101779695 ], [ 11.499999999796566, 53.915769809115986 ], [ 11.543482655578643, 53.891320189126375 ], [ 11.593474086192845, 53.845409061679405 ], [ 11.591232711405535, 53.831470215114152 ], [ 11.518014493805742, 53.776381376724437 ], [ 11.502017236835648, 53.771217197035682 ], [ 11.499999999796566, 53.772997744707354 ], [ 11.473780319135068, 53.796134084375474 ], [ 11.442291211746772, 53.810216704721839 ], [ 11.393244674962489, 53.815785089834705 ], [ 11.381686216593421, 53.822144279049517 ], [ 11.374984068616609, 53.889384089243741 ] ] ], [ [ [ 18.286679282250219, 59.324973345405716 ], [ 18.294450688621513, 59.340182457969931 ], [ 18.315569595860911, 59.345668126304197 ], [ 18.339235065234032, 59.349587573377988 ], [ 18.352560612174912, 59.337897466802623 ], [ 18.361912643814481, 59.322002652597099 ], [ 18.373328269155063, 59.321561668012599 ], [ 18.370210925574643, 59.336946308175236 ], [ 18.400813582627091, 59.340159260639147 ], [ 18.424369286855651, 59.336505518162312 ], [ 18.432184599284771, 59.319043304897455 ], [ 18.456794053392741, 59.312833637716906 ], [ 18.495651086147525, 59.325054571729702 ], [ 18.484037882648412, 59.338001860494117 ], [ 18.499339211174636, 59.345470982508516 ], [ 18.488823663612767, 59.357378734566467 ], [ 18.46006506907387, 59.379721989636941 ], [ 18.465333819369263, 59.394188552808842 ], [ 18.483686632389169, 59.398507630053921 ], [ 18.500000000219536, 59.395142685841527 ], [ 18.512203742711705, 59.392625211318652 ], [ 18.529327180722571, 59.374670553970532 ], [ 18.531017571135418, 59.35792358500408 ], [ 18.548821556635858, 59.352822514585213 ], [ 18.57610929105104, 59.346932139725013 ], [ 18.607853510996875, 59.343093568106212 ], [ 18.619532574481045, 59.35234714808751 ], [ 18.627677183242177, 59.363406378112003 ], [ 18.658235934236803, 59.355732537491313 ], [ 18.647874059673956, 59.338291841485315 ], [ 18.612551479845575, 59.336946308175236 ], [ 18.551609602985948, 59.342838421293436 ], [ 18.528514915059517, 59.3414002833482 ], [ 18.533498274182406, 59.334637897887497 ], [ 18.56853546283828, 59.332642561810637 ], [ 18.611958745369968, 59.326133701336097 ], [ 18.63217757483066, 59.317580943589974 ], [ 18.642319918206059, 59.30144435606303 ], [ 18.628269917717784, 59.292281391703412 ], [ 18.581268276201865, 59.285416256121515 ], [ 18.549589915342771, 59.286252692026672 ], [ 18.519338508549566, 59.287995200813555 ], [ 18.500000000219536, 59.288873013005606 ], [ 18.492467882582048, 59.289214903884748 ], [ 18.462414053947381, 59.301990106805135 ], [ 18.423337490005149, 59.27894479720333 ], [ 18.400725770511439, 59.290237097146353 ], [ 18.384173113947266, 59.309977969531928 ], [ 18.365578815812682, 59.306773762448323 ], [ 18.350475065444989, 59.286148138781364 ], [ 18.323516627361823, 59.291816790229518 ], [ 18.307249361071836, 59.305589522230818 ], [ 18.286679282250219, 59.324973345405716 ] ] ], [ [ [ 19.123488526850437, 57.87492966963201 ], [ 19.19145540440336, 57.928870799945066 ], [ 19.313734314439678, 57.97738071968066 ], [ 19.378847285657461, 57.962701711037759 ], [ 19.369056191642986, 57.940186032196053 ], [ 19.292900798372788, 57.921637819904014 ], [ 19.253297359041692, 57.882983150590491 ], [ 19.276370094837525, 57.842419253409446 ], [ 19.181510638288177, 57.82031529644533 ], [ 19.136923839834196, 57.83601572780001 ], [ 19.123488526850437, 57.87492966963201 ] ] ], [ [ [ 12.394439195398927, 54.346380243072907 ], [ 12.407772952941498, 54.367090795658676 ], [ 12.420260922389559, 54.384176513335198 ], [ 12.440339897635239, 54.394161590014356 ], [ 12.457075050542645, 54.414616030022877 ], [ 12.467887922497255, 54.430913130178233 ], [ 12.480526195363707, 54.447540926787198 ], [ 12.494133093753252, 54.464260276626611 ], [ 12.499999999856989, 54.46744251878637 ], [ 12.509602749495732, 54.472650566126845 ], [ 12.516861505300685, 54.472802240572101 ], [ 12.623665173870092, 54.465340608552367 ], [ 12.693747006300388, 54.46029390611703 ], [ 12.868156667732052, 54.450261222249232 ], [ 12.913247838777036, 54.445627033597439 ], [ 12.915247495786007, 54.445421508651549 ], [ 12.914654190880196, 54.421701238327948 ], [ 12.773513551554263, 54.427149043169962 ], [ 12.708667525502944, 54.443067201683867 ], [ 12.674189918997113, 54.441370437280831 ], [ 12.610860116194729, 54.438279251718392 ], [ 12.499999999856989, 54.397098893626847 ], [ 12.450997411351352, 54.378883031211963 ], [ 12.407466412732258, 54.325679647552796 ], [ 12.408203289081726, 54.307325152986408 ], [ 12.39637369400708, 54.315753523370951 ], [ 12.382862449127305, 54.325377916293604 ], [ 12.394439195398927, 54.346380243072907 ] ] ], [ [ [ 11.69207256810993, 53.818700937641118 ], [ 11.697873771433787, 53.837273139596071 ], [ 11.695940036393626, 53.875552183817447 ], [ 11.684337629745912, 53.899893262690952 ], [ 11.68322749081948, 53.899571442004181 ], [ 11.679968928483138, 53.899249487785632 ], [ 11.675035707929515, 53.89976316532281 ], [ 11.664773291241664, 53.902925021330915 ], [ 11.647596675660923, 53.917271029653293 ], [ 11.628017614667485, 53.947881663315748 ], [ 11.628138473107494, 53.949247004783487 ], [ 11.65726534816679, 53.958948040214352 ], [ 11.686271364786073, 53.963576237123164 ], [ 11.726879788053072, 53.96126220293209 ], [ 11.78295808625148, 53.934641533984511 ], [ 11.811964102870764, 53.913796057254828 ], [ 11.816226228906546, 53.911060497199315 ], [ 11.820488355840642, 53.904676690821908 ], [ 11.819699040336468, 53.902210718058896 ], [ 11.815401755138781, 53.890107042184646 ], [ 11.813172687270864, 53.881348970619101 ], [ 11.808096633688754, 53.860476759848488 ], [ 11.798175257906943, 53.841177920702584 ], [ 11.797538664085906, 53.840026476216416 ], [ 11.786825555433488, 53.821022915296631 ], [ 11.769421945461918, 53.809411734808812 ], [ 11.752743486130409, 53.809992370353129 ], [ 11.747692043692137, 53.810151780136778 ], [ 11.728813522194921, 53.810572998348796 ], [ 11.712133744136572, 53.813332849037096 ], [ 11.706817293299595, 53.81463716595001 ], [ 11.69207256810993, 53.818700937641118 ] ] ], [ [ [ 23.095021923648133, 58.55936792489188 ], [ 23.143473544847303, 58.56937600686129 ], [ 23.134787172918099, 58.599301275012671 ], [ 23.215845426380262, 58.609449699120688 ], [ 23.33566497644243, 58.587560918521106 ], [ 23.36862080900919, 58.556970703395166 ], [ 23.306724954555495, 58.544174942498309 ], [ 23.28341579565161, 58.522046163372053 ], [ 23.193321969956479, 58.520231707355855 ], [ 23.146398101882912, 58.535692535201932 ], [ 23.095021923648133, 58.55936792489188 ] ] ], [ [ [ 19.501323773852317, 60.152017680326061 ], [ 19.503650804798596, 60.179749364383731 ], [ 19.519983930175322, 60.200224727572383 ], [ 19.538666040425557, 60.21948993489795 ], [ 19.55675541620019, 60.24285282244157 ], [ 19.610889408882489, 60.242849774421174 ], [ 19.626482714130557, 60.221890679849643 ], [ 19.626784350436665, 60.221486313411113 ], [ 19.641362762432937, 60.201434080297254 ], [ 19.644741787052254, 60.193918189159767 ], [ 19.646535577147564, 60.186490576742983 ], [ 19.648365809199007, 60.179749364383731 ], [ 19.651205665883108, 60.171813667889772 ], [ 19.651552525177241, 60.170795989490991 ], [ 19.655368856863387, 60.159249868571578 ], [ 19.644607214931114, 60.146293952464845 ], [ 19.641362762432937, 60.143572448473833 ], [ 19.637921390241328, 60.142156696778414 ], [ 19.631370357759927, 60.150704397176725 ], [ 19.629683698948771, 60.159249868571578 ], [ 19.613350573572038, 60.182158230531726 ], [ 19.613350573572038, 60.197817191250088 ], [ 19.594668464220121, 60.196619008482436 ], [ 19.593504948297827, 60.190293911275617 ], [ 19.592704098425401, 60.184408607507024 ], [ 19.59234143237553, 60.178539209850285 ], [ 19.59234143237553, 60.167142902008798 ], [ 19.59234143237553, 60.155639632935035 ], [ 19.60452980828644, 60.140598439050734 ], [ 19.610101731007074, 60.135248143431404 ], [ 19.615677605416636, 60.127887526709287 ], [ 19.616235434055248, 60.125732160878606 ], [ 19.614978837398155, 60.121964942863606 ], [ 19.605795185975438, 60.120338310872953 ], [ 19.596859386027813, 60.119454319295102 ], [ 19.591357932547961, 60.119387356010279 ], [ 19.586896179296481, 60.119411716662768 ], [ 19.583011353764864, 60.119436076848892 ], [ 19.562873093303697, 60.121488189371732 ], [ 19.556467171080023, 60.122455510982149 ], [ 19.538666040425557, 60.125474667244426 ], [ 19.505977835744872, 60.131512146225745 ], [ 19.501323773852317, 60.152017680326061 ] ] ], [ [ [ 21.658918481557475, 60.155285265258371 ], [ 21.661863772608154, 60.160656394548454 ], [ 21.666335507939074, 60.164776266491508 ], [ 21.673752534320673, 60.170100813912761 ], [ 21.736412266684642, 60.186975430985868 ], [ 21.766574492329703, 60.186975430985868 ], [ 21.796736717974767, 60.190593518893671 ], [ 21.831547680299384, 60.194211206734408 ], [ 21.856199079442916, 60.193001586919642 ], [ 21.861857880031305, 60.19274383026422 ], [ 21.889558675983796, 60.191791922377021 ], [ 21.90371898958896, 60.188363919490051 ], [ 21.911307342661548, 60.185166237221054 ], [ 21.924347812840267, 60.178539209850285 ], [ 21.915645071809958, 60.177334665983558 ], [ 21.896499042800912, 60.176130077344027 ], [ 21.891001966811441, 60.175634769554897 ], [ 21.888133717974469, 60.171903827159547 ], [ 21.886639574416908, 60.168296344209132 ], [ 21.886478287297535, 60.165985685353988 ], [ 21.88685084110374, 60.162093525850565 ], [ 21.887223394909952, 60.160460736174684 ], [ 21.90579651616002, 60.150817820169223 ], [ 21.866336817155851, 60.149606596132948 ], [ 21.850971978637357, 60.149006627628296 ], [ 21.84412043903216, 60.148774900676649 ], [ 21.826898943619828, 60.148406647691722 ], [ 21.802964278800456, 60.147059709744759 ], [ 21.797020443670732, 60.146595321887268 ], [ 21.775850140220669, 60.144783895526388 ], [ 21.754963563364889, 60.136336799474442 ], [ 21.722487881215809, 60.121849380479041 ], [ 21.683028183109954, 60.113396374899736 ], [ 21.68767691978951, 60.124262506603081 ], [ 21.713212233324843, 60.139960485233367 ], [ 21.686105952308846, 60.145990316480145 ], [ 21.682651264389783, 60.146792987294283 ], [ 21.662163429925684, 60.152017680326061 ], [ 21.658918481557475, 60.155285265258371 ] ] ], [ [ [ 20.418440861547158, 60.036028578935451 ], [ 20.441640894906957, 60.050553881800916 ], [ 20.475293165262354, 60.053168209763776 ], [ 20.475734468035572, 60.053202269476195 ], [ 20.500000000340389, 60.05506102149657 ], [ 20.504300627270929, 60.055390440796437 ], [ 20.526206652735318, 60.055996549657642 ], [ 20.527262330399335, 60.055996322836897 ], [ 20.528314298021225, 60.055996209201965 ], [ 20.548387237486512, 60.056593792969196 ], [ 20.551040073013294, 60.056711061011832 ], [ 20.55653474870433, 60.056312144318497 ], [ 20.560673651934273, 60.054618909363569 ], [ 20.563438886466038, 60.053025156789658 ], [ 20.566938534166759, 60.04933895366775 ], [ 20.58551165541683, 60.045705255915465 ], [ 20.597122584381648, 60.042082513962249 ], [ 20.615673881061895, 60.032393411378877 ], [ 20.636994558897257, 60.024924041134469 ], [ 20.641982893788505, 60.023304077394933 ], [ 20.662073947781497, 60.017871457885462 ], [ 20.678322700691794, 60.014087881156136 ], [ 20.694571454500405, 60.00939167690737 ], [ 20.699748575738504, 60.006047701867494 ], [ 20.699739408431029, 60.005880568207047 ], [ 20.694835755924981, 60.001689781698289 ], [ 20.689922717820849, 59.999692952673819 ], [ 20.662820582529889, 59.998142711771969 ], [ 20.63463701667235, 59.996993061892702 ], [ 20.611221133421136, 59.99659239752765 ], [ 20.590160392096386, 59.99727066883829 ], [ 20.557095433985541, 59.998481833225881 ], [ 20.552484237003398, 59.998487405672094 ], [ 20.527500660630732, 59.999692952673819 ], [ 20.500000000340389, 60.002774323698596 ], [ 20.495024978481652, 60.003331729984268 ], [ 20.474138401625869, 60.006970105672615 ], [ 20.471803120552021, 60.019076182743561 ], [ 20.418440861547158, 60.036028578935451 ] ] ], [ [ [ 14.729115895300827, 53.481765513051577 ], [ 14.729244217842536, 53.486273757496789 ], [ 14.701073223009081, 53.498454353925631 ], [ 14.700512862019682, 53.499999999893774 ], [ 14.690723348141796, 53.527315040818152 ], [ 14.634249513638956, 53.524498436619588 ], [ 14.634238311647362, 53.524510956785171 ], [ 14.634996637969181, 53.525415181907654 ], [ 14.688877511455553, 53.547304861747534 ], [ 14.715971767623159, 53.546720576009491 ], [ 14.741901388567618, 53.555895578057687 ], [ 14.772841139328753, 53.562958038458937 ], [ 14.796463463517091, 53.568877909862579 ], [ 14.817602696936424, 53.568997360507389 ], [ 14.828765618102743, 53.566727738682623 ], [ 14.848212834260247, 53.555656602070577 ], [ 14.852234122866671, 53.527793313052378 ], [ 14.855552235421515, 53.506305552299629 ], [ 14.859720036555833, 53.499999999893774 ], [ 14.878537305527086, 53.471854852984549 ], [ 14.8497949803763, 53.472367551561248 ], [ 14.826743986505292, 53.486786280504042 ], [ 14.818962058167074, 53.499999999893774 ], [ 14.814680120686015, 53.507355610828498 ], [ 14.792002689429273, 53.510013869952104 ], [ 14.766864141991999, 53.505973249859139 ], [ 14.758016588046312, 53.499999999893774 ], [ 14.734100528234791, 53.484039609556781 ], [ 14.729115895300827, 53.481765513051577 ] ] ], [ [ [ 23.152574592586387, 59.015548032768322 ], [ 23.206940804261208, 59.022198446131171 ], [ 23.25528329991629, 59.008416137787663 ], [ 23.30665947904938, 59.01721075718612 ], [ 23.359793551599033, 59.000000000010452 ], [ 23.376914329698344, 58.994532818834159 ], [ 23.32848453396732, 58.964265716655589 ], [ 23.281866217057864, 58.981343339638748 ], [ 23.231428515088613, 58.984369745055183 ], [ 23.219599335933946, 58.967478529886996 ], [ 23.152945618358292, 58.981412649618299 ], [ 23.152742293676887, 59.000000000010452 ], [ 23.152574592586387, 59.015548032768322 ] ] ], [ [ [ 20.462629613803806, 60.083475423446473 ], [ 20.466880261166885, 60.08555258236705 ], [ 20.479634168769977, 60.089234954715863 ], [ 20.479961762794524, 60.089381932431053 ], [ 20.490376241802096, 60.092866679877403 ], [ 20.498589228526026, 60.095131017276707 ], [ 20.500000000340389, 60.095576073229232 ], [ 20.518225011841452, 60.101324972854883 ], [ 20.548387237486512, 60.101324972854883 ], [ 20.597122584381648, 60.096495168847618 ], [ 20.624949529851175, 60.088035631793019 ], [ 20.64352265110125, 60.08078772741456 ], [ 20.638626636970066, 60.072631867152893 ], [ 20.631911722136437, 60.068692985636616 ], [ 20.611025144382339, 60.060226288340623 ], [ 20.56927381524061, 60.055390440796437 ], [ 20.570872718529976, 60.056858751929354 ], [ 20.572471621819339, 60.060122427501689 ], [ 20.571761652707579, 60.062000503062151 ], [ 20.568745867263289, 60.063894474796108 ], [ 20.559976341881498, 60.065061425402703 ], [ 20.550074314014275, 60.065931220876379 ], [ 20.532054021379938, 60.068587562602225 ], [ 20.513576275161899, 60.072324144789235 ], [ 20.500000000340389, 60.075041098588976 ], [ 20.483414049516838, 60.078360059439049 ], [ 20.473021831660322, 60.079873516195107 ], [ 20.462629613803806, 60.083475423446473 ] ] ], [ [ [ 18.395720457461323, 59.02418863598146 ], [ 18.410955926900808, 59.026295770078633 ], [ 18.407706864248592, 59.038093325769978 ], [ 18.417014989830339, 59.056612440047189 ], [ 18.443753896726058, 59.071193724125663 ], [ 18.462348193962328, 59.072970648846542 ], [ 18.481710850803818, 59.079434603608149 ], [ 18.493389914287988, 59.094181405177608 ], [ 18.500000000219536, 59.092929045926581 ], [ 18.507264289646642, 59.091552687026727 ], [ 18.503620070677357, 59.062810537189755 ], [ 18.500000000219536, 59.060996535237237 ], [ 18.48362077330243, 59.052787770949109 ], [ 18.473741866273986, 59.040620845082294 ], [ 18.474993194311939, 59.031387475414725 ], [ 18.473961397461437, 59.019341736698159 ], [ 18.444280772114926, 59.003555294051964 ], [ 18.426893895960465, 59.004070693205222 ], [ 18.410977879929717, 59.010500818671048 ], [ 18.40261373908282, 59.015653418973457 ], [ 18.395720457461323, 59.02418863598146 ] ] ], [ [ [ 21.515979213810109, 60.142372279095127 ], [ 21.548454895060875, 60.155639632935035 ], [ 21.604152435139586, 60.150817820169223 ], [ 21.627352468499389, 60.144783895526388 ], [ 21.627352468499389, 60.13512504023582 ], [ 21.613428083030549, 60.127887526709287 ], [ 21.592541506174772, 60.124262506603081 ], [ 21.601817154065738, 60.118235024305882 ], [ 21.615741538636257, 60.11098244995965 ], [ 21.611114627424847, 60.098910159646508 ], [ 21.560065824025688, 60.098910159646508 ], [ 21.52294140609537, 60.098910159646508 ], [ 21.529903598380628, 60.118235024305882 ], [ 21.543806158381319, 60.13512504023582 ], [ 21.515979213810109, 60.142372279095127 ] ] ], [ [ [ 17.612871995983578, 59.061266965306906 ], [ 17.653199887963762, 59.015735386003804 ], [ 17.664260146964466, 59.000000000010452 ], [ 17.67447246640555, 58.985674944659003 ], [ 17.67447246640555, 58.955816202787233 ], [ 17.643672231194564, 58.929668502861247 ], [ 17.615308792972741, 58.948347460592068 ], [ 17.62483644884362, 58.974480958501097 ], [ 17.619985906533806, 59.000000000010452 ], [ 17.617745589961903, 59.011952993683792 ], [ 17.612871995983578, 59.061266965306906 ] ] ], [ [ [ 13.041577487953468, 54.46175323893462 ], [ 13.062848566208734, 54.463343983230089 ], [ 13.07348410623468, 54.471296774624648 ], [ 13.076142991016589, 54.488787450293401 ], [ 13.080832022526529, 54.499999999751346 ], [ 13.086778530144221, 54.514390778446341 ], [ 13.11336737886162, 54.548152445581344 ], [ 13.14793288192474, 54.605964352986256 ], [ 13.177180615424044, 54.612382813401588 ], [ 13.187816154551678, 54.5979398474555 ], [ 13.195792808897401, 54.585097333810232 ], [ 13.217063888050983, 54.577068697164421 ], [ 13.230358311960522, 54.596334755494404 ], [ 13.248970506332197, 54.61398726991564 ], [ 13.248970506332197, 54.594729599981541 ], [ 13.235676081524341, 54.572250752276886 ], [ 13.209087233705258, 54.564219572867358 ], [ 13.179839500205953, 54.57867455130971 ], [ 13.158568421052374, 54.589913753162776 ], [ 13.14793288192474, 54.569038471339475 ], [ 13.116026263643526, 54.528863498919151 ], [ 13.101600496973589, 54.499999999751346 ], [ 13.081460760580406, 54.460162432002775 ], [ 13.062848566208734, 54.453798584166869 ], [ 13.041577487953468, 54.46175323893462 ] ] ], [ [ [ 18.130724277638851, 59.376478034960897 ], [ 18.139439668744995, 59.38569931915552 ], [ 18.15593832039092, 59.3832072720108 ], [ 18.158797495345208, 59.382799172300714 ], [ 18.172105919498449, 59.381088991598503 ], [ 18.209140842768591, 59.377636626241532 ], [ 18.2352870151887, 59.377636626241532 ], [ 18.263606547352701, 59.375330990808877 ], [ 18.267964242456614, 59.37173168464102 ], [ 18.272321938458841, 59.363812046355335 ], [ 18.267316406219795, 59.361518798013989 ], [ 18.260335531671572, 59.362225508198115 ], [ 18.255197621895629, 59.363239125455557 ], [ 18.248349124884303, 59.364959481397435 ], [ 18.2352870151887, 59.363812046355335 ], [ 18.235308968217616, 59.355744131051004 ], [ 18.248349124884303, 59.354584789359116 ], [ 18.276668657048301, 59.345355015195302 ], [ 18.265779907096586, 59.338442631022836 ], [ 18.22657162408256, 59.339590926805087 ], [ 18.198252091918565, 59.343058775785138 ], [ 18.165585841165107, 59.353437002283307 ], [ 18.156870450058967, 59.360346324112278 ], [ 18.130724277638851, 59.376478034960897 ] ] ], [ [ [ 18.471151397184123, 60.24285282244157 ], [ 18.500000000219536, 60.24285282244157 ], [ 18.585373510574961, 60.24285282244157 ], [ 18.627764996256147, 60.219873993400242 ], [ 18.61915937119289, 60.208564961575625 ], [ 18.563244759513978, 60.209581917846471 ], [ 18.52337788383592, 60.214564545565814 ], [ 18.500000000219536, 60.227230115532159 ], [ 18.471151397184123, 60.24285282244157 ] ] ], [ [ [ 19.215296498906103, 58.415822254579815 ], [ 19.246250406217801, 58.410381685240786 ], [ 19.29268126718534, 58.407661084568311 ], [ 19.328794158749542, 58.394054916990079 ], [ 19.329622230270022, 58.3888200603012 ], [ 19.321469718131016, 58.372804629783197 ], [ 19.3133172050937, 58.366826764627156 ], [ 19.266886344126156, 58.366826764627156 ], [ 19.235932436814458, 58.383166187604616 ], [ 19.215296498906103, 58.415822254579815 ] ] ], [ [ [ 23.853246149239908, 59.931129382342469 ], [ 23.857218309881755, 59.947716991567361 ], [ 23.888995588728363, 59.964296276716922 ], [ 23.916800708729745, 59.976725279267548 ], [ 23.940633668987598, 59.985008681617181 ], [ 23.976383108476053, 59.985008681617181 ], [ 23.93268934860221, 59.962224321255796 ], [ 23.936661508345743, 59.943570869866292 ], [ 23.912828548986209, 59.939424227866347 ], [ 23.916800708729745, 59.929055345818391 ], [ 23.885023428984827, 59.922832455544103 ], [ 23.853246149239908, 59.931129382342469 ] ] ], [ [ [ 21.970769704129697, 60.145983976609678 ], [ 21.973083159735406, 60.161671559019595 ], [ 21.99163445641565, 60.166491774619068 ], [ 22.000000000431022, 60.166746029415187 ], [ 22.031094155419822, 60.167691060828368 ], [ 22.079807677745126, 60.182158230531726 ], [ 22.10069425460091, 60.174931100648926 ], [ 22.075180765635402, 60.162871021744472 ], [ 22.06199144910568, 60.152852915510159 ], [ 22.055562442874155, 60.148677658936158 ], [ 22.045018539990341, 60.143572448473833 ], [ 22.038503543426561, 60.13835399629243 ], [ 22.03830842755022, 60.13688524760645 ], [ 22.039339224575812, 60.133123614027006 ], [ 22.040369803310785, 60.131512146225745 ], [ 22.026445418740266, 60.126686783094968 ], [ 22.024131963134565, 60.129248165487994 ], [ 22.021818507528852, 60.136336799474442 ], [ 22.017046022529019, 60.138510719568025 ], [ 22.007894122060023, 60.137394164691948 ], [ 22.002523631270492, 60.136217777211932 ], [ 22.000000000431022, 60.135541232938927 ], [ 21.9939697374895, 60.133924561580905 ], [ 21.970769704129697, 60.145983976609678 ] ] ], [ [ [ 26.951185975792168, 60.073333989856557 ], [ 26.951185975792168, 60.093626427953062 ], [ 26.98040978805377, 60.0860168144402 ], [ 26.995032606469486, 60.06064627002916 ], [ 26.999999999834831, 60.053399811519604 ], [ 27.0193894210819, 60.025099145791174 ], [ 27.004766602666187, 60.007311182986228 ], [ 26.999999999834831, 60.008866343076157 ], [ 26.965808794207884, 60.020019474221421 ], [ 26.965808794207884, 60.045410000159201 ], [ 26.951185975792168, 60.073333989856557 ] ] ], [ [ [ 11.412440504774255, 58.255470274536592 ], [ 11.414735495509294, 58.258947110867496 ], [ 11.423653966955088, 58.266132704658745 ], [ 11.424722354882057, 58.266965329894383 ], [ 11.439280738939074, 58.278032624486116 ], [ 11.438988920320712, 58.281579626007925 ], [ 11.442474696236815, 58.295254192249963 ], [ 11.444481385257831, 58.299683343235927 ], [ 11.447477135576339, 58.306653161494175 ], [ 11.488393198590481, 58.318784322614718 ], [ 11.499999999796566, 58.308129462992625 ], [ 11.512938441121946, 58.296248381138852 ], [ 11.499999999796566, 58.288013515734299 ], [ 11.483393176617389, 58.27744103556735 ], [ 11.481778507894784, 58.276237608011058 ], [ 11.466998404354287, 58.266060518690892 ], [ 11.452305978182153, 58.255888750249937 ], [ 11.442554902316958, 58.25373806559945 ], [ 11.422931893044876, 58.251144883649175 ], [ 11.417686198909564, 58.251892158014719 ], [ 11.412440504774255, 58.255470274536592 ] ] ], [ [ [ 18.852477191054575, 59.592502366394584 ], [ 18.882816409963432, 59.608442658708135 ], [ 18.900023050834232, 59.622498002707594 ], [ 18.900347298634351, 59.62276449548559 ], [ 18.915482661615208, 59.635403032024264 ], [ 18.927020565632262, 59.645759976022184 ], [ 18.92724514624992, 59.645963758132375 ], [ 18.941167818631509, 59.658665340414032 ], [ 18.959235240478911, 59.670508645640631 ], [ 18.971704616597222, 59.667235212954104 ], [ 18.983800788529056, 59.654804733576867 ], [ 18.969158053565177, 59.641530496360645 ], [ 18.957761088927995, 59.65370380442171 ], [ 18.950497897242169, 59.645197240733992 ], [ 18.945086890636698, 59.63628014445581 ], [ 18.942937679404281, 59.632402694036486 ], [ 18.934164770967126, 59.624375367631352 ], [ 18.924421754786664, 59.617265599640461 ], [ 18.910828598824331, 59.604760376799412 ], [ 18.899149536238479, 59.594954326929511 ], [ 18.88514344180803, 59.585133892439295 ], [ 18.866483284586707, 59.582681212847042 ], [ 18.852477191054575, 59.592502366394584 ] ] ], [ [ [ 18.065369822204715, 58.970078608204012 ], [ 18.067565134977514, 58.978131823343467 ], [ 18.074085213310855, 58.989613343023855 ], [ 18.082540037289057, 59.000000000010452 ], [ 18.087169276035368, 59.005769113220921 ], [ 18.124182246276597, 59.024399355406601 ], [ 18.165585841165107, 59.024399355406601 ], [ 18.182994669450164, 59.022069665522295 ], [ 18.167759200908993, 59.017421519050025 ], [ 18.143786387334455, 59.011589955696266 ], [ 18.128550917894966, 59.001107041961284 ], [ 18.127630690006121, 59.000000000010452 ], [ 18.119835526788822, 58.990756664516681 ], [ 18.124182246276597, 58.98271796166253 ], [ 18.100231385730968, 58.97353351874488 ], [ 18.065369822204715, 58.970078608204012 ] ] ], [ [ [ 18.572465072980069, 59.495523617627256 ], [ 18.579116869486892, 59.502473155040754 ], [ 18.612419761672097, 59.527984802228588 ], [ 18.629126090336982, 59.527235075018226 ], [ 18.644646950050653, 59.531121939784171 ], [ 18.65391116867626, 59.524039897217584 ], [ 18.641397887398441, 59.518525482192679 ], [ 18.631914136687069, 59.510979189086839 ], [ 18.620081402000508, 59.500476175723648 ], [ 18.614373589330217, 59.492221506637364 ], [ 18.603594604523071, 59.486667225704629 ], [ 18.603111636090347, 59.478640189914032 ], [ 18.632550777220498, 59.446212282291839 ], [ 18.611783120240347, 59.44679038723833 ], [ 18.592749760629186, 59.476560933524965 ], [ 18.576328823136805, 59.484114951395945 ], [ 18.572465072980069, 59.495523617627256 ] ] ], [ [ [ 23.603000071922391, 59.893776812615791 ], [ 23.630805191923773, 59.908307822982657 ], [ 23.702304070900684, 59.916608394100798 ], [ 23.742426815517749, 59.924228718965736 ], [ 23.741291257862041, 59.923067259749565 ], [ 23.740701544420737, 59.92114204334969 ], [ 23.741529150613896, 59.917645819012222 ], [ 23.743349796742944, 59.914149225095166 ], [ 23.745997830774531, 59.910383161339567 ], [ 23.718192710773149, 59.9041567566602 ], [ 23.68641543102823, 59.900005169619575 ], [ 23.646693831796238, 59.89585306181678 ], [ 23.642721672052698, 59.883393613394162 ], [ 23.618888711794849, 59.879239421649984 ], [ 23.603000071922391, 59.893776812615791 ] ] ], [ [ [ 16.797752439171138, 58.379597657013022 ], [ 16.814810018095262, 58.395838493558841 ], [ 16.844227206196503, 58.400169659757289 ], [ 16.855774550608874, 58.399440115608463 ], [ 16.831867596121079, 58.386815446448182 ], [ 16.821637439731706, 58.370570437917785 ], [ 16.822691189611124, 58.362665372260423 ], [ 16.85000087795353, 58.330145516435607 ], [ 16.867695097411094, 58.322962511426432 ], [ 16.887540722685308, 58.321105599749352 ], [ 16.863655722124737, 58.308441173913394 ], [ 16.846817675286374, 58.312341977335819 ], [ 16.825062127513544, 58.327662381450729 ], [ 16.812461033221755, 58.340992673917313 ], [ 16.811407283342341, 58.356115108323387 ], [ 16.797752439171138, 58.379597657013022 ] ] ], [ [ [ 18.973834069384964, 59.902617080514197 ], [ 18.98318610102454, 59.906266567084863 ], [ 19.000000000249752, 59.89750024266106 ], [ 19.001846258245859, 59.896537510963604 ], [ 19.020528367597784, 59.881955682985733 ], [ 19.029972822405359, 59.877071160470294 ], [ 19.032544191515662, 59.876567796184709 ], [ 19.043864540638893, 59.873440943285949 ], [ 19.062524696961898, 59.866145746418539 ], [ 19.057870635069339, 59.857626943290221 ], [ 19.050867587404955, 59.843016555048351 ], [ 19.048529579944219, 59.838451631681934 ], [ 19.046191571585169, 59.828399729836207 ], [ 19.045221243754614, 59.826351260290096 ], [ 19.041526532279839, 59.829314184771071 ], [ 19.04014568065265, 59.831033291183225 ], [ 19.036861492974509, 59.835714661286673 ], [ 19.022855399442374, 59.849105950943105 ], [ 19.013525320831715, 59.860059479011134 ], [ 19.001846258245859, 59.872219480840926 ], [ 19.000000000249752, 59.8739500777247 ], [ 18.990167194761693, 59.883165374224205 ], [ 18.980837116151029, 59.896537510963604 ], [ 18.973834069384964, 59.902617080514197 ] ] ], [ [ [ 23.967609436470909, 58.13549124855507 ], [ 23.99761888653391, 58.167561263619248 ], [ 23.999999999653557, 58.166035155158049 ], [ 24.027628336596919, 58.148322735313975 ], [ 24.029208033905512, 58.143845657053845 ], [ 24.030787513821803, 58.13373705737979 ], [ 24.030746482372891, 58.132282651938063 ], [ 24.028259298879441, 58.125022567834883 ], [ 24.022542008084585, 58.117455867491735 ], [ 24.009622666738775, 58.116235314429339 ], [ 23.999999999653557, 58.116235314429339 ], [ 23.973611326124182, 58.116235314429339 ], [ 23.967609436470909, 58.13549124855507 ] ] ], [ [ [ 18.431328427563891, 59.268009061089913 ], [ 18.448759209776174, 59.27609789382646 ], [ 18.481425460529632, 59.269159745411201 ], [ 18.485772179119085, 59.259918300316635 ], [ 18.500000000219536, 59.249129301192404 ], [ 18.501029601587486, 59.248348418163793 ], [ 18.512310873995858, 59.242183142860007 ], [ 18.522807102389226, 59.237937970538439 ], [ 18.522915331414659, 59.237903302608551 ], [ 18.529112039601916, 59.233526701049968 ], [ 18.528143907253913, 59.2316963378548 ], [ 18.527175774007599, 59.230992021462086 ], [ 18.500000000219536, 59.229195992368339 ], [ 18.492314210481343, 59.228688026424848 ], [ 18.474883429167374, 59.236786227931738 ], [ 18.459647959727889, 59.243719361520832 ], [ 18.440043818670031, 59.254128037972379 ], [ 18.431328427563891, 59.268009061089913 ] ] ], [ [ [ 24.497718190827207, 59.587482769115752 ], [ 24.499999999683769, 59.590291418381121 ], [ 24.515723860685348, 59.609639313465884 ], [ 24.533729530543489, 59.574815306929054 ], [ 24.563738981504809, 59.558974247068015 ], [ 24.533729530543489, 59.539955098491944 ], [ 24.503720080480484, 59.558974247068015 ], [ 24.499999999683769, 59.576647202838906 ], [ 24.497718190827207, 59.587482769115752 ] ] ], [ [ [ 23.231319390442842, 57.794992162337671 ], [ 23.237321280096118, 57.814151610125151 ], [ 23.267330730159124, 57.817343858095761 ], [ 23.30334207077372, 57.798186113164412 ], [ 23.291338290568852, 57.779018152094714 ], [ 23.249325060300983, 57.775822498811699 ], [ 23.231319390442842, 57.794992162337671 ] ] ], [ [ [ 20.908042314191363, 59.911124321710503 ], [ 20.912691050870919, 59.917201212255463 ], [ 20.929904471327166, 59.923387662634262 ], [ 20.932319195811484, 59.924216523073277 ], [ 20.940517995442129, 59.926912798078483 ], [ 20.946763016822, 59.929089648470395 ], [ 20.952118012571191, 59.931918508009758 ], [ 20.963718028801935, 59.941486222144796 ], [ 20.973997629362856, 59.945027197410681 ], [ 20.974281573349437, 59.945025260905652 ], [ 20.987663824645988, 59.941434047150089 ], [ 20.993902079915138, 59.937840620203872 ], [ 20.991566798841287, 59.924485168975373 ], [ 20.979977694446305, 59.913552931602126 ], [ 20.961404573196226, 59.914772870182524 ], [ 20.956777661984816, 59.906266567084863 ], [ 20.938204539836427, 59.898967191492041 ], [ 20.908042314191363, 59.911124321710503 ] ] ], [ [ [ 22.922102014808928, 60.062643945733655 ], [ 22.933712943773742, 60.072324144789235 ], [ 22.954599521527836, 60.079573915843568 ], [ 22.994037395063859, 60.078360059439049 ], [ 22.991723939458158, 60.051757411345548 ], [ 22.966188625024508, 60.04933895366775 ], [ 22.933712943773742, 60.04933895366775 ], [ 22.922102014808928, 60.062643945733655 ] ] ], [ [ [ 18.263606547352701, 58.930987350259066 ], [ 18.276668657048301, 58.937893120815723 ], [ 18.28103732866667, 58.943641087926672 ], [ 18.283210688410556, 58.950544317819244 ], [ 18.291926079516699, 58.957446161053596 ], [ 18.304988189212299, 58.957446161053596 ], [ 18.318050298907899, 58.956290170090796 ], [ 18.335481081120182, 58.957446161053596 ], [ 18.352911862434151, 58.963190859926407 ], [ 18.361627253540295, 58.970078608204012 ], [ 18.365973972129751, 58.976976528352154 ], [ 18.374689363235895, 58.971234135285123 ], [ 18.374689363235895, 58.96089078397484 ], [ 18.361627253540295, 58.956290170090796 ], [ 18.350738503588584, 58.952845086398 ], [ 18.328939049757924, 58.942496197550419 ], [ 18.320245611680697, 58.934446192474645 ], [ 18.318252047944299, 58.931722875399487 ], [ 18.308665996190058, 58.93088172898284 ], [ 18.29914251119704, 58.930288251787118 ], [ 18.295625400247197, 58.930258056979675 ], [ 18.283210688410556, 58.929842038534773 ], [ 18.276967000130572, 58.929516948068766 ], [ 18.267364043879311, 58.930252157252873 ], [ 18.263606547352701, 58.930987350259066 ] ] ], [ [ [ 17.799551717134939, 58.816530730976744 ], [ 17.801668876478022, 58.824832283431149 ], [ 17.835015674721049, 58.824832283431149 ], [ 17.839779502656491, 58.807200855140103 ], [ 17.839779502656491, 58.789560429016518 ], [ 17.849307159425685, 58.766866654252894 ], [ 17.820724190016414, 58.781997491343326 ], [ 17.801668876478022, 58.79712171386327 ], [ 17.800610297255641, 58.803748151371231 ], [ 17.799793640627477, 58.81108100573671 ], [ 17.799551717134939, 58.816530730976744 ] ] ], [ [ [ 20.385965180296392, 59.986362501457336 ], [ 20.402203021370934, 59.994848207489213 ], [ 20.43015087648444, 59.998384600750285 ], [ 20.439327439301255, 59.999692952673819 ], [ 20.44981306847259, 60.000526495540548 ], [ 20.459470654869538, 59.999507023285517 ], [ 20.462527472661055, 59.998487519505659 ], [ 20.478765312837282, 59.987579754222452 ], [ 20.478765312837282, 59.980309698965058 ], [ 20.448603087192222, 59.973026660590676 ], [ 20.441640894906957, 59.981515797120352 ], [ 20.409165213656195, 59.981515797120352 ], [ 20.392927372581649, 59.974244405434426 ], [ 20.385965180296392, 59.986362501457336 ] ] ], [ [ [ 21.313792124742324, 60.208487784600699 ], [ 21.314097457615819, 60.208655358949684 ], [ 21.339632772049473, 60.209864399911638 ], [ 21.365146261014978, 60.201434080297254 ], [ 21.367157439815781, 60.195867974154652 ], [ 21.36972406582138, 60.193461473697724 ], [ 21.374079692105195, 60.190903977669052 ], [ 21.381235908813725, 60.190300921150275 ], [ 21.386032837870758, 60.190593518893671 ], [ 21.391752529862362, 60.191246767194265 ], [ 21.430119448086341, 60.195409477702171 ], [ 21.444396744799377, 60.192390768390482 ], [ 21.454008062569297, 60.189671170671204 ], [ 21.458674258904715, 60.186821653584545 ], [ 21.451006025840428, 60.184566919396133 ], [ 21.440653747979766, 60.183611494102685 ], [ 21.395308486660038, 60.179749364383731 ], [ 21.389167134457214, 60.179066820322184 ], [ 21.376686039816029, 60.178387768017352 ], [ 21.375836609053039, 60.178384261580348 ], [ 21.368012108655194, 60.178933024247293 ], [ 21.360147668261501, 60.180272770777457 ], [ 21.358184067831399, 60.183368251265811 ], [ 21.355341136214079, 60.191193969848023 ], [ 21.351221875546141, 60.199026633000457 ], [ 21.323373105506786, 60.201434080297254 ], [ 21.318582505979244, 60.204554795135188 ], [ 21.317867735372296, 60.205044918748669 ], [ 21.313792124742324, 60.208487784600699 ] ] ], [ [ [ 18.742986854608152, 60.16862047735421 ], [ 18.757887758198166, 60.166762975606176 ], [ 18.77311664118999, 60.166491774619068 ], [ 18.778152469111991, 60.15608499218235 ], [ 18.779809929981472, 60.152223236585421 ], [ 18.78244671980065, 60.144783895526388 ], [ 18.787889777397144, 60.137454749255753 ], [ 18.801128830050885, 60.131512146225745 ], [ 18.808020135378761, 60.125275853616969 ], [ 18.805738108231587, 60.122633043143466 ], [ 18.803455860997165, 60.121849380479041 ], [ 18.787992518614502, 60.122455510982149 ], [ 18.781122946228297, 60.122688896922966 ], [ 18.763786562579327, 60.123061630286827 ], [ 18.758764785206683, 60.123511511178663 ], [ 18.754960747863514, 60.126058867469396 ], [ 18.752411990247236, 60.128493545653171 ], [ 18.749780469047195, 60.133924561580905 ], [ 18.754456484866981, 60.153228815247346 ], [ 18.742986854608152, 60.16862047735421 ] ] ], [ [ [ 18.784795703775842, 59.607211440787793 ], [ 18.805804845870671, 59.620694837732906 ], [ 18.824892429589017, 59.633179048285001 ], [ 18.825053126515247, 59.63328643902117 ], [ 18.83379508080434, 59.639081944495786 ], [ 18.847959456591219, 59.647396979795417 ], [ 18.849623943184532, 59.648321243095424 ], [ 18.868810316431304, 59.658665340414032 ], [ 18.903825552058265, 59.674585630914343 ], [ 18.908479613950828, 59.662341694300316 ], [ 18.888082745587347, 59.652777506712162 ], [ 18.886991016734349, 59.652274530321932 ], [ 18.871137347377584, 59.645197240733992 ], [ 18.850602393581891, 59.634603504885753 ], [ 18.848964690258772, 59.633711401258608 ], [ 18.826792034038277, 59.623144735525045 ], [ 18.812532381135728, 59.613717857705815 ], [ 18.803455860997165, 59.603540531571404 ], [ 18.784795703775842, 59.607211440787793 ] ] ], [ [ [ 20.662073947781497, 60.212271049407519 ], [ 20.680647069031565, 60.223104427037931 ], [ 20.703847102391371, 60.212271049407519 ], [ 20.71777148696189, 60.193001586919642 ], [ 20.707118242040007, 60.182301060793336 ], [ 20.705929867038851, 60.181150147319769 ], [ 20.699198365711815, 60.174931100648926 ], [ 20.696622136715835, 60.174005822157909 ], [ 20.687740648910285, 60.178662376445843 ], [ 20.682108693575849, 60.184110073831604 ], [ 20.673684876746307, 60.194211206734408 ], [ 20.662073947781497, 60.212271049407519 ] ] ], [ [ [ 11.46942122355763, 53.987142301109785 ], [ 11.465298256440823, 53.981913022251057 ], [ 11.452597137437095, 53.96801987288427 ], [ 11.440577219896467, 53.96896638455663 ], [ 11.441214473080919, 53.991360859546532 ], [ 11.430644856820415, 53.984239046034027 ], [ 11.423722966552059, 53.969781419160377 ], [ 11.402627681411376, 53.977878310795326 ], [ 11.406890686897819, 53.990717055685451 ], [ 11.426066815757089, 53.99999999987628 ], [ 11.429985629047478, 54.001919824647707 ], [ 11.464221517774973, 54.010294749377223 ], [ 11.472409739743153, 53.99999999987628 ], [ 11.473693439470683, 53.998405182368991 ], [ 11.476021693024062, 53.995512496059398 ], [ 11.46942122355763, 53.987142301109785 ] ] ], [ [ [ 15.751817718572903, 56.075426720904233 ], [ 15.7741001417346, 56.093437048894593 ], [ 15.802309907855713, 56.084432942063934 ], [ 15.812188814884154, 56.070472982215463 ], [ 15.812519428146375, 56.069464514735095 ], [ 15.811124087591967, 56.06698582118257 ], [ 15.805866973174451, 56.063392349431155 ], [ 15.799214517304208, 56.060271408316162 ], [ 15.755769281743607, 56.057407936491565 ], [ 15.751817718572903, 56.075426720904233 ] ] ], [ [ [ 22.511398134704919, 59.952409226849035 ], [ 22.536933449138566, 59.954834805697736 ], [ 22.557820025994346, 59.95119067641884 ], [ 22.555495657654568, 59.9461892516603 ], [ 22.553754673226607, 59.940905572879309 ], [ 22.55317128931479, 59.936632925814344 ], [ 22.554010244823253, 59.924777291826459 ], [ 22.554328017566803, 59.921602783402477 ], [ 22.555484745818813, 59.911124321710503 ], [ 22.553077441418743, 59.905740153343146 ], [ 22.547758239940364, 59.900354995133455 ], [ 22.547639947987125, 59.900358417140779 ], [ 22.543895641423823, 59.905046314835531 ], [ 22.542624550449624, 59.908156272653315 ], [ 22.534067164018804, 59.921235172233423 ], [ 22.523009063669736, 59.932986788488755 ], [ 22.518360326990177, 59.943912602604009 ], [ 22.511398134704919, 59.952409226849035 ] ] ], [ [ [ 21.823482885952924, 58.369168055797225 ], [ 21.856668318024834, 58.369168055797225 ], [ 21.89091182895752, 58.3708254101753 ], [ 21.925133514422058, 58.37745404695621 ], [ 21.934474637819132, 58.367510623294152 ], [ 21.937838315620137, 58.365722594552992 ], [ 21.940702854414983, 58.363372496030905 ], [ 21.941201775130523, 58.362146728370909 ], [ 21.940879636574692, 58.360961957162132 ], [ 21.937759308790898, 58.359803810646717 ], [ 21.928254497976006, 58.35923388180052 ], [ 21.898684167780075, 58.358404940954173 ], [ 21.887790846301883, 58.357575980572832 ], [ 21.853569159939024, 58.35591800167596 ], [ 21.840341868028982, 58.362607990337693 ], [ 21.837867124405594, 58.363785518960064 ], [ 21.823482885952924, 58.369168055797225 ] ] ], [ [ [ 20.750268993680802, 60.2375358183847 ], [ 20.836106933936428, 60.23513102916742 ], [ 20.826831286045461, 60.223104427037931 ], [ 20.815220357080648, 60.224301639482974 ], [ 20.808258163897072, 60.215886339979399 ], [ 20.789706868115143, 60.211062097450878 ], [ 20.768820290361049, 60.221895875758719 ], [ 20.750268993680802, 60.2375358183847 ] ] ], [ [ [ 16.637143371768893, 57.614918817145458 ], [ 16.657713450590514, 57.628328613602768 ], [ 16.662279700367417, 57.641721778103808 ], [ 16.678305482441043, 57.658759392141761 ], [ 16.692004232670076, 57.640496999222513 ], [ 16.6904879303694, 57.62999077867547 ], [ 16.687437981994858, 57.623450777189589 ], [ 16.67757422325705, 57.615181458855986 ], [ 16.674111118123776, 57.612812011870218 ], [ 16.659996575478964, 57.603956207291532 ], [ 16.637143371768893, 57.614918817145458 ] ] ], [ [ [ 23.485618598050344, 59.873891503064108 ], [ 23.491779592815167, 59.88131658241641 ], [ 23.499999999623348, 59.882749405052678 ], [ 23.527529033201937, 59.887547283748134 ], [ 23.563278472690392, 59.887547283748134 ], [ 23.556144953714149, 59.885744608892267 ], [ 23.553303985814043, 59.883767350701937 ], [ 23.552686118273417, 59.881932059220858 ], [ 23.552805065098504, 59.881121883025585 ], [ 23.557982186336602, 59.875854169533774 ], [ 23.563278472690392, 59.873007157854779 ], [ 23.527529033201937, 59.864695649098074 ], [ 23.499999999623348, 59.866495915257076 ], [ 23.495751753457014, 59.866773721699808 ], [ 23.490685284898987, 59.86845869182325 ], [ 23.485618598050344, 59.873891503064108 ] ] ], [ [ [ 18.571073464027354, 59.276510070398977 ], [ 18.575966157086931, 59.277502666987914 ], [ 18.58724633175402, 59.276823702432104 ], [ 18.593083228737381, 59.276219211807387 ], [ 18.603418979393449, 59.274935823943238 ], [ 18.633911871301333, 59.280722538283541 ], [ 18.655689372103076, 59.279560626779158 ], [ 18.66440476320922, 59.270322013088929 ], [ 18.657862731846961, 59.259918300316635 ], [ 18.633911871301333, 59.259918300316635 ], [ 18.59905030777508, 59.26453352492554 ], [ 18.580564019476999, 59.271310955764648 ], [ 18.572904135354968, 59.274935823943238 ], [ 18.571073464027354, 59.276510070398977 ] ] ], [ [ [ 22.479075229036205, 58.096478378770108 ], [ 22.488416352433283, 58.108168059095092 ], [ 22.491537335088918, 58.12985559315608 ], [ 22.49999999956292, 58.132877180103371 ], [ 22.510197756414936, 58.136517938633389 ], [ 22.513318739968884, 58.126518116051791 ], [ 22.525759020553458, 58.114834475652081 ], [ 22.513318739968884, 58.101488712818742 ], [ 22.500856633017854, 58.091479019753578 ], [ 22.49999999956292, 58.091675651300115 ], [ 22.479075229036205, 58.096478378770108 ] ] ], [ [ [ 18.529349133751481, 59.482313229698221 ], [ 18.529349133751481, 59.492648721322055 ], [ 18.544606556219883, 59.493803327534984 ], [ 18.555495306171597, 59.47542883971056 ], [ 18.565487710844607, 59.46521690513336 ], [ 18.566587122988228, 59.46413308093458 ], [ 18.572904135354968, 59.458188587805651 ], [ 18.577044934030162, 59.454135963648334 ], [ 18.5797620718633, 59.451158804360553 ], [ 18.588161557823366, 59.440939509210558 ], [ 18.577272806973337, 59.43749325972383 ], [ 18.555495306171597, 59.459332818894431 ], [ 18.529349133751481, 59.482313229698221 ] ] ], [ [ [ 16.698875561262664, 57.851755681023633 ], [ 16.735449468230676, 57.838428784641984 ], [ 16.753758375192753, 57.826327063469058 ], [ 16.762890875644882, 57.819050143785802 ], [ 16.75604150008121, 57.809356900675517 ], [ 16.726316967778551, 57.822682984766352 ], [ 16.708030014743699, 57.834797536584702 ], [ 16.698875561262664, 57.851755681023633 ] ] ], [ [ [ 23.869134789112366, 59.368505852515774 ], [ 23.871741574302742, 59.368242205359017 ], [ 23.878072149433635, 59.367978556146284 ], [ 23.883258000499662, 59.368193415838213 ], [ 23.892967749370214, 59.370614955757169 ], [ 23.916800708729745, 59.366396617694448 ], [ 23.940633668987598, 59.347407581850177 ], [ 23.912828548986209, 59.34318634837188 ], [ 23.888995588728363, 59.357958362500888 ], [ 23.869134789112366, 59.368505852515774 ] ] ], [ [ [ 24.099619371076965, 58.21317182277209 ], [ 24.107464387199268, 58.223631483994708 ], [ 24.131297346558807, 58.236338007342106 ], [ 24.155130306816655, 58.242689556227461 ], [ 24.159102466560192, 58.227867499244418 ], [ 24.131297346558807, 58.215157930902109 ], [ 24.114883378196399, 58.214242595734682 ], [ 24.112429586878694, 58.214098594129297 ], [ 24.099619371076965, 58.21317182277209 ] ] ], [ [ [ 18.507571632949741, 59.261069258902943 ], [ 18.514091711283086, 59.270322013088929 ], [ 18.542411243447084, 59.271472619000377 ], [ 18.562015384504939, 59.26222017847482 ], [ 18.577272806973337, 59.256441935779215 ], [ 18.555495306171597, 59.251813982046137 ], [ 18.546505501305724, 59.25297102971718 ], [ 18.53705336410583, 59.253835126608926 ], [ 18.529349133751481, 59.254128037972379 ], [ 18.514377102455587, 59.25759882579257 ], [ 18.507571632949741, 59.261069258902943 ] ] ], [ [ [ 18.742821328338955, 59.26453352492554 ], [ 18.747168046928412, 59.27378533544298 ], [ 18.755883438034552, 59.281872791591248 ], [ 18.779856250710782, 59.288808341068048 ], [ 18.808175782874777, 59.285334934749031 ], [ 18.782029610454668, 59.27724830392571 ], [ 18.779856250710782, 59.268009061089913 ], [ 18.768945547730155, 59.26222017847482 ], [ 18.760031920000372, 59.263493933378676 ], [ 18.755504087574909, 59.264043433946938 ], [ 18.745633523200514, 59.264767756852308 ], [ 18.742821328338955, 59.26453352492554 ] ] ], [ [ [ 22.622771389394195, 59.931767521632494 ], [ 22.6320688627533, 59.949983469872883 ], [ 22.641344510644274, 59.964535339995564 ], [ 22.640394684165127, 59.962693823904559 ], [ 22.643582015489333, 59.9549782849761 ], [ 22.645507421350182, 59.952003580038657 ], [ 22.650620158535233, 59.94513142195369 ], [ 22.659895807324517, 59.934206010376208 ], [ 22.643657966249975, 59.919629376072727 ], [ 22.622771389394195, 59.931767521632494 ] ] ], [ [ [ 20.655111755496236, 60.124262506603081 ], [ 20.673684876746307, 60.130300208690137 ], [ 20.692236173426554, 60.118235024305882 ], [ 20.69688491010611, 60.107366896242731 ], [ 20.694571454500405, 60.098910159646508 ], [ 20.662073947781497, 60.109781087537087 ], [ 20.655111755496236, 60.124262506603081 ] ] ], [ [ [ 18.893112426337861, 59.435191709373342 ], [ 18.910543208550145, 59.44324066722848 ], [ 18.921431958501859, 59.450143199297585 ], [ 18.938862740714139, 59.448987094965069 ], [ 18.936689380970257, 59.436336721453216 ], [ 18.925800630120229, 59.417930858102459 ], [ 18.912716567395716, 59.427140829306815 ], [ 18.893112426337861, 59.435191709373342 ] ] ], [ [ [ 16.883366116812713, 58.270894897162961 ], [ 16.883461393030061, 58.270947896259173 ], [ 16.889817262024415, 58.271679874949399 ], [ 16.896234160762543, 58.274151267336912 ], [ 16.899807251127626, 58.280239229977418 ], [ 16.900538071035449, 58.281275322536807 ], [ 16.904905645810853, 58.287118444273148 ], [ 16.908209591035355, 58.290280620558939 ], [ 16.909773531893862, 58.291566040761531 ], [ 16.913458802973317, 58.293442512879594 ], [ 16.914367442594994, 58.292973026628836 ], [ 16.918308028352925, 58.287693490926692 ], [ 16.918671133678973, 58.287222418040166 ], [ 16.922248615009174, 58.282099457011668 ], [ 16.924180489638381, 58.277544573157805 ], [ 16.924664775899625, 58.276242488497147 ], [ 16.926990489915699, 58.269548864969536 ], [ 16.908857208083244, 58.262016367194235 ], [ 16.893863222860119, 58.259923721171525 ], [ 16.889143300982507, 58.266201286706298 ], [ 16.887104074981895, 58.268519634666248 ], [ 16.885090973786383, 58.270180917610965 ], [ 16.883366116812713, 58.270894897162961 ] ] ], [ [ [ 17.63017105912407, 58.837420652795714 ], [ 17.677809341173422, 58.827350324053327 ], [ 17.701628482647251, 58.809720181457365 ], [ 17.649226371764144, 58.819795650511772 ], [ 17.63017105912407, 58.837420652795714 ] ] ], [ [ [ 12.665312319998433, 55.901893584114823 ], [ 12.684627690421687, 55.896912196438379 ], [ 12.710403491043419, 55.883354936453863 ], [ 12.702888295869254, 55.870117535910822 ], [ 12.680342710346761, 55.876736802969035 ], [ 12.672827515172598, 55.884676109510146 ], [ 12.665312319998433, 55.901893584114823 ] ] ], [ [ [ 24.993256058516891, 59.64368001600814 ], [ 24.999999999713978, 59.641904085593701 ], [ 25.017089054707348, 59.637403490850197 ], [ 25.036949898340794, 59.618566846672799 ], [ 25.027681432480527, 59.618101661436299 ], [ 25.019075139070694, 59.617781756391842 ], [ 25.010468846559178, 59.617636354589351 ], [ 25.001200380698908, 59.618566846672799 ], [ 24.999999999713978, 59.622362628125131 ], [ 24.993256058516891, 59.64368001600814 ] ] ], [ [ [ 23.448085833839638, 59.858460649565458 ], [ 23.471918793199169, 59.854303331264006 ], [ 23.483835273328094, 59.837668846954713 ], [ 23.456030153326711, 59.829348475984979 ], [ 23.452057993583171, 59.843907756087788 ], [ 23.448085833839638, 59.858460649565458 ] ] ], [ [ [ 15.562428103602855, 56.075006145388066 ], [ 15.584425135592047, 56.088695849943072 ], [ 15.595118283678849, 56.087074949664469 ], [ 15.606444120610147, 56.086745482389027 ], [ 15.602755995583037, 56.075006145388066 ], [ 15.580758963593848, 56.06326321574894 ], [ 15.562428103602855, 56.075006145388066 ] ] ], [ [ [ 11.505884705119344, 58.128163555047109 ], [ 11.536253125563146, 58.128163555047109 ], [ 11.544932956858766, 58.111997606874901 ], [ 11.510213633472913, 58.109685916956167 ], [ 11.505884705119344, 58.128163555047109 ] ] ], [ [ [ 23.949956022086816, 59.381521207697986 ], [ 23.950467165280109, 59.384378605887761 ], [ 23.952160571337366, 59.387949926429513 ], [ 23.956522308860055, 59.39169875292535 ], [ 23.968438788090666, 59.381158498912981 ], [ 23.988299588604978, 59.364287251287699 ], [ 23.968438788090666, 59.360068123696337 ], [ 23.952550148218201, 59.374832767980187 ], [ 23.951253085152512, 59.376701762365784 ], [ 23.949956022086816, 59.381521207697986 ] ] ], [ [ [ 16.435921021213968, 56.760534176540894 ], [ 16.449641725370228, 56.772669882540931 ], [ 16.465645553516627, 56.764184601844505 ], [ 16.463362428628173, 56.756895021985912 ], [ 16.465645553516627, 56.75082510099886 ], [ 16.456513053064498, 56.742334862542222 ], [ 16.442792349806556, 56.747185001749365 ], [ 16.435921021213968, 56.760534176540894 ] ] ], [ [ [ 16.653147199915288, 57.826327063469058 ], [ 16.653147199915288, 57.834797536584702 ], [ 16.669151028960005, 57.826327063469058 ], [ 16.685154857106401, 57.819050143785802 ], [ 16.692004232670076, 57.809356900675517 ], [ 16.689721107781622, 57.798453230772694 ], [ 16.664584778284784, 57.815416934847534 ], [ 16.653147199915288, 57.826327063469058 ] ] ], [ [ [ 22.894253244769573, 60.026349056810147 ], [ 22.898901981449125, 60.038448014890662 ], [ 22.926750751488481, 60.034813114487228 ], [ 22.926278675128575, 60.033444243281096 ], [ 22.92750306089453, 60.029688586433466 ], [ 22.928828059768929, 60.027440644971009 ], [ 22.931377662699891, 60.023917368323993 ], [ 22.9174751026992, 60.017871457885462 ], [ 22.894253244769573, 60.026349056810147 ] ] ], [ [ [ 20.699181996610708, 60.23034531073916 ], [ 20.715133492501916, 60.230806592185175 ], [ 20.722798452105298, 60.230823643266156 ], [ 20.728716752623075, 60.230815061434882 ], [ 20.73108477100082, 60.230806479154623 ], [ 20.743284975927399, 60.217083816891758 ], [ 20.724733680145466, 60.211062097450878 ], [ 20.699198365711815, 60.230320919908308 ], [ 20.699181996610708, 60.23034531073916 ] ] ], [ [ [ 16.570822978570995, 57.599075085150709 ], [ 16.579561859723501, 57.609552806673591 ], [ 16.589956883916965, 57.60216883509019 ], [ 16.592318162235134, 57.600861675405952 ], [ 16.605135714577784, 57.594204984792562 ], [ 16.605419787921768, 57.592782138360072 ], [ 16.605703861265749, 57.589194405346745 ], [ 16.604972602081759, 57.583876922155255 ], [ 16.602830635762103, 57.579567387291661 ], [ 16.599902089308316, 57.577977222022383 ], [ 16.597269250279759, 57.578737317718456 ], [ 16.592746028906642, 57.582429484970881 ], [ 16.589131885533071, 57.586881084335083 ], [ 16.570822978570995, 57.599075085150709 ] ] ], [ [ [ 25.029005560887416, 60.13787691511628 ], [ 25.052838573247552, 60.146119832051475 ], [ 25.09256025871781, 60.133754678896032 ], [ 25.048866404520865, 60.13169336666423 ], [ 25.029005560887416, 60.13787691511628 ] ] ], [ [ [ 11.183016976890642, 58.848218628208485 ], [ 11.204288056044222, 58.849621769174256 ], [ 11.220241365633987, 58.845412175580556 ], [ 11.201629171262315, 58.827164668323405 ], [ 11.188334747352773, 58.836991447361235 ], [ 11.183016976890642, 58.848218628208485 ] ] ], [ [ [ 17.877890128834963, 58.802161652046813 ], [ 17.882653957668715, 58.822314058764917 ], [ 17.916000755013432, 58.814758283210232 ], [ 17.907336075601709, 58.808318901385249 ], [ 17.9013233342998, 58.80550990150082 ], [ 17.89289157815978, 58.802536134049284 ], [ 17.883215517909015, 58.801878320106823 ], [ 17.877890128834963, 58.802161652046813 ] ] ], [ [ [ 11.666384664045488, 58.123542129047756 ], [ 11.683744324840101, 58.139702820846139 ], [ 11.709761843240168, 58.135094565177802 ], [ 11.696753084489291, 58.121231190636195 ], [ 11.666384664045488, 58.123542129047756 ] ] ], [ [ [ 18.672768904056117, 59.663570884871 ], [ 18.705435154809571, 59.664788543211216 ], [ 18.726444296006086, 59.666017643776193 ], [ 18.724095312030897, 59.658665340414032 ], [ 18.691429060379122, 59.655000072472198 ], [ 18.675095935002396, 59.653770566635728 ], [ 18.672768904056117, 59.663570884871 ] ] ], [ [ [ 16.496492548733094, 56.999351719313374 ], [ 16.496578640574977, 56.999999999884416 ], [ 16.496658734365713, 57.00061129567959 ], [ 16.498214552657423, 57.003934431806819 ], [ 16.499936335596189, 57.006175718338746 ], [ 16.500000000098691, 57.006170482023542 ], [ 16.529682820927757, 57.003728969301406 ], [ 16.534037164417349, 56.999999999884416 ], [ 16.541098446268336, 56.994033126505201 ], [ 16.525094618121937, 56.989203472037097 ], [ 16.51603961263443, 56.992353333403599 ], [ 16.502307054309679, 56.995227733270269 ], [ 16.502241414411866, 56.995234665114019 ], [ 16.500000000098691, 56.995690358184113 ], [ 16.498575022326424, 56.995980061677805 ], [ 16.497019424121962, 56.99761868010247 ], [ 16.496492548733094, 56.999351719313374 ] ] ], [ [ [ 15.668790997608435, 56.078919656817384 ], [ 15.679626402005313, 56.090483794650027 ], [ 15.689424081569136, 56.086745482389027 ], [ 15.6906198685697, 56.086355163527486 ], [ 15.701808498621132, 56.082832769143408 ], [ 15.694454201595821, 56.073055081302627 ], [ 15.679789513603028, 56.06326321574894 ], [ 15.668790997608435, 56.078919656817384 ] ] ], [ [ [ 17.991321929591663, 58.912854551901653 ], [ 17.991321929591663, 58.921789071461099 ], [ 18.000000000189324, 58.926376244406782 ], [ 18.006557399031148, 58.929842038534773 ], [ 18.010926070649518, 58.945942318590269 ], [ 18.019641461755661, 58.9390381649321 ], [ 18.019641461755661, 58.929842038534773 ], [ 18.008752710905632, 58.91832895644044 ], [ 18.000000000189324, 58.916097288507466 ], [ 17.999953240183842, 58.916085366180432 ], [ 17.997280886062562, 58.915325085818147 ], [ 17.991321929591663, 58.912854551901653 ] ] ], [ [ [ 21.975396616239426, 60.086822087942252 ], [ 21.980045352020664, 60.097697017510356 ], [ 22.000000000431022, 60.097697017510356 ], [ 22.010207577665724, 60.097697017510356 ], [ 22.01485631434528, 60.088035631793019 ], [ 22.000000000431022, 60.086926829220261 ], [ 21.998596648700907, 60.086822087942252 ], [ 21.975396616239426, 60.086822087942252 ] ] ], [ [ [ 18.73193257748893, 59.478871210931111 ], [ 18.749341406672301, 59.485766445459767 ], [ 18.777660937937984, 59.485766445459767 ], [ 18.795091720150268, 59.483468190601968 ], [ 18.773314219348524, 59.476572485189834 ], [ 18.73193257748893, 59.478871210931111 ] ] ], [ [ [ 16.749477515690039, 57.979911371570424 ], [ 16.749477515690039, 57.992515737879067 ], [ 16.766535094614166, 57.999711284485215 ], [ 16.773362516250611, 57.988911643747308 ], [ 16.769937828468773, 57.976317560949248 ], [ 16.761881031823293, 57.978296975127734 ], [ 16.759707672079408, 57.978786120447303 ], [ 16.750607004327687, 57.980276279077408 ], [ 16.749477515690039, 57.979911371570424 ] ] ], [ [ [ 25.422250254948171, 60.152300659644609 ], [ 25.426222423674862, 60.162599449175829 ], [ 25.446083267308307, 60.168777168727111 ], [ 25.461971941316747, 60.156420563786 ], [ 25.422250254948171, 60.152300659644609 ] ] ], [ [ [ 25.068727247255993, 59.612285608857029 ], [ 25.104476764897882, 59.614379485736478 ], [ 25.120365439804633, 59.595529878772275 ], [ 25.09256025871781, 59.603908791347308 ], [ 25.068727247255993, 59.612285608857029 ] ] ], [ [ [ 24.901896379025661, 60.121384861827948 ], [ 24.905868538769202, 60.133754678896032 ], [ 24.92970149902705, 60.125508652520196 ], [ 24.92970149902705, 60.111073117020219 ], [ 24.901896379025661, 60.121384861827948 ] ] ], [ [ [ 15.478062241586468, 56.075006145388066 ], [ 15.496393101577461, 56.084783335633439 ], [ 15.500000000038265, 56.084144307802873 ], [ 15.518412086595561, 56.080882103478075 ], [ 15.507391617572052, 56.067177925127957 ], [ 15.500000000038265, 56.069150951130183 ], [ 15.478062241586468, 56.075006145388066 ] ] ], [ [ [ 17.980433178741634, 58.937893120815723 ], [ 17.991321929591663, 58.949388094675768 ], [ 18.000000000189324, 58.964271070479199 ], [ 18.000037320697803, 58.964335061111164 ], [ 18.010926070649518, 58.97353351874488 ], [ 18.013099430393407, 58.964335061111164 ], [ 18.000000000189324, 58.947433812989047 ], [ 17.993495288437234, 58.9390381649321 ], [ 17.980433178741634, 58.937893120815723 ] ] ], [ [ [ 23.153120218510175, 59.907441159930094 ], [ 23.167743005484859, 59.908535888885609 ], [ 23.192819993172343, 59.901966973684935 ], [ 23.184460997875391, 59.895408162170277 ], [ 23.165669625537149, 59.894312999385079 ], [ 23.153120218510175, 59.907441159930094 ] ] ], [ [ [ 16.787017360421814, 58.132656030681176 ], [ 16.804074939345941, 58.141744262032262 ], [ 16.821132518270073, 58.130835771309272 ], [ 16.804074939345941, 58.121744745453491 ], [ 16.787017360421814, 58.132656030681176 ] ] ], [ [ [ 24.764649958914269, 59.585631775560188 ], [ 24.772522037682826, 59.588274556794978 ], [ 24.777729495926383, 59.591313618611842 ], [ 24.786703740174904, 59.597624803390254 ], [ 24.806564539790902, 59.589244318945255 ], [ 24.782731580431367, 59.58086173836768 ], [ 24.764649958914269, 59.585631775560188 ] ] ], [ [ [ 23.360698314091948, 59.868851664022834 ], [ 23.363240496938666, 59.873971180745635 ], [ 23.364173954316698, 59.876123436288061 ], [ 23.365782678887065, 59.881881501959477 ], [ 23.364828269203343, 59.883179182687627 ], [ 23.384972577123012, 59.87723906111804 ], [ 23.400419914222255, 59.868851664022834 ], [ 23.360698314091948, 59.868851664022834 ] ] ], [ [ [ 19.972789100597875, 60.038448014890662 ], [ 19.998452304585264, 60.037243998509844 ], [ 19.99850411402096, 60.037322374385305 ], [ 20.000000000310173, 60.035481526792132 ], [ 20.003099157497665, 60.031644971290071 ], [ 20.003402525755639, 60.031228368944767 ], [ 20.007736982341466, 60.025133235008973 ], [ 20.000000000310173, 60.025133235008973 ], [ 19.984446210154815, 60.025133235008973 ], [ 19.972789100597875, 60.038448014890662 ] ] ], [ [ [ 17.482492382345633, 58.764344205369021 ], [ 17.500000000159112, 58.763185357271219 ], [ 17.520603008524098, 58.761821572232968 ], [ 17.511075351754904, 58.746681913437634 ], [ 17.500000000159112, 58.753526781338763 ], [ 17.482492382345633, 58.764344205369021 ] ] ], [ [ [ 25.203780980370162, 59.572477060852222 ], [ 25.203780980370162, 59.582957580043583 ], [ 25.231586161456988, 59.574573426681525 ], [ 25.231586161456988, 59.564090286960763 ], [ 25.203780980370162, 59.572477060852222 ] ] ], [ [ [ 15.45970942856656, 56.10434191745118 ], [ 15.47072989759007, 56.11998160118489 ], [ 15.489060757581059, 56.114111632180432 ], [ 15.481728413584664, 56.102392345025031 ], [ 15.45970942856656, 56.10434191745118 ] ] ], [ [ [ 17.453909412936358, 58.744157994028342 ], [ 17.482492382345633, 58.729010613524459 ], [ 17.4586732408718, 58.721434441121964 ], [ 17.453909412936358, 58.744157994028342 ] ] ], [ [ [ 16.773482380255601, 58.070897268829704 ], [ 16.775063883177914, 58.080356428620817 ], [ 16.775234020499468, 58.081545146439588 ], [ 16.776765251003532, 58.092647157667521 ], [ 16.793844782956576, 58.094457694870073 ], [ 16.793844782956576, 58.081723573452003 ], [ 16.783603649154436, 58.077627824318093 ], [ 16.778663098348098, 58.075245295832353 ], [ 16.773482380255601, 58.070897268829704 ] ] ], [ [ [ 15.84852123763581, 56.055444289355286 ], [ 15.866852097626799, 56.06326321574894 ], [ 15.877850613621396, 56.04956443624986 ], [ 15.859519753630401, 56.043695375529914 ], [ 15.84852123763581, 56.055444289355286 ] ] ], [ [ [ 16.909867051904829, 58.507047735904507 ], [ 16.909867051904829, 58.517995700275264 ], [ 16.933752052465405, 58.523462544270004 ], [ 16.933752052465405, 58.510701341229982 ], [ 16.909867051904829, 58.507047735904507 ] ] ], [ [ [ 20.573900726452017, 60.141160742912007 ], [ 20.599436040885671, 60.153228815247346 ], [ 20.60862220579455, 60.152150454721344 ], [ 20.617987336667596, 60.152017680326061 ], [ 20.604062952097077, 60.142372279095127 ], [ 20.573900726452017, 60.141160742912007 ] ] ], [ [ [ 16.522811493233487, 57.130605825749804 ], [ 16.531965946714525, 57.13792043879117 ], [ 16.54568664997247, 57.142784377891417 ], [ 16.54796977486092, 57.134257480729531 ], [ 16.543381572055104, 57.128167299093619 ], [ 16.525094618121937, 57.123301431355252 ], [ 16.522811493233487, 57.130605825749804 ] ] ], [ [ [ 18.539732962241558, 60.196619008482436 ], [ 18.563069134384357, 60.190593518893671 ], [ 18.57472624483961, 60.178539209850285 ], [ 18.553717103643095, 60.180948165059583 ], [ 18.539732962241558, 60.196619008482436 ] ] ], [ [ [ 16.947472755723346, 58.208417213097881 ], [ 16.947670333881881, 58.211979824933223 ], [ 16.949053380991629, 58.215542078026978 ], [ 16.963257053580612, 58.210512910817179 ], [ 16.967976975458228, 58.20296781861046 ], [ 16.96404736621475, 58.19374385478384 ], [ 16.953795256796472, 58.197517584856129 ], [ 16.951424318894048, 58.20296781861046 ], [ 16.947472755723346, 58.208417213097881 ] ] ], [ [ [ 16.614718253919268, 57.569170518751008 ], [ 16.631037988110055, 57.567606897971274 ], [ 16.648580950138388, 57.567366820473545 ], [ 16.639426496657347, 57.555162147343637 ], [ 16.621139542724183, 57.560049185698134 ], [ 16.614718253919268, 57.569170518751008 ] ] ], [ [ [ 11.193652516916591, 58.804692956482214 ], [ 11.214923595171856, 58.815930639451544 ], [ 11.217582479953764, 58.803287989060358 ], [ 11.201629171262315, 58.79485698627802 ], [ 11.193652516916591, 58.804692956482214 ] ] ], [ [ [ 23.364670474733799, 59.31784788734155 ], [ 23.384531274349797, 59.307284598295894 ], [ 23.396447754478721, 59.294604303595811 ], [ 23.368642634477332, 59.303058360555433 ], [ 23.364670474733799, 59.31784788734155 ] ] ], [ [ [ 18.668751481798672, 59.442095889600857 ], [ 18.67964023175039, 59.448987094965069 ], [ 18.697071013962674, 59.448987094965069 ], [ 18.714501796174957, 59.446686328777837 ], [ 18.699244373706556, 59.440939509210558 ], [ 18.668751481798672, 59.442095889600857 ] ] ], [ [ [ 18.703613045324929, 59.188156418866143 ], [ 18.712328436431072, 59.193946276826601 ], [ 18.729737264716128, 59.19279304365368 ], [ 18.718848514764417, 59.182365576721004 ], [ 18.705786405068814, 59.176573749359413 ], [ 18.703613045324929, 59.188156418866143 ] ] ], [ [ [ 16.846576190171696, 58.298815024312574 ], [ 16.849021988280004, 58.301338630294389 ], [ 16.850605247408698, 58.302665102663248 ], [ 16.85287673731759, 58.303831632857211 ], [ 16.870219706515904, 58.302577547526901 ], [ 16.872903037151644, 58.301072818528191 ], [ 16.874739855650748, 58.299684504732063 ], [ 16.875586587874622, 58.298282199651368 ], [ 16.87417126968661, 58.297142662351426 ], [ 16.871227355753259, 58.296193329516861 ], [ 16.868462359275043, 58.295083690593557 ], [ 16.86312884763419, 58.29255487453905 ], [ 16.85287673731759, 58.289209478377423 ], [ 16.849715487679344, 58.295888339060802 ], [ 16.846576190171696, 58.298815024312574 ] ] ], [ [ [ 16.666867904071552, 57.777832888172242 ], [ 16.680588607329497, 57.77662434369423 ], [ 16.694309310587442, 57.769337354408222 ], [ 16.687437981994858, 57.755991482288593 ], [ 16.676000403625363, 57.768128524541709 ], [ 16.666867904071552, 57.777832888172242 ] ] ], [ [ [ 11.156428129071562, 58.916905463505863 ], [ 11.175040322544916, 58.916905463505863 ], [ 11.177699207326826, 58.902898858929703 ], [ 11.159087013853467, 58.904299775514431 ], [ 11.156745071771789, 58.915403090429265 ], [ 11.156437885673862, 58.916859213745703 ], [ 11.156428129071562, 58.916905463505863 ] ] ], [ [ [ 16.937154787218329, 58.490758285400176 ], [ 16.961039787778898, 58.497953232642431 ], [ 16.971668393709173, 58.483949902986552 ], [ 16.971480035858708, 58.482332080397107 ], [ 16.97129189719718, 58.481759632405755 ], [ 16.937154787218329, 58.490758285400176 ] ] ], [ [ [ 21.727114793325537, 59.914772870182524 ], [ 21.750336651255161, 59.929340248961225 ], [ 21.747746017773597, 59.92659425285143 ], [ 21.748635388532435, 59.923326454742885 ], [ 21.75019806276639, 59.920540632596129 ], [ 21.75265010686087, 59.917201212255463 ], [ 21.745687914575608, 59.908695533541028 ], [ 21.727114793325537, 59.914772870182524 ] ] ], [ [ [ 18.335481081120182, 59.429442929612932 ], [ 18.348543190815782, 59.43749325972383 ], [ 18.359453893796406, 59.434046658411333 ], [ 18.352911862434151, 59.425983935951713 ], [ 18.337654439965753, 59.419088027640207 ], [ 18.335481081120182, 59.429442929612932 ] ] ], [ [ [ 16.926250669787049, 58.229810542937443 ], [ 16.938010958939206, 58.236058791957682 ], [ 16.944333459114013, 58.240246787799883 ], [ 16.951424318894048, 58.233545756128443 ], [ 16.953795256796472, 58.225179317427184 ], [ 16.938801271573347, 58.224760361771246 ], [ 16.932850656858175, 58.227285542526012 ], [ 16.932500724427452, 58.227431120154968 ], [ 16.926250669787049, 58.229810542937443 ] ] ], [ [ [ 21.78198298088617, 58.322765219530424 ], [ 21.797544245024692, 58.32940291488584 ], [ 21.819325649904659, 58.327743608324113 ], [ 21.806885368421774, 58.317786126552726 ], [ 21.78198298088617, 58.322765219530424 ] ] ], [ [ [ 19.076530791392347, 59.852749914085003 ], [ 19.083533838158409, 59.86126997024526 ], [ 19.097539932588859, 59.867356015428712 ], [ 19.097539932588859, 59.858837523338174 ], [ 19.092863916769073, 59.847883591581891 ], [ 19.085569991022432, 59.85031684208284 ], [ 19.084534461671922, 59.850646631085333 ], [ 19.076530791392347, 59.852749914085003 ] ] ], [ [ [ 25.048866404520865, 60.119322772086285 ], [ 25.096532427444501, 60.115198203784288 ], [ 25.060782909802615, 60.10901037875275 ], [ 25.048866404520865, 60.119322772086285 ] ] ], [ [ [ 21.543806158381319, 59.741812729424623 ], [ 21.557730543850159, 59.754027534562105 ], [ 21.578617120705935, 59.756467666908193 ], [ 21.564692736135417, 59.744253756933539 ], [ 21.543806158381319, 59.741812729424623 ] ] ], [ [ [ 11.498215690520764, 58.280635451530209 ], [ 11.499999999796566, 58.28134543898387 ], [ 11.517838699792849, 58.288442780218759 ], [ 11.532561451292345, 58.283238086573292 ], [ 11.511290372138765, 58.274569637620544 ], [ 11.499999999796566, 58.279807707918344 ], [ 11.498215690520764, 58.280635451530209 ] ] ], [ [ [ 11.164404783417286, 58.872064264245694 ], [ 11.164404783417286, 58.880476435661443 ], [ 11.193652516916591, 58.872064264245694 ], [ 11.183016976890642, 58.865052553298277 ], [ 11.164404783417286, 58.872064264245694 ] ] ], [ [ [ 16.908251521697871, 58.212968909956388 ], [ 16.908645799462594, 58.21386576839965 ], [ 16.910313139105249, 58.215385858753265 ], [ 16.911996504692574, 58.217637353705236 ], [ 16.916415888903678, 58.219429414258748 ], [ 16.918217143100684, 58.219335716115026 ], [ 16.921894510802272, 58.218742910670684 ], [ 16.924619552013276, 58.218056393756783 ], [ 16.929339474789209, 58.210093780919799 ], [ 16.923038927643312, 58.201290913111684 ], [ 16.914864680766009, 58.20772979733087 ], [ 16.911206192956751, 58.210093780919799 ], [ 16.908251521697871, 58.212968909956388 ] ] ], [ [ [ 18.67974999779327, 59.528653775383319 ], [ 18.705435154809571, 59.531110406842508 ], [ 18.7217682801863, 59.531110406842508 ], [ 18.707762185755854, 59.524962723813424 ], [ 18.686753044559335, 59.522505642780338 ], [ 18.67974999779327, 59.528653775383319 ] ] ], [ [ [ 18.403008895399893, 59.397210807081827 ], [ 18.426959755945518, 59.393760088449127 ], [ 18.431328427563891, 59.381088991598503 ], [ 18.411724286506033, 59.388004246817445 ], [ 18.403008895399893, 59.397210807081827 ] ] ], [ [ [ 18.533695852340941, 59.017421519050025 ], [ 18.548953274809342, 59.020910615025869 ], [ 18.564210697277737, 59.026728886934904 ], [ 18.564210697277737, 59.018580687529131 ], [ 18.544606556219883, 59.011589955696266 ], [ 18.533695852340941, 59.017421519050025 ] ] ], [ [ [ 18.801128830050885, 59.679477356426069 ], [ 18.826792034038277, 59.690486858465604 ], [ 18.826792034038277, 59.68069443508017 ], [ 18.812785939607828, 59.674585630914343 ], [ 18.801128830050885, 59.679477356426069 ] ] ], [ [ [ 18.666578122054787, 59.14757650864599 ], [ 18.677466872904819, 59.15686017563543 ], [ 18.677279392708392, 59.15724522953257 ], [ 18.68500184448996, 59.158938740437605 ], [ 18.692724295373218, 59.159180697245574 ], [ 18.692724295373218, 59.152218658079995 ], [ 18.677466872904819, 59.146421705047636 ], [ 18.666578122054787, 59.14757650864599 ] ] ], [ [ [ 18.943209459303599, 59.396064466624374 ], [ 18.943209459303599, 59.406426433403205 ], [ 18.965008913134255, 59.400672750393703 ], [ 18.963833541246839, 59.39635813094015 ], [ 18.962813600361457, 59.392613630860104 ], [ 18.96263029194121, 59.392645940673191 ], [ 18.943209459303599, 59.396064466624374 ] ] ], [ [ [ 20.017034454802261, 60.003331729984268 ], [ 20.026082686094213, 60.006579340837085 ], [ 20.026618055054087, 60.006767731800622 ], [ 20.036123739031435, 60.009826517935032 ], [ 20.036201436116986, 60.009796619225092 ], [ 20.035585751482504, 60.00939167690737 ], [ 20.035099053244721, 60.008908513880634 ], [ 20.048110059580438, 60.007212384651105 ], [ 20.061121065916154, 60.006970105672615 ], [ 20.044861400271785, 60.000909713944999 ], [ 20.017034454802261, 60.003331729984268 ] ] ], [ [ [ 18.888765707748405, 59.307284598295894 ], [ 18.897481097956231, 59.316513148008156 ], [ 18.910543208550145, 59.321132283107211 ], [ 18.921431958501859, 59.317673794248392 ], [ 18.906196489062374, 59.310744147741701 ], [ 18.888765707748405, 59.307284598295894 ] ] ], [ [ [ 11.169722552981101, 58.772364259717449 ], [ 11.17238143776301, 58.785018217661325 ], [ 11.188334747352773, 58.777988812460571 ], [ 11.188334747352773, 58.769551640312159 ], [ 11.169722552981101, 58.772364259717449 ] ] ], [ [ [ 18.78011968885437, 59.532332888486671 ], [ 18.78244671980065, 59.539712966837484 ], [ 18.789685982163938, 59.54103498292622 ], [ 18.798801798206291, 59.54216878953887 ], [ 18.81513492358302, 59.54216878953887 ], [ 18.801128830050885, 59.536023130376648 ], [ 18.78011968885437, 59.532332888486671 ] ] ], [ [ [ 11.766963245749499, 58.151882766952383 ], [ 11.783529416568809, 58.165089988694461 ], [ 11.809546934968877, 58.160473372288223 ], [ 11.787719468074403, 58.156988710955872 ], [ 11.779555373058123, 58.15549176485829 ], [ 11.766963245749499, 58.151882766952383 ] ] ], [ [ [ 22.600444357692123, 58.169845873776644 ], [ 22.634687868624805, 58.16652381556861 ], [ 22.612906464643153, 58.15818815787582 ], [ 22.600444357692123, 58.169845873776644 ] ] ], [ [ [ 18.516287024055888, 59.02789944641863 ], [ 18.525002415162028, 59.036045430554715 ], [ 18.542411243447084, 59.030228740028299 ], [ 18.529349133751481, 59.023240383692858 ], [ 18.516287024055888, 59.02789944641863 ] ] ], [ [ [ 25.342806883109336, 60.148180237440748 ], [ 25.342806883109336, 60.158480321597189 ], [ 25.374584232024535, 60.148180237440748 ], [ 25.342806883109336, 60.148180237440748 ] ] ], [ [ [ 18.752107499993475, 59.669681703537847 ], [ 18.763786562579327, 59.674585630914343 ], [ 18.775443673034584, 59.667235212954104 ], [ 18.75911054675954, 59.661123946793452 ], [ 18.752107499993475, 59.669681703537847 ] ] ], [ [ [ 18.389946785704293, 59.377636626241532 ], [ 18.409550926762147, 59.378783592147506 ], [ 18.422613036457747, 59.371878037215573 ], [ 18.405182255143778, 59.369572009403583 ], [ 18.389946785704293, 59.377636626241532 ] ] ], [ [ [ 12.530346445712311, 56.437154181323841 ], [ 12.535400524705942, 56.437350908921935 ], [ 12.552364649196118, 56.425533862913689 ], [ 12.543509024785918, 56.421470539715166 ], [ 12.534016146292945, 56.425533862913689 ], [ 12.530346445712311, 56.437154181323841 ] ] ], [ [ [ 16.593698135309978, 57.061120582340074 ], [ 16.600547510873653, 57.067221831979197 ], [ 16.623422667612637, 57.068448973277484 ], [ 16.611985089243142, 57.058677462690945 ], [ 16.593698135309978, 57.061120582340074 ] ] ], [ [ [ 19.025182430388654, 59.58636592192429 ], [ 19.025182430388654, 59.593722613142376 ], [ 19.043864540638893, 59.594954326929511 ], [ 19.043864540638893, 59.58636592192429 ], [ 19.025182430388654, 59.58636592192429 ] ] ], [ [ [ 18.130724277638851, 59.04070275241093 ], [ 18.141613027590566, 59.050003798313085 ], [ 18.154697091213396, 59.047675849163404 ], [ 18.143786387334455, 59.038374170408289 ], [ 18.130724277638851, 59.04070275241093 ] ] ], [ [ [ 19.083533838158409, 59.768665645788701 ], [ 19.083533838158409, 59.775993736556444 ], [ 19.099866964433453, 59.777207295868031 ], [ 19.099866964433453, 59.767451775323465 ], [ 19.083533838158409, 59.768665645788701 ] ] ], [ [ [ 18.91925859875797, 59.298041921636013 ], [ 18.936689380970257, 59.296892216593982 ], [ 18.936689380970257, 59.288808341068048 ], [ 18.923605318245745, 59.287646706493462 ], [ 18.91925859875797, 59.298041921636013 ] ] ], [ [ [ 21.047383066556154, 60.145550820445273 ], [ 21.053074822739053, 60.142472030698755 ], [ 21.055283518612956, 60.141622264090195 ], [ 21.063502179096222, 60.138748859915118 ], [ 21.063502179096222, 60.126686783094968 ], [ 21.049577794525703, 60.137548513932231 ], [ 21.047383066556154, 60.145550820445273 ] ] ], [ [ [ 18.497714679848531, 60.191791922377021 ], [ 18.500000000219536, 60.191202082131063 ], [ 18.516374836171536, 60.186975430985868 ], [ 18.525726867811112, 60.179749364383731 ], [ 18.502368742639405, 60.183368251265811 ], [ 18.500000000219536, 60.187655852967232 ], [ 18.497714679848531, 60.191791922377021 ] ] ], [ [ [ 18.633911871301333, 59.082566786044929 ], [ 18.642627262407476, 59.094181405177608 ], [ 18.655689372103076, 59.094181405177608 ], [ 18.651320700484707, 59.086049249238677 ], [ 18.633911871301333, 59.082566786044929 ] ] ], [ [ [ 23.527529033201937, 59.804374846302572 ], [ 23.538714591913418, 59.800543896099313 ], [ 23.543417672176083, 59.799429922435579 ], [ 23.559306312048548, 59.796046129493597 ], [ 23.539445512432547, 59.791880988316379 ], [ 23.527529033201937, 59.804374846302572 ] ] ], [ [ [ 16.470211804191848, 57.000064396695535 ], [ 16.470572874833774, 56.999999999884416 ], [ 16.48393250744979, 56.997649178139596 ], [ 16.486237585367157, 56.986799964879246 ], [ 16.472516882109211, 56.989203472037097 ], [ 16.470225290599206, 56.999999999884416 ], [ 16.470211804191848, 57.000064396695535 ] ] ], [ [ [ 19.111546027019308, 59.784522059570278 ], [ 19.111546027019308, 59.793059638886952 ], [ 19.130206183342313, 59.79672119942002 ], [ 19.127879152396037, 59.790622189028468 ], [ 19.120655695890171, 59.787503251297274 ], [ 19.119712589707671, 59.787112977312667 ], [ 19.111822636261593, 59.784384021430228 ], [ 19.111546027019308, 59.784522059570278 ] ] ], [ [ [ 16.550252899749378, 57.031827585221563 ], [ 16.550252899749378, 57.040378158011507 ], [ 16.568539853682541, 57.035489015941543 ], [ 16.563973603905637, 57.028165791802564 ], [ 16.550252899749378, 57.031827585221563 ] ] ], [ [ [ 18.831468049858064, 59.508982714883281 ], [ 18.847801175234789, 59.508982714883281 ], [ 18.859480237820641, 59.504066036137793 ], [ 18.838471096624129, 59.501607427156799 ], [ 18.831468049858064, 59.508982714883281 ] ] ], [ [ [ 22.373769339506314, 59.782473172334171 ], [ 22.38420171564929, 59.789065789749209 ], [ 22.394655917260412, 59.787967110643521 ], [ 22.394655917260412, 59.780275342580637 ], [ 22.373769339506314, 59.782473172334171 ] ] ], [ [ [ 16.573106103459448, 57.067221831979197 ], [ 16.573106103459448, 57.075764226758764 ], [ 16.586826807615704, 57.079421310313251 ], [ 16.591415010421525, 57.073322074767077 ], [ 16.573106103459448, 57.067221831979197 ] ] ], [ [ [ 18.834300002265977, 59.292269776859037 ], [ 18.840842034526549, 59.300352827300621 ], [ 18.858272815840518, 59.299203200624518 ], [ 18.847384065888807, 59.292269776859037 ], [ 18.834300002265977, 59.292269776859037 ] ] ], [ [ [ 18.888765707748405, 59.328059804636503 ], [ 18.899654457700116, 59.334974309053415 ], [ 18.917085239912403, 59.337282696402205 ], [ 18.910543208550145, 59.330368663910015 ], [ 18.888765707748405, 59.328059804636503 ] ] ], [ [ [ 22.505396245051639, 59.849402966239744 ], [ 22.507491450467494, 59.855982311213999 ], [ 22.506073912542416, 59.856065801064304 ], [ 22.515847608884776, 59.857073031010948 ], [ 22.518273681786081, 59.857264674364778 ], [ 22.530473232739126, 59.858163715382183 ], [ 22.52211423654386, 59.852692801885482 ], [ 22.505396245051639, 59.849402966239744 ] ] ], [ [ [ 22.637044975166795, 59.868029636569922 ], [ 22.653741142089189, 59.873509434941802 ], [ 22.668385753633697, 59.871317624505764 ], [ 22.653741142089189, 59.866933567798974 ], [ 22.637044975166795, 59.868029636569922 ] ] ], [ [ [ 18.23091834357033, 58.926394303234098 ], [ 18.241829046550958, 58.93328942784747 ], [ 18.241829046550958, 58.921789071461099 ], [ 18.23963373377816, 58.916037451022007 ], [ 18.23091834357033, 58.926394303234098 ] ] ], [ [ [ 20.95212892530526, 60.014234285628319 ], [ 20.966053309875779, 60.013029383710666 ], [ 20.966147376062445, 60.012620389361722 ], [ 20.966241660539715, 60.011534221161007 ], [ 20.965050885240125, 60.007794256078746 ], [ 20.956777661984816, 60.003331729984268 ], [ 20.95212892530526, 60.014234285628319 ] ] ], [ [ [ 19.067200712781684, 59.791846657951922 ], [ 19.069374291714499, 59.792244085914099 ], [ 19.075461454844433, 59.792641508672354 ], [ 19.090536885822793, 59.790622189028468 ], [ 19.083533838158409, 59.784522059570278 ], [ 19.067200712781684, 59.791846657951922 ] ] ], [ [ [ 20.861642248370078, 60.021496864471167 ], [ 20.875544808370769, 60.025133235008973 ], [ 20.875544808370769, 60.019076182743561 ], [ 20.870917896261044, 60.013029383710666 ], [ 20.861642248370078, 60.021496864471167 ] ] ], [ [ [ 11.354196423223067, 58.207718619604982 ], [ 11.36401891515335, 58.218137873282423 ], [ 11.378741666652846, 58.214669010216355 ], [ 11.354196423223067, 58.207718619604982 ] ] ], [ [ [ 16.632555168064762, 57.869899671054213 ], [ 16.650864075026842, 57.868694221016 ], [ 16.6417096215458, 57.859014378498429 ], [ 16.632555168064762, 57.869899671054213 ] ] ], [ [ [ 22.476150671102278, 59.815400320316215 ], [ 22.490773458076962, 59.821986409241319 ], [ 22.492868663492814, 59.813216103327377 ], [ 22.476150671102278, 59.815400320316215 ] ] ], [ [ [ 20.812906900576632, 60.05902306905584 ], [ 20.812906900576632, 60.069907199072894 ], [ 20.824496004971614, 60.057808453663924 ], [ 20.812906900576632, 60.05902306905584 ] ] ], [ [ [ 22.563909216621877, 59.861452682029999 ], [ 22.576436798180705, 59.864741322418624 ], [ 22.58479579347766, 59.858163715382183 ], [ 22.563909216621877, 59.861452682029999 ] ] ], [ [ [ 16.669151028960005, 57.880793246767858 ], [ 16.685154857106401, 57.875949491033637 ], [ 16.671434153848459, 57.873538957317159 ], [ 16.669151028960005, 57.880793246767858 ] ] ], [ [ [ 24.758898620173522, 59.587148870326949 ], [ 24.764649958914269, 59.585631775560188 ], [ 24.762772349714744, 59.585001359829498 ], [ 24.758898620173522, 59.587148870326949 ] ] ], [ [ [ 16.613495025183401, 57.569287630056508 ], [ 16.614268214131595, 57.569809599677072 ], [ 16.614718253919268, 57.569170518751008 ], [ 16.613495025183401, 57.569287630056508 ] ] ] ] } },
{ "type": "Feature", "properties": { "OBJECTID": null, "YEAR": null, "OWNER_ID": null, "SHORT_NAME": null, "LONG_NAME": null, "VARIANTS": null, "SHAPE_LENG": null, "Shape__Are": null, "Shape__Len": null }, "geometry": { "type": "MultiPolygon", "coordinates": [ [ [ [ 11.565253484898891, 57.8910349964057 ], [ 11.574416655312195, 57.891723815901962 ], [ 11.57623679005909, 57.899367341760922 ], [ 11.615310252885076, 57.901788127470354 ], [ 11.625649086829018, 57.899472883916424 ], [ 11.636723902694662, 57.905310669523239 ], [ 11.653028253730387, 57.907101189534352 ], [ 11.663161763624728, 57.904387379811475 ], [ 11.66736667924719, 57.902543185737564 ], [ 11.661258741029327, 57.899433640676158 ], [ 11.666249262282813, 57.898475650320677 ], [ 11.663300550341422, 57.895127728309383 ], [ 11.661151742601152, 57.892964386972899 ], [ 11.661052485328337, 57.890775579354674 ], [ 11.653191971945789, 57.890076585538218 ], [ 11.654347776905187, 57.886777245048599 ], [ 11.651596343854045, 57.883625752379935 ], [ 11.641160202604507, 57.879473732422653 ], [ 11.646689367828721, 57.878111656398751 ], [ 11.644515771649496, 57.875351108347338 ], [ 11.626271984259652, 57.867311956040929 ], [ 11.603394475916701, 57.853632140195387 ], [ 11.576628064761982, 57.854746937233593 ], [ 11.557246027602764, 57.854376918760551 ], [ 11.546655469360706, 57.850518187073739 ], [ 11.538303394194196, 57.855591719064506 ], [ 11.547937242513155, 57.863244845275872 ], [ 11.553251015580985, 57.865572247425732 ], [ 11.54783369619555, 57.869616812631975 ], [ 11.555983376048946, 57.877286621391924 ], [ 11.574379762250732, 57.880455800884995 ], [ 11.551621427867618, 57.888685308239808 ], [ 11.56035198840315, 57.892366430504048 ], [ 11.565253484898891, 57.8910349964057 ] ] ] ] } }
]
}
